 121.0104167   291.025    64.561   -98.591   294.137    24.964     0.368    88.703   451.710   299.793    34.147    57.226     1.432    21.647   355.799     0.000     0.310    -3.230
 121.0312500   216.357    52.164   -54.153   198.760    23.835     0.221    72.432   444.902   298.635    20.674    36.592     1.238    14.681   251.283     0.000     0.278    -1.088
 121.0520833   133.417   -40.027  -109.265   282.749    21.176     0.436    54.546   442.299   298.309     0.489    20.020     3.041    16.490   237.679     0.000     0.318    -0.528
 121.0729167    47.570   -36.832  -110.731   210.844    15.696     0.503    35.406   438.164   297.550   -14.990     4.877     2.868    16.999   169.514     0.000     0.327    -0.721
 121.0937500   -27.734   -25.233   -99.567   120.016     8.659     0.593    18.348   436.252   297.000   -22.595    -4.579     1.632    16.385    87.783     0.000     0.336    -0.354
 121.1145833   -82.931   -31.038   -70.796    48.405     2.560     0.527     5.072   432.570   296.116   -28.538   -12.110     1.090    15.338    15.679     0.000     0.335    -0.964
 121.1354167   -98.904   -39.502   -71.392    43.806     0.269     0.490     0.495   427.172   295.226   -30.752   -14.870     1.132    14.749     2.954     0.000     0.332    -1.064
 121.1562500   -97.000   -28.153   -64.456    27.719    -0.000     0.505     0.000   422.301   294.100   -30.992   -15.143     1.361    14.488     2.649     0.000     0.334    -1.119
 121.1770833   -94.096   -22.996   -40.432     7.073    -0.000     0.543     0.000   413.867   292.062   -35.655   -19.000     3.237    13.417     2.204     0.000     0.340    -2.087
 121.1979167   -91.615   -35.373   -30.280    19.804     0.000     0.545     0.000   402.826   290.120   -43.642   -25.054     6.182    12.406     1.733     0.000     0.342    -2.123
 121.2187500   -88.801   -22.689   -39.864    20.464    -0.000     0.407     0.000   395.429   289.123   -45.577   -27.214     6.985    11.377     1.485     0.000     0.331    -1.135
 121.2395833   -89.098   -17.302   -49.335    22.878    -0.000     0.525     0.000   392.212   288.728   -44.913   -26.673     7.258    10.983     1.443     0.000     0.339    -0.426
 121.2604167   -87.744   -16.615   -49.815    21.417    -0.000     0.536     0.000   390.673   288.265   -42.242   -24.959     6.627    10.656     1.464     0.000     0.339    -0.489
 121.2812500   -86.521   -21.490   -40.332    20.532    -0.000     0.487     0.000   385.999   287.435   -44.273   -26.557     7.365    10.351     1.357     0.000     0.338    -0.957
 121.3020833   -90.698   -13.108   -50.979    17.525     0.000     0.531     0.000   383.806   287.011   -43.691   -26.360     7.209    10.122     1.354     0.000     0.339    -0.445
 121.3229167   -89.070   -14.847   -32.246     5.522     0.000     0.521     0.000   378.965   285.710   -46.107   -28.274     8.249     9.585     1.177     0.000     0.341    -1.393
 121.3437500   -84.299   -17.113   -17.377     0.796    -0.000     0.249     0.000   369.677   283.174   -47.918   -32.829     7.095     7.994     0.833     0.000     0.303    -2.687
 121.3645833   -79.577   -13.621   -18.281     0.692     0.000     0.104     0.000   357.195   281.613   -46.748   -39.397     2.350     5.001     0.475     0.000     0.261    -1.619
 121.3854167   -81.373    -4.986   -35.291     5.910     0.000     0.177     0.000   355.536   281.983   -47.250   -40.041     2.962     4.248     0.392     0.000     0.265     0.244
 121.4062500   -90.569   -18.653   -50.383    29.928    -0.000     0.477     0.000   362.076   282.946   -52.464   -34.483    10.713     7.269     0.662     0.000     0.333     1.003
 121.4270833   -90.448   -14.113   -37.292    13.578    -0.000     0.462     0.000   360.390   282.343   -51.928   -33.497    10.953     7.477     0.696     0.000     0.337    -0.694
 121.4479167   -84.563   -14.785   -24.410     5.386     0.000     0.212     0.000   353.566   280.406   -48.761   -35.958     6.741     6.062     0.528     0.000     0.286    -1.993
 121.4687500   -85.370    -1.914   -57.867    20.847    -0.000     0.347     0.000   353.438   282.183   -48.214   -35.101     7.268     5.845     0.572     0.000     0.301     1.779
 121.4895833   -90.352    -9.610   -43.988    12.502    -0.000     0.552     0.000   357.056   281.887   -48.958   -31.412    10.364     7.181     0.744     0.000     0.341    -0.299
 121.5104167   -91.522    -3.869   -48.687     9.160    -0.000     0.590     0.000   356.078   281.738   -47.938   -30.838    10.131     6.969     0.731     0.000     0.342    -0.189
 121.5312500   -92.277    -5.996   -47.970     9.374     0.119     0.499     0.205   354.552   281.402   -47.240   -30.705     9.777     6.757     0.761     0.000     0.337    -0.445
 121.5520833   -77.485    -9.054   -27.392     4.103     1.531     0.185     2.953   347.542   279.614   -43.306   -32.874     5.157     5.275     3.338     0.000     0.277    -1.836
 121.5729167   -37.204    21.908   -40.718    14.455     6.393     0.181    14.028   348.328   280.831   -34.204   -27.104     3.072     4.028    18.727     0.000     0.263     1.355
 121.5937500    23.606    41.647   -26.546    23.348    11.707     0.155    29.893   356.675   282.635   -17.227   -10.701     2.850     3.676    39.315     0.000     0.268     2.384
 121.6145833    96.854    21.786   -13.412    87.943    15.494     0.385    48.288   367.884   284.402    -1.589    10.546     6.145     5.990    80.526     0.000     0.348     2.125
 121.6354167   180.596    29.787     7.715   120.337    18.443     0.385    67.292   377.686   286.101    20.679    32.392     4.881     6.832   116.749     0.000     0.372     2.078
 121.6562500   263.586    11.567    26.845   182.683    20.994     0.334    85.494   387.735   287.646    40.655    53.383     4.340     8.389   161.525     0.000     0.409     1.836
 121.6770833   346.023    14.417    40.249   231.124    23.116     0.278   103.005   397.107   289.162    58.321    72.834     4.128    10.385   211.372     0.000     0.382     1.912
 121.6979167   423.808    20.517    61.020   267.373    24.836     0.249   119.295   405.455   290.496    73.255    89.616     4.269    12.093   255.042     0.000     0.372     1.643
 121.7187500   499.228    17.235    80.005   315.531    26.246     0.305   135.037   412.891   291.644    85.034   104.759     5.408    14.318   300.650     0.000     0.393     1.424
 121.7395833   581.941    28.802   110.217   343.507    27.385     0.293   151.282   420.458   292.712    97.939   120.665     6.432    16.293   339.539     0.000     0.389     1.476
 121.7604167   581.991    25.483   112.448   351.418    27.577     0.265   148.378   425.400   293.447    92.068   117.269     7.462    17.740   347.666     0.000     0.388     0.575
 121.7812500   483.190    15.417    60.225   340.392    26.678     0.233   123.809   426.016   294.048    66.655    93.108     7.832    18.621   327.565     0.000     0.389     0.502
 121.8020833   517.554    12.992    63.772   361.734    27.201     0.182   131.260   431.126   294.810    78.401   103.701     6.553    18.746   344.099     0.000     0.365     0.655
 121.8229167   392.886     4.400    -9.635   348.702    25.930     0.229   103.541   430.478   295.312    49.709    75.976     6.487    19.780   325.096     0.000     0.401    -0.290
 121.8437500   360.166    14.787   -23.111   322.290    25.319     0.249    91.866   431.472   295.682    45.709    68.977     4.793    18.475   312.451     0.000     0.370     0.491
 121.8645833   369.704     8.766   -18.599   331.003    25.316     0.284    91.346   432.939   295.832    48.357    70.755     4.093    18.306   319.081     0.000     0.362     0.176
 121.8854167   338.579    19.090   -26.052   304.918    24.886     0.361    84.184   432.195   295.776    40.759    62.792     4.222    17.811   306.870     0.000     0.348    -0.135
 121.9062500   309.431    21.426   -27.495   280.726    24.432     0.408    77.866   431.705   295.467    35.209    56.349     4.198    16.941   289.782     0.000     0.346    -0.435
 121.9270833   199.527    16.046   -35.631   208.995    21.368     0.401    53.541   427.135   294.952    10.708    30.695     4.688    15.299   217.719     0.000     0.339    -0.591
 121.9479167   269.058     7.949   -28.132   259.910    23.735     0.590    69.571   428.114   294.876    29.285    47.948     4.196    14.467   255.330     0.000     0.348     0.046
 121.9687500   201.987    -7.956   -27.716   226.879    21.725     0.677    55.294   424.707   294.143    11.669    31.090     5.210    14.211   215.930     0.000     0.348    -0.889
 121.9895833   152.457   -10.686   -31.739   194.757    19.452     0.720    44.487   421.059   293.655     0.679    19.980     5.752    13.548   178.073     0.000     0.348    -0.555
 122.0104167   131.888   -11.007   -37.370   181.527    18.093     0.711    40.056   419.301   293.352    -0.911    16.944     4.955    12.901   162.318     0.000     0.347    -0.351
 122.0312500    66.622   -10.305   -25.769   115.563    12.518     0.645    25.126   416.631   292.760   -12.254     4.353     4.565    12.043   102.441     0.000     0.347    -0.613
 122.0520833    38.641   -13.340   -23.822    92.378     9.830     0.638    19.154   413.476   292.289   -16.061    -0.429     4.352    11.281    75.166     0.000     0.347    -0.514
 122.0729167     1.485   -12.053   -19.831    54.044     5.395     0.723    10.216   412.003   291.945   -20.353    -5.539     3.899    10.915    36.657     0.000     0.348    -0.322
 122.0937500   -21.910   -12.629    -8.156    23.028     2.326     0.712     4.237   409.207   291.286   -23.438    -9.424     3.725    10.289    10.401     0.000     0.349    -0.715
 122.1145833   -33.995   -12.037    -7.402    12.006     0.759     0.607     1.278   405.169   290.548   -25.698   -12.364     3.877     9.457     1.895     0.000     0.348    -0.863
 122.1354167   -38.093   -10.473   -11.149    11.254     0.083     0.530     0.141   401.254   289.922   -27.002   -13.911     4.228     8.863     1.381     0.000     0.347    -0.724
 122.1562500   -32.459    -3.071    -6.790     2.619     0.000     0.181     0.000   397.015   289.067   -24.361   -14.503     2.678     7.179     1.196     0.000     0.299    -0.855
 122.1770833   -30.789    -5.295   -11.915    11.478    -0.000     0.381     0.000   396.695   289.200   -25.151   -13.467     4.078     7.606     1.172     0.000     0.340     0.094
 122.1979167   -32.912    -2.058   -10.114     4.916    -0.000     0.409     0.000   395.036   288.834   -25.246   -13.547     4.308     7.391     1.105     0.000     0.344    -0.411
 122.2187500   -29.152     0.230    -2.856    -1.057    -0.000     0.380     0.000   392.970   288.301   -24.958   -13.604     4.518     6.836     0.979     0.000     0.346    -0.511
 122.2395833   -24.145     0.210     5.605    -2.868     0.000     0.570     0.000   389.993   287.697   -26.458   -14.710     5.564     6.185     0.781     0.000     0.350    -0.634
 122.2604167   -21.973    -0.775     1.356     3.573     0.000     0.518     0.000   388.331   287.472   -25.891   -14.568     5.653     5.669     0.683     0.000     0.350    -0.236
 122.2812500   -17.665     1.196     7.383    -0.913    -0.000     0.532     0.000   387.225   287.118   -24.994   -14.021     5.660     5.313     0.620     0.000     0.351    -0.338
 122.3020833   -13.492     3.585     5.392     4.300    -0.000     0.382     0.000   384.259   286.613   -26.149   -15.319     6.232     4.598     0.391    10.634     0.352    -0.621
 122.3229167   -13.551    -2.081     1.020    13.661     0.000     0.398     0.000   382.974   286.475   -25.979   -15.328     6.330     4.321     0.330     9.143     0.351    -0.172
 122.3437500   -14.439     1.157    -2.614    11.784    -0.000     0.396     0.000   382.585   286.469   -24.738   -14.693     5.995     4.050     0.314     8.651     0.349    -0.028
 122.3645833   -15.184     0.999    -3.717    11.016    -0.000     0.380     0.000   382.433   286.453   -23.467   -14.029     5.619     3.819     0.303     8.147     0.348    -0.016
 122.3854167   -14.046     0.529    -2.926    10.816     0.000     0.355     0.000   382.249   286.437   -22.420   -13.408     5.373     3.639     0.291     7.586     0.348    -0.046
 122.4062500   -21.987    -0.863   -10.600    11.949    -0.000     0.380     0.000   381.798   286.422   -22.377   -13.796     5.083     3.498     0.281     7.474     0.344    -0.096
 122.4270833   -27.164    -7.032   -13.414    16.340    -0.000     0.427     0.000   380.923   286.297   -22.881   -14.338     5.096     3.447     0.273     7.641     0.344    -0.177
 122.4479167   -29.676    -6.750   -18.827    19.080     0.000     0.545     0.000   380.341   286.219   -23.077   -14.397     5.095     3.585     0.309     9.762     0.346    -0.103
 122.4687500   -26.437     5.212   -16.667     7.015     0.000     0.505     0.000   380.060   286.202   -22.033   -13.684     4.934     3.415     0.290     8.826     0.346     0.036
 122.4895833   -15.259     7.441    -8.669     4.854     0.000     0.441     0.000   381.026   286.292   -19.039   -11.466     4.498     3.075     0.265     7.609     0.347     0.155
 122.5104167   -17.499    -0.695    -8.393    10.443    -0.000     0.403     0.000   380.907   286.265   -18.824   -11.518     4.345     2.960     0.252     6.918     0.346    -0.030
 122.5312500   -10.816    -0.203    -1.249     8.541     0.026     0.389     0.043   381.043   286.165   -17.860   -10.622     4.315     2.923     0.254     6.916     0.349    -0.045
 122.5520833    -9.129     3.480     2.992     2.940     0.292     0.472     0.506   380.324   286.006   -18.395   -10.890     4.668     2.836     0.249     5.937     0.351    -0.147
 122.5729167    -2.485     6.734     5.321     2.296     1.145     0.558     2.014   380.400   286.050   -16.935    -9.695     4.695     2.545     0.796     5.124     0.351     0.099
 122.5937500     8.588     7.146    10.229     5.106     2.341     0.571     4.044   381.307   286.199   -14.112    -7.208     4.432     2.472     2.490     4.994     0.352     0.220
 122.6145833    20.035     7.019    14.424     9.270     4.025     0.506     6.985   382.433   286.410   -10.990    -4.351     4.155     2.485     5.504     5.054     0.354     0.312
 122.6354167    56.953     8.947    26.237    23.477     9.680     0.488    17.859   384.485   286.770    -2.270     4.045     3.897     2.417    18.060     6.450     0.358     0.562
 122.6562500   136.931     7.720    48.886    63.976    16.979     0.524    40.298   388.165   287.479    15.272    21.906     3.854     2.780    47.280    10.707     0.363     1.078
 122.6770833   273.036   -14.390    84.658   157.594    21.746     0.549    75.862   394.593   288.424    44.011    52.509     4.128     4.371   101.222    22.751     0.370     1.162
 122.6979167   291.580   -30.212    62.640   217.620    22.061     0.548    78.025   397.361   288.874    41.345    53.477     5.041     7.091   137.125    35.729     0.365     0.188
 122.7187500   243.442    -5.324    33.252   189.123    21.087     0.529    65.922   396.945   288.999    26.369    40.759     6.026     8.364   135.587    37.659     0.360     0.023
 122.7395833   312.815     4.181    52.752   212.673    22.578     0.435    82.610   400.421   289.642    41.937    57.414     6.364     9.112   158.382    39.861     0.378     1.272
 122.7604167   611.916     6.397   173.673   329.164    26.740     0.614   149.146   410.533   290.664   100.917   122.083     9.207    11.959   243.351    64.668     0.378     1.765
 122.7812500   713.541     0.724   221.351   382.273    27.688     0.712   171.332   416.254   291.179   108.531   138.555    14.158    15.866   285.881    73.185     0.371     0.663
 122.8020833   645.778    -2.949   229.604   341.030    26.604     0.811   155.566   415.392   290.658    79.288   116.614    18.966    18.360   280.642    46.559     0.363    -1.194
 122.8229167   177.176    -4.488    30.565   176.289    17.923     0.681    48.263   402.567   289.376   -22.926     7.688    15.194    15.419   126.052    49.364     0.353    -2.264
 122.8437500   305.336    -0.029    71.655   217.841    22.012     0.639    76.226   401.385   289.651    14.847    41.225    13.409    12.969   155.023    46.477     0.360     1.022
 122.8645833   523.449     3.829   112.807   337.194    25.998     0.700   128.491   410.653   290.973    68.231    95.657    12.685    14.740   237.259    68.351     0.363     1.388
 122.8854167   397.781    -4.232    58.520   304.954    24.639     0.599   101.099   411.143   291.412    38.232    65.156    11.263    15.661   232.172    45.952     0.361     0.308
 122.9062500   514.576   -15.415   108.374   359.544    26.284     0.691   127.983   415.253   291.827    61.351    91.383    12.456    17.576   289.046    31.290     0.361     0.723
 122.9270833   544.103   -19.970   126.195   379.110    26.594     0.837   137.636   415.861   291.816    58.840    95.099    16.056    20.203   312.531    26.404     0.357    -0.072
 122.9479167   490.494   -19.381   107.475   361.272    25.830     0.861   127.821   413.925   291.461    41.803    80.768    17.563    21.402   305.711    19.924     0.355    -0.674
 122.9687500   323.538   -13.069    40.810   291.101    23.257     0.848    91.370   408.090   290.852     5.781    43.347    16.911    20.655   256.182    10.055     0.352    -1.085
 122.9895833   191.893    -0.269   -14.248   220.922    20.729     0.777    62.528   402.981   290.426   -13.827    17.634    13.351    18.109   207.062     1.794     0.348    -0.685
 123.0104167   169.448     8.574   -24.707   196.608    20.144     0.743    58.120   400.966   290.255   -10.787    16.149    10.899    16.037   191.349     0.458     0.347    -0.241
 123.0312500   132.006     2.307   -34.897   177.890    18.982     0.651    49.703   399.685   290.058   -12.966    10.204     8.875    14.295   168.124     0.723     0.345    -0.328
 123.0520833    94.292   -11.528   -42.635   167.970    17.422     0.687    41.829   397.152   289.657   -19.020     3.083     8.391    13.712   149.040     0.000     0.345    -0.495
 123.0729167    82.160     0.213   -38.934   141.350    16.601     0.667    39.548   395.141   289.188   -19.939     0.771     7.925    12.785   135.336     0.765     0.345    -0.530
 123.0937500    14.035    -7.080   -35.982    89.595    11.538     0.592    23.674   391.545   288.392   -31.565   -11.978     7.855    11.733    81.386     1.634     0.343    -0.932
 123.1145833   -61.593   -17.586   -35.273    35.001     3.752     0.482     6.998   386.447   287.471   -42.644   -24.176     7.820    10.649    19.825     1.130     0.338    -1.091
 123.1354167   -90.852   -18.867   -46.167    20.575     0.397     0.492     0.735   381.934   286.831   -45.581   -27.955     7.693     9.934     1.844     0.133     0.336    -0.812
 123.1562500   -94.029   -11.259   -53.163    14.576     0.002     0.558     0.003   379.434   286.387   -43.693   -27.005     7.285     9.403     1.224     0.003     0.339    -0.489
 123.1770833   -94.756   -12.238   -52.400    13.714     0.000     0.549     0.000   376.407   285.820   -43.171   -26.981     7.297     8.893     1.142     0.277     0.339    -0.661
 123.1979167   -94.676   -13.193   -53.766    15.496     0.000     0.503     0.000   373.813   285.306   -42.593   -26.846     7.196     8.551     1.100     0.351     0.336    -0.620
 123.2187500   -94.863   -13.221   -47.377    10.194    -0.000     0.366     0.000   369.660   284.380   -43.358   -28.244     7.114     8.000     0.982     0.558     0.321    -1.102
 123.2395833   -92.636   -14.132   -39.950     6.938     0.000     0.267     0.000   364.193   283.043   -43.988   -30.605     6.315     7.068     0.810     0.243     0.299    -1.504
 123.2604167   -86.799   -15.150   -31.497     4.561     0.000     0.166     0.000   355.193   281.531   -43.077   -35.482     2.740     4.856     0.569     0.073     0.261    -1.635
 123.2812500   -86.213    -8.081   -40.909     6.439     0.000     0.180     0.000   352.292   281.218   -43.258   -36.626     2.643     3.989     0.497     0.000     0.261    -0.404
 123.3020833   -85.637    -8.379   -39.628     5.905     0.000     0.187     0.000   350.472   280.822   -43.136   -36.615     2.833     3.688     0.464     0.002     0.261    -0.398
 123.3229167   -86.957     6.124   -63.219    11.814     0.000     0.262     0.000   352.629   282.373   -43.284   -33.777     5.037     4.470     0.539     0.000     0.281     1.608
 123.3437500   -92.822    -1.498   -65.836    14.360     0.000     0.419     0.000   359.718   282.899   -40.553   -26.773     7.307     6.473     0.799     0.000     0.324     0.705
 123.3645833   -92.220    -4.054   -54.333     6.096    -0.000     0.418     0.000   359.229   282.549   -39.541   -26.025     7.057     6.460     0.793     0.000     0.328    -0.387
 123.3854167   -90.317    -5.722   -49.563     5.579    -0.000     0.346     0.000   356.820   282.015   -39.984   -26.914     6.956     6.114     0.718     0.000     0.317    -0.627
 123.4062500   -85.930   -13.174   -34.197     3.252     0.000     0.229     0.000   351.929   280.276   -39.917   -29.314     5.323     5.280     0.583     0.009     0.289    -1.895
 123.4270833   -75.092   -16.028   -17.634     1.692     0.000     0.074     0.000   340.407   278.343   -41.216   -35.618     2.091     3.508     0.315     0.006     0.261    -1.905
 123.4479167   -72.490    -2.306   -31.234     2.947     0.000     0.086     0.000   337.837   278.332   -41.712   -36.993     1.952     2.767     0.238     0.000     0.261    -0.185
 123.4687500   -71.259    -1.154   -30.753     1.730    -0.000     0.087     0.000   337.216   278.343   -41.050   -36.590     2.060     2.400     0.218     0.000     0.261    -0.032
 123.4895833   -72.832     2.626   -38.180     1.606     0.000     0.128     0.000   339.557   278.732   -39.222   -34.623     2.297     2.302     0.254     0.000     0.261     0.337
 123.5104167   -68.678    -7.020   -21.718     0.471     0.000     0.076     0.000   336.193   277.831   -39.683   -35.311     2.179     2.193     0.185     0.000     0.261    -0.729
 123.5312500   -65.942    12.428   -44.962     2.333     0.177     0.141     0.306   339.625   279.201   -36.998   -32.577     2.289     2.131     0.314     0.000     0.261     1.257
 123.5520833   -53.502     9.094   -34.891     2.899     1.634     0.161     3.050   344.580   279.854   -31.502   -26.746     2.445     2.311     3.103     0.000     0.261     0.897
 123.5729167   -31.532    17.988   -33.244     8.800     5.169     0.209    10.025   348.640   281.060   -26.630   -20.167     3.553     2.909    13.327     0.000     0.279     1.554
 123.5937500    14.428    18.268   -19.865    32.305    10.233     0.371    22.642   355.978   281.906   -17.570    -6.852     6.329     4.388    35.456     0.000     0.340     1.289
 123.6145833   100.332    20.809    12.828    62.893    14.572     0.330    43.210   363.028   283.032     2.187    12.474     5.681     4.605    61.789     0.000     0.381     1.615
 123.6354167   197.581    10.209    48.344   112.488    17.801     0.272    66.688   371.961   284.268    24.879    35.680     5.182     5.620    97.313     0.000     0.393     1.661
 123.6562500   273.713     7.761    77.257   147.830    19.672     0.377    84.577   378.081   285.305    39.506    52.336     5.659     7.171   132.076     0.000     0.412     1.359
 123.6770833   349.216     4.889   116.951   174.803    21.240     0.355    99.429   383.962   285.943    51.560    67.037     6.875     8.602   160.894     0.000     0.418     1.014
 123.6979167   388.965     7.715   135.210   190.269    22.047     0.272   105.118   387.969   286.473    54.695    72.823     8.169     9.958   179.328     0.000     0.391     1.077
 123.7187500   450.655    17.880   158.923   204.765    23.630     0.196   120.027   394.047   287.044    67.922    87.476     8.722    10.833   202.846     0.000     0.364     1.165
 123.7395833   522.441     6.805   198.792   238.069    24.877     0.204   135.653   398.788   287.446    78.148   100.813    10.524    12.140   226.251     0.000     0.364     0.627
 123.7604167   596.745    -2.249   240.725   274.038    25.526     0.323   151.874   400.797   287.849    83.781   111.767    13.611    14.375   251.261     0.000     0.389     0.451
 123.7812500   621.062     8.130   241.705   284.528    26.186     0.246   156.771   405.378   288.290    85.964   116.321    14.462    15.894   269.448     0.000     0.364     0.735
 123.8020833   560.077    10.629   203.562   277.111    25.865     0.197   140.607   407.159   288.807    68.189    99.941    14.920    16.832   262.657     0.000     0.364     0.586
 123.8229167   470.524     5.200   147.439   263.994    25.234     0.097   118.957   410.100   289.167    53.854    82.857    12.551    16.453   246.407     0.000     0.364     0.037
 123.8437500   357.633   -13.154   106.518   241.115    23.165     0.163    92.360   404.272   288.886    24.868    54.540    13.121    16.552   216.502     0.000     0.373    -1.715
 123.8645833   301.726    21.483    67.829   199.664    21.944     0.435    78.815   400.097   289.070    12.840    41.512    13.054    15.618   202.112     0.000     0.383    -0.089
 123.8854167   252.560     5.136    35.184   203.251    21.153     0.477    67.705   399.593   289.341     8.920    34.124    10.880    14.324   189.538     0.000     0.365     0.069
 123.9062500   243.832     1.840    18.223   211.548    21.005     0.500    64.841   400.618   289.735    11.784    34.829     9.156    13.889   193.432     0.000     0.359     0.436
 123.9270833   319.941     8.707    48.491   233.279    22.471     0.682    80.909   403.609   290.049    28.919    52.537     9.326    14.291   223.070     0.000     0.356     0.546
 123.9479167   351.319    -0.446    76.957   244.566    22.990     0.837    88.441   404.562   289.810    30.566    57.679    11.924    15.189   232.590     0.000     0.355    -0.324
 123.9687500   253.075   -15.078    50.911   213.218    21.037     0.825    67.774   399.827   289.038     5.012    33.226    13.246    14.968   195.099     0.000     0.353    -0.988
 123.9895833   253.641   -18.379    58.147   209.045    20.699     0.735    68.403   396.667   288.438     5.442    32.307    12.576    14.289   185.866     0.000     0.355    -0.615
 124.0104167   203.437   -20.960    37.091   192.628    19.412     0.667    59.277   392.892   287.846    -4.446    21.049    11.715    13.779   166.953     0.000     0.354    -0.876
 124.0312500   115.656   -12.677    10.380   141.991    15.974     0.694    37.568   388.400   287.200   -23.167     1.774    11.658    13.283   126.114     0.000     0.351    -0.872
 124.0520833    48.983     3.330     5.669    72.777    10.790     0.682    20.904   385.097   286.643   -32.179    -9.925    10.504    11.750    73.290     0.000     0.351    -0.614
 124.0729167     0.345    -5.765    10.510    33.918     4.750     0.702     8.465   382.269   286.073   -37.706   -17.197     9.950    10.559    26.791     0.000     0.351    -0.612
 124.0937500   -15.670    -8.882    17.563    15.342     2.038     0.715     3.522   379.048   285.350   -38.914   -19.420     9.772     9.722     8.321     0.000     0.351    -0.777
 124.1145833   -21.972    -2.498    20.554     0.064     0.413     0.599     0.677   375.015   284.575   -39.243   -21.388     9.280     8.575     1.296     0.000     0.352    -0.850
 124.1354167   -17.984     5.262     1.595    15.999     0.026     0.510     0.043   370.564   283.840   -39.874   -22.657     9.696     7.521     0.781    24.455     0.350    -0.967
 124.1562500   -15.297     9.123    11.332     3.924     0.000     0.405     0.000   367.597   283.222   -39.095   -22.665     9.963     6.467     0.562    15.944     0.354    -0.580
 124.1770833   -12.697     1.859    16.924     7.481     0.000     0.347     0.000   365.362   282.736   -38.495   -22.492    10.181     5.822     0.413    11.023     0.360    -0.466
 124.1979167   -10.706     0.512    20.336     7.182     0.000     0.308     0.000   363.289   282.377   -38.359   -22.510    10.499     5.350     0.307     7.849     0.368    -0.377
 124.2187500   -11.245     3.839    15.221     6.341     0.000     0.333     0.000   362.464   282.295   -36.540   -21.679    10.126     4.735     0.248     6.525     0.362    -0.107
 124.2395833   -11.622     4.179    13.949     5.087    -0.000     0.355     0.000   362.018   282.252   -34.775   -20.814     9.697     4.264     0.204     5.504     0.359    -0.062
 124.2604167   -12.054     2.175    12.395     6.626     0.000     0.397     0.000   361.832   282.240   -33.221   -19.982     9.280     3.960     0.173     4.899     0.356    -0.028
 124.2812500   -11.715    -0.742    11.894     9.123     0.000     0.397     0.000   361.595   282.220   -31.962   -19.259     8.940     3.763     0.169     4.771     0.356    -0.028
 124.3020833   -10.951     0.154    11.174     8.251    -0.000     0.370     0.000   361.579   282.224   -30.541   -18.397     8.542     3.602     0.168     4.597     0.357     0.010
 124.3229167    -9.052    -4.784    14.438    11.077    -0.000     0.365     0.000   361.356   282.100   -29.660   -17.793     8.350     3.517     0.171     4.685     0.359    -0.123
 124.3437500    -6.464    -9.682    20.616    13.352    -0.000     0.470     0.000   360.226   281.771   -30.400   -18.072     8.708     3.620     0.170     5.249     0.355    -0.350
 124.3645833    -5.914    -2.548    20.476     7.591    -0.000     0.417     0.000   358.743   281.580   -31.245   -18.575     9.059     3.611     0.146     4.287     0.358    -0.188
 124.3854167    -5.591     4.706    16.380     2.884     0.000     0.218     0.000   359.013   281.674   -29.654   -17.434     8.822     3.398     0.130     2.918     0.400     0.094
 124.4062500    -5.092    -0.948    18.682     6.005     0.000     0.166     0.000   359.009   281.623   -28.787   -16.842     8.682     3.263     0.122     2.470     0.417    -0.043
 124.4270833    -4.962    -3.065    19.300     7.311     0.000     0.136     0.000   358.555   281.514   -28.436   -16.618     8.491     3.327     0.122     2.250     0.390    -0.071
 124.4479167    -5.407    -0.452    17.047     5.703    -0.000     0.118     0.000   358.253   281.491   -27.690   -16.342     8.104     3.243     0.123     2.102     0.369    -0.015
 124.4687500    -5.589     1.260    15.066     4.768     0.000     0.112     0.000   358.303   281.537   -26.726   -15.857     7.770     3.098     0.123     2.047     0.366     0.042
 124.4895833    -5.577     1.047    14.333     4.983     0.000     0.111     0.000   358.461   281.581   -25.985   -15.376     7.518     3.092     0.126     2.076     0.366     0.045
 124.5104167    -5.426    -0.784    14.932     5.647     0.001     0.101     0.001   358.566   281.556   -25.212   -14.935     7.228     3.049     0.128     2.031     0.364    -0.008
 124.5312500    -5.341    -2.282    16.034     6.379     0.041     0.097     0.069   358.168   281.484   -25.393   -15.021     7.255     3.117     0.128     2.003     0.364    -0.079
 124.5520833    -3.291     2.843    14.021     4.166     0.476     0.097     0.841   358.373   281.589   -24.465   -14.286     7.108     3.071     0.266     2.077     0.364     0.144
 124.5729167     9.846     5.609    18.646     6.424     2.579     0.117     4.615   359.638   281.826   -21.218   -11.371     6.831     3.016     2.888     2.662     0.364     0.385
 124.5937500    41.371     4.188    34.705    17.101     6.961     0.165    12.538   361.694   282.049   -14.889    -5.040     6.781     3.068    10.993     4.004     0.384     0.266
 124.6145833    39.979     2.992    32.846    19.178     6.663     0.223    11.640   362.315   282.228   -15.151    -4.946     6.987     3.218    11.277     4.820     0.417     0.114
 124.6354167    39.341     2.600    30.207    20.813     6.662     0.230    11.534   362.977   282.396   -14.470    -4.421     6.764     3.284    12.144     5.297     0.416     0.192
 124.6562500    56.204     4.289    35.134    26.946     8.765     0.267    15.776   364.098   282.609   -10.482    -0.534     6.566     3.381    18.002     6.429     0.406     0.317
 124.6770833   105.802     7.926    54.844    42.988    13.026     0.566    27.628   365.803   282.954    -0.465     9.494     6.446     3.514    31.980    10.003     0.361     0.509
 124.6979167   173.747     8.589    80.800    69.902    15.975     0.647    43.439   369.576   283.608    13.466    24.340     6.875     3.999    49.967    14.261     0.360     0.990
 124.7187500   279.881     0.430   126.842   117.566    18.647     0.756    69.280   374.384   284.263    34.167    47.862     8.383     5.311    78.888    23.379     0.360     0.875
 124.7395833   288.413     1.911   118.531   135.257    19.118     0.772    71.550   377.039   284.796    32.277    48.454     9.516     6.660    92.643    29.164     0.359     0.437
 124.7604167   245.376     6.657    84.154   130.831    18.744     0.703    63.027   378.516   285.186    23.553    39.453     8.765     7.135    94.015    29.850     0.358     0.182
 124.7812500   178.574     3.142    49.457   116.821    17.148     0.633    45.143   378.549   285.353     9.076    23.593     7.533     6.984    82.456    27.768     0.357     0.078
 124.8020833   259.994    10.749    78.050   142.401    19.050     0.702    63.809   381.384   286.036    27.499    42.979     8.075     7.405   102.374    33.021     0.358     1.295
 124.8229167   458.967    16.190   158.731   208.923    23.022     0.681   114.129   390.253   287.073    74.027    91.426     8.593     8.806   155.241    44.534     0.368     1.096
 124.8437500   253.000     4.116    38.167   185.908    20.193     0.706    69.333   388.900   287.699    24.464    42.686     8.487     9.735   131.253    38.819     0.355     0.346
 124.8645833   518.525     7.007   166.209   260.489    24.515     0.771   128.470   397.639   288.478    83.146   103.723     9.268    11.309   204.843    39.814     0.362     1.675
 124.8854167   554.947     7.053   194.364   271.635    25.383     0.709   136.555   401.767   288.965    81.330   106.685    11.900    13.454   230.027    27.442     0.368     0.564
 124.9062500   533.941     6.162   180.057   274.232    25.552     0.622   134.108   404.346   289.442    73.049   100.230    12.449    14.733   242.047    15.955     0.374     0.441
 124.9270833   475.137     3.419   145.031   266.634    25.142     0.523   122.974   405.297   289.832    59.679    86.670    11.710    15.281   240.900     7.622     0.383     0.374
 124.9479167   476.470     5.181   143.597   268.061    25.298     0.469   123.661   407.360   290.076    59.665    86.693    11.295    15.733   250.392     2.991     0.392    -0.033
 124.9687500   257.239     4.659    39.302   200.358    21.849     0.418    73.674   402.577   290.030    13.475    37.625     9.593    14.557   188.668     1.766     0.367    -0.555
 124.9895833   318.784     4.421    54.580   225.427    23.245     0.397    90.247   404.703   290.365    33.834    55.655     8.019    13.803   211.255     0.000     0.382     0.521
 125.0104167   282.995     0.958    35.859   219.286    22.795     0.317    84.103   404.936   290.504    27.017    48.274     7.488    13.769   203.718     0.315     0.392    -0.124
 125.0312500   198.668     7.493     9.229   172.423    20.935     0.220    65.999   402.485   290.156    10.244    30.123     6.765    13.114   168.960     1.527     0.385    -0.721
 125.0520833    56.267    29.792    -6.031    44.529    15.159     0.125    33.147   395.649   288.833   -10.620     0.683     2.716     8.586    77.852     1.186     0.286    -1.403
 125.0729167    11.815   -27.858   -26.007    88.150    11.900     0.308    23.308   392.035   288.500   -21.710    -7.622     5.406     8.682    63.096     0.000     0.327    -0.759
 125.0937500   -25.572     0.208   -25.357    26.999     7.548     0.221    13.997   386.928   287.217   -25.957   -14.860     3.912     7.185    32.808     0.052     0.296    -1.465
 125.1145833   -58.046   -12.902   -21.095     7.549     2.499     0.142     4.417   378.046   285.878   -29.993   -24.515     1.262     4.216     6.239     0.050     0.261    -1.605
 125.1354167   -71.216   -15.324   -32.093     9.452     0.288     0.162     0.515   373.550   285.343   -32.453   -27.999     1.322     3.132     0.544     0.002     0.261    -0.799
 125.1562500   -75.133   -17.625   -48.412    23.360     0.004     0.240     0.007   373.177   286.088   -33.255   -26.476     3.074     3.706     0.449     0.000     0.280     0.799
 125.1770833   -81.011   -14.445   -56.792    21.560     0.000     0.401     0.000   377.763   286.264   -31.659   -20.667     4.819     6.173     0.762     0.000     0.324     0.325
 125.1979167   -80.214    -4.581   -48.607     4.565     0.000     0.408     0.000   375.990   285.817   -31.090   -20.217     4.740     6.133     0.732     0.000     0.328    -0.501
 125.2187500   -79.390     5.308   -54.773    -0.197     0.000     0.418     0.000   374.938   285.763   -29.663   -19.512     4.528     5.623     0.664     0.000     0.328    -0.066
 125.2395833   -80.721    -5.507   -53.393     6.728     0.000     0.455     0.000   374.344   285.491   -28.282   -18.820     4.269     5.192     0.611     0.000     0.332    -0.267
 125.2604167   -80.618   -24.053   -48.203    22.089    -0.000     0.455     0.000   371.885   284.992   -29.909   -19.806     4.767     5.335     0.617     0.000     0.334    -0.542
 125.2812500   -80.688   -15.732   -53.442    18.737    -0.000     0.511     0.000   370.717   284.797   -30.064   -19.560     4.809     5.695     0.698     0.000     0.337    -0.187
 125.3020833   -80.383    -8.668   -49.261     8.367     0.000     0.516     0.000   369.087   284.376   -30.369   -19.745     4.940     5.684     0.689     0.000     0.338    -0.452
 125.3229167   -78.706    -6.421   -45.970     5.507     0.000     0.478     0.000   366.734   283.918   -31.301   -20.507     5.355     5.439     0.619     0.000     0.336    -0.522
 125.3437500   -76.571    -4.881   -44.810     5.073    -0.000     0.391     0.000   364.597   283.534   -31.493   -20.979     5.412     5.102     0.550     0.000     0.327    -0.460
 125.3645833   -76.095    -5.345   -44.753     6.274     0.000     0.351     0.000   362.564   283.221   -31.871   -21.588     5.465     4.818     0.493     0.000     0.321    -0.399
 125.3854167   -78.640    -3.434   -50.022     6.561    -0.000     0.342     0.000   361.500   283.089   -31.556   -21.674     5.256     4.626     0.477     0.000     0.317    -0.189
 125.4062500   -78.071    -8.001   -41.443     4.091     0.000     0.285     0.000   359.031   282.418   -31.956   -22.722     4.937     4.297     0.405     0.000     0.306    -0.761
 125.4270833   -76.394    -6.103   -44.553     7.097     0.001     0.279     0.002   356.996   282.197   -32.571   -23.429     5.094     4.048     0.358     0.000     0.302    -0.263
 125.4479167   -73.290    -9.384   -36.031     4.926     0.006     0.202     0.010   353.556   281.193   -31.623   -25.065     3.231     3.327     0.284     0.005     0.274    -1.178
 125.4687500   -73.789    11.748   -66.859    10.594     0.001     0.260     0.002   353.277   283.026   -31.132   -24.977     3.162     2.993     0.303     0.000     0.278     1.860
 125.4895833   -85.869     5.933   -93.036    20.616    -0.000     0.614     0.000   365.704   284.487   -21.291   -14.290     2.216     4.785     0.768     0.000     0.336     1.908
 125.5104167   -88.703    -9.043   -76.643    16.530     0.001     0.757     0.001   367.876   284.566   -19.685   -12.856     1.380     5.450     0.918     0.000     0.344     0.139
 125.5312500   -88.342    -7.364   -75.567    14.651     0.267     0.887     0.478   368.392   284.570   -20.138   -12.490     1.562     6.087     1.268     0.000     0.346     0.076
 125.5520833   -72.740    -2.830   -67.709    16.883     2.520     0.968     5.146   368.183   284.408   -18.959   -10.585     2.023     6.352    10.291     0.000     0.347    -0.125
 125.5729167   -27.853     7.042   -66.993    45.256     8.080     0.915    17.357   368.112   284.690   -13.506    -4.942     2.350     6.214    41.634     0.000     0.347     0.348
 125.5937500    31.318    14.096   -74.539    89.701    13.138     1.043    31.579   372.649   285.747     0.773     8.144     0.748     6.623    80.554     0.000     0.348     1.287
 125.6145833   113.547     7.478   -50.853   136.926    16.793     1.349    50.630   378.574   286.586    18.863    26.044    -0.604     7.786   123.488     0.000     0.349     1.134
 125.6354167   197.922     5.910    -7.623   166.351    19.006     1.530    68.991   382.887   287.103    32.495    42.659     1.051     9.113   155.056     0.000     0.350     0.789
 125.6562500   277.480     8.841    32.364   191.511    20.632     1.634    85.833   386.905   287.656    43.968    58.284     3.920    10.396   181.262     0.000     0.350     0.796
 125.6770833   343.273    12.308    61.864   214.972    21.946     1.631    99.511   391.100   288.312    53.257    71.452     6.538    11.658   205.306     0.000     0.351     0.872
 125.6979167   407.576    10.774    86.544   245.823    23.245     1.560   112.991   395.871   289.061    63.452    84.664     8.288    12.924   231.909     0.000     0.351     0.983
 125.7187500   489.801     4.381   119.757   289.122    24.618     1.583   130.782   400.903   289.779    75.577   101.296    10.845    14.874   267.392     0.000     0.351     0.964
 125.7395833   568.365     7.654   153.205   320.867    25.766     1.568   147.793   405.728   290.474    85.714   116.681    13.980    16.986   300.655     0.000     0.351     0.924
 125.7604167   625.590     8.969   173.293   350.075    26.571     1.510   159.926   410.550   291.167    92.378   127.793    16.356    19.059   329.129     0.000     0.352     0.876
 125.7812500   667.388     4.785   190.322   376.620    27.013     1.513   168.572   414.639   291.769    94.936   135.398    19.302    21.160   350.801     0.000     0.352     0.725
 125.8020833   696.895     1.629   202.488   397.878    27.201     1.599   174.671   418.196   292.291    94.300   140.622    22.810    23.511   367.829     0.000     0.352     0.598
 125.8229167   711.133     4.640   206.147   408.090    27.283     1.628   177.502   421.073   292.842    91.650   142.355    25.337    25.367   378.745     0.000     0.352     0.605
 125.8437500   711.064     7.828   191.336   420.002    27.441     1.548   177.581   424.917   293.511    91.186   142.155    24.296    26.672   390.757     0.000     0.352     0.712
 125.8645833   701.626     4.321   179.895   429.054    27.545     1.446   175.940   427.755   293.938    87.936   139.065    23.313    27.815   398.884     0.000     0.352     0.421
 125.8854167   677.126     6.498   152.758   437.344    27.772     1.422   171.446   429.752   294.313    80.273   132.379    23.417    28.689   409.171     0.000     0.352     0.253
 125.9062500   638.190     5.448   118.086   442.824    27.858     1.441   163.932   431.525   294.646    71.646   123.508    22.807    29.055   413.946     0.000     0.352     0.187
 125.9270833   584.355     3.070    81.072   440.412    27.655     1.460   152.996   431.442   294.874    59.748   111.106    22.229    29.128   410.689     0.000     0.351     0.053
 125.9479167   530.814     5.302    37.493   434.052    27.348     1.355   142.045   432.192   295.171    53.843   100.655    18.452    28.360   406.283     0.000     0.351     0.125
 125.9687500   466.661    -0.411    -2.737   427.661    26.762     1.407   128.779   431.641   295.306    42.238    87.493    17.265    27.990   397.011     0.000     0.350    -0.089
 125.9895833   392.293     1.815   -52.130   411.069    25.935     1.401   113.067   430.913   295.477    31.612    73.151    14.479    27.060   383.016     0.000     0.350    -0.073
 126.0104167   311.468     2.416   -99.459   387.671    24.876     1.370    95.822   429.815   295.527    21.053    57.906    11.131    25.723   363.378     0.000     0.349    -0.213
 126.0312500   226.401    -1.380  -139.048   357.230    23.427     1.243    77.557   427.540   295.435     9.968    41.551     7.676    23.907   333.090     0.000     0.348    -0.369
 126.0520833   139.858    -2.109  -168.492   312.030    21.186     1.174    58.925   424.768   295.241    -1.183    25.789     4.710    22.262   290.496     0.000     0.347    -0.388
 126.0729167    53.865     0.334  -161.322   227.022    17.116     1.031    39.909   421.884   294.722   -11.607    10.845     2.495    19.957   215.325     0.000     0.345    -0.562
 126.0937500   -25.658    -6.154  -121.709   123.779    10.292     0.823    21.454   418.499   293.922   -20.868    -2.242     1.321    17.304   112.843     0.000     0.343    -0.707
 126.1145833   -86.137   -10.757   -84.395    38.073     3.344     0.789     6.551   414.885   293.031   -28.217   -11.347     1.052    15.818    25.672     0.000     0.344    -0.842
 126.1354167  -105.755   -10.661   -78.586    14.576     0.387     0.736     0.724   410.117   292.139   -30.037   -14.706     1.033    14.298     3.354     0.000     0.343    -1.047
 126.1562500  -104.931   -12.336   -79.220    17.436     0.002     0.676     0.004   405.440   291.448   -30.008   -15.414     1.326    13.268     2.459     0.000     0.341    -0.803
 126.1770833  -102.906   -13.369   -82.830    22.411    -0.000     0.623     0.000   402.719   291.048   -28.631   -14.751     1.117    12.763     2.396     0.000     0.339    -0.487
 126.1979167  -100.815   -13.878   -76.245    18.360    -0.000     0.564     0.000   399.820   290.391   -28.338   -14.779     1.192    12.366     2.316     0.000     0.336    -0.714
 126.2187500   -98.600   -10.913   -73.618    16.240    -0.000     0.578     0.000   395.994   289.830   -29.697   -15.882     1.850    11.964     2.180     0.000     0.338    -0.612
 126.2395833   -99.327    -0.938   -88.302    16.716     0.000     0.638     0.000   395.657   289.969   -26.965   -14.187     1.124    11.654     2.199     0.000     0.339     0.161
 126.2604167  -100.127    -3.187   -79.751     8.318     0.000     0.696     0.000   395.221   289.439   -24.995   -13.063     0.575    11.358     2.184     0.000     0.342    -0.512
 126.2812500   -97.078    -4.923   -57.884    -3.147     0.000     0.641     0.000   389.408   288.115   -29.672   -16.701     2.395    10.576     1.863     0.000     0.342    -1.452
 126.3020833   -94.498     3.179   -63.103    -1.199    -0.000     0.519     0.000   384.058   287.523   -32.669   -19.401     3.718     9.550     1.556     0.000     0.335    -0.705
 126.3229167   -95.657     7.266   -79.030     5.119     0.000     0.677     0.000   384.354   287.681   -29.274   -17.347     2.965     8.962     1.520     0.000     0.341     0.263
 126.3437500   -96.587     1.792   -76.393     6.126    -0.000     0.818     0.000   384.110   287.538   -27.972   -16.317     2.861     8.794     1.477     0.000     0.345    -0.139
 126.3645833   -96.705    -1.819   -75.880     8.149     0.000     0.805     0.000   383.339   287.314   -26.912   -15.903     2.569     8.441     1.436     0.000     0.345    -0.244
 126.3854167   -95.898    -3.864   -72.617     8.674    -0.000     0.848     0.000   381.581   287.015   -27.791   -16.403     3.126     8.263     1.362     0.000     0.346    -0.301
 126.4062500   -95.363    -0.499   -81.347    12.831     0.000     0.979     0.000   381.579   287.190   -26.553   -15.247     3.002     8.304     1.373     0.000     0.347     0.206
 126.4270833   -95.760     0.996   -90.907    16.378    -0.000     1.044     0.000   383.349   287.662   -22.719   -12.814     1.427     8.477     1.482     0.000     0.347     0.491
 126.4479167   -96.792     2.200   -95.979    15.272    -0.000     0.997     0.000   385.547   288.124   -18.750   -10.534    -0.347     8.563     1.609     0.000     0.347     0.466
 126.4687500   -97.308     3.259   -96.624    11.951     0.000     0.965     0.000   387.231   288.435   -16.226    -9.019    -1.423     8.630     1.697     0.000     0.346     0.332
 126.4895833   -97.674     3.463   -97.074    10.158     0.000     1.019     0.000   388.506   288.637   -14.454    -7.969    -2.263     8.748     1.745     0.000     0.347     0.234
 126.5104167   -97.598     4.261   -98.438     9.542     0.000     1.053     0.000   389.406   288.844   -13.201    -7.244    -2.852     8.809     1.778     0.000     0.347     0.239
 126.5312500   -97.520     5.717  -101.512     8.724     0.220     1.189     0.393   390.867   289.071   -10.750    -5.975    -4.168     8.943     2.019     0.000     0.348     0.300
 126.5520833   -84.361     4.174  -100.434    19.455     2.210     1.313     4.549   391.795   289.252    -7.778    -3.621    -4.958     9.116    11.657     0.000     0.348     0.222
 126.5729167   -37.519     9.254  -115.138    68.310     8.024     1.385    17.116   393.105   289.626    -0.319     3.240    -5.700     9.259    62.382     0.000     0.349     0.375
 126.5937500    36.193    13.063  -125.664   135.694    14.684     1.474    34.251   395.584   290.220    12.414    15.741    -6.258     9.585   129.865     0.000     0.349     0.686
 126.6145833   110.706    14.108  -120.481   189.283    18.581     1.561    50.778   399.802   290.908    26.933    30.561    -6.681    10.309   182.384     0.000     0.349     0.863
 126.6354167   189.013    12.799   -95.937   231.294    21.036     1.609    67.667   404.003   291.599    39.939    45.934    -5.269    11.264   222.110     0.000     0.349     0.918
 126.6562500   276.462    11.197   -73.704   282.310    23.094     1.743    86.622   409.566   292.442    55.590    64.159    -4.285    12.853   267.581     0.000     0.350     1.069
 126.6770833   345.895    13.310   -50.845   317.258    24.526     1.767   101.214   414.636   293.254    65.165    78.006    -1.702    14.542   303.425     0.000     0.350     1.007
 126.6979167   415.922    17.446   -32.113   353.160    25.819     1.762   115.971   420.647   294.246    76.216    92.621     0.080    16.324   338.975     0.000     0.350     1.213
 126.7187500   488.365    18.239    -3.171   384.403    26.903     1.707   131.417   427.267   295.206    87.671   107.732     1.873    18.189   369.730     0.000     0.350     1.224
 126.7395833   561.889    16.411    22.607   423.541    27.826     1.637   147.069   434.378   296.215    98.110   122.791     4.283    20.398   403.999     0.000     0.351     1.220
 126.7604167   617.723    14.958    33.522   461.264    28.210     1.638   158.959   442.820   297.273   106.738   135.439     5.649    23.052   436.946     0.000     0.351     1.242
 126.7812500   657.324    12.727    53.970   481.382    28.163     1.724   167.123   449.100   297.965   108.408   143.106     8.844    25.854   457.651     0.000     0.351     0.837
 126.8020833   678.687    18.369    68.929   483.642    27.902     1.690   171.136   453.777   298.530   107.067   146.318    11.345    27.906   465.462     0.000     0.351     0.680
 126.8229167   683.748    20.308    70.358   488.638    27.650     1.661   171.841   457.597   299.194   103.668   146.060    13.040    29.352   469.493     0.000     0.351     0.775
 126.8437500   702.341    10.954    72.082   509.823    26.842     1.557   175.847   463.504   300.104   108.464   151.396    12.048    30.884   476.101     0.000     0.352     1.018
 126.8645833   691.090     2.724    57.011   526.321    26.058     1.540   174.118   468.383   300.913   104.235   149.000    11.558    33.208   483.541     0.000     0.351     0.800
 126.8854167   664.582     9.474    33.237   523.560    25.499     1.510   169.246   472.128   301.544    97.748   143.090    10.642    34.700   488.717     0.000     0.351     0.563
 126.9062500   620.749     8.538     0.130   523.481    25.183     1.473   160.577   474.386   301.968    88.355   133.179     9.543    35.281   490.180     0.000     0.351     0.245
 126.9270833   549.100     4.500   -48.759   519.208    24.998     1.414   145.598   474.753   302.188    74.144   117.328     8.016    35.167   485.015     0.000     0.351     0.008
 126.9479167   496.057     5.931   -86.761   510.942    24.829     1.332   134.471   474.633   302.378    65.931   106.431     6.238    34.262   479.589     0.000     0.351     0.012
 126.9687500   455.428     3.449  -118.146   508.657    24.402     1.328   126.165   475.337   302.693    61.305    99.083     4.130    33.648   473.626     0.000     0.350     0.162
 126.9895833   386.654     0.807  -160.766   496.386    23.909     1.338   111.773   474.945   302.840    50.332    85.503     2.109    33.062   461.705     0.000     0.349    -0.105
 127.0104167   308.051    11.208  -200.931   460.172    23.483     1.271    94.824   472.993   302.744    37.973    69.529     0.208    31.348   441.173     0.000     0.348    -0.371
 127.0312500   229.803    12.287  -226.279   418.486    22.847     1.194    77.647   469.445   302.401    25.922    53.292    -1.260    28.631   406.998     0.000     0.347    -0.613
 127.0520833   128.682    -0.109  -237.378   357.518    20.265     1.103    55.349   463.791   301.873     9.303    32.885    -2.332    25.914   339.250     0.000     0.345    -0.652
 127.0729167    54.786    -1.206  -201.845   258.742    15.915     0.919    38.573   457.955   301.207    -0.312    19.253    -2.850    22.415   245.192     0.000     0.342    -0.593
 127.0937500   -21.181   -11.361  -147.431   147.316     9.440     0.823    21.512   454.812   300.385    -9.100     7.700    -3.254    20.053   128.692     0.000     0.342    -0.604
 127.1145833   -78.647   -15.494   -88.958    43.760     3.350     0.641     7.086   450.476   299.205   -16.804    -1.718    -2.849    17.934    28.517     0.000     0.339    -1.152
 127.1354167   -96.100    -9.852   -77.616    14.016     0.474     0.562     0.906   443.185   298.104   -21.314    -7.055    -1.947    16.207     4.380     0.000     0.336    -1.334
 127.1562500   -95.864    -2.620   -88.858    14.826     0.011     0.536     0.018   439.779   297.727   -18.798    -6.245    -2.257    14.810     3.308     0.000     0.332    -0.414
 127.1770833   -94.117    -8.575   -82.656    15.078     0.000     0.590     0.000   436.689   297.049   -17.316    -5.778    -2.392    13.930     3.120     0.000     0.337    -0.648
 127.1979167   -91.992   -11.896   -80.897    18.546    -0.000     0.672     0.000   433.502   296.421   -17.105    -5.962    -2.205    13.348     2.965     0.000     0.341    -0.640
 127.2187500   -89.950    -9.173   -80.972    18.219    -0.000     0.627     0.000   430.186   295.989   -17.508    -6.579    -1.857    12.787     2.809     0.000     0.339    -0.516
 127.2395833   -90.757    -5.948   -81.026    13.071    -0.000     0.653     0.000   428.473   295.475   -16.337    -6.096    -2.096    12.337     2.743     0.000     0.340    -0.517
 127.2604167   -89.256    -2.231   -67.537     1.065     0.000     0.639     0.000   423.243   294.493   -19.514    -8.866    -0.858    11.505     2.404     0.000     0.341    -1.039
 127.2812500   -88.428     3.706   -75.396     3.103     0.000     0.747     0.000   420.391   294.111   -19.465    -9.336    -0.533    10.663     2.178     0.000     0.344    -0.376
 127.3020833   -88.219    -0.078   -78.502     8.946    -0.000     0.772     0.000   418.807   293.899   -18.343    -8.956    -0.706    10.093     2.068     0.000     0.344    -0.242
 127.3229167   -88.405     1.875   -83.656    10.076     0.000     0.795     0.000   418.112   293.916   -16.704    -8.128    -1.132     9.708     2.023     0.000     0.344     0.004
 127.3437500   -88.915     1.009   -83.301     7.885    -0.000     0.806     0.000   418.345   293.750   -14.320    -6.785    -1.868     9.403     2.026     0.000     0.345    -0.188
 127.3645833   -87.733    -3.419   -72.520     5.587    -0.000     0.669     0.000   414.959   293.202   -16.730    -8.829    -0.759     8.661     1.819     0.000     0.342    -0.650
 127.3854167   -87.585     1.621   -83.220     9.409    -0.000     0.735     0.000   414.346   293.269   -15.507    -8.142    -1.021     8.387     1.786     0.000     0.343     0.113
 127.4062500   -88.789     2.351   -82.895     5.386    -0.000     0.847     0.000   414.641   293.120   -13.509    -6.990    -1.837     8.356     1.782     0.000     0.345    -0.123
 127.4270833   -88.836    -0.072   -78.054     4.554     0.000     0.872     0.000   412.526   292.788   -14.912    -8.167    -1.249     7.994     1.640     0.000     0.346    -0.352
 127.4479167   -90.033     3.716   -87.835     7.183    -0.000     1.006     0.000   412.562   292.882   -13.221    -7.321    -2.014     7.914     1.626     0.000     0.347     0.124
 127.4687500   -91.061    -1.016   -84.794     7.014    -0.000     1.039     0.000   412.468   292.667   -12.024    -6.838    -2.509     7.695     1.603     0.000     0.347    -0.242
 127.4895833   -90.117   -10.511   -74.411    10.459     0.000     0.876     0.000   409.532   292.094   -14.997    -8.781    -1.025     7.241     1.468     0.000     0.346    -0.658
 127.5104167   -88.722   -10.893   -72.003    11.432     0.000     0.812     0.000   406.950   291.582   -16.667    -9.958    -0.265     6.974     1.379     0.000     0.345    -0.591
 127.5312500   -85.219    -5.295   -67.799     7.043     0.224     0.590     0.402   403.500   291.180   -18.680   -11.577     0.629     6.474     1.381     0.000     0.339    -0.488
 127.5520833   -71.558     8.650   -78.840    12.239     2.248     0.730     4.653   404.327   291.560   -14.092    -7.848    -0.016     6.260     8.893     0.000     0.343     0.486
 127.5729167   -24.141    15.935   -86.932    50.240     8.157     0.676    17.279   406.825   292.140    -3.950     1.024    -1.086     6.060    50.894     0.000     0.341     0.566
 127.5937500    47.074    22.887   -80.398    94.828    15.152     0.551    33.953   409.486   292.682     9.145    13.731    -1.336     5.923   103.111     0.000     0.336     0.612
 127.6145833   119.999    35.297   -62.644   122.302    19.741     0.385    50.282   413.711   293.543    23.963    28.473    -1.150     5.660   138.513     0.000     0.325     1.081
 127.6354167   196.098    16.911   -62.525   197.478    22.818     0.403    67.049   421.290   295.022    42.546    46.792    -1.819     6.065   185.998     0.000     0.328     1.688
 127.6562500   258.111    -7.456   -83.140   291.358    24.531     0.780    80.493   428.638   295.982    56.146    62.016    -3.149     9.019   260.382     0.000     0.345     1.204
 127.6770833   355.734     2.570   -44.807   327.069    26.237     0.922   101.734   433.207   296.492    70.059    80.217    -1.576    11.735   310.274     0.000     0.349     0.843
 127.6979167   440.265     5.933   -22.824   371.789    27.326     0.775   119.953   439.894   297.586    84.004    97.344    -0.154    13.495   347.618     0.000     0.351     1.364
 127.7187500   502.441   -16.214    -6.899   430.637    27.498     0.682   133.595   447.387   298.602    93.676   110.517     0.518    16.323   382.694     0.000     0.353     1.241
 127.7395833   557.884   -17.500     2.299   472.336    27.587     0.657   146.157   455.327   299.270    99.956   121.959     1.970    20.033   424.457     0.000     0.358     0.792
 127.7604167   608.720     3.486    18.765   479.471    26.940     0.638   157.443   463.207   300.055   105.948   133.004     3.480    23.576   447.646     0.000     0.367     1.050
 127.7812500   647.207    14.527    42.444   479.065    25.787     0.584   165.596   470.506   300.829   110.154   141.522     4.908    26.460   455.555     0.000     0.381     1.016
 127.8020833   677.627     8.966    65.686   490.089    24.580     0.603   171.665   476.370   301.420   112.077   147.541     6.229    29.236   460.996     0.000     0.382     0.809
 127.8229167   692.181     2.871    93.486   486.334    23.279     0.496   174.654   480.988   301.796   108.943   149.244     8.357    31.944   451.687     0.000     0.410     0.547
 127.8437500   691.731    11.764    96.434   476.623    22.293     0.445   174.759   484.683   302.298   106.287   148.269     8.560    33.422   447.341     0.000     0.412     0.623
 127.8645833   678.093    20.871    94.257   459.848    21.749     0.380   171.781   487.042   302.788   102.482   143.641     7.741    33.419   439.814     0.000     0.400     0.635
 127.8854167   653.705    14.801    82.150   459.794    21.194     0.268   166.534   488.855   303.342    96.406   136.882     6.817    33.660   432.392     0.000     0.375     0.555
 127.9062500   614.755    16.148    56.159   454.426    20.916     0.260   158.436   490.527   303.801    87.678   128.053     6.313    34.062   429.361     0.000     0.376     0.344
 127.9270833   560.588    -2.306    47.074   438.171    20.708     0.163   146.674   488.585   303.939    78.040   116.088     4.986    33.062   401.083     0.000     0.372    -0.391
 127.9479167   515.639    -1.880   -28.928   482.318    22.224     0.454   137.199   487.812   303.941    64.598   103.728     5.620    33.510   446.087     0.000     0.378    -0.470
 127.9687500   453.317     3.043   -66.071   463.663    22.469     0.463   123.991   485.771   303.836    53.146    90.290     4.938    32.207   435.254     0.000     0.363    -0.463
 127.9895833   383.216    30.188   -77.120   390.488    23.120     0.321   108.493   479.923   303.125    40.713    73.623     4.127    28.783   398.042     0.000     0.337    -1.053
 128.0104167   310.209   146.550   -22.460   148.999    24.103     0.121    91.849   470.546   302.059    37.246    56.380     0.939    18.195   282.454     0.000     0.266    -0.127
 128.0312500   225.687    41.968   -21.143   175.818    23.326     0.101    74.164   468.043   301.667    29.630    40.190    -0.153    10.713   210.517     0.000     0.261    -0.586
 128.0520833   142.268    -7.952   -23.264   159.583    20.998     0.088    55.802   462.197   300.797    15.201    21.267    -0.325     6.391   154.136     0.000     0.261    -1.301
 128.0729167    65.162   -51.530   -31.087   150.255    16.165     0.087    37.374   453.416   299.672    -0.684     2.580    -0.347     3.610   108.039     0.000     0.261    -1.791
 128.0937500    -3.856   -76.277   -44.365   132.895     9.322     0.109    19.892   445.323   298.994   -14.821   -12.792    -0.197     2.227    67.481     0.000     0.261    -1.288
 128.1145833   -60.702   -76.500   -55.091    93.095     3.162     0.155     6.419   444.551   299.287   -22.188   -19.287     0.155     2.745    19.382     0.000     0.261    -0.018
 128.1354167   -83.677   -52.165   -55.797    49.886     0.405     0.191     0.770   443.324   298.796   -24.917   -19.580     0.405     4.932     3.597     0.000     0.261    -0.684
 128.1562500   -92.043   -28.859   -83.005    44.046     0.005     0.349     0.008   444.832   299.455   -25.720   -13.801     0.279    11.641     3.363     0.000     0.296     1.495
 128.1770833   -96.427   -14.285   -75.588    18.235     0.000     0.520     0.000   445.055   298.402   -23.808    -8.780    -1.257    16.285     3.542     0.000     0.333    -0.980
 128.1979167   -94.572   -10.466   -90.176    28.049    -0.000     0.553     0.000   442.670   298.315   -21.877    -7.793    -1.541    15.626     3.461     0.000     0.334    -0.102
 128.2187500   -92.405    -8.381   -90.540    25.346     0.000     0.557     0.000   442.030   298.208   -18.718    -5.762    -2.272    15.229     3.492     0.000     0.334    -0.111
 128.2395833   -89.797    -5.541   -87.913    20.464     0.000     0.588     0.000   441.223   297.983   -16.595    -4.387    -2.729    14.937     3.489     0.000     0.336    -0.212
 128.2604167   -88.365    -4.466   -85.388    17.776     0.000     0.575     0.000   439.550   297.681   -15.934    -4.219    -2.747    14.462     3.391     0.000     0.336    -0.353
 128.2812500   -87.337    -8.215   -79.777    17.344    -0.000     0.540     0.000   437.412   297.129   -16.075    -4.557    -2.571    14.089     3.292     0.000     0.334    -0.613
 128.3020833   -84.558    -2.523   -62.091     0.895     0.000     0.454     0.000   432.066   295.940   -19.558    -7.561    -1.270    13.268     2.931     0.000     0.329    -1.281
 128.3229167   -81.376     2.459   -52.707    -6.457     0.000     0.439     0.000   425.586   294.723   -23.404   -11.086     0.324    11.994     2.437     0.000     0.330    -1.268
 128.3437500   -78.364    -4.961   -47.519     1.231     0.000     0.404     0.000   419.850   293.651   -26.019   -13.707     1.540    10.773     2.040     0.000     0.327    -1.096
 128.3645833   -75.891    -9.992   -42.486     6.465     0.000     0.446     0.000   414.324   292.670   -28.861   -16.095     2.814     9.951     1.725     0.000     0.334    -1.017
 128.3854167   -74.267    -5.514   -49.337     9.773    -0.000     0.452     0.000   411.310   292.242   -28.714   -16.353     3.086     9.274     1.578     0.000     0.333    -0.476
 128.4062500   -71.555    -7.883   -40.868     7.208    -0.000     0.351     0.000   407.712   291.397   -28.971   -17.255     3.183     8.532     1.405     0.000     0.321    -1.041
 128.4270833   -63.720   -15.670   -17.317     1.382    -0.000     0.145     0.000   397.857   289.468   -30.065   -22.756     1.415     5.895     0.990     0.000     0.265    -2.050
 128.4479167   -67.504   -12.795   -37.412    15.266     0.000     0.374     0.000   397.470   289.879   -33.203   -22.159     4.310     6.733     0.963     0.000     0.316     0.640
 128.4687500   -69.418    -9.617   -34.281     9.428     0.000     0.561     0.000   396.675   289.347   -34.394   -21.130     5.864     7.401     0.970     0.000     0.343    -0.554
 128.4895833   -69.349     0.020   -43.612     7.465    -0.000     0.635     0.000   395.195   289.327   -33.161   -20.498     5.719     6.944     0.909     0.000     0.344    -0.060
 128.5104167   -69.922     1.191   -51.442     9.575     0.001     0.601     0.002   396.024   289.525   -29.423   -18.180     4.583     6.659     0.960     0.000     0.342     0.178
 128.5312500   -68.488    -1.944   -45.277     7.047     0.234     0.536     0.419   395.445   289.355   -28.112   -17.419     4.243     6.450     1.105     0.000     0.340    -0.201
 128.5520833   -54.386     1.925   -37.610     7.356     2.248     0.423     4.568   394.351   289.084   -25.815   -15.534     4.162     6.119     7.107     0.000     0.334    -0.242
 128.5729167    -9.740     7.616   -24.604    27.512     7.956     0.383    16.265   393.348   288.856   -20.200    -9.953     4.564     5.682    33.380     0.000     0.337    -0.064
 128.5937500    56.288    21.444   -13.702    55.841    14.453     0.363    31.932   395.265   289.376    -8.100     1.989     4.702     5.388    64.202     0.000     0.345     0.805
 128.6145833   130.549    37.524   -16.009    95.489    19.102     0.326    49.330   402.613   290.996    11.682    20.489     3.404     5.403   102.630     0.000     0.352     1.864
 128.6354167   208.074    39.044   -25.686   157.986    22.383     0.357    67.208   413.244   293.113    34.432    41.901     1.355     6.114   158.107     0.000     0.351     2.298
 128.6562500   286.638    27.695   -26.778   228.350    24.780     0.356    84.839   424.290   294.971    55.311    62.687    -0.119     7.494   219.905     0.000     0.354     2.059
 128.6770833   365.799    19.227   -20.758   294.690    26.390     0.412   102.343   432.991   296.439    70.974    80.449    -0.221     9.696   281.640     0.000     0.356     1.665
 128.6979167   439.145    16.680   -16.090   351.999    27.447     0.439   118.611   441.934   297.861    84.902    96.819    -0.034    11.951   335.149     0.000     0.358     1.655
 128.7187500   502.543     7.682     1.993   397.390    27.621     0.471   132.570   449.829   298.994    94.056   109.699     0.723    14.919   373.176     0.000     0.362     1.422
 128.7395833   560.780    19.459    28.917   408.344    27.213     0.438   145.335   458.014   300.071   102.638   121.914     1.660    17.616   394.155     0.000     0.377     1.422
 128.7604167   609.222     6.401    37.168   455.821    26.507     0.502   156.125   468.126   300.966   108.851   132.865     2.977    21.038   427.418     0.000     0.385     0.981
 128.7812500   646.384     4.840    56.501   472.456    24.977     0.520   164.517   476.625   301.772   111.548   141.082     4.742    24.792   440.456     0.000     0.396     1.039
 128.8020833   675.086     4.545    76.994   480.034    23.689     0.567   170.682   482.036   302.471   112.598   146.294     5.935    27.761   446.325     0.000     0.387     0.916
 128.8229167   688.902    -0.366    89.101   488.634    22.567     0.607   173.696   486.407   303.108   110.751   148.039     6.835    30.453   448.290     0.000     0.380     0.782
 128.8437500   689.480    -6.119    93.341   495.121    21.462     0.585   174.307   490.341   303.618   106.585   147.319     7.568    33.167   448.172     0.000     0.384     0.553
 128.8645833   678.844    -7.059    87.589   497.486    20.995     0.601   172.772   492.353   303.953   100.523   143.500     7.908    35.069   450.252     0.000     0.379     0.306
 128.8854167   656.051    -7.183    69.905   501.263    20.926     0.610   168.727   493.044   304.143    92.022   136.631     8.163    36.446   454.623     0.000     0.375     0.045
 128.9062500   618.271     2.816    41.016   492.256    21.090     0.593   160.997   493.030   304.290    82.276   126.668     7.879    36.513   456.137     0.000     0.373    -0.092
 128.9270833   566.042    -8.887     3.361   499.755    21.211     0.538   150.443   492.485   304.405    71.980   114.664     6.905    35.779   453.076     0.000     0.374    -0.167
 128.9479167   516.541    -5.997   -32.903   493.533    21.454     0.526   140.513   490.903   304.347    62.281   103.590     6.069    35.240   452.710     0.000     0.366    -0.373
 128.9687500   452.392    18.193   -64.601   450.002    22.067     0.467   126.475   487.704   304.039    49.473    88.669     5.757    33.439   438.591     0.000     0.362    -0.675
 128.9895833   383.184     4.611   -91.325   435.027    22.995     0.407   111.009   482.080   303.435    35.898    71.989     5.437    30.654   416.113     0.000     0.346    -1.028
 129.0104167   309.281    27.564   -93.685   355.607    23.930     0.328    94.263   472.455   301.983    21.493    52.630     4.745    26.392   371.303     0.000     0.315    -1.697
 129.0312500   232.765   103.249   -33.810   148.664    23.951     0.151    76.218   460.196   300.543    15.470    32.888     1.266    16.151   247.988     0.000     0.262    -0.810
 129.0520833   149.550    13.975   -35.203   166.078    21.709     0.143    57.535   455.583   299.819     5.716    15.935     0.416     9.803   180.428     0.000     0.261    -1.017
 129.0729167    67.763   -41.856   -41.304   161.582    16.895     0.162    38.875   448.233   298.704    -9.112    -2.065     0.416     6.631   129.795     0.000     0.261    -1.546
 129.0937500    -8.793   -72.679   -54.102   142.337     9.885     0.203    20.988   441.641   298.248   -23.558   -16.643     0.895     6.019    77.990     0.000     0.265    -0.792
 129.1145833   -77.345   -95.843   -81.772   134.781     3.392     0.454     6.992   447.127   298.922   -35.555   -16.829     2.762    15.964    24.471     0.000     0.323     1.044
 129.1354167  -105.007   -33.976   -70.366    37.898     0.450     0.520     0.859   443.162   297.768   -37.218   -17.873     2.009    17.336     4.051     0.000     0.334    -1.345
 129.1562500  -109.059   -31.681   -71.614    33.625     0.006     0.561     0.010   436.159   296.625   -38.140   -19.342     2.467    16.331     3.049     0.000     0.337    -1.250
 129.1770833  -109.254   -24.628   -68.199    23.469    -0.000     0.561     0.000   430.208   295.339   -38.508   -20.185     2.851    15.472     2.836     0.000     0.337    -1.389
 129.1979167  -103.509   -13.003   -55.539     9.445    -0.000     0.399     0.000   420.406   293.888   -42.619   -24.427     4.351    13.840     2.299     0.000     0.323    -1.793
 129.2187500  -103.159    -1.250   -85.999    20.817     0.000     0.472     0.000   420.029   294.366   -37.435   -21.130     3.437    12.868     2.320     0.000     0.324     0.709
 129.2395833  -102.277   -12.626   -60.456     8.822     0.000     0.665     0.000   417.264   293.175   -36.824   -20.661     3.679    12.483     2.178     0.000     0.343    -1.193
 129.2604167   -99.751   -11.374   -57.857     8.947     0.000     0.653     0.000   412.467   292.137   -38.375   -22.189     4.534    11.652     1.928     0.000     0.343    -1.091
 129.2812500   -95.706   -16.880   -44.771     9.876    -0.000     0.590     0.000   405.262   290.864   -42.519   -25.560     6.244    10.715     1.569     0.000     0.342    -1.413
 129.3020833   -91.671   -14.802   -49.224    15.833     0.000     0.445     0.000   400.653   290.147   -42.641   -26.209     6.471     9.961     1.406     0.000     0.332    -0.837
 129.3229167   -88.140   -11.931   -41.875     9.781    -0.000     0.355     0.000   395.930   289.263   -43.131   -27.299     6.617     9.216     1.229     0.000     0.323    -0.985
 129.3437500   -85.573    -4.955   -44.668     7.251    -0.000     0.375     0.000   392.839   288.902   -42.887   -27.401     6.907     8.579     1.099     0.000     0.323    -0.314
 129.3645833   -85.074    -1.937   -45.649     5.061     0.000     0.594     0.000   391.644   288.555   -42.228   -26.470     7.545     8.213     1.030     0.000     0.342    -0.321
 129.3854167   -84.372     3.421   -52.353     4.463     0.000     0.647     0.000   390.947   288.508   -39.833   -25.088     7.067     7.678     0.981     0.000     0.343    -0.070
 129.4062500   -83.973     1.471   -48.559     1.614    -0.000     0.594     0.000   389.927   288.182   -38.127   -24.324     6.667     7.137     0.904     0.000     0.342    -0.372
 129.4270833   -83.126    -5.709   -40.629     3.156    -0.000     0.531     0.000   386.887   287.547   -39.262   -25.487     7.178     6.598     0.748     0.000     0.341    -0.682
 129.4479167   -81.172    -8.157   -40.588     7.951    -0.000     0.587     0.000   384.412   287.103   -39.912   -25.990     7.696     6.227     0.654     0.000     0.343    -0.465
 129.4687500   -79.243    -6.600   -40.483     7.750     0.000     0.541     0.000   382.495   286.750   -39.512   -25.870     7.712     5.930     0.602     0.000     0.341    -0.398
 129.4895833   -78.161    -1.529   -39.707     2.789    -0.000     0.516     0.000   380.561   286.447   -39.385   -25.985     7.809     5.591     0.530     0.000     0.340    -0.330
 129.5104167   -77.516     1.497   -41.673     1.051     0.001     0.603     0.002   379.761   286.266   -38.209   -25.331     7.733     5.144     0.462     0.000     0.343    -0.181
 129.5312500   -74.635    -4.245   -38.580     5.986     0.278     0.544     0.498   378.390   286.014   -37.519   -24.966     7.687     4.866     0.565     0.000     0.342    -0.276
 129.5520833   -58.440     1.616   -33.956     8.186     2.546     0.391     5.123   377.526   285.938   -34.241   -22.445     7.197     4.599     5.290     0.000     0.332    -0.045
 129.5729167   -13.139    18.300   -20.805    12.376     8.355     0.199    17.055   378.589   286.148   -23.581   -14.930     4.686     3.965    20.141     0.000     0.296     0.571
 129.5937500    52.950    42.464   -17.698    30.704    14.704     0.148    33.675   386.185   288.017    -4.725     1.437     2.792     3.369    44.548     0.000     0.294     2.205
 129.6145833   125.909    33.091   -21.202    97.272    19.177     0.228    51.469   397.679   290.057    14.571    22.181     3.055     4.555    95.397     0.000     0.374     2.178
 129.6354167   204.403    30.837   -18.230   153.837    22.315     0.278    69.348   408.714   291.880    35.867    43.119     1.426     5.826   150.638     0.000     0.409     2.092
 129.6562500   284.289    16.645    -0.703   214.488    24.448     0.297    86.788   417.270   293.185    52.282    61.191     1.336     7.573   203.407     0.000     0.413     1.577
 129.6770833   361.467    27.196    20.876   244.658    26.091     0.219   103.569   425.622   294.383    67.048    77.999     1.826     9.125   244.257     0.000     0.367     1.688
 129.6979167   434.812    26.563    44.141   283.672    27.191     0.184   119.199   432.636   295.522    78.863    92.223     2.565    10.795   281.968     0.000     0.364     1.572
 129.7187500   497.156    16.367    58.923   330.869    27.860     0.155   132.663   440.622   296.640    89.550   105.429     3.235    12.643   317.425     0.000     0.364     1.447
 129.7395833   555.992     8.430    69.759   379.039    27.959     0.152   145.309   447.634   297.709    97.368   116.988     4.189    15.430   355.752     0.000     0.364     1.395
 129.7604167   603.993    36.409    86.536   373.038    27.189     0.128   155.559   456.716   298.924   106.319   128.323     4.494    17.511   373.521     0.000     0.364     1.691
 129.7812500   644.417     2.381   108.720   423.863    26.577     0.211   163.382   463.279   299.804   109.031   134.929     5.721    20.177   393.121     0.000     0.377     0.422
 129.8020833   675.816    -8.209    91.292   485.792    26.373     0.520   170.034   469.968   300.699   106.159   139.561     8.550    24.852   438.858     0.000     0.394     0.782
 129.8229167   690.688    -6.144    96.963   494.246    25.370     0.609   174.127   475.540   301.139   105.107   142.633     9.709    27.816   453.585     0.000     0.380     0.515
 129.8437500   692.949   -12.186   104.307   501.611    25.002     0.634   175.000   477.040   301.359    98.979   140.265    11.201    30.085   455.914     0.000     0.376     0.238
 129.8645833   683.620   -11.646    88.619   515.088    24.835     0.722   173.969   478.274   301.520    91.523   136.520    12.514    32.483   468.349     0.000     0.367     0.035
 129.8854167   661.987     2.767    76.855   499.194    24.978     0.722   169.672   478.394   301.580    83.218   129.419    13.099    33.102   467.843     0.000     0.366    -0.047
 129.9062500   626.142   -19.714    47.825   524.287    25.100     0.691   162.754   477.963   301.655    73.903   120.058    12.657    33.497   469.686     0.000     0.366    -0.159
 129.9270833   577.181   -16.435     7.797   523.668    25.250     0.716   153.192   476.652   301.631    62.462   108.558    12.127    33.970   473.315     0.000     0.361    -0.311
 129.9479167   521.678     4.155   -22.219   488.339    25.495     0.702   141.290   474.049   301.473    51.804    95.589    11.038    32.748   461.822     0.000     0.358    -0.400
 129.9687500   459.954     2.826   -56.639   473.978    25.710     0.708   127.870   470.844   301.207    40.342    81.766    10.195    31.229   449.186     0.000     0.354    -0.553
 129.9895833   389.308     9.989   -85.354   436.417    25.687     0.658   112.162   466.518   300.827    28.923    66.191     8.663    28.605   422.924     0.000     0.350    -0.667
 130.0104167   315.245     8.846  -100.981   392.441    25.312     0.552    95.449   460.525   300.257    15.815    49.636     7.849    25.972   382.736     0.000     0.342    -0.875
 130.0312500   236.647     3.214  -105.622   338.184    24.239     0.457    77.722   452.289   299.464     1.954    31.883     7.005    22.925   328.746     0.000     0.327    -1.083
 130.0520833   153.378   -10.701  -117.263   293.790    21.907     0.448    59.248   445.635   298.774   -11.535    15.146     6.247    20.434   272.898     0.000     0.320    -0.914
 130.0729167    67.064    -6.625  -109.715   207.397    17.231     0.443    40.182   441.349   297.856   -23.107     0.717     5.362    18.461   196.435     0.000     0.319    -0.887
 130.0937500    -9.718    -1.860   -64.959    91.826    10.408     0.340    22.051   434.385   296.424   -33.451   -13.200     4.735    15.516    96.896     0.000     0.310    -1.275
 130.1145833   -71.987   -17.075   -48.239    35.522     3.802     0.503     7.615   430.366   295.209   -41.118   -21.275     5.521    14.322    25.370     0.000     0.337    -1.078
 130.1354167   -96.604   -22.960   -40.792    14.657     0.527     0.527     0.991   422.152   293.667   -45.765   -26.761     6.379    12.625     2.662     0.000     0.340    -1.744
 130.1562500   -96.749   -23.550   -45.863    20.152     0.011     0.538     0.019   414.952   292.626   -46.341   -28.067     7.053    11.221     1.541     0.000     0.340    -1.148
 130.1770833   -94.785   -29.444   -53.324    32.887     0.000     0.585     0.000   411.194   292.076   -44.296   -26.846     6.817    10.633     1.505     0.000     0.341    -0.608
 130.1979167   -93.568   -34.827   -45.856    31.751     0.000     0.599     0.000   407.518   291.117   -43.633   -26.405     6.766    10.463     1.512     0.000     0.343    -1.002
 130.2187500   -90.551   -31.980   -31.249    21.778    -0.000     0.628     0.000   400.535   289.725   -47.611   -29.148     8.317    10.146     1.330     0.000     0.345    -1.490
 130.2395833   -87.321   -18.546   -33.714    14.811     0.000     0.616     0.000   395.052   288.807   -48.878   -30.258     9.128     9.492     1.157     0.000     0.345    -0.994
 130.2604167   -85.616   -19.134   -28.932    13.090     0.000     0.651     0.000   390.420   287.803   -49.574   -30.983     9.731     8.860     1.013     0.000     0.346    -1.065
 130.2812500   -83.456   -18.656   -22.010    10.626    -0.000     0.704     0.000   384.750   286.719   -52.241   -32.783    11.196     8.263     0.824     0.000     0.347    -1.174
 130.3020833   -82.377   -10.441   -28.766     9.906     0.000     0.706     0.000   380.648   286.160   -52.437   -33.242    11.583     7.611     0.695     0.000     0.347    -0.639
 130.3229167   -82.722    -6.752   -34.391     9.572    -0.000     0.738     0.000   378.801   285.850   -50.800   -32.080    11.571     7.149     0.652     0.000     0.347    -0.350
 130.3437500   -83.033    -9.125   -31.754     8.704     0.000     0.752     0.000   376.423   285.359   -50.302   -31.820    11.751     6.731     0.587     0.000     0.347    -0.557
 130.3645833   -83.334    -7.675   -35.158     8.891    -0.000     0.632     0.000   373.831   284.987   -48.927   -31.940    10.762     6.224     0.521     0.000     0.345    -0.466
 130.3854167   -83.966    -2.203   -40.621     6.477     0.000     0.506     0.000   372.218   284.845   -47.421   -31.344    10.197     5.880     0.488     0.000     0.340    -0.198
 130.4062500   -85.308    -2.037   -41.451     4.252     0.000     0.608     0.000   371.653   284.630   -45.856   -30.402     9.926     5.528     0.456     0.000     0.344    -0.216
 130.4270833   -84.816   -10.628   -35.137     7.808    -0.000     0.601     0.000   369.458   284.093   -46.275   -30.814    10.197     5.265     0.397     0.000     0.344    -0.583
 130.4479167   -83.323   -10.283   -33.403     7.989    -0.000     0.572     0.000   366.791   283.606   -47.088   -31.443    10.613     5.032     0.335     0.000     0.344    -0.539
 130.4687500   -82.770    -9.251   -35.244     8.986     0.000     0.549     0.000   364.857   283.269   -46.886   -31.423    10.651     4.811     0.300     0.000     0.343    -0.376
 130.4895833   -82.647    -8.167   -37.081     9.533     0.000     0.564     0.000   363.252   283.041   -46.662   -31.289    10.678     4.695     0.293     0.000     0.343    -0.270
 130.5104167   -82.451    -2.762   -39.912     5.476     0.003     0.550     0.006   362.603   282.915   -45.112   -30.366    10.229     4.516     0.293     0.000     0.342    -0.141
 130.5312500   -80.048    -3.393   -35.491     3.712     0.325     0.566     0.582   361.339   282.641   -44.605   -30.003    10.307     4.295     0.428     0.000     0.343    -0.271
 130.5520833   -62.835     3.894   -33.101     7.085     2.850     0.514     5.850   361.142   282.780   -40.955   -26.891     9.985     4.079     4.868     0.000     0.342     0.241
 130.5729167   -13.680    13.673   -20.616    22.486     8.913     0.528    19.187   364.415   283.444   -30.187   -17.232     8.972     3.982    22.121     0.000     0.346     0.963
 130.5937500    56.486    27.313    -1.105    42.274    14.036     0.449    36.065   370.154   284.667   -13.597    -1.768     7.744     4.086    46.402     0.000     0.353     1.601
 130.6145833   133.662    34.432    14.092    75.193    17.604     0.457    54.158   379.608   286.330     7.895    18.153     5.856     4.402    79.143     0.000     0.361     2.051
 130.6354167   215.760    24.237    44.402   118.930    20.267     0.471    72.547   388.124   287.690    26.471    37.190     5.358     5.360   116.482     0.000     0.372     1.719
 130.6562500   296.784    24.854    67.881   158.685    22.596     0.435    90.463   396.979   289.031    43.684    55.802     5.537     6.581   155.937     0.000     0.392     1.680
 130.6770833   376.222    17.654    94.847   204.986    24.463     0.444   107.823   404.495   290.138    57.325    72.256     6.681     8.251   197.095     0.000     0.397     1.411
 130.6979167   449.718    19.625   119.883   240.919    25.993     0.452   123.538   411.270   291.124    68.033    86.498     8.392    10.073   235.104     0.000     0.401     1.258
 130.7187500   513.419    20.943   137.383   277.199    27.257     0.442   137.248   417.971   292.168    76.631    98.889    10.314    11.944   269.916     0.000     0.411     1.264
 130.7395833   573.517    18.143   147.543   321.071    28.223     0.433   149.924   424.939   293.223    85.489   110.969    11.473    14.007   308.854     0.000     0.415     1.270
 130.7604167   626.524    14.479   166.048   354.292    28.732     0.488   160.557   430.135   293.999    90.762   119.943    13.038    16.143   340.555     0.000     0.402     0.944
 130.7812500   667.670    14.714   180.999   377.512    28.926     0.579   168.772   434.597   294.694    93.595   126.575    14.733    18.247   363.221     0.000     0.384     0.850
 130.8020833   697.991     7.127   195.516   399.953    28.882     0.609   175.042   438.831   295.271    94.693   131.407    16.415    20.299   377.873     0.000     0.381     0.702
 130.8229167   713.272    -2.053   199.754   423.234    28.669     0.658   178.117   441.824   295.803    91.771   132.445    18.079    22.596   390.316     0.000     0.375     0.567
 130.8437500   713.483     6.376   185.559   431.350    28.426     0.620   178.341   445.890   296.611    89.380   131.814    18.121    24.313   401.004     0.000     0.379     0.819
 130.8645833   698.231     0.472   159.758   450.902    28.071     0.534   175.791   450.681   297.484    86.290   129.071    16.936    25.845   412.131     0.000     0.391     0.808
 130.8854167   671.781     1.349   124.996   464.728    27.944     0.515   171.169   454.728   298.096    80.309   123.557    15.956    27.293   429.166     0.000     0.392     0.399
 130.9062500   632.482    12.349    91.512   455.872    27.908     0.487   163.462   457.671   298.523    72.576   115.115    15.005    27.534   433.935     0.000     0.395     0.172
 130.9270833   578.735     1.810    49.678   464.531    27.776     0.478   152.443   458.768   298.909    62.595   103.507    13.531    27.381   432.839     0.000     0.391     0.121
 130.9479167   530.974     6.264    11.926   456.284    27.394     0.457   142.415   459.719   299.270    56.353    94.425    11.302    26.770   429.843     0.000     0.386     0.147
 130.9687500   470.176    18.855   -14.032   420.912    27.206     0.517   129.023   457.764   299.050    44.873    80.732    10.244    25.615   416.969     0.000     0.363    -0.433
 130.9895833   395.379    29.752   -24.515   361.820    26.855     0.581   112.241   451.869   298.476    29.117    62.640    10.205    23.319   376.598     0.000     0.353    -0.794
 131.0104167   303.957    12.944   -51.966   330.574    25.823     0.580    92.087   446.084   298.004    13.133    43.358     9.498    20.727   329.529     0.000     0.345    -0.727
 131.0312500   238.801     2.876   -62.423   295.440    24.660     0.559    78.244   441.736   297.379     3.711    30.824     8.606    18.508   289.075     0.000     0.342    -0.804
 131.0520833   153.200    -6.157   -64.226   235.212    22.026     0.522    58.699   436.694   296.505   -10.573    13.734     8.011    16.296   225.975     0.000     0.339    -1.055
 131.0729167    43.506   -19.707   -60.804   153.015    15.047     0.526    32.739   431.203   295.498   -27.942    -6.046     7.406    14.490   134.508     0.000     0.338    -1.056
 131.0937500   -14.413   -17.252   -43.585    82.189     9.413     0.466    19.100   425.110   294.281   -34.501   -15.186     6.852    12.464    71.350     0.000     0.337    -1.264
 131.1145833   -74.221   -30.748   -31.345    32.569     2.870     0.477     5.474   418.072   292.817   -43.084   -24.999     7.104    10.981    13.780     0.000     0.340    -1.613
 131.1354167   -95.718   -39.249   -29.123    23.028     0.306     0.444     0.549   408.552   291.016   -48.317   -30.568     8.061     9.688     1.372     0.000     0.338    -2.057
 131.1562500   -94.989   -41.771   -27.047    26.613     0.002     0.331     0.004   398.698   289.301   -50.895   -33.585     8.696     8.614     0.892     0.000     0.326    -1.889
 131.1770833   -92.031   -37.830   -31.982    30.277    -0.000     0.345     0.000   392.164   288.401   -51.550   -34.293     9.220     8.037     0.793     0.000     0.325    -0.946
 131.1979167   -90.880   -26.375   -29.130    18.669    -0.000     0.544     0.000   387.881   287.409   -53.001   -34.242    10.794     7.965     0.768     0.000     0.343    -1.043
 131.2187500   -88.334   -13.031   -31.042     9.090     0.000     0.583     0.000   383.461   286.666   -52.531   -34.149    11.147     7.234     0.634     0.000     0.344    -0.820
 131.2395833   -86.087   -14.803   -32.536    13.013    -0.000     0.583     0.000   380.285   286.096   -51.131   -33.425    11.043     6.662     0.559     0.000     0.344    -0.630
 131.2604167   -83.692   -13.592   -32.089    12.703    -0.000     0.541     0.000   377.309   285.605   -50.160   -32.937    10.945     6.278     0.512     0.000     0.343    -0.553
 131.2812500   -81.370    -7.247   -35.166     9.593    -0.000     0.540     0.000   375.537   285.354   -48.270   -31.770    10.583     5.917     0.487     0.000     0.342    -0.280
 131.3020833   -78.162    -8.027   -31.362     7.954    -0.000     0.528     0.000   374.195   284.971   -46.323   -30.535    10.193     5.595     0.466     0.000     0.343    -0.404
 131.3229167   -78.818    -9.363   -26.972     5.417     0.000     0.513     0.000   371.140   284.361   -47.211   -31.375    10.591     5.245     0.376     0.000     0.343    -0.690
 131.3437500   -79.872    -3.595   -32.414     3.520    -0.000     0.498     0.000   368.752   284.031   -46.995   -31.533    10.632     4.831     0.298     0.000     0.341    -0.388
 131.3645833   -79.736    -0.228   -36.468     2.652     0.000     0.500     0.000   367.504   283.884   -45.502   -30.757    10.309     4.436     0.249     0.000     0.340    -0.190
 131.3854167   -78.719    -2.986   -33.905     2.209    -0.000     0.379     0.000   366.067   283.219   -43.248   -30.109     9.106     4.034     0.196     0.001     0.326    -0.788
 131.4062500   -67.939   -14.575   -10.596    -0.150    -0.000     0.074     0.000   355.242   281.067   -40.613   -34.971     2.904     2.738    -0.073    -0.239     0.261    -2.005
 131.4270833   -66.385    -1.348   -24.611    -0.214    -0.000     0.108     0.000   353.655   281.131   -40.151   -35.961     2.107     2.083    -0.137    -1.241     0.261    -0.060
 131.4479167   -66.398    -7.760   -17.759     0.261     0.000     0.077     0.000   351.138   280.409   -40.467   -36.650     2.068     1.749    -0.187    -1.981     0.261    -0.674
 131.4687500   -65.017    -8.699   -17.292     1.717     0.000     0.073     0.000   349.146   280.070   -40.423   -36.944     1.987     1.492    -0.222    -2.423     0.261    -0.320
 131.4895833   -66.246   -12.284   -17.287     4.177    -0.000     0.082     0.000   347.675   279.792   -40.571   -37.253     1.996     1.322    -0.231    -2.729     0.261    -0.281
 131.5104167   -68.248    -8.000   -22.941     3.318     0.004     0.112     0.006   347.470   279.714   -40.456   -37.017     2.171     1.269    -0.203    -2.826     0.261    -0.169
 131.5312500   -64.161    -8.076   -14.985     0.000     0.415     0.065     0.744   344.595   278.966   -40.538   -37.147     2.157     1.233    -0.773    -2.545     0.261    -0.562
 131.5520833   -44.400     0.754    -9.875    -0.631     3.389     0.039     7.363   345.940   279.659   -35.743   -32.542     2.027     1.175    -3.857    -1.551     0.261     1.095
 131.5729167     5.488    30.434    -8.478     2.527     9.748     0.097    23.109   357.752   282.411   -21.837   -17.287     3.027     1.522     6.074     1.008     0.280     2.842
 131.5937500    86.812    19.665    50.221    28.872    14.638     0.338    43.055   366.148   283.193   -13.096     0.253    10.032     3.317    29.220     5.010     0.403     1.149
 131.6145833   178.427    46.999    73.152    45.037    18.160     0.367    63.971   375.948   284.935    11.000    23.378     8.962     3.417    53.606     7.142     0.412     2.239
 131.6354167   250.899    47.266    79.782    87.805    20.995     0.275    79.862   387.770   287.066    33.440    44.044     6.684     3.921    89.947     7.351     0.368     2.606
 131.6562500   311.934    39.082    83.584   136.759    23.215     0.247    92.899   398.846   289.046    50.220    60.519     5.278     5.021   138.320     1.321     0.364     2.289
 131.6770833   376.426    38.665   101.251   171.431    24.970     0.241   106.556   407.606   290.540    63.183    74.600     5.125     6.292   180.454     0.000     0.367     1.896
 131.6979167   444.475    35.624   123.206   207.632    26.635     0.202   121.050   416.542   291.841    76.271    89.267     5.575     7.421   215.522     0.000     0.364     1.742
 131.7187500   496.763    23.447   127.574   259.496    27.702     0.181   131.998   424.757   293.121    84.687   100.079     6.218     9.174   253.829     0.000     0.364     1.558
 131.7395833   554.550    26.547   134.355   297.332    28.457     0.160   144.122   433.290   294.456    94.526   112.271     6.730    11.014   292.317     0.000     0.364     1.789
 131.7604167   586.989    13.822   130.697   339.293    28.367     0.104   151.091   443.062   295.625   101.798   120.921     6.308    12.815   321.936     0.000     0.364     1.378
 131.7812500   598.649   -14.500   140.042   382.372    28.608     0.190   151.825   443.407   295.762    91.363   116.042     8.867    15.811   349.990     0.000     0.368    -0.629
 131.8020833   629.519    15.835   160.101   368.823    29.099     0.416   157.039   442.558   295.962    84.667   115.714    13.150    17.896   364.065     0.000     0.412     0.093
 131.8229167   631.394    -4.505   157.768   397.219    29.108     0.467   157.197   443.781   296.216    80.715   114.075    14.348    19.013   369.638     0.000     0.400     0.197
 131.8437500   629.879   -14.244   149.032   418.369    28.969     0.580   156.849   444.415   296.369    76.580   111.897    14.849    20.469   381.180     0.000     0.377     0.142
 131.8645833   651.683    -4.199   159.119   419.487    28.911     0.611   162.334   445.501   296.617    77.038   115.211    16.309    21.864   389.572     0.000     0.374     0.238
 131.8854167   609.775     6.215   113.245   421.448    28.745     0.583   154.065   448.073   297.162    68.647   106.356    15.158    22.551   396.352     0.000     0.374     0.220
 131.9062500   525.039     5.013    59.200   408.305    28.293     0.634   135.436   447.806   297.428    52.478    88.095    13.488    22.129   386.839     0.000     0.362     0.042
 131.9270833   540.477     1.300    58.978   422.482    28.324     0.679   139.783   449.126   297.798    57.330    92.829    13.200    22.299   395.879     0.000     0.360     0.387
 131.9479167   518.001     2.091    38.145   423.245    28.021     0.684   135.811   450.893   298.066    54.423    88.941    12.056    22.462   398.585     0.000     0.358     0.097
 131.9687500   456.852   -10.643    14.892   413.957    27.570     0.749   123.503   448.326   297.740    39.267    74.570    12.758    22.544   385.369     0.000     0.354    -0.621
 131.9895833   374.961    -3.646   -17.800   373.427    26.687     0.726   106.232   444.138   297.128    23.870    56.903    11.706    21.328   357.476     0.000     0.351    -0.890
 132.0104167   293.335     4.541   -21.519   304.097    25.390     0.728    87.622   437.373   296.136     7.332    38.138    11.691    19.115   304.673     0.000     0.349    -1.115
 132.0312500   248.711   -12.322   -17.143   279.935    24.428     0.740    78.936   431.812   295.104    -0.578    28.553    11.918    17.213   266.264     0.000     0.350    -1.181
 132.0520833   149.997   -29.723   -26.127   228.104    21.600     0.777    58.094   424.124   293.677   -20.555     7.791    12.708    15.638   204.617     0.000     0.349    -1.703
 132.0729167    46.413   -41.546   -30.843   158.644    15.910     0.718    34.477   415.021   292.255   -38.214   -12.666    11.868    13.681   125.304     0.000     0.347    -1.628
 132.0937500    -1.254   -41.492   -36.588   120.789    11.773     0.642    23.797   408.405   291.117   -42.678   -19.810    10.594    12.274    84.641     0.000     0.345    -1.286
 132.1145833   -59.930   -44.172   -26.172    63.577     5.188     0.584     9.914   400.885   289.662   -51.563   -29.577    10.635    11.351    30.719     0.000     0.345    -1.600
 132.1354167   -92.883   -39.434   -23.468    28.590     0.801     0.563     1.504   392.899   288.117   -56.832   -35.335    11.063    10.434     3.120     0.000     0.344    -1.738
 132.1562500   -96.689   -30.471   -19.608    14.881     0.030     0.696     0.050   384.593   286.468   -59.693   -37.555    12.638     9.501     1.070     0.000     0.347    -1.797
 132.1770833   -94.478   -20.359   -21.540     9.683     0.000     0.613     0.000   376.832   285.199   -60.844   -39.144    13.339     8.361     0.813     0.056     0.346    -1.419
 132.1979167   -92.722   -13.943   -31.165    12.279     0.000     0.652     0.000   372.544   284.588   -59.204   -38.335    13.321     7.548     0.700     0.018     0.346    -0.688
 132.2187500   -91.651    -9.059   -36.224    10.916     0.000     0.718     0.000   370.133   284.231   -56.881   -36.654    13.204     7.023     0.659     0.002     0.346    -0.404
 132.2395833   -89.690    -4.672   -36.748     7.089    -0.000     0.784     0.000   368.594   283.937   -55.046   -34.729    13.700     6.618     0.627     0.005     0.347    -0.314
 132.2604167   -86.649    -2.583   -33.491     3.377    -0.000     0.829     0.000   366.853   283.563   -53.539   -33.339    14.065     6.135     0.561     0.082     0.348    -0.413
 132.2812500   -84.845    -0.390   -36.976     2.697     0.000     0.721     0.000   364.978   283.328   -49.882   -32.630    11.808     5.444     0.479     0.067     0.346    -0.294
 132.3020833   -85.157     0.187   -41.844     4.528     0.000     0.747     0.000   364.485   283.276   -47.955   -31.287    11.540     5.128     0.457     0.004     0.346    -0.073
 132.3229167   -85.727    -1.627   -42.151     4.087     0.000     0.706     0.000   363.547   283.102   -45.822   -30.578    10.475     4.769     0.423     0.026     0.346    -0.214
 132.3437500   -86.519    -0.647   -44.733     4.077    -0.000     0.735     0.000   362.712   283.010   -45.099   -29.977    10.574     4.549     0.396     0.006     0.346    -0.117
 132.3645833   -88.214    -0.085   -48.290     3.937    -0.000     0.762     0.000   362.389   282.960   -43.707   -29.004    10.379     4.324     0.382     0.003     0.346    -0.069
 132.3854167   -90.637    -4.797   -47.810     5.955    -0.000     0.814     0.000   361.503   282.750   -43.747   -28.690    10.875     4.181     0.363     0.006     0.347    -0.237
 132.4062500   -91.440    -6.163   -46.956     5.505     0.000     0.808     0.000   360.111   282.431   -43.458   -28.680    10.756     4.022     0.340     0.025     0.347    -0.367
 132.4270833   -90.259    -4.919   -45.793     3.327    -0.000     0.666     0.000   358.074   282.063   -42.428   -29.172     9.559     3.697     0.279     0.027     0.344    -0.444
 132.4479167   -89.076    -5.327   -46.540     5.393    -0.000     0.554     0.000   356.446   281.818   -42.308   -29.312     9.474     3.521     0.241     0.007     0.341    -0.295
 132.4687500   -88.745    -5.432   -48.882     7.424     0.000     0.564     0.000   355.555   281.727   -41.757   -28.962     9.367     3.429     0.238     0.000     0.341    -0.098
 132.4895833   -89.749    -6.178   -51.716     8.817    -0.000     0.658     0.000   355.507   281.673   -40.623   -28.120     9.065     3.438     0.274     0.000     0.344    -0.048
 132.5104167   -89.562    -6.779   -49.085     7.085     0.004     0.611     0.006   354.471   281.427   -40.459   -28.061     8.976     3.421     0.278     0.000     0.342    -0.325
 132.5312500   -82.116   -13.379   -30.756     2.976     0.360     0.256     0.642   349.608   279.759   -39.164   -29.979     6.196     2.990     0.177     0.008     0.294    -1.791
 132.5520833   -60.187     0.995   -27.803     1.358     2.879     0.161     5.866   345.496   279.826   -34.965   -30.187     2.609     2.170     0.837     0.006     0.261     0.228
 132.5729167   -25.375    18.095   -35.131    17.864     7.926     0.293    16.406   352.664   281.727   -28.429   -19.565     6.145     2.719    14.433     0.071     0.308     2.226
 132.5937500    30.200    20.250   -14.950    38.588    12.332     0.389    30.398   360.282   282.848   -15.245    -4.726     7.165     3.354    38.526     0.000     0.346     1.556
 132.6145833   127.133    21.526    21.281    75.084    16.356     0.353    52.957   369.457   284.238     7.391    17.381     6.139     3.851    71.094     0.000     0.386     1.849
 132.6354167   198.915    13.733    44.393   115.973    18.795     0.336    69.151   377.788   285.506    23.244    34.190     6.020     4.927   104.608     0.000     0.417     1.573
 132.6562500   276.309    17.511    66.350   151.442    20.976     0.308    86.842   385.818   286.855    39.101    51.605     6.316     6.188   141.274     0.000     0.398     1.905
 132.6770833   375.004    22.287    91.585   198.716    23.409     0.196   108.757   395.745   288.434    60.161    73.534     5.870     7.503   188.677     0.000     0.364     2.254
 132.6979167   448.080    18.027   112.190   243.438    25.187     0.172   124.705   404.622   289.669    72.855    88.682     6.555     9.272   232.705     0.000     0.364     1.570
 132.7187500   509.708    16.879   133.912   277.184    26.429     0.184   137.766   411.494   290.611    80.474    99.612     8.062    11.077   268.159     0.000     0.364     1.259
 132.7395833   568.592    12.688   153.100   313.963    27.376     0.173   150.196   417.954   291.425    87.695   110.205     9.530    12.980   300.865     0.000     0.364     1.147
 132.7604167   623.936    10.878   182.689   339.914    27.928     0.253   161.028   422.080   291.905    90.402   117.671    12.162    15.108   328.691     0.000     0.378     0.054
 132.7812500   676.582    33.653   213.111   340.672    28.278     0.544   170.660   424.621   292.644    88.268   123.920    18.305    17.347   345.493     0.000     0.397     0.877
 132.8020833   708.702    19.255   230.850   366.947    28.471     0.581   176.738   428.874   293.280    90.880   129.374    19.819    18.675   357.652     0.000     0.391     0.770
 132.8229167   719.429    14.050   232.673   382.984    28.526     0.600   178.920   432.571   293.860    89.093   130.095    20.851    20.151   367.856     0.000     0.387     0.629
 132.8437500   716.785     7.122   229.328   395.363    28.561     0.625   178.465   435.018   294.285    84.560   127.484    21.540    21.383   374.442     0.000     0.382     0.411
 132.8645833   702.592     8.886   213.718   401.250    28.579     0.658   175.695   436.795   294.725    78.408   122.645    21.766    22.471   380.660     0.000     0.376     0.330
 132.8854167   671.800    18.220   188.826   393.617    28.702     0.720   169.332   438.438   295.140    70.847   115.055    21.430    22.777   382.503     0.000     0.368     0.290
 132.9062500   627.507     8.603   161.950   394.779    28.682     0.668   160.247   438.849   295.276    62.258   104.691    19.902    22.531   378.522     0.000     0.369    -0.083
 132.9270833   567.392     0.066   131.966   389.709    28.416     0.870   147.547   436.834   295.155    46.055    90.675    22.077    22.543   368.805     0.000     0.357    -0.404
 132.9479167   519.158    -5.686   108.768   379.986    27.975     0.920   137.254   434.553   294.893    36.595    80.501    22.027    21.878   356.261     0.000     0.355    -0.505
 132.9687500   428.253    -8.034    62.820   353.435    26.907     0.912   117.664   430.948   294.575    20.645    61.805    20.484    20.677   329.373     0.000     0.353    -0.613
 132.9895833   376.902    -9.443    36.430   336.078    26.139     0.921   107.384   428.138   294.287    14.319    52.734    18.955    19.460   311.523     0.000     0.352    -0.483
 133.0104167   316.235    -9.812    11.357   309.811    25.123     0.920    95.314   424.963   293.860     5.547    41.322    17.508    18.268   288.159     0.000     0.351    -0.667
 133.0312500   233.042   -10.307   -15.348   266.104    23.450     0.829    77.548   420.492   293.224    -6.495    24.780    14.719    16.556   248.786     0.000     0.350    -0.912
 133.0520833   146.442   -13.337   -36.650   215.408    21.093     0.706    58.639   415.203   292.402   -17.891     8.025    11.483    14.434   200.133     0.000     0.348    -1.088
 133.0729167    64.797   -19.792   -46.246   163.214    17.513     0.726    40.781   409.199   291.361   -31.164    -6.975    11.192    12.997   146.712     0.000     0.346    -1.215
 133.0937500    -9.742   -20.920   -41.627    97.198    11.666     0.797    23.620   402.922   290.128   -43.063   -19.407    11.956    11.700    84.029     0.000     0.347    -1.331
 133.1145833   -69.658   -22.611   -31.007    36.727     4.737     0.804     8.912   395.824   288.721   -51.238   -28.975    12.105    10.158    26.170     0.000     0.348    -1.529
 133.1354167   -97.538   -22.473   -29.716    12.184     0.743     0.855     1.366   388.308   287.351   -55.972   -33.753    13.367     8.852     2.454     0.000     0.348    -1.562
 133.1562500   -99.781   -18.908   -36.944    11.346     0.031     0.765     0.052   381.845   286.334   -54.111   -34.450    12.084     7.576     0.842     0.000     0.347    -1.165
 133.1770833   -97.912   -13.287   -42.882    10.641     0.000     0.720     0.000   377.694   285.693   -51.654   -33.761    11.124     6.768     0.736     0.000     0.346    -0.731
 133.1979167   -95.134    -6.922   -44.665     6.348    -0.000     0.665     0.000   374.785   285.223   -49.356   -32.720    10.500     6.135     0.653     0.000     0.345    -0.540
 133.2187500   -92.716    -3.011   -44.734     2.847     0.000     0.603     0.000   372.495   284.822   -47.361   -31.688    10.103     5.570     0.569     0.000     0.343    -0.457
 133.2395833   -91.065    -2.682   -43.571     1.669    -0.000     0.577     0.000   370.311   284.403   -46.005   -31.072     9.908     5.025     0.473     0.000     0.342    -0.476
 133.2604167   -88.732    -4.829   -42.453     3.887    -0.000     0.482     0.000   367.995   284.014   -44.887   -30.678     9.643     4.566     0.389     0.000     0.337    -0.450
 133.2812500   -87.332    -3.854   -42.900     3.560     0.000     0.494     0.000   366.407   283.719   -43.821   -30.057     9.523     4.241     0.342     0.000     0.338    -0.316
 133.3020833   -84.640    -2.331   -40.947     1.669     0.000     0.473     0.000   364.849   283.409   -42.692   -29.453     9.365     3.873     0.277     0.003     0.337    -0.339
 133.3229167   -82.114    -5.142   -39.391     4.482    -0.000     0.440     0.000   363.356   283.120   -41.742   -28.959     9.186     3.597     0.232     0.002     0.335    -0.320
 133.3437500   -80.815    -9.215   -34.075     4.467    -0.000     0.364     0.000   361.245   282.302   -41.044   -29.096     8.605     3.343     0.179     0.002     0.325    -0.947
 133.3645833   -70.953   -19.923   -10.647     1.742     0.000     0.079     0.000   349.731   279.918   -39.829   -34.688     2.839     2.301    -0.084    -0.247     0.261    -2.297
 133.3854167   -68.832   -10.321   -21.223     3.389     0.000     0.095     0.000   346.273   279.642   -40.346   -36.614     2.016     1.715    -0.165    -1.332     0.261    -0.331
 133.4062500   -68.479   -12.952   -19.681     4.608     0.000     0.110     0.000   345.177   279.292   -40.159   -36.587     2.124     1.448    -0.160    -1.989     0.261    -0.295
 133.4270833   -68.096    -6.447   -23.823     2.171    -0.000     0.134     0.000   344.564   279.207   -39.873   -36.182     2.339     1.351    -0.146    -2.153     0.261    -0.123
 133.4479167   -68.656    -5.822   -25.129     2.067    -0.000     0.147     0.000   344.021   279.102   -39.617   -35.737     2.531     1.349    -0.137    -2.215     0.261    -0.155
 133.4687500   -69.171    -6.100   -25.824     2.314     0.000     0.159     0.000   343.348   278.974   -39.397   -35.379     2.653     1.366    -0.130    -2.231     0.261    -0.163
 133.4895833   -68.680    -1.640   -28.428     0.335     0.000     0.169     0.000   342.960   279.050   -38.969   -34.759     2.817     1.394    -0.122    -2.208     0.262     0.022
 133.5104167   -71.658     8.904   -45.321     3.717     0.010     0.313     0.017   347.348   280.552   -40.430   -30.890     7.442     2.098    -0.024    -0.779     0.306     1.472
 133.5312500   -71.773     0.282   -36.304     3.477     0.408     0.434     0.729   350.299   280.609   -39.329   -27.422     9.467     2.440     0.080     0.750     0.336     0.101
 133.5520833   -54.844    12.970   -33.549    -0.604     3.085     0.418     6.423   351.680   281.089   -34.297   -23.281     8.719     2.297     1.582     1.116     0.336     0.637
 133.5729167    -7.873    29.314   -20.243     3.057     8.942     0.390    19.348   357.196   282.202   -21.511   -12.354     7.060     2.097    10.768     2.480     0.342     1.510
 133.5937500    57.359    27.111    10.151    23.900    13.617     0.331    35.154   364.334   283.261    -5.303     2.740     5.935     2.108    28.596     3.914     0.371     1.500
 133.6145833   132.132    28.558    42.457    48.286    16.799     0.286    51.743   372.249   284.476    11.105    19.448     5.861     2.481    50.462     4.468     0.399     1.727
 133.6354167   218.228    38.078    64.239    82.186    19.751     0.320    71.064   382.363   286.333    31.589    39.966     5.216     3.161    86.389     1.325     0.391     2.135
 133.6562500   296.297    39.619    75.396   128.620    22.136     0.499    88.379   392.496   288.314    50.376    58.486     3.999     4.112   132.865     0.000     0.383     2.286
 133.6770833   360.936    24.076    92.777   180.133    23.946     0.548   102.485   400.917   289.801    62.231    72.069     4.339     5.499   175.236     0.000     0.374     1.718
 133.6979167   436.045    19.185    95.885   243.345    25.752     0.605   118.720   409.963   291.501    75.772    87.912     4.833     7.307   228.489     0.000     0.370     1.858
 133.7187500   505.021     8.528    90.100   318.494    27.116     0.791   133.499   418.518   293.096    86.225   101.855     5.730     9.900   292.082     0.000     0.358     1.673
 133.7395833   566.830     6.134    91.881   373.137    28.057     0.854   146.866   426.438   294.470    94.160   113.864     7.051    12.653   345.272     0.000     0.356     1.518
 133.7604167   620.096    12.068   100.360   405.902    28.402     0.938   158.435   434.404   295.787   100.246   124.429     8.599    15.583   382.135     0.000     0.355     1.519
 133.7812500   657.725    18.947   114.180   418.774    28.343     0.907   166.419   442.140   296.924   104.492   131.828     9.481    17.854   402.413     0.000     0.356     1.332
 133.8020833   683.122     8.933   106.771   460.977    28.324     0.939   172.027   450.250   297.891   105.433   136.980    11.108    20.438   434.409     0.000     0.356     1.007
 133.8229167   695.194     0.456   101.445   487.570    27.766     0.906   175.075   457.450   298.756   104.799   139.502    11.852    22.852   451.906     0.000     0.358     0.923
 133.8437500   695.022    -5.611    95.381   504.793    27.134     0.937   175.652   461.958   299.334    99.877   138.379    13.076    25.426   464.880     0.000     0.357     0.581
 133.8645833   686.310    -6.410    89.916   507.915    26.706     0.881   174.712   464.698   299.774    94.433   134.922    13.461    27.028   467.758     0.000     0.359     0.457
 133.8854167   664.541   -18.835    60.124   534.687    26.225     0.849   171.822   467.447   300.336    88.175   130.072    13.138    28.759   478.359     0.000     0.359     0.391
 133.9062500   621.660    -9.904    17.425   534.426    25.739     0.821   164.043   469.930   300.877    79.414   121.239    11.836    29.989   486.095     0.000     0.358     0.299
 133.9270833   568.924    -1.446   -20.540   519.377    25.374     0.678   153.872   471.597   301.174    71.487   110.564     9.468    29.609   483.521     0.000     0.361     0.047
 133.9479167   517.742    -2.443   -53.848   512.582    25.241     0.675   143.234   470.928   301.333    61.542    99.261     8.381    29.338   478.030     0.000     0.357    -0.091
 133.9687500   452.820     4.766   -91.264   488.761    25.058     0.596   129.091   469.579   301.399    50.842    85.670     6.819    28.009   463.781     0.000     0.353    -0.286
 133.9895833   382.082     8.913  -118.543   454.143    24.935     0.490   113.592   466.433   301.127    38.255    70.608     5.960    26.393   438.989     0.000     0.343    -0.687
 134.0104167   307.793    51.304   -95.646   328.806    24.998     0.308    96.351   457.029   299.779    24.908    51.218     4.630    21.679   371.181     0.000     0.306    -1.580
 134.0312500   229.909    20.959   -92.014   290.736    24.029     0.273    78.134   446.449   298.441    11.637    31.691     3.358    16.696   307.838     0.000     0.285    -1.407
 134.0520833   148.838    33.850   -59.185   174.381    21.805     0.181    59.065   437.213   297.261     1.052    12.957     1.077    10.828   210.398     0.000     0.261    -1.260
 134.0729167    64.594   -17.357   -58.219   153.630    17.375     0.154    39.935   430.125   296.108   -11.925    -4.043     0.649     7.234   143.347     0.000     0.261    -1.533
 134.0937500   -11.235   -33.275   -44.298    93.433    10.422     0.100    21.353   420.596   294.380   -25.102   -19.623     0.426     5.053    73.793     0.000     0.261    -1.994
 134.1145833   -60.252   -39.474   -29.816    44.853     3.717     0.055     7.073   410.199   292.978   -34.169   -30.289     0.322     3.558    19.295     0.070     0.261    -1.646
 134.1354167   -86.771   -39.272   -54.872    41.434     0.470     0.108     0.858   410.325   293.828   -34.361   -30.959     0.537     2.865     2.552     0.000     0.261     0.300
 134.1562500   -94.910    -9.703   -59.820     5.790     0.007     0.181     0.012   412.655   293.727   -31.271   -26.331     1.043     3.898     2.236     0.000     0.261     0.095
 134.1770833   -95.801    17.704   -59.607   -22.088    -0.000     0.234     0.000   410.292   293.337   -31.791   -24.456     1.562     5.773     2.033     0.000     0.268    -0.020
 134.1979167  -104.688    -4.311   -96.405    20.823    -0.000     0.480     0.000   416.713   294.005   -26.128   -15.588     1.245     9.295     2.280     0.000     0.322     1.333
 134.2187500  -104.641   -13.328   -77.953    12.293    -0.000     0.546     0.000   415.162   293.163   -24.759   -14.530     0.747     9.481     2.253     0.000     0.334    -0.894
 134.2395833  -101.032   -15.681   -61.844     6.188    -0.000     0.444     0.000   409.290   291.851   -28.346   -17.456     2.028     8.862     1.958     0.000     0.327    -1.349
 134.2604167   -97.533   -21.178   -46.039     5.152     0.000     0.547     0.000   401.720   290.193   -33.779   -21.315     4.208     8.256     1.600     0.000     0.340    -1.687
 134.2812500   -92.231    -9.099   -53.897     7.710    -0.000     0.445     0.000   395.464   289.480   -36.052   -23.364     5.239     7.449     1.326     0.000     0.331    -0.893
 134.3020833   -90.299    -3.927   -65.291    11.578     0.000     0.438     0.000   394.538   289.497   -32.724   -21.303     4.468     6.953     1.313     0.000     0.327     0.064
 134.3229167   -87.280    -6.701   -58.467     9.936     0.000     0.491     0.000   392.948   289.178   -31.658   -20.491     4.450     6.717     1.270     0.000     0.334    -0.389
 134.3437500   -89.096     0.905   -71.679    10.454     0.000     0.420     0.000   393.015   289.377   -28.851   -18.950     3.481     6.420     1.302     0.000     0.323     0.075
 134.3645833   -88.690    -8.023   -56.440     5.546     0.000     0.341     0.000   390.649   288.698   -29.009   -19.659     3.299     6.052     1.208     0.000     0.312    -0.764
 134.3854167   -85.453   -14.399   -44.359     4.826     0.000     0.347     0.000   387.531   287.616   -30.474   -20.644     4.031     5.799     1.078     0.000     0.319    -1.047
 134.4062500   -74.418   -27.346    -9.219     0.052    -0.000     0.113     0.000   373.764   284.515   -34.736   -28.529     1.969     4.238     0.614     0.064     0.266    -3.169
 134.4270833   -67.086    -8.038   -24.413     3.158     0.000     0.086     0.000   365.657   283.677   -36.809   -32.493     1.322     2.994     0.347     0.002     0.261    -0.985
 134.4479167   -65.581     1.770   -48.938    15.986    -0.000     0.100     0.000   366.113   284.854   -35.015   -31.118     1.482     2.414     0.361     0.000     0.261     0.616
 134.4687500   -69.933    -7.171   -57.268    23.348    -0.000     0.157     0.000   372.649   286.244   -30.077   -25.994     1.757     2.326     0.669     0.000     0.261     1.235
 134.4895833   -72.448   -14.230   -42.068    12.755     0.000     0.159     0.000   373.588   285.874   -28.645   -24.407     1.698     2.541     0.829     0.000     0.261    -0.260
 134.5104167   -72.360    -9.367   -42.674     9.294     0.004     0.143     0.006   371.687   285.576   -29.250   -25.062     1.541     2.647     0.837     0.000     0.261    -0.364
 134.5312500   -71.593    -5.489   -39.588     3.186     0.353     0.146     0.642   370.157   285.220   -29.443   -25.217     1.528     2.698     1.226     0.000     0.261    -0.259
 134.5520833   -55.006     3.607   -35.051     3.564     2.956     0.143     6.116   369.200   284.911   -27.013   -22.723     1.554     2.737    10.078     0.000     0.261    -0.113
 134.5729167   -10.519    19.360   -22.516    11.300     8.777     0.122    18.109   370.375   284.988   -19.323   -15.111     1.523     2.690    29.923     0.000     0.261     0.661
 134.5937500    47.247    46.860    -8.140    10.913    14.058     0.080    33.101   376.949   286.131    -4.514    -0.517     1.431     2.566    43.628     0.000     0.261     2.127
 134.6145833   120.997    19.654   -16.802   104.349    18.377     0.146    51.582   388.496   288.012    11.970    19.948     3.657     4.321    94.247     0.000     0.366     1.826
 134.6354167   200.058    55.141     5.903   103.504    21.525     0.098    70.016   399.717   289.804    33.084    40.620     2.805     4.731   126.159     0.000     0.364     2.426
 134.6562500   280.683    23.205    17.606   186.373    23.864     0.146    87.695   409.627   291.595    51.730    59.501     2.108     5.662   175.812     0.000     0.365     1.768
 134.6770833   360.298    11.682     8.491   272.954    25.540     0.375   104.603   417.486   293.311    65.305    75.547     2.226     8.016   250.023     0.000     0.392     1.866
 134.6979167   439.500     8.229    18.209   333.164    26.943     0.412   121.783   425.677   294.749    78.282    91.213     2.733    10.198   308.938     0.000     0.381     1.615
 134.7187500   504.841     8.976    18.217   387.193    27.764     0.446   136.089   434.634   296.301    88.678   104.603     3.200    12.725   359.716     0.000     0.375     1.777
 134.7395833   564.086     8.000    36.369   420.759    27.842     0.489   149.096   443.679   297.616    97.346   116.612     3.809    15.458   393.395     0.000     0.372     1.612
 134.7604167   612.625     4.528    43.456   461.546    27.894     0.547   160.065   453.677   298.496   102.151   126.527     5.713    18.663   433.743     0.000     0.378     0.944
 134.7812500   648.962     3.328    61.109   480.283    27.155     0.560   167.998   461.777   299.232   103.320   133.358     8.243    21.796   450.709     0.000     0.388     0.922
 134.8020833   674.852     2.984    75.371   493.242    26.084     0.561   173.452   468.073   299.959   102.387   137.870    10.686    24.797   460.515     0.000     0.397     0.868
 134.8229167   687.576    13.705    85.824   483.219    24.390     0.484   176.467   475.568   300.831   103.708   141.487    10.995    26.785   456.901     0.000     0.408     1.120
 134.8437500   686.670     6.915    89.521   485.905    23.013     0.386   176.523   480.824   301.627   103.260   140.701     9.477    27.965   452.701     0.000     0.392     1.069
 134.8645833   675.957    18.188    96.207   460.094    21.534     0.247   174.829   484.936   302.427   100.059   137.738     8.460    29.219   436.775     0.000     0.370     1.410
 134.8854167   648.806    34.570   123.027   390.108    19.279     0.110   169.930   489.820   303.030   100.076   135.769     6.366    29.327   385.897     0.000     0.364     1.024
 134.9062500   615.616    -8.079    82.993   463.964    22.114     0.212   161.883   484.452   302.637    78.452   118.053     9.174    30.427   431.667     0.000     0.367    -1.714
 134.9270833   567.115    -4.425    21.779   482.774    22.478     0.273   152.246   485.177   302.856    67.146   107.201     9.458    30.597   444.162     0.000     0.377    -0.159
 134.9479167   515.157    11.659    -9.390   454.284    22.452     0.246   141.208   484.204   302.964    58.912    97.066     8.254    29.899   434.617     0.000     0.371    -0.308
 134.9687500   453.624    45.446   -41.442   404.107    23.837     0.377   126.665   478.858   302.532    46.162    81.662     7.887    27.613   427.330     0.000     0.387    -0.649
 134.9895833   384.500    14.178   -66.871   405.323    24.817     0.435   110.724   472.361   301.865    32.879    65.001     7.499    24.623   403.453     0.000     0.349    -1.008
 135.0104167   308.536    32.905   -76.834   332.725    25.010     0.330    93.738   465.031   300.932    20.907    48.143     6.290    20.947   354.197     0.000     0.323    -1.167
 135.0312500   229.419    37.883   -62.424   244.958    24.216     0.257    75.455   455.218   299.873    10.101    29.983     4.074    15.808   278.210     0.000     0.293    -1.098
 135.0520833   144.886    23.785   -51.611   174.100    21.736     0.216    56.664   449.160   298.926    -0.346    13.158     2.289    11.215   198.871     0.000     0.277    -1.042
 135.0729167    61.868   -21.505   -58.660   156.175    16.815     0.242    38.241   444.158   298.287   -13.198    -1.618     2.403     9.178   139.075     0.000     0.283    -0.944
 135.0937500   -12.909   -50.555   -60.504   124.538     9.961     0.279    21.048   439.577   297.476   -25.524   -12.690     3.188     9.645    80.360     0.000     0.295    -0.864
 135.1145833   -68.665   -51.317   -56.554    72.247     3.872     0.340     7.813   436.460   296.748   -32.374   -18.138     3.495    10.742    24.781     0.000     0.313    -0.667
 135.1354167   -91.303   -41.607   -44.480    31.933     0.637     0.346     1.178   430.025   295.275   -35.551   -21.546     3.605    10.401     2.964     0.000     0.319    -1.598
 135.1562500   -93.346   -52.226   -37.149    36.691     0.026     0.447     0.044   421.802   293.540   -38.909   -23.766     5.032    10.110     1.870     0.000     0.336    -1.754
 135.1770833   -89.574   -42.321   -30.756    27.948     0.000     0.491     0.000   412.739   291.897   -42.706   -26.475     6.668     9.563     1.602     0.000     0.341    -1.739
 135.1979167   -85.129   -34.230   -29.130    24.140    -0.000     0.510     0.000   405.373   290.586   -44.502   -27.841     7.713     8.947     1.404     0.000     0.342    -1.407
 135.2187500   -83.238   -25.159   -25.546    14.891    -0.000     0.487     0.000   398.631   289.306   -46.024   -29.227     8.518     8.279     1.205     0.000     0.342    -1.399
 135.2395833   -81.637   -16.524   -25.544     8.942    -0.000     0.424     0.000   392.071   288.273   -47.359   -30.740     9.208     7.411     0.960     0.000     0.338    -1.151
 135.2604167   -79.917   -13.848   -32.773    13.223     0.000     0.510     0.000   388.846   287.781   -46.000   -29.870     9.303     6.827     0.877     0.000     0.341    -0.519
 135.2812500   -76.321   -15.269   -28.114    12.459    -0.000     0.564     0.000   386.065   287.152   -44.731   -29.012     9.320     6.398     0.816     0.000     0.344    -0.666
 135.3020833   -73.493   -13.970   -25.912    11.629    -0.000     0.533     0.000   382.675   286.568   -44.593   -29.031     9.515     6.047     0.743     0.000     0.344    -0.648
 135.3229167   -72.571    -8.506   -29.243     8.981    -0.000     0.549     0.000   380.490   286.200   -43.388   -28.363     9.354     5.671     0.691     0.000     0.344    -0.416
 135.3437500   -72.534    -9.989   -28.760     9.401    -0.000     0.525     0.000   378.211   285.776   -42.703   -28.099     9.234     5.370     0.645     0.000     0.343    -0.482
 135.3645833   -72.237    -5.159   -30.039     5.407     0.000     0.511     0.000   376.119   285.431   -42.050   -27.844     9.149     5.057     0.592     0.000     0.342    -0.396
 135.3854167   -71.897    -0.892   -31.628     1.841    -0.000     0.477     0.000   374.470   285.147   -40.881   -27.343     8.879     4.659     0.522     0.000     0.340    -0.338
 135.4062500   -71.040    -2.313   -30.739     2.302    -0.000     0.374     0.000   372.472   284.779   -39.849   -27.196     8.401     4.252     0.441     0.000     0.331    -0.440
 135.4270833   -69.582    -3.857   -28.821     2.300    -0.000     0.277     0.000   370.039   284.268   -38.641   -27.459     7.348     3.834     0.355     0.000     0.314    -0.563
 135.4479167   -68.045    -1.851   -30.348     2.280    -0.000     0.261     0.000   367.794   284.172   -38.022   -27.855     6.707     3.460     0.276     0.000     0.306    -0.104
 135.4687500   -69.450    -1.100   -36.636     5.764    -0.000     0.478     0.000   369.413   284.360   -37.713   -25.835     8.365     3.513     0.326     0.000     0.338     0.234
 135.4895833   -68.988    -5.261   -34.740     7.125     0.000     0.564     0.000   369.582   284.246   -35.996   -24.527     8.028     3.441     0.354     0.000     0.343    -0.116
 135.5104167   -68.360    -9.705   -29.210     7.407     0.011     0.502     0.019   367.852   283.862   -36.430   -24.914     8.160     3.356     0.325     0.000     0.342    -0.423
 135.5312500   -64.682    -8.444   -28.910     9.082     0.420     0.520     0.760   366.530   283.659   -36.227   -24.564     8.341     3.322     0.632     0.000     0.343    -0.182
 135.5520833   -46.792    -1.491   -22.462     9.855     2.996     0.396     6.055   366.121   283.473   -32.570   -21.550     7.757     3.263     6.222     0.000     0.336    -0.125
 135.5729167    -8.293    14.232    -2.266     0.285     7.946     0.041    15.767   365.098   283.241   -21.050   -15.987     2.608     2.456     9.850     0.000     0.261     0.506
 135.5937500    40.855    14.751     2.408    32.292    12.904     0.075    28.987   372.474   284.687   -10.017    -3.140     4.216     2.661    29.866     0.000     0.313     1.422
 135.6145833   123.352    28.047    28.828    59.976    17.191     0.115    48.879   379.998   285.907     4.665    14.710     6.511     3.535    65.563     0.000     0.364     1.836
 135.6354167   206.093    30.109    56.378    94.964    20.029     0.170    67.437   388.027   287.261    22.986    33.255     6.141     4.128    99.669     0.000     0.364     1.656
 135.6562500   274.536    32.162    71.243   131.162    22.224     0.217    82.398   396.773   288.735    38.222    49.183     5.976     4.984   135.217     0.000     0.365     1.747
 135.6770833   356.648    34.373    91.657   174.238    24.376     0.261   100.406   405.761   290.294    54.524    67.043     6.333     6.186   177.997     0.000     0.371     1.855
 135.6979167   435.652    36.979   100.848   225.005    26.399     0.289   117.855   416.243   292.000    70.923    84.881     6.378     7.580   227.867     0.000     0.375     1.897
 135.7187500   501.894    22.946   116.782   280.507    27.713     0.342   132.177   424.447   293.249    80.316    97.316     7.480     9.519   274.765     0.000     0.400     1.342
 135.7395833   562.649    14.021   140.944   322.282    28.517     0.437   145.045   429.727   294.048    84.399   106.356    10.215    11.742   312.298     0.000     0.410     1.003
 135.7604167   614.526     9.173   161.646   355.473    28.951     0.550   155.951   433.868   294.733    87.394   113.715    12.527    13.794   340.254     0.000     0.386     0.840
 135.7812500   651.564     8.172   177.129   376.324    29.094     0.610   163.746   438.626   295.250    89.287   119.401    14.298    15.816   360.689     0.000     0.378     0.652
 135.8020833   661.946     1.759   195.050   382.750    29.099     0.663   165.786   439.733   295.359    82.204   117.198    17.340    17.654   365.100     0.000     0.373     0.183
 135.8229167   692.381    14.091   202.600   390.641    29.001     0.715   172.160   443.166   296.093    84.210   122.640    19.265    19.165   374.312     0.000     0.370     0.839
 135.8437500   696.215    12.982   193.970   403.936    28.726     0.704   173.311   448.345   296.771    84.610   123.839    18.725    20.505   386.004     0.000     0.370     0.716
 135.8645833   689.008    12.199   190.190   409.420    28.891     0.781   172.036   450.007   297.138    76.927   119.622    20.911    21.784   393.984     0.000     0.365     0.272
 135.8854167   671.383    20.418   144.640   428.289    28.663     0.742   169.083   456.137   298.323    76.987   118.239    18.935    22.318   408.118     0.000     0.367     1.049
 135.9062500   629.281     5.793    92.185   457.841    28.058     0.732   161.251   462.034   299.342    72.690   111.954    16.062    23.201   424.662     0.000     0.365     0.772
 135.9270833   577.370     2.460    49.345   460.537    27.568     0.701   151.027   465.220   299.900    64.710   102.248    13.935    23.603   430.675     0.000     0.364     0.317
 135.9479167   523.495    -3.845    12.852   458.956    27.158     0.704   140.054   465.924   300.093    55.595    91.555    12.346    23.614   428.254     0.000     0.360    -0.064
 135.9687500   459.254    -6.015   -19.069   442.531    26.957     0.743   126.302   463.268   299.884    42.287    77.340    11.867    23.186   416.178     0.000     0.355    -0.479
 135.9895833   399.455    -0.905   -45.328   413.792    26.587     0.716   113.214   459.352   299.704    32.230    64.399    10.368    21.802   393.626     0.000     0.352    -0.334
