# PROBE mlrungekuttamod.rungekuttaupdate_flat: call=38
# irk = 2
# num_filter = 1
# np_ = 1
# INPUT: a(4,4)
 1.00000000000000004E+036
 5.00000000000000000E-001
 0.00000000000000000E+000
 0.00000000000000000E+000
 1.00000000000000004E+036
 1.00000000000000004E+036
 5.00000000000000000E-001
 0.00000000000000000E+000
 1.00000000000000004E+036
 1.00000000000000004E+036
 1.00000000000000004E+036
 1.00000000000000000E+000
 1.00000000000000004E+036
 1.00000000000000004E+036
 1.00000000000000004E+036
 1.00000000000000004E+036
# INPUT: b(4)
 1.66666666666666657E-001
 3.33333333333333315E-001
 3.33333333333333315E-001
 1.66666666666666657E-001
# INPUT: c(4)
 0.00000000000000000E+000
 5.00000000000000000E-001
 5.00000000000000000E-001
 1.00000000000000000E+000
# INPUT: filter(1)
1
# INPUT: mlcanopy_inst__deair_profile(1,100,4)
 9.52851196275119037E+001
 1.13559260934928943E+002
 1.09021691779482353E+002
 1.03441964027110771E+002
 9.97135910326101111E+001
 9.71100588300230356E+001
 9.43626565449978898E+001
 9.06797743324498242E+001
 8.57987913795257100E+001
 7.97232704408879727E+001
 7.29132790836581535E+001
 6.59134873872201297E+001
 5.92678384930034099E+001
 5.34290750484960881E+001
 4.87383668295008192E+001
 4.54441600313716663E+001
 4.35303859749401454E+001
 4.29459869228926436E+001
 4.35097086213986586E+001
 4.48888308156369931E+001
 4.64791640717380687E+001
 4.74229781281194391E+001
 4.79642452743541980E+001
 4.83238118057938664E+001
 4.85288749502733481E+001
 4.85412503100001231E+001
 4.84154217475713722E+001
 4.81636434316856139E+001
 4.77827451539176309E+001
 4.73018648206411854E+001
 4.67333197174395991E+001
 4.60868933811195802E+001
 4.53777345014493676E+001
 4.46204130502333101E+001
 4.38244285798796227E+001
 4.30051675952179266E+001
 4.21777973233063221E+001
 4.13516865851672719E+001
 4.05428658383295897E+001
 3.97623755513964170E+001
 3.90220187967386209E+001
 3.83351637303279631E+001
 3.77141088993234916E+001
 3.71709258268880376E+001
 3.67184252300463640E+001
 3.63702979724687339E+001
 1.00000000000000004E+036
 1.00000000000000004E+036
 1.00000000000000004E+036
 1.00000000000000004E+036
 1.00000000000000004E+036
 1.00000000000000004E+036
 1.00000000000000004E+036
 1.00000000000000004E+036
 1.00000000000000004E+036
 1.00000000000000004E+036
 1.00000000000000004E+036
 1.00000000000000004E+036
 1.00000000000000004E+036
 1.00000000000000004E+036
 1.00000000000000004E+036
 1.00000000000000004E+036
 1.00000000000000004E+036
 1.00000000000000004E+036
 1.00000000000000004E+036
 1.00000000000000004E+036
 1.00000000000000004E+036
 1.00000000000000004E+036
 1.00000000000000004E+036
 1.00000000000000004E+036
 1.00000000000000004E+036
 1.00000000000000004E+036
 1.00000000000000004E+036
 1.00000000000000004E+036
 1.00000000000000004E+036
 1.00000000000000004E+036
 1.00000000000000004E+036
 1.00000000000000004E+036
 1.00000000000000004E+036
 1.00000000000000004E+036
 1.00000000000000004E+036
 1.00000000000000004E+036
 1.00000000000000004E+036
 1.00000000000000004E+036
 1.00000000000000004E+036
 1.00000000000000004E+036
 1.00000000000000004E+036
 1.00000000000000004E+036
 1.00000000000000004E+036
 1.00000000000000004E+036
 1.00000000000000004E+036
 1.00000000000000004E+036
 1.00000000000000004E+036
 1.00000000000000004E+036
 1.00000000000000004E+036
 1.00000000000000004E+036
 1.00000000000000004E+036
 1.00000000000000004E+036
 1.00000000000000004E+036
 1.00000000000000004E+036
 1.67404732156378486E+002
 1.16974243997452277E+002
 9.59992860369659411E+001
 8.98323151262700321E+001
 9.12308882782083401E+001
 9.63390140013598284E+001
 1.02732487227347519E+002
 1.09071341044229257E+002
 1.14668803432235791E+002
 1.19058651376466969E+002
 1.21952183199784031E+002
 1.23165327101412686E+002
 1.22777351868259302E+002
 1.20939405882879100E+002
 1.17848489899811511E+002
 1.13836584784947718E+002
 1.09097864950985240E+002
 1.03880030766777281E+002
 9.84472972097621550E+001
 9.30969899708109097E+001
 8.81994381173656166E+001
 8.42448465679733545E+001
 8.04744996551683016E+001
 7.69121030023682124E+001
 7.34013947578407624E+001
 6.99370746755905657E+001
 6.65000833119599974E+001
 6.30989668067441016E+001
 5.97296462997085200E+001
 5.63796609410765086E+001
 5.30729886354695282E+001
 4.97926914284892064E+001
 4.65438385767170075E+001
 4.33288102400488242E+001
 4.01462582097356062E+001
 3.69928254912197190E+001
 3.38690799332068764E+001
 3.07774740454675566E+001
 2.77093652021258094E+001
 2.46666963996664208E+001
 2.16484411664453091E+001
 1.86486866369626796E+001
 1.56683456985347220E+001
 1.27031456208602549E+001
 9.75113014568808012E+000
 6.80882319077966258E+000
 1.00000000000000004E+036
 1.00000000000000004E+036
 1.00000000000000004E+036
 1.00000000000000004E+036
 1.00000000000000004E+036
 1.00000000000000004E+036
 1.00000000000000004E+036
 1.00000000000000004E+036
 1.00000000000000004E+036
 1.00000000000000004E+036
 1.00000000000000004E+036
 1.00000000000000004E+036
 1.00000000000000004E+036
 1.00000000000000004E+036
 1.00000000000000004E+036
 1.00000000000000004E+036
 1.00000000000000004E+036
 1.00000000000000004E+036
 1.00000000000000004E+036
 1.00000000000000004E+036
 1.00000000000000004E+036
 1.00000000000000004E+036
 1.00000000000000004E+036
 1.00000000000000004E+036
 1.00000000000000004E+036
 1.00000000000000004E+036
 1.00000000000000004E+036
 1.00000000000000004E+036
 1.00000000000000004E+036
 1.00000000000000004E+036
 1.00000000000000004E+036
 1.00000000000000004E+036
 1.00000000000000004E+036
 1.00000000000000004E+036
 1.00000000000000004E+036
 1.00000000000000004E+036
 1.00000000000000004E+036
 1.00000000000000004E+036
 1.00000000000000004E+036
 1.00000000000000004E+036
 1.00000000000000004E+036
 1.00000000000000004E+036
 1.00000000000000004E+036
 1.00000000000000004E+036
 1.00000000000000004E+036
 1.00000000000000004E+036
 1.00000000000000004E+036
 1.00000000000000004E+036
 1.00000000000000004E+036
 1.00000000000000004E+036
 1.00000000000000004E+036
 1.00000000000000004E+036
 1.00000000000000004E+036
 1.00000000000000004E+036
 1.71242073416066432E+002
 1.17147141853500216E+002
 9.52008959556317222E+001
 8.90065553072781768E+001
 9.07562513238053725E+001
 9.63827937697246853E+001
 1.03367388159955908E+002
 1.10324534971544608E+002
 1.16543066163698313E+002
 1.21532736004599656E+002
 1.24966080011681925E+002
 1.26635915420550191E+002
 1.26604067960810653E+002
 1.25004758939867088E+002
 1.21974254426215794E+002
 1.17895973810117539E+002
 1.13017711175780960E+002
 1.07579433852348302E+002
 1.01866747935820285E+002
 9.62081978466665078E+001
 9.10220099472542188E+001
 8.68437109803071507E+001
 8.28893246287623242E+001
 7.91454294636307623E+001
 7.54645979240399356E+001
 7.18504065822771736E+001
 6.82611801264527003E+001
 6.47163183627933449E+001
 6.12178183030252967E+001
 5.77412364581725797E+001
 5.43135353600898725E+001
 5.09214183577187214E+001
 4.75692315391324883E+001
 4.42528600566565729E+001
 4.09749103610024576E+001
 3.77354706174885450E+001
 3.45263415692845683E+001
 3.13534968240770695E+001
 2.82101337657734348E+001
 2.50945084852011178E+001
 2.20052301468247151E+001
 1.89379249171195170E+001
 1.58922575488871871E+001
 1.28616876182879878E+001
 9.84585648407335157E+000
 6.84083806754597390E+000
 1.00000000000000004E+036
 1.00000000000000004E+036
 1.00000000000000004E+036
 1.00000000000000004E+036
 1.00000000000000004E+036
 1.00000000000000004E+036
 1.00000000000000004E+036
 1.00000000000000004E+036
 1.00000000000000004E+036
 1.00000000000000004E+036
 1.00000000000000004E+036
 1.00000000000000004E+036
 1.00000000000000004E+036
 1.00000000000000004E+036
 1.00000000000000004E+036
 1.00000000000000004E+036
 1.00000000000000004E+036
 1.00000000000000004E+036
 1.00000000000000004E+036
 1.00000000000000004E+036
 1.00000000000000004E+036
 1.00000000000000004E+036
 1.00000000000000004E+036
 1.00000000000000004E+036
 1.00000000000000004E+036
 1.00000000000000004E+036
 1.00000000000000004E+036
 1.00000000000000004E+036
 1.00000000000000004E+036
 1.00000000000000004E+036
 1.00000000000000004E+036
 1.00000000000000004E+036
 1.00000000000000004E+036
 1.00000000000000004E+036
 1.00000000000000004E+036
 1.00000000000000004E+036
 1.00000000000000004E+036
 1.00000000000000004E+036
 1.00000000000000004E+036
 1.00000000000000004E+036
 1.00000000000000004E+036
 1.00000000000000004E+036
 1.00000000000000004E+036
 1.00000000000000004E+036
 1.00000000000000004E+036
 1.00000000000000004E+036
 1.00000000000000004E+036
 1.00000000000000004E+036
 1.00000000000000004E+036
 1.00000000000000004E+036
 1.00000000000000004E+036
 1.00000000000000004E+036
 1.00000000000000004E+036
 1.00000000000000004E+036
 1.97007614085532623E+002
 1.17090835645973357E+002
 8.91912361615507052E+001
 8.31936053543245180E+001
 8.75044541923209636E+001
 9.65263790718224755E+001
 1.07525797923750360E+002
 1.18824857349395643E+002
 1.29281501120342455E+002
 1.38350934053712990E+002
 1.45473573926027711E+002
 1.50250367348477084E+002
 1.52507280576319999E+002
 1.52349507556260278E+002
 1.49900002498560980E+002
 1.45324473945153841E+002
 1.39343883094598823E+002
 1.32304185785957316E+002
 1.24632630665944362E+002
 1.16849716346647938E+002
 1.09661701279308318E+002
 1.03942146030269214E+002
 9.86845929392845846E+001
 9.37239243956264545E+001
 8.88765895056449153E+001
 8.41731854701599786E+001
 7.95699663338943992E+001
 7.50656148467846833E+001
 7.06631858996952360E+001
 6.63457626455567606E+001
 6.21292466982583846E+001
 5.79929473378656439E+001
 5.39459759508163188E+001
 4.99818268724211521E+001
 4.60954687155701777E+001
 4.22857259449262983E+001
 3.85429396864135470E+001
 3.48670010260071876E+001
 3.12465179702162459E+001
 2.76790050180410390E+001
 2.41584691344794464E+001
 2.06766693570953066E+001
 1.72304891174085242E+001
 1.38109539607921761E+001
 1.04129628356303101E+001
 7.02926815592638832E+000
 1.00000000000000004E+036
 1.00000000000000004E+036
 1.00000000000000004E+036
 1.00000000000000004E+036
 1.00000000000000004E+036
 1.00000000000000004E+036
 1.00000000000000004E+036
 1.00000000000000004E+036
 1.00000000000000004E+036
 1.00000000000000004E+036
 1.00000000000000004E+036
 1.00000000000000004E+036
 1.00000000000000004E+036
 1.00000000000000004E+036
 1.00000000000000004E+036
 1.00000000000000004E+036
 1.00000000000000004E+036
 1.00000000000000004E+036
 1.00000000000000004E+036
 1.00000000000000004E+036
 1.00000000000000004E+036
 1.00000000000000004E+036
 1.00000000000000004E+036
 1.00000000000000004E+036
 1.00000000000000004E+036
 1.00000000000000004E+036
 1.00000000000000004E+036
 1.00000000000000004E+036
 1.00000000000000004E+036
 1.00000000000000004E+036
 1.00000000000000004E+036
 1.00000000000000004E+036
 1.00000000000000004E+036
 1.00000000000000004E+036
 1.00000000000000004E+036
 1.00000000000000004E+036
 1.00000000000000004E+036
 1.00000000000000004E+036
 1.00000000000000004E+036
 1.00000000000000004E+036
 1.00000000000000004E+036
 1.00000000000000004E+036
 1.00000000000000004E+036
 1.00000000000000004E+036
 1.00000000000000004E+036
 1.00000000000000004E+036
 1.00000000000000004E+036
 1.00000000000000004E+036
 1.00000000000000004E+036
 1.00000000000000004E+036
 1.00000000000000004E+036
 1.00000000000000004E+036
 1.00000000000000004E+036
 1.00000000000000004E+036
# INPUT: mlcanopy_inst__dh2ocan_profile(1,100,4)
 0.00000000000000000E+000
 0.00000000000000000E+000
 0.00000000000000000E+000
 0.00000000000000000E+000
 0.00000000000000000E+000
 0.00000000000000000E+000
 0.00000000000000000E+000
 0.00000000000000000E+000
 0.00000000000000000E+000
 0.00000000000000000E+000
 0.00000000000000000E+000
 0.00000000000000000E+000
 0.00000000000000000E+000
 0.00000000000000000E+000
 0.00000000000000000E+000
 0.00000000000000000E+000
 0.00000000000000000E+000
 0.00000000000000000E+000
 0.00000000000000000E+000
 0.00000000000000000E+000
 0.00000000000000000E+000
 0.00000000000000000E+000
 0.00000000000000000E+000
 0.00000000000000000E+000
 0.00000000000000000E+000
 0.00000000000000000E+000
 0.00000000000000000E+000
 0.00000000000000000E+000
 0.00000000000000000E+000
 0.00000000000000000E+000
 0.00000000000000000E+000
 0.00000000000000000E+000
 0.00000000000000000E+000
 0.00000000000000000E+000
 0.00000000000000000E+000
 0.00000000000000000E+000
 0.00000000000000000E+000
 0.00000000000000000E+000
 0.00000000000000000E+000
 0.00000000000000000E+000
 0.00000000000000000E+000
 0.00000000000000000E+000
 0.00000000000000000E+000
 0.00000000000000000E+000
 0.00000000000000000E+000
 0.00000000000000000E+000
 1.00000000000000004E+036
 1.00000000000000004E+036
 1.00000000000000004E+036
 1.00000000000000004E+036
 1.00000000000000004E+036
 1.00000000000000004E+036
 1.00000000000000004E+036
 1.00000000000000004E+036
 1.00000000000000004E+036
 1.00000000000000004E+036
 1.00000000000000004E+036
 1.00000000000000004E+036
 1.00000000000000004E+036
 1.00000000000000004E+036
 1.00000000000000004E+036
 1.00000000000000004E+036
 1.00000000000000004E+036
 1.00000000000000004E+036
 1.00000000000000004E+036
 1.00000000000000004E+036
 1.00000000000000004E+036
 1.00000000000000004E+036
 1.00000000000000004E+036
 1.00000000000000004E+036
 1.00000000000000004E+036
 1.00000000000000004E+036
 1.00000000000000004E+036
 1.00000000000000004E+036
 1.00000000000000004E+036
 1.00000000000000004E+036
 1.00000000000000004E+036
 1.00000000000000004E+036
 1.00000000000000004E+036
 1.00000000000000004E+036
 1.00000000000000004E+036
 1.00000000000000004E+036
 1.00000000000000004E+036
 1.00000000000000004E+036
 1.00000000000000004E+036
 1.00000000000000004E+036
 1.00000000000000004E+036
 1.00000000000000004E+036
 1.00000000000000004E+036
 1.00000000000000004E+036
 1.00000000000000004E+036
 1.00000000000000004E+036
 1.00000000000000004E+036
 1.00000000000000004E+036
 1.00000000000000004E+036
 1.00000000000000004E+036
 1.00000000000000004E+036
 1.00000000000000004E+036
 1.00000000000000004E+036
 1.00000000000000004E+036
 0.00000000000000000E+000
 0.00000000000000000E+000
 0.00000000000000000E+000
 0.00000000000000000E+000
 0.00000000000000000E+000
 0.00000000000000000E+000
 0.00000000000000000E+000
 0.00000000000000000E+000
 0.00000000000000000E+000
 0.00000000000000000E+000
 0.00000000000000000E+000
 0.00000000000000000E+000
 0.00000000000000000E+000
 0.00000000000000000E+000
 0.00000000000000000E+000
 0.00000000000000000E+000
 0.00000000000000000E+000
 0.00000000000000000E+000
 0.00000000000000000E+000
 0.00000000000000000E+000
 0.00000000000000000E+000
 0.00000000000000000E+000
 0.00000000000000000E+000
 0.00000000000000000E+000
 0.00000000000000000E+000
 0.00000000000000000E+000
 0.00000000000000000E+000
 0.00000000000000000E+000
 0.00000000000000000E+000
 0.00000000000000000E+000
 0.00000000000000000E+000
 0.00000000000000000E+000
 0.00000000000000000E+000
 0.00000000000000000E+000
 0.00000000000000000E+000
 0.00000000000000000E+000
 0.00000000000000000E+000
 0.00000000000000000E+000
 0.00000000000000000E+000
 0.00000000000000000E+000
 0.00000000000000000E+000
 0.00000000000000000E+000
 0.00000000000000000E+000
 0.00000000000000000E+000
 0.00000000000000000E+000
 0.00000000000000000E+000
 1.00000000000000004E+036
 1.00000000000000004E+036
 1.00000000000000004E+036
 1.00000000000000004E+036
 1.00000000000000004E+036
 1.00000000000000004E+036
 1.00000000000000004E+036
 1.00000000000000004E+036
 1.00000000000000004E+036
 1.00000000000000004E+036
 1.00000000000000004E+036
 1.00000000000000004E+036
 1.00000000000000004E+036
 1.00000000000000004E+036
 1.00000000000000004E+036
 1.00000000000000004E+036
 1.00000000000000004E+036
 1.00000000000000004E+036
 1.00000000000000004E+036
 1.00000000000000004E+036
 1.00000000000000004E+036
 1.00000000000000004E+036
 1.00000000000000004E+036
 1.00000000000000004E+036
 1.00000000000000004E+036
 1.00000000000000004E+036
 1.00000000000000004E+036
 1.00000000000000004E+036
 1.00000000000000004E+036
 1.00000000000000004E+036
 1.00000000000000004E+036
 1.00000000000000004E+036
 1.00000000000000004E+036
 1.00000000000000004E+036
 1.00000000000000004E+036
 1.00000000000000004E+036
 1.00000000000000004E+036
 1.00000000000000004E+036
 1.00000000000000004E+036
 1.00000000000000004E+036
 1.00000000000000004E+036
 1.00000000000000004E+036
 1.00000000000000004E+036
 1.00000000000000004E+036
 1.00000000000000004E+036
 1.00000000000000004E+036
 1.00000000000000004E+036
 1.00000000000000004E+036
 1.00000000000000004E+036
 1.00000000000000004E+036
 1.00000000000000004E+036
 1.00000000000000004E+036
 1.00000000000000004E+036
 1.00000000000000004E+036
 0.00000000000000000E+000
 0.00000000000000000E+000
 0.00000000000000000E+000
 0.00000000000000000E+000
 0.00000000000000000E+000
 0.00000000000000000E+000
 0.00000000000000000E+000
 0.00000000000000000E+000
 0.00000000000000000E+000
 0.00000000000000000E+000
 0.00000000000000000E+000
 0.00000000000000000E+000
 0.00000000000000000E+000
 0.00000000000000000E+000
 0.00000000000000000E+000
 0.00000000000000000E+000
 0.00000000000000000E+000
 0.00000000000000000E+000
 0.00000000000000000E+000
 0.00000000000000000E+000
 0.00000000000000000E+000
 0.00000000000000000E+000
 0.00000000000000000E+000
 0.00000000000000000E+000
 0.00000000000000000E+000
 0.00000000000000000E+000
 0.00000000000000000E+000
 0.00000000000000000E+000
 0.00000000000000000E+000
 0.00000000000000000E+000
 0.00000000000000000E+000
 0.00000000000000000E+000
 0.00000000000000000E+000
 0.00000000000000000E+000
 0.00000000000000000E+000
 0.00000000000000000E+000
 0.00000000000000000E+000
 0.00000000000000000E+000
 0.00000000000000000E+000
 0.00000000000000000E+000
 0.00000000000000000E+000
 0.00000000000000000E+000
 0.00000000000000000E+000
 0.00000000000000000E+000
 0.00000000000000000E+000
 0.00000000000000000E+000
 1.00000000000000004E+036
 1.00000000000000004E+036
 1.00000000000000004E+036
 1.00000000000000004E+036
 1.00000000000000004E+036
 1.00000000000000004E+036
 1.00000000000000004E+036
 1.00000000000000004E+036
 1.00000000000000004E+036
 1.00000000000000004E+036
 1.00000000000000004E+036
 1.00000000000000004E+036
 1.00000000000000004E+036
 1.00000000000000004E+036
 1.00000000000000004E+036
 1.00000000000000004E+036
 1.00000000000000004E+036
 1.00000000000000004E+036
 1.00000000000000004E+036
 1.00000000000000004E+036
 1.00000000000000004E+036
 1.00000000000000004E+036
 1.00000000000000004E+036
 1.00000000000000004E+036
 1.00000000000000004E+036
 1.00000000000000004E+036
 1.00000000000000004E+036
 1.00000000000000004E+036
 1.00000000000000004E+036
 1.00000000000000004E+036
 1.00000000000000004E+036
 1.00000000000000004E+036
 1.00000000000000004E+036
 1.00000000000000004E+036
 1.00000000000000004E+036
 1.00000000000000004E+036
 1.00000000000000004E+036
 1.00000000000000004E+036
 1.00000000000000004E+036
 1.00000000000000004E+036
 1.00000000000000004E+036
 1.00000000000000004E+036
 1.00000000000000004E+036
 1.00000000000000004E+036
 1.00000000000000004E+036
 1.00000000000000004E+036
 1.00000000000000004E+036
 1.00000000000000004E+036
 1.00000000000000004E+036
 1.00000000000000004E+036
 1.00000000000000004E+036
 1.00000000000000004E+036
 1.00000000000000004E+036
 1.00000000000000004E+036
 0.00000000000000000E+000
 0.00000000000000000E+000
 0.00000000000000000E+000
 0.00000000000000000E+000
 0.00000000000000000E+000
 0.00000000000000000E+000
 0.00000000000000000E+000
 0.00000000000000000E+000
 0.00000000000000000E+000
 0.00000000000000000E+000
 0.00000000000000000E+000
 0.00000000000000000E+000
 0.00000000000000000E+000
 0.00000000000000000E+000
 0.00000000000000000E+000
 0.00000000000000000E+000
 0.00000000000000000E+000
 0.00000000000000000E+000
 0.00000000000000000E+000
 0.00000000000000000E+000
 0.00000000000000000E+000
 0.00000000000000000E+000
 0.00000000000000000E+000
 0.00000000000000000E+000
 0.00000000000000000E+000
 0.00000000000000000E+000
 0.00000000000000000E+000
 0.00000000000000000E+000
 0.00000000000000000E+000
 0.00000000000000000E+000
 0.00000000000000000E+000
 0.00000000000000000E+000
 0.00000000000000000E+000
 0.00000000000000000E+000
 0.00000000000000000E+000
 0.00000000000000000E+000
 0.00000000000000000E+000
 0.00000000000000000E+000
 0.00000000000000000E+000
 0.00000000000000000E+000
 0.00000000000000000E+000
 0.00000000000000000E+000
 0.00000000000000000E+000
 0.00000000000000000E+000
 0.00000000000000000E+000
 0.00000000000000000E+000
 1.00000000000000004E+036
 1.00000000000000004E+036
 1.00000000000000004E+036
 1.00000000000000004E+036
 1.00000000000000004E+036
 1.00000000000000004E+036
 1.00000000000000004E+036
 1.00000000000000004E+036
 1.00000000000000004E+036
 1.00000000000000004E+036
 1.00000000000000004E+036
 1.00000000000000004E+036
 1.00000000000000004E+036
 1.00000000000000004E+036
 1.00000000000000004E+036
 1.00000000000000004E+036
 1.00000000000000004E+036
 1.00000000000000004E+036
 1.00000000000000004E+036
 1.00000000000000004E+036
 1.00000000000000004E+036
 1.00000000000000004E+036
 1.00000000000000004E+036
 1.00000000000000004E+036
 1.00000000000000004E+036
 1.00000000000000004E+036
 1.00000000000000004E+036
 1.00000000000000004E+036
 1.00000000000000004E+036
 1.00000000000000004E+036
 1.00000000000000004E+036
 1.00000000000000004E+036
 1.00000000000000004E+036
 1.00000000000000004E+036
 1.00000000000000004E+036
 1.00000000000000004E+036
 1.00000000000000004E+036
 1.00000000000000004E+036
 1.00000000000000004E+036
 1.00000000000000004E+036
 1.00000000000000004E+036
 1.00000000000000004E+036
 1.00000000000000004E+036
 1.00000000000000004E+036
 1.00000000000000004E+036
 1.00000000000000004E+036
 1.00000000000000004E+036
 1.00000000000000004E+036
 1.00000000000000004E+036
 1.00000000000000004E+036
 1.00000000000000004E+036
 1.00000000000000004E+036
 1.00000000000000004E+036
 1.00000000000000004E+036
# INPUT: mlcanopy_inst__dlwp_leaf(1,100,2,4)
 0.00000000000000000E+000
-8.12985282167455470E-003
-9.31202337367253996E-003
-9.41565070964212047E-003
-8.84482908368278142E-003
-6.97373695226899404E-003
-4.72022178334263742E-003
-1.83193232912592929E-003
-6.37610792332266030E-005
 2.28062224971692373E-003
 4.80899141617774362E-003
 7.47553088928865073E-003
 1.01115439112474670E-002
 1.32991685795658121E-002
 1.95166622494665765E-002
 3.05870470849705089E-002
 3.83197679734559316E-002
 4.66437262056254021E-002
 5.28686105999429667E-002
 5.19717749414847496E-002
 0.00000000000000000E+000
 0.00000000000000000E+000
 0.00000000000000000E+000
 0.00000000000000000E+000
 0.00000000000000000E+000
 0.00000000000000000E+000
 0.00000000000000000E+000
 0.00000000000000000E+000
 0.00000000000000000E+000
 0.00000000000000000E+000
 0.00000000000000000E+000
 0.00000000000000000E+000
 0.00000000000000000E+000
 0.00000000000000000E+000
 0.00000000000000000E+000
 0.00000000000000000E+000
 0.00000000000000000E+000
 0.00000000000000000E+000
 0.00000000000000000E+000
 0.00000000000000000E+000
 0.00000000000000000E+000
 0.00000000000000000E+000
 0.00000000000000000E+000
 0.00000000000000000E+000
 0.00000000000000000E+000
 0.00000000000000000E+000
 1.00000000000000004E+036
 1.00000000000000004E+036
 1.00000000000000004E+036
 1.00000000000000004E+036
 1.00000000000000004E+036
 1.00000000000000004E+036
 1.00000000000000004E+036
 1.00000000000000004E+036
 1.00000000000000004E+036
 1.00000000000000004E+036
 1.00000000000000004E+036
 1.00000000000000004E+036
 1.00000000000000004E+036
 1.00000000000000004E+036
 1.00000000000000004E+036
 1.00000000000000004E+036
 1.00000000000000004E+036
 1.00000000000000004E+036
 1.00000000000000004E+036
 1.00000000000000004E+036
 1.00000000000000004E+036
 1.00000000000000004E+036
 1.00000000000000004E+036
 1.00000000000000004E+036
 1.00000000000000004E+036
 1.00000000000000004E+036
 1.00000000000000004E+036
 1.00000000000000004E+036
 1.00000000000000004E+036
 1.00000000000000004E+036
 1.00000000000000004E+036
 1.00000000000000004E+036
 1.00000000000000004E+036
 1.00000000000000004E+036
 1.00000000000000004E+036
 1.00000000000000004E+036
 1.00000000000000004E+036
 1.00000000000000004E+036
 1.00000000000000004E+036
 1.00000000000000004E+036
 1.00000000000000004E+036
 1.00000000000000004E+036
 1.00000000000000004E+036
 1.00000000000000004E+036
 1.00000000000000004E+036
 1.00000000000000004E+036
 1.00000000000000004E+036
 1.00000000000000004E+036
 1.00000000000000004E+036
 1.00000000000000004E+036
 1.00000000000000004E+036
 1.00000000000000004E+036
 1.00000000000000004E+036
 1.00000000000000004E+036
 0.00000000000000000E+000
 4.86066654375494345E-003
 6.22834999801918920E-003
 7.08463766314892940E-003
 8.32940217935534966E-003
 9.47406581063131581E-003
 1.09801818248172478E-002
 1.21086208948107399E-002
 1.37540168347055625E-002
 1.59985064009182665E-002
 1.82725087602267910E-002
 2.11455726921880860E-002
 2.48892305002124115E-002
 2.93413851435033735E-002
 3.55211433882712813E-002
 4.26562014226926633E-002
 5.06827068208752785E-002
 5.93120876945080200E-002
 6.61372177767856062E-002
 7.02749488389983190E-002
 0.00000000000000000E+000
 0.00000000000000000E+000
 0.00000000000000000E+000
 0.00000000000000000E+000
 0.00000000000000000E+000
 0.00000000000000000E+000
 0.00000000000000000E+000
 0.00000000000000000E+000
 0.00000000000000000E+000
 0.00000000000000000E+000
 0.00000000000000000E+000
 0.00000000000000000E+000
 0.00000000000000000E+000
 0.00000000000000000E+000
 0.00000000000000000E+000
 0.00000000000000000E+000
 0.00000000000000000E+000
 0.00000000000000000E+000
 0.00000000000000000E+000
 0.00000000000000000E+000
 0.00000000000000000E+000
 0.00000000000000000E+000
 0.00000000000000000E+000
 0.00000000000000000E+000
 0.00000000000000000E+000
 0.00000000000000000E+000
 1.00000000000000004E+036
 1.00000000000000004E+036
 1.00000000000000004E+036
 1.00000000000000004E+036
 1.00000000000000004E+036
 1.00000000000000004E+036
 1.00000000000000004E+036
 1.00000000000000004E+036
 1.00000000000000004E+036
 1.00000000000000004E+036
 1.00000000000000004E+036
 1.00000000000000004E+036
 1.00000000000000004E+036
 1.00000000000000004E+036
 1.00000000000000004E+036
 1.00000000000000004E+036
 1.00000000000000004E+036
 1.00000000000000004E+036
 1.00000000000000004E+036
 1.00000000000000004E+036
 1.00000000000000004E+036
 1.00000000000000004E+036
 1.00000000000000004E+036
 1.00000000000000004E+036
 1.00000000000000004E+036
 1.00000000000000004E+036
 1.00000000000000004E+036
 1.00000000000000004E+036
 1.00000000000000004E+036
 1.00000000000000004E+036
 1.00000000000000004E+036
 1.00000000000000004E+036
 1.00000000000000004E+036
 1.00000000000000004E+036
 1.00000000000000004E+036
 1.00000000000000004E+036
 1.00000000000000004E+036
 1.00000000000000004E+036
 1.00000000000000004E+036
 1.00000000000000004E+036
 1.00000000000000004E+036
 1.00000000000000004E+036
 1.00000000000000004E+036
 1.00000000000000004E+036
 1.00000000000000004E+036
 1.00000000000000004E+036
 1.00000000000000004E+036
 1.00000000000000004E+036
 1.00000000000000004E+036
 1.00000000000000004E+036
 1.00000000000000004E+036
 1.00000000000000004E+036
 1.00000000000000004E+036
 1.00000000000000004E+036
 0.00000000000000000E+000
-3.01537040074422169E-002
-3.65659666221668234E-002
-3.95314443317115183E-002
-4.02749295330537826E-002
-3.93790399046851647E-002
-3.67161724187499150E-002
-3.22078129017751014E-002
-2.82990806329148636E-002
-2.48811658936475277E-002
-2.05285677180451209E-002
-1.51832142009479254E-002
-9.87126306133367937E-003
-2.88663234505048827E-003
 1.45359064168977259E-002
 2.56072168888197282E-002
 3.85319478071062260E-002
 5.17946404577509512E-002
 6.14043824153460704E-002
 5.92200955424331266E-002
 0.00000000000000000E+000
 0.00000000000000000E+000
 0.00000000000000000E+000
 0.00000000000000000E+000
 0.00000000000000000E+000
 0.00000000000000000E+000
 0.00000000000000000E+000
 0.00000000000000000E+000
 0.00000000000000000E+000
 0.00000000000000000E+000
 0.00000000000000000E+000
 0.00000000000000000E+000
 0.00000000000000000E+000
 0.00000000000000000E+000
 0.00000000000000000E+000
 0.00000000000000000E+000
 0.00000000000000000E+000
 0.00000000000000000E+000
 0.00000000000000000E+000
 0.00000000000000000E+000
 0.00000000000000000E+000
 0.00000000000000000E+000
 0.00000000000000000E+000
 0.00000000000000000E+000
 0.00000000000000000E+000
 0.00000000000000000E+000
 1.00000000000000004E+036
 1.00000000000000004E+036
 1.00000000000000004E+036
 1.00000000000000004E+036
 1.00000000000000004E+036
 1.00000000000000004E+036
 1.00000000000000004E+036
 1.00000000000000004E+036
 1.00000000000000004E+036
 1.00000000000000004E+036
 1.00000000000000004E+036
 1.00000000000000004E+036
 1.00000000000000004E+036
 1.00000000000000004E+036
 1.00000000000000004E+036
 1.00000000000000004E+036
 1.00000000000000004E+036
 1.00000000000000004E+036
 1.00000000000000004E+036
 1.00000000000000004E+036
 1.00000000000000004E+036
 1.00000000000000004E+036
 1.00000000000000004E+036
 1.00000000000000004E+036
 1.00000000000000004E+036
 1.00000000000000004E+036
 1.00000000000000004E+036
 1.00000000000000004E+036
 1.00000000000000004E+036
 1.00000000000000004E+036
 1.00000000000000004E+036
 1.00000000000000004E+036
 1.00000000000000004E+036
 1.00000000000000004E+036
 1.00000000000000004E+036
 1.00000000000000004E+036
 1.00000000000000004E+036
 1.00000000000000004E+036
 1.00000000000000004E+036
 1.00000000000000004E+036
 1.00000000000000004E+036
 1.00000000000000004E+036
 1.00000000000000004E+036
 1.00000000000000004E+036
 1.00000000000000004E+036
 1.00000000000000004E+036
 1.00000000000000004E+036
 1.00000000000000004E+036
 1.00000000000000004E+036
 1.00000000000000004E+036
 1.00000000000000004E+036
 1.00000000000000004E+036
 1.00000000000000004E+036
 1.00000000000000004E+036
 0.00000000000000000E+000
 5.50082654588718301E-003
 8.15162255605461628E-003
 9.72258752249754998E-003
 1.12697056471702806E-002
 1.16609668126088639E-002
 1.38728364173640872E-002
 1.64441378513222602E-002
 1.92571781336012826E-002
 2.26152203499935811E-002
 2.59767451580062425E-002
 3.14106990819515430E-002
 3.73510058118694532E-002
 4.53909139137803619E-002
 5.51100998938505171E-002
 6.62650241010664942E-002
 7.99814287404180257E-002
 9.43508620130665276E-002
 1.04998942234203807E-001
 1.10235672580257349E-001
 0.00000000000000000E+000
 0.00000000000000000E+000
 0.00000000000000000E+000
 0.00000000000000000E+000
 0.00000000000000000E+000
 0.00000000000000000E+000
 0.00000000000000000E+000
 0.00000000000000000E+000
 0.00000000000000000E+000
 0.00000000000000000E+000
 0.00000000000000000E+000
 0.00000000000000000E+000
 0.00000000000000000E+000
 0.00000000000000000E+000
 0.00000000000000000E+000
 0.00000000000000000E+000
 0.00000000000000000E+000
 0.00000000000000000E+000
 0.00000000000000000E+000
 0.00000000000000000E+000
 0.00000000000000000E+000
 0.00000000000000000E+000
 0.00000000000000000E+000
 0.00000000000000000E+000
 0.00000000000000000E+000
 0.00000000000000000E+000
 1.00000000000000004E+036
 1.00000000000000004E+036
 1.00000000000000004E+036
 1.00000000000000004E+036
 1.00000000000000004E+036
 1.00000000000000004E+036
 1.00000000000000004E+036
 1.00000000000000004E+036
 1.00000000000000004E+036
 1.00000000000000004E+036
 1.00000000000000004E+036
 1.00000000000000004E+036
 1.00000000000000004E+036
 1.00000000000000004E+036
 1.00000000000000004E+036
 1.00000000000000004E+036
 1.00000000000000004E+036
 1.00000000000000004E+036
 1.00000000000000004E+036
 1.00000000000000004E+036
 1.00000000000000004E+036
 1.00000000000000004E+036
 1.00000000000000004E+036
 1.00000000000000004E+036
 1.00000000000000004E+036
 1.00000000000000004E+036
 1.00000000000000004E+036
 1.00000000000000004E+036
 1.00000000000000004E+036
 1.00000000000000004E+036
 1.00000000000000004E+036
 1.00000000000000004E+036
 1.00000000000000004E+036
 1.00000000000000004E+036
 1.00000000000000004E+036
 1.00000000000000004E+036
 1.00000000000000004E+036
 1.00000000000000004E+036
 1.00000000000000004E+036
 1.00000000000000004E+036
 1.00000000000000004E+036
 1.00000000000000004E+036
 1.00000000000000004E+036
 1.00000000000000004E+036
 1.00000000000000004E+036
 1.00000000000000004E+036
 1.00000000000000004E+036
 1.00000000000000004E+036
 1.00000000000000004E+036
 1.00000000000000004E+036
 1.00000000000000004E+036
 1.00000000000000004E+036
 1.00000000000000004E+036
 1.00000000000000004E+036
 0.00000000000000000E+000
-3.01977510683768546E-002
-3.66176900788578452E-002
-3.95899704941002906E-002
-4.02941287159352957E-002
-3.94699431289490255E-002
-3.67547998280907118E-002
-3.22939935663059119E-002
-2.79139885590377057E-002
-2.46352524302010378E-002
-2.01597691489202591E-002
-1.47229869512327527E-002
-9.58946699145646342E-003
-2.66198048596222314E-003
 1.53039755472250683E-002
 2.65971166345622123E-002
 3.95879148257665125E-002
 5.26465869860168745E-002
 6.21722698873838908E-002
 5.99998788310711628E-002
 0.00000000000000000E+000
 0.00000000000000000E+000
 0.00000000000000000E+000
 0.00000000000000000E+000
 0.00000000000000000E+000
 0.00000000000000000E+000
 0.00000000000000000E+000
 0.00000000000000000E+000
 0.00000000000000000E+000
 0.00000000000000000E+000
 0.00000000000000000E+000
 0.00000000000000000E+000
 0.00000000000000000E+000
 0.00000000000000000E+000
 0.00000000000000000E+000
 0.00000000000000000E+000
 0.00000000000000000E+000
 0.00000000000000000E+000
 0.00000000000000000E+000
 0.00000000000000000E+000
 0.00000000000000000E+000
 0.00000000000000000E+000
 0.00000000000000000E+000
 0.00000000000000000E+000
 0.00000000000000000E+000
 0.00000000000000000E+000
 1.00000000000000004E+036
 1.00000000000000004E+036
 1.00000000000000004E+036
 1.00000000000000004E+036
 1.00000000000000004E+036
 1.00000000000000004E+036
 1.00000000000000004E+036
 1.00000000000000004E+036
 1.00000000000000004E+036
 1.00000000000000004E+036
 1.00000000000000004E+036
 1.00000000000000004E+036
 1.00000000000000004E+036
 1.00000000000000004E+036
 1.00000000000000004E+036
 1.00000000000000004E+036
 1.00000000000000004E+036
 1.00000000000000004E+036
 1.00000000000000004E+036
 1.00000000000000004E+036
 1.00000000000000004E+036
 1.00000000000000004E+036
 1.00000000000000004E+036
 1.00000000000000004E+036
 1.00000000000000004E+036
 1.00000000000000004E+036
 1.00000000000000004E+036
 1.00000000000000004E+036
 1.00000000000000004E+036
 1.00000000000000004E+036
 1.00000000000000004E+036
 1.00000000000000004E+036
 1.00000000000000004E+036
 1.00000000000000004E+036
 1.00000000000000004E+036
 1.00000000000000004E+036
 1.00000000000000004E+036
 1.00000000000000004E+036
 1.00000000000000004E+036
 1.00000000000000004E+036
 1.00000000000000004E+036
 1.00000000000000004E+036
 1.00000000000000004E+036
 1.00000000000000004E+036
 1.00000000000000004E+036
 1.00000000000000004E+036
 1.00000000000000004E+036
 1.00000000000000004E+036
 1.00000000000000004E+036
 1.00000000000000004E+036
 1.00000000000000004E+036
 1.00000000000000004E+036
 1.00000000000000004E+036
 1.00000000000000004E+036
 0.00000000000000000E+000
 5.49695150690043821E-003
 8.14667058627199792E-003
 9.77894361160519532E-003
 1.12632956759616820E-002
 1.16279860991029826E-002
 1.38501618032457752E-002
 1.64990057890868069E-002
 1.93463870239381497E-002
 2.27447041519124316E-002
 2.61630550979650156E-002
 3.16524242092967034E-002
 3.76649502723963026E-002
 4.48864824298138565E-002
 5.47755204554237762E-002
 6.68588931492022365E-002
 7.99431409160573647E-002
 9.44643975775202316E-002
 1.05221639124275290E-001
 1.10414883305528955E-001
 0.00000000000000000E+000
 0.00000000000000000E+000
 0.00000000000000000E+000
 0.00000000000000000E+000
 0.00000000000000000E+000
 0.00000000000000000E+000
 0.00000000000000000E+000
 0.00000000000000000E+000
 0.00000000000000000E+000
 0.00000000000000000E+000
 0.00000000000000000E+000
 0.00000000000000000E+000
 0.00000000000000000E+000
 0.00000000000000000E+000
 0.00000000000000000E+000
 0.00000000000000000E+000
 0.00000000000000000E+000
 0.00000000000000000E+000
 0.00000000000000000E+000
 0.00000000000000000E+000
 0.00000000000000000E+000
 0.00000000000000000E+000
 0.00000000000000000E+000
 0.00000000000000000E+000
 0.00000000000000000E+000
 0.00000000000000000E+000
 1.00000000000000004E+036
 1.00000000000000004E+036
 1.00000000000000004E+036
 1.00000000000000004E+036
 1.00000000000000004E+036
 1.00000000000000004E+036
 1.00000000000000004E+036
 1.00000000000000004E+036
 1.00000000000000004E+036
 1.00000000000000004E+036
 1.00000000000000004E+036
 1.00000000000000004E+036
 1.00000000000000004E+036
 1.00000000000000004E+036
 1.00000000000000004E+036
 1.00000000000000004E+036
 1.00000000000000004E+036
 1.00000000000000004E+036
 1.00000000000000004E+036
 1.00000000000000004E+036
 1.00000000000000004E+036
 1.00000000000000004E+036
 1.00000000000000004E+036
 1.00000000000000004E+036
 1.00000000000000004E+036
 1.00000000000000004E+036
 1.00000000000000004E+036
 1.00000000000000004E+036
 1.00000000000000004E+036
 1.00000000000000004E+036
 1.00000000000000004E+036
 1.00000000000000004E+036
 1.00000000000000004E+036
 1.00000000000000004E+036
 1.00000000000000004E+036
 1.00000000000000004E+036
 1.00000000000000004E+036
 1.00000000000000004E+036
 1.00000000000000004E+036
 1.00000000000000004E+036
 1.00000000000000004E+036
 1.00000000000000004E+036
 1.00000000000000004E+036
 1.00000000000000004E+036
 1.00000000000000004E+036
 1.00000000000000004E+036
 1.00000000000000004E+036
 1.00000000000000004E+036
 1.00000000000000004E+036
 1.00000000000000004E+036
 1.00000000000000004E+036
 1.00000000000000004E+036
 1.00000000000000004E+036
 1.00000000000000004E+036
 0.00000000000000000E+000
-3.24715816582218375E-002
-3.89542603937816923E-002
-4.17865124555237832E-002
-4.22496770706128899E-002
-4.15293654386111877E-002
-3.86609144059063548E-002
-3.33405505648363132E-002
-2.69645644682194874E-002
-2.31625868852477490E-002
-1.82532073118111260E-002
-1.24936592456796891E-002
-6.73271412745746201E-003
-2.53732849025967155E-005
 9.23829225970074219E-003
 3.25421108577264029E-002
 4.57381854105660679E-002
 5.90479774283825254E-002
 6.81229929285185332E-002
 6.39395917426637261E-002
 0.00000000000000000E+000
 0.00000000000000000E+000
 0.00000000000000000E+000
 0.00000000000000000E+000
 0.00000000000000000E+000
 0.00000000000000000E+000
 0.00000000000000000E+000
 0.00000000000000000E+000
 0.00000000000000000E+000
 0.00000000000000000E+000
 0.00000000000000000E+000
 0.00000000000000000E+000
 0.00000000000000000E+000
 0.00000000000000000E+000
 0.00000000000000000E+000
 0.00000000000000000E+000
 0.00000000000000000E+000
 0.00000000000000000E+000
 0.00000000000000000E+000
 0.00000000000000000E+000
 0.00000000000000000E+000
 0.00000000000000000E+000
 0.00000000000000000E+000
 0.00000000000000000E+000
 0.00000000000000000E+000
 0.00000000000000000E+000
 1.00000000000000004E+036
 1.00000000000000004E+036
 1.00000000000000004E+036
 1.00000000000000004E+036
 1.00000000000000004E+036
 1.00000000000000004E+036
 1.00000000000000004E+036
 1.00000000000000004E+036
 1.00000000000000004E+036
 1.00000000000000004E+036
 1.00000000000000004E+036
 1.00000000000000004E+036
 1.00000000000000004E+036
 1.00000000000000004E+036
 1.00000000000000004E+036
 1.00000000000000004E+036
 1.00000000000000004E+036
 1.00000000000000004E+036
 1.00000000000000004E+036
 1.00000000000000004E+036
 1.00000000000000004E+036
 1.00000000000000004E+036
 1.00000000000000004E+036
 1.00000000000000004E+036
 1.00000000000000004E+036
 1.00000000000000004E+036
 1.00000000000000004E+036
 1.00000000000000004E+036
 1.00000000000000004E+036
 1.00000000000000004E+036
 1.00000000000000004E+036
 1.00000000000000004E+036
 1.00000000000000004E+036
 1.00000000000000004E+036
 1.00000000000000004E+036
 1.00000000000000004E+036
 1.00000000000000004E+036
 1.00000000000000004E+036
 1.00000000000000004E+036
 1.00000000000000004E+036
 1.00000000000000004E+036
 1.00000000000000004E+036
 1.00000000000000004E+036
 1.00000000000000004E+036
 1.00000000000000004E+036
 1.00000000000000004E+036
 1.00000000000000004E+036
 1.00000000000000004E+036
 1.00000000000000004E+036
 1.00000000000000004E+036
 1.00000000000000004E+036
 1.00000000000000004E+036
 1.00000000000000004E+036
 1.00000000000000004E+036
 0.00000000000000000E+000
 5.48937332062748862E-003
 7.02799735413794924E-003
 9.72900011459332248E-003
 1.00481123393030281E-002
 1.15686672086197095E-002
 1.38579260373841162E-002
 1.55156904330672196E-002
 1.90057280445785071E-002
 2.26566989727385315E-002
 2.63741492750991791E-002
 3.13733470020687299E-002
 3.79449967915428954E-002
 4.58445853852530449E-002
 5.57735978097855245E-002
 6.79536250523437024E-002
 8.19447552000671653E-002
 9.66344303281165828E-002
 1.07434241082462911E-001
 1.12722250862040463E-001
 0.00000000000000000E+000
 0.00000000000000000E+000
 0.00000000000000000E+000
 0.00000000000000000E+000
 0.00000000000000000E+000
 0.00000000000000000E+000
 0.00000000000000000E+000
 0.00000000000000000E+000
 0.00000000000000000E+000
 0.00000000000000000E+000
 0.00000000000000000E+000
 0.00000000000000000E+000
 0.00000000000000000E+000
 0.00000000000000000E+000
 0.00000000000000000E+000
 0.00000000000000000E+000
 0.00000000000000000E+000
 0.00000000000000000E+000
 0.00000000000000000E+000
 0.00000000000000000E+000
 0.00000000000000000E+000
 0.00000000000000000E+000
 0.00000000000000000E+000
 0.00000000000000000E+000
 0.00000000000000000E+000
 0.00000000000000000E+000
 1.00000000000000004E+036
 1.00000000000000004E+036
 1.00000000000000004E+036
 1.00000000000000004E+036
 1.00000000000000004E+036
 1.00000000000000004E+036
 1.00000000000000004E+036
 1.00000000000000004E+036
 1.00000000000000004E+036
 1.00000000000000004E+036
 1.00000000000000004E+036
 1.00000000000000004E+036
 1.00000000000000004E+036
 1.00000000000000004E+036
 1.00000000000000004E+036
 1.00000000000000004E+036
 1.00000000000000004E+036
 1.00000000000000004E+036
 1.00000000000000004E+036
 1.00000000000000004E+036
 1.00000000000000004E+036
 1.00000000000000004E+036
 1.00000000000000004E+036
 1.00000000000000004E+036
 1.00000000000000004E+036
 1.00000000000000004E+036
 1.00000000000000004E+036
 1.00000000000000004E+036
 1.00000000000000004E+036
 1.00000000000000004E+036
 1.00000000000000004E+036
 1.00000000000000004E+036
 1.00000000000000004E+036
 1.00000000000000004E+036
 1.00000000000000004E+036
 1.00000000000000004E+036
 1.00000000000000004E+036
 1.00000000000000004E+036
 1.00000000000000004E+036
 1.00000000000000004E+036
 1.00000000000000004E+036
 1.00000000000000004E+036
 1.00000000000000004E+036
 1.00000000000000004E+036
 1.00000000000000004E+036
 1.00000000000000004E+036
 1.00000000000000004E+036
 1.00000000000000004E+036
 1.00000000000000004E+036
 1.00000000000000004E+036
 1.00000000000000004E+036
 1.00000000000000004E+036
 1.00000000000000004E+036
 1.00000000000000004E+036
# INPUT: mlcanopy_inst__dtair_profile(1,100,4)
-9.28302139737979815E-003
-3.42450712594200013E-003
-2.33245915480893018E-002
-5.05189427419736603E-002
-7.61840958764992138E-002
-1.01077949135628842E-001
-1.21814709696309365E-001
-1.37805726624378622E-001
-1.49468798436146244E-001
-1.54747430840359357E-001
-1.54569239427360117E-001
-1.49719928582044304E-001
-1.42185160891813211E-001
-1.33418109308365729E-001
-1.25211468124803105E-001
-1.20400292027454725E-001
-1.18050332250732026E-001
-1.19095120328040593E-001
-1.23898672108168739E-001
-1.31925648560581976E-001
-1.41089607223591429E-001
-1.47544079827298447E-001
-1.52409579897607728E-001
-1.56602143361624258E-001
-1.60245278556487847E-001
-1.63187290482710523E-001
-1.65637233172105880E-001
-1.67634607016566406E-001
-1.69156503491990406E-001
-1.70307307839152600E-001
-1.71124920241595646E-001
-1.71638098332891786E-001
-1.71896108117323365E-001
-1.71947328167561864E-001
-1.71820301641901096E-001
-1.71567455003753366E-001
-1.71240860467094080E-001
-1.70869715312448989E-001
-1.70510244515185150E-001
-1.70198455145168737E-001
-1.69973875435516675E-001
-1.69882067341518450E-001
-1.69964094726935855E-001
-1.70260048570298750E-001
-1.70812531697890790E-001
-1.71667207926418541E-001
 1.00000000000000004E+036
 1.00000000000000004E+036
 1.00000000000000004E+036
 1.00000000000000004E+036
 1.00000000000000004E+036
 1.00000000000000004E+036
 1.00000000000000004E+036
 1.00000000000000004E+036
 1.00000000000000004E+036
 1.00000000000000004E+036
 1.00000000000000004E+036
 1.00000000000000004E+036
 1.00000000000000004E+036
 1.00000000000000004E+036
 1.00000000000000004E+036
 1.00000000000000004E+036
 1.00000000000000004E+036
 1.00000000000000004E+036
 1.00000000000000004E+036
 1.00000000000000004E+036
 1.00000000000000004E+036
 1.00000000000000004E+036
 1.00000000000000004E+036
 1.00000000000000004E+036
 1.00000000000000004E+036
 1.00000000000000004E+036
 1.00000000000000004E+036
 1.00000000000000004E+036
 1.00000000000000004E+036
 1.00000000000000004E+036
 1.00000000000000004E+036
 1.00000000000000004E+036
 1.00000000000000004E+036
 1.00000000000000004E+036
 1.00000000000000004E+036
 1.00000000000000004E+036
 1.00000000000000004E+036
 1.00000000000000004E+036
 1.00000000000000004E+036
 1.00000000000000004E+036
 1.00000000000000004E+036
 1.00000000000000004E+036
 1.00000000000000004E+036
 1.00000000000000004E+036
 1.00000000000000004E+036
 1.00000000000000004E+036
 1.00000000000000004E+036
 1.00000000000000004E+036
 1.00000000000000004E+036
 1.00000000000000004E+036
 1.00000000000000004E+036
 1.00000000000000004E+036
 1.00000000000000004E+036
 1.00000000000000004E+036
 8.89352219920738207E-002
 4.75986810448034703E-002
 1.53152390078616918E-002
-1.39418874135230908E-002
-4.25053244220521265E-002
-7.19109074782409152E-002
-9.98306269767113008E-002
-1.27122496258607498E-001
-1.55378069333266922E-001
-1.84143557521167622E-001
-2.12566202521486503E-001
-2.38664891600933515E-001
-2.61775753441668257E-001
-2.81039264943444778E-001
-2.95782515667667667E-001
-3.06228532798002107E-001
-3.11661958225613489E-001
-3.12136845105953853E-001
-3.08057741826530673E-001
-3.00200287324287274E-001
-2.89940679335643381E-001
-2.81798320829807381E-001
-2.73466911544403501E-001
-2.65388024305650561E-001
-2.57068610994110713E-001
-2.48595455623558337E-001
-2.39946171171197875E-001
-2.31200865896880714E-001
-2.22376832123529766E-001
-2.13445216878085375E-001
-2.04530212951056001E-001
-1.95577063630707926E-001
-1.86624899714900039E-001
-1.77697959456963872E-001
-1.68804195064353735E-001
-1.59943469138795535E-001
-1.51129625392229627E-001
-1.42385480794132491E-001
-1.33685840151088087E-001
-1.25050003389219455E-001
-1.16484463151778073E-001
-1.07974805427318188E-001
-9.95353307794175635E-002
-9.11579152661374792E-002
-8.28444809395136872E-002
-7.45901809154929651E-002
 1.00000000000000004E+036
 1.00000000000000004E+036
 1.00000000000000004E+036
 1.00000000000000004E+036
 1.00000000000000004E+036
 1.00000000000000004E+036
 1.00000000000000004E+036
 1.00000000000000004E+036
 1.00000000000000004E+036
 1.00000000000000004E+036
 1.00000000000000004E+036
 1.00000000000000004E+036
 1.00000000000000004E+036
 1.00000000000000004E+036
 1.00000000000000004E+036
 1.00000000000000004E+036
 1.00000000000000004E+036
 1.00000000000000004E+036
 1.00000000000000004E+036
 1.00000000000000004E+036
 1.00000000000000004E+036
 1.00000000000000004E+036
 1.00000000000000004E+036
 1.00000000000000004E+036
 1.00000000000000004E+036
 1.00000000000000004E+036
 1.00000000000000004E+036
 1.00000000000000004E+036
 1.00000000000000004E+036
 1.00000000000000004E+036
 1.00000000000000004E+036
 1.00000000000000004E+036
 1.00000000000000004E+036
 1.00000000000000004E+036
 1.00000000000000004E+036
 1.00000000000000004E+036
 1.00000000000000004E+036
 1.00000000000000004E+036
 1.00000000000000004E+036
 1.00000000000000004E+036
 1.00000000000000004E+036
 1.00000000000000004E+036
 1.00000000000000004E+036
 1.00000000000000004E+036
 1.00000000000000004E+036
 1.00000000000000004E+036
 1.00000000000000004E+036
 1.00000000000000004E+036
 1.00000000000000004E+036
 1.00000000000000004E+036
 1.00000000000000004E+036
 1.00000000000000004E+036
 1.00000000000000004E+036
 1.00000000000000004E+036
 9.44304091877370411E-002
 5.15094956084567457E-002
 1.89306932343811241E-002
-1.01119548757537814E-002
-3.85294095335666498E-002
-6.77438332061228721E-002
-9.62150173107261253E-002
-1.24730656678252672E-001
-1.53807816974222078E-001
-1.84051444078306758E-001
-2.14321809592831869E-001
-2.42424431281847319E-001
-2.67622184908418603E-001
-2.88853791173607988E-001
-3.04660184493798170E-001
-3.15569426145998477E-001
-3.21469164070379065E-001
-3.21995177622511619E-001
-3.17522931043185963E-001
-3.08933582867325640E-001
-2.97899354235369174E-001
-2.89162055314250210E-001
-2.80351698949971251E-001
-2.71772785621692492E-001
-2.62975809299234697E-001
-2.54088590939090864E-001
-2.44999125270339846E-001
-2.35834099020678423E-001
-2.26637600807293893E-001
-2.17333027214976937E-001
-2.08058071694324553E-001
-1.98774142439560819E-001
-1.89518480798483324E-001
-1.80289517845778846E-001
-1.71112431175117763E-001
-1.62002194774515829E-001
-1.52937326122469130E-001
-1.43955967050487743E-001
-1.35041285607826467E-001
-1.26198144835484527E-001
-1.17432276829617877E-001
-1.08736312309360983E-001
-1.00120122305440873E-001
-9.15669938701739738E-002
-8.30860820989300919E-002
-7.46713824575522267E-002
 1.00000000000000004E+036
 1.00000000000000004E+036
 1.00000000000000004E+036
 1.00000000000000004E+036
 1.00000000000000004E+036
 1.00000000000000004E+036
 1.00000000000000004E+036
 1.00000000000000004E+036
 1.00000000000000004E+036
 1.00000000000000004E+036
 1.00000000000000004E+036
 1.00000000000000004E+036
 1.00000000000000004E+036
 1.00000000000000004E+036
 1.00000000000000004E+036
 1.00000000000000004E+036
 1.00000000000000004E+036
 1.00000000000000004E+036
 1.00000000000000004E+036
 1.00000000000000004E+036
 1.00000000000000004E+036
 1.00000000000000004E+036
 1.00000000000000004E+036
 1.00000000000000004E+036
 1.00000000000000004E+036
 1.00000000000000004E+036
 1.00000000000000004E+036
 1.00000000000000004E+036
 1.00000000000000004E+036
 1.00000000000000004E+036
 1.00000000000000004E+036
 1.00000000000000004E+036
 1.00000000000000004E+036
 1.00000000000000004E+036
 1.00000000000000004E+036
 1.00000000000000004E+036
 1.00000000000000004E+036
 1.00000000000000004E+036
 1.00000000000000004E+036
 1.00000000000000004E+036
 1.00000000000000004E+036
 1.00000000000000004E+036
 1.00000000000000004E+036
 1.00000000000000004E+036
 1.00000000000000004E+036
 1.00000000000000004E+036
 1.00000000000000004E+036
 1.00000000000000004E+036
 1.00000000000000004E+036
 1.00000000000000004E+036
 1.00000000000000004E+036
 1.00000000000000004E+036
 1.00000000000000004E+036
 1.00000000000000004E+036
 1.26194216094404510E-001
 7.01578768974968625E-002
 3.38598790515902692E-002
 5.72960603562933102E-003
-2.25225901320982302E-002
-5.02468463640752816E-002
-8.07513923198825978E-002
-1.14610955549494520E-001
-1.50012026117337882E-001
-1.88892562055116287E-001
-2.29824470645155543E-001
-2.70452001011562970E-001
-3.07683615322162041E-001
-3.40109019566284587E-001
-3.65606315284423999E-001
-3.79833989467385891E-001
-3.87440572676780448E-001
-3.87703978685181028E-001
-3.80776054846307943E-001
-3.67752506837177862E-001
-3.51248166406207929E-001
-3.38336453284455274E-001
-3.26008455907185635E-001
-3.14052041567265405E-001
-3.01920823585192011E-001
-2.89881551334474352E-001
-2.77834101852420190E-001
-2.65835288081234467E-001
-2.53945451969400438E-001
-2.42129095286543361E-001
-2.30487354712977321E-001
-2.18959375150689084E-001
-2.07609330361606226E-001
-1.96432792942800916E-001
-1.85430008527646351E-001
-1.74616978132632994E-001
-1.63972183081682488E-001
-1.53514392747240436E-001
-1.43213439710962120E-001
-1.33076442388926353E-001
-1.23095430907540049E-001
-1.13252261689240186E-001
-1.03550402577297973E-001
-9.39681523133799601E-002
-8.45002191716730522E-002
-7.51320078819617265E-002
 1.00000000000000004E+036
 1.00000000000000004E+036
 1.00000000000000004E+036
 1.00000000000000004E+036
 1.00000000000000004E+036
 1.00000000000000004E+036
 1.00000000000000004E+036
 1.00000000000000004E+036
 1.00000000000000004E+036
 1.00000000000000004E+036
 1.00000000000000004E+036
 1.00000000000000004E+036
 1.00000000000000004E+036
 1.00000000000000004E+036
 1.00000000000000004E+036
 1.00000000000000004E+036
 1.00000000000000004E+036
 1.00000000000000004E+036
 1.00000000000000004E+036
 1.00000000000000004E+036
 1.00000000000000004E+036
 1.00000000000000004E+036
 1.00000000000000004E+036
 1.00000000000000004E+036
 1.00000000000000004E+036
 1.00000000000000004E+036
 1.00000000000000004E+036
 1.00000000000000004E+036
 1.00000000000000004E+036
 1.00000000000000004E+036
 1.00000000000000004E+036
 1.00000000000000004E+036
 1.00000000000000004E+036
 1.00000000000000004E+036
 1.00000000000000004E+036
 1.00000000000000004E+036
 1.00000000000000004E+036
 1.00000000000000004E+036
 1.00000000000000004E+036
 1.00000000000000004E+036
 1.00000000000000004E+036
 1.00000000000000004E+036
 1.00000000000000004E+036
 1.00000000000000004E+036
 1.00000000000000004E+036
 1.00000000000000004E+036
 1.00000000000000004E+036
 1.00000000000000004E+036
 1.00000000000000004E+036
 1.00000000000000004E+036
 1.00000000000000004E+036
 1.00000000000000004E+036
 1.00000000000000004E+036
 1.00000000000000004E+036
# INPUT: mlcanopy_inst__dtg_soil(1,4)
-2.88384772944141332E-002
-2.15365818467603276E-002
-2.13527587127373408E-002
-2.05459360739723707E-002
# INPUT: mlcanopy_inst__dtleaf_leaf(1,100,2,4)
-9.28302139737979815E-003
-2.37009931453485478E-001
-1.87464084770908812E-001
-1.83098188963867869E-001
-1.71476248088083594E-001
-1.73055205972843851E-001
-1.72464817285344907E-001
-1.58286359510213970E-001
-2.78145700673462670E-001
-2.66321918535822988E-001
-2.59569557488759983E-001
-2.46695127906662037E-001
-2.38230014032922099E-001
-2.23672620879767692E-001
-1.82154227373928279E-001
-1.98322580946694416E-001
-1.70356028613525723E-001
-1.41975472243871081E-001
-1.19788529905463292E-001
-1.06214308916833033E-001
-1.41089607223591429E-001
-1.47544079827298447E-001
-1.52409579897607728E-001
-1.56602143361624258E-001
-1.60245278556487847E-001
-1.63187290482710523E-001
-1.65637233172105880E-001
-1.67634607016566406E-001
-1.69156503491990406E-001
-1.70307307839152600E-001
-1.71124920241595646E-001
-1.71638098332891786E-001
-1.71896108117323365E-001
-1.71947328167561864E-001
-1.71820301641901096E-001
-1.71567455003753366E-001
-1.71240860467094080E-001
-1.70869715312448989E-001
-1.70510244515185150E-001
-1.70198455145168737E-001
-1.69973875435516675E-001
-1.69882067341518450E-001
-1.69964094726935855E-001
-1.70260048570298750E-001
-1.70812531697890790E-001
-1.71667207926418541E-001
 1.00000000000000004E+036
 1.00000000000000004E+036
 1.00000000000000004E+036
 1.00000000000000004E+036
 1.00000000000000004E+036
 1.00000000000000004E+036
 1.00000000000000004E+036
 1.00000000000000004E+036
 1.00000000000000004E+036
 1.00000000000000004E+036
 1.00000000000000004E+036
 1.00000000000000004E+036
 1.00000000000000004E+036
 1.00000000000000004E+036
 1.00000000000000004E+036
 1.00000000000000004E+036
 1.00000000000000004E+036
 1.00000000000000004E+036
 1.00000000000000004E+036
 1.00000000000000004E+036
 1.00000000000000004E+036
 1.00000000000000004E+036
 1.00000000000000004E+036
 1.00000000000000004E+036
 1.00000000000000004E+036
 1.00000000000000004E+036
 1.00000000000000004E+036
 1.00000000000000004E+036
 1.00000000000000004E+036
 1.00000000000000004E+036
 1.00000000000000004E+036
 1.00000000000000004E+036
 1.00000000000000004E+036
 1.00000000000000004E+036
 1.00000000000000004E+036
 1.00000000000000004E+036
 1.00000000000000004E+036
 1.00000000000000004E+036
 1.00000000000000004E+036
 1.00000000000000004E+036
 1.00000000000000004E+036
 1.00000000000000004E+036
 1.00000000000000004E+036
 1.00000000000000004E+036
 1.00000000000000004E+036
 1.00000000000000004E+036
 1.00000000000000004E+036
 1.00000000000000004E+036
 1.00000000000000004E+036
 1.00000000000000004E+036
 1.00000000000000004E+036
 1.00000000000000004E+036
 1.00000000000000004E+036
 1.00000000000000004E+036
-9.28302139737979815E-003
-1.30950996868932634E-002
-3.36582987705469350E-003
-5.56796054925143835E-002
-2.94697823413230253E-002
-6.56581530336666219E-002
-7.70759621785828131E-002
-7.91519811464809209E-002
-9.77311651296872697E-002
-1.00771833009332568E-001
-1.04140462285954527E-001
-9.24879317043973970E-002
-8.42824564814463884E-002
-7.05964260835116875E-002
-3.49775824664675383E-002
-4.28615597708130736E-002
-3.41792673820009441E-002
-2.65116877392870265E-002
-2.10653895053951601E-002
-1.77511772077991736E-002
-1.41089607223591429E-001
-1.47544079827298447E-001
-1.52409579897607728E-001
-1.56602143361624258E-001
-1.60245278556487847E-001
-1.63187290482710523E-001
-1.65637233172105880E-001
-1.67634607016566406E-001
-1.69156503491990406E-001
-1.70307307839152600E-001
-1.71124920241595646E-001
-1.71638098332891786E-001
-1.71896108117323365E-001
-1.71947328167561864E-001
-1.71820301641901096E-001
-1.71567455003753366E-001
-1.71240860467094080E-001
-1.70869715312448989E-001
-1.70510244515185150E-001
-1.70198455145168737E-001
-1.69973875435516675E-001
-1.69882067341518450E-001
-1.69964094726935855E-001
-1.70260048570298750E-001
-1.70812531697890790E-001
-1.71667207926418541E-001
 1.00000000000000004E+036
 1.00000000000000004E+036
 1.00000000000000004E+036
 1.00000000000000004E+036
 1.00000000000000004E+036
 1.00000000000000004E+036
 1.00000000000000004E+036
 1.00000000000000004E+036
 1.00000000000000004E+036
 1.00000000000000004E+036
 1.00000000000000004E+036
 1.00000000000000004E+036
 1.00000000000000004E+036
 1.00000000000000004E+036
 1.00000000000000004E+036
 1.00000000000000004E+036
 1.00000000000000004E+036
 1.00000000000000004E+036
 1.00000000000000004E+036
 1.00000000000000004E+036
 1.00000000000000004E+036
 1.00000000000000004E+036
 1.00000000000000004E+036
 1.00000000000000004E+036
 1.00000000000000004E+036
 1.00000000000000004E+036
 1.00000000000000004E+036
 1.00000000000000004E+036
 1.00000000000000004E+036
 1.00000000000000004E+036
 1.00000000000000004E+036
 1.00000000000000004E+036
 1.00000000000000004E+036
 1.00000000000000004E+036
 1.00000000000000004E+036
 1.00000000000000004E+036
 1.00000000000000004E+036
 1.00000000000000004E+036
 1.00000000000000004E+036
 1.00000000000000004E+036
 1.00000000000000004E+036
 1.00000000000000004E+036
 1.00000000000000004E+036
 1.00000000000000004E+036
 1.00000000000000004E+036
 1.00000000000000004E+036
 1.00000000000000004E+036
 1.00000000000000004E+036
 1.00000000000000004E+036
 1.00000000000000004E+036
 1.00000000000000004E+036
 1.00000000000000004E+036
 1.00000000000000004E+036
 1.00000000000000004E+036
 8.89352219920738207E-002
-2.37428657627390294E-001
-2.28154951065107525E-001
-2.22978462548212519E-001
-2.13506772322602956E-001
-2.06263119077618740E-001
-1.81897514456295539E-001
-1.30160547137734284E-002
 4.43379710356452961E-002
 3.02465890893017786E-002
 1.87052702356709233E-002
-1.71741597091568110E-003
-2.70097530406587794E-002
-5.28902410582077209E-002
 5.36846780005362234E-003
-3.74972657676266863E-002
-7.69799359052285581E-002
-1.08226313572856725E-001
-1.36833970715542819E-001
-1.97191283721224409E-001
-2.89940679335643381E-001
-2.81798320829807381E-001
-2.73466911544403501E-001
-2.65388024305650561E-001
-2.57068610994110713E-001
-2.48595455623558337E-001
-2.39946171171197875E-001
-2.31200865896880714E-001
-2.22376832123529766E-001
-2.13445216878085375E-001
-2.04530212951056001E-001
-1.95577063630707926E-001
-1.86624899714900039E-001
-1.77697959456963872E-001
-1.68804195064353735E-001
-1.59943469138795535E-001
-1.51129625392229627E-001
-1.42385480794132491E-001
-1.33685840151088087E-001
-1.25050003389219455E-001
-1.16484463151778073E-001
-1.07974805427318188E-001
-9.95353307794175635E-002
-9.11579152661374792E-002
-8.28444809395136872E-002
-7.45901809154929651E-002
 1.00000000000000004E+036
 1.00000000000000004E+036
 1.00000000000000004E+036
 1.00000000000000004E+036
 1.00000000000000004E+036
 1.00000000000000004E+036
 1.00000000000000004E+036
 1.00000000000000004E+036
 1.00000000000000004E+036
 1.00000000000000004E+036
 1.00000000000000004E+036
 1.00000000000000004E+036
 1.00000000000000004E+036
 1.00000000000000004E+036
 1.00000000000000004E+036
 1.00000000000000004E+036
 1.00000000000000004E+036
 1.00000000000000004E+036
 1.00000000000000004E+036
 1.00000000000000004E+036
 1.00000000000000004E+036
 1.00000000000000004E+036
 1.00000000000000004E+036
 1.00000000000000004E+036
 1.00000000000000004E+036
 1.00000000000000004E+036
 1.00000000000000004E+036
 1.00000000000000004E+036
 1.00000000000000004E+036
 1.00000000000000004E+036
 1.00000000000000004E+036
 1.00000000000000004E+036
 1.00000000000000004E+036
 1.00000000000000004E+036
 1.00000000000000004E+036
 1.00000000000000004E+036
 1.00000000000000004E+036
 1.00000000000000004E+036
 1.00000000000000004E+036
 1.00000000000000004E+036
 1.00000000000000004E+036
 1.00000000000000004E+036
 1.00000000000000004E+036
 1.00000000000000004E+036
 1.00000000000000004E+036
 1.00000000000000004E+036
 1.00000000000000004E+036
 1.00000000000000004E+036
 1.00000000000000004E+036
 1.00000000000000004E+036
 1.00000000000000004E+036
 1.00000000000000004E+036
 1.00000000000000004E+036
 1.00000000000000004E+036
 8.89352219920738207E-002
-1.81001296019758229E-002
-4.44662379362625870E-003
-1.65342309314269187E-002
-3.21383277437803372E-002
-9.60629846327947234E-002
-1.00893618708369104E-001
-1.06638309852257862E-001
-1.21765121358180295E-001
-1.34284849594621392E-001
-1.74377956328669370E-001
-1.87802495223706956E-001
-2.00497216147368817E-001
-2.07861048693814610E-001
-2.43394295353368761E-001
-2.57019831717400393E-001
-2.53323040592135840E-001
-2.45825207539439816E-001
-2.45291080052481902E-001
-2.32077317438211139E-001
-2.89940679335643381E-001
-2.81798320829807381E-001
-2.73466911544403501E-001
-2.65388024305650561E-001
-2.57068610994110713E-001
-2.48595455623558337E-001
-2.39946171171197875E-001
-2.31200865896880714E-001
-2.22376832123529766E-001
-2.13445216878085375E-001
-2.04530212951056001E-001
-1.95577063630707926E-001
-1.86624899714900039E-001
-1.77697959456963872E-001
-1.68804195064353735E-001
-1.59943469138795535E-001
-1.51129625392229627E-001
-1.42385480794132491E-001
-1.33685840151088087E-001
-1.25050003389219455E-001
-1.16484463151778073E-001
-1.07974805427318188E-001
-9.95353307794175635E-002
-9.11579152661374792E-002
-8.28444809395136872E-002
-7.45901809154929651E-002
 1.00000000000000004E+036
 1.00000000000000004E+036
 1.00000000000000004E+036
 1.00000000000000004E+036
 1.00000000000000004E+036
 1.00000000000000004E+036
 1.00000000000000004E+036
 1.00000000000000004E+036
 1.00000000000000004E+036
 1.00000000000000004E+036
 1.00000000000000004E+036
 1.00000000000000004E+036
 1.00000000000000004E+036
 1.00000000000000004E+036
 1.00000000000000004E+036
 1.00000000000000004E+036
 1.00000000000000004E+036
 1.00000000000000004E+036
 1.00000000000000004E+036
 1.00000000000000004E+036
 1.00000000000000004E+036
 1.00000000000000004E+036
 1.00000000000000004E+036
 1.00000000000000004E+036
 1.00000000000000004E+036
 1.00000000000000004E+036
 1.00000000000000004E+036
 1.00000000000000004E+036
 1.00000000000000004E+036
 1.00000000000000004E+036
 1.00000000000000004E+036
 1.00000000000000004E+036
 1.00000000000000004E+036
 1.00000000000000004E+036
 1.00000000000000004E+036
 1.00000000000000004E+036
 1.00000000000000004E+036
 1.00000000000000004E+036
 1.00000000000000004E+036
 1.00000000000000004E+036
 1.00000000000000004E+036
 1.00000000000000004E+036
 1.00000000000000004E+036
 1.00000000000000004E+036
 1.00000000000000004E+036
 1.00000000000000004E+036
 1.00000000000000004E+036
 1.00000000000000004E+036
 1.00000000000000004E+036
 1.00000000000000004E+036
 1.00000000000000004E+036
 1.00000000000000004E+036
 1.00000000000000004E+036
 1.00000000000000004E+036
 9.44304091877370411E-002
-2.31364927240178986E-001
-2.25733961309174447E-001
-2.19541028149080830E-001
-2.10647853271325403E-001
-1.98124720730561421E-001
-1.73823195480565573E-001
-1.94584626584628495E-002
 6.18448808636458125E-002
 4.08002333073795853E-002
 2.72980965974625178E-002
 5.79983226674585239E-003
-2.58320614798890347E-002
-5.25909051970643304E-002
 1.23489997862975542E-002
-2.96621781328667566E-002
-7.25152787504725893E-002
-1.09866224307722860E-001
-1.40813582586872599E-001
-1.98540516755144836E-001
-2.97899354235369174E-001
-2.89162055314250210E-001
-2.80351698949971251E-001
-2.71772785621692492E-001
-2.62975809299234697E-001
-2.54088590939090864E-001
-2.44999125270339846E-001
-2.35834099020678423E-001
-2.26637600807293893E-001
-2.17333027214976937E-001
-2.08058071694324553E-001
-1.98774142439560819E-001
-1.89518480798483324E-001
-1.80289517845778846E-001
-1.71112431175117763E-001
-1.62002194774515829E-001
-1.52937326122469130E-001
-1.43955967050487743E-001
-1.35041285607826467E-001
-1.26198144835484527E-001
-1.17432276829617877E-001
-1.08736312309360983E-001
-1.00120122305440873E-001
-9.15669938701739738E-002
-8.30860820989300919E-002
-7.46713824575522267E-002
 1.00000000000000004E+036
 1.00000000000000004E+036
 1.00000000000000004E+036
 1.00000000000000004E+036
 1.00000000000000004E+036
 1.00000000000000004E+036
 1.00000000000000004E+036
 1.00000000000000004E+036
 1.00000000000000004E+036
 1.00000000000000004E+036
 1.00000000000000004E+036
 1.00000000000000004E+036
 1.00000000000000004E+036
 1.00000000000000004E+036
 1.00000000000000004E+036
 1.00000000000000004E+036
 1.00000000000000004E+036
 1.00000000000000004E+036
 1.00000000000000004E+036
 1.00000000000000004E+036
 1.00000000000000004E+036
 1.00000000000000004E+036
 1.00000000000000004E+036
 1.00000000000000004E+036
 1.00000000000000004E+036
 1.00000000000000004E+036
 1.00000000000000004E+036
 1.00000000000000004E+036
 1.00000000000000004E+036
 1.00000000000000004E+036
 1.00000000000000004E+036
 1.00000000000000004E+036
 1.00000000000000004E+036
 1.00000000000000004E+036
 1.00000000000000004E+036
 1.00000000000000004E+036
 1.00000000000000004E+036
 1.00000000000000004E+036
 1.00000000000000004E+036
 1.00000000000000004E+036
 1.00000000000000004E+036
 1.00000000000000004E+036
 1.00000000000000004E+036
 1.00000000000000004E+036
 1.00000000000000004E+036
 1.00000000000000004E+036
 1.00000000000000004E+036
 1.00000000000000004E+036
 1.00000000000000004E+036
 1.00000000000000004E+036
 1.00000000000000004E+036
 1.00000000000000004E+036
 1.00000000000000004E+036
 1.00000000000000004E+036
 9.44304091877370411E-002
-1.23018013131854786E-002
-3.21546557478313844E-003
-1.26165087755794048E-002
-3.22991078805898724E-002
-8.63018882291726186E-002
-9.19330407787128934E-002
-1.12887546785486848E-001
-1.17639526299285535E-001
-1.31964848464065199E-001
-1.74674618380208813E-001
-1.88900034551579665E-001
-2.02617350401112617E-001
-2.26847535745775986E-001
-2.62893262678176143E-001
-2.60847155569820188E-001
-2.68861658530681780E-001
-2.60347855149916541E-001
-2.58237664962678082E-001
-2.41734455215350863E-001
-2.97899354235369174E-001
-2.89162055314250210E-001
-2.80351698949971251E-001
-2.71772785621692492E-001
-2.62975809299234697E-001
-2.54088590939090864E-001
-2.44999125270339846E-001
-2.35834099020678423E-001
-2.26637600807293893E-001
-2.17333027214976937E-001
-2.08058071694324553E-001
-1.98774142439560819E-001
-1.89518480798483324E-001
-1.80289517845778846E-001
-1.71112431175117763E-001
-1.62002194774515829E-001
-1.52937326122469130E-001
-1.43955967050487743E-001
-1.35041285607826467E-001
-1.26198144835484527E-001
-1.17432276829617877E-001
-1.08736312309360983E-001
-1.00120122305440873E-001
-9.15669938701739738E-002
-8.30860820989300919E-002
-7.46713824575522267E-002
 1.00000000000000004E+036
 1.00000000000000004E+036
 1.00000000000000004E+036
 1.00000000000000004E+036
 1.00000000000000004E+036
 1.00000000000000004E+036
 1.00000000000000004E+036
 1.00000000000000004E+036
 1.00000000000000004E+036
 1.00000000000000004E+036
 1.00000000000000004E+036
 1.00000000000000004E+036
 1.00000000000000004E+036
 1.00000000000000004E+036
 1.00000000000000004E+036
 1.00000000000000004E+036
 1.00000000000000004E+036
 1.00000000000000004E+036
 1.00000000000000004E+036
 1.00000000000000004E+036
 1.00000000000000004E+036
 1.00000000000000004E+036
 1.00000000000000004E+036
 1.00000000000000004E+036
 1.00000000000000004E+036
 1.00000000000000004E+036
 1.00000000000000004E+036
 1.00000000000000004E+036
 1.00000000000000004E+036
 1.00000000000000004E+036
 1.00000000000000004E+036
 1.00000000000000004E+036
 1.00000000000000004E+036
 1.00000000000000004E+036
 1.00000000000000004E+036
 1.00000000000000004E+036
 1.00000000000000004E+036
 1.00000000000000004E+036
 1.00000000000000004E+036
 1.00000000000000004E+036
 1.00000000000000004E+036
 1.00000000000000004E+036
 1.00000000000000004E+036
 1.00000000000000004E+036
 1.00000000000000004E+036
 1.00000000000000004E+036
 1.00000000000000004E+036
 1.00000000000000004E+036
 1.00000000000000004E+036
 1.00000000000000004E+036
 1.00000000000000004E+036
 1.00000000000000004E+036
 1.00000000000000004E+036
 1.00000000000000004E+036
 1.26194216094404510E-001
-2.56140939020269798E-001
-2.60964608522556318E-001
-2.53490079607729513E-001
-2.37584433251811333E-001
-2.20719495925720821E-001
-1.97217833652189256E-001
-3.25820636896878568E-002
 1.37443616703876614E-001
 1.11986951462938578E-001
 9.27119477277642545E-002
 5.50409741061912428E-002
 1.35499393518898614E-002
-3.53460949206123587E-002
-1.43452514776527096E-001
 9.18591708244775873E-003
-5.42295823520362319E-002
-1.07839052371161870E-001
-1.56930712272639994E-001
-2.37970470973664305E-001
-3.51248166406207929E-001
-3.38336453284455274E-001
-3.26008455907185635E-001
-3.14052041567265405E-001
-3.01920823585192011E-001
-2.89881551334474352E-001
-2.77834101852420190E-001
-2.65835288081234467E-001
-2.53945451969400438E-001
-2.42129095286543361E-001
-2.30487354712977321E-001
-2.18959375150689084E-001
-2.07609330361606226E-001
-1.96432792942800916E-001
-1.85430008527646351E-001
-1.74616978132632994E-001
-1.63972183081682488E-001
-1.53514392747240436E-001
-1.43213439710962120E-001
-1.33076442388926353E-001
-1.23095430907540049E-001
-1.13252261689240186E-001
-1.03550402577297973E-001
-9.39681523133799601E-002
-8.45002191716730522E-002
-7.51320078819617265E-002
 1.00000000000000004E+036
 1.00000000000000004E+036
 1.00000000000000004E+036
 1.00000000000000004E+036
 1.00000000000000004E+036
 1.00000000000000004E+036
 1.00000000000000004E+036
 1.00000000000000004E+036
 1.00000000000000004E+036
 1.00000000000000004E+036
 1.00000000000000004E+036
 1.00000000000000004E+036
 1.00000000000000004E+036
 1.00000000000000004E+036
 1.00000000000000004E+036
 1.00000000000000004E+036
 1.00000000000000004E+036
 1.00000000000000004E+036
 1.00000000000000004E+036
 1.00000000000000004E+036
 1.00000000000000004E+036
 1.00000000000000004E+036
 1.00000000000000004E+036
 1.00000000000000004E+036
 1.00000000000000004E+036
 1.00000000000000004E+036
 1.00000000000000004E+036
 1.00000000000000004E+036
 1.00000000000000004E+036
 1.00000000000000004E+036
 1.00000000000000004E+036
 1.00000000000000004E+036
 1.00000000000000004E+036
 1.00000000000000004E+036
 1.00000000000000004E+036
 1.00000000000000004E+036
 1.00000000000000004E+036
 1.00000000000000004E+036
 1.00000000000000004E+036
 1.00000000000000004E+036
 1.00000000000000004E+036
 1.00000000000000004E+036
 1.00000000000000004E+036
 1.00000000000000004E+036
 1.00000000000000004E+036
 1.00000000000000004E+036
 1.00000000000000004E+036
 1.00000000000000004E+036
 1.00000000000000004E+036
 1.00000000000000004E+036
 1.00000000000000004E+036
 1.00000000000000004E+036
 1.00000000000000004E+036
 1.00000000000000004E+036
 1.26194216094404510E-001
-2.40203726951904173E-003
-3.30988132344600672E-002
-1.27395757409658472E-002
-6.88488103458553269E-002
-6.84249880490028772E-002
-7.31240728283637509E-002
-1.29468504646865767E-001
-1.36437925910854574E-001
-1.49595085113048754E-001
-1.88694110202902721E-001
-2.31929611658301837E-001
-2.47837809170846413E-001
-2.71643324396052321E-001
-3.29240067893522337E-001
-3.39756191269714236E-001
-3.41813925064116120E-001
-3.37814140362468152E-001
-3.37117648898981770E-001
-3.12781385495270570E-001
-3.51248166406207929E-001
-3.38336453284455274E-001
-3.26008455907185635E-001
-3.14052041567265405E-001
-3.01920823585192011E-001
-2.89881551334474352E-001
-2.77834101852420190E-001
-2.65835288081234467E-001
-2.53945451969400438E-001
-2.42129095286543361E-001
-2.30487354712977321E-001
-2.18959375150689084E-001
-2.07609330361606226E-001
-1.96432792942800916E-001
-1.85430008527646351E-001
-1.74616978132632994E-001
-1.63972183081682488E-001
-1.53514392747240436E-001
-1.43213439710962120E-001
-1.33076442388926353E-001
-1.23095430907540049E-001
-1.13252261689240186E-001
-1.03550402577297973E-001
-9.39681523133799601E-002
-8.45002191716730522E-002
-7.51320078819617265E-002
 1.00000000000000004E+036
 1.00000000000000004E+036
 1.00000000000000004E+036
 1.00000000000000004E+036
 1.00000000000000004E+036
 1.00000000000000004E+036
 1.00000000000000004E+036
 1.00000000000000004E+036
 1.00000000000000004E+036
 1.00000000000000004E+036
 1.00000000000000004E+036
 1.00000000000000004E+036
 1.00000000000000004E+036
 1.00000000000000004E+036
 1.00000000000000004E+036
 1.00000000000000004E+036
 1.00000000000000004E+036
 1.00000000000000004E+036
 1.00000000000000004E+036
 1.00000000000000004E+036
 1.00000000000000004E+036
 1.00000000000000004E+036
 1.00000000000000004E+036
 1.00000000000000004E+036
 1.00000000000000004E+036
 1.00000000000000004E+036
 1.00000000000000004E+036
 1.00000000000000004E+036
 1.00000000000000004E+036
 1.00000000000000004E+036
 1.00000000000000004E+036
 1.00000000000000004E+036
 1.00000000000000004E+036
 1.00000000000000004E+036
 1.00000000000000004E+036
 1.00000000000000004E+036
 1.00000000000000004E+036
 1.00000000000000004E+036
 1.00000000000000004E+036
 1.00000000000000004E+036
 1.00000000000000004E+036
 1.00000000000000004E+036
 1.00000000000000004E+036
 1.00000000000000004E+036
 1.00000000000000004E+036
 1.00000000000000004E+036
 1.00000000000000004E+036
 1.00000000000000004E+036
 1.00000000000000004E+036
 1.00000000000000004E+036
 1.00000000000000004E+036
 1.00000000000000004E+036
 1.00000000000000004E+036
 1.00000000000000004E+036
# INPUT: mlcanopy_inst__eair_bef_profile(1,100)
 2.12076618373742349E+003
 1.92200380827457275E+003
 1.82719714128987130E+003
 1.78421653717935465E+003
 1.76896582784127577E+003
 1.76836321375391321E+003
 1.77491605217596384E+003
 1.78371739347488233E+003
 1.79141143148552396E+003
 1.79588667536385651E+003
 1.79550697814426735E+003
 1.78927592452624572E+003
 1.77661181886529585E+003
 1.75742233006179686E+003
 1.73187173093513275E+003
 1.70045634986185109E+003
 1.66411408985442540E+003
 1.62367810730960423E+003
 1.58037106197686921E+003
 1.53602099505590036E+003
 1.49390383423050321E+003
 1.45867432024776349E+003
 1.42670801848557085E+003
 1.39667643369694520E+003
 1.36793641664735651E+003
 1.34017050426166634E+003
 1.31317472816890677E+003
 1.28682171216086726E+003
 1.26102641543894833E+003
 1.23572759587315909E+003
 1.21088014850215768E+003
 1.18644378556365177E+003
 1.16239392627006350E+003
 1.13870286868537733E+003
 1.11534747183400464E+003
 1.09230576545036297E+003
 1.06955614220510688E+003
 1.04707948370773556E+003
 1.02485430337978414E+003
 1.00286410954074267E+003
 9.81089274070283977E+002
 9.59511329366894756E+002
 9.38113012964898189E+002
 9.16875878945407976E+002
 8.95782240043199067E+002
 8.74814273805050448E+002
 1.00000000000000004E+036
 1.00000000000000004E+036
 1.00000000000000004E+036
 1.00000000000000004E+036
 1.00000000000000004E+036
 1.00000000000000004E+036
 1.00000000000000004E+036
 1.00000000000000004E+036
 1.00000000000000004E+036
 1.00000000000000004E+036
 1.00000000000000004E+036
 1.00000000000000004E+036
 1.00000000000000004E+036
 1.00000000000000004E+036
 1.00000000000000004E+036
 1.00000000000000004E+036
 1.00000000000000004E+036
 1.00000000000000004E+036
 1.00000000000000004E+036
 1.00000000000000004E+036
 1.00000000000000004E+036
 1.00000000000000004E+036
 1.00000000000000004E+036
 1.00000000000000004E+036
 1.00000000000000004E+036
 1.00000000000000004E+036
 1.00000000000000004E+036
 1.00000000000000004E+036
 1.00000000000000004E+036
 1.00000000000000004E+036
 1.00000000000000004E+036
 1.00000000000000004E+036
 1.00000000000000004E+036
 1.00000000000000004E+036
 1.00000000000000004E+036
 1.00000000000000004E+036
 1.00000000000000004E+036
 1.00000000000000004E+036
 1.00000000000000004E+036
 1.00000000000000004E+036
 1.00000000000000004E+036
 1.00000000000000004E+036
 1.00000000000000004E+036
 1.00000000000000004E+036
 1.00000000000000004E+036
 1.00000000000000004E+036
 1.00000000000000004E+036
 1.00000000000000004E+036
 1.00000000000000004E+036
 1.00000000000000004E+036
 1.00000000000000004E+036
 1.00000000000000004E+036
 1.00000000000000004E+036
 1.00000000000000004E+036
# INPUT: mlcanopy_inst__eair_profile(1,100)
 2.22701009031864396E+003
 2.03649659164078912E+003
 1.93418185008872479E+003
 1.88558048753486878E+003
 1.86782928981732925E+003
 1.86645538412966903E+003
 1.87216638172844137E+003
 1.87911729406108384E+003
 1.88375676594417951E+003
 1.88372286528095151E+003
 1.87779022785564757E+003
 1.86547977424124292E+003
 1.84683424889645471E+003
 1.82213062567774750E+003
 1.79191212078986359E+003
 1.75700533766523836E+003
 1.71831250604820661E+003
 1.67667344148735901E+003
 1.63319067355622769E+003
 1.58943000906770249E+003
 1.54816418116662976E+003
 1.51329921197341196E+003
 1.48139224410072143E+003
 1.45123852753927235E+003
 1.42224674401016387E+003
 1.39408530869344190E+003
 1.36654676054306196E+003
 1.33954352136176908E+003
 1.31300126851718892E+003
 1.28686818488395443E+003
 1.26110779428881483E+003
 1.23570603126880565E+003
 1.21064420436598834E+003
 1.18590462093990323E+003
 1.16147959305707809E+003
 1.13735997587776433E+003
 1.11353750098765636E+003
 1.09000135523205404E+003
 1.06674639862717572E+003
 1.04376589651566042E+003
 1.02105247687053964E+003
 9.98598161539262833E+002
 9.76397848106150718E+002
 9.54445515840174835E+002
 9.32734613879135509E+002
 9.11259903395127026E+002
 1.00000000000000004E+036
 1.00000000000000004E+036
 1.00000000000000004E+036
 1.00000000000000004E+036
 1.00000000000000004E+036
 1.00000000000000004E+036
 1.00000000000000004E+036
 1.00000000000000004E+036
 1.00000000000000004E+036
 1.00000000000000004E+036
 1.00000000000000004E+036
 1.00000000000000004E+036
 1.00000000000000004E+036
 1.00000000000000004E+036
 1.00000000000000004E+036
 1.00000000000000004E+036
 1.00000000000000004E+036
 1.00000000000000004E+036
 1.00000000000000004E+036
 1.00000000000000004E+036
 1.00000000000000004E+036
 1.00000000000000004E+036
 1.00000000000000004E+036
 1.00000000000000004E+036
 1.00000000000000004E+036
 1.00000000000000004E+036
 1.00000000000000004E+036
 1.00000000000000004E+036
 1.00000000000000004E+036
 1.00000000000000004E+036
 1.00000000000000004E+036
 1.00000000000000004E+036
 1.00000000000000004E+036
 1.00000000000000004E+036
 1.00000000000000004E+036
 1.00000000000000004E+036
 1.00000000000000004E+036
 1.00000000000000004E+036
 1.00000000000000004E+036
 1.00000000000000004E+036
 1.00000000000000004E+036
 1.00000000000000004E+036
 1.00000000000000004E+036
 1.00000000000000004E+036
 1.00000000000000004E+036
 1.00000000000000004E+036
 1.00000000000000004E+036
 1.00000000000000004E+036
 1.00000000000000004E+036
 1.00000000000000004E+036
 1.00000000000000004E+036
 1.00000000000000004E+036
 1.00000000000000004E+036
 1.00000000000000004E+036
# INPUT: mlcanopy_inst__h2ocan_bef_profile(1,100)
 0.00000000000000000E+000
 0.00000000000000000E+000
 0.00000000000000000E+000
 0.00000000000000000E+000
 0.00000000000000000E+000
 0.00000000000000000E+000
 0.00000000000000000E+000
 0.00000000000000000E+000
 0.00000000000000000E+000
 0.00000000000000000E+000
 0.00000000000000000E+000
 0.00000000000000000E+000
 0.00000000000000000E+000
 0.00000000000000000E+000
 0.00000000000000000E+000
 0.00000000000000000E+000
 0.00000000000000000E+000
 0.00000000000000000E+000
 0.00000000000000000E+000
 0.00000000000000000E+000
 0.00000000000000000E+000
 0.00000000000000000E+000
 0.00000000000000000E+000
 0.00000000000000000E+000
 0.00000000000000000E+000
 0.00000000000000000E+000
 0.00000000000000000E+000
 0.00000000000000000E+000
 0.00000000000000000E+000
 0.00000000000000000E+000
 0.00000000000000000E+000
 0.00000000000000000E+000
 0.00000000000000000E+000
 0.00000000000000000E+000
 0.00000000000000000E+000
 0.00000000000000000E+000
 0.00000000000000000E+000
 0.00000000000000000E+000
 0.00000000000000000E+000
 0.00000000000000000E+000
 0.00000000000000000E+000
 0.00000000000000000E+000
 0.00000000000000000E+000
 0.00000000000000000E+000
 0.00000000000000000E+000
 0.00000000000000000E+000
 1.00000000000000004E+036
 1.00000000000000004E+036
 1.00000000000000004E+036
 1.00000000000000004E+036
 1.00000000000000004E+036
 1.00000000000000004E+036
 1.00000000000000004E+036
 1.00000000000000004E+036
 1.00000000000000004E+036
 1.00000000000000004E+036
 1.00000000000000004E+036
 1.00000000000000004E+036
 1.00000000000000004E+036
 1.00000000000000004E+036
 1.00000000000000004E+036
 1.00000000000000004E+036
 1.00000000000000004E+036
 1.00000000000000004E+036
 1.00000000000000004E+036
 1.00000000000000004E+036
 1.00000000000000004E+036
 1.00000000000000004E+036
 1.00000000000000004E+036
 1.00000000000000004E+036
 1.00000000000000004E+036
 1.00000000000000004E+036
 1.00000000000000004E+036
 1.00000000000000004E+036
 1.00000000000000004E+036
 1.00000000000000004E+036
 1.00000000000000004E+036
 1.00000000000000004E+036
 1.00000000000000004E+036
 1.00000000000000004E+036
 1.00000000000000004E+036
 1.00000000000000004E+036
 1.00000000000000004E+036
 1.00000000000000004E+036
 1.00000000000000004E+036
 1.00000000000000004E+036
 1.00000000000000004E+036
 1.00000000000000004E+036
 1.00000000000000004E+036
 1.00000000000000004E+036
 1.00000000000000004E+036
 1.00000000000000004E+036
 1.00000000000000004E+036
 1.00000000000000004E+036
 1.00000000000000004E+036
 1.00000000000000004E+036
 1.00000000000000004E+036
 1.00000000000000004E+036
 1.00000000000000004E+036
 1.00000000000000004E+036
# INPUT: mlcanopy_inst__h2ocan_profile(1,100)
 0.00000000000000000E+000
 0.00000000000000000E+000
 0.00000000000000000E+000
 0.00000000000000000E+000
 0.00000000000000000E+000
 0.00000000000000000E+000
 0.00000000000000000E+000
 0.00000000000000000E+000
 0.00000000000000000E+000
 0.00000000000000000E+000
 0.00000000000000000E+000
 0.00000000000000000E+000
 0.00000000000000000E+000
 0.00000000000000000E+000
 0.00000000000000000E+000
 0.00000000000000000E+000
 0.00000000000000000E+000
 0.00000000000000000E+000
 0.00000000000000000E+000
 0.00000000000000000E+000
 0.00000000000000000E+000
 0.00000000000000000E+000
 0.00000000000000000E+000
 0.00000000000000000E+000
 0.00000000000000000E+000
 0.00000000000000000E+000
 0.00000000000000000E+000
 0.00000000000000000E+000
 0.00000000000000000E+000
 0.00000000000000000E+000
 0.00000000000000000E+000
 0.00000000000000000E+000
 0.00000000000000000E+000
 0.00000000000000000E+000
 0.00000000000000000E+000
 0.00000000000000000E+000
 0.00000000000000000E+000
 0.00000000000000000E+000
 0.00000000000000000E+000
 0.00000000000000000E+000
 0.00000000000000000E+000
 0.00000000000000000E+000
 0.00000000000000000E+000
 0.00000000000000000E+000
 0.00000000000000000E+000
 0.00000000000000000E+000
 0.00000000000000000E+000
 0.00000000000000000E+000
 0.00000000000000000E+000
 0.00000000000000000E+000
 0.00000000000000000E+000
 0.00000000000000000E+000
 0.00000000000000000E+000
 0.00000000000000000E+000
 0.00000000000000000E+000
 0.00000000000000000E+000
 0.00000000000000000E+000
 0.00000000000000000E+000
 0.00000000000000000E+000
 0.00000000000000000E+000
 0.00000000000000000E+000
 0.00000000000000000E+000
 0.00000000000000000E+000
 0.00000000000000000E+000
 0.00000000000000000E+000
 0.00000000000000000E+000
 0.00000000000000000E+000
 0.00000000000000000E+000
 0.00000000000000000E+000
 0.00000000000000000E+000
 0.00000000000000000E+000
 0.00000000000000000E+000
 0.00000000000000000E+000
 0.00000000000000000E+000
 0.00000000000000000E+000
 0.00000000000000000E+000
 0.00000000000000000E+000
 0.00000000000000000E+000
 0.00000000000000000E+000
 0.00000000000000000E+000
 0.00000000000000000E+000
 0.00000000000000000E+000
 0.00000000000000000E+000
 0.00000000000000000E+000
 0.00000000000000000E+000
 0.00000000000000000E+000
 0.00000000000000000E+000
 0.00000000000000000E+000
 0.00000000000000000E+000
 0.00000000000000000E+000
 0.00000000000000000E+000
 0.00000000000000000E+000
 0.00000000000000000E+000
 0.00000000000000000E+000
 0.00000000000000000E+000
 0.00000000000000000E+000
 0.00000000000000000E+000
 0.00000000000000000E+000
 0.00000000000000000E+000
 0.00000000000000000E+000
# INPUT: mlcanopy_inst__lwp_bef_leaf(1,100,2)
 0.00000000000000000E+000
-5.33274311901861142E-001
-6.09448148259831957E-001
-6.59078664424966432E-001
-6.94864930792448376E-001
-7.23707310201605059E-001
-7.48690396530279800E-001
-7.72159919733249267E-001
-7.96377502802590009E-001
-8.24788583470517755E-001
-8.55599647951703624E-001
-8.89831169698889535E-001
-9.26778045267547257E-001
-9.68544439635442789E-001
-1.01644594374894814E+000
-1.07269590758970579E+000
-1.15020006458318758E+000
-1.23774450227195087E+000
-1.33015596268675207E+000
-1.41266784120696420E+000
 0.00000000000000000E+000
 0.00000000000000000E+000
 0.00000000000000000E+000
 0.00000000000000000E+000
 0.00000000000000000E+000
 0.00000000000000000E+000
 0.00000000000000000E+000
 0.00000000000000000E+000
 0.00000000000000000E+000
 0.00000000000000000E+000
 0.00000000000000000E+000
 0.00000000000000000E+000
 0.00000000000000000E+000
 0.00000000000000000E+000
 0.00000000000000000E+000
 0.00000000000000000E+000
 0.00000000000000000E+000
 0.00000000000000000E+000
 0.00000000000000000E+000
 0.00000000000000000E+000
 0.00000000000000000E+000
 0.00000000000000000E+000
 0.00000000000000000E+000
 0.00000000000000000E+000
 0.00000000000000000E+000
 0.00000000000000000E+000
 1.00000000000000004E+036
 1.00000000000000004E+036
 1.00000000000000004E+036
 1.00000000000000004E+036
 1.00000000000000004E+036
 1.00000000000000004E+036
 1.00000000000000004E+036
 1.00000000000000004E+036
 1.00000000000000004E+036
 1.00000000000000004E+036
 1.00000000000000004E+036
 1.00000000000000004E+036
 1.00000000000000004E+036
 1.00000000000000004E+036
 1.00000000000000004E+036
 1.00000000000000004E+036
 1.00000000000000004E+036
 1.00000000000000004E+036
 1.00000000000000004E+036
 1.00000000000000004E+036
 1.00000000000000004E+036
 1.00000000000000004E+036
 1.00000000000000004E+036
 1.00000000000000004E+036
 1.00000000000000004E+036
 1.00000000000000004E+036
 1.00000000000000004E+036
 1.00000000000000004E+036
 1.00000000000000004E+036
 1.00000000000000004E+036
 1.00000000000000004E+036
 1.00000000000000004E+036
 1.00000000000000004E+036
 1.00000000000000004E+036
 1.00000000000000004E+036
 1.00000000000000004E+036
 1.00000000000000004E+036
 1.00000000000000004E+036
 1.00000000000000004E+036
 1.00000000000000004E+036
 1.00000000000000004E+036
 1.00000000000000004E+036
 1.00000000000000004E+036
 1.00000000000000004E+036
 1.00000000000000004E+036
 1.00000000000000004E+036
 1.00000000000000004E+036
 1.00000000000000004E+036
 1.00000000000000004E+036
 1.00000000000000004E+036
 1.00000000000000004E+036
 1.00000000000000004E+036
 1.00000000000000004E+036
 1.00000000000000004E+036
 0.00000000000000000E+000
-2.81800529734008987E-001
-2.99559104399661102E-001
-3.13199338763864243E-001
-3.26932609711939548E-001
-3.39117125860583846E-001
-3.53778436932351004E-001
-3.69284077574031866E-001
-3.86327695951956762E-001
-4.07413447536274453E-001
-4.30952279032736918E-001
-4.60538972496722099E-001
-4.94833273190043721E-001
-5.37768044594943762E-001
-5.90074193837392236E-001
-6.53615281386110247E-001
-7.29786335095094607E-001
-8.18142611519621865E-001
-9.13024564134856997E-001
-1.00305411090365637E+000
 0.00000000000000000E+000
 0.00000000000000000E+000
 0.00000000000000000E+000
 0.00000000000000000E+000
 0.00000000000000000E+000
 0.00000000000000000E+000
 0.00000000000000000E+000
 0.00000000000000000E+000
 0.00000000000000000E+000
 0.00000000000000000E+000
 0.00000000000000000E+000
 0.00000000000000000E+000
 0.00000000000000000E+000
 0.00000000000000000E+000
 0.00000000000000000E+000
 0.00000000000000000E+000
 0.00000000000000000E+000
 0.00000000000000000E+000
 0.00000000000000000E+000
 0.00000000000000000E+000
 0.00000000000000000E+000
 0.00000000000000000E+000
 0.00000000000000000E+000
 0.00000000000000000E+000
 0.00000000000000000E+000
 0.00000000000000000E+000
 1.00000000000000004E+036
 1.00000000000000004E+036
 1.00000000000000004E+036
 1.00000000000000004E+036
 1.00000000000000004E+036
 1.00000000000000004E+036
 1.00000000000000004E+036
 1.00000000000000004E+036
 1.00000000000000004E+036
 1.00000000000000004E+036
 1.00000000000000004E+036
 1.00000000000000004E+036
 1.00000000000000004E+036
 1.00000000000000004E+036
 1.00000000000000004E+036
 1.00000000000000004E+036
 1.00000000000000004E+036
 1.00000000000000004E+036
 1.00000000000000004E+036
 1.00000000000000004E+036
 1.00000000000000004E+036
 1.00000000000000004E+036
 1.00000000000000004E+036
 1.00000000000000004E+036
 1.00000000000000004E+036
 1.00000000000000004E+036
 1.00000000000000004E+036
 1.00000000000000004E+036
 1.00000000000000004E+036
 1.00000000000000004E+036
 1.00000000000000004E+036
 1.00000000000000004E+036
 1.00000000000000004E+036
 1.00000000000000004E+036
 1.00000000000000004E+036
 1.00000000000000004E+036
 1.00000000000000004E+036
 1.00000000000000004E+036
 1.00000000000000004E+036
 1.00000000000000004E+036
 1.00000000000000004E+036
 1.00000000000000004E+036
 1.00000000000000004E+036
 1.00000000000000004E+036
 1.00000000000000004E+036
 1.00000000000000004E+036
 1.00000000000000004E+036
 1.00000000000000004E+036
 1.00000000000000004E+036
 1.00000000000000004E+036
 1.00000000000000004E+036
 1.00000000000000004E+036
 1.00000000000000004E+036
 1.00000000000000004E+036
# INPUT: mlcanopy_inst__lwp_leaf(1,100,2)
 0.00000000000000000E+000
-5.43344435111438040E-001
-6.20652211229403394E-001
-6.70366893061519531E-001
-7.05280971944022839E-001
-7.32359963465348041E-001
-7.54817884736068034E-001
-7.75349972280433231E-001
-7.97250938310627988E-001
-8.22940796327118806E-001
-8.50832141920184970E-001
-8.81953282639225233E-001
-9.15779112901222048E-001
-9.53762350196569964E-001
-9.93776055438461259E-001
-1.04016694587902725E+000
-1.10981989581534890E+000
-1.18903044566068661E+000
-1.27538376009862864E+000
-1.35932461780025426E+000
 0.00000000000000000E+000
 0.00000000000000000E+000
 0.00000000000000000E+000
 0.00000000000000000E+000
 0.00000000000000000E+000
 0.00000000000000000E+000
 0.00000000000000000E+000
 0.00000000000000000E+000
 0.00000000000000000E+000
 0.00000000000000000E+000
 0.00000000000000000E+000
 0.00000000000000000E+000
 0.00000000000000000E+000
 0.00000000000000000E+000
 0.00000000000000000E+000
 0.00000000000000000E+000
 0.00000000000000000E+000
 0.00000000000000000E+000
 0.00000000000000000E+000
 0.00000000000000000E+000
 0.00000000000000000E+000
 0.00000000000000000E+000
 0.00000000000000000E+000
 0.00000000000000000E+000
 0.00000000000000000E+000
 0.00000000000000000E+000
-1.00000000000000006E-001
-1.00000000000000006E-001
-1.00000000000000006E-001
-1.00000000000000006E-001
-1.00000000000000006E-001
-1.00000000000000006E-001
-1.00000000000000006E-001
-1.00000000000000006E-001
-1.00000000000000006E-001
-1.00000000000000006E-001
-1.00000000000000006E-001
-1.00000000000000006E-001
-1.00000000000000006E-001
-1.00000000000000006E-001
-1.00000000000000006E-001
-1.00000000000000006E-001
-1.00000000000000006E-001
-1.00000000000000006E-001
-1.00000000000000006E-001
-1.00000000000000006E-001
-1.00000000000000006E-001
-1.00000000000000006E-001
-1.00000000000000006E-001
-1.00000000000000006E-001
-1.00000000000000006E-001
-1.00000000000000006E-001
-1.00000000000000006E-001
-1.00000000000000006E-001
-1.00000000000000006E-001
-1.00000000000000006E-001
-1.00000000000000006E-001
-1.00000000000000006E-001
-1.00000000000000006E-001
-1.00000000000000006E-001
-1.00000000000000006E-001
-1.00000000000000006E-001
-1.00000000000000006E-001
-1.00000000000000006E-001
-1.00000000000000006E-001
-1.00000000000000006E-001
-1.00000000000000006E-001
-1.00000000000000006E-001
-1.00000000000000006E-001
-1.00000000000000006E-001
-1.00000000000000006E-001
-1.00000000000000006E-001
-1.00000000000000006E-001
-1.00000000000000006E-001
-1.00000000000000006E-001
-1.00000000000000006E-001
-1.00000000000000006E-001
-1.00000000000000006E-001
-1.00000000000000006E-001
-1.00000000000000006E-001
 0.00000000000000000E+000
-2.77748345665636498E-001
-2.93361175837386967E-001
-3.06156331578067820E-001
-3.18608021538395070E-001
-3.30740691702410328E-001
-3.43841249661814008E-001
-3.57116366379091055E-001
-3.73322837794987039E-001
-3.92048538619162612E-001
-4.13173457005918399E-001
-4.38811888555611984E-001
-4.70009494290346552E-001
-5.08212025489608754E-001
-5.54001649563113485E-001
-6.10834948677039580E-001
-6.78600906915647339E-001
-7.57967165523410369E-001
-8.45732681909058370E-001
-9.31544715699237247E-001
 0.00000000000000000E+000
 0.00000000000000000E+000
 0.00000000000000000E+000
 0.00000000000000000E+000
 0.00000000000000000E+000
 0.00000000000000000E+000
 0.00000000000000000E+000
 0.00000000000000000E+000
 0.00000000000000000E+000
 0.00000000000000000E+000
 0.00000000000000000E+000
 0.00000000000000000E+000
 0.00000000000000000E+000
 0.00000000000000000E+000
 0.00000000000000000E+000
 0.00000000000000000E+000
 0.00000000000000000E+000
 0.00000000000000000E+000
 0.00000000000000000E+000
 0.00000000000000000E+000
 0.00000000000000000E+000
 0.00000000000000000E+000
 0.00000000000000000E+000
 0.00000000000000000E+000
 0.00000000000000000E+000
 0.00000000000000000E+000
-1.00000000000000006E-001
-1.00000000000000006E-001
-1.00000000000000006E-001
-1.00000000000000006E-001
-1.00000000000000006E-001
-1.00000000000000006E-001
-1.00000000000000006E-001
-1.00000000000000006E-001
-1.00000000000000006E-001
-1.00000000000000006E-001
-1.00000000000000006E-001
-1.00000000000000006E-001
-1.00000000000000006E-001
-1.00000000000000006E-001
-1.00000000000000006E-001
-1.00000000000000006E-001
-1.00000000000000006E-001
-1.00000000000000006E-001
-1.00000000000000006E-001
-1.00000000000000006E-001
-1.00000000000000006E-001
-1.00000000000000006E-001
-1.00000000000000006E-001
-1.00000000000000006E-001
-1.00000000000000006E-001
-1.00000000000000006E-001
-1.00000000000000006E-001
-1.00000000000000006E-001
-1.00000000000000006E-001
-1.00000000000000006E-001
-1.00000000000000006E-001
-1.00000000000000006E-001
-1.00000000000000006E-001
-1.00000000000000006E-001
-1.00000000000000006E-001
-1.00000000000000006E-001
-1.00000000000000006E-001
-1.00000000000000006E-001
-1.00000000000000006E-001
-1.00000000000000006E-001
-1.00000000000000006E-001
-1.00000000000000006E-001
-1.00000000000000006E-001
-1.00000000000000006E-001
-1.00000000000000006E-001
-1.00000000000000006E-001
-1.00000000000000006E-001
-1.00000000000000006E-001
-1.00000000000000006E-001
-1.00000000000000006E-001
-1.00000000000000006E-001
-1.00000000000000006E-001
-1.00000000000000006E-001
-1.00000000000000006E-001
# INPUT: mlcanopy_inst__ncan_canopy(1)
46
# INPUT: mlcanopy_inst__tair_bef_profile(1,100)
 3.00457590113978313E+002
 3.00227308492942541E+002
 3.00028402771896253E+002
 2.99841224584736096E+002
 2.99655776764221457E+002
 2.99471853597901259E+002
 2.99287017150967642E+002
 2.99103378760710484E+002
 2.98925144515390514E+002
 2.98755026584912400E+002
 2.98599281489154066E+002
 2.98464091551849890E+002
 2.98357003891701709E+002
 2.98283711476271776E+002
 2.98249717910162815E+002
 2.98258739613258228E+002
 2.98308631851260145E+002
 2.98399781030386123E+002
 2.98528866318376345E+002
 2.98687272340088782E+002
 2.98855005925911769E+002
 2.98995823635354100E+002
 2.99124026656210958E+002
 2.99244841164190859E+002
 2.99360785549432251E+002
 2.99473087637915853E+002
 2.99582528265461235E+002
 2.99689585278281186E+002
 2.99794569324505574E+002
 2.99897697489049790E+002
 2.99999123525377911E+002
 3.00098983422875165E+002
 3.00197350551281318E+002
 3.00294312315074478E+002
 3.00389938591789928E+002
 3.00484295458079430E+002
 3.00577448376420477E+002
 3.00669453388415889E+002
 3.00760376895269246E+002
 3.00850265439640566E+002
 3.00939178885671311E+002
 3.01027172750346608E+002
 3.01114297956631106E+002
 3.01200610484092579E+002
 3.01286163372006172E+002
 3.01371010273671743E+002
 1.00000000000000004E+036
 1.00000000000000004E+036
 1.00000000000000004E+036
 1.00000000000000004E+036
 1.00000000000000004E+036
 1.00000000000000004E+036
 1.00000000000000004E+036
 1.00000000000000004E+036
 1.00000000000000004E+036
 1.00000000000000004E+036
 1.00000000000000004E+036
 1.00000000000000004E+036
 1.00000000000000004E+036
 1.00000000000000004E+036
 1.00000000000000004E+036
 1.00000000000000004E+036
 1.00000000000000004E+036
 1.00000000000000004E+036
 1.00000000000000004E+036
 1.00000000000000004E+036
 1.00000000000000004E+036
 1.00000000000000004E+036
 1.00000000000000004E+036
 1.00000000000000004E+036
 1.00000000000000004E+036
 1.00000000000000004E+036
 1.00000000000000004E+036
 1.00000000000000004E+036
 1.00000000000000004E+036
 1.00000000000000004E+036
 1.00000000000000004E+036
 1.00000000000000004E+036
 1.00000000000000004E+036
 1.00000000000000004E+036
 1.00000000000000004E+036
 1.00000000000000004E+036
 1.00000000000000004E+036
 1.00000000000000004E+036
 1.00000000000000004E+036
 1.00000000000000004E+036
 1.00000000000000004E+036
 1.00000000000000004E+036
 1.00000000000000004E+036
 1.00000000000000004E+036
 1.00000000000000004E+036
 1.00000000000000004E+036
 1.00000000000000004E+036
 1.00000000000000004E+036
 1.00000000000000004E+036
 1.00000000000000004E+036
 1.00000000000000004E+036
 1.00000000000000004E+036
 1.00000000000000004E+036
 1.00000000000000004E+036
# INPUT: mlcanopy_inst__tair_profile(1,100)
 3.00462022080616350E+002
 3.00232608959385686E+002
 3.00012315110529812E+002
 2.99797370353006670E+002
 2.99584913371456992E+002
 2.99374108850777645E+002
 2.99167622932715119E+002
 2.98967492892508801E+002
 2.98775192223093654E+002
 2.98596972242728953E+002
 2.98438255150517932E+002
 2.98304569824484361E+002
 2.98200679055418561E+002
 2.98132360294883313E+002
 2.98103427641549786E+002
 2.98114562443877332E+002
 2.98165276056248217E+002
 2.98254958890513763E+002
 2.98379845378045161E+002
 2.98531689516347001E+002
 2.98692181058878475E+002
 2.98828041594941624E+002
 2.98952602765577865E+002
 2.99070521572679183E+002
 2.99184078567073414E+002
 2.99294547726699363E+002
 2.99402721969117692E+002
 2.99508926495440448E+002
 2.99613435949550706E+002
 2.99716437540705499E+002
 2.99818058822143939E+002
 2.99918339492328357E+002
 3.00017337913033259E+002
 3.00115108921928766E+002
 3.00211668210944083E+002
 3.00307037605230562E+002
 3.00401235857478866E+002
 3.00494292188192730E+002
 3.00586213806309672E+002
 3.00677014663057321E+002
 3.00766711679556806E+002
 3.00855324628696394E+002
 3.00942862406267295E+002
 3.01029338025734091E+002
 3.01114767086493316E+002
 3.01199160531032192E+002
 1.00000000000000004E+036
 1.00000000000000004E+036
 1.00000000000000004E+036
 1.00000000000000004E+036
 1.00000000000000004E+036
 1.00000000000000004E+036
 1.00000000000000004E+036
 1.00000000000000004E+036
 1.00000000000000004E+036
 1.00000000000000004E+036
 1.00000000000000004E+036
 1.00000000000000004E+036
 1.00000000000000004E+036
 1.00000000000000004E+036
 1.00000000000000004E+036
 1.00000000000000004E+036
 1.00000000000000004E+036
 1.00000000000000004E+036
 1.00000000000000004E+036
 1.00000000000000004E+036
 1.00000000000000004E+036
 1.00000000000000004E+036
 1.00000000000000004E+036
 1.00000000000000004E+036
 1.00000000000000004E+036
 1.00000000000000004E+036
 1.00000000000000004E+036
 1.00000000000000004E+036
 1.00000000000000004E+036
 1.00000000000000004E+036
 1.00000000000000004E+036
 1.00000000000000004E+036
 1.00000000000000004E+036
 1.00000000000000004E+036
 1.00000000000000004E+036
 1.00000000000000004E+036
 1.00000000000000004E+036
 1.00000000000000004E+036
 1.00000000000000004E+036
 1.00000000000000004E+036
 1.00000000000000004E+036
 1.00000000000000004E+036
 1.00000000000000004E+036
 1.00000000000000004E+036
 1.00000000000000004E+036
 1.00000000000000004E+036
 1.00000000000000004E+036
 1.00000000000000004E+036
 1.00000000000000004E+036
 1.00000000000000004E+036
 1.00000000000000004E+036
 1.00000000000000004E+036
 1.00000000000000004E+036
 1.00000000000000004E+036
# INPUT: mlcanopy_inst__tg_bef_soil(1)
 3.00831622463211772E+002
# INPUT: mlcanopy_inst__tg_soil(1)
 3.00802138004547032E+002
# INPUT: mlcanopy_inst__tleaf_bef_leaf(1,100,2)
 3.00457590113978313E+002
 3.04614430206106078E+002
 3.03426773429119692E+002
 3.02655139299246912E+002
 3.02095061084376084E+002
 3.01650253025040058E+002
 3.01281667846592484E+002
 3.00951803874893471E+002
 3.00645555133339997E+002
 3.00192213864011876E+002
 2.99764758940882473E+002
 2.99356686928090255E+002
 2.98976032150065009E+002
 2.98620699893917958E+002
 2.98296725227284412E+002
 2.98065776608416684E+002
 2.97683924488801267E+002
 2.97352021859959393E+002
 2.97078741982148074E+002
 2.96904104205081978E+002
 2.98855005925911769E+002
 2.98995823635354100E+002
 2.99124026656210958E+002
 2.99244841164190859E+002
 2.99360785549432251E+002
 2.99473087637915853E+002
 2.99582528265461235E+002
 2.99689585278281186E+002
 2.99794569324505574E+002
 2.99897697489049790E+002
 2.99999123525377911E+002
 3.00098983422875165E+002
 3.00197350551281318E+002
 3.00294312315074478E+002
 3.00389938591789928E+002
 3.00484295458079430E+002
 3.00577448376420477E+002
 3.00669453388415889E+002
 3.00760376895269246E+002
 3.00850265439640566E+002
 3.00939178885671311E+002
 3.01027172750346608E+002
 3.01114297956631106E+002
 3.01200610484092579E+002
 3.01286163372006172E+002
 3.01371010273671743E+002
 1.00000000000000004E+036
 1.00000000000000004E+036
 1.00000000000000004E+036
 1.00000000000000004E+036
 1.00000000000000004E+036
 1.00000000000000004E+036
 1.00000000000000004E+036
 1.00000000000000004E+036
 1.00000000000000004E+036
 1.00000000000000004E+036
 1.00000000000000004E+036
 1.00000000000000004E+036
 1.00000000000000004E+036
 1.00000000000000004E+036
 1.00000000000000004E+036
 1.00000000000000004E+036
 1.00000000000000004E+036
 1.00000000000000004E+036
 1.00000000000000004E+036
 1.00000000000000004E+036
 1.00000000000000004E+036
 1.00000000000000004E+036
 1.00000000000000004E+036
 1.00000000000000004E+036
 1.00000000000000004E+036
 1.00000000000000004E+036
 1.00000000000000004E+036
 1.00000000000000004E+036
 1.00000000000000004E+036
 1.00000000000000004E+036
 1.00000000000000004E+036
 1.00000000000000004E+036
 1.00000000000000004E+036
 1.00000000000000004E+036
 1.00000000000000004E+036
 1.00000000000000004E+036
 1.00000000000000004E+036
 1.00000000000000004E+036
 1.00000000000000004E+036
 1.00000000000000004E+036
 1.00000000000000004E+036
 1.00000000000000004E+036
 1.00000000000000004E+036
 1.00000000000000004E+036
 1.00000000000000004E+036
 1.00000000000000004E+036
 1.00000000000000004E+036
 1.00000000000000004E+036
 1.00000000000000004E+036
 1.00000000000000004E+036
 1.00000000000000004E+036
 1.00000000000000004E+036
 1.00000000000000004E+036
 1.00000000000000004E+036
 3.00457590113978313E+002
 3.00448992218211117E+002
 3.00059071398128822E+002
 2.99829481418143246E+002
 2.99577770015846056E+002
 2.99393905656337949E+002
 2.99176306331865362E+002
 2.98933408807816988E+002
 2.98705345540694964E+002
 2.98462097913179036E+002
 2.98214519826201695E+002
 2.97940702383409814E+002
 2.97683485684435880E+002
 2.97412910070503244E+002
 2.97139159175410157E+002
 2.96897238315855020E+002
 2.96669100093988447E+002
 2.96459887650334849E+002
 2.96284120344184316E+002
 2.96207661650778164E+002
 2.98855005925911769E+002
 2.98995823635354100E+002
 2.99124026656210958E+002
 2.99244841164190859E+002
 2.99360785549432251E+002
 2.99473087637915853E+002
 2.99582528265461235E+002
 2.99689585278281186E+002
 2.99794569324505574E+002
 2.99897697489049790E+002
 2.99999123525377911E+002
 3.00098983422875165E+002
 3.00197350551281318E+002
 3.00294312315074478E+002
 3.00389938591789928E+002
 3.00484295458079430E+002
 3.00577448376420477E+002
 3.00669453388415889E+002
 3.00760376895269246E+002
 3.00850265439640566E+002
 3.00939178885671311E+002
 3.01027172750346608E+002
 3.01114297956631106E+002
 3.01200610484092579E+002
 3.01286163372006172E+002
 3.01371010273671743E+002
 1.00000000000000004E+036
 1.00000000000000004E+036
 1.00000000000000004E+036
 1.00000000000000004E+036
 1.00000000000000004E+036
 1.00000000000000004E+036
 1.00000000000000004E+036
 1.00000000000000004E+036
 1.00000000000000004E+036
 1.00000000000000004E+036
 1.00000000000000004E+036
 1.00000000000000004E+036
 1.00000000000000004E+036
 1.00000000000000004E+036
 1.00000000000000004E+036
 1.00000000000000004E+036
 1.00000000000000004E+036
 1.00000000000000004E+036
 1.00000000000000004E+036
 1.00000000000000004E+036
 1.00000000000000004E+036
 1.00000000000000004E+036
 1.00000000000000004E+036
 1.00000000000000004E+036
 1.00000000000000004E+036
 1.00000000000000004E+036
 1.00000000000000004E+036
 1.00000000000000004E+036
 1.00000000000000004E+036
 1.00000000000000004E+036
 1.00000000000000004E+036
 1.00000000000000004E+036
 1.00000000000000004E+036
 1.00000000000000004E+036
 1.00000000000000004E+036
 1.00000000000000004E+036
 1.00000000000000004E+036
 1.00000000000000004E+036
 1.00000000000000004E+036
 1.00000000000000004E+036
 1.00000000000000004E+036
 1.00000000000000004E+036
 1.00000000000000004E+036
 1.00000000000000004E+036
 1.00000000000000004E+036
 1.00000000000000004E+036
 1.00000000000000004E+036
 1.00000000000000004E+036
 1.00000000000000004E+036
 1.00000000000000004E+036
 1.00000000000000004E+036
 1.00000000000000004E+036
 1.00000000000000004E+036
 1.00000000000000004E+036
# INPUT: mlcanopy_inst__tleaf_leaf(1,100,2)
 3.00462022080616350E+002
 3.04350084396447073E+002
 3.03203501353145668E+002
 3.02442944448789319E+002
 3.01892286500159400E+002
 3.01447303411868859E+002
 3.01085619407965794E+002
 3.00768848433494611E+002
 3.00386730187070214E+002
 2.99946766666330234E+002
 2.99527339066734839E+002
 2.99130851053833453E+002
 2.98757567509278374E+002
 2.98416602673096918E+002
 2.98149024073899113E+002
 2.97879363455837620E+002
 2.97517238942711572E+002
 2.97206285492253073E+002
 2.96948583612788696E+002
 2.96780435065139329E+002
 2.98692181058878475E+002
 2.98828041594941624E+002
 2.98952602765577865E+002
 2.99070521572679183E+002
 2.99184078567073414E+002
 2.99294547726699363E+002
 2.99402721969117692E+002
 2.99508926495440448E+002
 2.99613435949550706E+002
 2.99716437540705499E+002
 2.99818058822143939E+002
 2.99918339492328357E+002
 3.00017337913033259E+002
 3.00115108921928766E+002
 3.00211668210944083E+002
 3.00307037605230562E+002
 3.00401235857478866E+002
 3.00494292188192730E+002
 3.00586213806309672E+002
 3.00677014663057321E+002
 3.00766711679556806E+002
 3.00855324628696394E+002
 3.00942862406267295E+002
 3.01029338025734091E+002
 3.01114767086493316E+002
 3.01199160531032192E+002
 1.00000000000000004E+036
 1.00000000000000004E+036
 1.00000000000000004E+036
 1.00000000000000004E+036
 1.00000000000000004E+036
 1.00000000000000004E+036
 1.00000000000000004E+036
 1.00000000000000004E+036
 1.00000000000000004E+036
 1.00000000000000004E+036
 1.00000000000000004E+036
 1.00000000000000004E+036
 1.00000000000000004E+036
 1.00000000000000004E+036
 1.00000000000000004E+036
 1.00000000000000004E+036
 1.00000000000000004E+036
 1.00000000000000004E+036
 1.00000000000000004E+036
 1.00000000000000004E+036
 1.00000000000000004E+036
 1.00000000000000004E+036
 1.00000000000000004E+036
 1.00000000000000004E+036
 1.00000000000000004E+036
 1.00000000000000004E+036
 1.00000000000000004E+036
 1.00000000000000004E+036
 1.00000000000000004E+036
 1.00000000000000004E+036
 1.00000000000000004E+036
 1.00000000000000004E+036
 1.00000000000000004E+036
 1.00000000000000004E+036
 1.00000000000000004E+036
 1.00000000000000004E+036
 1.00000000000000004E+036
 1.00000000000000004E+036
 1.00000000000000004E+036
 1.00000000000000004E+036
 1.00000000000000004E+036
 1.00000000000000004E+036
 1.00000000000000004E+036
 1.00000000000000004E+036
 1.00000000000000004E+036
 1.00000000000000004E+036
 1.00000000000000004E+036
 1.00000000000000004E+036
 1.00000000000000004E+036
 1.00000000000000004E+036
 1.00000000000000004E+036
 1.00000000000000004E+036
 1.00000000000000004E+036
 1.00000000000000004E+036
 3.00462022080616350E+002
 3.00416501192948772E+002
 3.00049928860342163E+002
 2.99779804525231384E+002
 2.99545752023454611E+002
 2.99296386079007505E+002
 2.99071634727027913E+002
 2.98864612113369503E+002
 2.98595629950968657E+002
 2.98350391968728104E+002
 2.98100192648656105E+002
 2.97857236986214957E+002
 2.97584685558007379E+002
 2.97325552262491613E+002
 2.97082296330678162E+002
 2.96823689359590276E+002
 2.96605606812799977E+002
 2.96405694113755430E+002
 2.96237455123278721E+002
 2.96166094986889618E+002
 2.98692181058878475E+002
 2.98828041594941624E+002
 2.98952602765577865E+002
 2.99070521572679183E+002
 2.99184078567073414E+002
 2.99294547726699363E+002
 2.99402721969117692E+002
 2.99508926495440448E+002
 2.99613435949550706E+002
 2.99716437540705499E+002
 2.99818058822143939E+002
 2.99918339492328357E+002
 3.00017337913033259E+002
 3.00115108921928766E+002
 3.00211668210944083E+002
 3.00307037605230562E+002
 3.00401235857478866E+002
 3.00494292188192730E+002
 3.00586213806309672E+002
 3.00677014663057321E+002
 3.00766711679556806E+002
 3.00855324628696394E+002
 3.00942862406267295E+002
 3.01029338025734091E+002
 3.01114767086493316E+002
 3.01199160531032192E+002
 1.00000000000000004E+036
 1.00000000000000004E+036
 1.00000000000000004E+036
 1.00000000000000004E+036
 1.00000000000000004E+036
 1.00000000000000004E+036
 1.00000000000000004E+036
 1.00000000000000004E+036
 1.00000000000000004E+036
 1.00000000000000004E+036
 1.00000000000000004E+036
 1.00000000000000004E+036
 1.00000000000000004E+036
 1.00000000000000004E+036
 1.00000000000000004E+036
 1.00000000000000004E+036
 1.00000000000000004E+036
 1.00000000000000004E+036
 1.00000000000000004E+036
 1.00000000000000004E+036
 1.00000000000000004E+036
 1.00000000000000004E+036
 1.00000000000000004E+036
 1.00000000000000004E+036
 1.00000000000000004E+036
 1.00000000000000004E+036
 1.00000000000000004E+036
 1.00000000000000004E+036
 1.00000000000000004E+036
 1.00000000000000004E+036
 1.00000000000000004E+036
 1.00000000000000004E+036
 1.00000000000000004E+036
 1.00000000000000004E+036
 1.00000000000000004E+036
 1.00000000000000004E+036
 1.00000000000000004E+036
 1.00000000000000004E+036
 1.00000000000000004E+036
 1.00000000000000004E+036
 1.00000000000000004E+036
 1.00000000000000004E+036
 1.00000000000000004E+036
 1.00000000000000004E+036
 1.00000000000000004E+036
 1.00000000000000004E+036
 1.00000000000000004E+036
 1.00000000000000004E+036
 1.00000000000000004E+036
 1.00000000000000004E+036
 1.00000000000000004E+036
 1.00000000000000004E+036
 1.00000000000000004E+036
 1.00000000000000004E+036
# OUTPUT: mlcanopy_inst__deair_profile(1,100,4)
 9.52851196275119037E+001
 1.13559260934928943E+002
 1.09021691779482353E+002
 1.03441964027110771E+002
 9.97135910326101111E+001
 9.71100588300230356E+001
 9.43626565449978898E+001
 9.06797743324498242E+001
 8.57987913795257100E+001
 7.97232704408879727E+001
 7.29132790836581535E+001
 6.59134873872201297E+001
 5.92678384930034099E+001
 5.34290750484960881E+001
 4.87383668295008192E+001
 4.54441600313716663E+001
 4.35303859749401454E+001
 4.29459869228926436E+001
 4.35097086213986586E+001
 4.48888308156369931E+001
 4.64791640717380687E+001
 4.74229781281194391E+001
 4.79642452743541980E+001
 4.83238118057938664E+001
 4.85288749502733481E+001
 4.85412503100001231E+001
 4.84154217475713722E+001
 4.81636434316856139E+001
 4.77827451539176309E+001
 4.73018648206411854E+001
 4.67333197174395991E+001
 4.60868933811195802E+001
 4.53777345014493676E+001
 4.46204130502333101E+001
 4.38244285798796227E+001
 4.30051675952179266E+001
 4.21777973233063221E+001
 4.13516865851672719E+001
 4.05428658383295897E+001
 3.97623755513964170E+001
 3.90220187967386209E+001
 3.83351637303279631E+001
 3.77141088993234916E+001
 3.71709258268880376E+001
 3.67184252300463640E+001
 3.63702979724687339E+001
 1.00000000000000004E+036
 1.00000000000000004E+036
 1.00000000000000004E+036
 1.00000000000000004E+036
 1.00000000000000004E+036
 1.00000000000000004E+036
 1.00000000000000004E+036
 1.00000000000000004E+036
 1.00000000000000004E+036
 1.00000000000000004E+036
 1.00000000000000004E+036
 1.00000000000000004E+036
 1.00000000000000004E+036
 1.00000000000000004E+036
 1.00000000000000004E+036
 1.00000000000000004E+036
 1.00000000000000004E+036
 1.00000000000000004E+036
 1.00000000000000004E+036
 1.00000000000000004E+036
 1.00000000000000004E+036
 1.00000000000000004E+036
 1.00000000000000004E+036
 1.00000000000000004E+036
 1.00000000000000004E+036
 1.00000000000000004E+036
 1.00000000000000004E+036
 1.00000000000000004E+036
 1.00000000000000004E+036
 1.00000000000000004E+036
 1.00000000000000004E+036
 1.00000000000000004E+036
 1.00000000000000004E+036
 1.00000000000000004E+036
 1.00000000000000004E+036
 1.00000000000000004E+036
 1.00000000000000004E+036
 1.00000000000000004E+036
 1.00000000000000004E+036
 1.00000000000000004E+036
 1.00000000000000004E+036
 1.00000000000000004E+036
 1.00000000000000004E+036
 1.00000000000000004E+036
 1.00000000000000004E+036
 1.00000000000000004E+036
 1.00000000000000004E+036
 1.00000000000000004E+036
 1.00000000000000004E+036
 1.00000000000000004E+036
 1.00000000000000004E+036
 1.00000000000000004E+036
 1.00000000000000004E+036
 1.00000000000000004E+036
 1.06243906581220472E+002
 1.14492783366216372E+002
 1.06984708798853489E+002
 1.01363950355514135E+002
 9.88634619760534861E+001
 9.80921703757558134E+001
 9.72503295524775240E+001
 9.53999005862015110E+001
 9.23453344586555431E+001
 8.78361899170949982E+001
 8.22832497113802219E+001
 7.62038497149972045E+001
 7.02224300311588649E+001
 6.47082956159506466E+001
 6.00403898547308472E+001
 5.65489878033872628E+001
 5.41984161937812132E+001
 5.29953341777547848E+001
 5.28196115793584795E+001
 5.34090140118021282E+001
 5.42603469361265525E+001
 5.46248917256484674E+001
 5.46842256151505808E+001
 5.45620938423271582E+001
 5.43103273628073566E+001
 5.39148044317755648E+001
 5.33720323741551965E+001
 5.27218092009018164E+001
 5.19748530782405851E+001
 5.11405890107953383E+001
 5.02276457866571491E+001
 4.92622457051538731E+001
 4.82502780959248412E+001
 4.72017522545258998E+001
 4.61321212230734545E+001
 4.50542104274013582E+001
 4.39813587825494778E+001
 4.29218715243184761E+001
 4.18920952473915804E+001
 4.09017869749177407E+001
 3.99632028002556581E+001
 3.90868321723680765E+001
 3.82848351412525290E+001
 3.75696368947668589E+001
 3.69523738359364415E+001
 3.64456295900765781E+001
 1.00000000000000004E+036
 1.00000000000000004E+036
 1.00000000000000004E+036
 1.00000000000000004E+036
 1.00000000000000004E+036
 1.00000000000000004E+036
 1.00000000000000004E+036
 1.00000000000000004E+036
 1.00000000000000004E+036
 1.00000000000000004E+036
 1.00000000000000004E+036
 1.00000000000000004E+036
 1.00000000000000004E+036
 1.00000000000000004E+036
 1.00000000000000004E+036
 1.00000000000000004E+036
 1.00000000000000004E+036
 1.00000000000000004E+036
 1.00000000000000004E+036
 1.00000000000000004E+036
 1.00000000000000004E+036
 1.00000000000000004E+036
 1.00000000000000004E+036
 1.00000000000000004E+036
 1.00000000000000004E+036
 1.00000000000000004E+036
 1.00000000000000004E+036
 1.00000000000000004E+036
 1.00000000000000004E+036
 1.00000000000000004E+036
 1.00000000000000004E+036
 1.00000000000000004E+036
 1.00000000000000004E+036
 1.00000000000000004E+036
 1.00000000000000004E+036
 1.00000000000000004E+036
 1.00000000000000004E+036
 1.00000000000000004E+036
 1.00000000000000004E+036
 1.00000000000000004E+036
 1.00000000000000004E+036
 1.00000000000000004E+036
 1.00000000000000004E+036
 1.00000000000000004E+036
 1.00000000000000004E+036
 1.00000000000000004E+036
 1.00000000000000004E+036
 1.00000000000000004E+036
 1.00000000000000004E+036
 1.00000000000000004E+036
 1.00000000000000004E+036
 1.00000000000000004E+036
 1.00000000000000004E+036
 1.00000000000000004E+036
 1.71242073416066432E+002
 1.17147141853500216E+002
 9.52008959556317222E+001
 8.90065553072781768E+001
 9.07562513238053725E+001
 9.63827937697246853E+001
 1.03367388159955908E+002
 1.10324534971544608E+002
 1.16543066163698313E+002
 1.21532736004599656E+002
 1.24966080011681925E+002
 1.26635915420550191E+002
 1.26604067960810653E+002
 1.25004758939867088E+002
 1.21974254426215794E+002
 1.17895973810117539E+002
 1.13017711175780960E+002
 1.07579433852348302E+002
 1.01866747935820285E+002
 9.62081978466665078E+001
 9.10220099472542188E+001
 8.68437109803071507E+001
 8.28893246287623242E+001
 7.91454294636307623E+001
 7.54645979240399356E+001
 7.18504065822771736E+001
 6.82611801264527003E+001
 6.47163183627933449E+001
 6.12178183030252967E+001
 5.77412364581725797E+001
 5.43135353600898725E+001
 5.09214183577187214E+001
 4.75692315391324883E+001
 4.42528600566565729E+001
 4.09749103610024576E+001
 3.77354706174885450E+001
 3.45263415692845683E+001
 3.13534968240770695E+001
 2.82101337657734348E+001
 2.50945084852011178E+001
 2.20052301468247151E+001
 1.89379249171195170E+001
 1.58922575488871871E+001
 1.28616876182879878E+001
 9.84585648407335157E+000
 6.84083806754597390E+000
 1.00000000000000004E+036
 1.00000000000000004E+036
 1.00000000000000004E+036
 1.00000000000000004E+036
 1.00000000000000004E+036
 1.00000000000000004E+036
 1.00000000000000004E+036
 1.00000000000000004E+036
 1.00000000000000004E+036
 1.00000000000000004E+036
 1.00000000000000004E+036
 1.00000000000000004E+036
 1.00000000000000004E+036
 1.00000000000000004E+036
 1.00000000000000004E+036
 1.00000000000000004E+036
 1.00000000000000004E+036
 1.00000000000000004E+036
 1.00000000000000004E+036
 1.00000000000000004E+036
 1.00000000000000004E+036
 1.00000000000000004E+036
 1.00000000000000004E+036
 1.00000000000000004E+036
 1.00000000000000004E+036
 1.00000000000000004E+036
 1.00000000000000004E+036
 1.00000000000000004E+036
 1.00000000000000004E+036
 1.00000000000000004E+036
 1.00000000000000004E+036
 1.00000000000000004E+036
 1.00000000000000004E+036
 1.00000000000000004E+036
 1.00000000000000004E+036
 1.00000000000000004E+036
 1.00000000000000004E+036
 1.00000000000000004E+036
 1.00000000000000004E+036
 1.00000000000000004E+036
 1.00000000000000004E+036
 1.00000000000000004E+036
 1.00000000000000004E+036
 1.00000000000000004E+036
 1.00000000000000004E+036
 1.00000000000000004E+036
 1.00000000000000004E+036
 1.00000000000000004E+036
 1.00000000000000004E+036
 1.00000000000000004E+036
 1.00000000000000004E+036
 1.00000000000000004E+036
 1.00000000000000004E+036
 1.00000000000000004E+036
 1.97007614085532623E+002
 1.17090835645973357E+002
 8.91912361615507052E+001
 8.31936053543245180E+001
 8.75044541923209636E+001
 9.65263790718224755E+001
 1.07525797923750360E+002
 1.18824857349395643E+002
 1.29281501120342455E+002
 1.38350934053712990E+002
 1.45473573926027711E+002
 1.50250367348477084E+002
 1.52507280576319999E+002
 1.52349507556260278E+002
 1.49900002498560980E+002
 1.45324473945153841E+002
 1.39343883094598823E+002
 1.32304185785957316E+002
 1.24632630665944362E+002
 1.16849716346647938E+002
 1.09661701279308318E+002
 1.03942146030269214E+002
 9.86845929392845846E+001
 9.37239243956264545E+001
 8.88765895056449153E+001
 8.41731854701599786E+001
 7.95699663338943992E+001
 7.50656148467846833E+001
 7.06631858996952360E+001
 6.63457626455567606E+001
 6.21292466982583846E+001
 5.79929473378656439E+001
 5.39459759508163188E+001
 4.99818268724211521E+001
 4.60954687155701777E+001
 4.22857259449262983E+001
 3.85429396864135470E+001
 3.48670010260071876E+001
 3.12465179702162459E+001
 2.76790050180410390E+001
 2.41584691344794464E+001
 2.06766693570953066E+001
 1.72304891174085242E+001
 1.38109539607921761E+001
 1.04129628356303101E+001
 7.02926815592638832E+000
 1.00000000000000004E+036
 1.00000000000000004E+036
 1.00000000000000004E+036
 1.00000000000000004E+036
 1.00000000000000004E+036
 1.00000000000000004E+036
 1.00000000000000004E+036
 1.00000000000000004E+036
 1.00000000000000004E+036
 1.00000000000000004E+036
 1.00000000000000004E+036
 1.00000000000000004E+036
 1.00000000000000004E+036
 1.00000000000000004E+036
 1.00000000000000004E+036
 1.00000000000000004E+036
 1.00000000000000004E+036
 1.00000000000000004E+036
 1.00000000000000004E+036
 1.00000000000000004E+036
 1.00000000000000004E+036
 1.00000000000000004E+036
 1.00000000000000004E+036
 1.00000000000000004E+036
 1.00000000000000004E+036
 1.00000000000000004E+036
 1.00000000000000004E+036
 1.00000000000000004E+036
 1.00000000000000004E+036
 1.00000000000000004E+036
 1.00000000000000004E+036
 1.00000000000000004E+036
 1.00000000000000004E+036
 1.00000000000000004E+036
 1.00000000000000004E+036
 1.00000000000000004E+036
 1.00000000000000004E+036
 1.00000000000000004E+036
 1.00000000000000004E+036
 1.00000000000000004E+036
 1.00000000000000004E+036
 1.00000000000000004E+036
 1.00000000000000004E+036
 1.00000000000000004E+036
 1.00000000000000004E+036
 1.00000000000000004E+036
 1.00000000000000004E+036
 1.00000000000000004E+036
 1.00000000000000004E+036
 1.00000000000000004E+036
 1.00000000000000004E+036
 1.00000000000000004E+036
 1.00000000000000004E+036
 1.00000000000000004E+036
# OUTPUT: mlcanopy_inst__dh2ocan_profile(1,100,4)
 0.00000000000000000E+000
 0.00000000000000000E+000
 0.00000000000000000E+000
 0.00000000000000000E+000
 0.00000000000000000E+000
 0.00000000000000000E+000
 0.00000000000000000E+000
 0.00000000000000000E+000
 0.00000000000000000E+000
 0.00000000000000000E+000
 0.00000000000000000E+000
 0.00000000000000000E+000
 0.00000000000000000E+000
 0.00000000000000000E+000
 0.00000000000000000E+000
 0.00000000000000000E+000
 0.00000000000000000E+000
 0.00000000000000000E+000
 0.00000000000000000E+000
 0.00000000000000000E+000
 0.00000000000000000E+000
 0.00000000000000000E+000
 0.00000000000000000E+000
 0.00000000000000000E+000
 0.00000000000000000E+000
 0.00000000000000000E+000
 0.00000000000000000E+000
 0.00000000000000000E+000
 0.00000000000000000E+000
 0.00000000000000000E+000
 0.00000000000000000E+000
 0.00000000000000000E+000
 0.00000000000000000E+000
 0.00000000000000000E+000
 0.00000000000000000E+000
 0.00000000000000000E+000
 0.00000000000000000E+000
 0.00000000000000000E+000
 0.00000000000000000E+000
 0.00000000000000000E+000
 0.00000000000000000E+000
 0.00000000000000000E+000
 0.00000000000000000E+000
 0.00000000000000000E+000
 0.00000000000000000E+000
 0.00000000000000000E+000
 1.00000000000000004E+036
 1.00000000000000004E+036
 1.00000000000000004E+036
 1.00000000000000004E+036
 1.00000000000000004E+036
 1.00000000000000004E+036
 1.00000000000000004E+036
 1.00000000000000004E+036
 1.00000000000000004E+036
 1.00000000000000004E+036
 1.00000000000000004E+036
 1.00000000000000004E+036
 1.00000000000000004E+036
 1.00000000000000004E+036
 1.00000000000000004E+036
 1.00000000000000004E+036
 1.00000000000000004E+036
 1.00000000000000004E+036
 1.00000000000000004E+036
 1.00000000000000004E+036
 1.00000000000000004E+036
 1.00000000000000004E+036
 1.00000000000000004E+036
 1.00000000000000004E+036
 1.00000000000000004E+036
 1.00000000000000004E+036
 1.00000000000000004E+036
 1.00000000000000004E+036
 1.00000000000000004E+036
 1.00000000000000004E+036
 1.00000000000000004E+036
 1.00000000000000004E+036
 1.00000000000000004E+036
 1.00000000000000004E+036
 1.00000000000000004E+036
 1.00000000000000004E+036
 1.00000000000000004E+036
 1.00000000000000004E+036
 1.00000000000000004E+036
 1.00000000000000004E+036
 1.00000000000000004E+036
 1.00000000000000004E+036
 1.00000000000000004E+036
 1.00000000000000004E+036
 1.00000000000000004E+036
 1.00000000000000004E+036
 1.00000000000000004E+036
 1.00000000000000004E+036
 1.00000000000000004E+036
 1.00000000000000004E+036
 1.00000000000000004E+036
 1.00000000000000004E+036
 1.00000000000000004E+036
 1.00000000000000004E+036
 0.00000000000000000E+000
 0.00000000000000000E+000
 0.00000000000000000E+000
 0.00000000000000000E+000
 0.00000000000000000E+000
 0.00000000000000000E+000
 0.00000000000000000E+000
 0.00000000000000000E+000
 0.00000000000000000E+000
 0.00000000000000000E+000
 0.00000000000000000E+000
 0.00000000000000000E+000
 0.00000000000000000E+000
 0.00000000000000000E+000
 0.00000000000000000E+000
 0.00000000000000000E+000
 0.00000000000000000E+000
 0.00000000000000000E+000
 0.00000000000000000E+000
 0.00000000000000000E+000
 0.00000000000000000E+000
 0.00000000000000000E+000
 0.00000000000000000E+000
 0.00000000000000000E+000
 0.00000000000000000E+000
 0.00000000000000000E+000
 0.00000000000000000E+000
 0.00000000000000000E+000
 0.00000000000000000E+000
 0.00000000000000000E+000
 0.00000000000000000E+000
 0.00000000000000000E+000
 0.00000000000000000E+000
 0.00000000000000000E+000
 0.00000000000000000E+000
 0.00000000000000000E+000
 0.00000000000000000E+000
 0.00000000000000000E+000
 0.00000000000000000E+000
 0.00000000000000000E+000
 0.00000000000000000E+000
 0.00000000000000000E+000
 0.00000000000000000E+000
 0.00000000000000000E+000
 0.00000000000000000E+000
 0.00000000000000000E+000
 1.00000000000000004E+036
 1.00000000000000004E+036
 1.00000000000000004E+036
 1.00000000000000004E+036
 1.00000000000000004E+036
 1.00000000000000004E+036
 1.00000000000000004E+036
 1.00000000000000004E+036
 1.00000000000000004E+036
 1.00000000000000004E+036
 1.00000000000000004E+036
 1.00000000000000004E+036
 1.00000000000000004E+036
 1.00000000000000004E+036
 1.00000000000000004E+036
 1.00000000000000004E+036
 1.00000000000000004E+036
 1.00000000000000004E+036
 1.00000000000000004E+036
 1.00000000000000004E+036
 1.00000000000000004E+036
 1.00000000000000004E+036
 1.00000000000000004E+036
 1.00000000000000004E+036
 1.00000000000000004E+036
 1.00000000000000004E+036
 1.00000000000000004E+036
 1.00000000000000004E+036
 1.00000000000000004E+036
 1.00000000000000004E+036
 1.00000000000000004E+036
 1.00000000000000004E+036
 1.00000000000000004E+036
 1.00000000000000004E+036
 1.00000000000000004E+036
 1.00000000000000004E+036
 1.00000000000000004E+036
 1.00000000000000004E+036
 1.00000000000000004E+036
 1.00000000000000004E+036
 1.00000000000000004E+036
 1.00000000000000004E+036
 1.00000000000000004E+036
 1.00000000000000004E+036
 1.00000000000000004E+036
 1.00000000000000004E+036
 1.00000000000000004E+036
 1.00000000000000004E+036
 1.00000000000000004E+036
 1.00000000000000004E+036
 1.00000000000000004E+036
 1.00000000000000004E+036
 1.00000000000000004E+036
 1.00000000000000004E+036
 0.00000000000000000E+000
 0.00000000000000000E+000
 0.00000000000000000E+000
 0.00000000000000000E+000
 0.00000000000000000E+000
 0.00000000000000000E+000
 0.00000000000000000E+000
 0.00000000000000000E+000
 0.00000000000000000E+000
 0.00000000000000000E+000
 0.00000000000000000E+000
 0.00000000000000000E+000
 0.00000000000000000E+000
 0.00000000000000000E+000
 0.00000000000000000E+000
 0.00000000000000000E+000
 0.00000000000000000E+000
 0.00000000000000000E+000
 0.00000000000000000E+000
 0.00000000000000000E+000
 0.00000000000000000E+000
 0.00000000000000000E+000
 0.00000000000000000E+000
 0.00000000000000000E+000
 0.00000000000000000E+000
 0.00000000000000000E+000
 0.00000000000000000E+000
 0.00000000000000000E+000
 0.00000000000000000E+000
 0.00000000000000000E+000
 0.00000000000000000E+000
 0.00000000000000000E+000
 0.00000000000000000E+000
 0.00000000000000000E+000
 0.00000000000000000E+000
 0.00000000000000000E+000
 0.00000000000000000E+000
 0.00000000000000000E+000
 0.00000000000000000E+000
 0.00000000000000000E+000
 0.00000000000000000E+000
 0.00000000000000000E+000
 0.00000000000000000E+000
 0.00000000000000000E+000
 0.00000000000000000E+000
 0.00000000000000000E+000
 1.00000000000000004E+036
 1.00000000000000004E+036
 1.00000000000000004E+036
 1.00000000000000004E+036
 1.00000000000000004E+036
 1.00000000000000004E+036
 1.00000000000000004E+036
 1.00000000000000004E+036
 1.00000000000000004E+036
 1.00000000000000004E+036
 1.00000000000000004E+036
 1.00000000000000004E+036
 1.00000000000000004E+036
 1.00000000000000004E+036
 1.00000000000000004E+036
 1.00000000000000004E+036
 1.00000000000000004E+036
 1.00000000000000004E+036
 1.00000000000000004E+036
 1.00000000000000004E+036
 1.00000000000000004E+036
 1.00000000000000004E+036
 1.00000000000000004E+036
 1.00000000000000004E+036
 1.00000000000000004E+036
 1.00000000000000004E+036
 1.00000000000000004E+036
 1.00000000000000004E+036
 1.00000000000000004E+036
 1.00000000000000004E+036
 1.00000000000000004E+036
 1.00000000000000004E+036
 1.00000000000000004E+036
 1.00000000000000004E+036
 1.00000000000000004E+036
 1.00000000000000004E+036
 1.00000000000000004E+036
 1.00000000000000004E+036
 1.00000000000000004E+036
 1.00000000000000004E+036
 1.00000000000000004E+036
 1.00000000000000004E+036
 1.00000000000000004E+036
 1.00000000000000004E+036
 1.00000000000000004E+036
 1.00000000000000004E+036
 1.00000000000000004E+036
 1.00000000000000004E+036
 1.00000000000000004E+036
 1.00000000000000004E+036
 1.00000000000000004E+036
 1.00000000000000004E+036
 1.00000000000000004E+036
 1.00000000000000004E+036
 0.00000000000000000E+000
 0.00000000000000000E+000
 0.00000000000000000E+000
 0.00000000000000000E+000
 0.00000000000000000E+000
 0.00000000000000000E+000
 0.00000000000000000E+000
 0.00000000000000000E+000
 0.00000000000000000E+000
 0.00000000000000000E+000
 0.00000000000000000E+000
 0.00000000000000000E+000
 0.00000000000000000E+000
 0.00000000000000000E+000
 0.00000000000000000E+000
 0.00000000000000000E+000
 0.00000000000000000E+000
 0.00000000000000000E+000
 0.00000000000000000E+000
 0.00000000000000000E+000
 0.00000000000000000E+000
 0.00000000000000000E+000
 0.00000000000000000E+000
 0.00000000000000000E+000
 0.00000000000000000E+000
 0.00000000000000000E+000
 0.00000000000000000E+000
 0.00000000000000000E+000
 0.00000000000000000E+000
 0.00000000000000000E+000
 0.00000000000000000E+000
 0.00000000000000000E+000
 0.00000000000000000E+000
 0.00000000000000000E+000
 0.00000000000000000E+000
 0.00000000000000000E+000
 0.00000000000000000E+000
 0.00000000000000000E+000
 0.00000000000000000E+000
 0.00000000000000000E+000
 0.00000000000000000E+000
 0.00000000000000000E+000
 0.00000000000000000E+000
 0.00000000000000000E+000
 0.00000000000000000E+000
 0.00000000000000000E+000
 1.00000000000000004E+036
 1.00000000000000004E+036
 1.00000000000000004E+036
 1.00000000000000004E+036
 1.00000000000000004E+036
 1.00000000000000004E+036
 1.00000000000000004E+036
 1.00000000000000004E+036
 1.00000000000000004E+036
 1.00000000000000004E+036
 1.00000000000000004E+036
 1.00000000000000004E+036
 1.00000000000000004E+036
 1.00000000000000004E+036
 1.00000000000000004E+036
 1.00000000000000004E+036
 1.00000000000000004E+036
 1.00000000000000004E+036
 1.00000000000000004E+036
 1.00000000000000004E+036
 1.00000000000000004E+036
 1.00000000000000004E+036
 1.00000000000000004E+036
 1.00000000000000004E+036
 1.00000000000000004E+036
 1.00000000000000004E+036
 1.00000000000000004E+036
 1.00000000000000004E+036
 1.00000000000000004E+036
 1.00000000000000004E+036
 1.00000000000000004E+036
 1.00000000000000004E+036
 1.00000000000000004E+036
 1.00000000000000004E+036
 1.00000000000000004E+036
 1.00000000000000004E+036
 1.00000000000000004E+036
 1.00000000000000004E+036
 1.00000000000000004E+036
 1.00000000000000004E+036
 1.00000000000000004E+036
 1.00000000000000004E+036
 1.00000000000000004E+036
 1.00000000000000004E+036
 1.00000000000000004E+036
 1.00000000000000004E+036
 1.00000000000000004E+036
 1.00000000000000004E+036
 1.00000000000000004E+036
 1.00000000000000004E+036
 1.00000000000000004E+036
 1.00000000000000004E+036
 1.00000000000000004E+036
 1.00000000000000004E+036
# OUTPUT: mlcanopy_inst__dlwp_leaf(1,100,2,4)
 0.00000000000000000E+000
-8.12985282167455470E-003
-9.31202337367253996E-003
-9.41565070964212047E-003
-8.84482908368278142E-003
-6.97373695226899404E-003
-4.72022178334263742E-003
-1.83193232912592929E-003
-6.37610792332266030E-005
 2.28062224971692373E-003
 4.80899141617774362E-003
 7.47553088928865073E-003
 1.01115439112474670E-002
 1.32991685795658121E-002
 1.95166622494665765E-002
 3.05870470849705089E-002
 3.83197679734559316E-002
 4.66437262056254021E-002
 5.28686105999429667E-002
 5.19717749414847496E-002
 0.00000000000000000E+000
 0.00000000000000000E+000
 0.00000000000000000E+000
 0.00000000000000000E+000
 0.00000000000000000E+000
 0.00000000000000000E+000
 0.00000000000000000E+000
 0.00000000000000000E+000
 0.00000000000000000E+000
 0.00000000000000000E+000
 0.00000000000000000E+000
 0.00000000000000000E+000
 0.00000000000000000E+000
 0.00000000000000000E+000
 0.00000000000000000E+000
 0.00000000000000000E+000
 0.00000000000000000E+000
 0.00000000000000000E+000
 0.00000000000000000E+000
 0.00000000000000000E+000
 0.00000000000000000E+000
 0.00000000000000000E+000
 0.00000000000000000E+000
 0.00000000000000000E+000
 0.00000000000000000E+000
 0.00000000000000000E+000
 1.00000000000000004E+036
 1.00000000000000004E+036
 1.00000000000000004E+036
 1.00000000000000004E+036
 1.00000000000000004E+036
 1.00000000000000004E+036
 1.00000000000000004E+036
 1.00000000000000004E+036
 1.00000000000000004E+036
 1.00000000000000004E+036
 1.00000000000000004E+036
 1.00000000000000004E+036
 1.00000000000000004E+036
 1.00000000000000004E+036
 1.00000000000000004E+036
 1.00000000000000004E+036
 1.00000000000000004E+036
 1.00000000000000004E+036
 1.00000000000000004E+036
 1.00000000000000004E+036
 1.00000000000000004E+036
 1.00000000000000004E+036
 1.00000000000000004E+036
 1.00000000000000004E+036
 1.00000000000000004E+036
 1.00000000000000004E+036
 1.00000000000000004E+036
 1.00000000000000004E+036
 1.00000000000000004E+036
 1.00000000000000004E+036
 1.00000000000000004E+036
 1.00000000000000004E+036
 1.00000000000000004E+036
 1.00000000000000004E+036
 1.00000000000000004E+036
 1.00000000000000004E+036
 1.00000000000000004E+036
 1.00000000000000004E+036
 1.00000000000000004E+036
 1.00000000000000004E+036
 1.00000000000000004E+036
 1.00000000000000004E+036
 1.00000000000000004E+036
 1.00000000000000004E+036
 1.00000000000000004E+036
 1.00000000000000004E+036
 1.00000000000000004E+036
 1.00000000000000004E+036
 1.00000000000000004E+036
 1.00000000000000004E+036
 1.00000000000000004E+036
 1.00000000000000004E+036
 1.00000000000000004E+036
 1.00000000000000004E+036
 0.00000000000000000E+000
 4.86066654375494345E-003
 6.22834999801918920E-003
 7.08463766314892940E-003
 8.32940217935534966E-003
 9.47406581063131581E-003
 1.09801818248172478E-002
 1.21086208948107399E-002
 1.37540168347055625E-002
 1.59985064009182665E-002
 1.82725087602267910E-002
 2.11455726921880860E-002
 2.48892305002124115E-002
 2.93413851435033735E-002
 3.55211433882712813E-002
 4.26562014226926633E-002
 5.06827068208752785E-002
 5.93120876945080200E-002
 6.61372177767856062E-002
 7.02749488389983190E-002
 0.00000000000000000E+000
 0.00000000000000000E+000
 0.00000000000000000E+000
 0.00000000000000000E+000
 0.00000000000000000E+000
 0.00000000000000000E+000
 0.00000000000000000E+000
 0.00000000000000000E+000
 0.00000000000000000E+000
 0.00000000000000000E+000
 0.00000000000000000E+000
 0.00000000000000000E+000
 0.00000000000000000E+000
 0.00000000000000000E+000
 0.00000000000000000E+000
 0.00000000000000000E+000
 0.00000000000000000E+000
 0.00000000000000000E+000
 0.00000000000000000E+000
 0.00000000000000000E+000
 0.00000000000000000E+000
 0.00000000000000000E+000
 0.00000000000000000E+000
 0.00000000000000000E+000
 0.00000000000000000E+000
 0.00000000000000000E+000
 1.00000000000000004E+036
 1.00000000000000004E+036
 1.00000000000000004E+036
 1.00000000000000004E+036
 1.00000000000000004E+036
 1.00000000000000004E+036
 1.00000000000000004E+036
 1.00000000000000004E+036
 1.00000000000000004E+036
 1.00000000000000004E+036
 1.00000000000000004E+036
 1.00000000000000004E+036
 1.00000000000000004E+036
 1.00000000000000004E+036
 1.00000000000000004E+036
 1.00000000000000004E+036
 1.00000000000000004E+036
 1.00000000000000004E+036
 1.00000000000000004E+036
 1.00000000000000004E+036
 1.00000000000000004E+036
 1.00000000000000004E+036
 1.00000000000000004E+036
 1.00000000000000004E+036
 1.00000000000000004E+036
 1.00000000000000004E+036
 1.00000000000000004E+036
 1.00000000000000004E+036
 1.00000000000000004E+036
 1.00000000000000004E+036
 1.00000000000000004E+036
 1.00000000000000004E+036
 1.00000000000000004E+036
 1.00000000000000004E+036
 1.00000000000000004E+036
 1.00000000000000004E+036
 1.00000000000000004E+036
 1.00000000000000004E+036
 1.00000000000000004E+036
 1.00000000000000004E+036
 1.00000000000000004E+036
 1.00000000000000004E+036
 1.00000000000000004E+036
 1.00000000000000004E+036
 1.00000000000000004E+036
 1.00000000000000004E+036
 1.00000000000000004E+036
 1.00000000000000004E+036
 1.00000000000000004E+036
 1.00000000000000004E+036
 1.00000000000000004E+036
 1.00000000000000004E+036
 1.00000000000000004E+036
 1.00000000000000004E+036
 0.00000000000000000E+000
-1.00701232095768978E-002
-1.12040629695714378E-002
-1.12882286365530993E-002
-1.04160411515744622E-002
-8.65265326374298205E-003
-6.12748820578823405E-003
-3.19005254718396358E-003
-8.73435508037978536E-004
 1.84778714339894901E-003
 4.76750603151865349E-003
 7.87788705966430136E-003
 1.09989323663252092E-002
 1.47820894388728252E-002
 2.26698883104868854E-002
 3.25289617106785389E-002
 4.03801687678386756E-002
 4.87140566112642670E-002
 5.47722025881234309E-002
 5.33432234067099387E-002
 0.00000000000000000E+000
 0.00000000000000000E+000
 0.00000000000000000E+000
 0.00000000000000000E+000
 0.00000000000000000E+000
 0.00000000000000000E+000
 0.00000000000000000E+000
 0.00000000000000000E+000
 0.00000000000000000E+000
 0.00000000000000000E+000
 0.00000000000000000E+000
 0.00000000000000000E+000
 0.00000000000000000E+000
 0.00000000000000000E+000
 0.00000000000000000E+000
 0.00000000000000000E+000
 0.00000000000000000E+000
 0.00000000000000000E+000
 0.00000000000000000E+000
 0.00000000000000000E+000
 0.00000000000000000E+000
 0.00000000000000000E+000
 0.00000000000000000E+000
 0.00000000000000000E+000
 0.00000000000000000E+000
 0.00000000000000000E+000
 1.00000000000000004E+036
 1.00000000000000004E+036
 1.00000000000000004E+036
 1.00000000000000004E+036
 1.00000000000000004E+036
 1.00000000000000004E+036
 1.00000000000000004E+036
 1.00000000000000004E+036
 1.00000000000000004E+036
 1.00000000000000004E+036
 1.00000000000000004E+036
 1.00000000000000004E+036
 1.00000000000000004E+036
 1.00000000000000004E+036
 1.00000000000000004E+036
 1.00000000000000004E+036
 1.00000000000000004E+036
 1.00000000000000004E+036
 1.00000000000000004E+036
 1.00000000000000004E+036
 1.00000000000000004E+036
 1.00000000000000004E+036
 1.00000000000000004E+036
 1.00000000000000004E+036
 1.00000000000000004E+036
 1.00000000000000004E+036
 1.00000000000000004E+036
 1.00000000000000004E+036
 1.00000000000000004E+036
 1.00000000000000004E+036
 1.00000000000000004E+036
 1.00000000000000004E+036
 1.00000000000000004E+036
 1.00000000000000004E+036
 1.00000000000000004E+036
 1.00000000000000004E+036
 1.00000000000000004E+036
 1.00000000000000004E+036
 1.00000000000000004E+036
 1.00000000000000004E+036
 1.00000000000000004E+036
 1.00000000000000004E+036
 1.00000000000000004E+036
 1.00000000000000004E+036
 1.00000000000000004E+036
 1.00000000000000004E+036
 1.00000000000000004E+036
 1.00000000000000004E+036
 1.00000000000000004E+036
 1.00000000000000004E+036
 1.00000000000000004E+036
 1.00000000000000004E+036
 1.00000000000000004E+036
 1.00000000000000004E+036
 0.00000000000000000E+000
 4.05218406837248857E-003
 6.19792856227413536E-003
 7.04300718579642382E-003
 8.32458817354447822E-003
 8.37643415817351800E-003
 9.93718727053699569E-003
 1.21677111949408112E-002
 1.30048581569697230E-002
 1.53649089171118414E-002
 1.77788220268185193E-002
 2.17270839411101147E-002
 2.48237788996971687E-002
 2.95560191053350074E-002
 3.60725442742787505E-002
 4.27803327090706675E-002
 5.11854281794472676E-002
 6.01754459962114963E-002
 6.72918822257986271E-002
 7.15093952044191239E-002
 0.00000000000000000E+000
 0.00000000000000000E+000
 0.00000000000000000E+000
 0.00000000000000000E+000
 0.00000000000000000E+000
 0.00000000000000000E+000
 0.00000000000000000E+000
 0.00000000000000000E+000
 0.00000000000000000E+000
 0.00000000000000000E+000
 0.00000000000000000E+000
 0.00000000000000000E+000
 0.00000000000000000E+000
 0.00000000000000000E+000
 0.00000000000000000E+000
 0.00000000000000000E+000
 0.00000000000000000E+000
 0.00000000000000000E+000
 0.00000000000000000E+000
 0.00000000000000000E+000
 0.00000000000000000E+000
 0.00000000000000000E+000
 0.00000000000000000E+000
 0.00000000000000000E+000
 0.00000000000000000E+000
 0.00000000000000000E+000
 1.00000000000000004E+036
 1.00000000000000004E+036
 1.00000000000000004E+036
 1.00000000000000004E+036
 1.00000000000000004E+036
 1.00000000000000004E+036
 1.00000000000000004E+036
 1.00000000000000004E+036
 1.00000000000000004E+036
 1.00000000000000004E+036
 1.00000000000000004E+036
 1.00000000000000004E+036
 1.00000000000000004E+036
 1.00000000000000004E+036
 1.00000000000000004E+036
 1.00000000000000004E+036
 1.00000000000000004E+036
 1.00000000000000004E+036
 1.00000000000000004E+036
 1.00000000000000004E+036
 1.00000000000000004E+036
 1.00000000000000004E+036
 1.00000000000000004E+036
 1.00000000000000004E+036
 1.00000000000000004E+036
 1.00000000000000004E+036
 1.00000000000000004E+036
 1.00000000000000004E+036
 1.00000000000000004E+036
 1.00000000000000004E+036
 1.00000000000000004E+036
 1.00000000000000004E+036
 1.00000000000000004E+036
 1.00000000000000004E+036
 1.00000000000000004E+036
 1.00000000000000004E+036
 1.00000000000000004E+036
 1.00000000000000004E+036
 1.00000000000000004E+036
 1.00000000000000004E+036
 1.00000000000000004E+036
 1.00000000000000004E+036
 1.00000000000000004E+036
 1.00000000000000004E+036
 1.00000000000000004E+036
 1.00000000000000004E+036
 1.00000000000000004E+036
 1.00000000000000004E+036
 1.00000000000000004E+036
 1.00000000000000004E+036
 1.00000000000000004E+036
 1.00000000000000004E+036
 1.00000000000000004E+036
 1.00000000000000004E+036
 0.00000000000000000E+000
-3.01977510683768546E-002
-3.66176900788578452E-002
-3.95899704941002906E-002
-4.02941287159352957E-002
-3.94699431289490255E-002
-3.67547998280907118E-002
-3.22939935663059119E-002
-2.79139885590377057E-002
-2.46352524302010378E-002
-2.01597691489202591E-002
-1.47229869512327527E-002
-9.58946699145646342E-003
-2.66198048596222314E-003
 1.53039755472250683E-002
 2.65971166345622123E-002
 3.95879148257665125E-002
 5.26465869860168745E-002
 6.21722698873838908E-002
 5.99998788310711628E-002
 0.00000000000000000E+000
 0.00000000000000000E+000
 0.00000000000000000E+000
 0.00000000000000000E+000
 0.00000000000000000E+000
 0.00000000000000000E+000
 0.00000000000000000E+000
 0.00000000000000000E+000
 0.00000000000000000E+000
 0.00000000000000000E+000
 0.00000000000000000E+000
 0.00000000000000000E+000
 0.00000000000000000E+000
 0.00000000000000000E+000
 0.00000000000000000E+000
 0.00000000000000000E+000
 0.00000000000000000E+000
 0.00000000000000000E+000
 0.00000000000000000E+000
 0.00000000000000000E+000
 0.00000000000000000E+000
 0.00000000000000000E+000
 0.00000000000000000E+000
 0.00000000000000000E+000
 0.00000000000000000E+000
 0.00000000000000000E+000
 1.00000000000000004E+036
 1.00000000000000004E+036
 1.00000000000000004E+036
 1.00000000000000004E+036
 1.00000000000000004E+036
 1.00000000000000004E+036
 1.00000000000000004E+036
 1.00000000000000004E+036
 1.00000000000000004E+036
 1.00000000000000004E+036
 1.00000000000000004E+036
 1.00000000000000004E+036
 1.00000000000000004E+036
 1.00000000000000004E+036
 1.00000000000000004E+036
 1.00000000000000004E+036
 1.00000000000000004E+036
 1.00000000000000004E+036
 1.00000000000000004E+036
 1.00000000000000004E+036
 1.00000000000000004E+036
 1.00000000000000004E+036
 1.00000000000000004E+036
 1.00000000000000004E+036
 1.00000000000000004E+036
 1.00000000000000004E+036
 1.00000000000000004E+036
 1.00000000000000004E+036
 1.00000000000000004E+036
 1.00000000000000004E+036
 1.00000000000000004E+036
 1.00000000000000004E+036
 1.00000000000000004E+036
 1.00000000000000004E+036
 1.00000000000000004E+036
 1.00000000000000004E+036
 1.00000000000000004E+036
 1.00000000000000004E+036
 1.00000000000000004E+036
 1.00000000000000004E+036
 1.00000000000000004E+036
 1.00000000000000004E+036
 1.00000000000000004E+036
 1.00000000000000004E+036
 1.00000000000000004E+036
 1.00000000000000004E+036
 1.00000000000000004E+036
 1.00000000000000004E+036
 1.00000000000000004E+036
 1.00000000000000004E+036
 1.00000000000000004E+036
 1.00000000000000004E+036
 1.00000000000000004E+036
 1.00000000000000004E+036
 0.00000000000000000E+000
 5.49695150690043821E-003
 8.14667058627199792E-003
 9.77894361160519532E-003
 1.12632956759616820E-002
 1.16279860991029826E-002
 1.38501618032457752E-002
 1.64990057890868069E-002
 1.93463870239381497E-002
 2.27447041519124316E-002
 2.61630550979650156E-002
 3.16524242092967034E-002
 3.76649502723963026E-002
 4.48864824298138565E-002
 5.47755204554237762E-002
 6.68588931492022365E-002
 7.99431409160573647E-002
 9.44643975775202316E-002
 1.05221639124275290E-001
 1.10414883305528955E-001
 0.00000000000000000E+000
 0.00000000000000000E+000
 0.00000000000000000E+000
 0.00000000000000000E+000
 0.00000000000000000E+000
 0.00000000000000000E+000
 0.00000000000000000E+000
 0.00000000000000000E+000
 0.00000000000000000E+000
 0.00000000000000000E+000
 0.00000000000000000E+000
 0.00000000000000000E+000
 0.00000000000000000E+000
 0.00000000000000000E+000
 0.00000000000000000E+000
 0.00000000000000000E+000
 0.00000000000000000E+000
 0.00000000000000000E+000
 0.00000000000000000E+000
 0.00000000000000000E+000
 0.00000000000000000E+000
 0.00000000000000000E+000
 0.00000000000000000E+000
 0.00000000000000000E+000
 0.00000000000000000E+000
 0.00000000000000000E+000
 1.00000000000000004E+036
 1.00000000000000004E+036
 1.00000000000000004E+036
 1.00000000000000004E+036
 1.00000000000000004E+036
 1.00000000000000004E+036
 1.00000000000000004E+036
 1.00000000000000004E+036
 1.00000000000000004E+036
 1.00000000000000004E+036
 1.00000000000000004E+036
 1.00000000000000004E+036
 1.00000000000000004E+036
 1.00000000000000004E+036
 1.00000000000000004E+036
 1.00000000000000004E+036
 1.00000000000000004E+036
 1.00000000000000004E+036
 1.00000000000000004E+036
 1.00000000000000004E+036
 1.00000000000000004E+036
 1.00000000000000004E+036
 1.00000000000000004E+036
 1.00000000000000004E+036
 1.00000000000000004E+036
 1.00000000000000004E+036
 1.00000000000000004E+036
 1.00000000000000004E+036
 1.00000000000000004E+036
 1.00000000000000004E+036
 1.00000000000000004E+036
 1.00000000000000004E+036
 1.00000000000000004E+036
 1.00000000000000004E+036
 1.00000000000000004E+036
 1.00000000000000004E+036
 1.00000000000000004E+036
 1.00000000000000004E+036
 1.00000000000000004E+036
 1.00000000000000004E+036
 1.00000000000000004E+036
 1.00000000000000004E+036
 1.00000000000000004E+036
 1.00000000000000004E+036
 1.00000000000000004E+036
 1.00000000000000004E+036
 1.00000000000000004E+036
 1.00000000000000004E+036
 1.00000000000000004E+036
 1.00000000000000004E+036
 1.00000000000000004E+036
 1.00000000000000004E+036
 1.00000000000000004E+036
 1.00000000000000004E+036
 0.00000000000000000E+000
-3.24715816582218375E-002
-3.89542603937816923E-002
-4.17865124555237832E-002
-4.22496770706128899E-002
-4.15293654386111877E-002
-3.86609144059063548E-002
-3.33405505648363132E-002
-2.69645644682194874E-002
-2.31625868852477490E-002
-1.82532073118111260E-002
-1.24936592456796891E-002
-6.73271412745746201E-003
-2.53732849025967155E-005
 9.23829225970074219E-003
 3.25421108577264029E-002
 4.57381854105660679E-002
 5.90479774283825254E-002
 6.81229929285185332E-002
 6.39395917426637261E-002
 0.00000000000000000E+000
 0.00000000000000000E+000
 0.00000000000000000E+000
 0.00000000000000000E+000
 0.00000000000000000E+000
 0.00000000000000000E+000
 0.00000000000000000E+000
 0.00000000000000000E+000
 0.00000000000000000E+000
 0.00000000000000000E+000
 0.00000000000000000E+000
 0.00000000000000000E+000
 0.00000000000000000E+000
 0.00000000000000000E+000
 0.00000000000000000E+000
 0.00000000000000000E+000
 0.00000000000000000E+000
 0.00000000000000000E+000
 0.00000000000000000E+000
 0.00000000000000000E+000
 0.00000000000000000E+000
 0.00000000000000000E+000
 0.00000000000000000E+000
 0.00000000000000000E+000
 0.00000000000000000E+000
 0.00000000000000000E+000
 1.00000000000000004E+036
 1.00000000000000004E+036
 1.00000000000000004E+036
 1.00000000000000004E+036
 1.00000000000000004E+036
 1.00000000000000004E+036
 1.00000000000000004E+036
 1.00000000000000004E+036
 1.00000000000000004E+036
 1.00000000000000004E+036
 1.00000000000000004E+036
 1.00000000000000004E+036
 1.00000000000000004E+036
 1.00000000000000004E+036
 1.00000000000000004E+036
 1.00000000000000004E+036
 1.00000000000000004E+036
 1.00000000000000004E+036
 1.00000000000000004E+036
 1.00000000000000004E+036
 1.00000000000000004E+036
 1.00000000000000004E+036
 1.00000000000000004E+036
 1.00000000000000004E+036
 1.00000000000000004E+036
 1.00000000000000004E+036
 1.00000000000000004E+036
 1.00000000000000004E+036
 1.00000000000000004E+036
 1.00000000000000004E+036
 1.00000000000000004E+036
 1.00000000000000004E+036
 1.00000000000000004E+036
 1.00000000000000004E+036
 1.00000000000000004E+036
 1.00000000000000004E+036
 1.00000000000000004E+036
 1.00000000000000004E+036
 1.00000000000000004E+036
 1.00000000000000004E+036
 1.00000000000000004E+036
 1.00000000000000004E+036
 1.00000000000000004E+036
 1.00000000000000004E+036
 1.00000000000000004E+036
 1.00000000000000004E+036
 1.00000000000000004E+036
 1.00000000000000004E+036
 1.00000000000000004E+036
 1.00000000000000004E+036
 1.00000000000000004E+036
 1.00000000000000004E+036
 1.00000000000000004E+036
 1.00000000000000004E+036
 0.00000000000000000E+000
 5.48937332062748862E-003
 7.02799735413794924E-003
 9.72900011459332248E-003
 1.00481123393030281E-002
 1.15686672086197095E-002
 1.38579260373841162E-002
 1.55156904330672196E-002
 1.90057280445785071E-002
 2.26566989727385315E-002
 2.63741492750991791E-002
 3.13733470020687299E-002
 3.79449967915428954E-002
 4.58445853852530449E-002
 5.57735978097855245E-002
 6.79536250523437024E-002
 8.19447552000671653E-002
 9.66344303281165828E-002
 1.07434241082462911E-001
 1.12722250862040463E-001
 0.00000000000000000E+000
 0.00000000000000000E+000
 0.00000000000000000E+000
 0.00000000000000000E+000
 0.00000000000000000E+000
 0.00000000000000000E+000
 0.00000000000000000E+000
 0.00000000000000000E+000
 0.00000000000000000E+000
 0.00000000000000000E+000
 0.00000000000000000E+000
 0.00000000000000000E+000
 0.00000000000000000E+000
 0.00000000000000000E+000
 0.00000000000000000E+000
 0.00000000000000000E+000
 0.00000000000000000E+000
 0.00000000000000000E+000
 0.00000000000000000E+000
 0.00000000000000000E+000
 0.00000000000000000E+000
 0.00000000000000000E+000
 0.00000000000000000E+000
 0.00000000000000000E+000
 0.00000000000000000E+000
 0.00000000000000000E+000
 1.00000000000000004E+036
 1.00000000000000004E+036
 1.00000000000000004E+036
 1.00000000000000004E+036
 1.00000000000000004E+036
 1.00000000000000004E+036
 1.00000000000000004E+036
 1.00000000000000004E+036
 1.00000000000000004E+036
 1.00000000000000004E+036
 1.00000000000000004E+036
 1.00000000000000004E+036
 1.00000000000000004E+036
 1.00000000000000004E+036
 1.00000000000000004E+036
 1.00000000000000004E+036
 1.00000000000000004E+036
 1.00000000000000004E+036
 1.00000000000000004E+036
 1.00000000000000004E+036
 1.00000000000000004E+036
 1.00000000000000004E+036
 1.00000000000000004E+036
 1.00000000000000004E+036
 1.00000000000000004E+036
 1.00000000000000004E+036
 1.00000000000000004E+036
 1.00000000000000004E+036
 1.00000000000000004E+036
 1.00000000000000004E+036
 1.00000000000000004E+036
 1.00000000000000004E+036
 1.00000000000000004E+036
 1.00000000000000004E+036
 1.00000000000000004E+036
 1.00000000000000004E+036
 1.00000000000000004E+036
 1.00000000000000004E+036
 1.00000000000000004E+036
 1.00000000000000004E+036
 1.00000000000000004E+036
 1.00000000000000004E+036
 1.00000000000000004E+036
 1.00000000000000004E+036
 1.00000000000000004E+036
 1.00000000000000004E+036
 1.00000000000000004E+036
 1.00000000000000004E+036
 1.00000000000000004E+036
 1.00000000000000004E+036
 1.00000000000000004E+036
 1.00000000000000004E+036
 1.00000000000000004E+036
 1.00000000000000004E+036
# OUTPUT: mlcanopy_inst__dtair_profile(1,100,4)
-9.28302139737979815E-003
-3.42450712594200013E-003
-2.33245915480893018E-002
-5.05189427419736603E-002
-7.61840958764992138E-002
-1.01077949135628842E-001
-1.21814709696309365E-001
-1.37805726624378622E-001
-1.49468798436146244E-001
-1.54747430840359357E-001
-1.54569239427360117E-001
-1.49719928582044304E-001
-1.42185160891813211E-001
-1.33418109308365729E-001
-1.25211468124803105E-001
-1.20400292027454725E-001
-1.18050332250732026E-001
-1.19095120328040593E-001
-1.23898672108168739E-001
-1.31925648560581976E-001
-1.41089607223591429E-001
-1.47544079827298447E-001
-1.52409579897607728E-001
-1.56602143361624258E-001
-1.60245278556487847E-001
-1.63187290482710523E-001
-1.65637233172105880E-001
-1.67634607016566406E-001
-1.69156503491990406E-001
-1.70307307839152600E-001
-1.71124920241595646E-001
-1.71638098332891786E-001
-1.71896108117323365E-001
-1.71947328167561864E-001
-1.71820301641901096E-001
-1.71567455003753366E-001
-1.71240860467094080E-001
-1.70869715312448989E-001
-1.70510244515185150E-001
-1.70198455145168737E-001
-1.69973875435516675E-001
-1.69882067341518450E-001
-1.69964094726935855E-001
-1.70260048570298750E-001
-1.70812531697890790E-001
-1.71667207926418541E-001
 1.00000000000000004E+036
 1.00000000000000004E+036
 1.00000000000000004E+036
 1.00000000000000004E+036
 1.00000000000000004E+036
 1.00000000000000004E+036
 1.00000000000000004E+036
 1.00000000000000004E+036
 1.00000000000000004E+036
 1.00000000000000004E+036
 1.00000000000000004E+036
 1.00000000000000004E+036
 1.00000000000000004E+036
 1.00000000000000004E+036
 1.00000000000000004E+036
 1.00000000000000004E+036
 1.00000000000000004E+036
 1.00000000000000004E+036
 1.00000000000000004E+036
 1.00000000000000004E+036
 1.00000000000000004E+036
 1.00000000000000004E+036
 1.00000000000000004E+036
 1.00000000000000004E+036
 1.00000000000000004E+036
 1.00000000000000004E+036
 1.00000000000000004E+036
 1.00000000000000004E+036
 1.00000000000000004E+036
 1.00000000000000004E+036
 1.00000000000000004E+036
 1.00000000000000004E+036
 1.00000000000000004E+036
 1.00000000000000004E+036
 1.00000000000000004E+036
 1.00000000000000004E+036
 1.00000000000000004E+036
 1.00000000000000004E+036
 1.00000000000000004E+036
 1.00000000000000004E+036
 1.00000000000000004E+036
 1.00000000000000004E+036
 1.00000000000000004E+036
 1.00000000000000004E+036
 1.00000000000000004E+036
 1.00000000000000004E+036
 1.00000000000000004E+036
 1.00000000000000004E+036
 1.00000000000000004E+036
 1.00000000000000004E+036
 1.00000000000000004E+036
 1.00000000000000004E+036
 1.00000000000000004E+036
 1.00000000000000004E+036
 4.43196663803746560E-003
 5.30046644314552395E-003
-1.60876613664413526E-002
-4.38542317294263739E-002
-7.08633927644655159E-002
-9.77447471236132515E-002
-1.19394218252523387E-001
-1.35885868201683024E-001
-1.49952292296859468E-001
-1.58054342183447716E-001
-1.61026338636133914E-001
-1.59521727365529387E-001
-1.56324836283147306E-001
-1.51351181388463374E-001
-1.46290268613029184E-001
-1.44177169380895975E-001
-1.43355795011927967E-001
-1.44822139872360367E-001
-1.49020940331183738E-001
-1.55582823741781340E-001
-1.62824867033293685E-001
-1.67782040412475908E-001
-1.71423890633093379E-001
-1.74319591511675753E-001
-1.76706982358837195E-001
-1.78539911216489600E-001
-1.79806296343542726E-001
-1.80658782840737331E-001
-1.81133374954868032E-001
-1.81259948344290933E-001
-1.81064703233971613E-001
-1.80643930546807496E-001
-1.80012638248058465E-001
-1.79203393145712653E-001
-1.78270380845845011E-001
-1.77257852848867969E-001
-1.76212518941611052E-001
-1.75161200223158176E-001
-1.74163088959573997E-001
-1.73250776583245170E-001
-1.72467206114504279E-001
-1.71848121650214125E-001
-1.71435550363810307E-001
-1.71272458358487256E-001
-1.71396285512855684E-001
-1.71849742639551550E-001
 1.00000000000000004E+036
 1.00000000000000004E+036
 1.00000000000000004E+036
 1.00000000000000004E+036
 1.00000000000000004E+036
 1.00000000000000004E+036
 1.00000000000000004E+036
 1.00000000000000004E+036
 1.00000000000000004E+036
 1.00000000000000004E+036
 1.00000000000000004E+036
 1.00000000000000004E+036
 1.00000000000000004E+036
 1.00000000000000004E+036
 1.00000000000000004E+036
 1.00000000000000004E+036
 1.00000000000000004E+036
 1.00000000000000004E+036
 1.00000000000000004E+036
 1.00000000000000004E+036
 1.00000000000000004E+036
 1.00000000000000004E+036
 1.00000000000000004E+036
 1.00000000000000004E+036
 1.00000000000000004E+036
 1.00000000000000004E+036
 1.00000000000000004E+036
 1.00000000000000004E+036
 1.00000000000000004E+036
 1.00000000000000004E+036
 1.00000000000000004E+036
 1.00000000000000004E+036
 1.00000000000000004E+036
 1.00000000000000004E+036
 1.00000000000000004E+036
 1.00000000000000004E+036
 1.00000000000000004E+036
 1.00000000000000004E+036
 1.00000000000000004E+036
 1.00000000000000004E+036
 1.00000000000000004E+036
 1.00000000000000004E+036
 1.00000000000000004E+036
 1.00000000000000004E+036
 1.00000000000000004E+036
 1.00000000000000004E+036
 1.00000000000000004E+036
 1.00000000000000004E+036
 1.00000000000000004E+036
 1.00000000000000004E+036
 1.00000000000000004E+036
 1.00000000000000004E+036
 1.00000000000000004E+036
 1.00000000000000004E+036
 9.44304091877370411E-002
 5.15094956084567457E-002
 1.89306932343811241E-002
-1.01119548757537814E-002
-3.85294095335666498E-002
-6.77438332061228721E-002
-9.62150173107261253E-002
-1.24730656678252672E-001
-1.53807816974222078E-001
-1.84051444078306758E-001
-2.14321809592831869E-001
-2.42424431281847319E-001
-2.67622184908418603E-001
-2.88853791173607988E-001
-3.04660184493798170E-001
-3.15569426145998477E-001
-3.21469164070379065E-001
-3.21995177622511619E-001
-3.17522931043185963E-001
-3.08933582867325640E-001
-2.97899354235369174E-001
-2.89162055314250210E-001
-2.80351698949971251E-001
-2.71772785621692492E-001
-2.62975809299234697E-001
-2.54088590939090864E-001
-2.44999125270339846E-001
-2.35834099020678423E-001
-2.26637600807293893E-001
-2.17333027214976937E-001
-2.08058071694324553E-001
-1.98774142439560819E-001
-1.89518480798483324E-001
-1.80289517845778846E-001
-1.71112431175117763E-001
-1.62002194774515829E-001
-1.52937326122469130E-001
-1.43955967050487743E-001
-1.35041285607826467E-001
-1.26198144835484527E-001
-1.17432276829617877E-001
-1.08736312309360983E-001
-1.00120122305440873E-001
-9.15669938701739738E-002
-8.30860820989300919E-002
-7.46713824575522267E-002
 1.00000000000000004E+036
 1.00000000000000004E+036
 1.00000000000000004E+036
 1.00000000000000004E+036
 1.00000000000000004E+036
 1.00000000000000004E+036
 1.00000000000000004E+036
 1.00000000000000004E+036
 1.00000000000000004E+036
 1.00000000000000004E+036
 1.00000000000000004E+036
 1.00000000000000004E+036
 1.00000000000000004E+036
 1.00000000000000004E+036
 1.00000000000000004E+036
 1.00000000000000004E+036
 1.00000000000000004E+036
 1.00000000000000004E+036
 1.00000000000000004E+036
 1.00000000000000004E+036
 1.00000000000000004E+036
 1.00000000000000004E+036
 1.00000000000000004E+036
 1.00000000000000004E+036
 1.00000000000000004E+036
 1.00000000000000004E+036
 1.00000000000000004E+036
 1.00000000000000004E+036
 1.00000000000000004E+036
 1.00000000000000004E+036
 1.00000000000000004E+036
 1.00000000000000004E+036
 1.00000000000000004E+036
 1.00000000000000004E+036
 1.00000000000000004E+036
 1.00000000000000004E+036
 1.00000000000000004E+036
 1.00000000000000004E+036
 1.00000000000000004E+036
 1.00000000000000004E+036
 1.00000000000000004E+036
 1.00000000000000004E+036
 1.00000000000000004E+036
 1.00000000000000004E+036
 1.00000000000000004E+036
 1.00000000000000004E+036
 1.00000000000000004E+036
 1.00000000000000004E+036
 1.00000000000000004E+036
 1.00000000000000004E+036
 1.00000000000000004E+036
 1.00000000000000004E+036
 1.00000000000000004E+036
 1.00000000000000004E+036
 1.26194216094404510E-001
 7.01578768974968625E-002
 3.38598790515902692E-002
 5.72960603562933102E-003
-2.25225901320982302E-002
-5.02468463640752816E-002
-8.07513923198825978E-002
-1.14610955549494520E-001
-1.50012026117337882E-001
-1.88892562055116287E-001
-2.29824470645155543E-001
-2.70452001011562970E-001
-3.07683615322162041E-001
-3.40109019566284587E-001
-3.65606315284423999E-001
-3.79833989467385891E-001
-3.87440572676780448E-001
-3.87703978685181028E-001
-3.80776054846307943E-001
-3.67752506837177862E-001
-3.51248166406207929E-001
-3.38336453284455274E-001
-3.26008455907185635E-001
-3.14052041567265405E-001
-3.01920823585192011E-001
-2.89881551334474352E-001
-2.77834101852420190E-001
-2.65835288081234467E-001
-2.53945451969400438E-001
-2.42129095286543361E-001
-2.30487354712977321E-001
-2.18959375150689084E-001
-2.07609330361606226E-001
-1.96432792942800916E-001
-1.85430008527646351E-001
-1.74616978132632994E-001
-1.63972183081682488E-001
-1.53514392747240436E-001
-1.43213439710962120E-001
-1.33076442388926353E-001
-1.23095430907540049E-001
-1.13252261689240186E-001
-1.03550402577297973E-001
-9.39681523133799601E-002
-8.45002191716730522E-002
-7.51320078819617265E-002
 1.00000000000000004E+036
 1.00000000000000004E+036
 1.00000000000000004E+036
 1.00000000000000004E+036
 1.00000000000000004E+036
 1.00000000000000004E+036
 1.00000000000000004E+036
 1.00000000000000004E+036
 1.00000000000000004E+036
 1.00000000000000004E+036
 1.00000000000000004E+036
 1.00000000000000004E+036
 1.00000000000000004E+036
 1.00000000000000004E+036
 1.00000000000000004E+036
 1.00000000000000004E+036
 1.00000000000000004E+036
 1.00000000000000004E+036
 1.00000000000000004E+036
 1.00000000000000004E+036
 1.00000000000000004E+036
 1.00000000000000004E+036
 1.00000000000000004E+036
 1.00000000000000004E+036
 1.00000000000000004E+036
 1.00000000000000004E+036
 1.00000000000000004E+036
 1.00000000000000004E+036
 1.00000000000000004E+036
 1.00000000000000004E+036
 1.00000000000000004E+036
 1.00000000000000004E+036
 1.00000000000000004E+036
 1.00000000000000004E+036
 1.00000000000000004E+036
 1.00000000000000004E+036
 1.00000000000000004E+036
 1.00000000000000004E+036
 1.00000000000000004E+036
 1.00000000000000004E+036
 1.00000000000000004E+036
 1.00000000000000004E+036
 1.00000000000000004E+036
 1.00000000000000004E+036
 1.00000000000000004E+036
 1.00000000000000004E+036
 1.00000000000000004E+036
 1.00000000000000004E+036
 1.00000000000000004E+036
 1.00000000000000004E+036
 1.00000000000000004E+036
 1.00000000000000004E+036
 1.00000000000000004E+036
 1.00000000000000004E+036
# OUTPUT: mlcanopy_inst__dtg_soil(1,4)
-2.88384772944141332E-002
-2.94844586647400320E-002
-2.13527587127373408E-002
-2.05459360739723707E-002
# OUTPUT: mlcanopy_inst__dtleaf_leaf(1,100,2,4)
-9.28302139737979815E-003
-2.37009931453485478E-001
-1.87464084770908812E-001
-1.83098188963867869E-001
-1.71476248088083594E-001
-1.73055205972843851E-001
-1.72464817285344907E-001
-1.58286359510213970E-001
-2.78145700673462670E-001
-2.66321918535822988E-001
-2.59569557488759983E-001
-2.46695127906662037E-001
-2.38230014032922099E-001
-2.23672620879767692E-001
-1.82154227373928279E-001
-1.98322580946694416E-001
-1.70356028613525723E-001
-1.41975472243871081E-001
-1.19788529905463292E-001
-1.06214308916833033E-001
-1.41089607223591429E-001
-1.47544079827298447E-001
-1.52409579897607728E-001
-1.56602143361624258E-001
-1.60245278556487847E-001
-1.63187290482710523E-001
-1.65637233172105880E-001
-1.67634607016566406E-001
-1.69156503491990406E-001
-1.70307307839152600E-001
-1.71124920241595646E-001
-1.71638098332891786E-001
-1.71896108117323365E-001
-1.71947328167561864E-001
-1.71820301641901096E-001
-1.71567455003753366E-001
-1.71240860467094080E-001
-1.70869715312448989E-001
-1.70510244515185150E-001
-1.70198455145168737E-001
-1.69973875435516675E-001
-1.69882067341518450E-001
-1.69964094726935855E-001
-1.70260048570298750E-001
-1.70812531697890790E-001
-1.71667207926418541E-001
 1.00000000000000004E+036
 1.00000000000000004E+036
 1.00000000000000004E+036
 1.00000000000000004E+036
 1.00000000000000004E+036
 1.00000000000000004E+036
 1.00000000000000004E+036
 1.00000000000000004E+036
 1.00000000000000004E+036
 1.00000000000000004E+036
 1.00000000000000004E+036
 1.00000000000000004E+036
 1.00000000000000004E+036
 1.00000000000000004E+036
 1.00000000000000004E+036
 1.00000000000000004E+036
 1.00000000000000004E+036
 1.00000000000000004E+036
 1.00000000000000004E+036
 1.00000000000000004E+036
 1.00000000000000004E+036
 1.00000000000000004E+036
 1.00000000000000004E+036
 1.00000000000000004E+036
 1.00000000000000004E+036
 1.00000000000000004E+036
 1.00000000000000004E+036
 1.00000000000000004E+036
 1.00000000000000004E+036
 1.00000000000000004E+036
 1.00000000000000004E+036
 1.00000000000000004E+036
 1.00000000000000004E+036
 1.00000000000000004E+036
 1.00000000000000004E+036
 1.00000000000000004E+036
 1.00000000000000004E+036
 1.00000000000000004E+036
 1.00000000000000004E+036
 1.00000000000000004E+036
 1.00000000000000004E+036
 1.00000000000000004E+036
 1.00000000000000004E+036
 1.00000000000000004E+036
 1.00000000000000004E+036
 1.00000000000000004E+036
 1.00000000000000004E+036
 1.00000000000000004E+036
 1.00000000000000004E+036
 1.00000000000000004E+036
 1.00000000000000004E+036
 1.00000000000000004E+036
 1.00000000000000004E+036
 1.00000000000000004E+036
-9.28302139737979815E-003
-1.30950996868932634E-002
-3.36582987705469350E-003
-5.56796054925143835E-002
-2.94697823413230253E-002
-6.56581530336666219E-002
-7.70759621785828131E-002
-7.91519811464809209E-002
-9.77311651296872697E-002
-1.00771833009332568E-001
-1.04140462285954527E-001
-9.24879317043973970E-002
-8.42824564814463884E-002
-7.05964260835116875E-002
-3.49775824664675383E-002
-4.28615597708130736E-002
-3.41792673820009441E-002
-2.65116877392870265E-002
-2.10653895053951601E-002
-1.77511772077991736E-002
-1.41089607223591429E-001
-1.47544079827298447E-001
-1.52409579897607728E-001
-1.56602143361624258E-001
-1.60245278556487847E-001
-1.63187290482710523E-001
-1.65637233172105880E-001
-1.67634607016566406E-001
-1.69156503491990406E-001
-1.70307307839152600E-001
-1.71124920241595646E-001
-1.71638098332891786E-001
-1.71896108117323365E-001
-1.71947328167561864E-001
-1.71820301641901096E-001
-1.71567455003753366E-001
-1.71240860467094080E-001
-1.70869715312448989E-001
-1.70510244515185150E-001
-1.70198455145168737E-001
-1.69973875435516675E-001
-1.69882067341518450E-001
-1.69964094726935855E-001
-1.70260048570298750E-001
-1.70812531697890790E-001
-1.71667207926418541E-001
 1.00000000000000004E+036
 1.00000000000000004E+036
 1.00000000000000004E+036
 1.00000000000000004E+036
 1.00000000000000004E+036
 1.00000000000000004E+036
 1.00000000000000004E+036
 1.00000000000000004E+036
 1.00000000000000004E+036
 1.00000000000000004E+036
 1.00000000000000004E+036
 1.00000000000000004E+036
 1.00000000000000004E+036
 1.00000000000000004E+036
 1.00000000000000004E+036
 1.00000000000000004E+036
 1.00000000000000004E+036
 1.00000000000000004E+036
 1.00000000000000004E+036
 1.00000000000000004E+036
 1.00000000000000004E+036
 1.00000000000000004E+036
 1.00000000000000004E+036
 1.00000000000000004E+036
 1.00000000000000004E+036
 1.00000000000000004E+036
 1.00000000000000004E+036
 1.00000000000000004E+036
 1.00000000000000004E+036
 1.00000000000000004E+036
 1.00000000000000004E+036
 1.00000000000000004E+036
 1.00000000000000004E+036
 1.00000000000000004E+036
 1.00000000000000004E+036
 1.00000000000000004E+036
 1.00000000000000004E+036
 1.00000000000000004E+036
 1.00000000000000004E+036
 1.00000000000000004E+036
 1.00000000000000004E+036
 1.00000000000000004E+036
 1.00000000000000004E+036
 1.00000000000000004E+036
 1.00000000000000004E+036
 1.00000000000000004E+036
 1.00000000000000004E+036
 1.00000000000000004E+036
 1.00000000000000004E+036
 1.00000000000000004E+036
 1.00000000000000004E+036
 1.00000000000000004E+036
 1.00000000000000004E+036
 1.00000000000000004E+036
 4.43196663803746560E-003
-2.64345809659005226E-001
-2.23272075974023210E-001
-2.12194850457592565E-001
-2.02774584216683706E-001
-2.02949613171199417E-001
-1.96048438626689858E-001
-1.82955441398860330E-001
-2.58824946269783140E-001
-2.45447197681642137E-001
-2.37419874147633436E-001
-2.25835874256802072E-001
-2.18464640786635300E-001
-2.04097220821040537E-001
-1.47701153385298767E-001
-1.86413152579063990E-001
-1.66685546089695436E-001
-1.45736367706319925E-001
-1.30158369359378412E-001
-1.23669139942649053E-001
-1.62824867033293685E-001
-1.67782040412475908E-001
-1.71423890633093379E-001
-1.74319591511675753E-001
-1.76706982358837195E-001
-1.78539911216489600E-001
-1.79806296343542726E-001
-1.80658782840737331E-001
-1.81133374954868032E-001
-1.81259948344290933E-001
-1.81064703233971613E-001
-1.80643930546807496E-001
-1.80012638248058465E-001
-1.79203393145712653E-001
-1.78270380845845011E-001
-1.77257852848867969E-001
-1.76212518941611052E-001
-1.75161200223158176E-001
-1.74163088959573997E-001
-1.73250776583245170E-001
-1.72467206114504279E-001
-1.71848121650214125E-001
-1.71435550363810307E-001
-1.71272458358487256E-001
-1.71396285512855684E-001
-1.71849742639551550E-001
 1.00000000000000004E+036
 1.00000000000000004E+036
 1.00000000000000004E+036
 1.00000000000000004E+036
 1.00000000000000004E+036
 1.00000000000000004E+036
 1.00000000000000004E+036
 1.00000000000000004E+036
 1.00000000000000004E+036
 1.00000000000000004E+036
 1.00000000000000004E+036
 1.00000000000000004E+036
 1.00000000000000004E+036
 1.00000000000000004E+036
 1.00000000000000004E+036
 1.00000000000000004E+036
 1.00000000000000004E+036
 1.00000000000000004E+036
 1.00000000000000004E+036
 1.00000000000000004E+036
 1.00000000000000004E+036
 1.00000000000000004E+036
 1.00000000000000004E+036
 1.00000000000000004E+036
 1.00000000000000004E+036
 1.00000000000000004E+036
 1.00000000000000004E+036
 1.00000000000000004E+036
 1.00000000000000004E+036
 1.00000000000000004E+036
 1.00000000000000004E+036
 1.00000000000000004E+036
 1.00000000000000004E+036
 1.00000000000000004E+036
 1.00000000000000004E+036
 1.00000000000000004E+036
 1.00000000000000004E+036
 1.00000000000000004E+036
 1.00000000000000004E+036
 1.00000000000000004E+036
 1.00000000000000004E+036
 1.00000000000000004E+036
 1.00000000000000004E+036
 1.00000000000000004E+036
 1.00000000000000004E+036
 1.00000000000000004E+036
 1.00000000000000004E+036
 1.00000000000000004E+036
 1.00000000000000004E+036
 1.00000000000000004E+036
 1.00000000000000004E+036
 1.00000000000000004E+036
 1.00000000000000004E+036
 1.00000000000000004E+036
 4.43196663803746560E-003
-3.24910252623453744E-002
-9.14253778665852224E-003
-4.96768929118616143E-002
-3.20179923914452047E-002
-9.75195773304449176E-002
-1.04671604837449195E-001
-6.87966944474851516E-002
-1.09715589726306462E-001
-1.11705944450932293E-001
-1.14327177545590075E-001
-8.34653971948569051E-002
-9.88001264285003344E-002
-8.73578080116317324E-002
-5.68628447319952102E-002
-7.35489562647444473E-002
-6.34932811884709736E-002
-5.41935365794188328E-002
-4.66652209055951062E-002
-4.15666638885454631E-002
-1.62824867033293685E-001
-1.67782040412475908E-001
-1.71423890633093379E-001
-1.74319591511675753E-001
-1.76706982358837195E-001
-1.78539911216489600E-001
-1.79806296343542726E-001
-1.80658782840737331E-001
-1.81133374954868032E-001
-1.81259948344290933E-001
-1.81064703233971613E-001
-1.80643930546807496E-001
-1.80012638248058465E-001
-1.79203393145712653E-001
-1.78270380845845011E-001
-1.77257852848867969E-001
-1.76212518941611052E-001
-1.75161200223158176E-001
-1.74163088959573997E-001
-1.73250776583245170E-001
-1.72467206114504279E-001
-1.71848121650214125E-001
-1.71435550363810307E-001
-1.71272458358487256E-001
-1.71396285512855684E-001
-1.71849742639551550E-001
 1.00000000000000004E+036
 1.00000000000000004E+036
 1.00000000000000004E+036
 1.00000000000000004E+036
 1.00000000000000004E+036
 1.00000000000000004E+036
 1.00000000000000004E+036
 1.00000000000000004E+036
 1.00000000000000004E+036
 1.00000000000000004E+036
 1.00000000000000004E+036
 1.00000000000000004E+036
 1.00000000000000004E+036
 1.00000000000000004E+036
 1.00000000000000004E+036
 1.00000000000000004E+036
 1.00000000000000004E+036
 1.00000000000000004E+036
 1.00000000000000004E+036
 1.00000000000000004E+036
 1.00000000000000004E+036
 1.00000000000000004E+036
 1.00000000000000004E+036
 1.00000000000000004E+036
 1.00000000000000004E+036
 1.00000000000000004E+036
 1.00000000000000004E+036
 1.00000000000000004E+036
 1.00000000000000004E+036
 1.00000000000000004E+036
 1.00000000000000004E+036
 1.00000000000000004E+036
 1.00000000000000004E+036
 1.00000000000000004E+036
 1.00000000000000004E+036
 1.00000000000000004E+036
 1.00000000000000004E+036
 1.00000000000000004E+036
 1.00000000000000004E+036
 1.00000000000000004E+036
 1.00000000000000004E+036
 1.00000000000000004E+036
 1.00000000000000004E+036
 1.00000000000000004E+036
 1.00000000000000004E+036
 1.00000000000000004E+036
 1.00000000000000004E+036
 1.00000000000000004E+036
 1.00000000000000004E+036
 1.00000000000000004E+036
 1.00000000000000004E+036
 1.00000000000000004E+036
 1.00000000000000004E+036
 1.00000000000000004E+036
 9.44304091877370411E-002
-2.31364927240178986E-001
-2.25733961309174447E-001
-2.19541028149080830E-001
-2.10647853271325403E-001
-1.98124720730561421E-001
-1.73823195480565573E-001
-1.94584626584628495E-002
 6.18448808636458125E-002
 4.08002333073795853E-002
 2.72980965974625178E-002
 5.79983226674585239E-003
-2.58320614798890347E-002
-5.25909051970643304E-002
 1.23489997862975542E-002
-2.96621781328667566E-002
-7.25152787504725893E-002
-1.09866224307722860E-001
-1.40813582586872599E-001
-1.98540516755144836E-001
-2.97899354235369174E-001
-2.89162055314250210E-001
-2.80351698949971251E-001
-2.71772785621692492E-001
-2.62975809299234697E-001
-2.54088590939090864E-001
-2.44999125270339846E-001
-2.35834099020678423E-001
-2.26637600807293893E-001
-2.17333027214976937E-001
-2.08058071694324553E-001
-1.98774142439560819E-001
-1.89518480798483324E-001
-1.80289517845778846E-001
-1.71112431175117763E-001
-1.62002194774515829E-001
-1.52937326122469130E-001
-1.43955967050487743E-001
-1.35041285607826467E-001
-1.26198144835484527E-001
-1.17432276829617877E-001
-1.08736312309360983E-001
-1.00120122305440873E-001
-9.15669938701739738E-002
-8.30860820989300919E-002
-7.46713824575522267E-002
 1.00000000000000004E+036
 1.00000000000000004E+036
 1.00000000000000004E+036
 1.00000000000000004E+036
 1.00000000000000004E+036
 1.00000000000000004E+036
 1.00000000000000004E+036
 1.00000000000000004E+036
 1.00000000000000004E+036
 1.00000000000000004E+036
 1.00000000000000004E+036
 1.00000000000000004E+036
 1.00000000000000004E+036
 1.00000000000000004E+036
 1.00000000000000004E+036
 1.00000000000000004E+036
 1.00000000000000004E+036
 1.00000000000000004E+036
 1.00000000000000004E+036
 1.00000000000000004E+036
 1.00000000000000004E+036
 1.00000000000000004E+036
 1.00000000000000004E+036
 1.00000000000000004E+036
 1.00000000000000004E+036
 1.00000000000000004E+036
 1.00000000000000004E+036
 1.00000000000000004E+036
 1.00000000000000004E+036
 1.00000000000000004E+036
 1.00000000000000004E+036
 1.00000000000000004E+036
 1.00000000000000004E+036
 1.00000000000000004E+036
 1.00000000000000004E+036
 1.00000000000000004E+036
 1.00000000000000004E+036
 1.00000000000000004E+036
 1.00000000000000004E+036
 1.00000000000000004E+036
 1.00000000000000004E+036
 1.00000000000000004E+036
 1.00000000000000004E+036
 1.00000000000000004E+036
 1.00000000000000004E+036
 1.00000000000000004E+036
 1.00000000000000004E+036
 1.00000000000000004E+036
 1.00000000000000004E+036
 1.00000000000000004E+036
 1.00000000000000004E+036
 1.00000000000000004E+036
 1.00000000000000004E+036
 1.00000000000000004E+036
 9.44304091877370411E-002
-1.23018013131854786E-002
-3.21546557478313844E-003
-1.26165087755794048E-002
-3.22991078805898724E-002
-8.63018882291726186E-002
-9.19330407787128934E-002
-1.12887546785486848E-001
-1.17639526299285535E-001
-1.31964848464065199E-001
-1.74674618380208813E-001
-1.88900034551579665E-001
-2.02617350401112617E-001
-2.26847535745775986E-001
-2.62893262678176143E-001
-2.60847155569820188E-001
-2.68861658530681780E-001
-2.60347855149916541E-001
-2.58237664962678082E-001
-2.41734455215350863E-001
-2.97899354235369174E-001
-2.89162055314250210E-001
-2.80351698949971251E-001
-2.71772785621692492E-001
-2.62975809299234697E-001
-2.54088590939090864E-001
-2.44999125270339846E-001
-2.35834099020678423E-001
-2.26637600807293893E-001
-2.17333027214976937E-001
-2.08058071694324553E-001
-1.98774142439560819E-001
-1.89518480798483324E-001
-1.80289517845778846E-001
-1.71112431175117763E-001
-1.62002194774515829E-001
-1.52937326122469130E-001
-1.43955967050487743E-001
-1.35041285607826467E-001
-1.26198144835484527E-001
-1.17432276829617877E-001
-1.08736312309360983E-001
-1.00120122305440873E-001
-9.15669938701739738E-002
-8.30860820989300919E-002
-7.46713824575522267E-002
 1.00000000000000004E+036
 1.00000000000000004E+036
 1.00000000000000004E+036
 1.00000000000000004E+036
 1.00000000000000004E+036
 1.00000000000000004E+036
 1.00000000000000004E+036
 1.00000000000000004E+036
 1.00000000000000004E+036
 1.00000000000000004E+036
 1.00000000000000004E+036
 1.00000000000000004E+036
 1.00000000000000004E+036
 1.00000000000000004E+036
 1.00000000000000004E+036
 1.00000000000000004E+036
 1.00000000000000004E+036
 1.00000000000000004E+036
 1.00000000000000004E+036
 1.00000000000000004E+036
 1.00000000000000004E+036
 1.00000000000000004E+036
 1.00000000000000004E+036
 1.00000000000000004E+036
 1.00000000000000004E+036
 1.00000000000000004E+036
 1.00000000000000004E+036
 1.00000000000000004E+036
 1.00000000000000004E+036
 1.00000000000000004E+036
 1.00000000000000004E+036
 1.00000000000000004E+036
 1.00000000000000004E+036
 1.00000000000000004E+036
 1.00000000000000004E+036
 1.00000000000000004E+036
 1.00000000000000004E+036
 1.00000000000000004E+036
 1.00000000000000004E+036
 1.00000000000000004E+036
 1.00000000000000004E+036
 1.00000000000000004E+036
 1.00000000000000004E+036
 1.00000000000000004E+036
 1.00000000000000004E+036
 1.00000000000000004E+036
 1.00000000000000004E+036
 1.00000000000000004E+036
 1.00000000000000004E+036
 1.00000000000000004E+036
 1.00000000000000004E+036
 1.00000000000000004E+036
 1.00000000000000004E+036
 1.00000000000000004E+036
 1.26194216094404510E-001
-2.56140939020269798E-001
-2.60964608522556318E-001
-2.53490079607729513E-001
-2.37584433251811333E-001
-2.20719495925720821E-001
-1.97217833652189256E-001
-3.25820636896878568E-002
 1.37443616703876614E-001
 1.11986951462938578E-001
 9.27119477277642545E-002
 5.50409741061912428E-002
 1.35499393518898614E-002
-3.53460949206123587E-002
-1.43452514776527096E-001
 9.18591708244775873E-003
-5.42295823520362319E-002
-1.07839052371161870E-001
-1.56930712272639994E-001
-2.37970470973664305E-001
-3.51248166406207929E-001
-3.38336453284455274E-001
-3.26008455907185635E-001
-3.14052041567265405E-001
-3.01920823585192011E-001
-2.89881551334474352E-001
-2.77834101852420190E-001
-2.65835288081234467E-001
-2.53945451969400438E-001
-2.42129095286543361E-001
-2.30487354712977321E-001
-2.18959375150689084E-001
-2.07609330361606226E-001
-1.96432792942800916E-001
-1.85430008527646351E-001
-1.74616978132632994E-001
-1.63972183081682488E-001
-1.53514392747240436E-001
-1.43213439710962120E-001
-1.33076442388926353E-001
-1.23095430907540049E-001
-1.13252261689240186E-001
-1.03550402577297973E-001
-9.39681523133799601E-002
-8.45002191716730522E-002
-7.51320078819617265E-002
 1.00000000000000004E+036
 1.00000000000000004E+036
 1.00000000000000004E+036
 1.00000000000000004E+036
 1.00000000000000004E+036
 1.00000000000000004E+036
 1.00000000000000004E+036
 1.00000000000000004E+036
 1.00000000000000004E+036
 1.00000000000000004E+036
 1.00000000000000004E+036
 1.00000000000000004E+036
 1.00000000000000004E+036
 1.00000000000000004E+036
 1.00000000000000004E+036
 1.00000000000000004E+036
 1.00000000000000004E+036
 1.00000000000000004E+036
 1.00000000000000004E+036
 1.00000000000000004E+036
 1.00000000000000004E+036
 1.00000000000000004E+036
 1.00000000000000004E+036
 1.00000000000000004E+036
 1.00000000000000004E+036
 1.00000000000000004E+036
 1.00000000000000004E+036
 1.00000000000000004E+036
 1.00000000000000004E+036
 1.00000000000000004E+036
 1.00000000000000004E+036
 1.00000000000000004E+036
 1.00000000000000004E+036
 1.00000000000000004E+036
 1.00000000000000004E+036
 1.00000000000000004E+036
 1.00000000000000004E+036
 1.00000000000000004E+036
 1.00000000000000004E+036
 1.00000000000000004E+036
 1.00000000000000004E+036
 1.00000000000000004E+036
 1.00000000000000004E+036
 1.00000000000000004E+036
 1.00000000000000004E+036
 1.00000000000000004E+036
 1.00000000000000004E+036
 1.00000000000000004E+036
 1.00000000000000004E+036
 1.00000000000000004E+036
 1.00000000000000004E+036
 1.00000000000000004E+036
 1.00000000000000004E+036
 1.00000000000000004E+036
 1.26194216094404510E-001
-2.40203726951904173E-003
-3.30988132344600672E-002
-1.27395757409658472E-002
-6.88488103458553269E-002
-6.84249880490028772E-002
-7.31240728283637509E-002
-1.29468504646865767E-001
-1.36437925910854574E-001
-1.49595085113048754E-001
-1.88694110202902721E-001
-2.31929611658301837E-001
-2.47837809170846413E-001
-2.71643324396052321E-001
-3.29240067893522337E-001
-3.39756191269714236E-001
-3.41813925064116120E-001
-3.37814140362468152E-001
-3.37117648898981770E-001
-3.12781385495270570E-001
-3.51248166406207929E-001
-3.38336453284455274E-001
-3.26008455907185635E-001
-3.14052041567265405E-001
-3.01920823585192011E-001
-2.89881551334474352E-001
-2.77834101852420190E-001
-2.65835288081234467E-001
-2.53945451969400438E-001
-2.42129095286543361E-001
-2.30487354712977321E-001
-2.18959375150689084E-001
-2.07609330361606226E-001
-1.96432792942800916E-001
-1.85430008527646351E-001
-1.74616978132632994E-001
-1.63972183081682488E-001
-1.53514392747240436E-001
-1.43213439710962120E-001
-1.33076442388926353E-001
-1.23095430907540049E-001
-1.13252261689240186E-001
-1.03550402577297973E-001
-9.39681523133799601E-002
-8.45002191716730522E-002
-7.51320078819617265E-002
 1.00000000000000004E+036
 1.00000000000000004E+036
 1.00000000000000004E+036
 1.00000000000000004E+036
 1.00000000000000004E+036
 1.00000000000000004E+036
 1.00000000000000004E+036
 1.00000000000000004E+036
 1.00000000000000004E+036
 1.00000000000000004E+036
 1.00000000000000004E+036
 1.00000000000000004E+036
 1.00000000000000004E+036
 1.00000000000000004E+036
 1.00000000000000004E+036
 1.00000000000000004E+036
 1.00000000000000004E+036
 1.00000000000000004E+036
 1.00000000000000004E+036
 1.00000000000000004E+036
 1.00000000000000004E+036
 1.00000000000000004E+036
 1.00000000000000004E+036
 1.00000000000000004E+036
 1.00000000000000004E+036
 1.00000000000000004E+036
 1.00000000000000004E+036
 1.00000000000000004E+036
 1.00000000000000004E+036
 1.00000000000000004E+036
 1.00000000000000004E+036
 1.00000000000000004E+036
 1.00000000000000004E+036
 1.00000000000000004E+036
 1.00000000000000004E+036
 1.00000000000000004E+036
 1.00000000000000004E+036
 1.00000000000000004E+036
 1.00000000000000004E+036
 1.00000000000000004E+036
 1.00000000000000004E+036
 1.00000000000000004E+036
 1.00000000000000004E+036
 1.00000000000000004E+036
 1.00000000000000004E+036
 1.00000000000000004E+036
 1.00000000000000004E+036
 1.00000000000000004E+036
 1.00000000000000004E+036
 1.00000000000000004E+036
 1.00000000000000004E+036
 1.00000000000000004E+036
 1.00000000000000004E+036
 1.00000000000000004E+036
# OUTPUT: mlcanopy_inst__eair_profile(1,100)
 2.17388813702803373E+003
 1.97925019995768093E+003
 1.88068949568929793E+003
 1.83489851235711171E+003
 1.81839755882930240E+003
 1.81740929894179112E+003
 1.82354121695220260E+003
 1.83141734376798308E+003
 1.83758409871485173E+003
 1.83980477032240401E+003
 1.83664860299995735E+003
 1.82737784938374443E+003
 1.81172303388087539E+003
 1.78977647786977218E+003
 1.76189192586249828E+003
 1.72873084376354473E+003
 1.69121329795131601E+003
 1.65017577439848174E+003
 1.60678086776654845E+003
 1.56272550206180131E+003
 1.52103400769856648E+003
 1.48598676611058772E+003
 1.45405013129314602E+003
 1.42395748061810878E+003
 1.39509158032876030E+003
 1.36712790647755401E+003
 1.33986074435598448E+003
 1.31318261676131806E+003
 1.28701384197806874E+003
 1.26129789037855676E+003
 1.23599397139548637E+003
 1.21107490841622871E+003
 1.18651906531802592E+003
 1.16230374481264016E+003
 1.13841353244554148E+003
 1.11483287066406365E+003
 1.09154682159638151E+003
 1.06854041946989491E+003
 1.04580035100348005E+003
 1.02331500302820155E+003
 1.00107087547041181E+003
 9.79054745453078795E+002
 9.57255430535524511E+002
 9.35660697392791462E+002
 9.14258426961167288E+002
 8.93037088600088737E+002
 1.00000000000000004E+036
 1.00000000000000004E+036
 1.00000000000000004E+036
 1.00000000000000004E+036
 1.00000000000000004E+036
 1.00000000000000004E+036
 1.00000000000000004E+036
 1.00000000000000004E+036
 1.00000000000000004E+036
 1.00000000000000004E+036
 1.00000000000000004E+036
 1.00000000000000004E+036
 1.00000000000000004E+036
 1.00000000000000004E+036
 1.00000000000000004E+036
 1.00000000000000004E+036
 1.00000000000000004E+036
 1.00000000000000004E+036
 1.00000000000000004E+036
 1.00000000000000004E+036
 1.00000000000000004E+036
 1.00000000000000004E+036
 1.00000000000000004E+036
 1.00000000000000004E+036
 1.00000000000000004E+036
 1.00000000000000004E+036
 1.00000000000000004E+036
 1.00000000000000004E+036
 1.00000000000000004E+036
 1.00000000000000004E+036
 1.00000000000000004E+036
 1.00000000000000004E+036
 1.00000000000000004E+036
 1.00000000000000004E+036
 1.00000000000000004E+036
 1.00000000000000004E+036
 1.00000000000000004E+036
 1.00000000000000004E+036
 1.00000000000000004E+036
 1.00000000000000004E+036
 1.00000000000000004E+036
 1.00000000000000004E+036
 1.00000000000000004E+036
 1.00000000000000004E+036
 1.00000000000000004E+036
 1.00000000000000004E+036
 1.00000000000000004E+036
 1.00000000000000004E+036
 1.00000000000000004E+036
 1.00000000000000004E+036
 1.00000000000000004E+036
 1.00000000000000004E+036
 1.00000000000000004E+036
 1.00000000000000004E+036
# OUTPUT: mlcanopy_inst__h2ocan_profile(1,100)
 0.00000000000000000E+000
 0.00000000000000000E+000
 0.00000000000000000E+000
 0.00000000000000000E+000
 0.00000000000000000E+000
 0.00000000000000000E+000
 0.00000000000000000E+000
 0.00000000000000000E+000
 0.00000000000000000E+000
 0.00000000000000000E+000
 0.00000000000000000E+000
 0.00000000000000000E+000
 0.00000000000000000E+000
 0.00000000000000000E+000
 0.00000000000000000E+000
 0.00000000000000000E+000
 0.00000000000000000E+000
 0.00000000000000000E+000
 0.00000000000000000E+000
 0.00000000000000000E+000
 0.00000000000000000E+000
 0.00000000000000000E+000
 0.00000000000000000E+000
 0.00000000000000000E+000
 0.00000000000000000E+000
 0.00000000000000000E+000
 0.00000000000000000E+000
 0.00000000000000000E+000
 0.00000000000000000E+000
 0.00000000000000000E+000
 0.00000000000000000E+000
 0.00000000000000000E+000
 0.00000000000000000E+000
 0.00000000000000000E+000
 0.00000000000000000E+000
 0.00000000000000000E+000
 0.00000000000000000E+000
 0.00000000000000000E+000
 0.00000000000000000E+000
 0.00000000000000000E+000
 0.00000000000000000E+000
 0.00000000000000000E+000
 0.00000000000000000E+000
 0.00000000000000000E+000
 0.00000000000000000E+000
 0.00000000000000000E+000
 0.00000000000000000E+000
 0.00000000000000000E+000
 0.00000000000000000E+000
 0.00000000000000000E+000
 0.00000000000000000E+000
 0.00000000000000000E+000
 0.00000000000000000E+000
 0.00000000000000000E+000
 0.00000000000000000E+000
 0.00000000000000000E+000
 0.00000000000000000E+000
 0.00000000000000000E+000
 0.00000000000000000E+000
 0.00000000000000000E+000
 0.00000000000000000E+000
 0.00000000000000000E+000
 0.00000000000000000E+000
 0.00000000000000000E+000
 0.00000000000000000E+000
 0.00000000000000000E+000
 0.00000000000000000E+000
 0.00000000000000000E+000
 0.00000000000000000E+000
 0.00000000000000000E+000
 0.00000000000000000E+000
 0.00000000000000000E+000
 0.00000000000000000E+000
 0.00000000000000000E+000
 0.00000000000000000E+000
 0.00000000000000000E+000
 0.00000000000000000E+000
 0.00000000000000000E+000
 0.00000000000000000E+000
 0.00000000000000000E+000
 0.00000000000000000E+000
 0.00000000000000000E+000
 0.00000000000000000E+000
 0.00000000000000000E+000
 0.00000000000000000E+000
 0.00000000000000000E+000
 0.00000000000000000E+000
 0.00000000000000000E+000
 0.00000000000000000E+000
 0.00000000000000000E+000
 0.00000000000000000E+000
 0.00000000000000000E+000
 0.00000000000000000E+000
 0.00000000000000000E+000
 0.00000000000000000E+000
 0.00000000000000000E+000
 0.00000000000000000E+000
 0.00000000000000000E+000
 0.00000000000000000E+000
 0.00000000000000000E+000
# OUTPUT: mlcanopy_inst__lwp_leaf(1,100,2)
 0.00000000000000000E+000
-5.38309373506649536E-001
-6.15050179744617731E-001
-6.64722778743243037E-001
-7.00072951368235552E-001
-7.28033636833476550E-001
-7.51754140633173917E-001
-7.73754946006841249E-001
-7.96814220556608999E-001
-8.23864689898818225E-001
-8.53215894935944297E-001
-8.85892226169057384E-001
-9.21278579084384708E-001
-9.61153394916006376E-001
-1.00511099959370465E+000
-1.05643142673436641E+000
-1.13000998019926824E+000
-1.21338747396631863E+000
-1.30276986139269035E+000
-1.38599622950360923E+000
 0.00000000000000000E+000
 0.00000000000000000E+000
 0.00000000000000000E+000
 0.00000000000000000E+000
 0.00000000000000000E+000
 0.00000000000000000E+000
 0.00000000000000000E+000
 0.00000000000000000E+000
 0.00000000000000000E+000
 0.00000000000000000E+000
 0.00000000000000000E+000
 0.00000000000000000E+000
 0.00000000000000000E+000
 0.00000000000000000E+000
 0.00000000000000000E+000
 0.00000000000000000E+000
 0.00000000000000000E+000
 0.00000000000000000E+000
 0.00000000000000000E+000
 0.00000000000000000E+000
 0.00000000000000000E+000
 0.00000000000000000E+000
 0.00000000000000000E+000
 0.00000000000000000E+000
 0.00000000000000000E+000
 0.00000000000000000E+000
-1.00000000000000006E-001
-1.00000000000000006E-001
-1.00000000000000006E-001
-1.00000000000000006E-001
-1.00000000000000006E-001
-1.00000000000000006E-001
-1.00000000000000006E-001
-1.00000000000000006E-001
-1.00000000000000006E-001
-1.00000000000000006E-001
-1.00000000000000006E-001
-1.00000000000000006E-001
-1.00000000000000006E-001
-1.00000000000000006E-001
-1.00000000000000006E-001
-1.00000000000000006E-001
-1.00000000000000006E-001
-1.00000000000000006E-001
-1.00000000000000006E-001
-1.00000000000000006E-001
-1.00000000000000006E-001
-1.00000000000000006E-001
-1.00000000000000006E-001
-1.00000000000000006E-001
-1.00000000000000006E-001
-1.00000000000000006E-001
-1.00000000000000006E-001
-1.00000000000000006E-001
-1.00000000000000006E-001
-1.00000000000000006E-001
-1.00000000000000006E-001
-1.00000000000000006E-001
-1.00000000000000006E-001
-1.00000000000000006E-001
-1.00000000000000006E-001
-1.00000000000000006E-001
-1.00000000000000006E-001
-1.00000000000000006E-001
-1.00000000000000006E-001
-1.00000000000000006E-001
-1.00000000000000006E-001
-1.00000000000000006E-001
-1.00000000000000006E-001
-1.00000000000000006E-001
-1.00000000000000006E-001
-1.00000000000000006E-001
-1.00000000000000006E-001
-1.00000000000000006E-001
-1.00000000000000006E-001
-1.00000000000000006E-001
-1.00000000000000006E-001
-1.00000000000000006E-001
-1.00000000000000006E-001
-1.00000000000000006E-001
 0.00000000000000000E+000
-2.79774437699822742E-001
-2.96460140118524063E-001
-3.09677835170966032E-001
-3.22770315625167337E-001
-3.34928908781497059E-001
-3.48809843297082534E-001
-3.63200221976561433E-001
-3.79825266873471901E-001
-3.99730993077718533E-001
-4.22062868019327686E-001
-4.49675430526167041E-001
-4.82421383740195164E-001
-5.22990035042276258E-001
-5.72037921700252916E-001
-6.32225115031574969E-001
-7.04193621005370973E-001
-7.88054888521516173E-001
-8.79378623021957684E-001
-9.67299413301446753E-001
 0.00000000000000000E+000
 0.00000000000000000E+000
 0.00000000000000000E+000
 0.00000000000000000E+000
 0.00000000000000000E+000
 0.00000000000000000E+000
 0.00000000000000000E+000
 0.00000000000000000E+000
 0.00000000000000000E+000
 0.00000000000000000E+000
 0.00000000000000000E+000
 0.00000000000000000E+000
 0.00000000000000000E+000
 0.00000000000000000E+000
 0.00000000000000000E+000
 0.00000000000000000E+000
 0.00000000000000000E+000
 0.00000000000000000E+000
 0.00000000000000000E+000
 0.00000000000000000E+000
 0.00000000000000000E+000
 0.00000000000000000E+000
 0.00000000000000000E+000
 0.00000000000000000E+000
 0.00000000000000000E+000
 0.00000000000000000E+000
-1.00000000000000006E-001
-1.00000000000000006E-001
-1.00000000000000006E-001
-1.00000000000000006E-001
-1.00000000000000006E-001
-1.00000000000000006E-001
-1.00000000000000006E-001
-1.00000000000000006E-001
-1.00000000000000006E-001
-1.00000000000000006E-001
-1.00000000000000006E-001
-1.00000000000000006E-001
-1.00000000000000006E-001
-1.00000000000000006E-001
-1.00000000000000006E-001
-1.00000000000000006E-001
-1.00000000000000006E-001
-1.00000000000000006E-001
-1.00000000000000006E-001
-1.00000000000000006E-001
-1.00000000000000006E-001
-1.00000000000000006E-001
-1.00000000000000006E-001
-1.00000000000000006E-001
-1.00000000000000006E-001
-1.00000000000000006E-001
-1.00000000000000006E-001
-1.00000000000000006E-001
-1.00000000000000006E-001
-1.00000000000000006E-001
-1.00000000000000006E-001
-1.00000000000000006E-001
-1.00000000000000006E-001
-1.00000000000000006E-001
-1.00000000000000006E-001
-1.00000000000000006E-001
-1.00000000000000006E-001
-1.00000000000000006E-001
-1.00000000000000006E-001
-1.00000000000000006E-001
-1.00000000000000006E-001
-1.00000000000000006E-001
-1.00000000000000006E-001
-1.00000000000000006E-001
-1.00000000000000006E-001
-1.00000000000000006E-001
-1.00000000000000006E-001
-1.00000000000000006E-001
-1.00000000000000006E-001
-1.00000000000000006E-001
-1.00000000000000006E-001
-1.00000000000000006E-001
-1.00000000000000006E-001
-1.00000000000000006E-001
# OUTPUT: mlcanopy_inst__tair_profile(1,100)
 3.00459806097297360E+002
 3.00229958726164114E+002
 3.00020358941213033E+002
 2.99819297468871355E+002
 2.99620345067839253E+002
 2.99422981224339424E+002
 2.99227320041841381E+002
 2.99035435826609614E+002
 2.98850168369242056E+002
 2.98675999413820705E+002
 2.98518768319835999E+002
 2.98384330688167097E+002
 2.98278841473560135E+002
 2.98208035885577544E+002
 2.98176572775856300E+002
 2.98186651028567780E+002
 2.98236953953754210E+002
 2.98327369960449914E+002
 2.98454355848210753E+002
 2.98609480928217863E+002
 2.98773593492395094E+002
 2.98911932615147862E+002
 2.99038314710894383E+002
 2.99157681368435021E+002
 2.99272432058252832E+002
 2.99383817682307608E+002
 2.99492625117289435E+002
 2.99599255886860817E+002
 2.99704002637028111E+002
 2.99807067514877644E+002
 2.99908591173760897E+002
 3.00008661457601761E+002
 3.00107344232157288E+002
 3.00204710618501622E+002
 3.00300803401367034E+002
 3.00395666531655024E+002
 3.00489342116949672E+002
 3.00581872788304281E+002
 3.00673295350789431E+002
 3.00763640051348943E+002
 3.00852945282614087E+002
 3.00941248689521501E+002
 3.01028580181449229E+002
 3.01114974254913363E+002
 3.01200465229249744E+002
 3.01285085402351967E+002
 1.00000000000000004E+036
 1.00000000000000004E+036
 1.00000000000000004E+036
 1.00000000000000004E+036
 1.00000000000000004E+036
 1.00000000000000004E+036
 1.00000000000000004E+036
 1.00000000000000004E+036
 1.00000000000000004E+036
 1.00000000000000004E+036
 1.00000000000000004E+036
 1.00000000000000004E+036
 1.00000000000000004E+036
 1.00000000000000004E+036
 1.00000000000000004E+036
 1.00000000000000004E+036
 1.00000000000000004E+036
 1.00000000000000004E+036
 1.00000000000000004E+036
 1.00000000000000004E+036
 1.00000000000000004E+036
 1.00000000000000004E+036
 1.00000000000000004E+036
 1.00000000000000004E+036
 1.00000000000000004E+036
 1.00000000000000004E+036
 1.00000000000000004E+036
 1.00000000000000004E+036
 1.00000000000000004E+036
 1.00000000000000004E+036
 1.00000000000000004E+036
 1.00000000000000004E+036
 1.00000000000000004E+036
 1.00000000000000004E+036
 1.00000000000000004E+036
 1.00000000000000004E+036
 1.00000000000000004E+036
 1.00000000000000004E+036
 1.00000000000000004E+036
 1.00000000000000004E+036
 1.00000000000000004E+036
 1.00000000000000004E+036
 1.00000000000000004E+036
 1.00000000000000004E+036
 1.00000000000000004E+036
 1.00000000000000004E+036
 1.00000000000000004E+036
 1.00000000000000004E+036
 1.00000000000000004E+036
 1.00000000000000004E+036
 1.00000000000000004E+036
 1.00000000000000004E+036
 1.00000000000000004E+036
 1.00000000000000004E+036
# OUTPUT: mlcanopy_inst__tg_soil(1)
 3.00816880233879374E+002
# OUTPUT: mlcanopy_inst__tleaf_leaf(1,100,2)
 3.00459806097297360E+002
 3.04482257301276604E+002
 3.03315137391132680E+002
 3.02549041874018144E+002
 3.01993673792267714E+002
 3.01548778218454459E+002
 3.01183643627279139E+002
 3.00860326154194013E+002
 3.00516142660205105E+002
 3.00069490265171055E+002
 2.99646049003808685E+002
 2.99243768990961826E+002
 2.98866799829671663E+002
 2.98518651283507438E+002
 2.98222874650591734E+002
 2.97972570032127123E+002
 2.97600581715756448E+002
 2.97279153676106262E+002
 2.97013662797468385E+002
 2.96842269635110654E+002
 2.98773593492395094E+002
 2.98911932615147862E+002
 2.99038314710894383E+002
 2.99157681368435021E+002
 2.99272432058252832E+002
 2.99383817682307608E+002
 2.99492625117289435E+002
 2.99599255886860817E+002
 2.99704002637028111E+002
 2.99807067514877644E+002
 2.99908591173760897E+002
 3.00008661457601761E+002
 3.00107344232157288E+002
 3.00204710618501622E+002
 3.00300803401367034E+002
 3.00395666531655024E+002
 3.00489342116949672E+002
 3.00581872788304281E+002
 3.00673295350789431E+002
 3.00763640051348943E+002
 3.00852945282614087E+002
 3.00941248689521501E+002
 3.01028580181449229E+002
 3.01114974254913363E+002
 3.01200465229249744E+002
 3.01285085402351967E+002
 1.00000000000000004E+036
 1.00000000000000004E+036
 1.00000000000000004E+036
 1.00000000000000004E+036
 1.00000000000000004E+036
 1.00000000000000004E+036
 1.00000000000000004E+036
 1.00000000000000004E+036
 1.00000000000000004E+036
 1.00000000000000004E+036
 1.00000000000000004E+036
 1.00000000000000004E+036
 1.00000000000000004E+036
 1.00000000000000004E+036
 1.00000000000000004E+036
 1.00000000000000004E+036
 1.00000000000000004E+036
 1.00000000000000004E+036
 1.00000000000000004E+036
 1.00000000000000004E+036
 1.00000000000000004E+036
 1.00000000000000004E+036
 1.00000000000000004E+036
 1.00000000000000004E+036
 1.00000000000000004E+036
 1.00000000000000004E+036
 1.00000000000000004E+036
 1.00000000000000004E+036
 1.00000000000000004E+036
 1.00000000000000004E+036
 1.00000000000000004E+036
 1.00000000000000004E+036
 1.00000000000000004E+036
 1.00000000000000004E+036
 1.00000000000000004E+036
 1.00000000000000004E+036
 1.00000000000000004E+036
 1.00000000000000004E+036
 1.00000000000000004E+036
 1.00000000000000004E+036
 1.00000000000000004E+036
 1.00000000000000004E+036
 1.00000000000000004E+036
 1.00000000000000004E+036
 1.00000000000000004E+036
 1.00000000000000004E+036
 1.00000000000000004E+036
 1.00000000000000004E+036
 1.00000000000000004E+036
 1.00000000000000004E+036
 1.00000000000000004E+036
 1.00000000000000004E+036
 1.00000000000000004E+036
 1.00000000000000004E+036
 3.00459806097297360E+002
 3.00432746705579916E+002
 3.00054500129235521E+002
 2.99804642971687315E+002
 2.99561761019650362E+002
 2.99345145867672727E+002
 2.99123970529446638E+002
 2.98899010460593217E+002
 2.98650487745831811E+002
 2.98406244940953570E+002
 2.98157356237428871E+002
 2.97898969684812414E+002
 2.97634085621221629E+002
 2.97369231166497457E+002
 2.97110727753044159E+002
 2.96860463837722648E+002
 2.96637353453394212E+002
 2.96432790882045140E+002
 2.96260787733731490E+002
 2.96186878318833919E+002
 2.98773593492395094E+002
 2.98911932615147862E+002
 2.99038314710894383E+002
 2.99157681368435021E+002
 2.99272432058252832E+002
 2.99383817682307608E+002
 2.99492625117289435E+002
 2.99599255886860817E+002
 2.99704002637028111E+002
 2.99807067514877644E+002
 2.99908591173760897E+002
 3.00008661457601761E+002
 3.00107344232157288E+002
 3.00204710618501622E+002
 3.00300803401367034E+002
 3.00395666531655024E+002
 3.00489342116949672E+002
 3.00581872788304281E+002
 3.00673295350789431E+002
 3.00763640051348943E+002
 3.00852945282614087E+002
 3.00941248689521501E+002
 3.01028580181449229E+002
 3.01114974254913363E+002
 3.01200465229249744E+002
 3.01285085402351967E+002
 1.00000000000000004E+036
 1.00000000000000004E+036
 1.00000000000000004E+036
 1.00000000000000004E+036
 1.00000000000000004E+036
 1.00000000000000004E+036
 1.00000000000000004E+036
 1.00000000000000004E+036
 1.00000000000000004E+036
 1.00000000000000004E+036
 1.00000000000000004E+036
 1.00000000000000004E+036
 1.00000000000000004E+036
 1.00000000000000004E+036
 1.00000000000000004E+036
 1.00000000000000004E+036
 1.00000000000000004E+036
 1.00000000000000004E+036
 1.00000000000000004E+036
 1.00000000000000004E+036
 1.00000000000000004E+036
 1.00000000000000004E+036
 1.00000000000000004E+036
 1.00000000000000004E+036
 1.00000000000000004E+036
 1.00000000000000004E+036
 1.00000000000000004E+036
 1.00000000000000004E+036
 1.00000000000000004E+036
 1.00000000000000004E+036
 1.00000000000000004E+036
 1.00000000000000004E+036
 1.00000000000000004E+036
 1.00000000000000004E+036
 1.00000000000000004E+036
 1.00000000000000004E+036
 1.00000000000000004E+036
 1.00000000000000004E+036
 1.00000000000000004E+036
 1.00000000000000004E+036
 1.00000000000000004E+036
 1.00000000000000004E+036
 1.00000000000000004E+036
 1.00000000000000004E+036
 1.00000000000000004E+036
 1.00000000000000004E+036
 1.00000000000000004E+036
 1.00000000000000004E+036
 1.00000000000000004E+036
 1.00000000000000004E+036
 1.00000000000000004E+036
 1.00000000000000004E+036
 1.00000000000000004E+036
 1.00000000000000004E+036
