 121.0104167    23.000   -98.604   293.947    -0.137     0.000     0.000     0.000     0.000     0.000     0.000     0.000     0.000
 121.0104167    22.500   -98.597   294.044    -0.137     0.000     0.000     0.000     0.000     0.000     0.000     0.000     0.000
 121.0104167    22.000   -98.608   294.203    -0.137     0.000     0.000     0.000     0.000     0.000     0.000     0.000     0.000
 121.0104167    21.500   -98.638   294.423    -0.137     0.000     0.000     0.000     0.000     0.000     0.000     0.000     0.000
 121.0104167    21.000   -98.687   294.707    -0.137     0.000     0.000     0.000     0.000     0.000     0.000     0.000     0.000
 121.0104167    20.500   -98.755   295.053    -0.137     0.000     0.000     0.000     0.000     0.000     0.000     0.000     0.000
 121.0104167    20.000   -98.841   295.463    -0.137     0.000     0.000     0.000     0.000     0.000     0.000     0.000     0.000
 121.0104167    19.500   -98.947   295.937    -0.137     0.000     0.000     0.000     0.000     0.000     0.000     0.000     0.000
 121.0104167    19.000   -99.072   296.477    -0.137     0.000     0.000     0.000     0.000     0.000     0.000     0.000     0.000
 121.0104167    18.500   -99.217   297.081    -0.137     0.000     0.000     0.000     0.000     0.000     0.000     0.000     0.000
 121.0104167    18.000   -99.382   297.753    -0.137     0.000     0.000     0.000     0.000     0.000     0.000     0.000     0.000
 121.0104167    17.500   -99.568   298.491    -0.137     0.000     0.000     0.000     0.000     0.000     0.000     0.000     0.000
 121.0104167    17.000   -99.773   299.297    -0.137     0.000     0.000     0.000     0.000     0.000     0.000     0.000     0.000
 121.0104167    16.500  -100.000   300.172    -0.137     0.000     0.000     0.000     0.000     0.000     0.000     0.000     0.000
 121.0104167    16.000  -100.247   301.117    -0.137     0.000     0.000     0.000     0.000     0.000     0.000     0.000     0.000
 121.0104167    15.500  -100.516   302.133    -0.137     0.000     0.000     0.000     0.000     0.000     0.000     0.000     0.000
 121.0104167    15.000  -100.806   303.221    -0.137     0.000     0.000     0.000     0.000     0.000     0.000     0.000     0.000
 121.0104167    14.500  -101.119   304.381    -0.137     0.000     0.000     0.000     0.000     0.000     0.000     0.000     0.000
 121.0104167    14.000  -101.454   305.616    -0.137     0.000     0.000     0.000     0.000     0.000     0.000     0.000     0.000
 121.0104167    13.500  -101.812   306.928    -0.137     0.000     0.000     0.000     0.000     0.000     0.000     0.000     0.000
 121.0104167    13.000  -102.194   308.317    -0.137     0.000     0.000     0.000     0.000     0.000     0.000     0.000     0.000
 121.0104167    12.500  -102.600   309.785    -0.137     0.000     0.000     0.000     0.000     0.000     0.000     0.000     0.000
 121.0104167    12.000  -103.031   311.337    -0.137     0.000     0.000     0.000     0.000     0.000     0.000     0.000     0.000
 121.0104167    11.500  -103.488   312.974    -0.137     0.000     0.000     0.000     0.000     0.000     0.000     0.000     0.000
 121.0104167    11.000  -103.973   314.700    -0.137     0.000     0.000     0.000     0.000     0.000     0.000     0.000     0.000
 121.0104167    10.500  -104.486   316.523    -0.137     0.000     0.000     0.000     0.000     0.000     0.000     0.000     0.000
 121.0104167    10.000  -105.032   318.451    -0.137   167.849   207.956    76.686    36.579     8.382    80.321   342.367   451.664
 121.0104167     9.500   -86.997   275.456    -0.096   146.842   181.929    67.802    47.774     7.440    75.014   355.377   452.396
 121.0104167     9.000   -64.474   222.316    -0.068   122.431   151.685    57.342    58.923     6.340    68.103   370.651   453.563
 121.0104167     8.500   -43.872   172.990    -0.048   100.620   124.663    47.848    66.709     5.357    61.038   384.458   454.903
 121.0104167     8.000   -27.228   131.299    -0.034    82.412   102.104    39.794    71.108     4.541    54.264   396.208   456.272
 121.0104167     7.500   -14.739    97.758    -0.024    67.682    83.855    33.174    72.783     3.890    47.982   405.956   457.597
 121.0104167     7.000    -5.837    71.552    -0.017    55.958    69.329    27.824    72.493     3.385    42.275   413.945   458.848
 121.0104167     6.500     0.162    51.573    -0.012    46.704    57.863    23.542    70.906     3.003    37.165   420.461   460.002
 121.0104167     6.000     3.934    36.680    -0.009    39.428    48.849    20.132    68.546     2.722    32.643   425.771   461.050
 121.0104167     5.500     6.192    25.706    -0.006    33.716    41.773    17.423    65.799     2.521    28.678   430.091   461.994
 121.0104167     5.000     7.298    17.904    -0.004    29.234    36.220    15.277    62.936     2.382    25.236   433.603   462.835
 121.0104167     4.500     7.610    12.611    -0.003    25.720    31.866    13.578    60.142     2.292    22.278   436.463   463.564
 121.0104167     4.000     7.417     9.284    -0.002    22.968    28.457    12.239    57.534     2.237    19.769   438.790   464.174
 121.0104167     3.500     6.875     7.564    -0.002    20.824    25.799    11.190    55.187     2.207    17.674   440.682   464.660
 121.0104167     3.000     6.151     7.101    -0.001    19.165    23.745    10.375    53.139     2.193    15.961   442.203   465.030
 121.0104167     2.500     5.279     7.723    -0.001    17.901    22.179     9.753    51.412     2.189    14.600   443.408   465.290
 121.0104167     2.000     4.378     9.203    -0.001    16.962    21.015     9.291    50.009     2.187    13.561   444.337   465.450
 121.0104167     1.500     3.487    11.413    -0.000    16.294    20.187     8.963    48.927     2.187    12.814   445.020   465.526
 121.0104167     1.000     2.640    14.258    -0.000    15.853    19.641     8.749    48.156     2.185    12.327   445.476   465.541
 121.0104167     0.500     1.863    17.670    -0.000     0.000     0.000     0.000     0.000     0.000     0.000     0.000     0.000
 121.0312500    23.000   -53.965   198.333    -0.050     0.000     0.000     0.000     0.000     0.000     0.000     0.000     0.000
 121.0312500    22.500   -54.271   199.273    -0.050     0.000     0.000     0.000     0.000     0.000     0.000     0.000     0.000
 121.0312500    22.000   -54.578   200.228    -0.050     0.000     0.000     0.000     0.000     0.000     0.000     0.000     0.000
 121.0312500    21.500   -54.888   201.197    -0.050     0.000     0.000     0.000     0.000     0.000     0.000     0.000     0.000
 121.0312500    21.000   -55.201   202.181    -0.050     0.000     0.000     0.000     0.000     0.000     0.000     0.000     0.000
 121.0312500    20.500   -55.517   203.180    -0.050     0.000     0.000     0.000     0.000     0.000     0.000     0.000     0.000
 121.0312500    20.000   -55.835   204.194    -0.050     0.000     0.000     0.000     0.000     0.000     0.000     0.000     0.000
 121.0312500    19.500   -56.157   205.225    -0.050     0.000     0.000     0.000     0.000     0.000     0.000     0.000     0.000
 121.0312500    19.000   -56.481   206.272    -0.050     0.000     0.000     0.000     0.000     0.000     0.000     0.000     0.000
 121.0312500    18.500   -56.808   207.336    -0.050     0.000     0.000     0.000     0.000     0.000     0.000     0.000     0.000
 121.0312500    18.000   -57.139   208.416    -0.050     0.000     0.000     0.000     0.000     0.000     0.000     0.000     0.000
 121.0312500    17.500   -57.472   209.513    -0.050     0.000     0.000     0.000     0.000     0.000     0.000     0.000     0.000
 121.0312500    17.000   -57.809   210.627    -0.050     0.000     0.000     0.000     0.000     0.000     0.000     0.000     0.000
 121.0312500    16.500   -58.148   211.758    -0.050     0.000     0.000     0.000     0.000     0.000     0.000     0.000     0.000
 121.0312500    16.000   -58.491   212.906    -0.050     0.000     0.000     0.000     0.000     0.000     0.000     0.000     0.000
 121.0312500    15.500   -58.837   214.071    -0.050     0.000     0.000     0.000     0.000     0.000     0.000     0.000     0.000
 121.0312500    15.000   -59.185   215.252    -0.050     0.000     0.000     0.000     0.000     0.000     0.000     0.000     0.000
 121.0312500    14.500   -59.537   216.451    -0.050     0.000     0.000     0.000     0.000     0.000     0.000     0.000     0.000
 121.0312500    14.000   -59.892   217.666    -0.050     0.000     0.000     0.000     0.000     0.000     0.000     0.000     0.000
 121.0312500    13.500   -60.249   218.897    -0.050     0.000     0.000     0.000     0.000     0.000     0.000     0.000     0.000
 121.0312500    13.000   -60.609   220.145    -0.050     0.000     0.000     0.000     0.000     0.000     0.000     0.000     0.000
 121.0312500    12.500   -60.972   221.408    -0.050     0.000     0.000     0.000     0.000     0.000     0.000     0.000     0.000
 121.0312500    12.000   -61.338   222.686    -0.050     0.000     0.000     0.000     0.000     0.000     0.000     0.000     0.000
 121.0312500    11.500   -61.706   223.980    -0.050     0.000     0.000     0.000     0.000     0.000     0.000     0.000     0.000
 121.0312500    11.000   -62.076   225.288    -0.050     0.000     0.000     0.000     0.000     0.000     0.000     0.000     0.000
 121.0312500    10.500   -62.449   226.611    -0.050     0.000     0.000     0.000     0.000     0.000     0.000     0.000     0.000
 121.0312500    10.000   -62.824   227.949    -0.050   126.125   161.911    71.134    35.348     6.905    65.526   339.171   444.846
 121.0312500     9.500   -48.858   194.791    -0.033   109.940   141.134    62.696    43.809     6.110    61.045   351.613   445.710
 121.0312500     9.000   -33.279   155.781    -0.021    91.212   117.092    52.797    52.068     5.185    55.249   366.278   447.021
 121.0312500     8.500   -20.356   120.892    -0.014    74.565    95.721    43.854    57.620     4.360    49.367   379.573   448.509
 121.0312500     8.000   -10.658    91.944    -0.009    60.742    77.976    36.303    60.504     3.677    43.763   390.883   450.080
 121.0312500     7.500    -3.856    68.818    -0.006    49.619    63.698    30.125    61.275     3.133    38.597   400.252   451.677
 121.0312500     7.000     0.679    50.703    -0.004    40.812    52.392    25.156    60.551     2.711    33.926   407.924   453.266
 121.0312500     6.500     3.451    36.778    -0.003    33.896    43.514    21.195    58.867     2.392    29.763   414.176   454.825
 121.0312500     6.000     4.980    26.224    -0.002    28.484    36.566    18.053    56.635     2.156    26.091   419.286   456.316
 121.0312500     5.500     5.625    18.414    -0.001    24.255    31.137    15.567    54.156     1.986    22.881   423.483   457.701
 121.0312500     5.000     5.668    12.800    -0.001    20.949    26.893    13.602    51.638     1.868    20.101   426.943   458.957
 121.0312500     4.500     5.357     8.931    -0.000    18.367    23.578    12.053    49.220     1.789    17.717   429.809   460.057
 121.0312500     4.000     4.833     6.489    -0.000    16.352    20.991    10.834    46.988     1.739    15.698   432.189   460.983
 121.0312500     3.500     4.250     5.153    -0.000    14.785    18.980     9.881    44.994     1.709    14.014   434.154   461.733
 121.0312500     3.000     3.656     4.738    -0.000    13.577    17.429     9.142    43.267     1.693    12.638   435.763   462.312
 121.0312500     2.500     3.087     5.089    -0.000    12.658    16.250     8.579    41.816     1.685    11.545   437.057   462.727
 121.0312500     2.000     2.579     6.069    -0.000    11.977    15.375     8.160    40.642     1.681    10.711   438.067   462.999
 121.0312500     1.500     2.119     7.599    -0.000    11.492    14.753     7.863    39.740     1.677    10.112   438.815   463.150
 121.0312500     1.000     1.711     9.592    -0.000    11.173    14.343     7.669    39.100     1.674     9.720   439.316   463.209
 121.0312500     0.500     1.353    11.966    -0.000     0.000     0.000     0.000     0.000     0.000     0.000     0.000     0.000
 121.0520833    23.000  -109.504   283.498    -0.192     0.000     0.000     0.000     0.000     0.000     0.000     0.000     0.000
 121.0520833    22.500  -109.964   284.507    -0.192     0.000     0.000     0.000     0.000     0.000     0.000     0.000     0.000
 121.0520833    22.000  -110.411   285.460    -0.192     0.000     0.000     0.000     0.000     0.000     0.000     0.000     0.000
 121.0520833    21.500  -110.846   286.357    -0.192     0.000     0.000     0.000     0.000     0.000     0.000     0.000     0.000
 121.0520833    21.000  -111.269   287.198    -0.192     0.000     0.000     0.000     0.000     0.000     0.000     0.000     0.000
 121.0520833    20.500  -111.680   287.981    -0.192     0.000     0.000     0.000     0.000     0.000     0.000     0.000     0.000
 121.0520833    20.000  -112.078   288.706    -0.192     0.000     0.000     0.000     0.000     0.000     0.000     0.000     0.000
 121.0520833    19.500  -112.463   289.372    -0.192     0.000     0.000     0.000     0.000     0.000     0.000     0.000     0.000
 121.0520833    19.000  -112.835   289.978    -0.192     0.000     0.000     0.000     0.000     0.000     0.000     0.000     0.000
 121.0520833    18.500  -113.194   290.525    -0.192     0.000     0.000     0.000     0.000     0.000     0.000     0.000     0.000
 121.0520833    18.000  -113.541   291.010    -0.192     0.000     0.000     0.000     0.000     0.000     0.000     0.000     0.000
 121.0520833    17.500  -113.875   291.435    -0.192     0.000     0.000     0.000     0.000     0.000     0.000     0.000     0.000
 121.0520833    17.000  -114.195   291.797    -0.192     0.000     0.000     0.000     0.000     0.000     0.000     0.000     0.000
 121.0520833    16.500  -114.502   292.097    -0.192     0.000     0.000     0.000     0.000     0.000     0.000     0.000     0.000
 121.0520833    16.000  -114.796   292.335    -0.192     0.000     0.000     0.000     0.000     0.000     0.000     0.000     0.000
 121.0520833    15.500  -115.077   292.508    -0.192     0.000     0.000     0.000     0.000     0.000     0.000     0.000     0.000
 121.0520833    15.000  -115.345   292.618    -0.192     0.000     0.000     0.000     0.000     0.000     0.000     0.000     0.000
 121.0520833    14.500  -115.599   292.664    -0.192     0.000     0.000     0.000     0.000     0.000     0.000     0.000     0.000
 121.0520833    14.000  -115.840   292.644    -0.192     0.000     0.000     0.000     0.000     0.000     0.000     0.000     0.000
 121.0520833    13.500  -116.068   292.558    -0.192     0.000     0.000     0.000     0.000     0.000     0.000     0.000     0.000
 121.0520833    13.000  -116.282   292.407    -0.192     0.000     0.000     0.000     0.000     0.000     0.000     0.000     0.000
 121.0520833    12.500  -116.482   292.187    -0.192     0.000     0.000     0.000     0.000     0.000     0.000     0.000     0.000
 121.0520833    12.000  -116.669   291.899    -0.192     0.000     0.000     0.000     0.000     0.000     0.000     0.000     0.000
 121.0520833    11.500  -116.842   291.541    -0.192     0.000     0.000     0.000     0.000     0.000     0.000     0.000     0.000
 121.0520833    11.000  -117.000   291.109    -0.192     0.000     0.000     0.000     0.000     0.000     0.000     0.000     0.000
 121.0520833    10.500  -117.143   290.600    -0.192     0.000     0.000     0.000     0.000     0.000     0.000     0.000     0.000
 121.0520833    10.000  -117.269   290.008    -0.192    83.042   111.060    62.904    34.886     5.260    49.286   338.369   442.227
 121.0520833     9.500   -96.405   255.636    -0.138    71.975    96.259    55.248    40.185     4.636    45.745   350.594   443.080
 121.0520833     9.000   -72.463   215.574    -0.099    59.255    79.247    46.304    45.106     3.911    41.211   365.082   444.280
 121.0520833     8.500   -51.490   179.383    -0.071    48.037    64.245    38.262    48.079     3.268    36.656   378.255   445.578
 121.0520833     8.000   -34.580   148.890    -0.051    38.801    51.893    31.507    49.210     2.738    32.359   389.476   446.896
 121.0520833     7.500   -21.599   124.034    -0.037    31.432    42.037    26.009    48.931     2.317    28.430   398.764   448.201
 121.0520833     7.000   -11.983   104.098    -0.027    25.645    34.297    21.609    47.695     1.991    24.904   406.348   449.475
 121.0520833     6.500    -5.106    88.236    -0.019    21.136    28.267    18.118    45.881     1.743    21.781   412.505   450.707
 121.0520833     6.000    -0.376    75.621    -0.014    17.634    23.584    15.361    43.775     1.560    19.041   417.489   451.892
 121.0520833     5.500     2.774    65.499    -0.010    14.916    19.948    13.189    41.582     1.427    16.656   421.529   453.015
 121.0520833     5.000     4.729    57.320    -0.007    12.805    17.126    11.479    39.436     1.333    14.597   424.807   454.061
 121.0520833     4.500     5.844    50.593    -0.005    11.166    14.933    10.135    37.426     1.268    12.837   427.468   455.019
 121.0520833     4.000     6.337    44.984    -0.004     9.893    13.231     9.080    35.603     1.226    11.350   429.623   455.876
 121.0520833     3.500     6.426    40.194    -0.003     8.908    11.914     8.258    33.996     1.199    10.111   431.362   456.619
 121.0520833     3.000     6.250    36.005    -0.002     8.151    10.902     7.621    32.616     1.182     9.101   432.751   457.240
 121.0520833     2.500     5.880    32.281    -0.001     7.578    10.134     7.136    31.467     1.172     8.298   433.841   457.734
 121.0520833     2.000     5.389    28.887    -0.001     7.153     9.567     6.777    30.543     1.166     7.686   434.672   458.101
 121.0520833     1.500     4.819    25.713    -0.001     6.852     9.164     6.521    29.837     1.161     7.246   435.275   458.347
 121.0520833     1.000     4.197    22.655    -0.001     6.654     8.899     6.354    29.338     1.156     6.958   435.669   458.486
 121.0520833     0.500     3.553    19.595    -0.000     0.000     0.000     0.000     0.000     0.000     0.000     0.000     0.000
 121.0729167    23.000  -110.914   211.178    -0.253     0.000     0.000     0.000     0.000     0.000     0.000     0.000     0.000
 121.0729167    22.500  -111.228   210.925    -0.253     0.000     0.000     0.000     0.000     0.000     0.000     0.000     0.000
 121.0729167    22.000  -111.541   210.663    -0.253     0.000     0.000     0.000     0.000     0.000     0.000     0.000     0.000
 121.0729167    21.500  -111.851   210.390    -0.253     0.000     0.000     0.000     0.000     0.000     0.000     0.000     0.000
 121.0729167    21.000  -112.160   210.108    -0.253     0.000     0.000     0.000     0.000     0.000     0.000     0.000     0.000
 121.0729167    20.500  -112.466   209.815    -0.253     0.000     0.000     0.000     0.000     0.000     0.000     0.000     0.000
 121.0729167    20.000  -112.771   209.512    -0.253     0.000     0.000     0.000     0.000     0.000     0.000     0.000     0.000
 121.0729167    19.500  -113.073   209.199    -0.253     0.000     0.000     0.000     0.000     0.000     0.000     0.000     0.000
 121.0729167    19.000  -113.373   208.876    -0.253     0.000     0.000     0.000     0.000     0.000     0.000     0.000     0.000
 121.0729167    18.500  -113.671   208.542    -0.253     0.000     0.000     0.000     0.000     0.000     0.000     0.000     0.000
 121.0729167    18.000  -113.967   208.197    -0.253     0.000     0.000     0.000     0.000     0.000     0.000     0.000     0.000
 121.0729167    17.500  -114.260   207.842    -0.253     0.000     0.000     0.000     0.000     0.000     0.000     0.000     0.000
 121.0729167    17.000  -114.552   207.476    -0.253     0.000     0.000     0.000     0.000     0.000     0.000     0.000     0.000
 121.0729167    16.500  -114.841   207.098    -0.253     0.000     0.000     0.000     0.000     0.000     0.000     0.000     0.000
 121.0729167    16.000  -115.127   206.710    -0.253     0.000     0.000     0.000     0.000     0.000     0.000     0.000     0.000
 121.0729167    15.500  -115.411   206.310    -0.253     0.000     0.000     0.000     0.000     0.000     0.000     0.000     0.000
 121.0729167    15.000  -115.693   205.898    -0.253     0.000     0.000     0.000     0.000     0.000     0.000     0.000     0.000
 121.0729167    14.500  -115.972   205.475    -0.253     0.000     0.000     0.000     0.000     0.000     0.000     0.000     0.000
 121.0729167    14.000  -116.249   205.039    -0.253     0.000     0.000     0.000     0.000     0.000     0.000     0.000     0.000
 121.0729167    13.500  -116.523   204.591    -0.253     0.000     0.000     0.000     0.000     0.000     0.000     0.000     0.000
 121.0729167    13.000  -116.794   204.131    -0.253     0.000     0.000     0.000     0.000     0.000     0.000     0.000     0.000
 121.0729167    12.500  -117.063   203.657    -0.253     0.000     0.000     0.000     0.000     0.000     0.000     0.000     0.000
 121.0729167    12.000  -117.328   203.171    -0.253     0.000     0.000     0.000     0.000     0.000     0.000     0.000     0.000
 121.0729167    11.500  -117.590   202.670    -0.253     0.000     0.000     0.000     0.000     0.000     0.000     0.000     0.000
 121.0729167    11.000  -117.850   202.154    -0.253     0.000     0.000     0.000     0.000     0.000     0.000     0.000     0.000
 121.0729167    10.500  -118.105   201.624    -0.253     0.000     0.000     0.000     0.000     0.000     0.000     0.000     0.000
 121.0729167    10.000  -118.357   201.076    -0.253    43.368    60.717    49.112    31.763     3.462    31.944   336.180   438.131
 121.0729167     9.500   -97.977   175.339    -0.185    37.218    52.108    42.985    33.996     3.036    29.492   348.226   438.915
 121.0729167     9.000   -74.596   145.743    -0.135    30.231    42.326    35.855    35.744     2.543    26.393   362.517   439.990
 121.0729167     8.500   -54.160   119.426    -0.098    24.155    33.819    29.475    36.345     2.109    23.324   375.517   441.122
 121.0729167     8.000   -37.649    97.604    -0.072    19.225    26.916    24.143    35.945     1.752    20.468   386.586   442.241
 121.0729167     7.500   -24.911    80.137    -0.052    15.349    21.489    19.824    34.836     1.470    17.887   395.737   443.326
 121.0729167     7.000   -15.359    66.368    -0.038    12.348    17.288    16.385    33.293     1.252    15.595   403.185   444.374
 121.0729167     6.500    -8.437    55.676    -0.028    10.042    14.059    13.670    31.536     1.087    13.582   409.208   445.378
 121.0729167     6.000    -3.555    47.400    -0.020     8.274    11.584    11.535    29.721     0.964    11.829   414.064   446.337
 121.0729167     5.500    -0.197    40.958    -0.015     6.918     9.685     9.860    27.953     0.874    10.312   417.973   447.252
 121.0729167     5.000     2.027    35.911    -0.011     5.877     8.228     8.546    26.299     0.809     9.010   421.116   448.116
 121.0729167     4.500     3.413    31.936    -0.008     5.076     7.107     7.517    24.795     0.764     7.900   423.645   448.917
 121.0729167     4.000     4.192    28.781    -0.006     4.460     6.244     6.712    23.463     0.732     6.965   425.675   449.643
 121.0729167     3.500     4.537    26.259    -0.004     3.987     5.582     6.085    22.309     0.712     6.188   427.298   450.281
 121.0729167     3.000     4.601    24.194    -0.003     3.626     5.076     5.601    21.331     0.698     5.555   428.581   450.826
 121.0729167     2.500     4.470    22.495    -0.002     3.354     4.695     5.233    20.525     0.688     5.053   429.578   451.268
 121.0729167     2.000     4.210    21.082    -0.002     3.153     4.415     4.960    19.883     0.682     4.670   430.331   451.603
 121.0729167     1.500     3.888    19.865    -0.001     3.012     4.216     4.766    19.396     0.677     4.394   430.867   451.838
 121.0729167     1.000     3.530    18.803    -0.001     2.919     4.086     4.639    19.054     0.672     4.213   431.211   451.979
 121.0729167     0.500     3.158    17.855    -0.001     0.000     0.000     0.000     0.000     0.000     0.000     0.000     0.000
 121.0937500    23.000   -99.599   120.065    -0.352     0.000     0.000     0.000     0.000     0.000     0.000     0.000     0.000
 121.0937500    22.500   -99.872   119.928    -0.352     0.000     0.000     0.000     0.000     0.000     0.000     0.000     0.000
 121.0937500    22.000  -100.143   119.784    -0.352     0.000     0.000     0.000     0.000     0.000     0.000     0.000     0.000
 121.0937500    21.500  -100.411   119.633    -0.352     0.000     0.000     0.000     0.000     0.000     0.000     0.000     0.000
 121.0937500    21.000  -100.676   119.475    -0.352     0.000     0.000     0.000     0.000     0.000     0.000     0.000     0.000
 121.0937500    20.500  -100.938   119.310    -0.352     0.000     0.000     0.000     0.000     0.000     0.000     0.000     0.000
 121.0937500    20.000  -101.197   119.138    -0.352     0.000     0.000     0.000     0.000     0.000     0.000     0.000     0.000
 121.0937500    19.500  -101.453   118.958    -0.352     0.000     0.000     0.000     0.000     0.000     0.000     0.000     0.000
 121.0937500    19.000  -101.706   118.771    -0.352     0.000     0.000     0.000     0.000     0.000     0.000     0.000     0.000
 121.0937500    18.500  -101.956   118.576    -0.352     0.000     0.000     0.000     0.000     0.000     0.000     0.000     0.000
 121.0937500    18.000  -102.203   118.373    -0.352     0.000     0.000     0.000     0.000     0.000     0.000     0.000     0.000
 121.0937500    17.500  -102.446   118.162    -0.352     0.000     0.000     0.000     0.000     0.000     0.000     0.000     0.000
 121.0937500    17.000  -102.687   117.943    -0.352     0.000     0.000     0.000     0.000     0.000     0.000     0.000     0.000
 121.0937500    16.500  -102.924   117.716    -0.352     0.000     0.000     0.000     0.000     0.000     0.000     0.000     0.000
 121.0937500    16.000  -103.158   117.481    -0.352     0.000     0.000     0.000     0.000     0.000     0.000     0.000     0.000
 121.0937500    15.500  -103.388   117.237    -0.352     0.000     0.000     0.000     0.000     0.000     0.000     0.000     0.000
 121.0937500    15.000  -103.615   116.985    -0.352     0.000     0.000     0.000     0.000     0.000     0.000     0.000     0.000
 121.0937500    14.500  -103.838   116.723    -0.352     0.000     0.000     0.000     0.000     0.000     0.000     0.000     0.000
 121.0937500    14.000  -104.058   116.453    -0.352     0.000     0.000     0.000     0.000     0.000     0.000     0.000     0.000
 121.0937500    13.500  -104.275   116.173    -0.352     0.000     0.000     0.000     0.000     0.000     0.000     0.000     0.000
 121.0937500    13.000  -104.487   115.883    -0.352     0.000     0.000     0.000     0.000     0.000     0.000     0.000     0.000
 121.0937500    12.500  -104.696   115.584    -0.352     0.000     0.000     0.000     0.000     0.000     0.000     0.000     0.000
 121.0937500    12.000  -104.900   115.274    -0.352     0.000     0.000     0.000     0.000     0.000     0.000     0.000     0.000
 121.0937500    11.500  -105.101   114.953    -0.352     0.000     0.000     0.000     0.000     0.000     0.000     0.000     0.000
 121.0937500    11.000  -105.297   114.622    -0.352     0.000     0.000     0.000     0.000     0.000     0.000     0.000     0.000
 121.0937500    10.500  -105.489   114.278    -0.352     0.000     0.000     0.000     0.000     0.000     0.000     0.000     0.000
 121.0937500    10.000  -105.676   113.922    -0.352    16.675    24.529    29.857    22.002     1.816    16.532   333.803   436.248
 121.0937500     9.500   -88.121    99.123    -0.261    14.015    20.617    26.068    22.448     1.582    15.144   346.044   436.880
 121.0937500     9.000   -68.015    82.448    -0.194    11.066    16.278    21.668    22.484     1.314    13.424   360.554   437.722
 121.0937500     8.500   -50.486    67.980    -0.144     8.575    12.615    17.743    21.980     1.079    11.756   373.730   438.571
 121.0937500     8.000   -36.342    56.314    -0.106     6.616     9.732    14.474    21.071     0.888    10.234   384.917   439.376
 121.0937500     7.500   -25.361    47.194    -0.079     5.122     7.535    11.835    19.917     0.738     8.881   394.123   440.129
 121.0937500     7.000   -17.111    40.264    -0.059     4.000     5.885     9.741    18.655     0.622     7.696   401.586   440.823
 121.0937500     6.500   -11.014    35.015    -0.043     3.163     4.652     8.094    17.383     0.535     6.668   407.585   441.467
 121.0937500     6.000    -6.607    31.063    -0.032     2.538     3.733     6.804    16.163     0.470     5.781   412.386   442.068
 121.0937500     5.500    -3.446    28.038    -0.024     2.071     3.046     5.794    15.033     0.422     5.020   416.220   442.628
 121.0937500     5.000    -1.279    25.770    -0.018     1.720     2.531     5.005    14.015     0.387     4.370   419.285   443.142
 121.0937500     4.500     0.184    24.013    -0.013     1.457     2.143     4.388    13.115     0.362     3.820   421.728   443.613
 121.0937500     4.000     1.139    22.614    -0.010     1.257     1.850     3.907    12.334     0.345     3.357   423.668   444.038
 121.0937500     3.500     1.726    21.472    -0.007     1.107     1.629     3.533    11.669     0.333     2.974   425.199   444.414
 121.0937500     3.000     2.056    20.507    -0.005     0.994     1.462     3.245    11.114     0.324     2.663   426.394   444.736
 121.0937500     2.500     2.203    19.665    -0.004     0.910     1.338     3.026    10.661     0.318     2.416   427.309   445.001
 121.0937500     2.000     2.210    18.928    -0.003     0.848     1.247     2.864    10.303     0.314     2.227   427.990   445.205
 121.0937500     1.500     2.134    18.244    -0.002     0.805     1.184     2.749    10.034     0.310     2.092   428.466   445.351
 121.0937500     1.000     1.997    17.599    -0.002     0.777     1.143     2.673     9.846     0.307     2.002   428.767   445.440
 121.0937500     0.500     1.811    16.983    -0.001     0.000     0.000     0.000     0.000     0.000     0.000     0.000     0.000
 121.1145833    23.000   -70.798    48.405    -0.279     0.000     0.000     0.000     0.000     0.000     0.000     0.000     0.000
 121.1145833    22.500   -71.094    48.065    -0.279     0.000     0.000     0.000     0.000     0.000     0.000     0.000     0.000
 121.1145833    22.000   -71.389    47.725    -0.279     0.000     0.000     0.000     0.000     0.000     0.000     0.000     0.000
 121.1145833    21.500   -71.684    47.382    -0.279     0.000     0.000     0.000     0.000     0.000     0.000     0.000     0.000
 121.1145833    21.000   -71.979    47.039    -0.279     0.000     0.000     0.000     0.000     0.000     0.000     0.000     0.000
 121.1145833    20.500   -72.274    46.694    -0.279     0.000     0.000     0.000     0.000     0.000     0.000     0.000     0.000
 121.1145833    20.000   -72.569    46.347    -0.279     0.000     0.000     0.000     0.000     0.000     0.000     0.000     0.000
 121.1145833    19.500   -72.864    45.999    -0.279     0.000     0.000     0.000     0.000     0.000     0.000     0.000     0.000
 121.1145833    19.000   -73.159    45.649    -0.279     0.000     0.000     0.000     0.000     0.000     0.000     0.000     0.000
 121.1145833    18.500   -73.454    45.297    -0.279     0.000     0.000     0.000     0.000     0.000     0.000     0.000     0.000
 121.1145833    18.000   -73.749    44.944    -0.279     0.000     0.000     0.000     0.000     0.000     0.000     0.000     0.000
 121.1145833    17.500   -74.043    44.589    -0.279     0.000     0.000     0.000     0.000     0.000     0.000     0.000     0.000
 121.1145833    17.000   -74.338    44.232    -0.279     0.000     0.000     0.000     0.000     0.000     0.000     0.000     0.000
 121.1145833    16.500   -74.632    43.873    -0.279     0.000     0.000     0.000     0.000     0.000     0.000     0.000     0.000
 121.1145833    16.000   -74.927    43.511    -0.279     0.000     0.000     0.000     0.000     0.000     0.000     0.000     0.000
 121.1145833    15.500   -75.221    43.148    -0.279     0.000     0.000     0.000     0.000     0.000     0.000     0.000     0.000
 121.1145833    15.000   -75.515    42.782    -0.279     0.000     0.000     0.000     0.000     0.000     0.000     0.000     0.000
 121.1145833    14.500   -75.809    42.414    -0.279     0.000     0.000     0.000     0.000     0.000     0.000     0.000     0.000
 121.1145833    14.000   -76.103    42.043    -0.279     0.000     0.000     0.000     0.000     0.000     0.000     0.000     0.000
 121.1145833    13.500   -76.397    41.670    -0.279     0.000     0.000     0.000     0.000     0.000     0.000     0.000     0.000
 121.1145833    13.000   -76.691    41.294    -0.279     0.000     0.000     0.000     0.000     0.000     0.000     0.000     0.000
 121.1145833    12.500   -76.984    40.915    -0.279     0.000     0.000     0.000     0.000     0.000     0.000     0.000     0.000
 121.1145833    12.000   -77.277    40.533    -0.279     0.000     0.000     0.000     0.000     0.000     0.000     0.000     0.000
 121.1145833    11.500   -77.570    40.148    -0.279     0.000     0.000     0.000     0.000     0.000     0.000     0.000     0.000
 121.1145833    11.000   -77.863    39.759    -0.279     0.000     0.000     0.000     0.000     0.000     0.000     0.000     0.000
 121.1145833    10.500   -78.156    39.367    -0.279     0.000     0.000     0.000     0.000     0.000     0.000     0.000     0.000
 121.1145833    10.000   -78.448    38.970    -0.279     3.271     5.063     9.060     7.268     0.505     4.568   330.049   432.569
 121.1145833     9.500   -65.963    35.276    -0.206     2.563     3.968     7.904     7.287     0.433     4.105   342.442   433.038
 121.1145833     9.000   -51.557    31.434    -0.153     1.840     2.848     6.560     7.127     0.353     3.561   357.098   433.656
 121.1145833     8.500   -38.979    28.372    -0.113     1.287     1.992     5.359     6.797     0.285     3.062   370.360   434.267
 121.1145833     8.000   -28.794    26.115    -0.084     0.894     1.384     4.360     6.364     0.231     2.627   381.573   434.832
 121.1145833     7.500   -20.782    24.424    -0.062     0.624     0.966     3.554     5.887     0.189     2.255   390.752   435.354
 121.1145833     7.000   -14.612    23.147    -0.046     0.441     0.683     2.916     5.410     0.158     1.938   398.145   435.836
 121.1145833     6.500    -9.922    22.146    -0.034     0.317     0.491     2.415     4.959     0.135     1.669   404.047   436.288
 121.1145833     6.000    -6.397    21.325    -0.025     0.233     0.361     2.024     4.547     0.117     1.441   408.736   436.715
 121.1145833     5.500    -3.778    20.626    -0.019     0.175     0.271     1.718     4.179     0.105     1.247   412.455   437.120
 121.1145833     5.000    -1.844    19.984    -0.014     0.135     0.209     1.480     3.858     0.096     1.083   415.399   437.508
 121.1145833     4.500    -0.445    19.386    -0.010     0.107     0.166     1.294     3.581     0.089     0.944   417.725   437.873
 121.1145833     4.000     0.538    18.827    -0.008     0.087     0.135     1.150     3.345     0.084     0.829   419.558   438.212
 121.1145833     3.500     1.197    18.301    -0.006     0.073     0.113     1.038     3.148     0.081     0.733   420.994   438.519
 121.1145833     3.000     1.603    17.805    -0.004     0.063     0.097     0.951     2.985     0.078     0.655   422.108   438.787
 121.1145833     2.500     1.812    17.337    -0.003     0.055     0.086     0.886     2.854     0.077     0.594   422.955   439.012
 121.1145833     2.000     1.866    16.895    -0.002     0.050     0.078     0.837     2.752     0.075     0.547   423.578   439.191
 121.1145833     1.500     1.799    16.476    -0.002     0.047     0.072     0.803     2.675     0.074     0.513   424.013   439.321
 121.1145833     1.000     1.635    16.079    -0.001     0.044     0.069     0.780     2.622     0.074     0.490   424.284   439.403
 121.1145833     0.500     1.392    15.700    -0.001     0.000     0.000     0.000     0.000     0.000     0.000     0.000     0.000
 121.1354167    23.000   -71.393    43.805    -0.240     0.000     0.000     0.000     0.000     0.000     0.000     0.000     0.000
 121.1354167    22.500   -71.665    43.233    -0.240     0.000     0.000     0.000     0.000     0.000     0.000     0.000     0.000
 121.1354167    22.000   -71.938    42.660    -0.240     0.000     0.000     0.000     0.000     0.000     0.000     0.000     0.000
 121.1354167    21.500   -72.212    42.087    -0.240     0.000     0.000     0.000     0.000     0.000     0.000     0.000     0.000
 121.1354167    21.000   -72.486    41.515    -0.240     0.000     0.000     0.000     0.000     0.000     0.000     0.000     0.000
 121.1354167    20.500   -72.761    40.943    -0.240     0.000     0.000     0.000     0.000     0.000     0.000     0.000     0.000
 121.1354167    20.000   -73.036    40.370    -0.240     0.000     0.000     0.000     0.000     0.000     0.000     0.000     0.000
 121.1354167    19.500   -73.313    39.798    -0.240     0.000     0.000     0.000     0.000     0.000     0.000     0.000     0.000
 121.1354167    19.000   -73.590    39.226    -0.240     0.000     0.000     0.000     0.000     0.000     0.000     0.000     0.000
 121.1354167    18.500   -73.868    38.654    -0.240     0.000     0.000     0.000     0.000     0.000     0.000     0.000     0.000
 121.1354167    18.000   -74.147    38.082    -0.240     0.000     0.000     0.000     0.000     0.000     0.000     0.000     0.000
 121.1354167    17.500   -74.426    37.511    -0.240     0.000     0.000     0.000     0.000     0.000     0.000     0.000     0.000
 121.1354167    17.000   -74.707    36.939    -0.240     0.000     0.000     0.000     0.000     0.000     0.000     0.000     0.000
 121.1354167    16.500   -74.988    36.367    -0.240     0.000     0.000     0.000     0.000     0.000     0.000     0.000     0.000
 121.1354167    16.000   -75.270    35.796    -0.240     0.000     0.000     0.000     0.000     0.000     0.000     0.000     0.000
 121.1354167    15.500   -75.553    35.225    -0.240     0.000     0.000     0.000     0.000     0.000     0.000     0.000     0.000
 121.1354167    15.000   -75.836    34.653    -0.240     0.000     0.000     0.000     0.000     0.000     0.000     0.000     0.000
 121.1354167    14.500   -76.121    34.082    -0.240     0.000     0.000     0.000     0.000     0.000     0.000     0.000     0.000
 121.1354167    14.000   -76.406    33.511    -0.240     0.000     0.000     0.000     0.000     0.000     0.000     0.000     0.000
 121.1354167    13.500   -76.693    32.940    -0.240     0.000     0.000     0.000     0.000     0.000     0.000     0.000     0.000
 121.1354167    13.000   -76.980    32.369    -0.240     0.000     0.000     0.000     0.000     0.000     0.000     0.000     0.000
 121.1354167    12.500   -77.268    31.799    -0.240     0.000     0.000     0.000     0.000     0.000     0.000     0.000     0.000
 121.1354167    12.000   -77.558    31.228    -0.240     0.000     0.000     0.000     0.000     0.000     0.000     0.000     0.000
 121.1354167    11.500   -77.848    30.657    -0.240     0.000     0.000     0.000     0.000     0.000     0.000     0.000     0.000
 121.1354167    11.000   -78.140    30.087    -0.240     0.000     0.000     0.000     0.000     0.000     0.000     0.000     0.000
 121.1354167    10.500   -78.432    29.516    -0.240     0.000     0.000     0.000     0.000     0.000     0.000     0.000     0.000
 121.1354167    10.000   -78.726    28.946    -0.240     0.233     0.377     0.878     0.734     0.049     0.446   326.542   427.172
 121.1354167     9.500   -67.269    28.044    -0.177     0.070     0.113     0.771     0.789     0.036     0.332   338.766   427.564
 121.1354167     9.000   -53.733    27.199    -0.130     0.014     0.022     0.639     0.751     0.028     0.270   353.189   428.100
 121.1354167     8.500   -41.575    26.380    -0.096     0.002     0.004     0.520     0.681     0.023     0.233   366.207   428.648
 121.1354167     8.000   -31.413    25.567    -0.070     0.000     0.001     0.421     0.611     0.019     0.203   377.183   429.176
 121.1354167     7.500   -23.214    24.759    -0.052     0.000     0.000     0.341     0.547     0.016     0.177   386.150   429.678
 121.1354167     7.000   -16.736    23.962    -0.038     0.000     0.000     0.279     0.490     0.013     0.154   393.358   430.157
 121.1354167     6.500   -11.695    23.179    -0.028     0.000     0.000     0.230     0.442     0.012     0.134   399.103   430.617
 121.1354167     6.000    -7.821    22.412    -0.021     0.000     0.000     0.193     0.400     0.010     0.116   403.664   431.062
 121.1354167     5.500    -4.881    21.664    -0.015     0.000     0.000     0.163     0.364     0.009     0.101   407.277   431.493
 121.1354167     5.000    -2.681    20.936    -0.011     0.000     0.000     0.140     0.333     0.008     0.088   410.137   431.907
 121.1354167     4.500    -1.065    20.229    -0.008     0.000     0.000     0.123     0.308     0.008     0.077   412.398   432.301
 121.1354167     4.000     0.091    19.543    -0.006     0.000     0.000     0.109     0.286     0.007     0.068   414.181   432.668
 121.1354167     3.500     0.887    18.878    -0.004     0.000     0.000     0.098     0.269     0.007     0.060   415.577   433.001
 121.1354167     3.000     1.401    18.234    -0.003     0.000     0.000     0.090     0.254     0.007     0.054   416.660   433.294
 121.1354167     2.500     1.693    17.610    -0.002     0.000     0.000     0.084     0.243     0.007     0.049   417.483   433.541
 121.1354167     2.000     1.811    17.005    -0.002     0.000     0.000     0.079     0.234     0.007     0.045   418.090   433.738
 121.1354167     1.500     1.790    16.419    -0.001     0.000     0.000     0.076     0.227     0.007     0.042   418.512   433.882
 121.1354167     1.000     1.659    15.849    -0.001     0.000     0.000     0.074     0.222     0.007     0.041   418.775   433.974
 121.1354167     0.500     1.436    15.293    -0.001     0.000     0.000     0.000     0.000     0.000     0.000     0.000     0.000
 121.1562500    23.000   -64.457    27.719    -0.255     0.000     0.000     0.000     0.000     0.000     0.000     0.000     0.000
 121.1562500    22.500   -64.890    27.559    -0.255     0.000     0.000     0.000     0.000     0.000     0.000     0.000     0.000
 121.1562500    22.000   -65.322    27.397    -0.255     0.000     0.000     0.000     0.000     0.000     0.000     0.000     0.000
 121.1562500    21.500   -65.752    27.232    -0.255     0.000     0.000     0.000     0.000     0.000     0.000     0.000     0.000
 121.1562500    21.000   -66.179    27.064    -0.255     0.000     0.000     0.000     0.000     0.000     0.000     0.000     0.000
 121.1562500    20.500   -66.605    26.894    -0.255     0.000     0.000     0.000     0.000     0.000     0.000     0.000     0.000
 121.1562500    20.000   -67.028    26.721    -0.255     0.000     0.000     0.000     0.000     0.000     0.000     0.000     0.000
 121.1562500    19.500   -67.450    26.545    -0.255     0.000     0.000     0.000     0.000     0.000     0.000     0.000     0.000
 121.1562500    19.000   -67.869    26.367    -0.255     0.000     0.000     0.000     0.000     0.000     0.000     0.000     0.000
 121.1562500    18.500   -68.286    26.187    -0.255     0.000     0.000     0.000     0.000     0.000     0.000     0.000     0.000
 121.1562500    18.000   -68.702    26.004    -0.255     0.000     0.000     0.000     0.000     0.000     0.000     0.000     0.000
 121.1562500    17.500   -69.115    25.818    -0.255     0.000     0.000     0.000     0.000     0.000     0.000     0.000     0.000
 121.1562500    17.000   -69.526    25.630    -0.255     0.000     0.000     0.000     0.000     0.000     0.000     0.000     0.000
 121.1562500    16.500   -69.935    25.439    -0.255     0.000     0.000     0.000     0.000     0.000     0.000     0.000     0.000
 121.1562500    16.000   -70.341    25.246    -0.255     0.000     0.000     0.000     0.000     0.000     0.000     0.000     0.000
 121.1562500    15.500   -70.746    25.051    -0.255     0.000     0.000     0.000     0.000     0.000     0.000     0.000     0.000
 121.1562500    15.000   -71.148    24.853    -0.255     0.000     0.000     0.000     0.000     0.000     0.000     0.000     0.000
 121.1562500    14.500   -71.549    24.653    -0.255     0.000     0.000     0.000     0.000     0.000     0.000     0.000     0.000
 121.1562500    14.000   -71.947    24.450    -0.255     0.000     0.000     0.000     0.000     0.000     0.000     0.000     0.000
 121.1562500    13.500   -72.343    24.245    -0.255     0.000     0.000     0.000     0.000     0.000     0.000     0.000     0.000
 121.1562500    13.000   -72.736    24.038    -0.255     0.000     0.000     0.000     0.000     0.000     0.000     0.000     0.000
 121.1562500    12.500   -73.127    23.828    -0.255     0.000     0.000     0.000     0.000     0.000     0.000     0.000     0.000
 121.1562500    12.000   -73.516    23.616    -0.255     0.000     0.000     0.000     0.000     0.000     0.000     0.000     0.000
 121.1562500    11.500   -73.902    23.401    -0.255     0.000     0.000     0.000     0.000     0.000     0.000     0.000     0.000
 121.1562500    11.000   -74.286    23.185    -0.255     0.000     0.000     0.000     0.000     0.000     0.000     0.000     0.000
 121.1562500    10.500   -74.668    22.965    -0.255     0.000     0.000     0.000     0.000     0.000     0.000     0.000     0.000
 121.1562500    10.000   -75.046    22.743    -0.255     0.000     0.000     0.000     0.000     0.000     0.000   325.301   422.301
 121.1562500     9.500   -63.957    22.359    -0.189     0.000     0.000     0.000     0.000     0.000     0.000   337.068   422.697
 121.1562500     9.000   -50.854    21.916    -0.139     0.000     0.000     0.000     0.000     0.000     0.000   350.957   423.238
 121.1562500     8.500   -39.100    21.452    -0.103     0.000     0.000     0.000     0.000     0.000     0.000   363.496   423.793
 121.1562500     8.000   -29.291    20.981    -0.076     0.000     0.000     0.000     0.000     0.000     0.000   374.070   424.332
 121.1562500     7.500   -21.391    20.511    -0.056     0.000     0.000     0.000     0.000     0.000     0.000   382.712   424.850
 121.1562500     7.000   -15.168    20.045    -0.042     0.000     0.000     0.000     0.000     0.000     0.000   389.662   425.349
 121.1562500     6.500   -10.343    19.587    -0.031     0.000     0.000     0.000     0.000     0.000     0.000   395.203   425.832
 121.1562500     6.000    -6.652    19.138    -0.023     0.000     0.000     0.000     0.000     0.000     0.000   399.603   426.303
 121.1562500     5.500    -3.869    18.701    -0.017     0.000     0.000     0.000     0.000     0.000     0.000   403.091   426.761
 121.1562500     5.000    -1.805    18.276    -0.012     0.000     0.000     0.000     0.000     0.000     0.000   405.854   427.204
 121.1562500     4.500    -0.307    17.863    -0.009     0.000     0.000     0.000     0.000     0.000     0.000   408.039   427.627
 121.1562500     4.000     0.747    17.461    -0.007     0.000     0.000     0.000     0.000     0.000     0.000   409.763   428.021
 121.1562500     3.500     1.455    17.069    -0.005     0.000     0.000     0.000     0.000     0.000     0.000   411.115   428.381
 121.1562500     3.000     1.893    16.688    -0.004     0.000     0.000     0.000     0.000     0.000     0.000   412.164   428.698
 121.1562500     2.500     2.121    16.314    -0.003     0.000     0.000     0.000     0.000     0.000     0.000   412.962   428.965
 121.1562500     2.000     2.184    15.946    -0.002     0.000     0.000     0.000     0.000     0.000     0.000   413.550   429.178
 121.1562500     1.500     2.117    15.582    -0.001     0.000     0.000     0.000     0.000     0.000     0.000   413.959   429.334
 121.1562500     1.000     1.947    15.220    -0.001     0.000     0.000     0.000     0.000     0.000     0.000   414.215   429.434
 121.1562500     0.500     1.693    14.856    -0.001     0.000     0.000     0.000     0.000     0.000     0.000     0.000     0.000
 121.1770833    23.000   -40.433     7.073    -0.295     0.000     0.000     0.000     0.000     0.000     0.000     0.000     0.000
 121.1770833    22.500   -41.166     7.252    -0.295     0.000     0.000     0.000     0.000     0.000     0.000     0.000     0.000
 121.1770833    22.000   -41.898     7.432    -0.295     0.000     0.000     0.000     0.000     0.000     0.000     0.000     0.000
 121.1770833    21.500   -42.628     7.612    -0.295     0.000     0.000     0.000     0.000     0.000     0.000     0.000     0.000
 121.1770833    21.000   -43.357     7.793    -0.295     0.000     0.000     0.000     0.000     0.000     0.000     0.000     0.000
 121.1770833    20.500   -44.085     7.975    -0.295     0.000     0.000     0.000     0.000     0.000     0.000     0.000     0.000
 121.1770833    20.000   -44.810     8.157    -0.295     0.000     0.000     0.000     0.000     0.000     0.000     0.000     0.000
 121.1770833    19.500   -45.534     8.340    -0.295     0.000     0.000     0.000     0.000     0.000     0.000     0.000     0.000
 121.1770833    19.000   -46.257     8.523    -0.295     0.000     0.000     0.000     0.000     0.000     0.000     0.000     0.000
 121.1770833    18.500   -46.978     8.707    -0.295     0.000     0.000     0.000     0.000     0.000     0.000     0.000     0.000
 121.1770833    18.000   -47.697     8.892    -0.295     0.000     0.000     0.000     0.000     0.000     0.000     0.000     0.000
 121.1770833    17.500   -48.414     9.077    -0.295     0.000     0.000     0.000     0.000     0.000     0.000     0.000     0.000
 121.1770833    17.000   -49.130     9.263    -0.295     0.000     0.000     0.000     0.000     0.000     0.000     0.000     0.000
 121.1770833    16.500   -49.844     9.449    -0.295     0.000     0.000     0.000     0.000     0.000     0.000     0.000     0.000
 121.1770833    16.000   -50.556     9.636    -0.295     0.000     0.000     0.000     0.000     0.000     0.000     0.000     0.000
 121.1770833    15.500   -51.266     9.823    -0.295     0.000     0.000     0.000     0.000     0.000     0.000     0.000     0.000
 121.1770833    15.000   -51.974    10.011    -0.295     0.000     0.000     0.000     0.000     0.000     0.000     0.000     0.000
 121.1770833    14.500   -52.681    10.199    -0.295     0.000     0.000     0.000     0.000     0.000     0.000     0.000     0.000
 121.1770833    14.000   -53.385    10.388    -0.295     0.000     0.000     0.000     0.000     0.000     0.000     0.000     0.000
 121.1770833    13.500   -54.088    10.577    -0.295     0.000     0.000     0.000     0.000     0.000     0.000     0.000     0.000
 121.1770833    13.000   -54.788    10.766    -0.295     0.000     0.000     0.000     0.000     0.000     0.000     0.000     0.000
 121.1770833    12.500   -55.487    10.956    -0.295     0.000     0.000     0.000     0.000     0.000     0.000     0.000     0.000
 121.1770833    12.000   -56.183    11.146    -0.295     0.000     0.000     0.000     0.000     0.000     0.000     0.000     0.000
 121.1770833    11.500   -56.876    11.337    -0.295     0.000     0.000     0.000     0.000     0.000     0.000     0.000     0.000
 121.1770833    11.000   -57.568    11.528    -0.295     0.000     0.000     0.000     0.000     0.000     0.000     0.000     0.000
 121.1770833    10.500   -58.257    11.719    -0.295     0.000     0.000     0.000     0.000     0.000     0.000     0.000     0.000
 121.1770833    10.000   -58.943    11.911    -0.295     0.000     0.000     0.000     0.000     0.000     0.000   319.770   413.866
 121.1770833     9.500   -48.779    11.972    -0.221     0.000     0.000     0.000     0.000     0.000     0.000   331.096   414.353
 121.1770833     9.000   -36.743    11.987    -0.165     0.000     0.000     0.000     0.000     0.000     0.000   344.476   415.028
 121.1770833     8.500   -26.038    11.988    -0.123     0.000     0.000     0.000     0.000     0.000     0.000   356.567   415.750
 121.1770833     8.000   -17.228    11.986    -0.092     0.000     0.000     0.000     0.000     0.000     0.000   366.775   416.489
 121.1770833     7.500   -10.278    11.987    -0.069     0.000     0.000     0.000     0.000     0.000     0.000   375.129   417.237
 121.1770833     7.000    -4.957    11.995    -0.051     0.000     0.000     0.000     0.000     0.000     0.000   381.860   417.994
 121.1770833     6.500    -0.995    12.014    -0.038     0.000     0.000     0.000     0.000     0.000     0.000   387.239   418.762
 121.1770833     6.000     1.867    12.045    -0.029     0.000     0.000     0.000     0.000     0.000     0.000   391.523   419.536
 121.1770833     5.500     3.855    12.090    -0.021     0.000     0.000     0.000     0.000     0.000     0.000   394.932   420.311
 121.1770833     5.000     5.158    12.149    -0.016     0.000     0.000     0.000     0.000     0.000     0.000   397.643   421.075
 121.1770833     4.500     5.932    12.223    -0.012     0.000     0.000     0.000     0.000     0.000     0.000   399.799   421.814
 121.1770833     4.000     6.304    12.312    -0.009     0.000     0.000     0.000     0.000     0.000     0.000   401.509   422.512
 121.1770833     3.500     6.373    12.416    -0.007     0.000     0.000     0.000     0.000     0.000     0.000   402.859   423.152
 121.1770833     3.000     6.222    12.533    -0.005     0.000     0.000     0.000     0.000     0.000     0.000   403.913   423.718
 121.1770833     2.500     5.913    12.662    -0.004     0.000     0.000     0.000     0.000     0.000     0.000   404.720   424.196
 121.1770833     2.000     5.493    12.802    -0.003     0.000     0.000     0.000     0.000     0.000     0.000   405.319   424.579
 121.1770833     1.500     4.997    12.951    -0.002     0.000     0.000     0.000     0.000     0.000     0.000   405.738   424.860
 121.1770833     1.000     4.446    13.105    -0.002     0.000     0.000     0.000     0.000     0.000     0.000   406.001   425.041
 121.1770833     0.500     3.858    13.261    -0.001     0.000     0.000     0.000     0.000     0.000     0.000     0.000     0.000
 121.1979167    23.000   -30.281    19.804    -0.298     0.000     0.000     0.000     0.000     0.000     0.000     0.000     0.000
 121.1979167    22.500   -30.916    19.670    -0.298     0.000     0.000     0.000     0.000     0.000     0.000     0.000     0.000
 121.1979167    22.000   -31.552    19.537    -0.298     0.000     0.000     0.000     0.000     0.000     0.000     0.000     0.000
 121.1979167    21.500   -32.189    19.405    -0.298     0.000     0.000     0.000     0.000     0.000     0.000     0.000     0.000
 121.1979167    21.000   -32.826    19.272    -0.298     0.000     0.000     0.000     0.000     0.000     0.000     0.000     0.000
 121.1979167    20.500   -33.465    19.140    -0.298     0.000     0.000     0.000     0.000     0.000     0.000     0.000     0.000
 121.1979167    20.000   -34.104    19.008    -0.298     0.000     0.000     0.000     0.000     0.000     0.000     0.000     0.000
 121.1979167    19.500   -34.744    18.877    -0.298     0.000     0.000     0.000     0.000     0.000     0.000     0.000     0.000
 121.1979167    19.000   -35.385    18.746    -0.298     0.000     0.000     0.000     0.000     0.000     0.000     0.000     0.000
 121.1979167    18.500   -36.027    18.615    -0.298     0.000     0.000     0.000     0.000     0.000     0.000     0.000     0.000
 121.1979167    18.000   -36.669    18.485    -0.298     0.000     0.000     0.000     0.000     0.000     0.000     0.000     0.000
 121.1979167    17.500   -37.313    18.354    -0.298     0.000     0.000     0.000     0.000     0.000     0.000     0.000     0.000
 121.1979167    17.000   -37.957    18.224    -0.298     0.000     0.000     0.000     0.000     0.000     0.000     0.000     0.000
 121.1979167    16.500   -38.602    18.095    -0.298     0.000     0.000     0.000     0.000     0.000     0.000     0.000     0.000
 121.1979167    16.000   -39.248    17.966    -0.298     0.000     0.000     0.000     0.000     0.000     0.000     0.000     0.000
 121.1979167    15.500   -39.894    17.837    -0.298     0.000     0.000     0.000     0.000     0.000     0.000     0.000     0.000
 121.1979167    15.000   -40.542    17.708    -0.298     0.000     0.000     0.000     0.000     0.000     0.000     0.000     0.000
 121.1979167    14.500   -41.190    17.579    -0.298     0.000     0.000     0.000     0.000     0.000     0.000     0.000     0.000
 121.1979167    14.000   -41.839    17.451    -0.298     0.000     0.000     0.000     0.000     0.000     0.000     0.000     0.000
 121.1979167    13.500   -42.489    17.323    -0.298     0.000     0.000     0.000     0.000     0.000     0.000     0.000     0.000
 121.1979167    13.000   -43.139    17.196    -0.298     0.000     0.000     0.000     0.000     0.000     0.000     0.000     0.000
 121.1979167    12.500   -43.790    17.069    -0.298     0.000     0.000     0.000     0.000     0.000     0.000     0.000     0.000
 121.1979167    12.000   -44.442    16.942    -0.298     0.000     0.000     0.000     0.000     0.000     0.000     0.000     0.000
 121.1979167    11.500   -45.095    16.815    -0.298     0.000     0.000     0.000     0.000     0.000     0.000     0.000     0.000
 121.1979167    11.000   -45.749    16.689    -0.298     0.000     0.000     0.000     0.000     0.000     0.000     0.000     0.000
 121.1979167    10.500   -46.403    16.563    -0.298     0.000     0.000     0.000     0.000     0.000     0.000     0.000     0.000
 121.1979167    10.000   -47.058    16.437    -0.298     0.000     0.000     0.000     0.000     0.000     0.000   311.212   402.826
 121.1979167     9.500   -37.417    16.210    -0.223     0.000     0.000     0.000     0.000     0.000     0.000   322.129   403.425
 121.1979167     9.000   -26.053    15.948    -0.168     0.000     0.000     0.000     0.000     0.000     0.000   335.033   404.277
 121.1979167     8.500   -16.025    15.674    -0.126     0.000     0.000     0.000     0.000     0.000     0.000   346.701   405.229
 121.1979167     8.000    -7.872    15.398    -0.094     0.000     0.000     0.000     0.000     0.000     0.000   356.561   406.247
 121.1979167     7.500    -1.556    15.125    -0.071     0.000     0.000     0.000     0.000     0.000     0.000   364.641   407.323
 121.1979167     7.000     3.146    14.858    -0.053     0.000     0.000     0.000     0.000     0.000     0.000   371.162   408.456
 121.1979167     6.500     6.503    14.600    -0.040     0.000     0.000     0.000     0.000     0.000     0.000   376.387   409.640
 121.1979167     6.000     8.771    14.352    -0.030     0.000     0.000     0.000     0.000     0.000     0.000   380.562   410.865
 121.1979167     5.500    10.179    14.115    -0.022     0.000     0.000     0.000     0.000     0.000     0.000   383.897   412.115
 121.1979167     5.000    10.921    13.891    -0.017     0.000     0.000     0.000     0.000     0.000     0.000   386.564   413.365
 121.1979167     4.500    11.162    13.681    -0.013     0.000     0.000     0.000     0.000     0.000     0.000   388.698   414.587
 121.1979167     4.000    11.037    13.485    -0.009     0.000     0.000     0.000     0.000     0.000     0.000   390.404   415.750
 121.1979167     3.500    10.659    13.302    -0.007     0.000     0.000     0.000     0.000     0.000     0.000   391.760   416.822
 121.1979167     3.000    10.116    13.134    -0.005     0.000     0.000     0.000     0.000     0.000     0.000   392.828   417.774
 121.1979167     2.500     9.479    12.981    -0.004     0.000     0.000     0.000     0.000     0.000     0.000   393.654   418.582
 121.1979167     2.000     8.799    12.841    -0.003     0.000     0.000     0.000     0.000     0.000     0.000   394.270   419.229
 121.1979167     1.500     8.113    12.714    -0.002     0.000     0.000     0.000     0.000     0.000     0.000   394.705   419.707
 121.1979167     1.000     7.442    12.600    -0.002     0.000     0.000     0.000     0.000     0.000     0.000   394.978   420.015
 121.1979167     0.500     6.796    12.497    -0.001     0.000     0.000     0.000     0.000     0.000     0.000     0.000     0.000
 121.2187500    23.000   -39.864    20.464    -0.167     0.000     0.000     0.000     0.000     0.000     0.000     0.000     0.000
 121.2187500    22.500   -40.173    20.278    -0.167     0.000     0.000     0.000     0.000     0.000     0.000     0.000     0.000
 121.2187500    22.000   -40.482    20.094    -0.167     0.000     0.000     0.000     0.000     0.000     0.000     0.000     0.000
 121.2187500    21.500   -40.792    19.909    -0.167     0.000     0.000     0.000     0.000     0.000     0.000     0.000     0.000
 121.2187500    21.000   -41.103    19.725    -0.167     0.000     0.000     0.000     0.000     0.000     0.000     0.000     0.000
 121.2187500    20.500   -41.416    19.542    -0.167     0.000     0.000     0.000     0.000     0.000     0.000     0.000     0.000
 121.2187500    20.000   -41.729    19.359    -0.167     0.000     0.000     0.000     0.000     0.000     0.000     0.000     0.000
 121.2187500    19.500   -42.043    19.177    -0.167     0.000     0.000     0.000     0.000     0.000     0.000     0.000     0.000
 121.2187500    19.000   -42.359    18.995    -0.167     0.000     0.000     0.000     0.000     0.000     0.000     0.000     0.000
 121.2187500    18.500   -42.675    18.814    -0.167     0.000     0.000     0.000     0.000     0.000     0.000     0.000     0.000
 121.2187500    18.000   -42.993    18.633    -0.167     0.000     0.000     0.000     0.000     0.000     0.000     0.000     0.000
 121.2187500    17.500   -43.311    18.453    -0.167     0.000     0.000     0.000     0.000     0.000     0.000     0.000     0.000
 121.2187500    17.000   -43.631    18.273    -0.167     0.000     0.000     0.000     0.000     0.000     0.000     0.000     0.000
 121.2187500    16.500   -43.952    18.094    -0.167     0.000     0.000     0.000     0.000     0.000     0.000     0.000     0.000
 121.2187500    16.000   -44.273    17.916    -0.167     0.000     0.000     0.000     0.000     0.000     0.000     0.000     0.000
 121.2187500    15.500   -44.596    17.738    -0.167     0.000     0.000     0.000     0.000     0.000     0.000     0.000     0.000
 121.2187500    15.000   -44.920    17.560    -0.167     0.000     0.000     0.000     0.000     0.000     0.000     0.000     0.000
 121.2187500    14.500   -45.245    17.383    -0.167     0.000     0.000     0.000     0.000     0.000     0.000     0.000     0.000
 121.2187500    14.000   -45.572    17.207    -0.167     0.000     0.000     0.000     0.000     0.000     0.000     0.000     0.000
 121.2187500    13.500   -45.899    17.031    -0.167     0.000     0.000     0.000     0.000     0.000     0.000     0.000     0.000
 121.2187500    13.000   -46.228    16.856    -0.167     0.000     0.000     0.000     0.000     0.000     0.000     0.000     0.000
 121.2187500    12.500   -46.558    16.681    -0.167     0.000     0.000     0.000     0.000     0.000     0.000     0.000     0.000
 121.2187500    12.000   -46.889    16.507    -0.167     0.000     0.000     0.000     0.000     0.000     0.000     0.000     0.000
 121.2187500    11.500   -47.221    16.333    -0.167     0.000     0.000     0.000     0.000     0.000     0.000     0.000     0.000
 121.2187500    11.000   -47.554    16.160    -0.167     0.000     0.000     0.000     0.000     0.000     0.000     0.000     0.000
 121.2187500    10.500   -47.889    15.988    -0.167     0.000     0.000     0.000     0.000     0.000     0.000     0.000     0.000
 121.2187500    10.000   -48.226    15.816    -0.167     0.000     0.000     0.000     0.000     0.000     0.000   306.628   395.428
 121.2187500     9.500   -38.661    15.559    -0.123     0.000     0.000     0.000     0.000     0.000     0.000   317.153   396.073
 121.2187500     9.000   -27.468    15.272    -0.090     0.000     0.000     0.000     0.000     0.000     0.000   329.591   397.007
 121.2187500     8.500   -17.589    14.977    -0.066     0.000     0.000     0.000     0.000     0.000     0.000   340.841   398.068
 121.2187500     8.000    -9.540    14.680    -0.049     0.000     0.000     0.000     0.000     0.000     0.000   350.353   399.221
 121.2187500     7.500    -3.282    14.386    -0.036     0.000     0.000     0.000     0.000     0.000     0.000   358.156   400.456
 121.2187500     7.000     1.401    14.098    -0.026     0.000     0.000     0.000     0.000     0.000     0.000   364.463   401.767
 121.2187500     6.500     4.774    13.818    -0.019     0.000     0.000     0.000     0.000     0.000     0.000   369.528   403.144
 121.2187500     6.000     7.088    13.548    -0.014     0.000     0.000     0.000     0.000     0.000     0.000   373.588   404.573
 121.2187500     5.500     8.568    13.290    -0.011     0.000     0.000     0.000     0.000     0.000     0.000   376.845   406.031
 121.2187500     5.000     9.409    13.044    -0.008     0.000     0.000     0.000     0.000     0.000     0.000   379.463   407.486
 121.2187500     4.500     9.775    12.811    -0.006     0.000     0.000     0.000     0.000     0.000     0.000   381.571   408.905
 121.2187500     4.000     9.802    12.593    -0.004     0.000     0.000     0.000     0.000     0.000     0.000   383.267   410.249
 121.2187500     3.500     9.604    12.389    -0.003     0.000     0.000     0.000     0.000     0.000     0.000   384.628   411.482
 121.2187500     3.000     9.268    12.200    -0.002     0.000     0.000     0.000     0.000     0.000     0.000   385.708   412.572
 121.2187500     2.500     8.863    12.027    -0.002     0.000     0.000     0.000     0.000     0.000     0.000   386.550   413.492
 121.2187500     2.000     8.437    11.868    -0.001     0.000     0.000     0.000     0.000     0.000     0.000   387.185   414.225
 121.2187500     1.500     8.024    11.725    -0.001     0.000     0.000     0.000     0.000     0.000     0.000   387.635   414.763
 121.2187500     1.000     7.642    11.596    -0.001     0.000     0.000     0.000     0.000     0.000     0.000   387.921   415.108
 121.2187500     0.500     7.296    11.480    -0.000     0.000     0.000     0.000     0.000     0.000     0.000     0.000     0.000
 121.2395833    23.000   -49.335    22.878    -0.276     0.000     0.000     0.000     0.000     0.000     0.000     0.000     0.000
 121.2395833    22.500   -49.489    22.676    -0.276     0.000     0.000     0.000     0.000     0.000     0.000     0.000     0.000
 121.2395833    22.000   -49.643    22.474    -0.276     0.000     0.000     0.000     0.000     0.000     0.000     0.000     0.000
 121.2395833    21.500   -49.796    22.271    -0.276     0.000     0.000     0.000     0.000     0.000     0.000     0.000     0.000
 121.2395833    21.000   -49.948    22.068    -0.276     0.000     0.000     0.000     0.000     0.000     0.000     0.000     0.000
 121.2395833    20.500   -50.101    21.864    -0.276     0.000     0.000     0.000     0.000     0.000     0.000     0.000     0.000
 121.2395833    20.000   -50.252    21.660    -0.276     0.000     0.000     0.000     0.000     0.000     0.000     0.000     0.000
 121.2395833    19.500   -50.404    21.454    -0.276     0.000     0.000     0.000     0.000     0.000     0.000     0.000     0.000
 121.2395833    19.000   -50.554    21.249    -0.276     0.000     0.000     0.000     0.000     0.000     0.000     0.000     0.000
 121.2395833    18.500   -50.704    21.042    -0.276     0.000     0.000     0.000     0.000     0.000     0.000     0.000     0.000
 121.2395833    18.000   -50.854    20.835    -0.276     0.000     0.000     0.000     0.000     0.000     0.000     0.000     0.000
 121.2395833    17.500   -51.003    20.628    -0.276     0.000     0.000     0.000     0.000     0.000     0.000     0.000     0.000
 121.2395833    17.000   -51.151    20.420    -0.276     0.000     0.000     0.000     0.000     0.000     0.000     0.000     0.000
 121.2395833    16.500   -51.299    20.211    -0.276     0.000     0.000     0.000     0.000     0.000     0.000     0.000     0.000
 121.2395833    16.000   -51.446    20.002    -0.276     0.000     0.000     0.000     0.000     0.000     0.000     0.000     0.000
 121.2395833    15.500   -51.592    19.791    -0.276     0.000     0.000     0.000     0.000     0.000     0.000     0.000     0.000
 121.2395833    15.000   -51.738    19.581    -0.276     0.000     0.000     0.000     0.000     0.000     0.000     0.000     0.000
 121.2395833    14.500   -51.883    19.369    -0.276     0.000     0.000     0.000     0.000     0.000     0.000     0.000     0.000
 121.2395833    14.000   -52.027    19.157    -0.276     0.000     0.000     0.000     0.000     0.000     0.000     0.000     0.000
 121.2395833    13.500   -52.170    18.945    -0.276     0.000     0.000     0.000     0.000     0.000     0.000     0.000     0.000
 121.2395833    13.000   -52.312    18.731    -0.276     0.000     0.000     0.000     0.000     0.000     0.000     0.000     0.000
 121.2395833    12.500   -52.454    18.517    -0.276     0.000     0.000     0.000     0.000     0.000     0.000     0.000     0.000
 121.2395833    12.000   -52.594    18.302    -0.276     0.000     0.000     0.000     0.000     0.000     0.000     0.000     0.000
 121.2395833    11.500   -52.734    18.087    -0.276     0.000     0.000     0.000     0.000     0.000     0.000     0.000     0.000
 121.2395833    11.000   -52.872    17.871    -0.276     0.000     0.000     0.000     0.000     0.000     0.000     0.000     0.000
 121.2395833    10.500   -53.009    17.653    -0.276     0.000     0.000     0.000     0.000     0.000     0.000     0.000     0.000
 121.2395833    10.000   -53.145    17.435    -0.276     0.000     0.000     0.000     0.000     0.000     0.000   303.114   392.212
 121.2395833     9.500   -43.227    17.132    -0.206     0.000     0.000     0.000     0.000     0.000     0.000   313.709   392.820
 121.2395833     9.000   -31.632    16.797    -0.154     0.000     0.000     0.000     0.000     0.000     0.000   326.227   393.697
 121.2395833     8.500   -21.350    16.452    -0.115     0.000     0.000     0.000     0.000     0.000     0.000   337.541   394.691
 121.2395833     8.000   -12.908    16.103    -0.085     0.000     0.000     0.000     0.000     0.000     0.000   347.098   395.771
 121.2395833     7.500    -6.274    15.754    -0.064     0.000     0.000     0.000     0.000     0.000     0.000   354.929   396.929
 121.2395833     7.000    -1.232    15.407    -0.047     0.000     0.000     0.000     0.000     0.000     0.000   361.248   398.162
 121.2395833     6.500     2.481    15.064    -0.035     0.000     0.000     0.000     0.000     0.000     0.000   366.312   399.464
 121.2395833     6.000     5.114    14.726    -0.026     0.000     0.000     0.000     0.000     0.000     0.000   370.361   400.820
 121.2395833     5.500     6.892    14.395    -0.020     0.000     0.000     0.000     0.000     0.000     0.000   373.598   402.210
 121.2395833     5.000     8.007    14.069    -0.015     0.000     0.000     0.000     0.000     0.000     0.000   376.191   403.607
 121.2395833     4.500     8.624    13.749    -0.011     0.000     0.000     0.000     0.000     0.000     0.000   378.270   404.976
 121.2395833     4.000     8.879    13.434    -0.008     0.000     0.000     0.000     0.000     0.000     0.000   379.935   406.281
 121.2395833     3.500     8.885    13.125    -0.006     0.000     0.000     0.000     0.000     0.000     0.000   381.263   407.485
 121.2395833     3.000     8.735    12.820    -0.005     0.000     0.000     0.000     0.000     0.000     0.000   382.313   408.554
 121.2395833     2.500     8.496    12.517    -0.003     0.000     0.000     0.000     0.000     0.000     0.000   383.126   409.463
 121.2395833     2.000     8.221    12.216    -0.003     0.000     0.000     0.000     0.000     0.000     0.000   383.736   410.190
 121.2395833     1.500     7.945    11.914    -0.002     0.000     0.000     0.000     0.000     0.000     0.000   384.166   410.727
 121.2395833     1.000     7.689    11.610    -0.001     0.000     0.000     0.000     0.000     0.000     0.000   384.438   411.074
 121.2395833     0.500     7.459    11.300    -0.001     0.000     0.000     0.000     0.000     0.000     0.000     0.000     0.000
 121.2604167    23.000   -49.815    21.417    -0.287     0.000     0.000     0.000     0.000     0.000     0.000     0.000     0.000
 121.2604167    22.500   -49.994    21.218    -0.287     0.000     0.000     0.000     0.000     0.000     0.000     0.000     0.000
 121.2604167    22.000   -50.173    21.019    -0.287     0.000     0.000     0.000     0.000     0.000     0.000     0.000     0.000
 121.2604167    21.500   -50.350    20.820    -0.287     0.000     0.000     0.000     0.000     0.000     0.000     0.000     0.000
 121.2604167    21.000   -50.527    20.620    -0.287     0.000     0.000     0.000     0.000     0.000     0.000     0.000     0.000
 121.2604167    20.500   -50.702    20.421    -0.287     0.000     0.000     0.000     0.000     0.000     0.000     0.000     0.000
 121.2604167    20.000   -50.877    20.221    -0.287     0.000     0.000     0.000     0.000     0.000     0.000     0.000     0.000
 121.2604167    19.500   -51.051    20.022    -0.287     0.000     0.000     0.000     0.000     0.000     0.000     0.000     0.000
 121.2604167    19.000   -51.224    19.822    -0.287     0.000     0.000     0.000     0.000     0.000     0.000     0.000     0.000
 121.2604167    18.500   -51.396    19.622    -0.287     0.000     0.000     0.000     0.000     0.000     0.000     0.000     0.000
 121.2604167    18.000   -51.567    19.422    -0.287     0.000     0.000     0.000     0.000     0.000     0.000     0.000     0.000
 121.2604167    17.500   -51.738    19.222    -0.287     0.000     0.000     0.000     0.000     0.000     0.000     0.000     0.000
 121.2604167    17.000   -51.907    19.022    -0.287     0.000     0.000     0.000     0.000     0.000     0.000     0.000     0.000
 121.2604167    16.500   -52.076    18.822    -0.287     0.000     0.000     0.000     0.000     0.000     0.000     0.000     0.000
 121.2604167    16.000   -52.244    18.621    -0.287     0.000     0.000     0.000     0.000     0.000     0.000     0.000     0.000
 121.2604167    15.500   -52.411    18.421    -0.287     0.000     0.000     0.000     0.000     0.000     0.000     0.000     0.000
 121.2604167    15.000   -52.577    18.220    -0.287     0.000     0.000     0.000     0.000     0.000     0.000     0.000     0.000
 121.2604167    14.500   -52.742    18.020    -0.287     0.000     0.000     0.000     0.000     0.000     0.000     0.000     0.000
 121.2604167    14.000   -52.907    17.819    -0.287     0.000     0.000     0.000     0.000     0.000     0.000     0.000     0.000
 121.2604167    13.500   -53.071    17.618    -0.287     0.000     0.000     0.000     0.000     0.000     0.000     0.000     0.000
 121.2604167    13.000   -53.234    17.417    -0.287     0.000     0.000     0.000     0.000     0.000     0.000     0.000     0.000
 121.2604167    12.500   -53.396    17.216    -0.287     0.000     0.000     0.000     0.000     0.000     0.000     0.000     0.000
 121.2604167    12.000   -53.558    17.015    -0.287     0.000     0.000     0.000     0.000     0.000     0.000     0.000     0.000
 121.2604167    11.500   -53.718    16.814    -0.287     0.000     0.000     0.000     0.000     0.000     0.000     0.000     0.000
 121.2604167    11.000   -53.878    16.613    -0.287     0.000     0.000     0.000     0.000     0.000     0.000     0.000     0.000
 121.2604167    10.500   -54.037    16.411    -0.287     0.000     0.000     0.000     0.000     0.000     0.000     0.000     0.000
 121.2604167    10.000   -54.196    16.210    -0.287     0.000     0.000     0.000     0.000     0.000     0.000   302.929   390.673
 121.2604167     9.500   -44.408    15.922    -0.214     0.000     0.000     0.000     0.000     0.000     0.000   313.388   391.244
 121.2604167     9.000   -32.952    15.604    -0.160     0.000     0.000     0.000     0.000     0.000     0.000   325.742   392.064
 121.2604167     8.500   -22.782    15.276    -0.119     0.000     0.000     0.000     0.000     0.000     0.000   336.907   392.988
 121.2604167     8.000   -14.420    14.946    -0.089     0.000     0.000     0.000     0.000     0.000     0.000   346.336   393.986
 121.2604167     7.500    -7.831    14.617    -0.066     0.000     0.000     0.000     0.000     0.000     0.000   354.058   395.051
 121.2604167     7.000    -2.802    14.293    -0.049     0.000     0.000     0.000     0.000     0.000     0.000   360.287   396.181
 121.2604167     6.500     0.923    13.975    -0.037     0.000     0.000     0.000     0.000     0.000     0.000   365.274   397.370
 121.2604167     6.000     3.592    13.664    -0.028     0.000     0.000     0.000     0.000     0.000     0.000   369.257   398.608
 121.2604167     5.500     5.425    13.363    -0.021     0.000     0.000     0.000     0.000     0.000     0.000   372.439   399.875
 121.2604167     5.000     6.609    13.071    -0.015     0.000     0.000     0.000     0.000     0.000     0.000   374.983   401.148
 121.2604167     4.500     7.304    12.789    -0.011     0.000     0.000     0.000     0.000     0.000     0.000   377.019   402.395
 121.2604167     4.000     7.643    12.517    -0.009     0.000     0.000     0.000     0.000     0.000     0.000   378.647   403.584
 121.2604167     3.500     7.736    12.255    -0.006     0.000     0.000     0.000     0.000     0.000     0.000   379.942   404.682
 121.2604167     3.000     7.670    12.003    -0.005     0.000     0.000     0.000     0.000     0.000     0.000   380.964   405.657
 121.2604167     2.500     7.514    11.760    -0.004     0.000     0.000     0.000     0.000     0.000     0.000   381.754   406.486
 121.2604167     2.000     7.318    11.526    -0.003     0.000     0.000     0.000     0.000     0.000     0.000   382.345   407.150
 121.2604167     1.500     7.116    11.300    -0.002     0.000     0.000     0.000     0.000     0.000     0.000   382.761   407.640
 121.2604167     1.000     6.930    11.081    -0.001     0.000     0.000     0.000     0.000     0.000     0.000   383.024   407.956
 121.2604167     0.500     6.766    10.866    -0.001     0.000     0.000     0.000     0.000     0.000     0.000     0.000     0.000
 121.2812500    23.000   -40.332    20.532    -0.237     0.000     0.000     0.000     0.000     0.000     0.000     0.000     0.000
 121.2812500    22.500   -40.582    20.330    -0.237     0.000     0.000     0.000     0.000     0.000     0.000     0.000     0.000
 121.2812500    22.000   -40.834    20.128    -0.237     0.000     0.000     0.000     0.000     0.000     0.000     0.000     0.000
 121.2812500    21.500   -41.087    19.926    -0.237     0.000     0.000     0.000     0.000     0.000     0.000     0.000     0.000
 121.2812500    21.000   -41.341    19.725    -0.237     0.000     0.000     0.000     0.000     0.000     0.000     0.000     0.000
 121.2812500    20.500   -41.597    19.524    -0.237     0.000     0.000     0.000     0.000     0.000     0.000     0.000     0.000
 121.2812500    20.000   -41.853    19.323    -0.237     0.000     0.000     0.000     0.000     0.000     0.000     0.000     0.000
 121.2812500    19.500   -42.111    19.123    -0.237     0.000     0.000     0.000     0.000     0.000     0.000     0.000     0.000
 121.2812500    19.000   -42.371    18.923    -0.237     0.000     0.000     0.000     0.000     0.000     0.000     0.000     0.000
 121.2812500    18.500   -42.631    18.723    -0.237     0.000     0.000     0.000     0.000     0.000     0.000     0.000     0.000
 121.2812500    18.000   -42.893    18.524    -0.237     0.000     0.000     0.000     0.000     0.000     0.000     0.000     0.000
 121.2812500    17.500   -43.156    18.324    -0.237     0.000     0.000     0.000     0.000     0.000     0.000     0.000     0.000
 121.2812500    17.000   -43.420    18.126    -0.237     0.000     0.000     0.000     0.000     0.000     0.000     0.000     0.000
 121.2812500    16.500   -43.685    17.927    -0.237     0.000     0.000     0.000     0.000     0.000     0.000     0.000     0.000
 121.2812500    16.000   -43.952    17.729    -0.237     0.000     0.000     0.000     0.000     0.000     0.000     0.000     0.000
 121.2812500    15.500   -44.220    17.531    -0.237     0.000     0.000     0.000     0.000     0.000     0.000     0.000     0.000
 121.2812500    15.000   -44.489    17.333    -0.237     0.000     0.000     0.000     0.000     0.000     0.000     0.000     0.000
 121.2812500    14.500   -44.759    17.136    -0.237     0.000     0.000     0.000     0.000     0.000     0.000     0.000     0.000
 121.2812500    14.000   -45.031    16.939    -0.237     0.000     0.000     0.000     0.000     0.000     0.000     0.000     0.000
 121.2812500    13.500   -45.304    16.742    -0.237     0.000     0.000     0.000     0.000     0.000     0.000     0.000     0.000
 121.2812500    13.000   -45.578    16.546    -0.237     0.000     0.000     0.000     0.000     0.000     0.000     0.000     0.000
 121.2812500    12.500   -45.853    16.350    -0.237     0.000     0.000     0.000     0.000     0.000     0.000     0.000     0.000
 121.2812500    12.000   -46.130    16.154    -0.237     0.000     0.000     0.000     0.000     0.000     0.000     0.000     0.000
 121.2812500    11.500   -46.408    15.959    -0.237     0.000     0.000     0.000     0.000     0.000     0.000     0.000     0.000
 121.2812500    11.000   -46.687    15.763    -0.237     0.000     0.000     0.000     0.000     0.000     0.000     0.000     0.000
 121.2812500    10.500   -46.967    15.568    -0.237     0.000     0.000     0.000     0.000     0.000     0.000     0.000     0.000
 121.2812500    10.000   -47.249    15.374    -0.237     0.000     0.000     0.000     0.000     0.000     0.000   299.478   385.999
 121.2812500     9.500   -37.850    15.101    -0.177     0.000     0.000     0.000     0.000     0.000     0.000   309.748   386.611
 121.2812500     9.000   -26.850    14.799    -0.132     0.000     0.000     0.000     0.000     0.000     0.000   321.883   387.494
 121.2812500     8.500   -17.130    14.490    -0.098     0.000     0.000     0.000     0.000     0.000     0.000   332.856   388.497
 121.2812500     8.000    -9.198    14.179    -0.073     0.000     0.000     0.000     0.000     0.000     0.000   342.129   389.587
 121.2812500     7.500    -3.020    13.870    -0.054     0.000     0.000     0.000     0.000     0.000     0.000   349.731   390.757
 121.2812500     7.000     1.618    13.566    -0.041     0.000     0.000     0.000     0.000     0.000     0.000   355.869   392.003
 121.2812500     6.500     4.968    13.268    -0.030     0.000     0.000     0.000     0.000     0.000     0.000   360.792   393.318
 121.2812500     6.000     7.277    12.979    -0.022     0.000     0.000     0.000     0.000     0.000     0.000   364.731   394.688
 121.2812500     5.500     8.764    12.699    -0.017     0.000     0.000     0.000     0.000     0.000     0.000   367.885   396.091
 121.2812500     5.000     9.617    12.430    -0.012     0.000     0.000     0.000     0.000     0.000     0.000   370.413   397.500
 121.2812500     4.500     9.996    12.171    -0.009     0.000     0.000     0.000     0.000     0.000     0.000   372.443   398.880
 121.2812500     4.000    10.038    11.924    -0.007     0.000     0.000     0.000     0.000     0.000     0.000   374.072   400.194
 121.2812500     3.500     9.852    11.688    -0.005     0.000     0.000     0.000     0.000     0.000     0.000   375.373   401.405
 121.2812500     3.000     9.527    11.464    -0.004     0.000     0.000     0.000     0.000     0.000     0.000   376.402   402.480
 121.2812500     2.500     9.132    11.251    -0.003     0.000     0.000     0.000     0.000     0.000     0.000   377.201   403.393
 121.2812500     2.000     8.718    11.050    -0.002     0.000     0.000     0.000     0.000     0.000     0.000   377.800   404.124
 121.2812500     1.500     8.320    10.860    -0.002     0.000     0.000     0.000     0.000     0.000     0.000   378.224   404.663
 121.2812500     1.000     7.958    10.681    -0.001     0.000     0.000     0.000     0.000     0.000     0.000   378.492   405.010
 121.2812500     0.500     7.639    10.511    -0.001     0.000     0.000     0.000     0.000     0.000     0.000     0.000     0.000
 121.3020833    23.000   -50.980    17.525    -0.282     0.000     0.000     0.000     0.000     0.000     0.000     0.000     0.000
 121.3020833    22.500   -51.160    17.421    -0.282     0.000     0.000     0.000     0.000     0.000     0.000     0.000     0.000
 121.3020833    22.000   -51.338    17.316    -0.282     0.000     0.000     0.000     0.000     0.000     0.000     0.000     0.000
 121.3020833    21.500   -51.515    17.211    -0.282     0.000     0.000     0.000     0.000     0.000     0.000     0.000     0.000
 121.3020833    21.000   -51.691    17.104    -0.282     0.000     0.000     0.000     0.000     0.000     0.000     0.000     0.000
 121.3020833    20.500   -51.866    16.997    -0.282     0.000     0.000     0.000     0.000     0.000     0.000     0.000     0.000
 121.3020833    20.000   -52.039    16.888    -0.282     0.000     0.000     0.000     0.000     0.000     0.000     0.000     0.000
 121.3020833    19.500   -52.211    16.779    -0.282     0.000     0.000     0.000     0.000     0.000     0.000     0.000     0.000
 121.3020833    19.000   -52.382    16.669    -0.282     0.000     0.000     0.000     0.000     0.000     0.000     0.000     0.000
 121.3020833    18.500   -52.552    16.557    -0.282     0.000     0.000     0.000     0.000     0.000     0.000     0.000     0.000
 121.3020833    18.000   -52.720    16.445    -0.282     0.000     0.000     0.000     0.000     0.000     0.000     0.000     0.000
 121.3020833    17.500   -52.887    16.332    -0.282     0.000     0.000     0.000     0.000     0.000     0.000     0.000     0.000
 121.3020833    17.000   -53.052    16.218    -0.282     0.000     0.000     0.000     0.000     0.000     0.000     0.000     0.000
 121.3020833    16.500   -53.216    16.103    -0.282     0.000     0.000     0.000     0.000     0.000     0.000     0.000     0.000
 121.3020833    16.000   -53.379    15.987    -0.282     0.000     0.000     0.000     0.000     0.000     0.000     0.000     0.000
 121.3020833    15.500   -53.541    15.871    -0.282     0.000     0.000     0.000     0.000     0.000     0.000     0.000     0.000
 121.3020833    15.000   -53.701    15.753    -0.282     0.000     0.000     0.000     0.000     0.000     0.000     0.000     0.000
 121.3020833    14.500   -53.860    15.634    -0.282     0.000     0.000     0.000     0.000     0.000     0.000     0.000     0.000
 121.3020833    14.000   -54.018    15.515    -0.282     0.000     0.000     0.000     0.000     0.000     0.000     0.000     0.000
 121.3020833    13.500   -54.174    15.395    -0.282     0.000     0.000     0.000     0.000     0.000     0.000     0.000     0.000
 121.3020833    13.000   -54.329    15.273    -0.282     0.000     0.000     0.000     0.000     0.000     0.000     0.000     0.000
 121.3020833    12.500   -54.483    15.151    -0.282     0.000     0.000     0.000     0.000     0.000     0.000     0.000     0.000
 121.3020833    12.000   -54.635    15.028    -0.282     0.000     0.000     0.000     0.000     0.000     0.000     0.000     0.000
 121.3020833    11.500   -54.786    14.904    -0.282     0.000     0.000     0.000     0.000     0.000     0.000     0.000     0.000
 121.3020833    11.000   -54.936    14.779    -0.282     0.000     0.000     0.000     0.000     0.000     0.000     0.000     0.000
 121.3020833    10.500   -55.084    14.653    -0.282     0.000     0.000     0.000     0.000     0.000     0.000     0.000     0.000
 121.3020833    10.000   -55.230    14.526    -0.282     0.000     0.000     0.000     0.000     0.000     0.000   293.108   383.806
 121.3020833     9.500   -45.115    14.319    -0.210     0.000     0.000     0.000     0.000     0.000     0.000   303.912   384.403
 121.3020833     9.000   -33.284    14.082    -0.157     0.000     0.000     0.000     0.000     0.000     0.000   316.673   385.265
 121.3020833     8.500   -22.787    13.836    -0.117     0.000     0.000     0.000     0.000     0.000     0.000   328.206   386.238
 121.3020833     8.000   -14.161    13.585    -0.087     0.000     0.000     0.000     0.000     0.000     0.000   337.945   387.293
 121.3020833     7.500    -7.373    13.334    -0.065     0.000     0.000     0.000     0.000     0.000     0.000   345.921   388.423
 121.3020833     7.000    -2.200    13.086    -0.048     0.000     0.000     0.000     0.000     0.000     0.000   352.354   389.624
 121.3020833     6.500     1.622    12.842    -0.036     0.000     0.000     0.000     0.000     0.000     0.000   357.506   390.890
 121.3020833     6.000     4.351    12.602    -0.027     0.000     0.000     0.000     0.000     0.000     0.000   361.622   392.210
 121.3020833     5.500     6.213    12.369    -0.020     0.000     0.000     0.000     0.000     0.000     0.000   364.911   393.563
 121.3020833     5.000     7.404    12.141    -0.015     0.000     0.000     0.000     0.000     0.000     0.000   367.541   394.922
 121.3020833     4.500     8.090    11.920    -0.011     0.000     0.000     0.000     0.000     0.000     0.000   369.647   396.255
 121.3020833     4.000     8.409    11.705    -0.008     0.000     0.000     0.000     0.000     0.000     0.000   371.332   397.526
 121.3020833     3.500     8.475    11.496    -0.006     0.000     0.000     0.000     0.000     0.000     0.000   372.675   398.699
 121.3020833     3.000     8.381    11.292    -0.005     0.000     0.000     0.000     0.000     0.000     0.000   373.734   399.742
 121.3020833     2.500     8.197    11.093    -0.003     0.000     0.000     0.000     0.000     0.000     0.000   374.553   400.628
 121.3020833     2.000     7.974    10.898    -0.003     0.000     0.000     0.000     0.000     0.000     0.000   375.167   401.338
 121.3020833     1.500     7.750    10.704    -0.002     0.000     0.000     0.000     0.000     0.000     0.000   375.600   401.862
 121.3020833     1.000     7.543    10.512    -0.001     0.000     0.000     0.000     0.000     0.000     0.000   375.873   402.200
 121.3020833     0.500     7.363    10.318    -0.001     0.000     0.000     0.000     0.000     0.000     0.000     0.000     0.000
 121.3229167    23.000   -32.246     5.522    -0.273     0.000     0.000     0.000     0.000     0.000     0.000     0.000     0.000
 121.3229167    22.500   -32.697     5.640    -0.273     0.000     0.000     0.000     0.000     0.000     0.000     0.000     0.000
 121.3229167    22.000   -33.147     5.758    -0.273     0.000     0.000     0.000     0.000     0.000     0.000     0.000     0.000
 121.3229167    21.500   -33.597     5.875    -0.273     0.000     0.000     0.000     0.000     0.000     0.000     0.000     0.000
 121.3229167    21.000   -34.047     5.992    -0.273     0.000     0.000     0.000     0.000     0.000     0.000     0.000     0.000
 121.3229167    20.500   -34.497     6.109    -0.273     0.000     0.000     0.000     0.000     0.000     0.000     0.000     0.000
 121.3229167    20.000   -34.947     6.226    -0.273     0.000     0.000     0.000     0.000     0.000     0.000     0.000     0.000
 121.3229167    19.500   -35.396     6.342    -0.273     0.000     0.000     0.000     0.000     0.000     0.000     0.000     0.000
 121.3229167    19.000   -35.845     6.458    -0.273     0.000     0.000     0.000     0.000     0.000     0.000     0.000     0.000
 121.3229167    18.500   -36.294     6.574    -0.273     0.000     0.000     0.000     0.000     0.000     0.000     0.000     0.000
 121.3229167    18.000   -36.743     6.690    -0.273     0.000     0.000     0.000     0.000     0.000     0.000     0.000     0.000
 121.3229167    17.500   -37.192     6.806    -0.273     0.000     0.000     0.000     0.000     0.000     0.000     0.000     0.000
 121.3229167    17.000   -37.640     6.921    -0.273     0.000     0.000     0.000     0.000     0.000     0.000     0.000     0.000
 121.3229167    16.500   -38.088     7.036    -0.273     0.000     0.000     0.000     0.000     0.000     0.000     0.000     0.000
 121.3229167    16.000   -38.536     7.151    -0.273     0.000     0.000     0.000     0.000     0.000     0.000     0.000     0.000
 121.3229167    15.500   -38.984     7.266    -0.273     0.000     0.000     0.000     0.000     0.000     0.000     0.000     0.000
 121.3229167    15.000   -39.432     7.380    -0.273     0.000     0.000     0.000     0.000     0.000     0.000     0.000     0.000
 121.3229167    14.500   -39.879     7.495    -0.273     0.000     0.000     0.000     0.000     0.000     0.000     0.000     0.000
 121.3229167    14.000   -40.326     7.609    -0.273     0.000     0.000     0.000     0.000     0.000     0.000     0.000     0.000
 121.3229167    13.500   -40.774     7.723    -0.273     0.000     0.000     0.000     0.000     0.000     0.000     0.000     0.000
 121.3229167    13.000   -41.221     7.836    -0.273     0.000     0.000     0.000     0.000     0.000     0.000     0.000     0.000
 121.3229167    12.500   -41.667     7.950    -0.273     0.000     0.000     0.000     0.000     0.000     0.000     0.000     0.000
 121.3229167    12.000   -42.114     8.063    -0.273     0.000     0.000     0.000     0.000     0.000     0.000     0.000     0.000
 121.3229167    11.500   -42.561     8.176    -0.273     0.000     0.000     0.000     0.000     0.000     0.000     0.000     0.000
 121.3229167    11.000   -43.007     8.289    -0.273     0.000     0.000     0.000     0.000     0.000     0.000     0.000     0.000
 121.3229167    10.500   -43.454     8.402    -0.273     0.000     0.000     0.000     0.000     0.000     0.000     0.000     0.000
 121.3229167    10.000   -43.900     8.514    -0.273     0.000     0.000     0.000     0.000     0.000     0.000   289.895   378.965
 121.3229167     9.500   -34.450     8.559    -0.205     0.000     0.000     0.000     0.000     0.000     0.000   300.454   379.610
 121.3229167     9.000   -23.369     8.579    -0.153     0.000     0.000     0.000     0.000     0.000     0.000   312.933   380.541
 121.3229167     8.500   -13.611     8.590    -0.115     0.000     0.000     0.000     0.000     0.000     0.000   324.219   381.601
 121.3229167     8.000    -5.695     8.600    -0.086     0.000     0.000     0.000     0.000     0.000     0.000   333.756   382.757
 121.3229167     7.500     0.417     8.610    -0.064     0.000     0.000     0.000     0.000     0.000     0.000   341.575   384.001
 121.3229167     7.000     4.943     8.624    -0.048     0.000     0.000     0.000     0.000     0.000     0.000   347.890   385.330
 121.3229167     6.500     8.147     8.642    -0.036     0.000     0.000     0.000     0.000     0.000     0.000   352.954   386.736
 121.3229167     6.000    10.281     8.666    -0.027     0.000     0.000     0.000     0.000     0.000     0.000   357.006   388.204
 121.3229167     5.500    11.573     8.697    -0.020     0.000     0.000     0.000     0.000     0.000     0.000   360.251   389.712
 121.3229167     5.000    12.218     8.736    -0.015     0.000     0.000     0.000     0.000     0.000     0.000   362.852   391.229
 121.3229167     4.500    12.383     8.783    -0.011     0.000     0.000     0.000     0.000     0.000     0.000   364.941   392.718
 121.3229167     4.000    12.209     8.838    -0.009     0.000     0.000     0.000     0.000     0.000     0.000   366.616   394.139
 121.3229167     3.500    11.812     8.902    -0.006     0.000     0.000     0.000     0.000     0.000     0.000   367.954   395.451
 121.3229167     3.000    11.285     8.974    -0.005     0.000     0.000     0.000     0.000     0.000     0.000   369.012   396.619
 121.3229167     2.500    10.700     9.055    -0.004     0.000     0.000     0.000     0.000     0.000     0.000   369.833   397.612
 121.3229167     2.000    10.112     9.145    -0.003     0.000     0.000     0.000     0.000     0.000     0.000   370.448   398.409
 121.3229167     1.500     9.558     9.243    -0.002     0.000     0.000     0.000     0.000     0.000     0.000   370.882   398.998
 121.3229167     1.000     9.059     9.349    -0.001     0.000     0.000     0.000     0.000     0.000     0.000   371.157   399.378
 121.3229167     0.500     8.622     9.463    -0.001     0.000     0.000     0.000     0.000     0.000     0.000     0.000     0.000
 121.3437500    23.000   -17.378     0.796    -0.074     0.000     0.000     0.000     0.000     0.000     0.000     0.000     0.000
 121.3437500    22.500   -17.734     0.894    -0.074     0.000     0.000     0.000     0.000     0.000     0.000     0.000     0.000
 121.3437500    22.000   -18.102     0.992    -0.074     0.000     0.000     0.000     0.000     0.000     0.000     0.000     0.000
 121.3437500    21.500   -18.482     1.089    -0.074     0.000     0.000     0.000     0.000     0.000     0.000     0.000     0.000
 121.3437500    21.000   -18.875     1.188    -0.074     0.000     0.000     0.000     0.000     0.000     0.000     0.000     0.000
 121.3437500    20.500   -19.281     1.286    -0.074     0.000     0.000     0.000     0.000     0.000     0.000     0.000     0.000
 121.3437500    20.000   -19.699     1.385    -0.074     0.000     0.000     0.000     0.000     0.000     0.000     0.000     0.000
 121.3437500    19.500   -20.132     1.484    -0.074     0.000     0.000     0.000     0.000     0.000     0.000     0.000     0.000
 121.3437500    19.000   -20.578     1.583    -0.074     0.000     0.000     0.000     0.000     0.000     0.000     0.000     0.000
 121.3437500    18.500   -21.039     1.682    -0.074     0.000     0.000     0.000     0.000     0.000     0.000     0.000     0.000
 121.3437500    18.000   -21.515     1.782    -0.074     0.000     0.000     0.000     0.000     0.000     0.000     0.000     0.000
 121.3437500    17.500   -22.007     1.882    -0.074     0.000     0.000     0.000     0.000     0.000     0.000     0.000     0.000
 121.3437500    17.000   -22.515     1.982    -0.074     0.000     0.000     0.000     0.000     0.000     0.000     0.000     0.000
 121.3437500    16.500   -23.039     2.083    -0.074     0.000     0.000     0.000     0.000     0.000     0.000     0.000     0.000
 121.3437500    16.000   -23.581     2.183    -0.074     0.000     0.000     0.000     0.000     0.000     0.000     0.000     0.000
 121.3437500    15.500   -24.141     2.284    -0.074     0.000     0.000     0.000     0.000     0.000     0.000     0.000     0.000
 121.3437500    15.000   -24.720     2.386    -0.074     0.000     0.000     0.000     0.000     0.000     0.000     0.000     0.000
 121.3437500    14.500   -25.318     2.487    -0.074     0.000     0.000     0.000     0.000     0.000     0.000     0.000     0.000
 121.3437500    14.000   -25.938     2.589    -0.074     0.000     0.000     0.000     0.000     0.000     0.000     0.000     0.000
 121.3437500    13.500   -26.578     2.691    -0.074     0.000     0.000     0.000     0.000     0.000     0.000     0.000     0.000
 121.3437500    13.000   -27.242     2.793    -0.074     0.000     0.000     0.000     0.000     0.000     0.000     0.000     0.000
 121.3437500    12.500   -27.929     2.896    -0.074     0.000     0.000     0.000     0.000     0.000     0.000     0.000     0.000
 121.3437500    12.000   -28.641     2.999    -0.074     0.000     0.000     0.000     0.000     0.000     0.000     0.000     0.000
 121.3437500    11.500   -29.379     3.102    -0.074     0.000     0.000     0.000     0.000     0.000     0.000     0.000     0.000
 121.3437500    11.000   -30.145     3.205    -0.074     0.000     0.000     0.000     0.000     0.000     0.000     0.000     0.000
 121.3437500    10.500   -30.942     3.309    -0.074     0.000     0.000     0.000     0.000     0.000     0.000     0.000     0.000
 121.3437500    10.000   -31.773     3.413    -0.074     0.000     0.000     0.000     0.000     0.000     0.000   285.378   369.677
 121.3437500     9.500   -23.794     3.472    -0.053     0.000     0.000     0.000     0.000     0.000     0.000   295.192   370.492
 121.3437500     9.000   -14.559     3.516    -0.039     0.000     0.000     0.000     0.000     0.000     0.000   306.776   371.723
 121.3437500     8.500    -6.697     3.556    -0.028     0.000     0.000     0.000     0.000     0.000     0.000   317.260   373.178
 121.3437500     8.000    -0.624     3.595    -0.020     0.000     0.000     0.000     0.000     0.000     0.000   326.144   374.805
 121.3437500     7.500     3.755     3.635    -0.015     0.000     0.000     0.000     0.000     0.000     0.000   333.469   376.578
 121.3437500     7.000     6.697     3.679    -0.011     0.000     0.000     0.000     0.000     0.000     0.000   339.438   378.470
 121.3437500     6.500     8.494     3.727    -0.008     0.000     0.000     0.000     0.000     0.000     0.000   344.289   380.450
 121.3437500     6.000     9.420     3.782    -0.006     0.000     0.000     0.000     0.000     0.000     0.000   348.240   382.480
 121.3437500     5.500     9.715     3.845    -0.004     0.000     0.000     0.000     0.000     0.000     0.000   351.475   384.517
 121.3437500     5.000     9.582     3.918    -0.003     0.000     0.000     0.000     0.000     0.000     0.000   354.138   386.512
 121.3437500     4.500     9.181     4.003    -0.002     0.000     0.000     0.000     0.000     0.000     0.000   356.339   388.416
 121.3437500     4.000     8.636     4.104    -0.002     0.000     0.000     0.000     0.000     0.000     0.000   358.159   390.185
 121.3437500     3.500     8.037     4.225    -0.001     0.000     0.000     0.000     0.000     0.000     0.000   359.655   391.780
 121.3437500     3.000     7.455     4.374    -0.001     0.000     0.000     0.000     0.000     0.000     0.000   360.869   393.168
 121.3437500     2.500     6.943     4.560    -0.001     0.000     0.000     0.000     0.000     0.000     0.000   361.836   394.323
 121.3437500     2.000     6.543     4.805    -0.000     0.000     0.000     0.000     0.000     0.000     0.000   362.579   395.229
 121.3437500     1.500     6.293     5.151    -0.000     0.000     0.000     0.000     0.000     0.000     0.000   363.120   395.882
 121.3437500     1.000     6.250     5.685    -0.000     0.000     0.000     0.000     0.000     0.000     0.000   363.473   396.291
 121.3437500     0.500     6.491     6.558    -0.000     0.000     0.000     0.000     0.000     0.000     0.000     0.000     0.000
 121.3645833    23.000   -18.281     0.692    -0.011     0.000     0.000     0.000     0.000     0.000     0.000     0.000     0.000
 121.3645833    22.500   -18.494     0.689    -0.011     0.000     0.000     0.000     0.000     0.000     0.000     0.000     0.000
 121.3645833    22.000   -18.723     0.686    -0.011     0.000     0.000     0.000     0.000     0.000     0.000     0.000     0.000
 121.3645833    21.500   -18.967     0.685    -0.011     0.000     0.000     0.000     0.000     0.000     0.000     0.000     0.000
 121.3645833    21.000   -19.226     0.685    -0.011     0.000     0.000     0.000     0.000     0.000     0.000     0.000     0.000
 121.3645833    20.500   -19.500     0.686    -0.011     0.000     0.000     0.000     0.000     0.000     0.000     0.000     0.000
 121.3645833    20.000   -19.789     0.688    -0.011     0.000     0.000     0.000     0.000     0.000     0.000     0.000     0.000
 121.3645833    19.500   -20.094     0.691    -0.011     0.000     0.000     0.000     0.000     0.000     0.000     0.000     0.000
 121.3645833    19.000   -20.414     0.694    -0.011     0.000     0.000     0.000     0.000     0.000     0.000     0.000     0.000
 121.3645833    18.500   -20.750     0.699    -0.011     0.000     0.000     0.000     0.000     0.000     0.000     0.000     0.000
 121.3645833    18.000   -21.100     0.705    -0.011     0.000     0.000     0.000     0.000     0.000     0.000     0.000     0.000
 121.3645833    17.500   -21.465     0.712    -0.011     0.000     0.000     0.000     0.000     0.000     0.000     0.000     0.000
 121.3645833    17.000   -21.844     0.719    -0.011     0.000     0.000     0.000     0.000     0.000     0.000     0.000     0.000
 121.3645833    16.500   -22.238     0.728    -0.011     0.000     0.000     0.000     0.000     0.000     0.000     0.000     0.000
 121.3645833    16.000   -22.646     0.737    -0.011     0.000     0.000     0.000     0.000     0.000     0.000     0.000     0.000
 121.3645833    15.500   -23.067     0.747    -0.011     0.000     0.000     0.000     0.000     0.000     0.000     0.000     0.000
 121.3645833    15.000   -23.501     0.758    -0.011     0.000     0.000     0.000     0.000     0.000     0.000     0.000     0.000
 121.3645833    14.500   -23.948     0.770    -0.011     0.000     0.000     0.000     0.000     0.000     0.000     0.000     0.000
 121.3645833    14.000   -24.408     0.782    -0.011     0.000     0.000     0.000     0.000     0.000     0.000     0.000     0.000
 121.3645833    13.500   -24.879     0.795    -0.011     0.000     0.000     0.000     0.000     0.000     0.000     0.000     0.000
 121.3645833    13.000   -25.361     0.809    -0.011     0.000     0.000     0.000     0.000     0.000     0.000     0.000     0.000
 121.3645833    12.500   -25.853     0.824    -0.011     0.000     0.000     0.000     0.000     0.000     0.000     0.000     0.000
 121.3645833    12.000   -26.354     0.839    -0.011     0.000     0.000     0.000     0.000     0.000     0.000     0.000     0.000
 121.3645833    11.500   -26.865     0.856    -0.011     0.000     0.000     0.000     0.000     0.000     0.000     0.000     0.000
 121.3645833    11.000   -27.384     0.872    -0.011     0.000     0.000     0.000     0.000     0.000     0.000     0.000     0.000
 121.3645833    10.500   -27.910     0.890    -0.011     0.000     0.000     0.000     0.000     0.000     0.000     0.000     0.000
 121.3645833    10.000   -28.442     0.909    -0.011     0.000     0.000     0.000     0.000     0.000     0.000   277.618   357.195
 121.3645833     9.500   -21.073     0.907    -0.007     0.000     0.000     0.000     0.000     0.000     0.000   286.643   358.238
 121.3645833     9.000   -12.822     0.900    -0.004     0.000     0.000     0.000     0.000     0.000     0.000   297.228   359.924
 121.3645833     8.500    -6.042     0.892    -0.002     0.000     0.000     0.000     0.000     0.000     0.000   306.777   362.024
 121.3645833     8.000    -1.054     0.885    -0.002     0.000     0.000     0.000     0.000     0.000     0.000   314.880   364.458
 121.3645833     7.500     2.288     0.880    -0.001     0.000     0.000     0.000     0.000     0.000     0.000   321.611   367.158
 121.3645833     7.000     4.278     0.878    -0.001     0.000     0.000     0.000     0.000     0.000     0.000   327.183   370.046
 121.3645833     6.500     5.239     0.881    -0.000     0.000     0.000     0.000     0.000     0.000     0.000   331.829   373.038
 121.3645833     6.000     5.468     0.890    -0.000     0.000     0.000     0.000     0.000     0.000     0.000   335.748   376.043
 121.3645833     5.500     5.220     0.910    -0.000     0.000     0.000     0.000     0.000     0.000     0.000   339.100   378.974
 121.3645833     5.000     4.702     0.945    -0.000     0.000     0.000     0.000     0.000     0.000     0.000   341.997   381.746
 121.3645833     4.500     4.056     1.001    -0.000     0.000     0.000     0.000     0.000     0.000     0.000   344.511   384.298
 121.3645833     4.000     3.393     1.086    -0.000     0.000     0.000     0.000     0.000     0.000     0.000   346.690   386.579
 121.3645833     3.500     2.796     1.213    -0.000     0.000     0.000     0.000     0.000     0.000     0.000   348.566   388.552
 121.3645833     3.000     2.324     1.399    -0.000     0.000     0.000     0.000     0.000     0.000     0.000   350.159   390.191
 121.3645833     2.500     2.011     1.667    -0.000     0.000     0.000     0.000     0.000     0.000     0.000   351.482   391.489
 121.3645833     2.000     1.876     2.051    -0.000     0.000     0.000     0.000     0.000     0.000     0.000   352.543   392.452
 121.3645833     1.500     1.919     2.586    -0.000     0.000     0.000     0.000     0.000     0.000     0.000   353.350   393.098
 121.3645833     1.000     2.108     3.296    -0.000     0.000     0.000     0.000     0.000     0.000     0.000   353.908   393.462
 121.3645833     0.500     2.331     4.156    -0.000     0.000     0.000     0.000     0.000     0.000     0.000     0.000     0.000
 121.3854167    23.000   -35.291     5.910    -0.033     0.000     0.000     0.000     0.000     0.000     0.000     0.000     0.000
 121.3854167    22.500   -35.512     5.796    -0.033     0.000     0.000     0.000     0.000     0.000     0.000     0.000     0.000
 121.3854167    22.000   -35.725     5.686    -0.033     0.000     0.000     0.000     0.000     0.000     0.000     0.000     0.000
 121.3854167    21.500   -35.928     5.580    -0.033     0.000     0.000     0.000     0.000     0.000     0.000     0.000     0.000
 121.3854167    21.000   -36.123     5.478    -0.033     0.000     0.000     0.000     0.000     0.000     0.000     0.000     0.000
 121.3854167    20.500   -36.308     5.381    -0.033     0.000     0.000     0.000     0.000     0.000     0.000     0.000     0.000
 121.3854167    20.000   -36.483     5.287    -0.033     0.000     0.000     0.000     0.000     0.000     0.000     0.000     0.000
 121.3854167    19.500   -36.648     5.197    -0.033     0.000     0.000     0.000     0.000     0.000     0.000     0.000     0.000
 121.3854167    19.000   -36.803     5.111    -0.033     0.000     0.000     0.000     0.000     0.000     0.000     0.000     0.000
 121.3854167    18.500   -36.948     5.029    -0.033     0.000     0.000     0.000     0.000     0.000     0.000     0.000     0.000
 121.3854167    18.000   -37.081     4.950    -0.033     0.000     0.000     0.000     0.000     0.000     0.000     0.000     0.000
 121.3854167    17.500   -37.203     4.875    -0.033     0.000     0.000     0.000     0.000     0.000     0.000     0.000     0.000
 121.3854167    17.000   -37.313     4.804    -0.033     0.000     0.000     0.000     0.000     0.000     0.000     0.000     0.000
 121.3854167    16.500   -37.411     4.737    -0.033     0.000     0.000     0.000     0.000     0.000     0.000     0.000     0.000
 121.3854167    16.000   -37.496     4.673    -0.033     0.000     0.000     0.000     0.000     0.000     0.000     0.000     0.000
 121.3854167    15.500   -37.568     4.613    -0.033     0.000     0.000     0.000     0.000     0.000     0.000     0.000     0.000
 121.3854167    15.000   -37.627     4.556    -0.033     0.000     0.000     0.000     0.000     0.000     0.000     0.000     0.000
 121.3854167    14.500   -37.672     4.503    -0.033     0.000     0.000     0.000     0.000     0.000     0.000     0.000     0.000
 121.3854167    14.000   -37.702     4.453    -0.033     0.000     0.000     0.000     0.000     0.000     0.000     0.000     0.000
 121.3854167    13.500   -37.718     4.407    -0.033     0.000     0.000     0.000     0.000     0.000     0.000     0.000     0.000
 121.3854167    13.000   -37.719     4.364    -0.033     0.000     0.000     0.000     0.000     0.000     0.000     0.000     0.000
 121.3854167    12.500   -37.704     4.324    -0.033     0.000     0.000     0.000     0.000     0.000     0.000     0.000     0.000
 121.3854167    12.000   -37.674     4.288    -0.033     0.000     0.000     0.000     0.000     0.000     0.000     0.000     0.000
 121.3854167    11.500   -37.626     4.255    -0.033     0.000     0.000     0.000     0.000     0.000     0.000     0.000     0.000
 121.3854167    11.000   -37.562     4.225    -0.033     0.000     0.000     0.000     0.000     0.000     0.000     0.000     0.000
 121.3854167    10.500   -37.478     4.199    -0.033     0.000     0.000     0.000     0.000     0.000     0.000     0.000     0.000
 121.3854167    10.000   -37.375     4.177    -0.033     0.000     0.000     0.000     0.000     0.000     0.000   274.162   355.535
 121.3854167     9.500   -28.777     4.140    -0.020     0.000     0.000     0.000     0.000     0.000     0.000   283.507   356.470
 121.3854167     9.000   -19.076     4.102    -0.013     0.000     0.000     0.000     0.000     0.000     0.000   294.475   357.971
 121.3854167     8.500   -10.817     4.068    -0.008     0.000     0.000     0.000     0.000     0.000     0.000   304.351   359.847
 121.3854167     8.000    -4.402     4.041    -0.005     0.000     0.000     0.000     0.000     0.000     0.000   312.694   362.044
 121.3854167     7.500     0.262     4.022    -0.003     0.000     0.000     0.000     0.000     0.000     0.000   319.570   364.515
 121.3854167     7.000     3.435     4.014    -0.002     0.000     0.000     0.000     0.000     0.000     0.000   325.198   367.209
 121.3854167     6.500     5.412     4.017    -0.001     0.000     0.000     0.000     0.000     0.000     0.000   329.822   370.056
 121.3854167     6.000     6.479     4.036    -0.001     0.000     0.000     0.000     0.000     0.000     0.000   333.660   372.978
 121.3854167     5.500     6.891     4.072    -0.000     0.000     0.000     0.000     0.000     0.000     0.000   336.887   375.887
 121.3854167     5.000     6.861     4.129    -0.000     0.000     0.000     0.000     0.000     0.000     0.000   339.636   378.696
 121.3854167     4.500     6.549     4.209    -0.000     0.000     0.000     0.000     0.000     0.000     0.000   341.995   381.331
 121.3854167     4.000     6.091     4.315    -0.000     0.000     0.000     0.000     0.000     0.000     0.000   344.028   383.722
 121.3854167     3.500     5.588     4.448    -0.000     0.000     0.000     0.000     0.000     0.000     0.000   345.778   385.813
 121.3854167     3.000     5.117     4.605    -0.000     0.000     0.000     0.000     0.000     0.000     0.000   347.272   387.564
 121.3854167     2.500     4.722     4.776    -0.000     0.000     0.000     0.000     0.000     0.000     0.000   348.527   388.953
 121.3854167     2.000     4.413     4.938    -0.000     0.000     0.000     0.000     0.000     0.000     0.000   349.548   389.980
 121.3854167     1.500     4.159     5.048    -0.000     0.000     0.000     0.000     0.000     0.000     0.000   350.333   390.668
 121.3854167     1.000     3.897     5.027    -0.000     0.000     0.000     0.000     0.000     0.000     0.000   350.878   391.059
 121.3854167     0.500     3.534     4.780    -0.000     0.000     0.000     0.000     0.000     0.000     0.000     0.000     0.000
 121.4062500    23.000   -50.383    29.928    -0.232     0.000     0.000     0.000     0.000     0.000     0.000     0.000     0.000
 121.4062500    22.500   -50.544    29.708    -0.232     0.000     0.000     0.000     0.000     0.000     0.000     0.000     0.000
 121.4062500    22.000   -50.687    29.484    -0.232     0.000     0.000     0.000     0.000     0.000     0.000     0.000     0.000
 121.4062500    21.500   -50.811    29.255    -0.232     0.000     0.000     0.000     0.000     0.000     0.000     0.000     0.000
 121.4062500    21.000   -50.917    29.021    -0.232     0.000     0.000     0.000     0.000     0.000     0.000     0.000     0.000
 121.4062500    20.500   -51.004    28.783    -0.232     0.000     0.000     0.000     0.000     0.000     0.000     0.000     0.000
 121.4062500    20.000   -51.073    28.540    -0.232     0.000     0.000     0.000     0.000     0.000     0.000     0.000     0.000
 121.4062500    19.500   -51.123    28.292    -0.232     0.000     0.000     0.000     0.000     0.000     0.000     0.000     0.000
 121.4062500    19.000   -51.154    28.040    -0.232     0.000     0.000     0.000     0.000     0.000     0.000     0.000     0.000
 121.4062500    18.500   -51.167    27.784    -0.232     0.000     0.000     0.000     0.000     0.000     0.000     0.000     0.000
 121.4062500    18.000   -51.161    27.523    -0.232     0.000     0.000     0.000     0.000     0.000     0.000     0.000     0.000
 121.4062500    17.500   -51.136    27.258    -0.232     0.000     0.000     0.000     0.000     0.000     0.000     0.000     0.000
 121.4062500    17.000   -51.092    26.989    -0.232     0.000     0.000     0.000     0.000     0.000     0.000     0.000     0.000
 121.4062500    16.500   -51.029    26.716    -0.232     0.000     0.000     0.000     0.000     0.000     0.000     0.000     0.000
 121.4062500    16.000   -50.948    26.439    -0.232     0.000     0.000     0.000     0.000     0.000     0.000     0.000     0.000
 121.4062500    15.500   -50.848    26.158    -0.232     0.000     0.000     0.000     0.000     0.000     0.000     0.000     0.000
 121.4062500    15.000   -50.729    25.873    -0.232     0.000     0.000     0.000     0.000     0.000     0.000     0.000     0.000
 121.4062500    14.500   -50.592    25.584    -0.232     0.000     0.000     0.000     0.000     0.000     0.000     0.000     0.000
 121.4062500    14.000   -50.436    25.291    -0.232     0.000     0.000     0.000     0.000     0.000     0.000     0.000     0.000
 121.4062500    13.500   -50.261    24.994    -0.232     0.000     0.000     0.000     0.000     0.000     0.000     0.000     0.000
 121.4062500    13.000   -50.068    24.694    -0.232     0.000     0.000     0.000     0.000     0.000     0.000     0.000     0.000
 121.4062500    12.500   -49.857    24.390    -0.232     0.000     0.000     0.000     0.000     0.000     0.000     0.000     0.000
 121.4062500    12.000   -49.627    24.082    -0.232     0.000     0.000     0.000     0.000     0.000     0.000     0.000     0.000
 121.4062500    11.500   -49.378    23.770    -0.232     0.000     0.000     0.000     0.000     0.000     0.000     0.000     0.000
 121.4062500    11.000   -49.110    23.454    -0.232     0.000     0.000     0.000     0.000     0.000     0.000     0.000     0.000
 121.4062500    10.500   -48.822    23.134    -0.232     0.000     0.000     0.000     0.000     0.000     0.000     0.000     0.000
 121.4062500    10.000   -48.513    22.810    -0.232     0.000     0.000     0.000     0.000     0.000     0.000   271.507   362.076
 121.4062500     9.500   -38.168    22.444    -0.172     0.000     0.000     0.000     0.000     0.000     0.000   282.161   362.828
 121.4062500     9.000   -26.184    22.057    -0.127     0.000     0.000     0.000     0.000     0.000     0.000   294.743   363.940
 121.4062500     8.500   -15.561    21.658    -0.094     0.000     0.000     0.000     0.000     0.000     0.000   306.115   365.241
 121.4062500     8.000    -6.832    21.248    -0.070     0.000     0.000     0.000     0.000     0.000     0.000   315.726   366.698
 121.4062500     7.500     0.032    20.825    -0.052     0.000     0.000     0.000     0.000     0.000     0.000   323.608   368.299
 121.4062500     7.000     5.249    20.389    -0.038     0.000     0.000     0.000     0.000     0.000     0.000   329.981   370.036
 121.4062500     6.500     9.078    19.935    -0.028     0.000     0.000     0.000     0.000     0.000     0.000   335.105   371.893
 121.4062500     6.000    11.775    19.460    -0.021     0.000     0.000     0.000     0.000     0.000     0.000   339.222   373.844
 121.4062500     5.500    13.570    18.959    -0.016     0.000     0.000     0.000     0.000     0.000     0.000   342.537   375.852
 121.4062500     5.000    14.661    18.423    -0.012     0.000     0.000     0.000     0.000     0.000     0.000   345.215   377.870
 121.4062500     4.500    15.219    17.843    -0.009     0.000     0.000     0.000     0.000     0.000     0.000   347.387   379.846
 121.4062500     4.000    15.384    17.207    -0.006     0.000     0.000     0.000     0.000     0.000     0.000   349.150   381.725
 121.4062500     3.500    15.266    16.499    -0.005     0.000     0.000     0.000     0.000     0.000     0.000   350.575   383.453
 121.4062500     3.000    14.953    15.699    -0.004     0.000     0.000     0.000     0.000     0.000     0.000   351.718   384.982
 121.4062500     2.500    14.508    14.780    -0.003     0.000     0.000     0.000     0.000     0.000     0.000   352.618   386.273
 121.4062500     2.000    13.966    13.714    -0.002     0.000     0.000     0.000     0.000     0.000     0.000   353.306   387.299
 121.4062500     1.500    13.336    12.463    -0.001     0.000     0.000     0.000     0.000     0.000     0.000   353.801   388.049
 121.4062500     1.000    12.603    10.989    -0.001     0.000     0.000     0.000     0.000     0.000     0.000   354.119   388.528
 121.4062500     0.500    11.735     9.260    -0.001     0.000     0.000     0.000     0.000     0.000     0.000     0.000     0.000
 121.4270833    23.000   -37.292    13.578    -0.215     0.000     0.000     0.000     0.000     0.000     0.000     0.000     0.000
 121.4270833    22.500   -37.469    13.460    -0.215     0.000     0.000     0.000     0.000     0.000     0.000     0.000     0.000
 121.4270833    22.000   -37.648    13.342    -0.215     0.000     0.000     0.000     0.000     0.000     0.000     0.000     0.000
 121.4270833    21.500   -37.827    13.223    -0.215     0.000     0.000     0.000     0.000     0.000     0.000     0.000     0.000
 121.4270833    21.000   -38.008    13.105    -0.215     0.000     0.000     0.000     0.000     0.000     0.000     0.000     0.000
 121.4270833    20.500   -38.189    12.986    -0.215     0.000     0.000     0.000     0.000     0.000     0.000     0.000     0.000
 121.4270833    20.000   -38.371    12.867    -0.215     0.000     0.000     0.000     0.000     0.000     0.000     0.000     0.000
 121.4270833    19.500   -38.555    12.748    -0.215     0.000     0.000     0.000     0.000     0.000     0.000     0.000     0.000
 121.4270833    19.000   -38.739    12.629    -0.215     0.000     0.000     0.000     0.000     0.000     0.000     0.000     0.000
 121.4270833    18.500   -38.924    12.509    -0.215     0.000     0.000     0.000     0.000     0.000     0.000     0.000     0.000
 121.4270833    18.000   -39.110    12.390    -0.215     0.000     0.000     0.000     0.000     0.000     0.000     0.000     0.000
 121.4270833    17.500   -39.298    12.270    -0.215     0.000     0.000     0.000     0.000     0.000     0.000     0.000     0.000
 121.4270833    17.000   -39.486    12.150    -0.215     0.000     0.000     0.000     0.000     0.000     0.000     0.000     0.000
 121.4270833    16.500   -39.676    12.030    -0.215     0.000     0.000     0.000     0.000     0.000     0.000     0.000     0.000
 121.4270833    16.000   -39.866    11.910    -0.215     0.000     0.000     0.000     0.000     0.000     0.000     0.000     0.000
 121.4270833    15.500   -40.058    11.789    -0.215     0.000     0.000     0.000     0.000     0.000     0.000     0.000     0.000
 121.4270833    15.000   -40.251    11.669    -0.215     0.000     0.000     0.000     0.000     0.000     0.000     0.000     0.000
 121.4270833    14.500   -40.445    11.548    -0.215     0.000     0.000     0.000     0.000     0.000     0.000     0.000     0.000
 121.4270833    14.000   -40.640    11.427    -0.215     0.000     0.000     0.000     0.000     0.000     0.000     0.000     0.000
 121.4270833    13.500   -40.837    11.306    -0.215     0.000     0.000     0.000     0.000     0.000     0.000     0.000     0.000
 121.4270833    13.000   -41.035    11.185    -0.215     0.000     0.000     0.000     0.000     0.000     0.000     0.000     0.000
 121.4270833    12.500   -41.234    11.064    -0.215     0.000     0.000     0.000     0.000     0.000     0.000     0.000     0.000
 121.4270833    12.000   -41.435    10.942    -0.215     0.000     0.000     0.000     0.000     0.000     0.000     0.000     0.000
 121.4270833    11.500   -41.637    10.821    -0.215     0.000     0.000     0.000     0.000     0.000     0.000     0.000     0.000
 121.4270833    11.000   -41.841    10.699    -0.215     0.000     0.000     0.000     0.000     0.000     0.000     0.000     0.000
 121.4270833    10.500   -42.046    10.577    -0.215     0.000     0.000     0.000     0.000     0.000     0.000     0.000     0.000
 121.4270833    10.000   -42.254    10.456    -0.215     0.000     0.000     0.000     0.000     0.000     0.000   269.942   360.390
 121.4270833     9.500   -32.568    10.295    -0.160     0.000     0.000     0.000     0.000     0.000     0.000   280.587   361.134
 121.4270833     9.000   -21.293    10.120    -0.119     0.000     0.000     0.000     0.000     0.000     0.000   293.169   362.223
 121.4270833     8.500   -11.393     9.941    -0.089     0.000     0.000     0.000     0.000     0.000     0.000   304.549   363.484
 121.4270833     8.000    -3.388     9.760    -0.066     0.000     0.000     0.000     0.000     0.000     0.000   314.172   364.882
 121.4270833     7.500     2.764     9.579    -0.049     0.000     0.000     0.000     0.000     0.000     0.000   322.068   366.409
 121.4270833     7.000     7.286     9.400    -0.036     0.000     0.000     0.000     0.000     0.000     0.000   328.453   368.057
 121.4270833     6.500    10.448     9.223    -0.027     0.000     0.000     0.000     0.000     0.000     0.000   333.585   369.815
 121.4270833     6.000    12.513     9.051    -0.020     0.000     0.000     0.000     0.000     0.000     0.000   337.703   371.660
 121.4270833     5.500    13.718     8.882    -0.015     0.000     0.000     0.000     0.000     0.000     0.000   341.013   373.561
 121.4270833     5.000    14.269     8.719    -0.011     0.000     0.000     0.000     0.000     0.000     0.000   343.679   375.477
 121.4270833     4.500    14.347     8.561    -0.008     0.000     0.000     0.000     0.000     0.000     0.000   345.832   377.358
 121.4270833     4.000    14.102     8.409    -0.006     0.000     0.000     0.000     0.000     0.000     0.000   347.570   379.153
 121.4270833     3.500    13.656     8.263    -0.005     0.000     0.000     0.000     0.000     0.000     0.000   348.966   380.812
 121.4270833     3.000    13.114     8.125    -0.003     0.000     0.000     0.000     0.000     0.000     0.000   350.077   382.289
 121.4270833     2.500    12.556     7.994    -0.003     0.000     0.000     0.000     0.000     0.000     0.000   350.944   383.544
 121.4270833     2.000    12.044     7.871    -0.002     0.000     0.000     0.000     0.000     0.000     0.000   351.599   384.550
 121.4270833     1.500    11.614     7.757    -0.001     0.000     0.000     0.000     0.000     0.000     0.000   352.065   385.291
 121.4270833     1.000    11.288     7.653    -0.001     0.000     0.000     0.000     0.000     0.000     0.000   352.361   385.770
 121.4270833     0.500    11.068     7.559    -0.001     0.000     0.000     0.000     0.000     0.000     0.000     0.000     0.000
 121.4479167    23.000   -24.410     5.386    -0.051     0.000     0.000     0.000     0.000     0.000     0.000     0.000     0.000
 121.4479167    22.500   -24.478     5.269    -0.051     0.000     0.000     0.000     0.000     0.000     0.000     0.000     0.000
 121.4479167    22.000   -24.567     5.157    -0.051     0.000     0.000     0.000     0.000     0.000     0.000     0.000     0.000
 121.4479167    21.500   -24.678     5.049    -0.051     0.000     0.000     0.000     0.000     0.000     0.000     0.000     0.000
 121.4479167    21.000   -24.809     4.946    -0.051     0.000     0.000     0.000     0.000     0.000     0.000     0.000     0.000
 121.4479167    20.500   -24.962     4.847    -0.051     0.000     0.000     0.000     0.000     0.000     0.000     0.000     0.000
 121.4479167    20.000   -25.136     4.752    -0.051     0.000     0.000     0.000     0.000     0.000     0.000     0.000     0.000
 121.4479167    19.500   -25.332     4.661    -0.051     0.000     0.000     0.000     0.000     0.000     0.000     0.000     0.000
 121.4479167    19.000   -25.549     4.574    -0.051     0.000     0.000     0.000     0.000     0.000     0.000     0.000     0.000
 121.4479167    18.500   -25.787     4.490    -0.051     0.000     0.000     0.000     0.000     0.000     0.000     0.000     0.000
 121.4479167    18.000   -26.047     4.410    -0.051     0.000     0.000     0.000     0.000     0.000     0.000     0.000     0.000
 121.4479167    17.500   -26.329     4.333    -0.051     0.000     0.000     0.000     0.000     0.000     0.000     0.000     0.000
 121.4479167    17.000   -26.632     4.259    -0.051     0.000     0.000     0.000     0.000     0.000     0.000     0.000     0.000
 121.4479167    16.500   -26.957     4.188    -0.051     0.000     0.000     0.000     0.000     0.000     0.000     0.000     0.000
 121.4479167    16.000   -27.304     4.121    -0.051     0.000     0.000     0.000     0.000     0.000     0.000     0.000     0.000
 121.4479167    15.500   -27.674     4.055    -0.051     0.000     0.000     0.000     0.000     0.000     0.000     0.000     0.000
 121.4479167    15.000   -28.066     3.992    -0.051     0.000     0.000     0.000     0.000     0.000     0.000     0.000     0.000
 121.4479167    14.500   -28.481     3.932    -0.051     0.000     0.000     0.000     0.000     0.000     0.000     0.000     0.000
 121.4479167    14.000   -28.918     3.874    -0.051     0.000     0.000     0.000     0.000     0.000     0.000     0.000     0.000
 121.4479167    13.500   -29.379     3.818    -0.051     0.000     0.000     0.000     0.000     0.000     0.000     0.000     0.000
 121.4479167    13.000   -29.863     3.764    -0.051     0.000     0.000     0.000     0.000     0.000     0.000     0.000     0.000
 121.4479167    12.500   -30.370     3.711    -0.051     0.000     0.000     0.000     0.000     0.000     0.000     0.000     0.000
 121.4479167    12.000   -30.902     3.660    -0.051     0.000     0.000     0.000     0.000     0.000     0.000     0.000     0.000
 121.4479167    11.500   -31.459     3.611    -0.051     0.000     0.000     0.000     0.000     0.000     0.000     0.000     0.000
 121.4479167    11.000   -32.041     3.564    -0.051     0.000     0.000     0.000     0.000     0.000     0.000     0.000     0.000
 121.4479167    10.500   -32.650     3.517    -0.051     0.000     0.000     0.000     0.000     0.000     0.000     0.000     0.000
 121.4479167    10.000   -33.288     3.472    -0.051     0.000     0.000     0.000     0.000     0.000     0.000   269.003   353.566
 121.4479167     9.500   -25.121     3.402    -0.035     0.000     0.000     0.000     0.000     0.000     0.000   278.812   354.426
 121.4479167     9.000   -15.752     3.324    -0.024     0.000     0.000     0.000     0.000     0.000     0.000   290.370   355.751
 121.4479167     8.500    -7.818     3.245    -0.017     0.000     0.000     0.000     0.000     0.000     0.000   300.813   357.349
 121.4479167     8.000    -1.732     3.168    -0.012     0.000     0.000     0.000     0.000     0.000     0.000   309.654   359.169
 121.4479167     7.500     2.608     3.094    -0.008     0.000     0.000     0.000     0.000     0.000     0.000   316.939   361.178
 121.4479167     7.000     5.468     3.025    -0.006     0.000     0.000     0.000     0.000     0.000     0.000   322.880   363.343
 121.4479167     6.500     7.153     2.962    -0.004     0.000     0.000     0.000     0.000     0.000     0.000   327.722   365.620
 121.4479167     6.000     7.954     2.907    -0.003     0.000     0.000     0.000     0.000     0.000     0.000   331.684   367.960
 121.4479167     5.500     8.127     2.862    -0.002     0.000     0.000     0.000     0.000     0.000     0.000   334.951   370.305
 121.4479167     5.000     7.889     2.829    -0.001     0.000     0.000     0.000     0.000     0.000     0.000   337.666   372.595
 121.4479167     4.500     7.412     2.812    -0.001     0.000     0.000     0.000     0.000     0.000     0.000   339.935   374.770
 121.4479167     4.000     6.826     2.815    -0.001     0.000     0.000     0.000     0.000     0.000     0.000   341.832   376.780
 121.4479167     3.500     6.232     2.844    -0.001     0.000     0.000     0.000     0.000     0.000     0.000   343.409   378.580
 121.4479167     3.000     5.707     2.907    -0.000     0.000     0.000     0.000     0.000     0.000     0.000   344.707   380.134
 121.4479167     2.500     5.307     3.018    -0.000     0.000     0.000     0.000     0.000     0.000     0.000   345.754   381.415
 121.4479167     2.000     5.077     3.202    -0.000     0.000     0.000     0.000     0.000     0.000     0.000   346.571   382.409
 121.4479167     1.500     5.053     3.497    -0.000     0.000     0.000     0.000     0.000     0.000     0.000   347.175   383.115
 121.4479167     1.000     5.278     3.975    -0.000     0.000     0.000     0.000     0.000     0.000     0.000   347.577   383.549
 121.4479167     0.500     5.819     4.764    -0.000     0.000     0.000     0.000     0.000     0.000     0.000     0.000     0.000
 121.4687500    23.000   -57.868    20.847    -0.138     0.000     0.000     0.000     0.000     0.000     0.000     0.000     0.000
 121.4687500    22.500   -57.865    20.661    -0.138     0.000     0.000     0.000     0.000     0.000     0.000     0.000     0.000
 121.4687500    22.000   -57.841    20.470    -0.138     0.000     0.000     0.000     0.000     0.000     0.000     0.000     0.000
 121.4687500    21.500   -57.796    20.276    -0.138     0.000     0.000     0.000     0.000     0.000     0.000     0.000     0.000
 121.4687500    21.000   -57.730    20.077    -0.138     0.000     0.000     0.000     0.000     0.000     0.000     0.000     0.000
 121.4687500    20.500   -57.641    19.875    -0.138     0.000     0.000     0.000     0.000     0.000     0.000     0.000     0.000
 121.4687500    20.000   -57.532    19.669    -0.138     0.000     0.000     0.000     0.000     0.000     0.000     0.000     0.000
 121.4687500    19.500   -57.401    19.460    -0.138     0.000     0.000     0.000     0.000     0.000     0.000     0.000     0.000
 121.4687500    19.000   -57.248    19.248    -0.138     0.000     0.000     0.000     0.000     0.000     0.000     0.000     0.000
 121.4687500    18.500   -57.074    19.032    -0.138     0.000     0.000     0.000     0.000     0.000     0.000     0.000     0.000
 121.4687500    18.000   -56.878    18.814    -0.138     0.000     0.000     0.000     0.000     0.000     0.000     0.000     0.000
 121.4687500    17.500   -56.659    18.593    -0.138     0.000     0.000     0.000     0.000     0.000     0.000     0.000     0.000
 121.4687500    17.000   -56.419    18.370    -0.138     0.000     0.000     0.000     0.000     0.000     0.000     0.000     0.000
 121.4687500    16.500   -56.157    18.144    -0.138     0.000     0.000     0.000     0.000     0.000     0.000     0.000     0.000
 121.4687500    16.000   -55.873    17.916    -0.138     0.000     0.000     0.000     0.000     0.000     0.000     0.000     0.000
 121.4687500    15.500   -55.565    17.686    -0.138     0.000     0.000     0.000     0.000     0.000     0.000     0.000     0.000
 121.4687500    15.000   -55.235    17.454    -0.138     0.000     0.000     0.000     0.000     0.000     0.000     0.000     0.000
 121.4687500    14.500   -54.883    17.220    -0.138     0.000     0.000     0.000     0.000     0.000     0.000     0.000     0.000
 121.4687500    14.000   -54.506    16.985    -0.138     0.000     0.000     0.000     0.000     0.000     0.000     0.000     0.000
 121.4687500    13.500   -54.107    16.748    -0.138     0.000     0.000     0.000     0.000     0.000     0.000     0.000     0.000
 121.4687500    13.000   -53.683    16.510    -0.138     0.000     0.000     0.000     0.000     0.000     0.000     0.000     0.000
 121.4687500    12.500   -53.236    16.271    -0.138     0.000     0.000     0.000     0.000     0.000     0.000     0.000     0.000
 121.4687500    12.000   -52.764    16.032    -0.138     0.000     0.000     0.000     0.000     0.000     0.000     0.000     0.000
 121.4687500    11.500   -52.266    15.791    -0.138     0.000     0.000     0.000     0.000     0.000     0.000     0.000     0.000
 121.4687500    11.000   -51.743    15.549    -0.138     0.000     0.000     0.000     0.000     0.000     0.000     0.000     0.000
 121.4687500    10.500   -51.192    15.307    -0.138     0.000     0.000     0.000     0.000     0.000     0.000     0.000     0.000
 121.4687500    10.000   -50.611    15.065    -0.138     0.000     0.000     0.000     0.000     0.000     0.000   268.068   353.438
 121.4687500     9.500   -40.597    14.789    -0.099     0.000     0.000     0.000     0.000     0.000     0.000   278.062   354.200
 121.4687500     9.000   -29.122    14.502    -0.071     0.000     0.000     0.000     0.000     0.000     0.000   289.832   355.377
 121.4687500     8.500   -19.002    14.209    -0.051     0.000     0.000     0.000     0.000     0.000     0.000   300.445   356.804
 121.4687500     8.000   -10.726    13.914    -0.037     0.000     0.000     0.000     0.000     0.000     0.000   309.402   358.442
 121.4687500     7.500    -4.250    13.617    -0.027     0.000     0.000     0.000     0.000     0.000     0.000   316.749   360.270
 121.4687500     7.000     0.644    13.319    -0.019     0.000     0.000     0.000     0.000     0.000     0.000   322.706   362.264
 121.4687500     6.500     4.221    13.018    -0.014     0.000     0.000     0.000     0.000     0.000     0.000   327.523   364.390
 121.4687500     6.000     6.734    12.715    -0.010     0.000     0.000     0.000     0.000     0.000     0.000   331.430   366.604
 121.4687500     5.500     8.415    12.408    -0.007     0.000     0.000     0.000     0.000     0.000     0.000   334.621   368.851
 121.4687500     5.000     9.463    12.096    -0.005     0.000     0.000     0.000     0.000     0.000     0.000   337.248   371.070
 121.4687500     4.500    10.043    11.776    -0.004     0.000     0.000     0.000     0.000     0.000     0.000   339.424   373.200
 121.4687500     4.000    10.292    11.445    -0.003     0.000     0.000     0.000     0.000     0.000     0.000   341.233   375.182
 121.4687500     3.500    10.318    11.098    -0.002     0.000     0.000     0.000     0.000     0.000     0.000   342.734   376.966
 121.4687500     3.000    10.206    10.725    -0.002     0.000     0.000     0.000     0.000     0.000     0.000   343.972   378.506
 121.4687500     2.500    10.013    10.313    -0.001     0.000     0.000     0.000     0.000     0.000     0.000   344.975   379.773
 121.4687500     2.000     9.769     9.837    -0.001     0.000     0.000     0.000     0.000     0.000     0.000   345.765   380.751
 121.4687500     1.500     9.462     9.256    -0.001     0.000     0.000     0.000     0.000     0.000     0.000   346.353   381.442
 121.4687500     1.000     9.035     8.496    -0.000     0.000     0.000     0.000     0.000     0.000     0.000   346.747   381.863
 121.4687500     0.500     8.365     7.427    -0.000     0.000     0.000     0.000     0.000     0.000     0.000     0.000     0.000
 121.4895833    23.000   -43.988    12.502    -0.305     0.000     0.000     0.000     0.000     0.000     0.000     0.000     0.000
 121.4895833    22.500   -44.111    12.435    -0.305     0.000     0.000     0.000     0.000     0.000     0.000     0.000     0.000
 121.4895833    22.000   -44.234    12.368    -0.305     0.000     0.000     0.000     0.000     0.000     0.000     0.000     0.000
 121.4895833    21.500   -44.356    12.299    -0.305     0.000     0.000     0.000     0.000     0.000     0.000     0.000     0.000
 121.4895833    21.000   -44.477    12.230    -0.305     0.000     0.000     0.000     0.000     0.000     0.000     0.000     0.000
 121.4895833    20.500   -44.598    12.160    -0.305     0.000     0.000     0.000     0.000     0.000     0.000     0.000     0.000
 121.4895833    20.000   -44.718    12.089    -0.305     0.000     0.000     0.000     0.000     0.000     0.000     0.000     0.000
 121.4895833    19.500   -44.837    12.017    -0.305     0.000     0.000     0.000     0.000     0.000     0.000     0.000     0.000
 121.4895833    19.000   -44.956    11.944    -0.305     0.000     0.000     0.000     0.000     0.000     0.000     0.000     0.000
 121.4895833    18.500   -45.074    11.870    -0.305     0.000     0.000     0.000     0.000     0.000     0.000     0.000     0.000
 121.4895833    18.000   -45.192    11.795    -0.305     0.000     0.000     0.000     0.000     0.000     0.000     0.000     0.000
 121.4895833    17.500   -45.309    11.720    -0.305     0.000     0.000     0.000     0.000     0.000     0.000     0.000     0.000
 121.4895833    17.000   -45.425    11.643    -0.305     0.000     0.000     0.000     0.000     0.000     0.000     0.000     0.000
 121.4895833    16.500   -45.540    11.565    -0.305     0.000     0.000     0.000     0.000     0.000     0.000     0.000     0.000
 121.4895833    16.000   -45.655    11.486    -0.305     0.000     0.000     0.000     0.000     0.000     0.000     0.000     0.000
 121.4895833    15.500   -45.769    11.406    -0.305     0.000     0.000     0.000     0.000     0.000     0.000     0.000     0.000
 121.4895833    15.000   -45.882    11.326    -0.305     0.000     0.000     0.000     0.000     0.000     0.000     0.000     0.000
 121.4895833    14.500   -45.994    11.244    -0.305     0.000     0.000     0.000     0.000     0.000     0.000     0.000     0.000
 121.4895833    14.000   -46.106    11.161    -0.305     0.000     0.000     0.000     0.000     0.000     0.000     0.000     0.000
 121.4895833    13.500   -46.217    11.077    -0.305     0.000     0.000     0.000     0.000     0.000     0.000     0.000     0.000
 121.4895833    13.000   -46.327    10.991    -0.305     0.000     0.000     0.000     0.000     0.000     0.000     0.000     0.000
 121.4895833    12.500   -46.436    10.905    -0.305     0.000     0.000     0.000     0.000     0.000     0.000     0.000     0.000
 121.4895833    12.000   -46.544    10.818    -0.305     0.000     0.000     0.000     0.000     0.000     0.000     0.000     0.000
 121.4895833    11.500   -46.651    10.729    -0.305     0.000     0.000     0.000     0.000     0.000     0.000     0.000     0.000
 121.4895833    11.000   -46.757    10.639    -0.305     0.000     0.000     0.000     0.000     0.000     0.000     0.000     0.000
 121.4895833    10.500   -46.863    10.548    -0.305     0.000     0.000     0.000     0.000     0.000     0.000     0.000     0.000
 121.4895833    10.000   -46.967    10.456    -0.305     0.000     0.000     0.000     0.000     0.000     0.000   266.703   357.055
 121.4895833     9.500   -37.037    10.320    -0.228     0.000     0.000     0.000     0.000     0.000     0.000   277.391   357.737
 121.4895833     9.000   -25.469    10.167    -0.171     0.000     0.000     0.000     0.000     0.000     0.000   290.018   358.730
 121.4895833     8.500   -15.262    10.007    -0.128     0.000     0.000     0.000     0.000     0.000     0.000   301.432   359.875
 121.4895833     8.000    -6.947     9.844    -0.096     0.000     0.000     0.000     0.000     0.000     0.000   311.073   361.141
 121.4895833     7.500    -0.487     9.678    -0.072     0.000     0.000     0.000     0.000     0.000     0.000   318.973   362.522
 121.4895833     7.000     4.340     9.512    -0.054     0.000     0.000     0.000     0.000     0.000     0.000   325.350   364.012
 121.4895833     6.500     7.802     9.346    -0.040     0.000     0.000     0.000     0.000     0.000     0.000   330.464   365.602
 121.4895833     6.000    10.158     9.181    -0.030     0.000     0.000     0.000     0.000     0.000     0.000   334.557   367.275
 121.4895833     5.500    11.641     9.016    -0.022     0.000     0.000     0.000     0.000     0.000     0.000   337.835   369.003
 121.4895833     5.000    12.455     8.852    -0.017     0.000     0.000     0.000     0.000     0.000     0.000   340.465   370.749
 121.4895833     4.500    12.774     8.688    -0.013     0.000     0.000     0.000     0.000     0.000     0.000   342.578   372.469
 121.4895833     4.000    12.748     8.525    -0.009     0.000     0.000     0.000     0.000     0.000     0.000   344.276   374.114
 121.4895833     3.500    12.498     8.361    -0.007     0.000     0.000     0.000     0.000     0.000     0.000   345.634   375.639
 121.4895833     3.000    12.123     8.197    -0.005     0.000     0.000     0.000     0.000     0.000     0.000   346.709   377.000
 121.4895833     2.500    11.705     8.032    -0.004     0.000     0.000     0.000     0.000     0.000     0.000   347.544   378.160
 121.4895833     2.000    11.302     7.866    -0.003     0.000     0.000     0.000     0.000     0.000     0.000   348.171   379.092
 121.4895833     1.500    10.953     7.698    -0.002     0.000     0.000     0.000     0.000     0.000     0.000   348.615   379.781
 121.4895833     1.000    10.679     7.528    -0.002     0.000     0.000     0.000     0.000     0.000     0.000   348.895   380.226
 121.4895833     0.500    10.483     7.356    -0.001     0.000     0.000     0.000     0.000     0.000     0.000     0.000     0.000
 121.5104167    23.000   -48.687     9.160    -0.348     0.000     0.000     0.000     0.000     0.000     0.000     0.000     0.000
 121.5104167    22.500   -48.737     9.126    -0.348     0.000     0.000     0.000     0.000     0.000     0.000     0.000     0.000
 121.5104167    22.000   -48.787     9.093    -0.348     0.000     0.000     0.000     0.000     0.000     0.000     0.000     0.000
 121.5104167    21.500   -48.837     9.060    -0.348     0.000     0.000     0.000     0.000     0.000     0.000     0.000     0.000
 121.5104167    21.000   -48.887     9.027    -0.348     0.000     0.000     0.000     0.000     0.000     0.000     0.000     0.000
 121.5104167    20.500   -48.937     8.994    -0.348     0.000     0.000     0.000     0.000     0.000     0.000     0.000     0.000
 121.5104167    20.000   -48.987     8.961    -0.348     0.000     0.000     0.000     0.000     0.000     0.000     0.000     0.000
 121.5104167    19.500   -49.037     8.928    -0.348     0.000     0.000     0.000     0.000     0.000     0.000     0.000     0.000
 121.5104167    19.000   -49.087     8.895    -0.348     0.000     0.000     0.000     0.000     0.000     0.000     0.000     0.000
 121.5104167    18.500   -49.137     8.862    -0.348     0.000     0.000     0.000     0.000     0.000     0.000     0.000     0.000
 121.5104167    18.000   -49.188     8.830    -0.348     0.000     0.000     0.000     0.000     0.000     0.000     0.000     0.000
 121.5104167    17.500   -49.238     8.797    -0.348     0.000     0.000     0.000     0.000     0.000     0.000     0.000     0.000
 121.5104167    17.000   -49.288     8.765    -0.348     0.000     0.000     0.000     0.000     0.000     0.000     0.000     0.000
 121.5104167    16.500   -49.339     8.733    -0.348     0.000     0.000     0.000     0.000     0.000     0.000     0.000     0.000
 121.5104167    16.000   -49.389     8.701    -0.348     0.000     0.000     0.000     0.000     0.000     0.000     0.000     0.000
 121.5104167    15.500   -49.440     8.668    -0.348     0.000     0.000     0.000     0.000     0.000     0.000     0.000     0.000
 121.5104167    15.000   -49.491     8.636    -0.348     0.000     0.000     0.000     0.000     0.000     0.000     0.000     0.000
 121.5104167    14.500   -49.541     8.604    -0.348     0.000     0.000     0.000     0.000     0.000     0.000     0.000     0.000
 121.5104167    14.000   -49.592     8.573    -0.348     0.000     0.000     0.000     0.000     0.000     0.000     0.000     0.000
 121.5104167    13.500   -49.643     8.541    -0.348     0.000     0.000     0.000     0.000     0.000     0.000     0.000     0.000
 121.5104167    13.000   -49.694     8.509    -0.348     0.000     0.000     0.000     0.000     0.000     0.000     0.000     0.000
 121.5104167    12.500   -49.745     8.477    -0.348     0.000     0.000     0.000     0.000     0.000     0.000     0.000     0.000
 121.5104167    12.000   -49.796     8.446    -0.348     0.000     0.000     0.000     0.000     0.000     0.000     0.000     0.000
 121.5104167    11.500   -49.848     8.414    -0.348     0.000     0.000     0.000     0.000     0.000     0.000     0.000     0.000
 121.5104167    11.000   -49.899     8.383    -0.348     0.000     0.000     0.000     0.000     0.000     0.000     0.000     0.000
 121.5104167    10.500   -49.951     8.352    -0.348     0.000     0.000     0.000     0.000     0.000     0.000     0.000     0.000
 121.5104167    10.000   -50.003     8.320    -0.348     0.000     0.000     0.000     0.000     0.000     0.000   264.556   356.078
 121.5104167     9.500   -39.838     8.248    -0.261     0.000     0.000     0.000     0.000     0.000     0.000   275.405   356.742
 121.5104167     9.000   -27.998     8.160    -0.195     0.000     0.000     0.000     0.000     0.000     0.000   288.221   357.708
 121.5104167     8.500   -17.535     8.067    -0.146     0.000     0.000     0.000     0.000     0.000     0.000   299.801   358.819
 121.5104167     8.000    -8.989     7.973    -0.110     0.000     0.000     0.000     0.000     0.000     0.000   309.580   360.046
 121.5104167     7.500    -2.322     7.880    -0.082     0.000     0.000     0.000     0.000     0.000     0.000   317.588   361.382
 121.5104167     7.000     2.691     7.788    -0.062     0.000     0.000     0.000     0.000     0.000     0.000   324.049   362.823
 121.5104167     6.500     6.320     7.700    -0.046     0.000     0.000     0.000     0.000     0.000     0.000   329.225   364.361
 121.5104167     6.000     8.828     7.615    -0.035     0.000     0.000     0.000     0.000     0.000     0.000   333.364   365.979
 121.5104167     5.500    10.450     7.535    -0.026     0.000     0.000     0.000     0.000     0.000     0.000   336.675   367.651
 121.5104167     5.000    11.391     7.460    -0.019     0.000     0.000     0.000     0.000     0.000     0.000   339.327   369.341
 121.5104167     4.500    11.827     7.389    -0.015     0.000     0.000     0.000     0.000     0.000     0.000   341.455   371.008
 121.5104167     4.000    11.908     7.324    -0.011     0.000     0.000     0.000     0.000     0.000     0.000   343.161   372.604
 121.5104167     3.500    11.757     7.264    -0.008     0.000     0.000     0.000     0.000     0.000     0.000   344.524   374.084
 121.5104167     3.000    11.474     7.209    -0.006     0.000     0.000     0.000     0.000     0.000     0.000   345.600   375.406
 121.5104167     2.500    11.138     7.159    -0.005     0.000     0.000     0.000     0.000     0.000     0.000   346.435   376.533
 121.5104167     2.000    10.811     7.114    -0.003     0.000     0.000     0.000     0.000     0.000     0.000   347.061   377.439
 121.5104167     1.500    10.533     7.073    -0.003     0.000     0.000     0.000     0.000     0.000     0.000   347.503   378.109
 121.5104167     1.000    10.323     7.036    -0.002     0.000     0.000     0.000     0.000     0.000     0.000   347.782   378.543
 121.5104167     0.500    10.190     7.001    -0.001     0.000     0.000     0.000     0.000     0.000     0.000     0.000     0.000
 121.5312500    23.000   -47.971     9.374    -0.253     0.000     0.000     0.000     0.000     0.000     0.000     0.000     0.000
 121.5312500    22.500   -48.029     9.323    -0.253     0.000     0.000     0.000     0.000     0.000     0.000     0.000     0.000
 121.5312500    22.000   -48.089     9.273    -0.253     0.000     0.000     0.000     0.000     0.000     0.000     0.000     0.000
 121.5312500    21.500   -48.150     9.223    -0.253     0.000     0.000     0.000     0.000     0.000     0.000     0.000     0.000
 121.5312500    21.000   -48.214     9.172    -0.253     0.000     0.000     0.000     0.000     0.000     0.000     0.000     0.000
 121.5312500    20.500   -48.279     9.122    -0.253     0.000     0.000     0.000     0.000     0.000     0.000     0.000     0.000
 121.5312500    20.000   -48.347     9.073    -0.253     0.000     0.000     0.000     0.000     0.000     0.000     0.000     0.000
 121.5312500    19.500   -48.416     9.023    -0.253     0.000     0.000     0.000     0.000     0.000     0.000     0.000     0.000
 121.5312500    19.000   -48.487     8.973    -0.253     0.000     0.000     0.000     0.000     0.000     0.000     0.000     0.000
 121.5312500    18.500   -48.560     8.924    -0.253     0.000     0.000     0.000     0.000     0.000     0.000     0.000     0.000
 121.5312500    18.000   -48.635     8.874    -0.253     0.000     0.000     0.000     0.000     0.000     0.000     0.000     0.000
 121.5312500    17.500   -48.712     8.825    -0.253     0.000     0.000     0.000     0.000     0.000     0.000     0.000     0.000
 121.5312500    17.000   -48.791     8.776    -0.253     0.000     0.000     0.000     0.000     0.000     0.000     0.000     0.000
 121.5312500    16.500   -48.873     8.727    -0.253     0.000     0.000     0.000     0.000     0.000     0.000     0.000     0.000
 121.5312500    16.000   -48.956     8.679    -0.253     0.000     0.000     0.000     0.000     0.000     0.000     0.000     0.000
 121.5312500    15.500   -49.041     8.630    -0.253     0.000     0.000     0.000     0.000     0.000     0.000     0.000     0.000
 121.5312500    15.000   -49.129     8.581    -0.253     0.000     0.000     0.000     0.000     0.000     0.000     0.000     0.000
 121.5312500    14.500   -49.218     8.533    -0.253     0.000     0.000     0.000     0.000     0.000     0.000     0.000     0.000
 121.5312500    14.000   -49.310     8.485    -0.253     0.000     0.000     0.000     0.000     0.000     0.000     0.000     0.000
 121.5312500    13.500   -49.404     8.437    -0.253     0.000     0.000     0.000     0.000     0.000     0.000     0.000     0.000
 121.5312500    13.000   -49.501     8.389    -0.253     0.000     0.000     0.000     0.000     0.000     0.000     0.000     0.000
 121.5312500    12.500   -49.600     8.342    -0.253     0.000     0.000     0.000     0.000     0.000     0.000     0.000     0.000
 121.5312500    12.000   -49.702     8.294    -0.253     0.000     0.000     0.000     0.000     0.000     0.000     0.000     0.000
 121.5312500    11.500   -49.806     8.247    -0.253     0.000     0.000     0.000     0.000     0.000     0.000     0.000     0.000
 121.5312500    11.000   -49.913     8.200    -0.253     0.000     0.000     0.000     0.000     0.000     0.000     0.000     0.000
 121.5312500    10.500   -50.023     8.154    -0.253     0.000     0.000     0.000     0.000     0.000     0.000     0.000     0.000
 121.5312500    10.000   -50.136     8.107    -0.253     0.088     0.146     0.376     0.318     0.020     0.185   261.552   354.552
 121.5312500     9.500   -40.003     7.985    -0.188     0.026     0.044     0.330     0.338     0.015     0.140   272.574   355.229
 121.5312500     9.000   -28.171     7.873    -0.140     0.005     0.008     0.273     0.320     0.012     0.114   285.592   356.217
 121.5312500     8.500   -17.723     7.766    -0.104     0.001     0.001     0.222     0.290     0.010     0.099   297.357   357.353
 121.5312500     8.000    -9.205     7.660    -0.077     0.000     0.000     0.180     0.260     0.008     0.086   307.295   358.604
 121.5312500     7.500    -2.578     7.555    -0.058     0.000     0.000     0.146     0.232     0.007     0.075   315.437   359.962
 121.5312500     7.000     2.387     7.453    -0.043     0.000     0.000     0.119     0.208     0.006     0.065   322.010   361.422
 121.5312500     6.500     5.967     7.355    -0.032     0.000     0.000     0.098     0.188     0.005     0.057   327.281   362.974
 121.5312500     6.000     8.428     7.261    -0.024     0.000     0.000     0.082     0.170     0.004     0.049   331.499   364.601
 121.5312500     5.500    10.008     7.172    -0.018     0.000     0.000     0.070     0.155     0.004     0.043   334.878   366.276
 121.5312500     5.000    10.915     7.090    -0.013     0.000     0.000     0.060     0.142     0.004     0.038   337.589   367.964
 121.5312500     4.500    11.328     7.015    -0.010     0.000     0.000     0.052     0.131     0.003     0.033   339.767   369.622
 121.5312500     4.000    11.395     6.947    -0.007     0.000     0.000     0.046     0.122     0.003     0.029   341.518   371.204
 121.5312500     3.500    11.240     6.887    -0.005     0.000     0.000     0.042     0.114     0.003     0.026   342.920   372.666
 121.5312500     3.000    10.961     6.836    -0.004     0.000     0.000     0.038     0.108     0.003     0.023   344.029   373.967
 121.5312500     2.500    10.637     6.794    -0.003     0.000     0.000     0.036     0.103     0.003     0.021   344.892   375.074
 121.5312500     2.000    10.328     6.762    -0.002     0.000     0.000     0.034     0.099     0.003     0.019   345.540   375.960
 121.5312500     1.500    10.073     6.741    -0.002     0.000     0.000     0.032     0.097     0.003     0.018   346.000   376.615
 121.5312500     1.000     9.892     6.733    -0.001     0.000     0.000     0.031     0.095     0.003     0.017   346.291   377.037
 121.5312500     0.500     9.794     6.737    -0.001     0.000     0.000     0.000     0.000     0.000     0.000     0.000     0.000
 121.5520833    23.000   -27.394     4.105    -0.039     0.000     0.000     0.000     0.000     0.000     0.000     0.000     0.000
 121.5520833    22.500   -27.323     4.034    -0.039     0.000     0.000     0.000     0.000     0.000     0.000     0.000     0.000
 121.5520833    22.000   -27.279     3.968    -0.039     0.000     0.000     0.000     0.000     0.000     0.000     0.000     0.000
 121.5520833    21.500   -27.261     3.909    -0.039     0.000     0.000     0.000     0.000     0.000     0.000     0.000     0.000
 121.5520833    21.000   -27.271     3.854    -0.039     0.000     0.000     0.000     0.000     0.000     0.000     0.000     0.000
 121.5520833    20.500   -27.306     3.805    -0.039     0.000     0.000     0.000     0.000     0.000     0.000     0.000     0.000
 121.5520833    20.000   -27.369     3.762    -0.039     0.000     0.000     0.000     0.000     0.000     0.000     0.000     0.000
 121.5520833    19.500   -27.457     3.723    -0.039     0.000     0.000     0.000     0.000     0.000     0.000     0.000     0.000
 121.5520833    19.000   -27.571     3.689    -0.039     0.000     0.000     0.000     0.000     0.000     0.000     0.000     0.000
 121.5520833    18.500   -27.712     3.661    -0.039     0.000     0.000     0.000     0.000     0.000     0.000     0.000     0.000
 121.5520833    18.000   -27.878     3.637    -0.039     0.000     0.000     0.000     0.000     0.000     0.000     0.000     0.000
 121.5520833    17.500   -28.070     3.619    -0.039     0.000     0.000     0.000     0.000     0.000     0.000     0.000     0.000
 121.5520833    17.000   -28.288     3.605    -0.039     0.000     0.000     0.000     0.000     0.000     0.000     0.000     0.000
 121.5520833    16.500   -28.532     3.596    -0.039     0.000     0.000     0.000     0.000     0.000     0.000     0.000     0.000
 121.5520833    16.000   -28.802     3.592    -0.039     0.000     0.000     0.000     0.000     0.000     0.000     0.000     0.000
 121.5520833    15.500   -29.098     3.592    -0.039     0.000     0.000     0.000     0.000     0.000     0.000     0.000     0.000
 121.5520833    15.000   -29.419     3.598    -0.039     0.000     0.000     0.000     0.000     0.000     0.000     0.000     0.000
 121.5520833    14.500   -29.766     3.608    -0.039     0.000     0.000     0.000     0.000     0.000     0.000     0.000     0.000
 121.5520833    14.000   -30.139     3.623    -0.039     0.000     0.000     0.000     0.000     0.000     0.000     0.000     0.000
 121.5520833    13.500   -30.537     3.643    -0.039     0.000     0.000     0.000     0.000     0.000     0.000     0.000     0.000
 121.5520833    13.000   -30.961     3.668    -0.039     0.000     0.000     0.000     0.000     0.000     0.000     0.000     0.000
 121.5520833    12.500   -31.412     3.698    -0.039     0.000     0.000     0.000     0.000     0.000     0.000     0.000     0.000
 121.5520833    12.000   -31.888     3.733    -0.039     0.000     0.000     0.000     0.000     0.000     0.000     0.000     0.000
 121.5520833    11.500   -32.390     3.773    -0.039     0.000     0.000     0.000     0.000     0.000     0.000     0.000     0.000
 121.5520833    11.000   -32.920     3.818    -0.039     0.000     0.000     0.000     0.000     0.000     0.000     0.000     0.000
 121.5520833    10.500   -33.477     3.869    -0.039     0.000     0.000     0.000     0.000     0.000     0.000     0.000     0.000
 121.5520833    10.000   -34.064     3.927    -0.039     1.587     2.497     4.941     4.032     0.293     2.660   259.953   347.541
 121.5520833     9.500   -26.449     2.941    -0.027     0.475     0.748     4.351     4.458     0.209     1.929   270.223   348.305
 121.5520833     9.000   -17.340     2.366    -0.018     0.092     0.145     3.609     4.275     0.159     1.546   282.253   349.561
 121.5520833     8.500    -9.564     2.045    -0.012     0.016     0.025     2.936     3.884     0.128     1.329   293.084   351.108
 121.5520833     8.000    -3.622     1.837    -0.008     0.003     0.004     2.376     3.484     0.106     1.157   302.235   352.881
 121.5520833     7.500     0.585     1.700    -0.006     0.000     0.001     1.929     3.119     0.089     1.009   309.765   354.841
 121.5520833     7.000     3.338     1.612    -0.004     0.000     0.000     1.577     2.798     0.075     0.878   315.901   356.946
 121.5520833     6.500     4.950     1.562    -0.003     0.000     0.000     1.302     2.520     0.065     0.763   320.900   359.151
 121.5520833     6.000     5.714     1.545    -0.002     0.000     0.000     1.088     2.280     0.057     0.664   324.994   361.401
 121.5520833     5.500     5.888     1.551    -0.001     0.000     0.000     0.922     2.076     0.052     0.578   328.374   363.636
 121.5520833     5.000     5.686     1.576    -0.001     0.000     0.000     0.793     1.903     0.048     0.504   331.186   365.799
 121.5520833     4.500     5.273     1.617    -0.001     0.000     0.000     0.692     1.757     0.045     0.441   333.540   367.834
 121.5520833     4.000     4.775     1.672    -0.000     0.000     0.000     0.614     1.635     0.042     0.389   335.511   369.697
 121.5520833     3.500     4.276     1.751    -0.000     0.000     0.000     0.554     1.534     0.041     0.345   337.152   371.351
 121.5520833     3.000     3.848     1.859    -0.000     0.000     0.000     0.507     1.452     0.040     0.309   338.502   372.766
 121.5520833     2.500     3.542     2.011    -0.000     0.000     0.000     0.472     1.386     0.039     0.280   339.591   373.923
 121.5520833     2.000     3.394     2.234    -0.000     0.000     0.000     0.446     1.334     0.038     0.259   340.441   374.814
 121.5520833     1.500     3.440     2.573    -0.000     0.000     0.000     0.427     1.296     0.038     0.243   341.069   375.440
 121.5520833     1.000     3.719     3.104    -0.000     0.000     0.000     0.415     1.270     0.037     0.232   341.489   375.819
 121.5520833     0.500     4.287     3.953    -0.000     0.000     0.000     0.000     0.000     0.000     0.000     0.000     0.000
 121.5729167    23.000   -40.685    14.453    -0.033     0.000     0.000     0.000     0.000     0.000     0.000     0.000     0.000
 121.5729167    22.500   -40.432    14.416    -0.033     0.000     0.000     0.000     0.000     0.000     0.000     0.000     0.000
 121.5729167    22.000   -40.175    14.386    -0.033     0.000     0.000     0.000     0.000     0.000     0.000     0.000     0.000
 121.5729167    21.500   -39.913    14.362    -0.033     0.000     0.000     0.000     0.000     0.000     0.000     0.000     0.000
 121.5729167    21.000   -39.647    14.345    -0.033     0.000     0.000     0.000     0.000     0.000     0.000     0.000     0.000
 121.5729167    20.500   -39.378    14.334    -0.033     0.000     0.000     0.000     0.000     0.000     0.000     0.000     0.000
 121.5729167    20.000   -39.104    14.331    -0.033     0.000     0.000     0.000     0.000     0.000     0.000     0.000     0.000
 121.5729167    19.500   -38.825    14.334    -0.033     0.000     0.000     0.000     0.000     0.000     0.000     0.000     0.000
 121.5729167    19.000   -38.542    14.346    -0.033     0.000     0.000     0.000     0.000     0.000     0.000     0.000     0.000
 121.5729167    18.500   -38.255    14.366    -0.033     0.000     0.000     0.000     0.000     0.000     0.000     0.000     0.000
 121.5729167    18.000   -37.962    14.393    -0.033     0.000     0.000     0.000     0.000     0.000     0.000     0.000     0.000
 121.5729167    17.500   -37.665    14.429    -0.033     0.000     0.000     0.000     0.000     0.000     0.000     0.000     0.000
 121.5729167    17.000   -37.363    14.474    -0.033     0.000     0.000     0.000     0.000     0.000     0.000     0.000     0.000
 121.5729167    16.500   -37.055    14.528    -0.033     0.000     0.000     0.000     0.000     0.000     0.000     0.000     0.000
 121.5729167    16.000   -36.742    14.590    -0.033     0.000     0.000     0.000     0.000     0.000     0.000     0.000     0.000
 121.5729167    15.500   -36.423    14.663    -0.033     0.000     0.000     0.000     0.000     0.000     0.000     0.000     0.000
 121.5729167    15.000   -36.098    14.745    -0.033     0.000     0.000     0.000     0.000     0.000     0.000     0.000     0.000
 121.5729167    14.500   -35.767    14.837    -0.033     0.000     0.000     0.000     0.000     0.000     0.000     0.000     0.000
 121.5729167    14.000   -35.429    14.939    -0.033     0.000     0.000     0.000     0.000     0.000     0.000     0.000     0.000
 121.5729167    13.500   -35.084    15.052    -0.033     0.000     0.000     0.000     0.000     0.000     0.000     0.000     0.000
 121.5729167    13.000   -34.731    15.175    -0.033     0.000     0.000     0.000     0.000     0.000     0.000     0.000     0.000
 121.5729167    12.500   -34.371    15.310    -0.033     0.000     0.000     0.000     0.000     0.000     0.000     0.000     0.000
 121.5729167    12.000   -34.003    15.457    -0.033     0.000     0.000     0.000     0.000     0.000     0.000     0.000     0.000
 121.5729167    11.500   -33.626    15.615    -0.033     0.000     0.000     0.000     0.000     0.000     0.000     0.000     0.000
 121.5729167    11.000   -33.240    15.786    -0.033     0.000     0.000     0.000     0.000     0.000     0.000     0.000     0.000
 121.5729167    10.500   -32.843    15.970    -0.033     0.000     0.000     0.000     0.000     0.000     0.000     0.000     0.000
 121.5729167    10.000   -32.436    16.170    -0.033    10.174    15.276    21.896    16.794     1.376    12.652   261.012   348.313
 121.5729167     9.500   -26.382    12.788    -0.020     6.787    10.190    19.199    17.904     1.118    10.719   271.398   348.904
 121.5729167     9.000   -19.047     9.370    -0.012     3.914     5.876    15.996    18.112     0.863     8.793   283.522   349.930
 121.5729167     8.500   -12.379     6.743    -0.008     2.161     3.244    13.091    17.405     0.670     7.286   294.358   351.274
 121.5729167     8.000    -6.945     4.841    -0.005     1.181     1.773    10.650    16.211     0.530     6.124   303.434   352.890
 121.5729167     7.500    -2.843     3.507    -0.003     0.650     0.977     8.675    14.851     0.430     5.205   310.840   354.740
 121.5729167     7.000     0.056     2.593    -0.002     0.366     0.549     7.107    13.505     0.357     4.458   316.826   356.777
 121.5729167     6.500     1.962     1.989    -0.001     0.212     0.318     5.878    12.260     0.305     3.839   321.669   358.951
 121.5729167     6.000     3.104     1.610    -0.001     0.127     0.190     4.917    11.150     0.266     3.318   325.612   361.199
 121.5729167     5.500     3.686     1.403    -0.000     0.079     0.118     4.169    10.182     0.238     2.877   328.856   363.455
 121.5729167     5.000     3.875     1.333    -0.000     0.051     0.077     3.587     9.350     0.218     2.504   331.550   365.653
 121.5729167     4.500     3.809     1.371    -0.000     0.035     0.052     3.133     8.643     0.204     2.189   333.804   367.732
 121.5729167     4.000     3.610     1.488    -0.000     0.025     0.037     2.781     8.049     0.193     1.925   335.697   369.638
 121.5729167     3.500     3.356     1.680    -0.000     0.018     0.028     2.508     7.556     0.186     1.706   337.286   371.324
 121.5729167     3.000     3.119     1.929    -0.000     0.014     0.021     2.297     7.152     0.181     1.528   338.610   372.755
 121.5729167     2.500     2.949     2.234    -0.000     0.012     0.017     2.138     6.829     0.177     1.387   339.697   373.906
 121.5729167     2.000     2.875     2.582    -0.000     0.010     0.015     2.020     6.577     0.174     1.279   340.567   374.769
 121.5729167     1.500     2.899     2.967    -0.000     0.009     0.013     1.936     6.389     0.172     1.201   341.231   375.352
 121.5729167     1.000     2.987     3.362    -0.000     0.008     0.012     1.881     6.259     0.170     1.149   341.690   375.684
 121.5729167     0.500     3.065     3.722    -0.000     0.000     0.000     0.000     0.000     0.000     0.000     0.000     0.000
 121.5937500    23.000   -26.556    23.290    -0.025     0.000     0.000     0.000     0.000     0.000     0.000     0.000     0.000
 121.5937500    22.500   -26.339    23.581    -0.025     0.000     0.000     0.000     0.000     0.000     0.000     0.000     0.000
 121.5937500    22.000   -26.106    23.877    -0.025     0.000     0.000     0.000     0.000     0.000     0.000     0.000     0.000
 121.5937500    21.500   -25.858    24.179    -0.025     0.000     0.000     0.000     0.000     0.000     0.000     0.000     0.000
 121.5937500    21.000   -25.594    24.485    -0.025     0.000     0.000     0.000     0.000     0.000     0.000     0.000     0.000
 121.5937500    20.500   -25.316    24.796    -0.025     0.000     0.000     0.000     0.000     0.000     0.000     0.000     0.000
 121.5937500    20.000   -25.022    25.113    -0.025     0.000     0.000     0.000     0.000     0.000     0.000     0.000     0.000
 121.5937500    19.500   -24.713    25.435    -0.025     0.000     0.000     0.000     0.000     0.000     0.000     0.000     0.000
 121.5937500    19.000   -24.390    25.763    -0.025     0.000     0.000     0.000     0.000     0.000     0.000     0.000     0.000
 121.5937500    18.500   -24.051    26.097    -0.025     0.000     0.000     0.000     0.000     0.000     0.000     0.000     0.000
 121.5937500    18.000   -23.697    26.436    -0.025     0.000     0.000     0.000     0.000     0.000     0.000     0.000     0.000
 121.5937500    17.500   -23.329    26.781    -0.025     0.000     0.000     0.000     0.000     0.000     0.000     0.000     0.000
 121.5937500    17.000   -22.945    27.132    -0.025     0.000     0.000     0.000     0.000     0.000     0.000     0.000     0.000
 121.5937500    16.500   -22.547    27.489    -0.025     0.000     0.000     0.000     0.000     0.000     0.000     0.000     0.000
 121.5937500    16.000   -22.133    27.853    -0.025     0.000     0.000     0.000     0.000     0.000     0.000     0.000     0.000
 121.5937500    15.500   -21.705    28.222    -0.025     0.000     0.000     0.000     0.000     0.000     0.000     0.000     0.000
 121.5937500    15.000   -21.261    28.598    -0.025     0.000     0.000     0.000     0.000     0.000     0.000     0.000     0.000
 121.5937500    14.500   -20.803    28.981    -0.025     0.000     0.000     0.000     0.000     0.000     0.000     0.000     0.000
 121.5937500    14.000   -20.329    29.369    -0.025     0.000     0.000     0.000     0.000     0.000     0.000     0.000     0.000
 121.5937500    13.500   -19.840    29.765    -0.025     0.000     0.000     0.000     0.000     0.000     0.000     0.000     0.000
 121.5937500    13.000   -19.337    30.167    -0.025     0.000     0.000     0.000     0.000     0.000     0.000     0.000     0.000
 121.5937500    12.500   -18.817    30.577    -0.025     0.000     0.000     0.000     0.000     0.000     0.000     0.000     0.000
 121.5937500    12.000   -18.282    30.993    -0.025     0.000     0.000     0.000     0.000     0.000     0.000     0.000     0.000
 121.5937500    11.500   -17.732    31.417    -0.025     0.000     0.000     0.000     0.000     0.000     0.000     0.000     0.000
 121.5937500    11.000   -17.165    31.849    -0.025     0.000     0.000     0.000     0.000     0.000     0.000     0.000     0.000
 121.5937500    10.500   -16.581    32.288    -0.025     0.000     0.000     0.000     0.000     0.000     0.000     0.000     0.000
 121.5937500    10.000   -15.979    32.737    -0.025    31.705    45.203    42.477    28.979     2.912    26.981   261.809   356.640
 121.5937500     9.500   -12.805    27.649    -0.016    26.105    37.219    37.194    30.931     2.513    24.481   273.207   357.148
 121.5937500     9.000    -9.085    21.674    -0.010    20.042    28.575    31.024    32.232     2.062    21.456   286.572   357.979
 121.5937500     8.500    -5.714    16.363    -0.006    15.070    21.485    25.485    32.356     1.673    18.598   298.545   359.033
 121.5937500     8.000    -2.979    12.036    -0.004    11.274    16.074    20.845    31.543     1.360    16.047   308.577   360.277
 121.5937500     7.500    -0.925     8.672    -0.003     8.468    12.073    17.084    30.130     1.118    13.825   316.749   361.685
 121.5937500     7.000     0.507     6.156    -0.002     6.423     9.157    14.087    28.401     0.934    11.912   323.329   363.224
 121.5937500     6.500     1.429     4.332    -0.001     4.938     7.041    11.721    26.563     0.796    10.272   328.614   364.855
 121.5937500     6.000     1.966     3.063    -0.001     3.861     5.505     9.863    24.751     0.694     8.873   332.874   366.535
 121.5937500     5.500     2.237     2.225    -0.000     3.075     4.385     8.406    23.047     0.620     7.682   336.329   368.215
 121.5937500     5.000     2.334     1.712    -0.000     2.500     3.564     7.265    21.496     0.566     6.672   339.143   369.859
 121.5937500     4.500     2.322     1.465    -0.000     2.075     2.958     6.373    20.117     0.528     5.820   341.446   371.422
 121.5937500     4.000     2.259     1.427    -0.000     1.760     2.510     5.676    18.918     0.501     5.108   343.333   372.866
 121.5937500     3.500     2.193     1.552    -0.000     1.526     2.176     5.134    17.894     0.482     4.520   344.876   374.157
 121.5937500     3.000     2.165     1.804    -0.000     1.353     1.929     4.715    17.038     0.469     4.043   346.130   375.262
 121.5937500     2.500     2.203     2.148    -0.000     1.225     1.747     4.398    16.339     0.459     3.665   347.136   376.161
 121.5937500     2.000     2.320     2.549    -0.000     1.133     1.615     4.162    15.788     0.452     3.377   347.925   376.839
 121.5937500     1.500     2.506     2.969    -0.000     1.069     1.524     3.995    15.373     0.447     3.169   348.519   377.298
 121.5937500     1.000     2.722     3.358    -0.000     1.027     1.464     3.885    15.083     0.443     3.033   348.929   377.555
 121.5937500     0.500     2.875     3.637    -0.000     0.000     0.000     0.000     0.000     0.000     0.000     0.000     0.000
 121.6145833    23.000   -13.861    88.482    -0.149     0.000     0.000     0.000     0.000     0.000     0.000     0.000     0.000
 121.6145833    22.500   -13.508    88.859    -0.149     0.000     0.000     0.000     0.000     0.000     0.000     0.000     0.000
 121.6145833    22.000   -13.145    89.223    -0.149     0.000     0.000     0.000     0.000     0.000     0.000     0.000     0.000
 121.6145833    21.500   -12.770    89.574    -0.149     0.000     0.000     0.000     0.000     0.000     0.000     0.000     0.000
 121.6145833    21.000   -12.385    89.911    -0.149     0.000     0.000     0.000     0.000     0.000     0.000     0.000     0.000
 121.6145833    20.500   -11.989    90.234    -0.149     0.000     0.000     0.000     0.000     0.000     0.000     0.000     0.000
 121.6145833    20.000   -11.582    90.544    -0.149     0.000     0.000     0.000     0.000     0.000     0.000     0.000     0.000
 121.6145833    19.500   -11.164    90.839    -0.149     0.000     0.000     0.000     0.000     0.000     0.000     0.000     0.000
 121.6145833    19.000   -10.735    91.120    -0.149     0.000     0.000     0.000     0.000     0.000     0.000     0.000     0.000
 121.6145833    18.500   -10.296    91.387    -0.149     0.000     0.000     0.000     0.000     0.000     0.000     0.000     0.000
 121.6145833    18.000    -9.846    91.639    -0.149     0.000     0.000     0.000     0.000     0.000     0.000     0.000     0.000
 121.6145833    17.500    -9.386    91.877    -0.149     0.000     0.000     0.000     0.000     0.000     0.000     0.000     0.000
 121.6145833    17.000    -8.915    92.100    -0.149     0.000     0.000     0.000     0.000     0.000     0.000     0.000     0.000
 121.6145833    16.500    -8.433    92.308    -0.149     0.000     0.000     0.000     0.000     0.000     0.000     0.000     0.000
 121.6145833    16.000    -7.942    92.502    -0.149     0.000     0.000     0.000     0.000     0.000     0.000     0.000     0.000
 121.6145833    15.500    -7.441    92.680    -0.149     0.000     0.000     0.000     0.000     0.000     0.000     0.000     0.000
 121.6145833    15.000    -6.929    92.843    -0.149     0.000     0.000     0.000     0.000     0.000     0.000     0.000     0.000
 121.6145833    14.500    -6.408    92.991    -0.149     0.000     0.000     0.000     0.000     0.000     0.000     0.000     0.000
 121.6145833    14.000    -5.877    93.124    -0.149     0.000     0.000     0.000     0.000     0.000     0.000     0.000     0.000
 121.6145833    13.500    -5.337    93.241    -0.149     0.000     0.000     0.000     0.000     0.000     0.000     0.000     0.000
 121.6145833    13.000    -4.787    93.342    -0.149     0.000     0.000     0.000     0.000     0.000     0.000     0.000     0.000
 121.6145833    12.500    -4.228    93.428    -0.149     0.000     0.000     0.000     0.000     0.000     0.000     0.000     0.000
 121.6145833    12.000    -3.660    93.497    -0.149     0.000     0.000     0.000     0.000     0.000     0.000     0.000     0.000
 121.6145833    11.500    -3.083    93.550    -0.149     0.000     0.000     0.000     0.000     0.000     0.000     0.000     0.000
 121.6145833    11.000    -2.497    93.586    -0.149     0.000     0.000     0.000     0.000     0.000     0.000     0.000     0.000
 121.6145833    10.500    -1.902    93.603    -0.149     0.000     0.000     0.000     0.000     0.000     0.000     0.000     0.000
 121.6145833    10.000    -1.297    93.601    -0.149    66.652    90.682    58.331    34.301     4.657    43.631   263.059   367.844
 121.6145833     9.500     0.083    83.456    -0.113    56.764    77.229    51.208    38.809     4.069    40.141   275.823   368.212
 121.6145833     9.000     2.017    71.077    -0.086    45.629    62.080    42.877    42.766     3.393    35.769   290.814   368.788
 121.6145833     8.500     4.021    59.437    -0.065    36.051    49.047    35.382    44.867     2.799    31.482   304.256   369.490
 121.6145833     8.000     5.763    49.328    -0.049    28.366    38.592    29.084    45.297     2.313    27.527   315.521   370.288
 121.6145833     7.500     7.086    40.913    -0.037    22.392    30.465    23.958    44.505     1.931    23.981   324.683   371.162
 121.6145833     7.000     7.956    34.087    -0.028    17.819    24.242    19.858    42.932     1.638    20.852   332.029   372.099
 121.6145833     6.500     8.430    28.619    -0.022    14.341    19.511    16.609    40.925     1.416    18.120   337.883   373.083
 121.6145833     6.000     8.575    24.275    -0.016    11.702    15.920    14.045    38.741     1.251    15.752   342.540   374.098
 121.6145833     5.500     8.480    20.830    -0.012     9.697    13.193    12.028    36.549     1.131    13.711   346.248   375.126
 121.6145833     5.000     8.234    18.081    -0.009     8.170    11.116    10.442    34.461     1.045    11.963   349.205   376.143
 121.6145833     4.500     7.899    15.876    -0.007     7.005     9.531     9.197    32.541     0.985    10.479   351.565   377.127
 121.6145833     4.000     7.523    14.098    -0.005     6.115     8.320     8.221    30.826     0.944     9.231   353.447   378.054
 121.6145833     3.500     7.160    12.637    -0.004     5.436     7.396     7.460    29.332     0.917     8.196   354.944   378.897
 121.6145833     3.000     6.832    11.427    -0.003     4.920     6.694     6.873    28.062     0.899     7.354   356.124   379.634
 121.6145833     2.500     6.562    10.396    -0.002     4.533     6.168     6.425    27.012     0.886     6.686   357.039   380.249
 121.6145833     2.000     6.361     9.483    -0.002     4.249     5.781     6.093    26.174     0.878     6.178   357.728   380.730
 121.6145833     1.500     6.224     8.634    -0.001     4.049     5.508     5.857    25.537     0.871     5.811   358.222   381.073
 121.6145833     1.000     6.134     7.797    -0.001     3.918     5.330     5.702    25.089     0.866     5.572   358.539   381.285
 121.6145833     0.500     6.072     6.920    -0.001     0.000     0.000     0.000     0.000     0.000     0.000     0.000     0.000
 121.6354167    23.000     7.079   121.023    -0.147     0.000     0.000     0.000     0.000     0.000     0.000     0.000     0.000
 121.6354167    22.500     7.641   121.097    -0.147     0.000     0.000     0.000     0.000     0.000     0.000     0.000     0.000
 121.6354167    22.000     8.203   121.170    -0.147     0.000     0.000     0.000     0.000     0.000     0.000     0.000     0.000
 121.6354167    21.500     8.767   121.244    -0.147     0.000     0.000     0.000     0.000     0.000     0.000     0.000     0.000
 121.6354167    21.000     9.331   121.317    -0.147     0.000     0.000     0.000     0.000     0.000     0.000     0.000     0.000
 121.6354167    20.500     9.896   121.391    -0.147     0.000     0.000     0.000     0.000     0.000     0.000     0.000     0.000
 121.6354167    20.000    10.461   121.464    -0.147     0.000     0.000     0.000     0.000     0.000     0.000     0.000     0.000
 121.6354167    19.500    11.027   121.536    -0.147     0.000     0.000     0.000     0.000     0.000     0.000     0.000     0.000
 121.6354167    19.000    11.594   121.609    -0.147     0.000     0.000     0.000     0.000     0.000     0.000     0.000     0.000
 121.6354167    18.500    12.162   121.682    -0.147     0.000     0.000     0.000     0.000     0.000     0.000     0.000     0.000
 121.6354167    18.000    12.730   121.754    -0.147     0.000     0.000     0.000     0.000     0.000     0.000     0.000     0.000
 121.6354167    17.500    13.299   121.827    -0.147     0.000     0.000     0.000     0.000     0.000     0.000     0.000     0.000
 121.6354167    17.000    13.870   121.899    -0.147     0.000     0.000     0.000     0.000     0.000     0.000     0.000     0.000
 121.6354167    16.500    14.440   121.971    -0.147     0.000     0.000     0.000     0.000     0.000     0.000     0.000     0.000
 121.6354167    16.000    15.012   122.043    -0.147     0.000     0.000     0.000     0.000     0.000     0.000     0.000     0.000
 121.6354167    15.500    15.585   122.114    -0.147     0.000     0.000     0.000     0.000     0.000     0.000     0.000     0.000
 121.6354167    15.000    16.158   122.186    -0.147     0.000     0.000     0.000     0.000     0.000     0.000     0.000     0.000
 121.6354167    14.500    16.733   122.258    -0.147     0.000     0.000     0.000     0.000     0.000     0.000     0.000     0.000
 121.6354167    14.000    17.308   122.329    -0.147     0.000     0.000     0.000     0.000     0.000     0.000     0.000     0.000
 121.6354167    13.500    17.884   122.401    -0.147     0.000     0.000     0.000     0.000     0.000     0.000     0.000     0.000
 121.6354167    13.000    18.462   122.472    -0.147     0.000     0.000     0.000     0.000     0.000     0.000     0.000     0.000
 121.6354167    12.500    19.040   122.544    -0.147     0.000     0.000     0.000     0.000     0.000     0.000     0.000     0.000
 121.6354167    12.000    19.619   122.615    -0.147     0.000     0.000     0.000     0.000     0.000     0.000     0.000     0.000
 121.6354167    11.500    20.200   122.687    -0.147     0.000     0.000     0.000     0.000     0.000     0.000     0.000     0.000
 121.6354167    11.000    20.782   122.759    -0.147     0.000     0.000     0.000     0.000     0.000     0.000     0.000     0.000
 121.6354167    10.500    21.365   122.831    -0.147     0.000     0.000     0.000     0.000     0.000     0.000     0.000     0.000
 121.6354167    10.000    21.950   122.903    -0.147   110.624   144.021    68.583    35.186     6.420    60.871   267.160   377.641
 121.6354167     9.500    20.140   108.887    -0.115    95.505   124.338    60.417    42.972     5.649    56.406   280.742   377.887
 121.6354167     9.000    18.326    91.674    -0.090    78.208   101.818    50.834    50.404     4.756    50.712   296.674   378.290
 121.6354167     8.500    16.909    75.386    -0.071    63.038    82.069    42.172    55.198     3.965    45.018   310.935   378.793
 121.6354167     8.000    15.717    61.131    -0.055    50.620    65.903    34.857    57.460     3.314    39.670   322.861   379.368
 121.6354167     7.500    14.596    49.173    -0.043    40.770    53.078    28.875    57.764     2.798    34.799   332.539   379.995
 121.6354167     7.000    13.429    39.440    -0.034    33.079    43.065    24.066    56.719     2.399    30.443   340.280   380.660
 121.6354167     6.500    12.218    31.649    -0.027    27.118    35.305    20.236    54.835     2.098    26.595   346.432   381.349
 121.6354167     6.000    10.974    25.500    -0.021    22.513    29.309    17.200    52.502     1.875    23.227   351.310   382.050
 121.6354167     5.500     9.745    20.684    -0.016    18.955    24.678    14.800    49.995     1.713    20.302   355.179   382.749
 121.6354167     5.000     8.566    16.946    -0.013    16.205    21.098    12.906    47.499     1.600    17.782   358.251   383.433
 121.6354167     4.500     7.489    14.048    -0.010    14.077    18.327    11.414    45.134     1.522    15.631   360.690   384.089
 121.6354167     4.000     6.525    11.832    -0.008    12.431    16.184    10.241    42.976     1.471    13.815   362.623   384.702
 121.6354167     3.500     5.706    10.152    -0.006    11.162    14.531     9.324    41.063     1.439    12.305   364.151   385.255
 121.6354167     3.000     5.041     8.910    -0.005    10.189    13.264     8.614    39.416     1.420    11.073   365.347   385.734
 121.6354167     2.500     4.547     8.015    -0.004     9.453    12.306     8.073    38.040     1.409    10.097   366.270   386.130
 121.6354167     2.000     4.223     7.408    -0.003     8.909    11.599     7.671    36.933     1.402     9.352   366.961   386.435
 121.6354167     1.500     4.080     7.026    -0.002     8.524    11.097     7.386    36.084     1.396     8.816   367.454   386.648
 121.6354167     1.000     4.112     6.829    -0.002     8.271    10.768     7.199    35.484     1.391     8.466   367.771   386.774
 121.6354167     0.500     4.319     6.770    -0.001     0.000     0.000     0.000     0.000     0.000     0.000     0.000     0.000
 121.6562500    23.000    25.975   183.717    -0.112     0.000     0.000     0.000     0.000     0.000     0.000     0.000     0.000
 121.6562500    22.500    26.509   183.471    -0.112     0.000     0.000     0.000     0.000     0.000     0.000     0.000     0.000
 121.6562500    22.000    27.043   183.224    -0.112     0.000     0.000     0.000     0.000     0.000     0.000     0.000     0.000
 121.6562500    21.500    27.578   182.977    -0.112     0.000     0.000     0.000     0.000     0.000     0.000     0.000     0.000
 121.6562500    21.000    28.112   182.728    -0.112     0.000     0.000     0.000     0.000     0.000     0.000     0.000     0.000
 121.6562500    20.500    28.646   182.479    -0.112     0.000     0.000     0.000     0.000     0.000     0.000     0.000     0.000
 121.6562500    20.000    29.181   182.228    -0.112     0.000     0.000     0.000     0.000     0.000     0.000     0.000     0.000
 121.6562500    19.500    29.715   181.977    -0.112     0.000     0.000     0.000     0.000     0.000     0.000     0.000     0.000
 121.6562500    19.000    30.249   181.725    -0.112     0.000     0.000     0.000     0.000     0.000     0.000     0.000     0.000
 121.6562500    18.500    30.783   181.471    -0.112     0.000     0.000     0.000     0.000     0.000     0.000     0.000     0.000
 121.6562500    18.000    31.317   181.217    -0.112     0.000     0.000     0.000     0.000     0.000     0.000     0.000     0.000
 121.6562500    17.500    31.851   180.961    -0.112     0.000     0.000     0.000     0.000     0.000     0.000     0.000     0.000
 121.6562500    17.000    32.385   180.705    -0.112     0.000     0.000     0.000     0.000     0.000     0.000     0.000     0.000
 121.6562500    16.500    32.919   180.447    -0.112     0.000     0.000     0.000     0.000     0.000     0.000     0.000     0.000
 121.6562500    16.000    33.453   180.187    -0.112     0.000     0.000     0.000     0.000     0.000     0.000     0.000     0.000
 121.6562500    15.500    33.986   179.927    -0.112     0.000     0.000     0.000     0.000     0.000     0.000     0.000     0.000
 121.6562500    15.000    34.519   179.664    -0.112     0.000     0.000     0.000     0.000     0.000     0.000     0.000     0.000
 121.6562500    14.500    35.053   179.401    -0.112     0.000     0.000     0.000     0.000     0.000     0.000     0.000     0.000
 121.6562500    14.000    35.586   179.135    -0.112     0.000     0.000     0.000     0.000     0.000     0.000     0.000     0.000
 121.6562500    13.500    36.118   178.868    -0.112     0.000     0.000     0.000     0.000     0.000     0.000     0.000     0.000
 121.6562500    13.000    36.651   178.599    -0.112     0.000     0.000     0.000     0.000     0.000     0.000     0.000     0.000
 121.6562500    12.500    37.183   178.328    -0.112     0.000     0.000     0.000     0.000     0.000     0.000     0.000     0.000
 121.6562500    12.000    37.715   178.055    -0.112     0.000     0.000     0.000     0.000     0.000     0.000     0.000     0.000
 121.6562500    11.500    38.246   177.780    -0.112     0.000     0.000     0.000     0.000     0.000     0.000     0.000     0.000
 121.6562500    11.000    38.777   177.502    -0.112     0.000     0.000     0.000     0.000     0.000     0.000     0.000     0.000
 121.6562500    10.500    39.308   177.221    -0.112     0.000     0.000     0.000     0.000     0.000     0.000     0.000     0.000
 121.6562500    10.000    39.838   176.937    -0.112   156.829   195.934    75.301    36.196     8.081    77.414   272.555   387.679
 121.6562500     9.500    36.016   157.648    -0.092   136.384   170.391    66.565    47.069     7.145    72.051   286.798   387.832
 121.6562500     9.000    31.863   133.949    -0.075   112.792   140.916    56.273    57.783     6.056    65.133   303.482   388.114
 121.6562500     8.500    28.322   111.369    -0.061    91.890   114.802    46.925    65.133     5.087    58.131   318.389   388.490
 121.6562500     8.000    25.295    91.420    -0.050    74.594    93.193    38.992    69.149     4.285    51.479   330.834   388.932
 121.6562500     7.500    22.597    74.507    -0.041    60.725    75.866    32.471    70.514     3.648    45.359   340.917   389.415
 121.6562500     7.000    20.082    60.552    -0.033    49.781    62.194    27.202    69.995     3.155    39.839   348.971   389.922
 121.6562500     6.500    17.714    49.217    -0.027    41.214    51.491    22.985    68.253     2.782    34.927   355.362   390.437
 121.6562500     6.000    15.469    40.127    -0.022    34.531    43.142    19.629    65.801     2.507    30.601   360.425   390.948
 121.6562500     5.500    13.377    32.875    -0.018    29.323    36.635    16.964    63.011     2.310    26.826   364.434   391.447
 121.6562500     5.000    11.456    27.116    -0.015    25.264    31.564    14.853    60.142     2.173    23.559   367.610   391.925
 121.6562500     4.500     9.739    22.546    -0.012    22.100    27.611    13.185    57.366     2.082    20.761   370.128   392.374
 121.6562500     4.000     8.226    18.933    -0.010    19.636    24.533    11.869    54.793     2.025    18.393   372.117   392.787
 121.6562500     3.500     6.928    16.092    -0.008    17.725    22.145    10.839    52.487     1.992    16.420   373.684   393.153
 121.6562500     3.000     5.850    13.874    -0.007    16.253    20.305    10.040    50.485     1.974    14.808   374.909   393.465
 121.6562500     2.500     5.000    12.159    -0.005    15.135    18.909     9.429    48.802     1.966    13.529   375.851   393.715
 121.6562500     2.000     4.372    10.856    -0.004    14.307    17.874     8.976    47.438     1.962    12.554   376.557   393.901
 121.6562500     1.500     3.967     9.889    -0.004    13.718    17.138     8.654    46.389     1.959    11.852   377.060   394.024
 121.6562500     1.000     3.784     9.191    -0.003    13.331    16.655     8.443    45.644     1.956    11.394   377.386   394.089
 121.6562500     0.500     3.826     8.702    -0.002     0.000     0.000     0.000     0.000     0.000     0.000     0.000     0.000
 121.6770833    23.000    39.151   232.305    -0.078     0.000     0.000     0.000     0.000     0.000     0.000     0.000     0.000
 121.6770833    22.500    39.648   232.041    -0.078     0.000     0.000     0.000     0.000     0.000     0.000     0.000     0.000
 121.6770833    22.000    40.146   231.778    -0.078     0.000     0.000     0.000     0.000     0.000     0.000     0.000     0.000
 121.6770833    21.500    40.644   231.516    -0.078     0.000     0.000     0.000     0.000     0.000     0.000     0.000     0.000
 121.6770833    21.000    41.143   231.254    -0.078     0.000     0.000     0.000     0.000     0.000     0.000     0.000     0.000
 121.6770833    20.500    41.641   230.993    -0.078     0.000     0.000     0.000     0.000     0.000     0.000     0.000     0.000
 121.6770833    20.000    42.140   230.734    -0.078     0.000     0.000     0.000     0.000     0.000     0.000     0.000     0.000
 121.6770833    19.500    42.640   230.475    -0.078     0.000     0.000     0.000     0.000     0.000     0.000     0.000     0.000
 121.6770833    19.000    43.139   230.217    -0.078     0.000     0.000     0.000     0.000     0.000     0.000     0.000     0.000
 121.6770833    18.500    43.639   229.960    -0.078     0.000     0.000     0.000     0.000     0.000     0.000     0.000     0.000
 121.6770833    18.000    44.140   229.704    -0.078     0.000     0.000     0.000     0.000     0.000     0.000     0.000     0.000
 121.6770833    17.500    44.640   229.450    -0.078     0.000     0.000     0.000     0.000     0.000     0.000     0.000     0.000
 121.6770833    17.000    45.142   229.197    -0.078     0.000     0.000     0.000     0.000     0.000     0.000     0.000     0.000
 121.6770833    16.500    45.644   228.945    -0.078     0.000     0.000     0.000     0.000     0.000     0.000     0.000     0.000
 121.6770833    16.000    46.146   228.696    -0.078     0.000     0.000     0.000     0.000     0.000     0.000     0.000     0.000
 121.6770833    15.500    46.649   228.447    -0.078     0.000     0.000     0.000     0.000     0.000     0.000     0.000     0.000
 121.6770833    15.000    47.152   228.201    -0.078     0.000     0.000     0.000     0.000     0.000     0.000     0.000     0.000
 121.6770833    14.500    47.656   227.957    -0.078     0.000     0.000     0.000     0.000     0.000     0.000     0.000     0.000
 121.6770833    14.000    48.161   227.716    -0.078     0.000     0.000     0.000     0.000     0.000     0.000     0.000     0.000
 121.6770833    13.500    48.667   227.477    -0.078     0.000     0.000     0.000     0.000     0.000     0.000     0.000     0.000
 121.6770833    13.000    49.173   227.241    -0.078     0.000     0.000     0.000     0.000     0.000     0.000     0.000     0.000
 121.6770833    12.500    49.681   227.008    -0.078     0.000     0.000     0.000     0.000     0.000     0.000     0.000     0.000
 121.6770833    12.000    50.189   226.779    -0.078     0.000     0.000     0.000     0.000     0.000     0.000     0.000     0.000
 121.6770833    11.500    50.699   226.554    -0.078     0.000     0.000     0.000     0.000     0.000     0.000     0.000     0.000
 121.6770833    11.000    51.210   226.334    -0.078     0.000     0.000     0.000     0.000     0.000     0.000     0.000     0.000
 121.6770833    10.500    51.722   226.120    -0.078     0.000     0.000     0.000     0.000     0.000     0.000     0.000     0.000
 121.6770833    10.000    52.236   225.913    -0.078   202.678   243.688    80.615    39.605     9.659    93.347   279.549   397.046
 121.6770833     9.500    47.114   201.130    -0.062   177.041   212.864    71.488    53.094     8.570    87.119   294.120   397.164
 121.6770833     9.000    41.439   170.636    -0.049   147.304   177.110    60.693    66.562     7.300    79.027   311.175   397.405
 121.6770833     8.500    36.498   141.562    -0.039   120.792   145.233    50.844    76.022     6.166    70.771   326.397   397.746
 121.6770833     8.000    32.231   115.848    -0.031    98.709   118.682    42.446    81.442     5.224    62.870   339.094   398.158
 121.6770833     7.500    28.437    94.022    -0.025    80.885    97.251    35.510    83.610     4.474    55.555   349.376   398.612
 121.6770833     7.000    24.963    75.981    -0.020    66.729    80.231    29.881    83.432     3.893    48.920   357.588   399.083
 121.6770833     6.500    21.740    61.326    -0.016    55.579    66.824    25.357    81.701     3.454    42.988   364.107   399.554
 121.6770833     6.000    18.743    49.567    -0.012    46.830    56.305    21.740    79.040     3.131    37.743   369.274   400.011
 121.6770833     5.500    15.993    40.202    -0.010    39.974    48.063    18.860    75.909     2.901    33.150   373.369   400.445
 121.6770833     5.000    13.494    32.796    -0.008    34.605    41.607    16.570    72.629     2.744    29.166   376.618   400.850
 121.6770833     4.500    11.299    26.937    -0.006    30.400    36.551    14.754    69.418     2.642    25.745   379.196   401.218
 121.6770833     4.000     9.379    22.347    -0.005    27.113    32.599    13.320    66.416     2.581    22.845   381.236   401.548
 121.6770833     3.500     7.737    18.784    -0.004    24.554    29.522    12.194    63.710     2.548    20.425   382.845   401.832
 121.6770833     3.000     6.373    16.057    -0.003    22.577    27.145    11.319    61.349     2.534    18.447   384.105   402.065
 121.6770833     2.500     5.287    14.008    -0.002    21.072    25.335    10.650    59.356     2.530    16.876   385.078   402.242
 121.6770833     2.000     4.468    12.523    -0.002    19.954    23.991    10.154    57.737     2.530    15.677   385.810   402.364
 121.6770833     1.500     3.910    11.500    -0.002    19.159    23.035     9.801    56.488     2.531    14.815   386.335   402.435
 121.6770833     1.000     3.616    10.850    -0.001    18.635    22.405     9.570    55.599     2.529    14.253   386.678   402.462
 121.6770833     0.500     3.587    10.494    -0.001     0.000     0.000     0.000     0.000     0.000     0.000     0.000     0.000
 121.6979167    23.000    59.875   268.587    -0.062     0.000     0.000     0.000     0.000     0.000     0.000     0.000     0.000
 121.6979167    22.500    60.316   268.565    -0.062     0.000     0.000     0.000     0.000     0.000     0.000     0.000     0.000
 121.6979167    22.000    60.758   268.542    -0.062     0.000     0.000     0.000     0.000     0.000     0.000     0.000     0.000
 121.6979167    21.500    61.200   268.521    -0.062     0.000     0.000     0.000     0.000     0.000     0.000     0.000     0.000
 121.6979167    21.000    61.642   268.501    -0.062     0.000     0.000     0.000     0.000     0.000     0.000     0.000     0.000
 121.6979167    20.500    62.085   268.481    -0.062     0.000     0.000     0.000     0.000     0.000     0.000     0.000     0.000
 121.6979167    20.000    62.528   268.462    -0.062     0.000     0.000     0.000     0.000     0.000     0.000     0.000     0.000
 121.6979167    19.500    62.972   268.445    -0.062     0.000     0.000     0.000     0.000     0.000     0.000     0.000     0.000
 121.6979167    19.000    63.415   268.428    -0.062     0.000     0.000     0.000     0.000     0.000     0.000     0.000     0.000
 121.6979167    18.500    63.860   268.412    -0.062     0.000     0.000     0.000     0.000     0.000     0.000     0.000     0.000
 121.6979167    18.000    64.304   268.397    -0.062     0.000     0.000     0.000     0.000     0.000     0.000     0.000     0.000
 121.6979167    17.500    64.749   268.383    -0.062     0.000     0.000     0.000     0.000     0.000     0.000     0.000     0.000
 121.6979167    17.000    65.195   268.370    -0.062     0.000     0.000     0.000     0.000     0.000     0.000     0.000     0.000
 121.6979167    16.500    65.641   268.358    -0.062     0.000     0.000     0.000     0.000     0.000     0.000     0.000     0.000
 121.6979167    16.000    66.087   268.347    -0.062     0.000     0.000     0.000     0.000     0.000     0.000     0.000     0.000
 121.6979167    15.500    66.534   268.337    -0.062     0.000     0.000     0.000     0.000     0.000     0.000     0.000     0.000
 121.6979167    15.000    66.981   268.328    -0.062     0.000     0.000     0.000     0.000     0.000     0.000     0.000     0.000
 121.6979167    14.500    67.429   268.320    -0.062     0.000     0.000     0.000     0.000     0.000     0.000     0.000     0.000
 121.6979167    14.000    67.877   268.314    -0.062     0.000     0.000     0.000     0.000     0.000     0.000     0.000     0.000
 121.6979167    13.500    68.326   268.308    -0.062     0.000     0.000     0.000     0.000     0.000     0.000     0.000     0.000
 121.6979167    13.000    68.775   268.303    -0.062     0.000     0.000     0.000     0.000     0.000     0.000     0.000     0.000
 121.6979167    12.500    69.225   268.300    -0.062     0.000     0.000     0.000     0.000     0.000     0.000     0.000     0.000
 121.6979167    12.000    69.675   268.297    -0.062     0.000     0.000     0.000     0.000     0.000     0.000     0.000     0.000
 121.6979167    11.500    70.126   268.296    -0.062     0.000     0.000     0.000     0.000     0.000     0.000     0.000     0.000
 121.6979167    11.000    70.578   268.294    -0.062     0.000     0.000     0.000     0.000     0.000     0.000     0.000     0.000
 121.6979167    10.500    71.029   268.294    -0.062     0.000     0.000     0.000     0.000     0.000     0.000     0.000     0.000
 121.6979167    10.000    71.482   268.293    -0.062   245.894   286.135    85.036    44.795    11.113   108.182   286.697   405.396
 121.6979167     9.500    64.661   238.852    -0.049   215.425   250.680    75.614    60.430     9.886   101.143   301.434   405.495
 121.6979167     9.000    56.906   202.591    -0.038   179.961   209.412    64.431    76.130     8.452    91.951   318.664   405.730
 121.6979167     8.500    49.971   168.021    -0.030   148.210   172.465    54.188    87.262     7.167    82.526   334.023   406.087
 121.6979167     8.000    43.899   137.419    -0.023   121.648   141.557    45.417    93.754     6.099    73.464   346.822   406.535
 121.6979167     7.500    38.481   111.429    -0.018   100.115   116.499    38.143    96.483     5.246    65.038   357.181   407.037
 121.6979167     7.000    33.562    89.913    -0.014    82.940    96.514    32.216    96.478     4.585    57.368   365.452   407.568
 121.6979167     6.500    29.062    72.408    -0.011    69.357    80.707    27.434    94.648     4.087    50.490   372.022   408.103
 121.6979167     6.000    24.946    58.332    -0.009    58.658    68.257    23.600    91.712     3.721    44.392   377.233   408.624
 121.6979167     5.500    21.213    47.100    -0.007    50.244    58.466    20.535    88.201     3.462    39.040   381.368   409.123
 121.6979167     5.000    17.837    38.224    -0.005    43.631    50.772    18.093    84.492     3.287    34.389   384.655   409.588
 121.6979167     4.500    14.864    31.216    -0.004    38.438    44.729    16.152    80.840     3.176    30.391   387.267   410.013
 121.6979167     4.000    12.270    25.729    -0.003    34.368    39.992    14.615    77.412     3.113    26.997   389.340   410.392
 121.6979167     3.500    10.050    21.481    -0.003    31.191    36.295    13.407    74.313     3.082    24.162   390.980   410.717
 121.6979167     3.000     8.185    18.252    -0.002    28.732    33.434    12.466    71.603     3.071    21.844   392.270   410.980
 121.6979167     2.500     6.656    15.868    -0.002    26.857    31.252    11.747    69.311     3.072    20.002   393.270   411.179
 121.6979167     2.000     5.465    14.170    -0.001    25.463    29.630    11.213    67.446     3.077    18.596   394.028   411.313
 121.6979167     1.500     4.594    13.048    -0.001    24.469    28.474    10.833    66.006     3.081    17.585   394.576   411.387
 121.6979167     1.000     4.043    12.386    -0.001    23.814    27.712    10.585    64.978     3.081    16.926   394.938   411.411
 121.6979167     0.500     3.814    12.085    -0.001     0.000     0.000     0.000     0.000     0.000     0.000     0.000     0.000
 121.7187500    23.000    78.725   316.894    -0.093     0.000     0.000     0.000     0.000     0.000     0.000     0.000     0.000
 121.7187500    22.500    79.107   316.886    -0.093     0.000     0.000     0.000     0.000     0.000     0.000     0.000     0.000
 121.7187500    22.000    79.490   316.879    -0.093     0.000     0.000     0.000     0.000     0.000     0.000     0.000     0.000
 121.7187500    21.500    79.872   316.871    -0.093     0.000     0.000     0.000     0.000     0.000     0.000     0.000     0.000
 121.7187500    21.000    80.255   316.864    -0.093     0.000     0.000     0.000     0.000     0.000     0.000     0.000     0.000
 121.7187500    20.500    80.638   316.857    -0.093     0.000     0.000     0.000     0.000     0.000     0.000     0.000     0.000
 121.7187500    20.000    81.022   316.850    -0.093     0.000     0.000     0.000     0.000     0.000     0.000     0.000     0.000
 121.7187500    19.500    81.405   316.843    -0.093     0.000     0.000     0.000     0.000     0.000     0.000     0.000     0.000
 121.7187500    19.000    81.789   316.836    -0.093     0.000     0.000     0.000     0.000     0.000     0.000     0.000     0.000
 121.7187500    18.500    82.173   316.829    -0.093     0.000     0.000     0.000     0.000     0.000     0.000     0.000     0.000
 121.7187500    18.000    82.557   316.822    -0.093     0.000     0.000     0.000     0.000     0.000     0.000     0.000     0.000
 121.7187500    17.500    82.941   316.815    -0.093     0.000     0.000     0.000     0.000     0.000     0.000     0.000     0.000
 121.7187500    17.000    83.326   316.808    -0.093     0.000     0.000     0.000     0.000     0.000     0.000     0.000     0.000
 121.7187500    16.500    83.711   316.802    -0.093     0.000     0.000     0.000     0.000     0.000     0.000     0.000     0.000
 121.7187500    16.000    84.096   316.795    -0.093     0.000     0.000     0.000     0.000     0.000     0.000     0.000     0.000
 121.7187500    15.500    84.481   316.788    -0.093     0.000     0.000     0.000     0.000     0.000     0.000     0.000     0.000
 121.7187500    15.000    84.866   316.782    -0.093     0.000     0.000     0.000     0.000     0.000     0.000     0.000     0.000
 121.7187500    14.500    85.252   316.775    -0.093     0.000     0.000     0.000     0.000     0.000     0.000     0.000     0.000
 121.7187500    14.000    85.638   316.768    -0.093     0.000     0.000     0.000     0.000     0.000     0.000     0.000     0.000
 121.7187500    13.500    86.024   316.762    -0.093     0.000     0.000     0.000     0.000     0.000     0.000     0.000     0.000
 121.7187500    13.000    86.411   316.755    -0.093     0.000     0.000     0.000     0.000     0.000     0.000     0.000     0.000
 121.7187500    12.500    86.798   316.748    -0.093     0.000     0.000     0.000     0.000     0.000     0.000     0.000     0.000
 121.7187500    12.000    87.185   316.741    -0.093     0.000     0.000     0.000     0.000     0.000     0.000     0.000     0.000
 121.7187500    11.500    87.572   316.733    -0.093     0.000     0.000     0.000     0.000     0.000     0.000     0.000     0.000
 121.7187500    11.000    87.960   316.726    -0.093     0.000     0.000     0.000     0.000     0.000     0.000     0.000     0.000
 121.7187500    10.500    88.348   316.717    -0.093     0.000     0.000     0.000     0.000     0.000     0.000     0.000     0.000
 121.7187500    10.000    88.736   316.708    -0.093   288.890   327.531    88.132    49.491    12.505   122.533   293.114   412.826
 121.7187500     9.500    80.618   282.133    -0.075   253.612   287.534    78.588    67.254    11.147   114.704   307.955   412.950
 121.7187500     9.000    71.374   239.500    -0.060   212.451   240.868    67.218    85.169     9.557   104.445   325.303   413.232
 121.7187500     8.500    63.028   198.847    -0.048   175.494   198.967    56.757    97.965     8.129    93.886   340.765   413.653
 121.7187500     8.000    55.665   162.832    -0.039   144.484   163.809    47.759   105.526     6.941    83.698   353.648   414.181
 121.7187500     7.500    49.072   132.193    -0.031   119.267   135.220    40.264   108.824     5.991    74.198   364.076   414.780
 121.7187500     7.000    43.049   106.807    -0.025    99.095   112.349    34.131   109.006     5.254    65.528   372.405   415.420
 121.7187500     6.500    37.516    86.116    -0.020    83.095    94.210    29.165   107.096     4.699    57.735   379.023   416.076
 121.7187500     6.000    32.396    69.482    -0.016    70.459    79.884    25.168   103.904     4.293    50.814   384.274   416.731
 121.7187500     5.500    27.742    56.176    -0.013    60.497    68.589    21.964   100.035     4.008    44.729   388.446   417.368
 121.7187500     5.000    23.524    45.625    -0.011    52.650    59.693    19.403    95.917     3.816    39.435   391.765   417.975
 121.7187500     4.500    19.778    37.276    -0.008    46.475    52.691    17.363    91.843     3.697    34.879   394.405   418.542
 121.7187500     4.000    16.478    30.734    -0.007    41.625    47.193    15.744    88.009     3.632    31.007   396.505   419.056
 121.7187500     3.500    13.604    25.675    -0.005    37.834    42.895    14.469    84.533     3.602    27.772   398.170   419.505
 121.7187500     3.000    11.164    21.816    -0.004    34.896    39.563    13.476    81.488     3.596    25.125   399.482   419.878
 121.7187500     2.500     9.146    18.945    -0.004    32.653    37.020    12.716    78.908     3.602    23.021   400.504   420.168
 121.7187500     2.000     7.524    16.903    -0.003    30.983    35.127    12.151    76.807     3.612    21.415   401.280   420.374
 121.7187500     1.500     6.300    15.536    -0.002    29.793    33.778    11.749    75.182     3.619    20.260   401.844   420.499
 121.7187500     1.000     5.463    14.725    -0.002    29.008    32.887    11.487    74.021     3.622    19.508   402.219   420.554
 121.7187500     0.500     5.022    14.342    -0.001     0.000     0.000     0.000     0.000     0.000     0.000     0.000     0.000
 121.7395833    23.000   109.193   344.610    -0.086     0.000     0.000     0.000     0.000     0.000     0.000     0.000     0.000
 121.7395833    22.500   109.529   344.847    -0.086     0.000     0.000     0.000     0.000     0.000     0.000     0.000     0.000
 121.7395833    22.000   109.865   345.085    -0.086     0.000     0.000     0.000     0.000     0.000     0.000     0.000     0.000
 121.7395833    21.500   110.202   345.323    -0.086     0.000     0.000     0.000     0.000     0.000     0.000     0.000     0.000
 121.7395833    21.000   110.539   345.562    -0.086     0.000     0.000     0.000     0.000     0.000     0.000     0.000     0.000
 121.7395833    20.500   110.877   345.802    -0.086     0.000     0.000     0.000     0.000     0.000     0.000     0.000     0.000
 121.7395833    20.000   111.215   346.042    -0.086     0.000     0.000     0.000     0.000     0.000     0.000     0.000     0.000
 121.7395833    19.500   111.554   346.283    -0.086     0.000     0.000     0.000     0.000     0.000     0.000     0.000     0.000
 121.7395833    19.000   111.894   346.524    -0.086     0.000     0.000     0.000     0.000     0.000     0.000     0.000     0.000
 121.7395833    18.500   112.234   346.766    -0.086     0.000     0.000     0.000     0.000     0.000     0.000     0.000     0.000
 121.7395833    18.000   112.575   347.010    -0.086     0.000     0.000     0.000     0.000     0.000     0.000     0.000     0.000
 121.7395833    17.500   112.916   347.254    -0.086     0.000     0.000     0.000     0.000     0.000     0.000     0.000     0.000
 121.7395833    17.000   113.259   347.498    -0.086     0.000     0.000     0.000     0.000     0.000     0.000     0.000     0.000
 121.7395833    16.500   113.602   347.744    -0.086     0.000     0.000     0.000     0.000     0.000     0.000     0.000     0.000
 121.7395833    16.000   113.945   347.991    -0.086     0.000     0.000     0.000     0.000     0.000     0.000     0.000     0.000
 121.7395833    15.500   114.290   348.239    -0.086     0.000     0.000     0.000     0.000     0.000     0.000     0.000     0.000
 121.7395833    15.000   114.635   348.489    -0.086     0.000     0.000     0.000     0.000     0.000     0.000     0.000     0.000
 121.7395833    14.500   114.981   348.739    -0.086     0.000     0.000     0.000     0.000     0.000     0.000     0.000     0.000
 121.7395833    14.000   115.329   348.991    -0.086     0.000     0.000     0.000     0.000     0.000     0.000     0.000     0.000
 121.7395833    13.500   115.677   349.244    -0.086     0.000     0.000     0.000     0.000     0.000     0.000     0.000     0.000
 121.7395833    13.000   116.026   349.499    -0.086     0.000     0.000     0.000     0.000     0.000     0.000     0.000     0.000
 121.7395833    12.500   116.377   349.756    -0.086     0.000     0.000     0.000     0.000     0.000     0.000     0.000     0.000
 121.7395833    12.000   116.729   350.014    -0.086     0.000     0.000     0.000     0.000     0.000     0.000     0.000     0.000
 121.7395833    11.500   117.082   350.275    -0.086     0.000     0.000     0.000     0.000     0.000     0.000     0.000     0.000
 121.7395833    11.000   117.436   350.537    -0.086     0.000     0.000     0.000     0.000     0.000     0.000     0.000     0.000
 121.7395833    10.500   117.792   350.803    -0.086     0.000     0.000     0.000     0.000     0.000     0.000     0.000     0.000
 121.7395833    10.000   118.150   351.071    -0.086   335.688   373.624    89.114    51.178    13.926   137.356   304.077   420.400
 121.7395833     9.500   106.746   313.092    -0.069   295.126   328.478    79.756    71.597    12.436   128.716   318.550   420.462
 121.7395833     9.000    93.966   265.674    -0.055   247.719   275.713    68.548    92.322    10.687   117.360   335.404   420.717
 121.7395833     8.500    82.531   220.172    -0.044   205.066   228.240    58.171   107.289     9.115   105.634   350.380   421.157
 121.7395833     8.000    72.435   179.829    -0.035   169.198   188.319    49.190   116.324     7.804    94.287   362.834   421.739
 121.7395833     7.500    63.423   145.540    -0.028   139.969   155.787    41.665   120.497     6.755    83.679   372.900   422.422
 121.7395833     7.000    55.293   117.140    -0.022   116.537   129.707    35.474   121.096     5.942    73.975   380.934   423.169
 121.7395833     6.500    47.912    94.023    -0.018    97.915   108.980    30.435   119.273     5.329    65.237   387.313   423.955
 121.7395833     6.000    41.182    75.464    -0.014    83.178    92.578    26.362   115.947     4.883    57.464   392.376   424.757
 121.7395833     5.500    35.120    60.656    -0.012    71.540    79.625    23.083   111.806     4.570    50.622   396.398   425.557
 121.7395833     5.000    29.699    48.933    -0.009    62.358    69.405    20.454   107.341     4.362    44.661   399.601   426.334
 121.7395833     4.500    24.904    39.703    -0.007    55.121    61.350    18.353   102.891     4.235    39.527   402.148   427.077
 121.7395833     4.000    20.699    32.523    -0.006    49.430    55.016    16.682    98.680     4.168    35.161   404.178   427.764
 121.7395833     3.500    17.051    27.034    -0.005    44.976    50.059    15.363    94.849     4.141    31.511   405.793   428.373
 121.7395833     3.000    13.948    22.925    -0.004    41.521    46.213    14.334    91.482     4.140    28.524   407.070   428.889
 121.7395833     2.500    11.376    19.951    -0.003    38.881    43.275    13.546    88.625     4.151    26.148   408.068   429.301
 121.7395833     2.000     9.312    17.924    -0.002    36.914    41.086    12.959    86.294     4.166    24.335   408.831   429.602
 121.7395833     1.500     7.737    16.685    -0.002    35.512    39.525    12.543    84.488     4.177    23.031   409.390   429.795
 121.7395833     1.000     6.648    16.086    -0.002    34.586    38.495    12.271    83.197     4.183    22.181   409.764   429.892
 121.7395833     0.500     6.047    15.983    -0.001     0.000     0.000     0.000     0.000     0.000     0.000     0.000     0.000
 121.7604167    23.000   111.602   352.368    -0.070     0.000     0.000     0.000     0.000     0.000     0.000     0.000     0.000
 121.7604167    22.500   111.860   352.651    -0.070     0.000     0.000     0.000     0.000     0.000     0.000     0.000     0.000
 121.7604167    22.000   112.118   352.934    -0.070     0.000     0.000     0.000     0.000     0.000     0.000     0.000     0.000
 121.7604167    21.500   112.376   353.218    -0.070     0.000     0.000     0.000     0.000     0.000     0.000     0.000     0.000
 121.7604167    21.000   112.634   353.503    -0.070     0.000     0.000     0.000     0.000     0.000     0.000     0.000     0.000
 121.7604167    20.500   112.891   353.789    -0.070     0.000     0.000     0.000     0.000     0.000     0.000     0.000     0.000
 121.7604167    20.000   113.149   354.076    -0.070     0.000     0.000     0.000     0.000     0.000     0.000     0.000     0.000
 121.7604167    19.500   113.406   354.363    -0.070     0.000     0.000     0.000     0.000     0.000     0.000     0.000     0.000
 121.7604167    19.000   113.663   354.652    -0.070     0.000     0.000     0.000     0.000     0.000     0.000     0.000     0.000
 121.7604167    18.500   113.920   354.942    -0.070     0.000     0.000     0.000     0.000     0.000     0.000     0.000     0.000
 121.7604167    18.000   114.176   355.232    -0.070     0.000     0.000     0.000     0.000     0.000     0.000     0.000     0.000
 121.7604167    17.500   114.432   355.524    -0.070     0.000     0.000     0.000     0.000     0.000     0.000     0.000     0.000
 121.7604167    17.000   114.688   355.816    -0.070     0.000     0.000     0.000     0.000     0.000     0.000     0.000     0.000
 121.7604167    16.500   114.944   356.110    -0.070     0.000     0.000     0.000     0.000     0.000     0.000     0.000     0.000
 121.7604167    16.000   115.199   356.404    -0.070     0.000     0.000     0.000     0.000     0.000     0.000     0.000     0.000
 121.7604167    15.500   115.454   356.700    -0.070     0.000     0.000     0.000     0.000     0.000     0.000     0.000     0.000
 121.7604167    15.000   115.709   356.997    -0.070     0.000     0.000     0.000     0.000     0.000     0.000     0.000     0.000
 121.7604167    14.500   115.963   357.295    -0.070     0.000     0.000     0.000     0.000     0.000     0.000     0.000     0.000
 121.7604167    14.000   116.217   357.594    -0.070     0.000     0.000     0.000     0.000     0.000     0.000     0.000     0.000
 121.7604167    13.500   116.470   357.894    -0.070     0.000     0.000     0.000     0.000     0.000     0.000     0.000     0.000
 121.7604167    13.000   116.722   358.195    -0.070     0.000     0.000     0.000     0.000     0.000     0.000     0.000     0.000
 121.7604167    12.500   116.975   358.498    -0.070     0.000     0.000     0.000     0.000     0.000     0.000     0.000     0.000
 121.7604167    12.000   117.226   358.801    -0.070     0.000     0.000     0.000     0.000     0.000     0.000     0.000     0.000
 121.7604167    11.500   117.477   359.106    -0.070     0.000     0.000     0.000     0.000     0.000     0.000     0.000     0.000
 121.7604167    11.000   117.727   359.411    -0.070     0.000     0.000     0.000     0.000     0.000     0.000     0.000     0.000
 121.7604167    10.500   117.976   359.718    -0.070     0.000     0.000     0.000     0.000     0.000     0.000     0.000     0.000
 121.7604167    10.000   118.224   360.025    -0.070   329.126   367.281    88.707    50.552    13.671   134.707   320.102   425.343
 121.7604167     9.500   107.104   321.596    -0.056   289.661   323.240    79.338    70.458    12.216   126.309   333.176   425.422
 121.7604167     9.000    94.961   273.227    -0.045   243.479   271.704    68.132    90.684    10.508   115.251   348.345   425.755
 121.7604167     8.500    84.261   226.596    -0.036   201.866   225.268    57.773   105.315     8.972   103.812   361.796   426.324
 121.7604167     8.000    74.806   185.196    -0.029   166.820   186.159    48.820   114.167     7.690    92.726   372.976   427.067
 121.7604167     7.500    66.251   150.029    -0.023   138.215   154.238    41.327   118.277     6.664    82.344   382.024   427.932
 121.7604167     7.000    58.391   120.939    -0.018   115.249   128.609    35.170   118.893     5.868    72.836   389.258   428.883
 121.7604167     6.500    51.137    97.277    -0.015    96.970   108.211    30.164   117.137     5.268    64.265   395.019   429.891
 121.7604167     6.000    44.479    78.230    -0.012    82.485    92.048    26.119   113.906     4.831    56.633   399.606   430.927
 121.7604167     5.500    38.343    63.086    -0.009    71.032    79.266    22.866   109.870     4.525    49.910   403.266   431.971
 121.7604167     5.000    32.815    51.055    -0.007    61.984    69.169    20.259   105.512     4.323    44.049   406.188   433.002
 121.7604167     4.500    27.822    41.624    -0.006    54.845    61.203    18.176   101.163     4.200    38.997   408.524   433.996
 121.7604167     4.000    23.375    34.301    -0.005    49.227    54.933    16.520    97.044     4.135    34.700   410.394   434.926
 121.7604167     3.500    19.492    28.682    -0.004    44.826    50.022    15.213    93.295     4.110    31.105   411.889   435.763
 121.7604167     3.000    16.162    24.466    -0.003    41.409    46.209    14.194    89.998     4.110    28.163   413.078   436.484
 121.7604167     2.500    13.340    21.438    -0.002    38.797    43.294    13.413    87.199     4.122    25.822   414.012   437.071
 121.7604167     2.000    11.050    19.370    -0.002    36.850    41.122    12.832    84.914     4.137    24.036   414.729   437.515
 121.7604167     1.500     9.264    18.113    -0.002    35.461    39.572    12.420    83.144     4.149    22.751   415.257   437.815
 121.7604167     1.000     7.987    17.508    -0.001    34.544    38.549    12.151    81.877     4.155    21.914   415.611   437.983
 121.7604167     0.500     7.222    17.413    -0.001     0.000     0.000     0.000     0.000     0.000     0.000     0.000     0.000
 121.7812500    23.000    59.338   341.363    -0.055     0.000     0.000     0.000     0.000     0.000     0.000     0.000     0.000
 121.7812500    22.500    59.549   341.412    -0.055     0.000     0.000     0.000     0.000     0.000     0.000     0.000     0.000
 121.7812500    22.000    59.760   341.461    -0.055     0.000     0.000     0.000     0.000     0.000     0.000     0.000     0.000
 121.7812500    21.500    59.970   341.511    -0.055     0.000     0.000     0.000     0.000     0.000     0.000     0.000     0.000
 121.7812500    21.000    60.179   341.561    -0.055     0.000     0.000     0.000     0.000     0.000     0.000     0.000     0.000
 121.7812500    20.500    60.389   341.612    -0.055     0.000     0.000     0.000     0.000     0.000     0.000     0.000     0.000
 121.7812500    20.000    60.597   341.665    -0.055     0.000     0.000     0.000     0.000     0.000     0.000     0.000     0.000
 121.7812500    19.500    60.805   341.718    -0.055     0.000     0.000     0.000     0.000     0.000     0.000     0.000     0.000
 121.7812500    19.000    61.013   341.772    -0.055     0.000     0.000     0.000     0.000     0.000     0.000     0.000     0.000
 121.7812500    18.500    61.221   341.828    -0.055     0.000     0.000     0.000     0.000     0.000     0.000     0.000     0.000
 121.7812500    18.000    61.427   341.884    -0.055     0.000     0.000     0.000     0.000     0.000     0.000     0.000     0.000
 121.7812500    17.500    61.634   341.943    -0.055     0.000     0.000     0.000     0.000     0.000     0.000     0.000     0.000
 121.7812500    17.000    61.839   342.002    -0.055     0.000     0.000     0.000     0.000     0.000     0.000     0.000     0.000
 121.7812500    16.500    62.045   342.063    -0.055     0.000     0.000     0.000     0.000     0.000     0.000     0.000     0.000
 121.7812500    16.000    62.250   342.127    -0.055     0.000     0.000     0.000     0.000     0.000     0.000     0.000     0.000
 121.7812500    15.500    62.454   342.192    -0.055     0.000     0.000     0.000     0.000     0.000     0.000     0.000     0.000
 121.7812500    15.000    62.658   342.259    -0.055     0.000     0.000     0.000     0.000     0.000     0.000     0.000     0.000
 121.7812500    14.500    62.861   342.329    -0.055     0.000     0.000     0.000     0.000     0.000     0.000     0.000     0.000
 121.7812500    14.000    63.064   342.401    -0.055     0.000     0.000     0.000     0.000     0.000     0.000     0.000     0.000
 121.7812500    13.500    63.266   342.477    -0.055     0.000     0.000     0.000     0.000     0.000     0.000     0.000     0.000
 121.7812500    13.000    63.468   342.556    -0.055     0.000     0.000     0.000     0.000     0.000     0.000     0.000     0.000
 121.7812500    12.500    63.669   342.639    -0.055     0.000     0.000     0.000     0.000     0.000     0.000     0.000     0.000
 121.7812500    12.000    63.870   342.727    -0.055     0.000     0.000     0.000     0.000     0.000     0.000     0.000     0.000
 121.7812500    11.500    64.071   342.821    -0.055     0.000     0.000     0.000     0.000     0.000     0.000     0.000     0.000
 121.7812500    11.000    64.272   342.921    -0.055     0.000     0.000     0.000     0.000     0.000     0.000     0.000     0.000
 121.7812500    10.500    64.472   343.028    -0.055     0.000     0.000     0.000     0.000     0.000     0.000     0.000     0.000
 121.7812500    10.000    64.673   343.145    -0.055   262.658   302.488    85.959    46.129    11.516   112.293   335.781   425.954
 121.7812500     9.500    60.538   305.618    -0.044   231.335   266.416    76.467    62.121    10.286   105.311   346.771   426.264
 121.7812500     9.000    56.347   258.993    -0.035   194.649   224.167    65.209    78.310     8.842    96.113   359.572   426.876
 121.7812500     8.500    52.659   214.576    -0.028   161.559   186.058    54.900    89.935     7.543    86.594   370.989   427.709
 121.7812500     8.000    49.143   175.426    -0.023   133.659   153.928    46.073    96.863     6.460    77.364   380.539   428.702
 121.7812500     7.500    45.573   142.300    -0.018   110.862   127.673    38.752    99.943     5.593    68.717   388.321   429.807
 121.7812500     7.000    41.880   114.959    -0.015    92.539   106.572    32.785   100.195     4.921    60.794   394.595   430.986
 121.7812500     6.500    38.064    92.779    -0.012    77.940    89.759    27.968    98.534     4.414    53.649   399.635   432.212
 121.7812500     6.000    34.193    75.004    -0.009    66.361    76.424    24.102    95.692     4.044    47.285   403.686   433.458
 121.7812500     5.500    30.354    60.891    -0.008    57.196    65.869    21.010    92.217     3.784    41.676   406.950   434.701
 121.7812500     5.000    26.671    49.725    -0.006    49.950    57.525    18.544    88.499     3.611    36.786   409.582   435.921
 121.7812500     4.500    23.216    40.953    -0.005    44.229    50.936    16.582    84.810     3.504    32.570   411.706   437.091
 121.7812500     4.000    20.009    34.159    -0.004    39.723    45.747    15.028    81.326     3.447    28.983   413.423   438.182
 121.7812500     3.500    17.115    28.957    -0.003    36.191    41.680    13.805    78.163     3.423    25.982   414.806   439.166
 121.7812500     3.000    14.573    25.051    -0.003    33.448    38.521    12.853    75.386     3.420    23.524   415.912   440.018
 121.7812500     2.500    12.401    22.218    -0.002    31.350    36.104    12.126    73.030     3.428    21.570   416.785   440.717
 121.7812500     2.000    10.600    20.285    -0.002    29.786    34.303    11.584    71.109     3.439    20.077   417.458   441.253
 121.7812500     1.500     9.196    19.085    -0.001    28.670    33.018    11.200    69.621     3.447    19.004   417.953   441.624
 121.7812500     1.000     8.193    18.485    -0.001    27.933    32.169    10.949    68.557     3.451    18.304   418.286   441.840
 121.7812500     0.500     7.602    18.355    -0.001     0.000     0.000     0.000     0.000     0.000     0.000     0.000     0.000
 121.8020833    23.000    63.140   362.500    -0.033     0.000     0.000     0.000     0.000     0.000     0.000     0.000     0.000
 121.8020833    22.500    63.406   362.471    -0.033     0.000     0.000     0.000     0.000     0.000     0.000     0.000     0.000
 121.8020833    22.000    63.671   362.442    -0.033     0.000     0.000     0.000     0.000     0.000     0.000     0.000     0.000
 121.8020833    21.500    63.935   362.415    -0.033     0.000     0.000     0.000     0.000     0.000     0.000     0.000     0.000
 121.8020833    21.000    64.200   362.389    -0.033     0.000     0.000     0.000     0.000     0.000     0.000     0.000     0.000
 121.8020833    20.500    64.465   362.364    -0.033     0.000     0.000     0.000     0.000     0.000     0.000     0.000     0.000
 121.8020833    20.000    64.729   362.340    -0.033     0.000     0.000     0.000     0.000     0.000     0.000     0.000     0.000
 121.8020833    19.500    64.993   362.318    -0.033     0.000     0.000     0.000     0.000     0.000     0.000     0.000     0.000
 121.8020833    19.000    65.256   362.296    -0.033     0.000     0.000     0.000     0.000     0.000     0.000     0.000     0.000
 121.8020833    18.500    65.520   362.277    -0.033     0.000     0.000     0.000     0.000     0.000     0.000     0.000     0.000
 121.8020833    18.000    65.783   362.258    -0.033     0.000     0.000     0.000     0.000     0.000     0.000     0.000     0.000
 121.8020833    17.500    66.046   362.242    -0.033     0.000     0.000     0.000     0.000     0.000     0.000     0.000     0.000
 121.8020833    17.000    66.308   362.227    -0.033     0.000     0.000     0.000     0.000     0.000     0.000     0.000     0.000
 121.8020833    16.500    66.571   362.213    -0.033     0.000     0.000     0.000     0.000     0.000     0.000     0.000     0.000
 121.8020833    16.000    66.833   362.201    -0.033     0.000     0.000     0.000     0.000     0.000     0.000     0.000     0.000
 121.8020833    15.500    67.094   362.191    -0.033     0.000     0.000     0.000     0.000     0.000     0.000     0.000     0.000
 121.8020833    15.000    67.356   362.183    -0.033     0.000     0.000     0.000     0.000     0.000     0.000     0.000     0.000
 121.8020833    14.500    67.617   362.177    -0.033     0.000     0.000     0.000     0.000     0.000     0.000     0.000     0.000
 121.8020833    14.000    67.877   362.173    -0.033     0.000     0.000     0.000     0.000     0.000     0.000     0.000     0.000
 121.8020833    13.500    68.137   362.172    -0.033     0.000     0.000     0.000     0.000     0.000     0.000     0.000     0.000
 121.8020833    13.000    68.397   362.172    -0.033     0.000     0.000     0.000     0.000     0.000     0.000     0.000     0.000
 121.8020833    12.500    68.656   362.176    -0.033     0.000     0.000     0.000     0.000     0.000     0.000     0.000     0.000
 121.8020833    12.000    68.914   362.182    -0.033     0.000     0.000     0.000     0.000     0.000     0.000     0.000     0.000
 121.8020833    11.500    69.173   362.190    -0.033     0.000     0.000     0.000     0.000     0.000     0.000     0.000     0.000
 121.8020833    11.000    69.430   362.202    -0.033     0.000     0.000     0.000     0.000     0.000     0.000     0.000     0.000
 121.8020833    10.500    69.687   362.218    -0.033     0.000     0.000     0.000     0.000     0.000     0.000     0.000     0.000
 121.8020833    10.000    69.942   362.237    -0.033   282.668   321.336    87.572    48.905    12.173   119.087   339.459   431.063
 121.8020833     9.500    64.366   323.394    -0.026   249.085   283.159    78.002    65.837    10.880   111.715   350.694   431.297
 121.8020833     9.000    58.753   274.760    -0.020   209.729   238.418    66.631    82.990     9.361   101.997   363.740   431.839
 121.8020833     8.500    53.987   228.100    -0.016   174.204   198.034    56.198    95.322     7.995    91.930   375.341   432.622
 121.8020833     8.000    49.639   186.805    -0.012   144.229   163.959    47.246   102.685     6.854    82.159   385.031   433.569
 121.8020833     7.500    45.392   151.792    -0.009   119.718   136.095    39.807   105.974     5.941    73.000   392.928   434.616
 121.8020833     7.000    41.167   122.827    -0.007   100.003   113.683    33.731   106.266     5.233    64.603   399.299   435.721
 121.8020833     6.500    36.941    99.285    -0.006    84.285    95.814    28.818   104.528     4.699    57.027   404.429   436.844
 121.8020833     6.000    32.772    80.369    -0.004    71.809    81.632    24.869   101.535     4.310    50.275   408.565   437.960
 121.8020833     5.500    28.765    65.268    -0.003    61.928    70.399    21.706    97.866     4.037    44.322   411.907   439.047
 121.8020833     5.000    24.978    53.306    -0.003    54.112    61.514    19.180    93.938     3.856    39.131   414.617   440.083
 121.8020833     4.500    21.483    43.870    -0.002    47.937    54.495    17.169    90.035     3.746    34.653   416.814   441.052
 121.8020833     4.000    18.314    36.487    -0.002    43.072    48.964    15.574    86.349     3.688    30.844   418.594   441.935
 121.8020833     3.500    15.485    30.795    -0.001    39.257    44.627    14.318    83.000     3.665    27.655   420.035   442.712
 121.8020833     3.000    13.011    26.499    -0.001    36.293    41.258    13.340    80.058     3.664    25.045   421.194   443.364
 121.8020833     2.500    10.912    23.341    -0.001    34.025    38.680    12.591    77.563     3.674    22.968   422.115   443.882
 121.8020833     2.000     9.188    21.133    -0.001    32.334    36.758    12.035    75.527     3.687    21.382   422.830   444.261
 121.8020833     1.500     7.839    19.713    -0.000    31.127    35.385    11.640    73.950     3.697    20.242   423.362   444.506
 121.8020833     1.000     6.874    18.928    -0.000    30.330    34.479    11.382    72.822     3.702    19.499   423.724   444.632
 121.8020833     0.500     6.301    18.637    -0.000     0.000     0.000     0.000     0.000     0.000     0.000     0.000     0.000
 121.8229167    23.000   -10.438   349.220    -0.053     0.000     0.000     0.000     0.000     0.000     0.000     0.000     0.000
 121.8229167    22.500   -10.186   349.083    -0.053     0.000     0.000     0.000     0.000     0.000     0.000     0.000     0.000
 121.8229167    22.000    -9.936   348.950    -0.053     0.000     0.000     0.000     0.000     0.000     0.000     0.000     0.000
 121.8229167    21.500    -9.688   348.820    -0.053     0.000     0.000     0.000     0.000     0.000     0.000     0.000     0.000
 121.8229167    21.000    -9.442   348.694    -0.053     0.000     0.000     0.000     0.000     0.000     0.000     0.000     0.000
 121.8229167    20.500    -9.197   348.571    -0.053     0.000     0.000     0.000     0.000     0.000     0.000     0.000     0.000
 121.8229167    20.000    -8.954   348.453    -0.053     0.000     0.000     0.000     0.000     0.000     0.000     0.000     0.000
 121.8229167    19.500    -8.714   348.338    -0.053     0.000     0.000     0.000     0.000     0.000     0.000     0.000     0.000
 121.8229167    19.000    -8.475   348.227    -0.053     0.000     0.000     0.000     0.000     0.000     0.000     0.000     0.000
 121.8229167    18.500    -8.239   348.121    -0.053     0.000     0.000     0.000     0.000     0.000     0.000     0.000     0.000
 121.8229167    18.000    -8.005   348.019    -0.053     0.000     0.000     0.000     0.000     0.000     0.000     0.000     0.000
 121.8229167    17.500    -7.773   347.921    -0.053     0.000     0.000     0.000     0.000     0.000     0.000     0.000     0.000
 121.8229167    17.000    -7.544   347.827    -0.053     0.000     0.000     0.000     0.000     0.000     0.000     0.000     0.000
 121.8229167    16.500    -7.317   347.738    -0.053     0.000     0.000     0.000     0.000     0.000     0.000     0.000     0.000
 121.8229167    16.000    -7.093   347.654    -0.053     0.000     0.000     0.000     0.000     0.000     0.000     0.000     0.000
 121.8229167    15.500    -6.872   347.574    -0.053     0.000     0.000     0.000     0.000     0.000     0.000     0.000     0.000
 121.8229167    15.000    -6.654   347.499    -0.053     0.000     0.000     0.000     0.000     0.000     0.000     0.000     0.000
 121.8229167    14.500    -6.440   347.429    -0.053     0.000     0.000     0.000     0.000     0.000     0.000     0.000     0.000
 121.8229167    14.000    -6.228   347.364    -0.053     0.000     0.000     0.000     0.000     0.000     0.000     0.000     0.000
 121.8229167    13.500    -6.021   347.304    -0.053     0.000     0.000     0.000     0.000     0.000     0.000     0.000     0.000
 121.8229167    13.000    -5.817   347.248    -0.053     0.000     0.000     0.000     0.000     0.000     0.000     0.000     0.000
 121.8229167    12.500    -5.617   347.198    -0.053     0.000     0.000     0.000     0.000     0.000     0.000     0.000     0.000
 121.8229167    12.000    -5.422   347.153    -0.053     0.000     0.000     0.000     0.000     0.000     0.000     0.000     0.000
 121.8229167    11.500    -5.231   347.112    -0.053     0.000     0.000     0.000     0.000     0.000     0.000     0.000     0.000
 121.8229167    11.000    -5.046   347.075    -0.053     0.000     0.000     0.000     0.000     0.000     0.000     0.000     0.000
 121.8229167    10.500    -4.866   347.042    -0.053     0.000     0.000     0.000     0.000     0.000     0.000     0.000     0.000
 121.8229167    10.000    -4.692   347.012    -0.053   210.507   251.357    81.217    40.367     9.721    93.819   343.457   430.429
 121.8229167     9.500    -1.176   309.416    -0.043   185.554   221.561    71.971    53.435     8.679    88.015   353.871   430.940
 121.8229167     9.000     3.964   262.715    -0.035   156.300   186.631    61.066    66.641     7.457    80.362   366.075   431.783
 121.8229167     8.500     9.330   217.957    -0.028   129.884   155.088    51.144    76.093     6.358    72.434   377.037   432.819
 121.8229167     8.000    13.805   178.487    -0.023   107.584   128.461    42.704    81.683     5.442    64.740   386.282   433.976
 121.8229167     7.500    16.981   145.130    -0.018    89.341   106.678    35.747    84.110     4.709    57.526   393.869   435.217
 121.8229167     7.000    18.852   117.688    -0.015    74.661    89.149    30.108    84.215     4.140    50.912   400.045   436.484
 121.8229167     6.500    19.588    95.494    -0.012    62.951    75.167    25.580    82.752     3.711    44.944   405.061   437.747
 121.8229167     6.000    19.447    77.732    -0.010    53.654    64.066    21.963    80.322     3.398    39.624   409.139   438.983
 121.8229167     5.500    18.643    63.647    -0.008    46.288    55.270    19.082    77.378     3.177    34.935   412.457   440.175
 121.8229167     5.000    17.405    52.545    -0.006    40.459    48.310    16.793    74.242     3.030    30.845   415.166   441.300
 121.8229167     4.500    15.924    43.833    -0.005    35.853    42.810    14.977    71.136     2.938    27.317   417.378   442.343
 121.8229167     4.000    14.351    37.026    -0.004    32.222    38.475    13.543    68.208     2.889    24.315   419.181   443.287
 121.8229167     3.500    12.782    31.756    -0.003    29.375    35.075    12.417    65.551     2.867    21.803   420.641   444.120
 121.8229167     3.000    11.272    27.757    -0.003    27.162    32.433    11.542    63.220     2.863    19.746   421.815   444.824
 121.8229167     2.500     9.883    24.794    -0.002    25.469    30.411    10.873    61.243     2.868    18.109   422.744   445.390
 121.8229167     2.000     8.671    22.667    -0.002    24.206    28.904    10.377    59.632     2.876    16.859   423.460   445.814
 121.8229167     1.500     7.670    21.223    -0.002    23.305    27.827    10.024    58.384     2.883    15.960   423.986   446.099
 121.8229167     1.000     6.899    20.336    -0.001    22.710    27.116     9.794    57.492     2.885    15.375   424.337   446.260
 121.8229167     0.500     6.387    19.876    -0.001     0.000     0.000     0.000     0.000     0.000     0.000     0.000     0.000
 121.8437500    23.000   -23.552   322.494    -0.062     0.000     0.000     0.000     0.000     0.000     0.000     0.000     0.000
 121.8437500    22.500   -23.417   322.423    -0.062     0.000     0.000     0.000     0.000     0.000     0.000     0.000     0.000
 121.8437500    22.000   -23.283   322.359    -0.062     0.000     0.000     0.000     0.000     0.000     0.000     0.000     0.000
 121.8437500    21.500   -23.148   322.302    -0.062     0.000     0.000     0.000     0.000     0.000     0.000     0.000     0.000
 121.8437500    21.000   -23.015   322.252    -0.062     0.000     0.000     0.000     0.000     0.000     0.000     0.000     0.000
 121.8437500    20.500   -22.881   322.209    -0.062     0.000     0.000     0.000     0.000     0.000     0.000     0.000     0.000
 121.8437500    20.000   -22.748   322.174    -0.062     0.000     0.000     0.000     0.000     0.000     0.000     0.000     0.000
 121.8437500    19.500   -22.615   322.147    -0.062     0.000     0.000     0.000     0.000     0.000     0.000     0.000     0.000
 121.8437500    19.000   -22.482   322.127    -0.062     0.000     0.000     0.000     0.000     0.000     0.000     0.000     0.000
 121.8437500    18.500   -22.350   322.116    -0.062     0.000     0.000     0.000     0.000     0.000     0.000     0.000     0.000
 121.8437500    18.000   -22.218   322.114    -0.062     0.000     0.000     0.000     0.000     0.000     0.000     0.000     0.000
 121.8437500    17.500   -22.086   322.120    -0.062     0.000     0.000     0.000     0.000     0.000     0.000     0.000     0.000
 121.8437500    17.000   -21.955   322.136    -0.062     0.000     0.000     0.000     0.000     0.000     0.000     0.000     0.000
 121.8437500    16.500   -21.824   322.162    -0.062     0.000     0.000     0.000     0.000     0.000     0.000     0.000     0.000
 121.8437500    16.000   -21.694   322.197    -0.062     0.000     0.000     0.000     0.000     0.000     0.000     0.000     0.000
 121.8437500    15.500   -21.564   322.243    -0.062     0.000     0.000     0.000     0.000     0.000     0.000     0.000     0.000
 121.8437500    15.000   -21.435   322.300    -0.062     0.000     0.000     0.000     0.000     0.000     0.000     0.000     0.000
 121.8437500    14.500   -21.306   322.368    -0.062     0.000     0.000     0.000     0.000     0.000     0.000     0.000     0.000
 121.8437500    14.000   -21.177   322.448    -0.062     0.000     0.000     0.000     0.000     0.000     0.000     0.000     0.000
 121.8437500    13.500   -21.049   322.541    -0.062     0.000     0.000     0.000     0.000     0.000     0.000     0.000     0.000
 121.8437500    13.000   -20.922   322.646    -0.062     0.000     0.000     0.000     0.000     0.000     0.000     0.000     0.000
 121.8437500    12.500   -20.795   322.764    -0.062     0.000     0.000     0.000     0.000     0.000     0.000     0.000     0.000
 121.8437500    12.000   -20.668   322.897    -0.062     0.000     0.000     0.000     0.000     0.000     0.000     0.000     0.000
 121.8437500    11.500   -20.542   323.045    -0.062     0.000     0.000     0.000     0.000     0.000     0.000     0.000     0.000
 121.8437500    11.000   -20.417   323.208    -0.062     0.000     0.000     0.000     0.000     0.000     0.000     0.000     0.000
 121.8437500    10.500   -20.293   323.389    -0.062     0.000     0.000     0.000     0.000     0.000     0.000     0.000     0.000
 121.8437500    10.000   -20.169   323.587    -0.062   180.383   221.268    78.184    37.298     8.683    83.182   366.371   431.414
 121.8437500     9.500   -14.578   286.283    -0.048   159.020   195.064    69.125    48.667     7.748    78.031   374.011   431.966
 121.8437500     9.000    -7.505   240.672    -0.037   133.973   164.340    58.472    60.129     6.650    71.241   383.005   432.820
 121.8437500     8.500    -1.014   197.906    -0.029   111.351   136.590    48.815    68.293     5.665    64.209   391.145   433.814
 121.8437500     8.000     4.630   160.250    -0.023    92.251   113.160    40.631    73.072     4.844    57.385   398.056   434.896
 121.8437500     7.500     8.820   128.639    -0.018    76.622    93.989    33.908    75.085     4.187    50.988   403.766   436.037
 121.8437500     7.000    11.532   102.878    -0.014    64.043    78.559    28.478    75.071     3.677    45.124   408.458   437.182
 121.8437500     6.500    12.983    82.252    -0.011    54.008    66.250    24.131    73.691     3.293    39.833   412.303   438.309
 121.8437500     6.000    13.463    65.936    -0.008    46.039    56.475    20.669    71.474     3.011    35.118   415.460   439.395
 121.8437500     5.500    13.235    53.151    -0.007    39.724    48.728    17.918    68.816     2.813    30.961   418.057   440.426
 121.8437500     5.000    12.533    43.223    -0.005    34.727    42.598    15.737    65.999     2.679    27.336   420.201   441.384
 121.8437500     4.500    11.555    35.572    -0.004    30.777    37.753    14.011    63.217     2.596    24.209   421.970   442.256
 121.8437500     4.000    10.449    29.729    -0.003    27.663    33.934    12.649    60.600     2.550    21.548   423.424   443.036
 121.8437500     3.500     9.290    25.375    -0.002    25.221    30.938    11.582    58.228     2.529    19.321   424.616   443.709
 121.8437500     3.000     8.171    22.212    -0.002    23.323    28.610    10.753    56.149     2.524    17.498   425.584   444.267
 121.8437500     2.500     7.139    20.029    -0.001    21.871    26.828    10.120    54.388     2.527    16.047   426.359   444.704
 121.8437500     2.000     6.248    18.633    -0.001    20.787    25.499     9.650    52.952     2.533    14.939   426.963   445.023
 121.8437500     1.500     5.515    17.895    -0.001    20.014    24.550     9.317    51.841     2.538    14.143   427.412   445.228
 121.8437500     1.000     4.967    17.684    -0.001    19.503    23.924     9.099    51.047     2.539    13.624   427.716   445.335
 121.8437500     0.500     4.625    17.886    -0.001     0.000     0.000     0.000     0.000     0.000     0.000     0.000     0.000
 121.8645833    23.000   -18.937   331.501    -0.080     0.000     0.000     0.000     0.000     0.000     0.000     0.000     0.000
 121.8645833    22.500   -18.887   331.650    -0.080     0.000     0.000     0.000     0.000     0.000     0.000     0.000     0.000
 121.8645833    22.000   -18.837   331.799    -0.080     0.000     0.000     0.000     0.000     0.000     0.000     0.000     0.000
 121.8645833    21.500   -18.788   331.949    -0.080     0.000     0.000     0.000     0.000     0.000     0.000     0.000     0.000
 121.8645833    21.000   -18.738   332.099    -0.080     0.000     0.000     0.000     0.000     0.000     0.000     0.000     0.000
 121.8645833    20.500   -18.689   332.251    -0.080     0.000     0.000     0.000     0.000     0.000     0.000     0.000     0.000
 121.8645833    20.000   -18.639   332.402    -0.080     0.000     0.000     0.000     0.000     0.000     0.000     0.000     0.000
 121.8645833    19.500   -18.589   332.555    -0.080     0.000     0.000     0.000     0.000     0.000     0.000     0.000     0.000
 121.8645833    19.000   -18.540   332.707    -0.080     0.000     0.000     0.000     0.000     0.000     0.000     0.000     0.000
 121.8645833    18.500   -18.490   332.861    -0.080     0.000     0.000     0.000     0.000     0.000     0.000     0.000     0.000
 121.8645833    18.000   -18.440   333.014    -0.080     0.000     0.000     0.000     0.000     0.000     0.000     0.000     0.000
 121.8645833    17.500   -18.391   333.168    -0.080     0.000     0.000     0.000     0.000     0.000     0.000     0.000     0.000
 121.8645833    17.000   -18.341   333.322    -0.080     0.000     0.000     0.000     0.000     0.000     0.000     0.000     0.000
 121.8645833    16.500   -18.291   333.476    -0.080     0.000     0.000     0.000     0.000     0.000     0.000     0.000     0.000
 121.8645833    16.000   -18.242   333.631    -0.080     0.000     0.000     0.000     0.000     0.000     0.000     0.000     0.000
 121.8645833    15.500   -18.192   333.785    -0.080     0.000     0.000     0.000     0.000     0.000     0.000     0.000     0.000
 121.8645833    15.000   -18.142   333.938    -0.080     0.000     0.000     0.000     0.000     0.000     0.000     0.000     0.000
 121.8645833    14.500   -18.093   334.092    -0.080     0.000     0.000     0.000     0.000     0.000     0.000     0.000     0.000
 121.8645833    14.000   -18.043   334.244    -0.080     0.000     0.000     0.000     0.000     0.000     0.000     0.000     0.000
 121.8645833    13.500   -17.993   334.396    -0.080     0.000     0.000     0.000     0.000     0.000     0.000     0.000     0.000
 121.8645833    13.000   -17.943   334.547    -0.080     0.000     0.000     0.000     0.000     0.000     0.000     0.000     0.000
 121.8645833    12.500   -17.894   334.697    -0.080     0.000     0.000     0.000     0.000     0.000     0.000     0.000     0.000
 121.8645833    12.000   -17.844   334.846    -0.080     0.000     0.000     0.000     0.000     0.000     0.000     0.000     0.000
 121.8645833    11.500   -17.794   334.992    -0.080     0.000     0.000     0.000     0.000     0.000     0.000     0.000     0.000
 121.8645833    11.000   -17.745   335.137    -0.080     0.000     0.000     0.000     0.000     0.000     0.000     0.000     0.000
 121.8645833    10.500   -17.695   335.279    -0.080     0.000     0.000     0.000     0.000     0.000     0.000     0.000     0.000
 121.8645833    10.000   -17.645   335.419    -0.080   179.025   219.851    78.027    37.201     8.637    82.709   379.885   432.875
 121.8645833     9.500   -12.409   297.124    -0.062   157.817   193.806    68.979    48.491     7.705    77.584   386.074   433.365
 121.8645833     9.000    -5.387   249.926    -0.048   132.952   163.270    58.341    59.870     6.614    70.830   393.322   434.171
 121.8645833     8.500     1.114   205.644    -0.037   110.495   135.693    48.699    67.970     5.633    63.836   399.891   435.115
 121.8645833     8.000     6.259   167.222    -0.029    91.536   112.410    40.528    72.708     4.816    57.049   405.501   436.125
 121.8645833     7.500    10.179   134.845    -0.022    76.023    93.360    33.818    74.698     4.162    50.688   410.165   437.173
 121.8645833     7.000    12.690   108.401    -0.017    63.539    78.029    28.398    74.674     3.655    44.857   414.015   438.225
 121.8645833     6.500    13.952    87.214    -0.013    53.580    65.799    24.061    73.294     3.273    39.596   417.192   439.252
 121.8645833     6.000    14.250    70.425    -0.010    45.672    56.087    20.606    71.083     2.992    34.908   419.817   440.236
 121.8645833     5.500    13.852    57.227    -0.008    39.405    48.392    17.862    68.435     2.795    30.775   421.991   441.164
 121.8645833     5.000    12.989    46.924    -0.006    34.446    42.302    15.686    65.630     2.662    27.171   423.796   442.022
 121.8645833     4.500    11.855    38.922    -0.005    30.527    37.489    13.964    62.862     2.580    24.062   425.292   442.802
 121.8645833     4.000    10.623    32.713    -0.004    27.438    33.695    12.606    60.258     2.533    21.417   426.526   443.498
 121.8645833     3.500     9.342    28.001    -0.003    25.015    30.719    11.542    57.898     2.512    19.203   427.544   444.096
 121.8645833     3.000     8.112    24.467    -0.002    23.132    28.407    10.715    55.829     2.507    17.391   428.374   444.589
 121.8645833     2.500     6.971    21.909    -0.002    21.691    26.637    10.084    54.077     2.510    15.949   429.043   444.973
 121.8645833     2.000     5.971    20.131    -0.001    20.616    25.317     9.616    52.649     2.516    14.847   429.567   445.249
 121.8645833     1.500     5.133    18.994    -0.001    19.849    24.375     9.283    51.544     2.520    14.055   429.959   445.426
 121.8645833     1.000     4.478    18.375    -0.001    19.342    23.753     9.066    50.754     2.522    13.539   430.227   445.515
 121.8645833     0.500     4.030    18.156    -0.001     0.000     0.000     0.000     0.000     0.000     0.000     0.000     0.000
 121.8854167    23.000   -26.603   305.686    -0.130     0.000     0.000     0.000     0.000     0.000     0.000     0.000     0.000
 121.8854167    22.500   -26.598   306.164    -0.130     0.000     0.000     0.000     0.000     0.000     0.000     0.000     0.000
 121.8854167    22.000   -26.594   306.641    -0.130     0.000     0.000     0.000     0.000     0.000     0.000     0.000     0.000
 121.8854167    21.500   -26.591   307.119    -0.130     0.000     0.000     0.000     0.000     0.000     0.000     0.000     0.000
 121.8854167    21.000   -26.589   307.597    -0.130     0.000     0.000     0.000     0.000     0.000     0.000     0.000     0.000
 121.8854167    20.500   -26.588   308.074    -0.130     0.000     0.000     0.000     0.000     0.000     0.000     0.000     0.000
 121.8854167    20.000   -26.587   308.551    -0.130     0.000     0.000     0.000     0.000     0.000     0.000     0.000     0.000
 121.8854167    19.500   -26.587   309.027    -0.130     0.000     0.000     0.000     0.000     0.000     0.000     0.000     0.000
 121.8854167    19.000   -26.588   309.503    -0.130     0.000     0.000     0.000     0.000     0.000     0.000     0.000     0.000
 121.8854167    18.500   -26.590   309.978    -0.130     0.000     0.000     0.000     0.000     0.000     0.000     0.000     0.000
 121.8854167    18.000   -26.593   310.451    -0.130     0.000     0.000     0.000     0.000     0.000     0.000     0.000     0.000
 121.8854167    17.500   -26.596   310.924    -0.130     0.000     0.000     0.000     0.000     0.000     0.000     0.000     0.000
 121.8854167    17.000   -26.600   311.395    -0.130     0.000     0.000     0.000     0.000     0.000     0.000     0.000     0.000
 121.8854167    16.500   -26.606   311.864    -0.130     0.000     0.000     0.000     0.000     0.000     0.000     0.000     0.000
 121.8854167    16.000   -26.612   312.332    -0.130     0.000     0.000     0.000     0.000     0.000     0.000     0.000     0.000
 121.8854167    15.500   -26.619   312.798    -0.130     0.000     0.000     0.000     0.000     0.000     0.000     0.000     0.000
 121.8854167    15.000   -26.627   313.261    -0.130     0.000     0.000     0.000     0.000     0.000     0.000     0.000     0.000
 121.8854167    14.500   -26.635   313.721    -0.130     0.000     0.000     0.000     0.000     0.000     0.000     0.000     0.000
 121.8854167    14.000   -26.645   314.179    -0.130     0.000     0.000     0.000     0.000     0.000     0.000     0.000     0.000
 121.8854167    13.500   -26.656   314.634    -0.130     0.000     0.000     0.000     0.000     0.000     0.000     0.000     0.000
 121.8854167    13.000   -26.667   315.085    -0.130     0.000     0.000     0.000     0.000     0.000     0.000     0.000     0.000
 121.8854167    12.500   -26.680   315.532    -0.130     0.000     0.000     0.000     0.000     0.000     0.000     0.000     0.000
 121.8854167    12.000   -26.693   315.975    -0.130     0.000     0.000     0.000     0.000     0.000     0.000     0.000     0.000
 121.8854167    11.500   -26.708   316.413    -0.130     0.000     0.000     0.000     0.000     0.000     0.000     0.000     0.000
 121.8854167    11.000   -26.724   316.847    -0.130     0.000     0.000     0.000     0.000     0.000     0.000     0.000     0.000
 121.8854167    10.500   -26.740   317.275    -0.130     0.000     0.000     0.000     0.000     0.000     0.000     0.000     0.000
 121.8854167    10.000   -26.758   317.697    -0.130   160.562   200.372    75.877    36.068     7.994    76.190   382.080   432.123
 121.8854167     9.500   -19.605   280.200    -0.098   141.511   176.597    66.985    46.223     7.127    71.448   387.852   432.669
 121.8854167     9.000   -10.479   234.179    -0.074   119.180   148.729    56.548    56.418     6.112    65.204   394.632   433.539
 121.8854167     8.500    -2.271   191.322    -0.056    99.018   123.569    47.108    63.621     5.201    58.743   400.803   434.543
 121.8854167     8.000     4.201   154.385    -0.042    82.002   102.333    39.126    67.768     4.441    52.480   406.099   435.605
 121.8854167     7.500     8.786   123.821    -0.032    68.084    84.964    32.585    69.425     3.834    46.615   410.538   436.682
 121.8854167     7.000    11.753    99.046    -0.024    56.886    70.990    27.313    69.263     3.363    41.241   414.214   437.762
 121.8854167     6.500    13.455    79.189    -0.018    47.956    59.846    23.101    67.883     3.008    36.395   417.243   438.833
 121.8854167     6.000    14.081    63.549    -0.014    40.866    50.999    19.753    65.763     2.747    32.078   419.750   439.871
 121.8854167     5.500    13.892    51.378    -0.010    35.251    43.991    17.097    63.258     2.563    28.275   421.830   440.858
 121.8854167     5.000    13.197    41.924    -0.008    30.807    38.446    14.994    60.625     2.439    24.958   423.554   441.788
 121.8854167     4.500    12.178    34.660    -0.006    27.297    34.064    13.332    58.037     2.361    22.098   424.988   442.639
 121.8854167     4.000    10.987    29.125    -0.005    24.530    30.612    12.023    55.609     2.316    19.666   426.173   443.407
 121.8854167     3.500     9.736    24.983    -0.003    22.360    27.904    10.997    53.413     2.296    17.630   427.153   444.073
 121.8854167     3.000     8.498    21.965    -0.003    20.674    25.800    10.202    51.491     2.289    15.963   427.953   444.630
 121.8854167     2.500     7.358    19.828    -0.002    19.384    24.190     9.594    49.865     2.291    14.637   428.595   445.074
 121.8854167     2.000     6.328    18.446    -0.001    18.422    22.989     9.144    48.541     2.295    13.624   429.100   445.398
 121.8854167     1.500     5.451    17.661    -0.001    17.735    22.132     8.824    47.517     2.298    12.896   429.479   445.612
 121.8854167     1.000     4.755    17.348    -0.001    17.282    21.567     8.614    46.785     2.299    12.421   429.735   445.729
 121.8854167     0.500     4.253    17.410    -0.001     0.000     0.000     0.000     0.000     0.000     0.000     0.000     0.000
 121.9062500    23.000   -28.116   281.514    -0.166     0.000     0.000     0.000     0.000     0.000     0.000     0.000     0.000
 121.9062500    22.500   -28.217   282.180    -0.166     0.000     0.000     0.000     0.000     0.000     0.000     0.000     0.000
 121.9062500    22.000   -28.318   282.843    -0.166     0.000     0.000     0.000     0.000     0.000     0.000     0.000     0.000
 121.9062500    21.500   -28.418   283.503    -0.166     0.000     0.000     0.000     0.000     0.000     0.000     0.000     0.000
 121.9062500    21.000   -28.518   284.160    -0.166     0.000     0.000     0.000     0.000     0.000     0.000     0.000     0.000
 121.9062500    20.500   -28.618   284.814    -0.166     0.000     0.000     0.000     0.000     0.000     0.000     0.000     0.000
 121.9062500    20.000   -28.718   285.465    -0.166     0.000     0.000     0.000     0.000     0.000     0.000     0.000     0.000
 121.9062500    19.500   -28.818   286.112    -0.166     0.000     0.000     0.000     0.000     0.000     0.000     0.000     0.000
 121.9062500    19.000   -28.918   286.756    -0.166     0.000     0.000     0.000     0.000     0.000     0.000     0.000     0.000
 121.9062500    18.500   -29.017   287.396    -0.166     0.000     0.000     0.000     0.000     0.000     0.000     0.000     0.000
 121.9062500    18.000   -29.117   288.033    -0.166     0.000     0.000     0.000     0.000     0.000     0.000     0.000     0.000
 121.9062500    17.500   -29.216   288.666    -0.166     0.000     0.000     0.000     0.000     0.000     0.000     0.000     0.000
 121.9062500    17.000   -29.315   289.295    -0.166     0.000     0.000     0.000     0.000     0.000     0.000     0.000     0.000
 121.9062500    16.500   -29.414   289.920    -0.166     0.000     0.000     0.000     0.000     0.000     0.000     0.000     0.000
 121.9062500    16.000   -29.514   290.541    -0.166     0.000     0.000     0.000     0.000     0.000     0.000     0.000     0.000
 121.9062500    15.500   -29.613   291.157    -0.166     0.000     0.000     0.000     0.000     0.000     0.000     0.000     0.000
 121.9062500    15.000   -29.712   291.769    -0.166     0.000     0.000     0.000     0.000     0.000     0.000     0.000     0.000
 121.9062500    14.500   -29.812   292.377    -0.166     0.000     0.000     0.000     0.000     0.000     0.000     0.000     0.000
 121.9062500    14.000   -29.911   292.979    -0.166     0.000     0.000     0.000     0.000     0.000     0.000     0.000     0.000
 121.9062500    13.500   -30.011   293.577    -0.166     0.000     0.000     0.000     0.000     0.000     0.000     0.000     0.000
 121.9062500    13.000   -30.110   294.169    -0.166     0.000     0.000     0.000     0.000     0.000     0.000     0.000     0.000
 121.9062500    12.500   -30.210   294.756    -0.166     0.000     0.000     0.000     0.000     0.000     0.000     0.000     0.000
 121.9062500    12.000   -30.310   295.338    -0.166     0.000     0.000     0.000     0.000     0.000     0.000     0.000     0.000
 121.9062500    11.500   -30.411   295.913    -0.166     0.000     0.000     0.000     0.000     0.000     0.000     0.000     0.000
 121.9062500    11.000   -30.512   296.482    -0.166     0.000     0.000     0.000     0.000     0.000     0.000     0.000     0.000
 121.9062500    10.500   -30.613   297.045    -0.166     0.000     0.000     0.000     0.000     0.000     0.000     0.000     0.000
 121.9062500    10.000   -30.715   297.600    -0.166   144.802   182.407    73.305    35.700     7.418    70.448   382.788   431.632
 121.9062500     9.500   -22.559   261.586    -0.125   127.570   160.700    64.644    44.773     6.609    66.032   388.389   432.201
 121.9062500     9.000   -12.594   217.797    -0.094   107.380   135.267    54.492    53.826     5.662    60.226   395.002   433.070
 121.9062500     8.500    -3.777   177.252    -0.071    89.162   112.317    45.324    60.148     4.813    54.227   401.036   434.058
 121.9062500     8.000     3.147   142.452    -0.054    73.795    92.960    37.585    63.697     4.105    48.420   406.217   435.099
 121.9062500     7.500     8.081   113.765    -0.040    61.234    77.136    31.254    64.997     3.540    42.986   410.560   436.157
 121.9062500     7.000    11.294    90.634    -0.030    51.133    64.412    26.158    64.663     3.101    38.014   414.164   437.208
 121.9062500     6.500    13.101    72.267    -0.023    43.083    54.271    22.093    63.242     2.770    33.534   417.137   438.246
 121.9062500     6.000    13.820    57.849    -0.017    36.695    46.225    18.866    61.169     2.527    29.546   419.588   439.261
 121.9062500     5.500    13.758    46.629    -0.013    31.638    39.854    16.310    58.767     2.355    26.033   421.616   440.233
 121.9062500     5.000    13.141    37.990    -0.010    27.638    34.815    14.288    56.266     2.238    22.972   423.296   441.149
 121.9062500     4.500    12.177    31.394    -0.007    24.479    30.836    12.692    53.822     2.164    20.334   424.688   441.996
 121.9062500     4.000    11.030    26.405    -0.006    21.990    27.701    11.435    51.538     2.122    18.090   425.837   442.765
 121.9062500     3.500     9.800    22.715    -0.004    20.039    25.243    10.451    49.479     2.101    16.213   426.782   443.437
 121.9062500     3.000     8.580    20.059    -0.003    18.524    23.334     9.689    47.681     2.094    14.676   427.554   444.003
 121.9062500     2.500     7.450    18.216    -0.002    17.364    21.874     9.107    46.161     2.094    13.453   428.172   444.456
 121.9062500     2.000     6.421    17.064    -0.002    16.500    20.785     8.675    44.925     2.097    12.519   428.656   444.793
 121.9062500     1.500     5.542    16.453    -0.001    15.883    20.007     8.368    43.970     2.099    11.848   429.017   445.019
 121.9062500     1.000     4.825    16.287    -0.001    15.475    19.494     8.168    43.289     2.099    11.410   429.262   445.145
 121.9062500     0.500     4.292    16.463    -0.001     0.000     0.000     0.000     0.000     0.000     0.000     0.000     0.000
 121.9270833    23.000   -36.095   209.597    -0.161     0.000     0.000     0.000     0.000     0.000     0.000     0.000     0.000
 121.9270833    22.500   -36.247   210.198    -0.161     0.000     0.000     0.000     0.000     0.000     0.000     0.000     0.000
 121.9270833    22.000   -36.401   210.797    -0.161     0.000     0.000     0.000     0.000     0.000     0.000     0.000     0.000
 121.9270833    21.500   -36.556   211.394    -0.161     0.000     0.000     0.000     0.000     0.000     0.000     0.000     0.000
 121.9270833    21.000   -36.711   211.988    -0.161     0.000     0.000     0.000     0.000     0.000     0.000     0.000     0.000
 121.9270833    20.500   -36.867   212.579    -0.161     0.000     0.000     0.000     0.000     0.000     0.000     0.000     0.000
 121.9270833    20.000   -37.024   213.169    -0.161     0.000     0.000     0.000     0.000     0.000     0.000     0.000     0.000
 121.9270833    19.500   -37.182   213.755    -0.161     0.000     0.000     0.000     0.000     0.000     0.000     0.000     0.000
 121.9270833    19.000   -37.340   214.339    -0.161     0.000     0.000     0.000     0.000     0.000     0.000     0.000     0.000
 121.9270833    18.500   -37.499   214.921    -0.161     0.000     0.000     0.000     0.000     0.000     0.000     0.000     0.000
 121.9270833    18.000   -37.660   215.499    -0.161     0.000     0.000     0.000     0.000     0.000     0.000     0.000     0.000
 121.9270833    17.500   -37.820   216.074    -0.161     0.000     0.000     0.000     0.000     0.000     0.000     0.000     0.000
 121.9270833    17.000   -37.982   216.646    -0.161     0.000     0.000     0.000     0.000     0.000     0.000     0.000     0.000
 121.9270833    16.500   -38.144   217.215    -0.161     0.000     0.000     0.000     0.000     0.000     0.000     0.000     0.000
 121.9270833    16.000   -38.308   217.781    -0.161     0.000     0.000     0.000     0.000     0.000     0.000     0.000     0.000
 121.9270833    15.500   -38.471   218.342    -0.161     0.000     0.000     0.000     0.000     0.000     0.000     0.000     0.000
 121.9270833    15.000   -38.636   218.900    -0.161     0.000     0.000     0.000     0.000     0.000     0.000     0.000     0.000
 121.9270833    14.500   -38.801   219.454    -0.161     0.000     0.000     0.000     0.000     0.000     0.000     0.000     0.000
 121.9270833    14.000   -38.967   220.004    -0.161     0.000     0.000     0.000     0.000     0.000     0.000     0.000     0.000
 121.9270833    13.500   -39.134   220.550    -0.161     0.000     0.000     0.000     0.000     0.000     0.000     0.000     0.000
 121.9270833    13.000   -39.301   221.091    -0.161     0.000     0.000     0.000     0.000     0.000     0.000     0.000     0.000
 121.9270833    12.500   -39.469   221.628    -0.161     0.000     0.000     0.000     0.000     0.000     0.000     0.000     0.000
 121.9270833    12.000   -39.637   222.159    -0.161     0.000     0.000     0.000     0.000     0.000     0.000     0.000     0.000
 121.9270833    11.500   -39.807   222.685    -0.161     0.000     0.000     0.000     0.000     0.000     0.000     0.000     0.000
 121.9270833    11.000   -39.976   223.206    -0.161     0.000     0.000     0.000     0.000     0.000     0.000     0.000     0.000
 121.9270833    10.500   -40.146   223.720    -0.161     0.000     0.000     0.000     0.000     0.000     0.000     0.000     0.000
 121.9270833    10.000   -40.317   224.228    -0.161    85.536   113.228    62.721    35.030     5.192    48.349   383.688   427.073
 121.9270833     9.500   -30.444   195.881    -0.120    75.310    99.691    55.040    39.790     4.613    45.232   388.544   427.716
 121.9270833     9.000   -19.071   162.154    -0.090    63.338    83.843    46.090    44.302     3.937    41.157   394.336   428.637
 121.9270833     8.500    -9.196   131.341    -0.067    52.544    69.555    38.066    47.126     3.332    36.973   399.654   429.673
 121.9270833     8.000    -1.418   105.172    -0.050    43.448    57.514    31.342    48.308     2.830    32.944   404.242   430.768
 121.9270833     7.500     4.257    83.805    -0.037    36.020    47.680    25.880    48.195     2.428    29.191   408.104   431.894
 121.9270833     7.000     8.091    66.780    -0.028    30.052    39.780    21.515    47.178     2.117    25.771   411.321   433.032
 121.9270833     6.500    10.446    53.421    -0.021    25.299    33.489    18.057    45.592     1.881    22.699   413.989   434.169
 121.9270833     6.000    11.659    43.060    -0.015    21.531    28.502    15.328    43.698     1.708    19.972   416.203   435.292
 121.9270833     5.500    12.057    35.082    -0.011    18.550    24.556    13.179    41.688     1.583    17.575   418.043   436.384
 121.9270833     5.000    11.870    28.995    -0.009    16.194    21.437    11.488    39.696     1.498    15.490   419.572   437.434
 121.9270833     4.500    11.302    24.393    -0.006    14.335    18.976    10.158    37.808     1.442    13.695   420.841   438.421
 121.9270833     4.000    10.515    20.943    -0.005    12.871    17.037     9.115    36.081     1.408    12.171   421.893   439.330
 121.9270833     3.500     9.593    18.436    -0.004    11.723    15.519     8.301    34.546     1.389    10.896   422.759   440.141
 121.9270833     3.000     8.634    16.671    -0.003    10.833    14.340     7.672    33.220     1.380     9.853   423.468   440.837
 121.9270833     2.500     7.696    15.508    -0.002    10.151    13.438     7.192    32.110     1.377     9.023   424.037   441.406
 121.9270833     2.000     6.824    14.833    -0.001     9.644    12.766     6.837    31.213     1.376     8.389   424.481   441.840
 121.9270833     1.500     6.052    14.548    -0.001     9.281    12.286     6.585    30.523     1.375     7.933   424.812   442.143
 121.9270833     1.000     5.405    14.569    -0.001     9.042    11.969     6.419    30.034     1.374     7.636   425.033   442.324
 121.9270833     0.500     4.893    14.828    -0.001     0.000     0.000     0.000     0.000     0.000     0.000     0.000     0.000
 121.9479167    23.000   -29.020   260.977    -0.350     0.000     0.000     0.000     0.000     0.000     0.000     0.000     0.000
 121.9479167    22.500   -29.102   261.329    -0.350     0.000     0.000     0.000     0.000     0.000     0.000     0.000     0.000
 121.9479167    22.000   -29.182   261.676    -0.350     0.000     0.000     0.000     0.000     0.000     0.000     0.000     0.000
 121.9479167    21.500   -29.260   262.020    -0.350     0.000     0.000     0.000     0.000     0.000     0.000     0.000     0.000
 121.9479167    21.000   -29.337   262.358    -0.350     0.000     0.000     0.000     0.000     0.000     0.000     0.000     0.000
 121.9479167    20.500   -29.412   262.692    -0.350     0.000     0.000     0.000     0.000     0.000     0.000     0.000     0.000
 121.9479167    20.000   -29.484   263.021    -0.350     0.000     0.000     0.000     0.000     0.000     0.000     0.000     0.000
 121.9479167    19.500   -29.555   263.346    -0.350     0.000     0.000     0.000     0.000     0.000     0.000     0.000     0.000
 121.9479167    19.000   -29.625   263.665    -0.350     0.000     0.000     0.000     0.000     0.000     0.000     0.000     0.000
 121.9479167    18.500   -29.692   263.980    -0.350     0.000     0.000     0.000     0.000     0.000     0.000     0.000     0.000
 121.9479167    18.000   -29.757   264.289    -0.350     0.000     0.000     0.000     0.000     0.000     0.000     0.000     0.000
 121.9479167    17.500   -29.820   264.594    -0.350     0.000     0.000     0.000     0.000     0.000     0.000     0.000     0.000
 121.9479167    17.000   -29.882   264.893    -0.350     0.000     0.000     0.000     0.000     0.000     0.000     0.000     0.000
 121.9479167    16.500   -29.941   265.186    -0.350     0.000     0.000     0.000     0.000     0.000     0.000     0.000     0.000
 121.9479167    16.000   -29.998   265.475    -0.350     0.000     0.000     0.000     0.000     0.000     0.000     0.000     0.000
 121.9479167    15.500   -30.053   265.757    -0.350     0.000     0.000     0.000     0.000     0.000     0.000     0.000     0.000
 121.9479167    15.000   -30.106   266.034    -0.350     0.000     0.000     0.000     0.000     0.000     0.000     0.000     0.000
 121.9479167    14.500   -30.157   266.305    -0.350     0.000     0.000     0.000     0.000     0.000     0.000     0.000     0.000
 121.9479167    14.000   -30.205   266.570    -0.350     0.000     0.000     0.000     0.000     0.000     0.000     0.000     0.000
 121.9479167    13.500   -30.252   266.829    -0.350     0.000     0.000     0.000     0.000     0.000     0.000     0.000     0.000
 121.9479167    13.000   -30.296   267.081    -0.350     0.000     0.000     0.000     0.000     0.000     0.000     0.000     0.000
 121.9479167    12.500   -30.337   267.327    -0.350     0.000     0.000     0.000     0.000     0.000     0.000     0.000     0.000
 121.9479167    12.000   -30.376   267.566    -0.350     0.000     0.000     0.000     0.000     0.000     0.000     0.000     0.000
 121.9479167    11.500   -30.413   267.798    -0.350     0.000     0.000     0.000     0.000     0.000     0.000     0.000     0.000
 121.9479167    11.000   -30.446   268.022    -0.350     0.000     0.000     0.000     0.000     0.000     0.000     0.000     0.000
 121.9479167    10.500   -30.478   268.238    -0.350     0.000     0.000     0.000     0.000     0.000     0.000     0.000     0.000
 121.9479167    10.000   -30.506   268.446    -0.350   123.296   158.364    70.309    35.241     6.663    62.908   379.534   428.043
 121.9479167     9.500   -22.132   235.459    -0.265   108.459   139.307    61.900    42.914     5.927    58.893   385.137   428.563
 121.9479167     9.000   -12.387   195.994    -0.201    91.107   117.020    52.062    50.478     5.066    53.632   391.783   429.315
 121.9479167     8.500    -3.882   159.656    -0.152    75.483    96.951    43.199    55.638     4.295    48.217   397.836   430.161
 121.9479167     8.000     2.764   128.566    -0.115    62.333    80.062    35.734    58.387     3.654    42.992   403.012   431.053
 121.9479167     7.500     7.479   103.003    -0.087    51.608    66.286    29.642    59.199     3.142    38.119   407.322   431.967
 121.9479167     7.000    10.497    82.476    -0.066    43.003    55.234    24.750    58.617     2.744    33.669   410.870   432.883
 121.9479167     6.500    12.192    66.184    -0.050    36.159    46.443    20.856    57.123     2.444    29.669   413.775   433.797
 121.9479167     6.000    12.879    53.379    -0.038    30.739    39.482    17.771    55.095     2.223    26.114   416.152   434.697
 121.9479167     5.500    12.825    43.392    -0.029    26.456    33.980    15.332    52.813     2.065    22.989   418.096   435.575
 121.9479167     5.000    12.275    35.638    -0.022    23.074    29.637    13.407    50.474     1.958    20.268   419.690   436.417
 121.9479167     4.500    11.393    29.672    -0.016    20.407    26.211    11.889    48.211     1.889    17.925   420.997   437.208
 121.9479167     4.000    10.333    25.107    -0.012    18.309    23.516    10.695    46.111     1.847    15.934   422.066   437.935
 121.9479167     3.500     9.204    21.658    -0.009    16.666    21.406     9.761    44.226     1.826    14.269   422.939   438.580
 121.9479167     3.000     8.089    19.091    -0.007    15.391    19.769     9.038    42.586     1.817    12.907   423.645   439.132
 121.9479167     2.500     7.046    17.227    -0.005    14.417    18.517     8.487    41.204     1.814    11.823   424.205   439.582
 121.9479167     2.000     6.117    15.932    -0.004    13.691    17.585     8.078    40.083     1.815    10.996   424.640   439.924
 121.9479167     1.500     5.328    15.097    -0.003    13.173    16.919     7.787    39.218     1.815    10.401   424.961   440.160
 121.9479167     1.000     4.698    14.626    -0.002    12.831    16.480     7.597    38.602     1.814    10.012   425.176   440.296
 121.9479167     0.500     4.247    14.429    -0.002     0.000     0.000     0.000     0.000     0.000     0.000     0.000     0.000
 121.9687500    23.000   -28.540   227.793    -0.458     0.000     0.000     0.000     0.000     0.000     0.000     0.000     0.000
 121.9687500    22.500   -28.777   227.936    -0.458     0.000     0.000     0.000     0.000     0.000     0.000     0.000     0.000
 121.9687500    22.000   -29.014   228.076    -0.458     0.000     0.000     0.000     0.000     0.000     0.000     0.000     0.000
 121.9687500    21.500   -29.251   228.214    -0.458     0.000     0.000     0.000     0.000     0.000     0.000     0.000     0.000
 121.9687500    21.000   -29.488   228.350    -0.458     0.000     0.000     0.000     0.000     0.000     0.000     0.000     0.000
 121.9687500    20.500   -29.726   228.484    -0.458     0.000     0.000     0.000     0.000     0.000     0.000     0.000     0.000
 121.9687500    20.000   -29.964   228.615    -0.458     0.000     0.000     0.000     0.000     0.000     0.000     0.000     0.000
 121.9687500    19.500   -30.202   228.744    -0.458     0.000     0.000     0.000     0.000     0.000     0.000     0.000     0.000
 121.9687500    19.000   -30.440   228.870    -0.458     0.000     0.000     0.000     0.000     0.000     0.000     0.000     0.000
 121.9687500    18.500   -30.678   228.994    -0.458     0.000     0.000     0.000     0.000     0.000     0.000     0.000     0.000
 121.9687500    18.000   -30.917   229.115    -0.458     0.000     0.000     0.000     0.000     0.000     0.000     0.000     0.000
 121.9687500    17.500   -31.156   229.233    -0.458     0.000     0.000     0.000     0.000     0.000     0.000     0.000     0.000
 121.9687500    17.000   -31.396   229.349    -0.458     0.000     0.000     0.000     0.000     0.000     0.000     0.000     0.000
 121.9687500    16.500   -31.635   229.461    -0.458     0.000     0.000     0.000     0.000     0.000     0.000     0.000     0.000
 121.9687500    16.000   -31.875   229.571    -0.458     0.000     0.000     0.000     0.000     0.000     0.000     0.000     0.000
 121.9687500    15.500   -32.115   229.677    -0.458     0.000     0.000     0.000     0.000     0.000     0.000     0.000     0.000
 121.9687500    15.000   -32.355   229.780    -0.458     0.000     0.000     0.000     0.000     0.000     0.000     0.000     0.000
 121.9687500    14.500   -32.596   229.880    -0.458     0.000     0.000     0.000     0.000     0.000     0.000     0.000     0.000
 121.9687500    14.000   -32.837   229.976    -0.458     0.000     0.000     0.000     0.000     0.000     0.000     0.000     0.000
 121.9687500    13.500   -33.079   230.069    -0.458     0.000     0.000     0.000     0.000     0.000     0.000     0.000     0.000
 121.9687500    13.000   -33.320   230.158    -0.458     0.000     0.000     0.000     0.000     0.000     0.000     0.000     0.000
 121.9687500    12.500   -33.562   230.243    -0.458     0.000     0.000     0.000     0.000     0.000     0.000     0.000     0.000
 121.9687500    12.000   -33.805   230.323    -0.458     0.000     0.000     0.000     0.000     0.000     0.000     0.000     0.000
 121.9687500    11.500   -34.047   230.400    -0.458     0.000     0.000     0.000     0.000     0.000     0.000     0.000     0.000
 121.9687500    11.000   -34.291   230.471    -0.458     0.000     0.000     0.000     0.000     0.000     0.000     0.000     0.000
 121.9687500    10.500   -34.534   230.538    -0.458     0.000     0.000     0.000     0.000     0.000     0.000     0.000     0.000
 121.9687500    10.000   -34.778   230.600    -0.458    88.119   117.279    64.320    35.160     5.357    49.937   377.109   424.654
 121.9687500     9.500   -25.306   201.943    -0.347    77.419   103.038    56.456    40.266     4.755    46.673   382.557   425.215
 121.9687500     9.000   -14.331   167.890    -0.263    64.924    86.408    47.288    45.118     4.052    42.417   389.029   426.020
 121.9687500     8.500    -4.803   136.733    -0.199    53.692    71.460    39.064    48.180     3.423    38.058   394.935   426.927
 121.9687500     8.000     2.627   110.252    -0.151    44.257    58.902    32.169    49.498     2.902    33.871   399.990   427.893
 121.9687500     7.500     7.998    88.550    -0.114    36.575    48.678    26.566    49.445     2.486    29.981   404.201   428.897
 121.9687500     7.000    11.536    71.193    -0.086    30.423    40.490    22.087    48.433     2.163    26.441   407.666   429.926
 121.9687500     6.500    13.604    57.496    -0.065    25.538    33.989    18.537    46.818     1.918    23.268   410.503   430.970
 121.9687500     6.000    14.542    46.786    -0.049    21.676    28.849    15.735    44.877     1.738    20.455   412.822   432.021
 121.9687500     5.500    14.651    38.464    -0.037    18.629    24.793    13.528    42.810     1.608    17.986   414.720   433.064
 121.9687500     5.000    14.182    32.029    -0.028    16.226    21.596    11.791    40.758     1.519    15.839   416.275   434.084
 121.9687500     4.500    13.351    27.052    -0.021    14.334    19.077    10.425    38.813     1.460    13.994   417.547   435.062
 121.9687500     4.000    12.295    23.237    -0.016    12.847    17.098     9.353    37.033     1.423    12.427   418.587   435.976
 121.9687500     3.500    11.129    20.343    -0.012    11.683    15.550     8.517    35.451     1.402    11.118   419.433   436.805
 121.9687500     3.000     9.944    18.183    -0.009    10.781    14.349     7.870    34.085     1.392    10.047   420.116   437.527
 121.9687500     2.500     8.800    16.613    -0.007    10.092    13.432     7.378    32.941     1.388     9.195   420.658   438.127
 121.9687500     2.000     7.750    15.517    -0.005     9.579    12.749     7.012    32.017     1.386     8.545   421.078   438.594
 121.9687500     1.500     6.829    14.799    -0.004     9.213    12.262     6.753    31.307     1.384     8.077   421.384   438.927
 121.9687500     1.000     6.059    14.383    -0.003     8.972    11.941     6.583    30.803     1.382     7.771   421.588   439.131
 121.9687500     0.500     5.458    14.198    -0.002     0.000     0.000     0.000     0.000     0.000     0.000     0.000     0.000
 121.9895833    23.000   -32.545   191.068    -0.518     0.000     0.000     0.000     0.000     0.000     0.000     0.000     0.000
 121.9895833    22.500   -32.689   191.125    -0.518     0.000     0.000     0.000     0.000     0.000     0.000     0.000     0.000
 121.9895833    22.000   -32.833   191.181    -0.518     0.000     0.000     0.000     0.000     0.000     0.000     0.000     0.000
 121.9895833    21.500   -32.978   191.236    -0.518     0.000     0.000     0.000     0.000     0.000     0.000     0.000     0.000
 121.9895833    21.000   -33.123   191.291    -0.518     0.000     0.000     0.000     0.000     0.000     0.000     0.000     0.000
 121.9895833    20.500   -33.268   191.344    -0.518     0.000     0.000     0.000     0.000     0.000     0.000     0.000     0.000
 121.9895833    20.000   -33.413   191.397    -0.518     0.000     0.000     0.000     0.000     0.000     0.000     0.000     0.000
 121.9895833    19.500   -33.558   191.448    -0.518     0.000     0.000     0.000     0.000     0.000     0.000     0.000     0.000
 121.9895833    19.000   -33.704   191.499    -0.518     0.000     0.000     0.000     0.000     0.000     0.000     0.000     0.000
 121.9895833    18.500   -33.850   191.548    -0.518     0.000     0.000     0.000     0.000     0.000     0.000     0.000     0.000
 121.9895833    18.000   -33.996   191.596    -0.518     0.000     0.000     0.000     0.000     0.000     0.000     0.000     0.000
 121.9895833    17.500   -34.143   191.643    -0.518     0.000     0.000     0.000     0.000     0.000     0.000     0.000     0.000
 121.9895833    17.000   -34.289   191.689    -0.518     0.000     0.000     0.000     0.000     0.000     0.000     0.000     0.000
 121.9895833    16.500   -34.436   191.733    -0.518     0.000     0.000     0.000     0.000     0.000     0.000     0.000     0.000
 121.9895833    16.000   -34.583   191.777    -0.518     0.000     0.000     0.000     0.000     0.000     0.000     0.000     0.000
 121.9895833    15.500   -34.730   191.819    -0.518     0.000     0.000     0.000     0.000     0.000     0.000     0.000     0.000
 121.9895833    15.000   -34.877   191.859    -0.518     0.000     0.000     0.000     0.000     0.000     0.000     0.000     0.000
 121.9895833    14.500   -35.025   191.898    -0.518     0.000     0.000     0.000     0.000     0.000     0.000     0.000     0.000
 121.9895833    14.000   -35.173   191.936    -0.518     0.000     0.000     0.000     0.000     0.000     0.000     0.000     0.000
 121.9895833    13.500   -35.321   191.972    -0.518     0.000     0.000     0.000     0.000     0.000     0.000     0.000     0.000
 121.9895833    13.000   -35.469   192.006    -0.518     0.000     0.000     0.000     0.000     0.000     0.000     0.000     0.000
 121.9895833    12.500   -35.617   192.039    -0.518     0.000     0.000     0.000     0.000     0.000     0.000     0.000     0.000
 121.9895833    12.000   -35.765   192.070    -0.518     0.000     0.000     0.000     0.000     0.000     0.000     0.000     0.000
 121.9895833    11.500   -35.914   192.099    -0.518     0.000     0.000     0.000     0.000     0.000     0.000     0.000     0.000
 121.9895833    11.000   -36.062   192.126    -0.518     0.000     0.000     0.000     0.000     0.000     0.000     0.000     0.000
 121.9895833    10.500   -36.211   192.151    -0.518     0.000     0.000     0.000     0.000     0.000     0.000     0.000     0.000
 121.9895833    10.000   -36.360   192.174    -0.518    63.481    87.068    58.306    34.719     4.367    40.268   375.399   421.104
 121.9895833     9.500   -26.926   167.971    -0.392    55.677    76.364    51.064    37.966     3.868    37.566   380.630   421.649
 121.9895833     9.000   -16.107   139.419    -0.297    46.581    63.889    42.642    40.859     3.286    34.060   386.852   422.426
 121.9895833     8.500    -6.787   113.500    -0.225    38.425    52.703    35.111    42.411     2.767    30.490   392.530   423.301
 121.9895833     8.000     0.505    91.593    -0.170    31.591    43.330    28.816    42.707     2.337    27.077   397.388   424.235
 121.9895833     7.500     5.802    73.758    -0.129    26.042    35.718    23.718    42.045     1.994    23.921   401.428   425.213
 121.9895833     7.000     9.384    59.546    -0.097    21.609    29.638    19.655    40.739     1.728    21.059   404.746   426.227
 121.9895833     6.500    11.581    48.369    -0.074    18.097    24.821    16.445    39.055     1.526    18.502   407.455   427.270
 121.9895833     6.000    12.696    39.677    -0.056    15.327    21.022    13.918    37.194     1.377    16.241   409.666   428.329
 121.9895833     5.500    13.027    32.943    -0.042    13.145    18.030    11.932    35.301     1.269    14.262   411.471   429.390
 121.9895833     5.000    12.795    27.758    -0.032    11.429    15.675    10.373    33.473     1.194    12.544   412.947   430.435
 121.9895833     4.500    12.197    23.769    -0.024    10.079    13.824     9.150    31.772     1.143    11.069   414.152   431.446
 121.9895833     4.000    11.382    20.713    -0.018     9.020    12.372     8.192    30.235     1.111     9.818   415.134   432.398
 121.9895833     3.500    10.447    18.402    -0.014     8.193    11.238     7.446    28.884     1.091     8.774   415.933   433.266
 121.9895833     3.000     9.477    16.688    -0.010     7.553    10.359     6.869    27.725     1.081     7.920   416.578   434.026
 121.9895833     2.500     8.545    15.437    -0.008     7.064     9.688     6.430    26.761     1.075     7.241   417.088   434.663
 121.9895833     2.000     7.694    14.563    -0.006     6.700     9.189     6.105    25.985     1.071     6.722   417.480   435.164
 121.9895833     1.500     6.953    13.992    -0.005     6.441     8.834     5.874    25.392     1.069     6.349   417.766   435.524
 121.9895833     1.000     6.346    13.662    -0.003     6.270     8.599     5.723    24.972     1.066     6.105   417.955   435.748
 121.9895833     0.500     5.889    13.509    -0.003     0.000     0.000     0.000     0.000     0.000     0.000     0.000     0.000
