 121.0104167    22.750     0.000     0.000     0.000     0.000  -999.000  -999.000  -999.000  -999.000  -999.000  -999.000  -999.000  -999.000  -999.000  -999.000  -999.000  -999.000  -999.000  -999.000  -999.000  -999.000  -999.000  -999.000     3.417   301.597     5.292     0.247
 121.0104167    22.250     0.000     0.000     0.000     0.000  -999.000  -999.000  -999.000  -999.000  -999.000  -999.000  -999.000  -999.000  -999.000  -999.000  -999.000  -999.000  -999.000  -999.000  -999.000  -999.000  -999.000  -999.000     3.344   301.540     5.368     0.497
 121.0104167    21.750     0.000     0.000     0.000     0.000  -999.000  -999.000  -999.000  -999.000  -999.000  -999.000  -999.000  -999.000  -999.000  -999.000  -999.000  -999.000  -999.000  -999.000  -999.000  -999.000  -999.000  -999.000     3.269   301.483     5.445     0.502
 121.0104167    21.250     0.000     0.000     0.000     0.000  -999.000  -999.000  -999.000  -999.000  -999.000  -999.000  -999.000  -999.000  -999.000  -999.000  -999.000  -999.000  -999.000  -999.000  -999.000  -999.000  -999.000  -999.000     3.194   301.426     5.523     0.507
 121.0104167    20.750     0.000     0.000     0.000     0.000  -999.000  -999.000  -999.000  -999.000  -999.000  -999.000  -999.000  -999.000  -999.000  -999.000  -999.000  -999.000  -999.000  -999.000  -999.000  -999.000  -999.000  -999.000     3.119   301.368     5.602     0.512
 121.0104167    20.250     0.000     0.000     0.000     0.000  -999.000  -999.000  -999.000  -999.000  -999.000  -999.000  -999.000  -999.000  -999.000  -999.000  -999.000  -999.000  -999.000  -999.000  -999.000  -999.000  -999.000  -999.000     3.042   301.309     5.681     0.518
 121.0104167    19.750     0.000     0.000     0.000     0.000  -999.000  -999.000  -999.000  -999.000  -999.000  -999.000  -999.000  -999.000  -999.000  -999.000  -999.000  -999.000  -999.000  -999.000  -999.000  -999.000  -999.000  -999.000     2.964   301.250     5.761     0.524
 121.0104167    19.250     0.000     0.000     0.000     0.000  -999.000  -999.000  -999.000  -999.000  -999.000  -999.000  -999.000  -999.000  -999.000  -999.000  -999.000  -999.000  -999.000  -999.000  -999.000  -999.000  -999.000  -999.000     2.886   301.190     5.842     0.530
 121.0104167    18.750     0.000     0.000     0.000     0.000  -999.000  -999.000  -999.000  -999.000  -999.000  -999.000  -999.000  -999.000  -999.000  -999.000  -999.000  -999.000  -999.000  -999.000  -999.000  -999.000  -999.000  -999.000     2.807   301.130     5.924     0.537
 121.0104167    18.250     0.000     0.000     0.000     0.000  -999.000  -999.000  -999.000  -999.000  -999.000  -999.000  -999.000  -999.000  -999.000  -999.000  -999.000  -999.000  -999.000  -999.000  -999.000  -999.000  -999.000  -999.000     2.727   301.069     6.006     0.544
 121.0104167    17.750     0.000     0.000     0.000     0.000  -999.000  -999.000  -999.000  -999.000  -999.000  -999.000  -999.000  -999.000  -999.000  -999.000  -999.000  -999.000  -999.000  -999.000  -999.000  -999.000  -999.000  -999.000     2.645   301.007     6.090     0.551
 121.0104167    17.250     0.000     0.000     0.000     0.000  -999.000  -999.000  -999.000  -999.000  -999.000  -999.000  -999.000  -999.000  -999.000  -999.000  -999.000  -999.000  -999.000  -999.000  -999.000  -999.000  -999.000  -999.000     2.562   300.944     6.174     0.558
 121.0104167    16.750     0.000     0.000     0.000     0.000  -999.000  -999.000  -999.000  -999.000  -999.000  -999.000  -999.000  -999.000  -999.000  -999.000  -999.000  -999.000  -999.000  -999.000  -999.000  -999.000  -999.000  -999.000     2.479   300.880     6.260     0.566
 121.0104167    16.250     0.000     0.000     0.000     0.000  -999.000  -999.000  -999.000  -999.000  -999.000  -999.000  -999.000  -999.000  -999.000  -999.000  -999.000  -999.000  -999.000  -999.000  -999.000  -999.000  -999.000  -999.000     2.393   300.815     6.347     0.575
 121.0104167    15.750     0.000     0.000     0.000     0.000  -999.000  -999.000  -999.000  -999.000  -999.000  -999.000  -999.000  -999.000  -999.000  -999.000  -999.000  -999.000  -999.000  -999.000  -999.000  -999.000  -999.000  -999.000     2.306   300.750     6.435     0.584
 121.0104167    15.250     0.000     0.000     0.000     0.000  -999.000  -999.000  -999.000  -999.000  -999.000  -999.000  -999.000  -999.000  -999.000  -999.000  -999.000  -999.000  -999.000  -999.000  -999.000  -999.000  -999.000  -999.000     2.217   300.683     6.525     0.594
 121.0104167    14.750     0.000     0.000     0.000     0.000  -999.000  -999.000  -999.000  -999.000  -999.000  -999.000  -999.000  -999.000  -999.000  -999.000  -999.000  -999.000  -999.000  -999.000  -999.000  -999.000  -999.000  -999.000     2.126   300.615     6.616     0.605
 121.0104167    14.250     0.000     0.000     0.000     0.000  -999.000  -999.000  -999.000  -999.000  -999.000  -999.000  -999.000  -999.000  -999.000  -999.000  -999.000  -999.000  -999.000  -999.000  -999.000  -999.000  -999.000  -999.000     2.033   300.546     6.709     0.617
 121.0104167    13.750     0.000     0.000     0.000     0.000  -999.000  -999.000  -999.000  -999.000  -999.000  -999.000  -999.000  -999.000  -999.000  -999.000  -999.000  -999.000  -999.000  -999.000  -999.000  -999.000  -999.000  -999.000     1.937   300.475     6.804     0.630
 121.0104167    13.250     0.000     0.000     0.000     0.000  -999.000  -999.000  -999.000  -999.000  -999.000  -999.000  -999.000  -999.000  -999.000  -999.000  -999.000  -999.000  -999.000  -999.000  -999.000  -999.000  -999.000  -999.000     1.838   300.402     6.901     0.646
 121.0104167    12.750     0.000     0.000     0.000     0.000  -999.000  -999.000  -999.000  -999.000  -999.000  -999.000  -999.000  -999.000  -999.000  -999.000  -999.000  -999.000  -999.000  -999.000  -999.000  -999.000  -999.000  -999.000     1.734   300.328     7.000     0.664
 121.0104167    12.250     0.000     0.000     0.000     0.000  -999.000  -999.000  -999.000  -999.000  -999.000  -999.000  -999.000  -999.000  -999.000  -999.000  -999.000  -999.000  -999.000  -999.000  -999.000  -999.000  -999.000  -999.000     1.626   300.251     7.103     0.685
 121.0104167    11.750     0.000     0.000     0.000     0.000  -999.000  -999.000  -999.000  -999.000  -999.000  -999.000  -999.000  -999.000  -999.000  -999.000  -999.000  -999.000  -999.000  -999.000  -999.000  -999.000  -999.000  -999.000     1.511   300.171     7.210     0.712
 121.0104167    11.250     0.000     0.000     0.000     0.000  -999.000  -999.000  -999.000  -999.000  -999.000  -999.000  -999.000  -999.000  -999.000  -999.000  -999.000  -999.000  -999.000  -999.000  -999.000  -999.000  -999.000  -999.000     1.387   300.087     7.322     0.746
 121.0104167    10.750     0.000     0.000     0.000     0.000  -999.000  -999.000  -999.000  -999.000  -999.000  -999.000  -999.000  -999.000  -999.000  -999.000  -999.000  -999.000  -999.000  -999.000  -999.000  -999.000  -999.000  -999.000     1.251   299.997     7.441     0.792
 121.0104167    10.250     0.000     0.000     0.000     0.000  -999.000  -999.000  -999.000  -999.000  -999.000  -999.000  -999.000  -999.000  -999.000  -999.000  -999.000  -999.000  -999.000  -999.000  -999.000  -999.000  -999.000  -999.000     1.094   299.899     7.573     0.861
 121.0104167     9.750     0.936     0.304     0.285     0.019   183.293    12.496  -120.057  -158.283   304.856   172.604    25.084    14.366   855.717   302.169     0.631     0.312    -1.542    -1.036   297.935   297.163   122.315   121.366     0.913   299.785     7.725     0.985
 121.0104167     9.250     0.800     0.413     0.331     0.083   188.236    17.706  -107.182  -131.201   296.949   150.674    24.116    12.555   813.572   263.707     0.657     0.270    -1.516    -0.939   297.875   297.304   116.103   115.571     0.755   299.671     7.885     1.163
 121.0104167     8.750     0.662     0.446     0.295     0.151   192.256    21.639   -90.739  -104.279   284.508   127.593    22.862    10.540   770.196   222.243     0.662     0.223    -1.471    -0.839   297.919   297.528   109.030   108.686     0.624   299.570     8.042     1.383
 121.0104167     8.250     0.543     0.454     0.247     0.207   194.584    23.724   -71.922   -81.616   267.952   106.919    21.497     8.714   732.092   185.380     0.639     0.182    -1.403    -0.748   298.079   297.756   102.071   101.824     0.516   299.488     8.191     1.645
 121.0104167     7.750     0.446     0.448     0.199     0.248   195.732    24.543   -53.819   -63.026   250.898    89.058    20.164     7.161   700.229   154.510     0.605     0.148    -1.328    -0.669   298.320   297.976    95.538    95.352     0.427   299.428     8.330     1.957
 121.0104167     7.250     0.367     0.432     0.159     0.274   196.173    24.589   -37.768   -48.341   235.170    74.336    18.929     5.890   674.203   129.381     0.570     0.122    -1.258    -0.604   298.606   298.178    89.558    89.416     0.353   299.391     8.458     2.328
 121.0104167     6.750     0.305     0.411     0.125     0.286   196.157    24.114   -23.600   -36.667   220.855    62.098    17.798     4.864   653.186   109.236     0.538     0.100    -1.194    -0.548   298.921   298.391    84.176    84.066     0.292   299.374     8.574     2.768
 121.0104167     6.250     0.256     0.385     0.099     0.286   195.903    23.336   -11.149   -27.498   208.004    52.081    16.773     4.048   636.286    93.231     0.509     0.083    -1.136    -0.503   299.274   298.561    79.392    79.308     0.241   299.377     8.679     3.291
 121.0104167     5.750     0.217     0.356     0.077     0.278   195.675    22.511    -2.467   -20.623   199.005    44.302    15.911     3.409   622.686    80.582     0.475     0.071    -1.101    -0.466   299.492   298.750    75.184    75.119     0.199   299.399     8.774     3.913
 121.0104167     5.250     0.187     0.324     0.061     0.264   195.533    21.687     5.810   -15.018   190.463    37.792    15.140     2.904   611.686    70.620     0.446     0.060    -1.062    -0.434   299.788   298.948    71.516    71.467     0.165   299.436     8.859     4.653
 121.0104167     4.750     0.163     0.291     0.048     0.244   195.417    20.787    13.894   -10.859   182.121    32.664    14.442     2.511   602.703    62.791     0.421     0.052    -1.022    -0.409   300.128   299.115    68.351    68.314     0.136   299.488     8.936     5.531
 121.0104167     4.250     0.145     0.257     0.037     0.220   195.407    19.872    22.178    -7.988   173.671    28.812    13.802     2.209   595.254    56.655     0.399     0.047    -0.983    -0.388   300.507   299.272    65.649    65.622     0.113   299.552     9.008     6.575
 121.0104167     3.750     0.130     0.223     0.029     0.194   195.477    18.881    30.609    -5.546   165.139    25.307    13.211     1.969   588.937    51.855     0.378     0.042    -0.944    -0.369   300.920   299.449    63.371    63.352     0.093   299.626     9.076     7.815
 121.0104167     3.250     0.119     0.189     0.022     0.166   195.875    18.018    39.445    -3.935   156.508    22.785    12.660     1.788   583.408    48.114     0.358     0.039    -0.905    -0.354   301.387   299.563    61.481    61.468     0.077   299.707     9.146     9.288
 121.0104167     2.750     0.110     0.155     0.017     0.138   196.579    17.196    48.914    -1.835   147.523    19.785    12.135     1.636   578.349    45.209     0.339     0.035    -0.864    -0.338   301.919   299.750    59.946    59.937     0.064   299.794     9.223    11.038
 121.0104167     2.250     0.104     0.122     0.013     0.110   197.680    16.402    59.933    -0.553   137.350    17.649    11.597     1.525   573.438    42.961     0.318     0.033    -0.820    -0.325   302.535   299.899    58.735    58.730     0.053   299.884     9.314    13.116
 121.0104167     1.750     0.099     0.091     0.009     0.082   199.488    15.781    73.840     0.899   124.933    15.507    10.986     1.436   568.291    41.225     0.293     0.031    -0.765    -0.311   303.305   300.064    57.818    57.815     0.044   299.977     9.430    15.584
 121.0104167     1.250     0.096     0.062     0.006     0.056   202.469    15.496    92.870     2.839   108.499    13.196    10.200     1.364   562.355    39.869     0.261     0.030    -0.695    -0.296   304.234   300.270    57.168    57.167     0.036   300.071     9.587    18.515
 121.0104167     0.750     0.094     0.036     0.003     0.032   208.310    16.629   122.863     6.943    83.834    10.099     8.979     1.292   554.644    38.754     0.215     0.028    -0.591    -0.279   305.474   300.576    56.757    56.757     0.030   300.164     9.805    21.996
 121.0104167     0.250     0.000     0.000     0.000     0.000  -999.000  -999.000  -999.000  -999.000  -999.000  -999.000  -999.000  -999.000  -999.000  -999.000  -999.000  -999.000  -999.000  -999.000  -999.000  -999.000  -999.000  -999.000     0.025   300.256    10.115    26.129
 121.0312500    22.750     0.000     0.000     0.000     0.000  -999.000  -999.000  -999.000  -999.000  -999.000  -999.000  -999.000  -999.000  -999.000  -999.000  -999.000  -999.000  -999.000  -999.000  -999.000  -999.000  -999.000  -999.000     3.432   300.661     6.461     0.776
 121.0312500    22.250     0.000     0.000     0.000     0.000  -999.000  -999.000  -999.000  -999.000  -999.000  -999.000  -999.000  -999.000  -999.000  -999.000  -999.000  -999.000  -999.000  -999.000  -999.000  -999.000  -999.000  -999.000     3.354   300.597     6.555     1.559
 121.0312500    21.750     0.000     0.000     0.000     0.000  -999.000  -999.000  -999.000  -999.000  -999.000  -999.000  -999.000  -999.000  -999.000  -999.000  -999.000  -999.000  -999.000  -999.000  -999.000  -999.000  -999.000  -999.000     3.276   300.532     6.650     1.567
 121.0312500    21.250     0.000     0.000     0.000     0.000  -999.000  -999.000  -999.000  -999.000  -999.000  -999.000  -999.000  -999.000  -999.000  -999.000  -999.000  -999.000  -999.000  -999.000  -999.000  -999.000  -999.000  -999.000     3.198   300.467     6.746     1.576
 121.0312500    20.750     0.000     0.000     0.000     0.000  -999.000  -999.000  -999.000  -999.000  -999.000  -999.000  -999.000  -999.000  -999.000  -999.000  -999.000  -999.000  -999.000  -999.000  -999.000  -999.000  -999.000  -999.000     3.119   300.400     6.844     1.585
 121.0312500    20.250     0.000     0.000     0.000     0.000  -999.000  -999.000  -999.000  -999.000  -999.000  -999.000  -999.000  -999.000  -999.000  -999.000  -999.000  -999.000  -999.000  -999.000  -999.000  -999.000  -999.000  -999.000     3.039   300.333     6.943     1.594
 121.0312500    19.750     0.000     0.000     0.000     0.000  -999.000  -999.000  -999.000  -999.000  -999.000  -999.000  -999.000  -999.000  -999.000  -999.000  -999.000  -999.000  -999.000  -999.000  -999.000  -999.000  -999.000  -999.000     2.958   300.265     7.043     1.603
 121.0312500    19.250     0.000     0.000     0.000     0.000  -999.000  -999.000  -999.000  -999.000  -999.000  -999.000  -999.000  -999.000  -999.000  -999.000  -999.000  -999.000  -999.000  -999.000  -999.000  -999.000  -999.000  -999.000     2.876   300.196     7.145     1.612
 121.0312500    18.750     0.000     0.000     0.000     0.000  -999.000  -999.000  -999.000  -999.000  -999.000  -999.000  -999.000  -999.000  -999.000  -999.000  -999.000  -999.000  -999.000  -999.000  -999.000  -999.000  -999.000  -999.000     2.794   300.126     7.247     1.622
 121.0312500    18.250     0.000     0.000     0.000     0.000  -999.000  -999.000  -999.000  -999.000  -999.000  -999.000  -999.000  -999.000  -999.000  -999.000  -999.000  -999.000  -999.000  -999.000  -999.000  -999.000  -999.000  -999.000     2.710   300.055     7.351     1.633
 121.0312500    17.750     0.000     0.000     0.000     0.000  -999.000  -999.000  -999.000  -999.000  -999.000  -999.000  -999.000  -999.000  -999.000  -999.000  -999.000  -999.000  -999.000  -999.000  -999.000  -999.000  -999.000  -999.000     2.626   299.984     7.456     1.643
 121.0312500    17.250     0.000     0.000     0.000     0.000  -999.000  -999.000  -999.000  -999.000  -999.000  -999.000  -999.000  -999.000  -999.000  -999.000  -999.000  -999.000  -999.000  -999.000  -999.000  -999.000  -999.000  -999.000     2.540   299.911     7.562     1.654
 121.0312500    16.750     0.000     0.000     0.000     0.000  -999.000  -999.000  -999.000  -999.000  -999.000  -999.000  -999.000  -999.000  -999.000  -999.000  -999.000  -999.000  -999.000  -999.000  -999.000  -999.000  -999.000  -999.000     2.453   299.838     7.669     1.666
 121.0312500    16.250     0.000     0.000     0.000     0.000  -999.000  -999.000  -999.000  -999.000  -999.000  -999.000  -999.000  -999.000  -999.000  -999.000  -999.000  -999.000  -999.000  -999.000  -999.000  -999.000  -999.000  -999.000     2.365   299.764     7.777     1.678
 121.0312500    15.750     0.000     0.000     0.000     0.000  -999.000  -999.000  -999.000  -999.000  -999.000  -999.000  -999.000  -999.000  -999.000  -999.000  -999.000  -999.000  -999.000  -999.000  -999.000  -999.000  -999.000  -999.000     2.276   299.689     7.887     1.691
 121.0312500    15.250     0.000     0.000     0.000     0.000  -999.000  -999.000  -999.000  -999.000  -999.000  -999.000  -999.000  -999.000  -999.000  -999.000  -999.000  -999.000  -999.000  -999.000  -999.000  -999.000  -999.000  -999.000     2.185   299.613     7.998     1.705
 121.0312500    14.750     0.000     0.000     0.000     0.000  -999.000  -999.000  -999.000  -999.000  -999.000  -999.000  -999.000  -999.000  -999.000  -999.000  -999.000  -999.000  -999.000  -999.000  -999.000  -999.000  -999.000  -999.000     2.092   299.536     8.110     1.721
 121.0312500    14.250     0.000     0.000     0.000     0.000  -999.000  -999.000  -999.000  -999.000  -999.000  -999.000  -999.000  -999.000  -999.000  -999.000  -999.000  -999.000  -999.000  -999.000  -999.000  -999.000  -999.000  -999.000     1.996   299.457     8.224     1.738
 121.0312500    13.750     0.000     0.000     0.000     0.000  -999.000  -999.000  -999.000  -999.000  -999.000  -999.000  -999.000  -999.000  -999.000  -999.000  -999.000  -999.000  -999.000  -999.000  -999.000  -999.000  -999.000  -999.000     1.898   299.378     8.339     1.758
 121.0312500    13.250     0.000     0.000     0.000     0.000  -999.000  -999.000  -999.000  -999.000  -999.000  -999.000  -999.000  -999.000  -999.000  -999.000  -999.000  -999.000  -999.000  -999.000  -999.000  -999.000  -999.000  -999.000     1.797   299.297     8.456     1.782
 121.0312500    12.750     0.000     0.000     0.000     0.000  -999.000  -999.000  -999.000  -999.000  -999.000  -999.000  -999.000  -999.000  -999.000  -999.000  -999.000  -999.000  -999.000  -999.000  -999.000  -999.000  -999.000  -999.000     1.693   299.214     8.576     1.811
 121.0312500    12.250     0.000     0.000     0.000     0.000  -999.000  -999.000  -999.000  -999.000  -999.000  -999.000  -999.000  -999.000  -999.000  -999.000  -999.000  -999.000  -999.000  -999.000  -999.000  -999.000  -999.000  -999.000     1.583   299.129     8.698     1.849
 121.0312500    11.750     0.000     0.000     0.000     0.000  -999.000  -999.000  -999.000  -999.000  -999.000  -999.000  -999.000  -999.000  -999.000  -999.000  -999.000  -999.000  -999.000  -999.000  -999.000  -999.000  -999.000  -999.000     1.468   299.041     8.824     1.899
 121.0312500    11.250     0.000     0.000     0.000     0.000  -999.000  -999.000  -999.000  -999.000  -999.000  -999.000  -999.000  -999.000  -999.000  -999.000  -999.000  -999.000  -999.000  -999.000  -999.000  -999.000  -999.000  -999.000     1.344   298.950     8.955     1.971
 121.0312500    10.750     0.000     0.000     0.000     0.000  -999.000  -999.000  -999.000  -999.000  -999.000  -999.000  -999.000  -999.000  -999.000  -999.000  -999.000  -999.000  -999.000  -999.000  -999.000  -999.000  -999.000  -999.000     1.208   298.853     9.094     2.081
 121.0312500    10.250     0.000     0.000     0.000     0.000  -999.000  -999.000  -999.000  -999.000  -999.000  -999.000  -999.000  -999.000  -999.000  -999.000  -999.000  -999.000  -999.000  -999.000  -999.000  -999.000  -999.000  -999.000     1.052   298.747     9.244     2.270
 121.0312500     9.750     0.934     0.304     0.284     0.020   140.910     7.708   -92.751  -117.571   234.193   125.868    24.779    13.724   670.470   270.759     0.862     0.352    -1.347    -0.889   296.602   296.460   122.317   121.366     0.872   298.625     9.418     2.643
 121.0312500     9.250     0.795     0.413     0.329     0.085   144.972    12.096   -72.548   -95.350   217.960   107.948    23.551    11.969   631.739   235.352     0.862     0.307    -1.263    -0.806   296.699   296.546   116.106   115.572     0.716   298.507     9.602     3.258
 121.0312500     8.750     0.655     0.446     0.292     0.154   148.516    15.617   -52.003   -74.164   200.904    90.230    22.133    10.017   592.054   197.339     0.831     0.256    -1.182    -0.723   296.859   296.701   109.034   108.687     0.587   298.406     9.790     4.037
 121.0312500     8.250     0.535     0.454     0.243     0.211   151.019    17.948   -34.217   -56.125   185.602    74.506    20.757     8.241   557.384   163.707     0.797     0.208    -1.109    -0.648   297.049   296.886   102.075   101.826     0.482   298.325     9.979     5.001
 121.0312500     7.750     0.436     0.448     0.195     0.252   152.596    19.273   -19.346   -41.919   172.300    61.631    19.477     6.738   528.560   135.683     0.764     0.170    -1.044    -0.585   297.266   297.066    95.541    95.353     0.396   298.268    10.167     6.193
 121.0312500     7.250     0.357     0.432     0.155     0.278   153.545    19.910    -8.467   -30.636   162.351    50.993    18.360     5.501   505.155   112.977     0.721     0.138    -0.992    -0.532   297.515   297.254    89.561    89.417     0.325   298.236    10.353     7.668
 121.0312500     6.750     0.295     0.411     0.121     0.290   154.113    20.113     0.364   -21.871   154.064    42.441    17.354     4.507   486.369    94.854     0.684     0.113    -0.946    -0.488   297.793   297.448    84.178    84.067     0.267   298.229    10.537     9.491
 121.0312500     6.250     0.247     0.385     0.095     0.290   154.288    19.868     6.807   -15.320   147.750    35.646    16.475     3.718   471.358    80.509     0.643     0.094    -0.910    -0.453   298.094   297.637    79.394    79.308     0.219   298.246    10.720    11.745
 121.0312500     5.750     0.209     0.356     0.074     0.282   154.162    19.261    12.713   -10.503   141.669    30.213    15.667     3.096   459.357    69.209     0.608     0.078    -0.877    -0.424   298.378   297.827    75.185    75.119     0.180   298.287    10.901    14.531
 121.0312500     5.250     0.179     0.324     0.058     0.266   153.955    18.505    17.919    -6.887   136.250    25.835    14.939     2.608   449.722    60.330     0.575     0.066    -0.852    -0.399   298.588   298.035    71.517    71.467     0.148   298.350    11.081    17.974
 121.0312500     4.750     0.156     0.291     0.045     0.246   153.618    17.536    22.844    -4.470   130.931    22.444    14.268     2.228   441.920    53.367     0.545     0.057    -0.824    -0.379   298.901   298.222    68.352    68.314     0.121   298.435    11.260    22.226
 121.0312500     4.250     0.137     0.257     0.035     0.222   153.230    16.416    27.397    -2.609   125.915    19.442    13.657     1.927   435.518    47.916     0.517     0.049    -0.797    -0.360   299.253   298.441    65.650    65.622     0.099   298.542    11.437    27.478
 121.0312500     3.750     0.123     0.223     0.027     0.195   152.955    15.282    31.480    -1.658   121.475    17.362    13.132     1.698   430.163    43.656     0.488     0.044    -0.772    -0.346   299.637   298.622    63.371    63.352     0.082   298.668    11.615    33.964
 121.0312500     3.250     0.112     0.189     0.021     0.167   152.829    14.137    35.740    -0.914   116.971    15.448    12.660     1.517   425.554    40.336     0.461     0.040    -0.747    -0.333   300.065   298.823    61.482    61.468     0.067   298.812    11.797    41.970
 121.0312500     2.750     0.104     0.155     0.016     0.139   152.892    12.966    40.370    -0.351   112.293    13.719    12.245     1.375   421.427    37.760     0.435     0.036    -0.722    -0.321   300.541   299.019    59.946    59.938     0.055   298.972    11.988    51.852
 121.0312500     2.250     0.098     0.122     0.012     0.111   153.290    11.832    46.222    -0.182   106.691    12.408    11.856     1.269   417.519    35.771     0.408     0.034    -0.693    -0.309   301.084   299.218    58.735    58.730     0.045   299.145    12.196    64.046
 121.0312500     1.750     0.093     0.091     0.009     0.083   154.275    10.852    54.266     0.431    99.472    10.814    11.469     1.181   413.531    34.239     0.382     0.031    -0.659    -0.298   301.684   299.435    57.818    57.815     0.037   299.330    12.435    79.091
 121.0312500     1.250     0.090     0.062     0.006     0.057   156.267    10.201    66.516     1.460    89.046     9.142    11.017     1.110   409.048    33.051     0.352     0.029    -0.613    -0.285   302.355   299.682    57.168    57.167     0.030   299.519    12.720    97.649
 121.0312500     0.750     0.088     0.036     0.003     0.033   160.787    10.913    87.590     4.355    72.245     6.982    10.307     1.045   403.336    32.087     0.310     0.028    -0.543    -0.272   303.336   300.011    56.757    56.757     0.025   299.704    13.063   120.535
 121.0312500     0.250     0.000     0.000     0.000     0.000  -999.000  -999.000  -999.000  -999.000  -999.000  -999.000  -999.000  -999.000  -999.000  -999.000  -999.000  -999.000  -999.000  -999.000  -999.000  -999.000  -999.000  -999.000     0.021   299.872    13.464   148.753
 121.0520833    22.750     0.000     0.000     0.000     0.000  -999.000  -999.000  -999.000  -999.000  -999.000  -999.000  -999.000  -999.000  -999.000  -999.000  -999.000  -999.000  -999.000  -999.000  -999.000  -999.000  -999.000  -999.000     4.096   299.258     7.712     0.175
 121.0520833    22.250     0.000     0.000     0.000     0.000  -999.000  -999.000  -999.000  -999.000  -999.000  -999.000  -999.000  -999.000  -999.000  -999.000  -999.000  -999.000  -999.000  -999.000  -999.000  -999.000  -999.000  -999.000     4.028   299.231     7.738     0.353
 121.0520833    21.750     0.000     0.000     0.000     0.000  -999.000  -999.000  -999.000  -999.000  -999.000  -999.000  -999.000  -999.000  -999.000  -999.000  -999.000  -999.000  -999.000  -999.000  -999.000  -999.000  -999.000  -999.000     3.959   299.204     7.764     0.357
 121.0520833    21.250     0.000     0.000     0.000     0.000  -999.000  -999.000  -999.000  -999.000  -999.000  -999.000  -999.000  -999.000  -999.000  -999.000  -999.000  -999.000  -999.000  -999.000  -999.000  -999.000  -999.000  -999.000     3.888   299.176     7.790     0.362
 121.0520833    20.750     0.000     0.000     0.000     0.000  -999.000  -999.000  -999.000  -999.000  -999.000  -999.000  -999.000  -999.000  -999.000  -999.000  -999.000  -999.000  -999.000  -999.000  -999.000  -999.000  -999.000  -999.000     3.817   299.148     7.816     0.366
 121.0520833    20.250     0.000     0.000     0.000     0.000  -999.000  -999.000  -999.000  -999.000  -999.000  -999.000  -999.000  -999.000  -999.000  -999.000  -999.000  -999.000  -999.000  -999.000  -999.000  -999.000  -999.000  -999.000     3.744   299.119     7.843     0.371
 121.0520833    19.750     0.000     0.000     0.000     0.000  -999.000  -999.000  -999.000  -999.000  -999.000  -999.000  -999.000  -999.000  -999.000  -999.000  -999.000  -999.000  -999.000  -999.000  -999.000  -999.000  -999.000  -999.000     3.669   299.089     7.870     0.376
 121.0520833    19.250     0.000     0.000     0.000     0.000  -999.000  -999.000  -999.000  -999.000  -999.000  -999.000  -999.000  -999.000  -999.000  -999.000  -999.000  -999.000  -999.000  -999.000  -999.000  -999.000  -999.000  -999.000     3.593   299.059     7.898     0.382
 121.0520833    18.750     0.000     0.000     0.000     0.000  -999.000  -999.000  -999.000  -999.000  -999.000  -999.000  -999.000  -999.000  -999.000  -999.000  -999.000  -999.000  -999.000  -999.000  -999.000  -999.000  -999.000  -999.000     3.516   299.029     7.926     0.387
 121.0520833    18.250     0.000     0.000     0.000     0.000  -999.000  -999.000  -999.000  -999.000  -999.000  -999.000  -999.000  -999.000  -999.000  -999.000  -999.000  -999.000  -999.000  -999.000  -999.000  -999.000  -999.000  -999.000     3.436   298.998     7.954     0.393
 121.0520833    17.750     0.000     0.000     0.000     0.000  -999.000  -999.000  -999.000  -999.000  -999.000  -999.000  -999.000  -999.000  -999.000  -999.000  -999.000  -999.000  -999.000  -999.000  -999.000  -999.000  -999.000  -999.000     3.355   298.966     7.983     0.399
 121.0520833    17.250     0.000     0.000     0.000     0.000  -999.000  -999.000  -999.000  -999.000  -999.000  -999.000  -999.000  -999.000  -999.000  -999.000  -999.000  -999.000  -999.000  -999.000  -999.000  -999.000  -999.000  -999.000     3.271   298.934     8.012     0.406
 121.0520833    16.750     0.000     0.000     0.000     0.000  -999.000  -999.000  -999.000  -999.000  -999.000  -999.000  -999.000  -999.000  -999.000  -999.000  -999.000  -999.000  -999.000  -999.000  -999.000  -999.000  -999.000  -999.000     3.186   298.900     8.042     0.412
 121.0520833    16.250     0.000     0.000     0.000     0.000  -999.000  -999.000  -999.000  -999.000  -999.000  -999.000  -999.000  -999.000  -999.000  -999.000  -999.000  -999.000  -999.000  -999.000  -999.000  -999.000  -999.000  -999.000     3.097   298.866     8.073     0.420
 121.0520833    15.750     0.000     0.000     0.000     0.000  -999.000  -999.000  -999.000  -999.000  -999.000  -999.000  -999.000  -999.000  -999.000  -999.000  -999.000  -999.000  -999.000  -999.000  -999.000  -999.000  -999.000  -999.000     3.006   298.832     8.104     0.428
 121.0520833    15.250     0.000     0.000     0.000     0.000  -999.000  -999.000  -999.000  -999.000  -999.000  -999.000  -999.000  -999.000  -999.000  -999.000  -999.000  -999.000  -999.000  -999.000  -999.000  -999.000  -999.000  -999.000     2.912   298.796     8.135     0.436
 121.0520833    14.750     0.000     0.000     0.000     0.000  -999.000  -999.000  -999.000  -999.000  -999.000  -999.000  -999.000  -999.000  -999.000  -999.000  -999.000  -999.000  -999.000  -999.000  -999.000  -999.000  -999.000  -999.000     2.814   298.760     8.167     0.445
 121.0520833    14.250     0.000     0.000     0.000     0.000  -999.000  -999.000  -999.000  -999.000  -999.000  -999.000  -999.000  -999.000  -999.000  -999.000  -999.000  -999.000  -999.000  -999.000  -999.000  -999.000  -999.000  -999.000     2.712   298.722     8.200     0.455
 121.0520833    13.750     0.000     0.000     0.000     0.000  -999.000  -999.000  -999.000  -999.000  -999.000  -999.000  -999.000  -999.000  -999.000  -999.000  -999.000  -999.000  -999.000  -999.000  -999.000  -999.000  -999.000  -999.000     2.605   298.684     8.234     0.467
 121.0520833    13.250     0.000     0.000     0.000     0.000  -999.000  -999.000  -999.000  -999.000  -999.000  -999.000  -999.000  -999.000  -999.000  -999.000  -999.000  -999.000  -999.000  -999.000  -999.000  -999.000  -999.000  -999.000     2.493   298.644     8.269     0.479
 121.0520833    12.750     0.000     0.000     0.000     0.000  -999.000  -999.000  -999.000  -999.000  -999.000  -999.000  -999.000  -999.000  -999.000  -999.000  -999.000  -999.000  -999.000  -999.000  -999.000  -999.000  -999.000  -999.000     2.374   298.603     8.304     0.494
 121.0520833    12.250     0.000     0.000     0.000     0.000  -999.000  -999.000  -999.000  -999.000  -999.000  -999.000  -999.000  -999.000  -999.000  -999.000  -999.000  -999.000  -999.000  -999.000  -999.000  -999.000  -999.000  -999.000     2.247   298.560     8.341     0.511
 121.0520833    11.750     0.000     0.000     0.000     0.000  -999.000  -999.000  -999.000  -999.000  -999.000  -999.000  -999.000  -999.000  -999.000  -999.000  -999.000  -999.000  -999.000  -999.000  -999.000  -999.000  -999.000  -999.000     2.110   298.515     8.379     0.532
 121.0520833    11.250     0.000     0.000     0.000     0.000  -999.000  -999.000  -999.000  -999.000  -999.000  -999.000  -999.000  -999.000  -999.000  -999.000  -999.000  -999.000  -999.000  -999.000  -999.000  -999.000  -999.000  -999.000     1.960   298.468     8.420     0.559
 121.0520833    10.750     0.000     0.000     0.000     0.000  -999.000  -999.000  -999.000  -999.000  -999.000  -999.000  -999.000  -999.000  -999.000  -999.000  -999.000  -999.000  -999.000  -999.000  -999.000  -999.000  -999.000  -999.000     1.792   298.418     8.462     0.593
 121.0520833    10.250     0.000     0.000     0.000     0.000  -999.000  -999.000  -999.000  -999.000  -999.000  -999.000  -999.000  -999.000  -999.000  -999.000  -999.000  -999.000  -999.000  -999.000  -999.000  -999.000  -999.000  -999.000     1.597   298.363     8.508     0.642
 121.0520833     9.750     0.932     0.304     0.283     0.021    89.807    -2.765  -138.964  -124.483   228.929   121.740    22.808    11.940   481.968   226.737     0.677     0.277    -1.307    -0.867   296.210   296.537   122.319   121.367     1.371   298.302     8.560     0.731
 121.0520833     9.250     0.788     0.413     0.326     0.088    93.174     0.976  -119.502  -104.311   212.840   105.302    21.512    10.310   448.745   196.316     0.643     0.238    -1.231    -0.790   296.274   296.632   116.111   115.574     1.169   298.243     8.613     0.853
 121.0520833     8.750     0.644     0.446     0.287     0.159    96.581     4.427  -100.383   -83.502   197.143    87.936    20.114     8.523   414.844   163.780     0.603     0.195    -1.156    -0.708   296.372   296.788   109.039   108.689     0.996   298.190     8.664     1.006
 121.0520833     8.250     0.521     0.454     0.236     0.217    99.207     6.959   -83.386   -65.441   182.796    72.406    18.812     6.924   385.380   135.127     0.566     0.157    -1.087    -0.634   296.484   296.958   102.079   101.827     0.849   298.147     8.714     1.187
 121.0520833     7.750     0.421     0.448     0.189     0.259   101.149     8.736   -68.715   -50.596   170.096    59.348    17.656     5.588   361.022   111.364     0.534     0.127    -1.027    -0.571   296.590   297.112    95.545    95.355     0.724   298.112     8.762     1.400
 121.0520833     7.250     0.342     0.432     0.148     0.284   102.534     9.907   -56.222   -38.702   159.026    48.648    16.650     4.506   341.359    92.199     0.509     0.102    -0.974    -0.519   296.694   297.254    89.564    89.418     0.617   298.085     8.807     1.651
 121.0520833     6.750     0.281     0.411     0.115     0.296   103.541    10.658   -45.442   -29.147   149.295    39.871    15.779     3.645   325.669    76.967     0.488     0.083    -0.928    -0.476   296.794   297.390    84.182    84.068     0.526   298.068     8.851     1.946
 121.0520833     6.250     0.233     0.385     0.090     0.295   104.344    11.162   -35.868   -21.568   140.560    32.834    15.022     2.968   313.211    64.957     0.470     0.068    -0.886    -0.441   296.908   297.499    79.397    79.309     0.449   298.058     8.895     2.295
 121.0520833     5.750     0.196     0.356     0.070     0.286   104.944    11.419   -27.493   -15.859   132.819    27.417    14.366     2.441   303.318    55.525     0.457     0.057    -0.849    -0.412   297.018   297.606    75.187    75.119     0.383   298.056     8.937     2.706
 121.0520833     5.250     0.167     0.324     0.054     0.270   105.442    11.521   -19.795   -11.218   125.643    22.915    13.790     2.029   295.435    48.134     0.445     0.048    -0.815    -0.388   297.151   297.708    71.519    71.467     0.326   298.060     8.980     3.190
 121.0520833     4.750     0.144     0.291     0.042     0.249   105.913    11.537   -13.388    -7.653   119.731    19.398    13.305     1.709   289.109    42.350     0.432     0.041    -0.783    -0.367   297.290   297.825    68.353    68.315     0.278   298.071     9.023     3.761
 121.0520833     4.250     0.127     0.257     0.033     0.225   106.405    11.501    -6.831    -4.729   113.688    16.495    12.869     1.460   283.977    37.826     0.424     0.036    -0.752    -0.349   297.461   297.912    65.651    65.622     0.237   298.086     9.067     4.433
 121.0520833     3.750     0.113     0.223     0.025     0.198   106.888    11.364    -1.106    -2.618   108.445    14.289    12.505     1.269   279.746    34.295     0.413     0.032    -0.723    -0.335   297.657   298.006    63.372    63.352     0.202   298.106     9.113     5.226
 121.0520833     3.250     0.103     0.189     0.019     0.169   107.465    11.204     4.610    -1.090   103.296    12.658    12.191     1.124   276.175    31.545     0.404     0.029    -0.695    -0.323   297.897   298.083    61.482    61.468     0.172   298.131     9.162     6.160
 121.0520833     2.750     0.095     0.155     0.015     0.140   108.161    11.008    10.203     0.407    98.373    11.018    11.930     1.009   273.055    29.413     0.392     0.027    -0.669    -0.311   298.175   298.168    59.947    59.938     0.147   298.158     9.214     7.260
 121.0520833     2.250     0.089     0.122     0.011     0.112   109.023    10.761    16.545     1.580    92.903     9.655    11.703     0.920   270.191    27.768     0.381     0.025    -0.645    -0.300   298.373   298.255    58.735    58.730     0.125   298.189     9.270     8.557
 121.0520833     1.750     0.084     0.091     0.008     0.084   110.183    10.499    24.860     2.667    85.705     8.368    11.478     0.851   267.369    26.506     0.370     0.023    -0.610    -0.289   298.721   298.351    57.818    57.815     0.107   298.223     9.330    10.086
 121.0520833     1.250     0.081     0.062     0.005     0.057   111.994    10.399    35.911     4.161    76.381     6.849    11.241     0.791   264.304    25.534     0.356     0.022    -0.566    -0.278   299.200   298.445    57.168    57.167     0.091   298.260     9.396    11.886
 121.0520833     0.750     0.079     0.036     0.003     0.033   115.461    11.112    52.745     6.643    62.877     5.173    10.933     0.739   260.511    24.756     0.335     0.021    -0.505    -0.266   299.913   298.599    56.757    56.757     0.078   298.299     9.469    14.007
 121.0520833     0.250     0.000     0.000     0.000     0.000  -999.000  -999.000  -999.000  -999.000  -999.000  -999.000  -999.000  -999.000  -999.000  -999.000  -999.000  -999.000  -999.000  -999.000  -999.000  -999.000  -999.000  -999.000     0.066   298.340     9.549    16.506
 121.0729167    22.750     0.000     0.000     0.000     0.000  -999.000  -999.000  -999.000  -999.000  -999.000  -999.000  -999.000  -999.000  -999.000  -999.000  -999.000  -999.000  -999.000  -999.000  -999.000  -999.000  -999.000  -999.000     4.354   298.302     7.400     0.128
 121.0729167    22.250     0.000     0.000     0.000     0.000  -999.000  -999.000  -999.000  -999.000  -999.000  -999.000  -999.000  -999.000  -999.000  -999.000  -999.000  -999.000  -999.000  -999.000  -999.000  -999.000  -999.000  -999.000     4.286   298.281     7.414     0.259
 121.0729167    21.750     0.000     0.000     0.000     0.000  -999.000  -999.000  -999.000  -999.000  -999.000  -999.000  -999.000  -999.000  -999.000  -999.000  -999.000  -999.000  -999.000  -999.000  -999.000  -999.000  -999.000  -999.000     4.216   298.260     7.427     0.263
 121.0729167    21.250     0.000     0.000     0.000     0.000  -999.000  -999.000  -999.000  -999.000  -999.000  -999.000  -999.000  -999.000  -999.000  -999.000  -999.000  -999.000  -999.000  -999.000  -999.000  -999.000  -999.000  -999.000     4.146   298.238     7.441     0.267
 121.0729167    20.750     0.000     0.000     0.000     0.000  -999.000  -999.000  -999.000  -999.000  -999.000  -999.000  -999.000  -999.000  -999.000  -999.000  -999.000  -999.000  -999.000  -999.000  -999.000  -999.000  -999.000  -999.000     4.074   298.216     7.455     0.271
 121.0729167    20.250     0.000     0.000     0.000     0.000  -999.000  -999.000  -999.000  -999.000  -999.000  -999.000  -999.000  -999.000  -999.000  -999.000  -999.000  -999.000  -999.000  -999.000  -999.000  -999.000  -999.000  -999.000     4.000   298.193     7.469     0.275
 121.0729167    19.750     0.000     0.000     0.000     0.000  -999.000  -999.000  -999.000  -999.000  -999.000  -999.000  -999.000  -999.000  -999.000  -999.000  -999.000  -999.000  -999.000  -999.000  -999.000  -999.000  -999.000  -999.000     3.925   298.170     7.484     0.279
 121.0729167    19.250     0.000     0.000     0.000     0.000  -999.000  -999.000  -999.000  -999.000  -999.000  -999.000  -999.000  -999.000  -999.000  -999.000  -999.000  -999.000  -999.000  -999.000  -999.000  -999.000  -999.000  -999.000     3.848   298.147     7.499     0.284
 121.0729167    18.750     0.000     0.000     0.000     0.000  -999.000  -999.000  -999.000  -999.000  -999.000  -999.000  -999.000  -999.000  -999.000  -999.000  -999.000  -999.000  -999.000  -999.000  -999.000  -999.000  -999.000  -999.000     3.769   298.123     7.513     0.288
 121.0729167    18.250     0.000     0.000     0.000     0.000  -999.000  -999.000  -999.000  -999.000  -999.000  -999.000  -999.000  -999.000  -999.000  -999.000  -999.000  -999.000  -999.000  -999.000  -999.000  -999.000  -999.000  -999.000     3.688   298.098     7.529     0.294
 121.0729167    17.750     0.000     0.000     0.000     0.000  -999.000  -999.000  -999.000  -999.000  -999.000  -999.000  -999.000  -999.000  -999.000  -999.000  -999.000  -999.000  -999.000  -999.000  -999.000  -999.000  -999.000  -999.000     3.605   298.073     7.544     0.299
 121.0729167    17.250     0.000     0.000     0.000     0.000  -999.000  -999.000  -999.000  -999.000  -999.000  -999.000  -999.000  -999.000  -999.000  -999.000  -999.000  -999.000  -999.000  -999.000  -999.000  -999.000  -999.000  -999.000     3.520   298.048     7.560     0.304
 121.0729167    16.750     0.000     0.000     0.000     0.000  -999.000  -999.000  -999.000  -999.000  -999.000  -999.000  -999.000  -999.000  -999.000  -999.000  -999.000  -999.000  -999.000  -999.000  -999.000  -999.000  -999.000  -999.000     3.432   298.022     7.576     0.310
 121.0729167    16.250     0.000     0.000     0.000     0.000  -999.000  -999.000  -999.000  -999.000  -999.000  -999.000  -999.000  -999.000  -999.000  -999.000  -999.000  -999.000  -999.000  -999.000  -999.000  -999.000  -999.000  -999.000     3.341   297.995     7.593     0.317
 121.0729167    15.750     0.000     0.000     0.000     0.000  -999.000  -999.000  -999.000  -999.000  -999.000  -999.000  -999.000  -999.000  -999.000  -999.000  -999.000  -999.000  -999.000  -999.000  -999.000  -999.000  -999.000  -999.000     3.246   297.968     7.609     0.324
 121.0729167    15.250     0.000     0.000     0.000     0.000  -999.000  -999.000  -999.000  -999.000  -999.000  -999.000  -999.000  -999.000  -999.000  -999.000  -999.000  -999.000  -999.000  -999.000  -999.000  -999.000  -999.000  -999.000     3.149   297.940     7.627     0.331
 121.0729167    14.750     0.000     0.000     0.000     0.000  -999.000  -999.000  -999.000  -999.000  -999.000  -999.000  -999.000  -999.000  -999.000  -999.000  -999.000  -999.000  -999.000  -999.000  -999.000  -999.000  -999.000  -999.000     3.047   297.911     7.644     0.339
 121.0729167    14.250     0.000     0.000     0.000     0.000  -999.000  -999.000  -999.000  -999.000  -999.000  -999.000  -999.000  -999.000  -999.000  -999.000  -999.000  -999.000  -999.000  -999.000  -999.000  -999.000  -999.000  -999.000     2.941   297.881     7.662     0.348
 121.0729167    13.750     0.000     0.000     0.000     0.000  -999.000  -999.000  -999.000  -999.000  -999.000  -999.000  -999.000  -999.000  -999.000  -999.000  -999.000  -999.000  -999.000  -999.000  -999.000  -999.000  -999.000  -999.000     2.829   297.851     7.681     0.357
 121.0729167    13.250     0.000     0.000     0.000     0.000  -999.000  -999.000  -999.000  -999.000  -999.000  -999.000  -999.000  -999.000  -999.000  -999.000  -999.000  -999.000  -999.000  -999.000  -999.000  -999.000  -999.000  -999.000     2.711   297.819     7.700     0.368
 121.0729167    12.750     0.000     0.000     0.000     0.000  -999.000  -999.000  -999.000  -999.000  -999.000  -999.000  -999.000  -999.000  -999.000  -999.000  -999.000  -999.000  -999.000  -999.000  -999.000  -999.000  -999.000  -999.000     2.586   297.786     7.719     0.380
 121.0729167    12.250     0.000     0.000     0.000     0.000  -999.000  -999.000  -999.000  -999.000  -999.000  -999.000  -999.000  -999.000  -999.000  -999.000  -999.000  -999.000  -999.000  -999.000  -999.000  -999.000  -999.000  -999.000     2.452   297.752     7.740     0.394
 121.0729167    11.750     0.000     0.000     0.000     0.000  -999.000  -999.000  -999.000  -999.000  -999.000  -999.000  -999.000  -999.000  -999.000  -999.000  -999.000  -999.000  -999.000  -999.000  -999.000  -999.000  -999.000  -999.000     2.307   297.717     7.761     0.411
 121.0729167    11.250     0.000     0.000     0.000     0.000  -999.000  -999.000  -999.000  -999.000  -999.000  -999.000  -999.000  -999.000  -999.000  -999.000  -999.000  -999.000  -999.000  -999.000  -999.000  -999.000  -999.000  -999.000     2.147   297.680     7.783     0.432
 121.0729167    10.750     0.000     0.000     0.000     0.000  -999.000  -999.000  -999.000  -999.000  -999.000  -999.000  -999.000  -999.000  -999.000  -999.000  -999.000  -999.000  -999.000  -999.000  -999.000  -999.000  -999.000  -999.000     1.968   297.640     7.806     0.458
 121.0729167    10.250     0.000     0.000     0.000     0.000  -999.000  -999.000  -999.000  -999.000  -999.000  -999.000  -999.000  -999.000  -999.000  -999.000  -999.000  -999.000  -999.000  -999.000  -999.000  -999.000  -999.000  -999.000     1.759   297.597     7.832     0.495
 121.0729167     9.750     0.927     0.304     0.282     0.022    33.517   -19.101  -137.383  -114.597   171.110    95.578    17.367     9.154   288.931   161.079     0.437     0.203    -1.024    -0.739   295.724   296.033   122.324   121.368     1.517   297.549     7.860     0.560
 121.0729167     9.250     0.775     0.413     0.320     0.093    37.622   -14.632  -119.406   -96.828   157.258    82.295    16.109     7.813   264.809   138.958     0.404     0.173    -0.959    -0.678   295.792   296.110   116.119   115.578     1.300   297.502     7.889     0.648
 121.0729167     8.750     0.624     0.446     0.278     0.168    41.969   -10.194  -101.465   -78.166   143.694    68.085    14.795     6.361   240.282   115.376     0.368     0.141    -0.895    -0.612   295.893   296.246   109.047   108.693     1.114   297.461     7.917     0.758
 121.0729167     8.250     0.498     0.454     0.226     0.228    45.602    -6.586   -85.882   -61.839   131.780    55.388    13.629     5.079   219.066    94.697     0.338     0.112    -0.838    -0.552   295.996   296.386   102.088   101.831     0.955   297.426     7.944     0.888
 121.0729167     7.750     0.397     0.448     0.178     0.270    48.511    -3.755   -72.886   -48.145   121.731    44.544    12.651     4.017   201.618    77.623     0.314     0.089    -0.790    -0.501   296.085   296.521    95.553    95.358     0.818   297.396     7.969     1.039
 121.0729167     7.250     0.318     0.432     0.138     0.295    50.858    -1.523   -61.726   -37.580   112.949    36.237    11.841     3.174   187.609    63.912     0.294     0.072    -0.747    -0.461   296.179   296.629    89.571    89.420     0.701   297.373     7.994     1.216
 121.0729167     6.750     0.257     0.411     0.106     0.305    52.691     0.167   -52.579   -28.679   105.672    29.048    11.185     2.504   176.496    53.059     0.279     0.057    -0.712    -0.425   296.252   296.737    84.187    84.070     0.601   297.356     8.019     1.424
 121.0729167     6.250     0.211     0.385     0.081     0.304    54.176     1.481   -44.694   -21.755    99.299    23.452    10.649     1.985   167.724    44.532     0.267     0.046    -0.681    -0.396   296.323   296.839    79.402    79.310     0.515   297.344     8.043     1.667
 121.0729167     5.750     0.175     0.356     0.062     0.294    55.442     2.547   -37.939   -16.450    93.833    19.235    10.212     1.585   160.805    37.857     0.258     0.038    -0.653    -0.374   296.398   296.916    75.191    75.120     0.441   297.337     8.068     1.951
 121.0729167     5.250     0.147     0.324     0.048     0.277    56.531     3.405   -32.009   -12.291    89.020    15.950     9.851     1.277   155.334    32.641     0.252     0.032    -0.630    -0.354   296.455   297.001    71.522    71.468     0.378   297.334     8.093     2.284
 121.0729167     4.750     0.126     0.291     0.037     0.254    57.460     4.067   -26.507    -8.970    84.467    13.316     9.549     1.040   150.983    28.565     0.247     0.027    -0.606    -0.339   296.542   297.071    68.356    68.315     0.324   297.336     8.119     2.673
 121.0729167     4.250     0.110     0.257     0.028     0.229    58.271     4.566   -21.421    -6.302    80.205    11.160     9.292     0.856   147.494    25.384     0.243     0.023    -0.585    -0.324   296.614   297.148    65.652    65.622     0.278   297.341     8.147     3.129
 121.0729167     3.750     0.097     0.223     0.022     0.201    58.989     4.917   -16.567    -4.114    76.070     9.346     9.074     0.714   144.662    22.902     0.240     0.020    -0.564    -0.312   296.723   297.207    63.373    63.352     0.238   297.350     8.176     3.663
 121.0729167     3.250     0.088     0.189     0.017     0.172    59.727     5.220   -11.574    -2.575    71.807     8.123     8.879     0.607   142.321    20.972     0.237     0.018    -0.542    -0.302   296.840   297.270    61.483    61.468     0.204   297.361     8.208     4.288
 121.0729167     2.750     0.080     0.155     0.012     0.143    60.407     5.373    -6.560    -1.190    67.462     6.908     8.707     0.523   140.334    19.476     0.236     0.016    -0.521    -0.292   296.972   297.336    59.947    59.938     0.175   297.375     8.243     5.020
 121.0729167     2.250     0.075     0.122     0.009     0.113    61.114     5.423    -1.474     0.074    63.045     5.705     8.556     0.455   138.576    18.324     0.232     0.014    -0.498    -0.281   297.159   297.405    58.735    58.730     0.150   297.392     8.281     5.876
 121.0729167     1.750     0.071     0.091     0.006     0.085    62.135     5.602     3.937     0.990    58.597     4.996     8.431     0.408   136.920    17.442     0.222     0.013    -0.474    -0.274   297.416   297.452    57.818    57.815     0.128   297.411     8.323     6.878
 121.0729167     1.250     0.068     0.062     0.004     0.058    63.514     5.849    11.798     2.095    52.054     4.166     8.288     0.369   135.206    16.768     0.215     0.012    -0.444    -0.266   297.690   297.510    57.168    57.167     0.110   297.432     8.369     8.051
 121.0729167     0.750     0.067     0.036     0.002     0.033    65.896     6.599    24.038     3.983    42.095     3.067     8.095     0.332   133.178    16.235     0.206     0.011    -0.401    -0.256   298.130   297.616    56.757    56.757     0.094   297.456     8.421     9.424
 121.0729167     0.250     0.000     0.000     0.000     0.000  -999.000  -999.000  -999.000  -999.000  -999.000  -999.000  -999.000  -999.000  -999.000  -999.000  -999.000  -999.000  -999.000  -999.000  -999.000  -999.000  -999.000  -999.000     0.081   297.482     8.478    11.032
 121.0937500    22.750     0.000     0.000     0.000     0.000  -999.000  -999.000  -999.000  -999.000  -999.000  -999.000  -999.000  -999.000  -999.000  -999.000  -999.000  -999.000  -999.000  -999.000  -999.000  -999.000  -999.000  -999.000     4.401   297.473     7.231     0.089
 121.0937500    22.250     0.000     0.000     0.000     0.000  -999.000  -999.000  -999.000  -999.000  -999.000  -999.000  -999.000  -999.000  -999.000  -999.000  -999.000  -999.000  -999.000  -999.000  -999.000  -999.000  -999.000  -999.000     4.338   297.460     7.236     0.181
 121.0937500    21.750     0.000     0.000     0.000     0.000  -999.000  -999.000  -999.000  -999.000  -999.000  -999.000  -999.000  -999.000  -999.000  -999.000  -999.000  -999.000  -999.000  -999.000  -999.000  -999.000  -999.000  -999.000     4.273   297.447     7.241     0.184
 121.0937500    21.250     0.000     0.000     0.000     0.000  -999.000  -999.000  -999.000  -999.000  -999.000  -999.000  -999.000  -999.000  -999.000  -999.000  -999.000  -999.000  -999.000  -999.000  -999.000  -999.000  -999.000  -999.000     4.206   297.435     7.246     0.187
 121.0937500    20.750     0.000     0.000     0.000     0.000  -999.000  -999.000  -999.000  -999.000  -999.000  -999.000  -999.000  -999.000  -999.000  -999.000  -999.000  -999.000  -999.000  -999.000  -999.000  -999.000  -999.000  -999.000     4.139   297.421     7.251     0.191
 121.0937500    20.250     0.000     0.000     0.000     0.000  -999.000  -999.000  -999.000  -999.000  -999.000  -999.000  -999.000  -999.000  -999.000  -999.000  -999.000  -999.000  -999.000  -999.000  -999.000  -999.000  -999.000  -999.000     4.069   297.408     7.256     0.194
 121.0937500    19.750     0.000     0.000     0.000     0.000  -999.000  -999.000  -999.000  -999.000  -999.000  -999.000  -999.000  -999.000  -999.000  -999.000  -999.000  -999.000  -999.000  -999.000  -999.000  -999.000  -999.000  -999.000     3.998   297.394     7.262     0.198
 121.0937500    19.250     0.000     0.000     0.000     0.000  -999.000  -999.000  -999.000  -999.000  -999.000  -999.000  -999.000  -999.000  -999.000  -999.000  -999.000  -999.000  -999.000  -999.000  -999.000  -999.000  -999.000  -999.000     3.925   297.380     7.267     0.202
 121.0937500    18.750     0.000     0.000     0.000     0.000  -999.000  -999.000  -999.000  -999.000  -999.000  -999.000  -999.000  -999.000  -999.000  -999.000  -999.000  -999.000  -999.000  -999.000  -999.000  -999.000  -999.000  -999.000     3.849   297.365     7.273     0.206
 121.0937500    18.250     0.000     0.000     0.000     0.000  -999.000  -999.000  -999.000  -999.000  -999.000  -999.000  -999.000  -999.000  -999.000  -999.000  -999.000  -999.000  -999.000  -999.000  -999.000  -999.000  -999.000  -999.000     3.772   297.350     7.278     0.211
 121.0937500    17.750     0.000     0.000     0.000     0.000  -999.000  -999.000  -999.000  -999.000  -999.000  -999.000  -999.000  -999.000  -999.000  -999.000  -999.000  -999.000  -999.000  -999.000  -999.000  -999.000  -999.000  -999.000     3.692   297.335     7.284     0.215
 121.0937500    17.250     0.000     0.000     0.000     0.000  -999.000  -999.000  -999.000  -999.000  -999.000  -999.000  -999.000  -999.000  -999.000  -999.000  -999.000  -999.000  -999.000  -999.000  -999.000  -999.000  -999.000  -999.000     3.610   297.319     7.290     0.220
 121.0937500    16.750     0.000     0.000     0.000     0.000  -999.000  -999.000  -999.000  -999.000  -999.000  -999.000  -999.000  -999.000  -999.000  -999.000  -999.000  -999.000  -999.000  -999.000  -999.000  -999.000  -999.000  -999.000     3.524   297.303     7.296     0.225
 121.0937500    16.250     0.000     0.000     0.000     0.000  -999.000  -999.000  -999.000  -999.000  -999.000  -999.000  -999.000  -999.000  -999.000  -999.000  -999.000  -999.000  -999.000  -999.000  -999.000  -999.000  -999.000  -999.000     3.436   297.286     7.302     0.231
 121.0937500    15.750     0.000     0.000     0.000     0.000  -999.000  -999.000  -999.000  -999.000  -999.000  -999.000  -999.000  -999.000  -999.000  -999.000  -999.000  -999.000  -999.000  -999.000  -999.000  -999.000  -999.000  -999.000     3.344   297.269     7.308     0.236
 121.0937500    15.250     0.000     0.000     0.000     0.000  -999.000  -999.000  -999.000  -999.000  -999.000  -999.000  -999.000  -999.000  -999.000  -999.000  -999.000  -999.000  -999.000  -999.000  -999.000  -999.000  -999.000  -999.000     3.248   297.252     7.315     0.243
 121.0937500    14.750     0.000     0.000     0.000     0.000  -999.000  -999.000  -999.000  -999.000  -999.000  -999.000  -999.000  -999.000  -999.000  -999.000  -999.000  -999.000  -999.000  -999.000  -999.000  -999.000  -999.000  -999.000     3.148   297.233     7.321     0.249
 121.0937500    14.250     0.000     0.000     0.000     0.000  -999.000  -999.000  -999.000  -999.000  -999.000  -999.000  -999.000  -999.000  -999.000  -999.000  -999.000  -999.000  -999.000  -999.000  -999.000  -999.000  -999.000  -999.000     3.043   297.215     7.328     0.257
 121.0937500    13.750     0.000     0.000     0.000     0.000  -999.000  -999.000  -999.000  -999.000  -999.000  -999.000  -999.000  -999.000  -999.000  -999.000  -999.000  -999.000  -999.000  -999.000  -999.000  -999.000  -999.000  -999.000     2.933   297.195     7.335     0.265
 121.0937500    13.250     0.000     0.000     0.000     0.000  -999.000  -999.000  -999.000  -999.000  -999.000  -999.000  -999.000  -999.000  -999.000  -999.000  -999.000  -999.000  -999.000  -999.000  -999.000  -999.000  -999.000  -999.000     2.815   297.175     7.342     0.273
 121.0937500    12.750     0.000     0.000     0.000     0.000  -999.000  -999.000  -999.000  -999.000  -999.000  -999.000  -999.000  -999.000  -999.000  -999.000  -999.000  -999.000  -999.000  -999.000  -999.000  -999.000  -999.000  -999.000     2.690   297.154     7.350     0.283
 121.0937500    12.250     0.000     0.000     0.000     0.000  -999.000  -999.000  -999.000  -999.000  -999.000  -999.000  -999.000  -999.000  -999.000  -999.000  -999.000  -999.000  -999.000  -999.000  -999.000  -999.000  -999.000  -999.000     2.556   297.132     7.357     0.295
 121.0937500    11.750     0.000     0.000     0.000     0.000  -999.000  -999.000  -999.000  -999.000  -999.000  -999.000  -999.000  -999.000  -999.000  -999.000  -999.000  -999.000  -999.000  -999.000  -999.000  -999.000  -999.000  -999.000     2.409   297.109     7.365     0.308
 121.0937500    11.250     0.000     0.000     0.000     0.000  -999.000  -999.000  -999.000  -999.000  -999.000  -999.000  -999.000  -999.000  -999.000  -999.000  -999.000  -999.000  -999.000  -999.000  -999.000  -999.000  -999.000  -999.000     2.247   297.085     7.374     0.324
 121.0937500    10.750     0.000     0.000     0.000     0.000  -999.000  -999.000  -999.000  -999.000  -999.000  -999.000  -999.000  -999.000  -999.000  -999.000  -999.000  -999.000  -999.000  -999.000  -999.000  -999.000  -999.000  -999.000     2.065   297.059     7.383     0.343
 121.0937500    10.250     0.000     0.000     0.000     0.000  -999.000  -999.000  -999.000  -999.000  -999.000  -999.000  -999.000  -999.000  -999.000  -999.000  -999.000  -999.000  -999.000  -999.000  -999.000  -999.000  -999.000  -999.000     1.853   297.031     7.392     0.370
 121.0937500     9.750     0.918     0.304     0.279     0.025   -19.880   -43.375  -118.105  -100.929    98.283    57.543     9.378     5.058   124.971    78.958     0.207     0.110    -0.690    -0.553   295.605   295.770   122.333   121.372     1.607   297.000     7.403     0.416
 121.0937500     9.250     0.749     0.413     0.309     0.104   -13.537   -36.778  -102.362   -85.595    88.903    48.824     8.499     4.219   112.981    67.950     0.187     0.093    -0.647    -0.513   295.676   295.848   116.135   115.585     1.385   296.970     7.414     0.476
 121.0937500     8.750     0.586     0.446     0.261     0.185    -6.761   -29.921   -86.355   -69.487    79.695    39.593     7.603     3.326   100.808    56.233     0.167     0.075    -0.606    -0.473   295.782   295.959   109.065   108.700     1.194   296.944     7.424     0.553
 121.0937500     8.250     0.453     0.454     0.206     0.248    -0.889   -24.041   -72.454   -55.302    71.690    31.305     6.833     2.549    90.307    45.985     0.150     0.058    -0.569    -0.435   295.887   296.084   102.105   101.837     1.029   296.921     7.434     0.642
 121.0937500     7.750     0.350     0.448     0.157     0.291     4.014   -19.162   -60.944   -43.787    65.115    24.691     6.208     1.921    81.699    37.546     0.136     0.046    -0.540    -0.405   295.971   296.187    95.569    95.363     0.887   296.903     7.444     0.746
 121.0937500     7.250     0.272     0.432     0.118     0.315     7.927   -15.295   -51.446   -34.197    59.551    18.983     5.711     1.422    74.812    30.790     0.125     0.035    -0.512    -0.378   296.057   296.292    89.585    89.424     0.765   296.888     7.454     0.866
 121.0937500     6.750     0.214     0.411     0.088     0.323    11.099   -12.184   -43.762   -26.818    55.059    14.735     5.324     1.040    69.370    25.457     0.116     0.027    -0.491    -0.357   296.133   296.366    84.199    84.073     0.659   296.878     7.463     1.006
 121.0937500     6.250     0.170     0.385     0.066     0.319    13.678    -9.680   -37.417   -20.892    51.319    11.325     5.023     0.748    65.093    21.278     0.110     0.021    -0.471    -0.338   296.189   296.459    79.411    79.312     0.569   296.870     7.474     1.168
 121.0937500     5.750     0.138     0.356     0.049     0.307    15.776    -7.673   -32.099   -16.500    48.120     8.956     4.788     0.529    61.734    18.014     0.105     0.017    -0.456    -0.324   296.233   296.514    75.199    75.122     0.490   296.866     7.485     1.357
 121.0937500     5.250     0.113     0.324     0.037     0.287    17.420    -6.135   -27.779   -12.603    45.459     6.605     4.607     0.359    59.092    15.468     0.101     0.012    -0.440    -0.309   296.292   296.589    71.528    71.469     0.422   296.864     7.497     1.575
 121.0937500     4.750     0.095     0.291     0.028     0.263    18.822    -4.855   -24.059    -9.756    43.156     5.054     4.464     0.235    57.004    13.483     0.099     0.010    -0.427    -0.300   296.340   296.633    68.361    68.316     0.364   296.864     7.510     1.830
 121.0937500     4.250     0.081     0.257     0.021     0.236    20.017    -3.804   -20.722    -7.573    41.035     3.945     4.351     0.143    55.344    11.934     0.097     0.008    -0.416    -0.292   296.373   296.664    65.656    65.623     0.314   296.867     7.525     2.125
 121.0937500     3.750     0.071     0.223     0.016     0.207    21.032    -2.959   -17.447    -5.870    38.780     3.105     4.255     0.073    54.011    10.728     0.095     0.006    -0.403    -0.284   296.433   296.694    63.376    63.352     0.271   296.871     7.542     2.468
 121.0937500     3.250     0.063     0.189     0.012     0.177    21.934    -2.258   -14.391    -4.570    36.637     2.523     4.175     0.021    52.925     9.790     0.093     0.005    -0.391    -0.278   296.478   296.721    61.485    61.468     0.233   296.877     7.560     2.866
 121.0937500     2.750     0.057     0.155     0.009     0.146    22.756    -1.682   -11.130    -3.563    34.197     2.112     4.101    -0.018    52.023     9.063     0.092     0.005    -0.377    -0.272   296.555   296.747    59.949    59.938     0.201   296.884     7.581     3.328
 121.0937500     2.250     0.053     0.122     0.006     0.116    23.471    -1.272    -7.956    -2.514    31.742     1.496     4.036    -0.051    51.249     8.505     0.091     0.003    -0.365    -0.266   296.625   296.772    58.736    58.730     0.173   296.893     7.605     3.865
 121.0937500     1.750     0.050     0.091     0.005     0.087    24.341    -0.794    -4.143    -1.892    28.785     1.367     3.967    -0.071    50.546     8.078     0.090     0.003    -0.350    -0.261   296.720   296.799    57.819    57.815     0.149   296.903     7.632     4.489
 121.0937500     1.250     0.047     0.062     0.003     0.059    25.407    -0.254     0.497    -1.164    25.176     1.196     3.892    -0.089    49.852     7.753     0.087     0.003    -0.332    -0.255   296.880   296.832    57.168    57.167     0.129   296.914     7.663     5.213
 121.0937500     0.750     0.046     0.036     0.002     0.034    27.117     0.697     7.367     0.281    19.984     0.732     3.795    -0.109    49.066     7.499     0.084     0.003    -0.310    -0.249   297.087   296.888    56.758    56.757     0.111   296.926     7.697     6.054
 121.0937500     0.250     0.000     0.000     0.000     0.000  -999.000  -999.000  -999.000  -999.000  -999.000  -999.000  -999.000  -999.000  -999.000  -999.000  -999.000  -999.000  -999.000  -999.000  -999.000  -999.000  -999.000  -999.000     0.096   296.938     7.737     7.031
 121.1145833    22.750     0.000     0.000     0.000     0.000  -999.000  -999.000  -999.000  -999.000  -999.000  -999.000  -999.000  -999.000  -999.000  -999.000  -999.000  -999.000  -999.000  -999.000  -999.000  -999.000  -999.000  -999.000     3.940   296.580     6.813     0.102
 121.1145833    22.250     0.000     0.000     0.000     0.000  -999.000  -999.000  -999.000  -999.000  -999.000  -999.000  -999.000  -999.000  -999.000  -999.000  -999.000  -999.000  -999.000  -999.000  -999.000  -999.000  -999.000  -999.000     3.882   296.568     6.816     0.207
 121.1145833    21.750     0.000     0.000     0.000     0.000  -999.000  -999.000  -999.000  -999.000  -999.000  -999.000  -999.000  -999.000  -999.000  -999.000  -999.000  -999.000  -999.000  -999.000  -999.000  -999.000  -999.000  -999.000     3.821   296.555     6.820     0.211
 121.1145833    21.250     0.000     0.000     0.000     0.000  -999.000  -999.000  -999.000  -999.000  -999.000  -999.000  -999.000  -999.000  -999.000  -999.000  -999.000  -999.000  -999.000  -999.000  -999.000  -999.000  -999.000  -999.000     3.760   296.542     6.823     0.214
 121.1145833    20.750     0.000     0.000     0.000     0.000  -999.000  -999.000  -999.000  -999.000  -999.000  -999.000  -999.000  -999.000  -999.000  -999.000  -999.000  -999.000  -999.000  -999.000  -999.000  -999.000  -999.000  -999.000     3.697   296.529     6.827     0.218
 121.1145833    20.250     0.000     0.000     0.000     0.000  -999.000  -999.000  -999.000  -999.000  -999.000  -999.000  -999.000  -999.000  -999.000  -999.000  -999.000  -999.000  -999.000  -999.000  -999.000  -999.000  -999.000  -999.000     3.633   296.516     6.830     0.222
 121.1145833    19.750     0.000     0.000     0.000     0.000  -999.000  -999.000  -999.000  -999.000  -999.000  -999.000  -999.000  -999.000  -999.000  -999.000  -999.000  -999.000  -999.000  -999.000  -999.000  -999.000  -999.000  -999.000     3.567   296.502     6.833     0.227
 121.1145833    19.250     0.000     0.000     0.000     0.000  -999.000  -999.000  -999.000  -999.000  -999.000  -999.000  -999.000  -999.000  -999.000  -999.000  -999.000  -999.000  -999.000  -999.000  -999.000  -999.000  -999.000  -999.000     3.500   296.488     6.837     0.231
 121.1145833    18.750     0.000     0.000     0.000     0.000  -999.000  -999.000  -999.000  -999.000  -999.000  -999.000  -999.000  -999.000  -999.000  -999.000  -999.000  -999.000  -999.000  -999.000  -999.000  -999.000  -999.000  -999.000     3.431   296.474     6.840     0.236
 121.1145833    18.250     0.000     0.000     0.000     0.000  -999.000  -999.000  -999.000  -999.000  -999.000  -999.000  -999.000  -999.000  -999.000  -999.000  -999.000  -999.000  -999.000  -999.000  -999.000  -999.000  -999.000  -999.000     3.360   296.459     6.844     0.241
 121.1145833    17.750     0.000     0.000     0.000     0.000  -999.000  -999.000  -999.000  -999.000  -999.000  -999.000  -999.000  -999.000  -999.000  -999.000  -999.000  -999.000  -999.000  -999.000  -999.000  -999.000  -999.000  -999.000     3.287   296.444     6.847     0.246
 121.1145833    17.250     0.000     0.000     0.000     0.000  -999.000  -999.000  -999.000  -999.000  -999.000  -999.000  -999.000  -999.000  -999.000  -999.000  -999.000  -999.000  -999.000  -999.000  -999.000  -999.000  -999.000  -999.000     3.211   296.429     6.851     0.251
 121.1145833    16.750     0.000     0.000     0.000     0.000  -999.000  -999.000  -999.000  -999.000  -999.000  -999.000  -999.000  -999.000  -999.000  -999.000  -999.000  -999.000  -999.000  -999.000  -999.000  -999.000  -999.000  -999.000     3.133   296.413     6.854     0.257
 121.1145833    16.250     0.000     0.000     0.000     0.000  -999.000  -999.000  -999.000  -999.000  -999.000  -999.000  -999.000  -999.000  -999.000  -999.000  -999.000  -999.000  -999.000  -999.000  -999.000  -999.000  -999.000  -999.000     3.053   296.396     6.858     0.263
 121.1145833    15.750     0.000     0.000     0.000     0.000  -999.000  -999.000  -999.000  -999.000  -999.000  -999.000  -999.000  -999.000  -999.000  -999.000  -999.000  -999.000  -999.000  -999.000  -999.000  -999.000  -999.000  -999.000     2.969   296.380     6.861     0.270
 121.1145833    15.250     0.000     0.000     0.000     0.000  -999.000  -999.000  -999.000  -999.000  -999.000  -999.000  -999.000  -999.000  -999.000  -999.000  -999.000  -999.000  -999.000  -999.000  -999.000  -999.000  -999.000  -999.000     2.882   296.362     6.865     0.277
 121.1145833    14.750     0.000     0.000     0.000     0.000  -999.000  -999.000  -999.000  -999.000  -999.000  -999.000  -999.000  -999.000  -999.000  -999.000  -999.000  -999.000  -999.000  -999.000  -999.000  -999.000  -999.000  -999.000     2.791   296.345     6.868     0.284
 121.1145833    14.250     0.000     0.000     0.000     0.000  -999.000  -999.000  -999.000  -999.000  -999.000  -999.000  -999.000  -999.000  -999.000  -999.000  -999.000  -999.000  -999.000  -999.000  -999.000  -999.000  -999.000  -999.000     2.696   296.326     6.872     0.292
 121.1145833    13.750     0.000     0.000     0.000     0.000  -999.000  -999.000  -999.000  -999.000  -999.000  -999.000  -999.000  -999.000  -999.000  -999.000  -999.000  -999.000  -999.000  -999.000  -999.000  -999.000  -999.000  -999.000     2.596   296.307     6.876     0.301
 121.1145833    13.250     0.000     0.000     0.000     0.000  -999.000  -999.000  -999.000  -999.000  -999.000  -999.000  -999.000  -999.000  -999.000  -999.000  -999.000  -999.000  -999.000  -999.000  -999.000  -999.000  -999.000  -999.000     2.491   296.287     6.880     0.311
 121.1145833    12.750     0.000     0.000     0.000     0.000  -999.000  -999.000  -999.000  -999.000  -999.000  -999.000  -999.000  -999.000  -999.000  -999.000  -999.000  -999.000  -999.000  -999.000  -999.000  -999.000  -999.000  -999.000     2.378   296.267     6.884     0.322
 121.1145833    12.250     0.000     0.000     0.000     0.000  -999.000  -999.000  -999.000  -999.000  -999.000  -999.000  -999.000  -999.000  -999.000  -999.000  -999.000  -999.000  -999.000  -999.000  -999.000  -999.000  -999.000  -999.000     2.257   296.246     6.887     0.335
 121.1145833    11.750     0.000     0.000     0.000     0.000  -999.000  -999.000  -999.000  -999.000  -999.000  -999.000  -999.000  -999.000  -999.000  -999.000  -999.000  -999.000  -999.000  -999.000  -999.000  -999.000  -999.000  -999.000     2.126   296.223     6.891     0.350
 121.1145833    11.250     0.000     0.000     0.000     0.000  -999.000  -999.000  -999.000  -999.000  -999.000  -999.000  -999.000  -999.000  -999.000  -999.000  -999.000  -999.000  -999.000  -999.000  -999.000  -999.000  -999.000  -999.000     1.981   296.200     6.896     0.368
 121.1145833    10.750     0.000     0.000     0.000     0.000  -999.000  -999.000  -999.000  -999.000  -999.000  -999.000  -999.000  -999.000  -999.000  -999.000  -999.000  -999.000  -999.000  -999.000  -999.000  -999.000  -999.000  -999.000     1.818   296.174     6.900     0.391
 121.1145833    10.250     0.000     0.000     0.000     0.000  -999.000  -999.000  -999.000  -999.000  -999.000  -999.000  -999.000  -999.000  -999.000  -999.000  -999.000  -999.000  -999.000  -999.000  -999.000  -999.000  -999.000  -999.000     1.629   296.147     6.905     0.421
 121.1145833     9.750     0.887     0.304     0.270     0.034   -61.897   -68.481   -84.713   -79.028    23.046    10.787     1.801     0.545    23.032    15.591     0.044     0.020    -0.383    -0.360   295.060   295.038   122.365   121.382     1.409   296.116     6.910     0.473
 121.1145833     9.250     0.667     0.413     0.276     0.138   -52.583   -59.088   -73.062   -67.250    20.729     8.425     1.572     0.331    20.645    13.397     0.040     0.015    -0.372    -0.350   295.114   295.083   116.191   115.608     1.211   296.086     6.915     0.542
 121.1145833     8.750     0.473     0.446     0.211     0.235   -42.677   -49.156   -60.311   -55.382    17.907     6.514     1.338     0.113    18.217    11.058     0.034     0.012    -0.359    -0.342   295.193   295.158   109.126   108.724     1.042   296.059     6.922     0.630
 121.1145833     8.250     0.330     0.454     0.150     0.304   -34.018   -40.492   -49.426   -44.588    15.707     4.410     1.147    -0.077    16.124     9.015     0.030     0.008    -0.349    -0.333   295.273   295.235   102.164   101.858     0.896   296.034     6.929     0.733
 121.1145833     7.750     0.230     0.448     0.103     0.345   -26.740   -33.220   -40.406   -36.136    13.982     3.250     1.002    -0.219    14.411     7.336     0.027     0.006    -0.339    -0.326   295.348   295.306    95.622    95.379     0.770   296.012     6.937     0.851
 121.1145833     7.250     0.161     0.432     0.070     0.363   -20.812   -27.303   -33.059   -29.297    12.584     2.350     0.894    -0.326    13.045     5.995     0.024     0.004    -0.332    -0.319   295.413   295.368    89.632    89.437     0.662   295.994     6.946     0.989
 121.1145833     6.750     0.115     0.411     0.047     0.364   -16.016   -22.524   -27.385   -23.866    11.718     1.712     0.820    -0.402    11.968     4.939     0.023     0.003    -0.325    -0.313   295.472   295.422    84.239    84.082     0.569   295.979     6.956     1.150
 121.1145833     6.250     0.083     0.385     0.032     0.353   -12.144   -18.673   -22.540   -19.624    10.764     1.341     0.765    -0.454    11.124     4.114     0.021     0.002    -0.318    -0.307   295.524   295.470    79.444    79.319     0.489   295.967     6.968     1.336
 121.1145833     5.750     0.062     0.356     0.022     0.334    -9.029   -15.584   -18.929   -16.245    10.275     1.060     0.731    -0.490    10.464     3.471     0.021     0.002    -0.312    -0.302   295.571   295.512    75.226    75.127     0.421   295.958     6.981     1.553
 121.1145833     5.250     0.047     0.324     0.015     0.309    -6.479   -13.064   -15.708   -13.690     9.619     1.042     0.705    -0.513     9.947     2.971     0.020     0.002    -0.306    -0.297   295.613   295.549    71.550    71.472     0.362   295.952     6.995     1.805
 121.1145833     4.750     0.037     0.291     0.011     0.280    -4.414   -11.035   -13.269   -11.632     9.249     1.020     0.690    -0.529     9.540     2.581     0.019     0.002    -0.300    -0.291   295.652   295.583    68.377    68.318     0.311   295.949     7.012     2.098
 121.1145833     4.250     0.030     0.257     0.008     0.250    -2.740    -9.403   -11.063    -9.972     8.716     0.994     0.677    -0.539     9.218     2.278     0.019     0.002    -0.295    -0.286   295.689   295.614    65.668    65.624     0.267   295.949     7.030     2.438
 121.1145833     3.750     0.024     0.223     0.005     0.217    -1.375    -8.087    -9.400    -8.623     8.418     0.963     0.671    -0.545     8.961     2.042     0.019     0.002    -0.289    -0.281   295.724   295.643    63.385    63.353     0.230   295.951     7.051     2.834
 121.1145833     3.250     0.021     0.189     0.004     0.185    -0.259    -7.030    -7.937    -7.527     8.071     0.926     0.666    -0.549     8.753     1.858     0.019     0.002    -0.284    -0.276   295.758   295.669    61.491    61.469     0.198   295.955     7.075     3.293
 121.1145833     2.750     0.018     0.155     0.003     0.152     0.662    -6.181    -6.246    -6.630     7.299     0.881     0.654    -0.551     8.583     1.716     0.018     0.002    -0.278    -0.271   295.790   295.693    59.953    59.938     0.170   295.962     7.101     3.828
 121.1145833     2.250     0.016     0.122     0.002     0.121     1.443    -5.489    -4.994    -5.880     6.827     0.825     0.648    -0.552     8.439     1.608     0.018     0.002    -0.272    -0.266   295.822   295.716    58.739    58.730     0.146   295.971     7.130     4.448
 121.1145833     1.750     0.015     0.091     0.001     0.090     2.147    -4.900    -3.701    -5.216     6.237     0.753     0.639    -0.554     8.312     1.524     0.018     0.002    -0.266    -0.260   295.855   295.738    57.820    57.815     0.126   295.982     7.164     5.170
 121.1145833     1.250     0.014     0.062     0.001     0.061     2.887    -4.315    -2.104    -4.529     5.381     0.658     0.625    -0.556     8.190     1.461     0.017     0.002    -0.260    -0.255   295.892   295.763    57.169    57.167     0.108   295.994     7.201     6.008
 121.1145833     0.750     0.013     0.036     0.000     0.035     4.006    -3.418     0.124    -3.489     4.273     0.521     0.604    -0.559     8.056     1.412     0.017     0.002    -0.253    -0.249   295.951   295.806    56.758    56.757     0.093   296.008     7.243     6.983
 121.1145833     0.250     0.000     0.000     0.000     0.000  -999.000  -999.000  -999.000  -999.000  -999.000  -999.000  -999.000  -999.000  -999.000  -999.000  -999.000  -999.000  -999.000  -999.000  -999.000  -999.000  -999.000  -999.000     0.080   296.022     7.291     8.116
 121.1354167    22.750     0.000     0.000     0.000     0.000  -999.000  -999.000  -999.000  -999.000  -999.000  -999.000  -999.000  -999.000  -999.000  -999.000  -999.000  -999.000  -999.000  -999.000  -999.000  -999.000  -999.000  -999.000     3.901   295.760     6.112     0.119
 121.1354167    22.250     0.000     0.000     0.000     0.000  -999.000  -999.000  -999.000  -999.000  -999.000  -999.000  -999.000  -999.000  -999.000  -999.000  -999.000  -999.000  -999.000  -999.000  -999.000  -999.000  -999.000  -999.000     3.841   295.746     6.115     0.240
 121.1354167    21.750     0.000     0.000     0.000     0.000  -999.000  -999.000  -999.000  -999.000  -999.000  -999.000  -999.000  -999.000  -999.000  -999.000  -999.000  -999.000  -999.000  -999.000  -999.000  -999.000  -999.000  -999.000     3.779   295.731     6.119     0.244
 121.1354167    21.250     0.000     0.000     0.000     0.000  -999.000  -999.000  -999.000  -999.000  -999.000  -999.000  -999.000  -999.000  -999.000  -999.000  -999.000  -999.000  -999.000  -999.000  -999.000  -999.000  -999.000  -999.000     3.717   295.716     6.122     0.248
 121.1354167    20.750     0.000     0.000     0.000     0.000  -999.000  -999.000  -999.000  -999.000  -999.000  -999.000  -999.000  -999.000  -999.000  -999.000  -999.000  -999.000  -999.000  -999.000  -999.000  -999.000  -999.000  -999.000     3.653   295.701     6.126     0.252
 121.1354167    20.250     0.000     0.000     0.000     0.000  -999.000  -999.000  -999.000  -999.000  -999.000  -999.000  -999.000  -999.000  -999.000  -999.000  -999.000  -999.000  -999.000  -999.000  -999.000  -999.000  -999.000  -999.000     3.587   295.685     6.129     0.257
 121.1354167    19.750     0.000     0.000     0.000     0.000  -999.000  -999.000  -999.000  -999.000  -999.000  -999.000  -999.000  -999.000  -999.000  -999.000  -999.000  -999.000  -999.000  -999.000  -999.000  -999.000  -999.000  -999.000     3.521   295.669     6.133     0.261
 121.1354167    19.250     0.000     0.000     0.000     0.000  -999.000  -999.000  -999.000  -999.000  -999.000  -999.000  -999.000  -999.000  -999.000  -999.000  -999.000  -999.000  -999.000  -999.000  -999.000  -999.000  -999.000  -999.000     3.452   295.653     6.136     0.266
 121.1354167    18.750     0.000     0.000     0.000     0.000  -999.000  -999.000  -999.000  -999.000  -999.000  -999.000  -999.000  -999.000  -999.000  -999.000  -999.000  -999.000  -999.000  -999.000  -999.000  -999.000  -999.000  -999.000     3.382   295.636     6.140     0.271
 121.1354167    18.250     0.000     0.000     0.000     0.000  -999.000  -999.000  -999.000  -999.000  -999.000  -999.000  -999.000  -999.000  -999.000  -999.000  -999.000  -999.000  -999.000  -999.000  -999.000  -999.000  -999.000  -999.000     3.310   295.619     6.143     0.276
 121.1354167    17.750     0.000     0.000     0.000     0.000  -999.000  -999.000  -999.000  -999.000  -999.000  -999.000  -999.000  -999.000  -999.000  -999.000  -999.000  -999.000  -999.000  -999.000  -999.000  -999.000  -999.000  -999.000     3.236   295.602     6.147     0.282
 121.1354167    17.250     0.000     0.000     0.000     0.000  -999.000  -999.000  -999.000  -999.000  -999.000  -999.000  -999.000  -999.000  -999.000  -999.000  -999.000  -999.000  -999.000  -999.000  -999.000  -999.000  -999.000  -999.000     3.160   295.584     6.150     0.287
 121.1354167    16.750     0.000     0.000     0.000     0.000  -999.000  -999.000  -999.000  -999.000  -999.000  -999.000  -999.000  -999.000  -999.000  -999.000  -999.000  -999.000  -999.000  -999.000  -999.000  -999.000  -999.000  -999.000     3.082   295.565     6.154     0.294
 121.1354167    16.250     0.000     0.000     0.000     0.000  -999.000  -999.000  -999.000  -999.000  -999.000  -999.000  -999.000  -999.000  -999.000  -999.000  -999.000  -999.000  -999.000  -999.000  -999.000  -999.000  -999.000  -999.000     3.001   295.546     6.158     0.300
 121.1354167    15.750     0.000     0.000     0.000     0.000  -999.000  -999.000  -999.000  -999.000  -999.000  -999.000  -999.000  -999.000  -999.000  -999.000  -999.000  -999.000  -999.000  -999.000  -999.000  -999.000  -999.000  -999.000     2.917   295.527     6.161     0.307
 121.1354167    15.250     0.000     0.000     0.000     0.000  -999.000  -999.000  -999.000  -999.000  -999.000  -999.000  -999.000  -999.000  -999.000  -999.000  -999.000  -999.000  -999.000  -999.000  -999.000  -999.000  -999.000  -999.000     2.830   295.507     6.165     0.315
 121.1354167    14.750     0.000     0.000     0.000     0.000  -999.000  -999.000  -999.000  -999.000  -999.000  -999.000  -999.000  -999.000  -999.000  -999.000  -999.000  -999.000  -999.000  -999.000  -999.000  -999.000  -999.000  -999.000     2.739   295.487     6.169     0.323
 121.1354167    14.250     0.000     0.000     0.000     0.000  -999.000  -999.000  -999.000  -999.000  -999.000  -999.000  -999.000  -999.000  -999.000  -999.000  -999.000  -999.000  -999.000  -999.000  -999.000  -999.000  -999.000  -999.000     2.644   295.466     6.173     0.332
 121.1354167    13.750     0.000     0.000     0.000     0.000  -999.000  -999.000  -999.000  -999.000  -999.000  -999.000  -999.000  -999.000  -999.000  -999.000  -999.000  -999.000  -999.000  -999.000  -999.000  -999.000  -999.000  -999.000     2.544   295.444     6.177     0.341
 121.1354167    13.250     0.000     0.000     0.000     0.000  -999.000  -999.000  -999.000  -999.000  -999.000  -999.000  -999.000  -999.000  -999.000  -999.000  -999.000  -999.000  -999.000  -999.000  -999.000  -999.000  -999.000  -999.000     2.439   295.421     6.180     0.352
 121.1354167    12.750     0.000     0.000     0.000     0.000  -999.000  -999.000  -999.000  -999.000  -999.000  -999.000  -999.000  -999.000  -999.000  -999.000  -999.000  -999.000  -999.000  -999.000  -999.000  -999.000  -999.000  -999.000     2.327   295.398     6.184     0.364
 121.1354167    12.250     0.000     0.000     0.000     0.000  -999.000  -999.000  -999.000  -999.000  -999.000  -999.000  -999.000  -999.000  -999.000  -999.000  -999.000  -999.000  -999.000  -999.000  -999.000  -999.000  -999.000  -999.000     2.207   295.374     6.188     0.378
 121.1354167    11.750     0.000     0.000     0.000     0.000  -999.000  -999.000  -999.000  -999.000  -999.000  -999.000  -999.000  -999.000  -999.000  -999.000  -999.000  -999.000  -999.000  -999.000  -999.000  -999.000  -999.000  -999.000     2.077   295.348     6.193     0.395
 121.1354167    11.250     0.000     0.000     0.000     0.000  -999.000  -999.000  -999.000  -999.000  -999.000  -999.000  -999.000  -999.000  -999.000  -999.000  -999.000  -999.000  -999.000  -999.000  -999.000  -999.000  -999.000  -999.000     1.934   295.321     6.197     0.415
 121.1354167    10.750     0.000     0.000     0.000     0.000  -999.000  -999.000  -999.000  -999.000  -999.000  -999.000  -999.000  -999.000  -999.000  -999.000  -999.000  -999.000  -999.000  -999.000  -999.000  -999.000  -999.000  -999.000     1.773   295.293     6.201     0.440
 121.1354167    10.250     0.000     0.000     0.000     0.000  -999.000  -999.000  -999.000  -999.000  -999.000  -999.000  -999.000  -999.000  -999.000  -999.000  -999.000  -999.000  -999.000  -999.000  -999.000  -999.000  -999.000  -999.000     1.586   295.261     6.206     0.475
 121.1354167     9.750     0.581     0.304     0.177     0.127   -74.575   -76.872   -77.168   -77.556     2.988     1.078    -0.882    -1.323     0.000     0.000     0.006     0.002    -0.343    -0.342   294.104   294.104   122.789   121.512     1.369   295.226     6.211     0.536
 121.1354167     9.250     0.147     0.413     0.061     0.352   -64.044   -66.342   -66.454   -67.019     2.806     1.074    -0.843    -1.288     0.000     0.000     0.005     0.002    -0.338    -0.337   294.145   294.145   116.918   115.838     1.174   295.192     6.217     0.616
 121.1354167     8.750     0.027     0.446     0.012     0.434   -52.894   -55.194   -55.296   -55.870     2.798     1.072    -0.792    -1.242     0.000     0.000     0.005     0.002    -0.333    -0.332   294.218   294.218   109.915   108.886     1.007   295.160     6.224     0.718
 121.1354167     8.250     0.005     0.454     0.002     0.452   -43.132   -45.437   -45.359   -46.110     2.622     1.069    -0.739    -1.190     0.000     0.000     0.005     0.002    -0.328    -0.327   294.293   294.293   102.927   101.954     0.864   295.131     6.231     0.837
 121.1354167     7.750     0.001     0.448     0.000     0.447   -35.002   -37.310   -37.215   -37.980     2.608     1.064    -0.684    -1.137     0.000     0.000     0.005     0.002    -0.322    -0.322   294.362   294.362    96.318    95.434     0.741   295.106     6.240     0.976
 121.1354167     7.250     0.000     0.432     0.000     0.432   -28.377   -30.690   -30.571   -31.353     2.588     1.057    -0.629    -1.084     0.000     0.000     0.005     0.002    -0.317    -0.316   294.423   294.423    90.243    89.468     0.635   295.084     6.250     1.138
 121.1354167     6.750     0.000     0.411     0.000     0.411   -23.032   -25.352   -25.372   -26.006     2.733     1.047    -0.576    -1.034     0.000     0.000     0.005     0.002    -0.313    -0.312   294.476   294.476    84.761    84.100     0.545   295.066     6.261     1.327
 121.1354167     6.250     0.000     0.385     0.000     0.385   -18.735   -21.063   -21.040   -21.704     2.699     1.035    -0.529    -0.987     0.000     0.000     0.005     0.002    -0.308    -0.307   294.523   294.523    79.879    79.329     0.467   295.052     6.273     1.546
 121.1354167     5.750     0.000     0.356     0.000     0.356   -15.279   -17.616   -17.543   -18.243     2.658     1.020    -0.485    -0.944     0.000     0.000     0.005     0.002    -0.303    -0.302   294.565   294.565    75.580    75.133     0.401   295.041     6.287     1.803
 121.1354167     5.250     0.000     0.324     0.000     0.324   -12.495   -14.843   -14.871   -15.452     2.770     1.002    -0.445    -0.905     0.000     0.000     0.006     0.002    -0.298    -0.297   294.602   294.602    71.831    71.476     0.344   295.033     6.302     2.101
 121.1354167     4.750     0.000     0.291     0.000     0.291   -10.247   -12.609   -12.563   -13.196     2.709     0.981    -0.412    -0.870     0.000     0.000     0.006     0.002    -0.293    -0.292   294.635   294.635    68.595    68.320     0.295   295.028     6.320     2.450
 121.1354167     4.250     0.000     0.257     0.000     0.257    -8.431   -10.808   -10.675   -11.371     2.637     0.956    -0.383    -0.840     0.000     0.000     0.006     0.002    -0.288    -0.286   294.666   294.666    65.833    65.626     0.253   295.026     6.340     2.856
 121.1354167     3.750     0.000     0.223     0.000     0.223    -6.964    -9.359    -9.123    -9.892     2.552     0.926    -0.359    -0.815     0.000     0.000     0.006     0.002    -0.283    -0.281   294.694   294.694    63.505    63.354     0.217   295.028     6.363     3.329
 121.1354167     3.250     0.000     0.189     0.000     0.189    -5.780    -8.198    -7.838    -8.694     2.451     0.889    -0.339    -0.793     0.000     0.000     0.006     0.002    -0.278    -0.276   294.720   294.720    61.575    61.469     0.186   295.032     6.388     3.881
 121.1354167     2.750     0.000     0.155     0.000     0.155    -4.826    -7.270    -6.763    -7.722     2.330     0.846    -0.324    -0.776     0.000     0.000     0.006     0.002    -0.272    -0.271   294.744   294.744    60.008    59.938     0.160   295.038     6.417     4.524
 121.1354167     2.250     0.000     0.122     0.000     0.122    -4.051    -6.528    -5.838    -6.926     2.180     0.791    -0.312    -0.762     0.000     0.000     0.006     0.002    -0.267    -0.266   294.767   294.767    58.773    58.730     0.137   295.048     6.449     5.273
 121.1354167     1.750     0.000     0.091     0.000     0.091    -3.398    -5.918    -4.995    -6.246     1.990     0.722    -0.305    -0.752     0.000     0.000     0.006     0.002    -0.262    -0.261   294.788   294.788    57.839    57.815     0.117   295.059     6.486     6.147
 121.1354167     1.250     0.000     0.062     0.000     0.062    -2.772    -5.349    -4.117    -5.584     1.739     0.629    -0.302    -0.745     0.000     0.000     0.006     0.002    -0.256    -0.256   294.812   294.812    57.178    57.167     0.101   295.072     6.527     7.166
 121.1354167     0.750     0.000     0.036     0.000     0.036    -1.888    -4.548    -2.874    -4.650     1.382     0.498    -0.305    -0.741     0.000     0.000     0.006     0.002    -0.251    -0.250   294.852   294.852    56.761    56.757     0.086   295.088     6.573     8.354
 121.1354167     0.250     0.000     0.000     0.000     0.000  -999.000  -999.000  -999.000  -999.000  -999.000  -999.000  -999.000  -999.000  -999.000  -999.000  -999.000  -999.000  -999.000  -999.000  -999.000  -999.000  -999.000  -999.000     0.074   295.104     6.625     9.738
 121.1562500    22.750     0.000     0.000     0.000     0.000  -999.000  -999.000  -999.000  -999.000  -999.000  -999.000  -999.000  -999.000  -999.000  -999.000  -999.000  -999.000  -999.000  -999.000  -999.000  -999.000  -999.000  -999.000     3.947   294.458     5.915     0.109
 121.1562500    22.250     0.000     0.000     0.000     0.000  -999.000  -999.000  -999.000  -999.000  -999.000  -999.000  -999.000  -999.000  -999.000  -999.000  -999.000  -999.000  -999.000  -999.000  -999.000  -999.000  -999.000  -999.000     3.891   294.450     5.915     0.222
 121.1562500    21.750     0.000     0.000     0.000     0.000  -999.000  -999.000  -999.000  -999.000  -999.000  -999.000  -999.000  -999.000  -999.000  -999.000  -999.000  -999.000  -999.000  -999.000  -999.000  -999.000  -999.000  -999.000     3.833   294.441     5.916     0.225
 121.1562500    21.250     0.000     0.000     0.000     0.000  -999.000  -999.000  -999.000  -999.000  -999.000  -999.000  -999.000  -999.000  -999.000  -999.000  -999.000  -999.000  -999.000  -999.000  -999.000  -999.000  -999.000  -999.000     3.774   294.432     5.916     0.229
 121.1562500    20.750     0.000     0.000     0.000     0.000  -999.000  -999.000  -999.000  -999.000  -999.000  -999.000  -999.000  -999.000  -999.000  -999.000  -999.000  -999.000  -999.000  -999.000  -999.000  -999.000  -999.000  -999.000     3.713   294.423     5.916     0.233
 121.1562500    20.250     0.000     0.000     0.000     0.000  -999.000  -999.000  -999.000  -999.000  -999.000  -999.000  -999.000  -999.000  -999.000  -999.000  -999.000  -999.000  -999.000  -999.000  -999.000  -999.000  -999.000  -999.000     3.651   294.414     5.916     0.237
 121.1562500    19.750     0.000     0.000     0.000     0.000  -999.000  -999.000  -999.000  -999.000  -999.000  -999.000  -999.000  -999.000  -999.000  -999.000  -999.000  -999.000  -999.000  -999.000  -999.000  -999.000  -999.000  -999.000     3.588   294.404     5.917     0.242
 121.1562500    19.250     0.000     0.000     0.000     0.000  -999.000  -999.000  -999.000  -999.000  -999.000  -999.000  -999.000  -999.000  -999.000  -999.000  -999.000  -999.000  -999.000  -999.000  -999.000  -999.000  -999.000  -999.000     3.522   294.394     5.917     0.246
 121.1562500    18.750     0.000     0.000     0.000     0.000  -999.000  -999.000  -999.000  -999.000  -999.000  -999.000  -999.000  -999.000  -999.000  -999.000  -999.000  -999.000  -999.000  -999.000  -999.000  -999.000  -999.000  -999.000     3.455   294.383     5.918     0.251
 121.1562500    18.250     0.000     0.000     0.000     0.000  -999.000  -999.000  -999.000  -999.000  -999.000  -999.000  -999.000  -999.000  -999.000  -999.000  -999.000  -999.000  -999.000  -999.000  -999.000  -999.000  -999.000  -999.000     3.386   294.372     5.918     0.257
 121.1562500    17.750     0.000     0.000     0.000     0.000  -999.000  -999.000  -999.000  -999.000  -999.000  -999.000  -999.000  -999.000  -999.000  -999.000  -999.000  -999.000  -999.000  -999.000  -999.000  -999.000  -999.000  -999.000     3.314   294.361     5.919     0.262
 121.1562500    17.250     0.000     0.000     0.000     0.000  -999.000  -999.000  -999.000  -999.000  -999.000  -999.000  -999.000  -999.000  -999.000  -999.000  -999.000  -999.000  -999.000  -999.000  -999.000  -999.000  -999.000  -999.000     3.241   294.350     5.919     0.268
 121.1562500    16.750     0.000     0.000     0.000     0.000  -999.000  -999.000  -999.000  -999.000  -999.000  -999.000  -999.000  -999.000  -999.000  -999.000  -999.000  -999.000  -999.000  -999.000  -999.000  -999.000  -999.000  -999.000     3.164   294.338     5.920     0.274
 121.1562500    16.250     0.000     0.000     0.000     0.000  -999.000  -999.000  -999.000  -999.000  -999.000  -999.000  -999.000  -999.000  -999.000  -999.000  -999.000  -999.000  -999.000  -999.000  -999.000  -999.000  -999.000  -999.000     3.085   294.325     5.921     0.280
 121.1562500    15.750     0.000     0.000     0.000     0.000  -999.000  -999.000  -999.000  -999.000  -999.000  -999.000  -999.000  -999.000  -999.000  -999.000  -999.000  -999.000  -999.000  -999.000  -999.000  -999.000  -999.000  -999.000     3.003   294.312     5.921     0.287
 121.1562500    15.250     0.000     0.000     0.000     0.000  -999.000  -999.000  -999.000  -999.000  -999.000  -999.000  -999.000  -999.000  -999.000  -999.000  -999.000  -999.000  -999.000  -999.000  -999.000  -999.000  -999.000  -999.000     2.917   294.299     5.922     0.294
 121.1562500    14.750     0.000     0.000     0.000     0.000  -999.000  -999.000  -999.000  -999.000  -999.000  -999.000  -999.000  -999.000  -999.000  -999.000  -999.000  -999.000  -999.000  -999.000  -999.000  -999.000  -999.000  -999.000     2.828   294.285     5.923     0.302
 121.1562500    14.250     0.000     0.000     0.000     0.000  -999.000  -999.000  -999.000  -999.000  -999.000  -999.000  -999.000  -999.000  -999.000  -999.000  -999.000  -999.000  -999.000  -999.000  -999.000  -999.000  -999.000  -999.000     2.734   294.271     5.924     0.311
 121.1562500    13.750     0.000     0.000     0.000     0.000  -999.000  -999.000  -999.000  -999.000  -999.000  -999.000  -999.000  -999.000  -999.000  -999.000  -999.000  -999.000  -999.000  -999.000  -999.000  -999.000  -999.000  -999.000     2.634   294.256     5.925     0.320
 121.1562500    13.250     0.000     0.000     0.000     0.000  -999.000  -999.000  -999.000  -999.000  -999.000  -999.000  -999.000  -999.000  -999.000  -999.000  -999.000  -999.000  -999.000  -999.000  -999.000  -999.000  -999.000  -999.000     2.529   294.240     5.926     0.331
 121.1562500    12.750     0.000     0.000     0.000     0.000  -999.000  -999.000  -999.000  -999.000  -999.000  -999.000  -999.000  -999.000  -999.000  -999.000  -999.000  -999.000  -999.000  -999.000  -999.000  -999.000  -999.000  -999.000     2.417   294.223     5.927     0.342
 121.1562500    12.250     0.000     0.000     0.000     0.000  -999.000  -999.000  -999.000  -999.000  -999.000  -999.000  -999.000  -999.000  -999.000  -999.000  -999.000  -999.000  -999.000  -999.000  -999.000  -999.000  -999.000  -999.000     2.297   294.206     5.928     0.356
 121.1562500    11.750     0.000     0.000     0.000     0.000  -999.000  -999.000  -999.000  -999.000  -999.000  -999.000  -999.000  -999.000  -999.000  -999.000  -999.000  -999.000  -999.000  -999.000  -999.000  -999.000  -999.000  -999.000     2.165   294.188     5.929     0.371
 121.1562500    11.250     0.000     0.000     0.000     0.000  -999.000  -999.000  -999.000  -999.000  -999.000  -999.000  -999.000  -999.000  -999.000  -999.000  -999.000  -999.000  -999.000  -999.000  -999.000  -999.000  -999.000  -999.000     2.020   294.169     5.931     0.390
 121.1562500    10.750     0.000     0.000     0.000     0.000  -999.000  -999.000  -999.000  -999.000  -999.000  -999.000  -999.000  -999.000  -999.000  -999.000  -999.000  -999.000  -999.000  -999.000  -999.000  -999.000  -999.000  -999.000     1.857   294.148     5.932     0.414
 121.1562500    10.250     0.000     0.000     0.000     0.000  -999.000  -999.000  -999.000  -999.000  -999.000  -999.000  -999.000  -999.000  -999.000  -999.000  -999.000  -999.000  -999.000  -999.000  -999.000  -999.000  -999.000  -999.000     1.667   294.125     5.934     0.447
 121.1562500     9.750     0.581     0.304     0.177     0.127   -74.815   -74.815   -75.432   -75.432     1.049     1.049    -1.539    -1.523     0.000     0.000     0.002     0.002    -0.342    -0.342   293.058   293.058   122.789   121.512     1.445   294.100     5.936     0.503
 121.1562500     9.250     0.147     0.413     0.061     0.352   -64.592   -64.592   -65.207   -65.207     1.045     1.045    -1.469    -1.455     0.000     0.000     0.002     0.002    -0.337    -0.337   293.107   293.107   116.918   115.838     1.247   294.076     5.938     0.577
 121.1562500     8.750     0.027     0.446     0.012     0.434   -53.741   -53.741   -54.357   -54.357     1.043     1.043    -1.386    -1.373     0.000     0.000     0.002     0.002    -0.332    -0.332   293.186   293.186   109.915   108.886     1.075   294.054     5.941     0.671
 121.1562500     8.250     0.005     0.454     0.002     0.452   -44.228   -44.228   -44.844   -44.844     1.040     1.040    -1.303    -1.290     0.000     0.000     0.002     0.002    -0.327    -0.327   293.267   293.267   102.927   101.954     0.927   294.035     5.944     0.780
 121.1562500     7.750     0.001     0.448     0.000     0.447   -36.299   -36.299   -36.912   -36.912     1.035     1.035    -1.223    -1.212     0.000     0.000     0.002     0.002    -0.322    -0.322   293.341   293.341    96.318    95.434     0.799   294.019     5.947     0.908
 121.1562500     7.250     0.000     0.432     0.000     0.432   -29.833   -29.833   -30.442   -30.442     1.028     1.028    -1.149    -1.139     0.000     0.000     0.002     0.002    -0.317    -0.317   293.409   293.409    90.243    89.468     0.689   294.006     5.951     1.056
 121.1562500     6.750     0.000     0.411     0.000     0.411   -24.613   -24.613   -25.216   -25.216     1.019     1.019    -1.082    -1.074     0.000     0.000     0.002     0.002    -0.312    -0.312   293.469   293.469    84.761    84.100     0.595   293.997     5.956     1.228
 121.1562500     6.250     0.000     0.385     0.000     0.385   -20.413   -20.413   -21.007   -21.007     1.008     1.008    -1.022    -1.015     0.000     0.000     0.002     0.002    -0.307    -0.307   293.523   293.523    79.879    79.329     0.513   293.991     5.961     1.429
 121.1562500     5.750     0.000     0.356     0.000     0.356   -17.033   -17.033   -17.616   -17.616     0.994     0.994    -0.969    -0.963     0.000     0.000     0.002     0.002    -0.302    -0.302   293.572   293.572    75.580    75.133     0.442   293.988     5.968     1.662
 121.1562500     5.250     0.000     0.324     0.000     0.324   -14.309   -14.309   -14.877   -14.877     0.976     0.976    -0.922    -0.918     0.000     0.000     0.002     0.002    -0.297    -0.297   293.616   293.616    71.831    71.476     0.381   293.989     5.975     1.933
 121.1562500     4.750     0.000     0.291     0.000     0.291   -12.110   -12.110   -12.662   -12.662     0.956     0.956    -0.882    -0.878     0.000     0.000     0.002     0.002    -0.292    -0.292   293.657   293.657    68.595    68.320     0.329   293.991     5.984     2.249
 121.1562500     4.250     0.000     0.257     0.000     0.257   -10.335   -10.335   -10.866   -10.866     0.932     0.932    -0.847    -0.845     0.000     0.000     0.002     0.002    -0.287    -0.287   293.696   293.696    65.833    65.626     0.284   293.997     5.995     2.616
 121.1562500     3.750     0.000     0.223     0.000     0.223    -8.906    -8.906    -9.411    -9.411     0.903     0.903    -0.818    -0.816     0.000     0.000     0.002     0.002    -0.282    -0.282   293.731   293.731    63.505    63.354     0.245   294.004     6.007     3.043
 121.1562500     3.250     0.000     0.189     0.000     0.189    -7.761    -7.761    -8.234    -8.234     0.868     0.868    -0.794    -0.793     0.000     0.000     0.002     0.002    -0.277    -0.277   293.765   293.765    61.575    61.469     0.211   294.014     6.021     3.540
 121.1562500     2.750     0.000     0.155     0.000     0.155    -6.849    -6.849    -7.282    -7.282     0.826     0.826    -0.775    -0.774     0.000     0.000     0.002     0.002    -0.272    -0.272   293.795   293.795    60.008    59.938     0.182   294.026     6.038     4.117
 121.1562500     2.250     0.000     0.122     0.000     0.122    -6.124    -6.124    -6.507    -6.507     0.773     0.773    -0.759    -0.759     0.000     0.000     0.002     0.002    -0.267    -0.267   293.824   293.824    58.773    58.730     0.157   294.040     6.057     4.789
 121.1562500     1.750     0.000     0.091     0.000     0.091    -5.535    -5.535    -5.852    -5.852     0.705     0.705    -0.748    -0.748     0.000     0.000     0.002     0.002    -0.262    -0.262   293.850   293.850    57.839    57.815     0.135   294.055     6.080     5.571
 121.1562500     1.250     0.000     0.062     0.000     0.062    -4.999    -4.999    -5.228    -5.228     0.615     0.615    -0.740    -0.740     0.000     0.000     0.002     0.002    -0.256    -0.256   293.878   293.878    57.178    57.167     0.117   294.072     6.106     6.480
 121.1562500     0.750     0.000     0.036     0.000     0.036    -4.264    -4.264    -4.365    -4.365     0.487     0.487    -0.736    -0.736     0.000     0.000     0.002     0.002    -0.251    -0.251   293.916   293.916    56.761    56.757     0.101   294.089     6.138     7.537
 121.1562500     0.250     0.000     0.000     0.000     0.000  -999.000  -999.000  -999.000  -999.000  -999.000  -999.000  -999.000  -999.000  -999.000  -999.000  -999.000  -999.000  -999.000  -999.000  -999.000  -999.000  -999.000  -999.000     0.087   294.106     6.174     8.767
 121.1770833    22.750     0.000     0.000     0.000     0.000  -999.000  -999.000  -999.000  -999.000  -999.000  -999.000  -999.000  -999.000  -999.000  -999.000  -999.000  -999.000  -999.000  -999.000  -999.000  -999.000  -999.000  -999.000     4.002   292.271     6.131     0.087
 121.1770833    22.250     0.000     0.000     0.000     0.000  -999.000  -999.000  -999.000  -999.000  -999.000  -999.000  -999.000  -999.000  -999.000  -999.000  -999.000  -999.000  -999.000  -999.000  -999.000  -999.000  -999.000  -999.000     3.949   292.267     6.132     0.177
 121.1770833    21.750     0.000     0.000     0.000     0.000  -999.000  -999.000  -999.000  -999.000  -999.000  -999.000  -999.000  -999.000  -999.000  -999.000  -999.000  -999.000  -999.000  -999.000  -999.000  -999.000  -999.000  -999.000     3.894   292.263     6.133     0.181
 121.1770833    21.250     0.000     0.000     0.000     0.000  -999.000  -999.000  -999.000  -999.000  -999.000  -999.000  -999.000  -999.000  -999.000  -999.000  -999.000  -999.000  -999.000  -999.000  -999.000  -999.000  -999.000  -999.000     3.838   292.258     6.134     0.185
 121.1770833    20.750     0.000     0.000     0.000     0.000  -999.000  -999.000  -999.000  -999.000  -999.000  -999.000  -999.000  -999.000  -999.000  -999.000  -999.000  -999.000  -999.000  -999.000  -999.000  -999.000  -999.000  -999.000     3.781   292.254     6.135     0.188
 121.1770833    20.250     0.000     0.000     0.000     0.000  -999.000  -999.000  -999.000  -999.000  -999.000  -999.000  -999.000  -999.000  -999.000  -999.000  -999.000  -999.000  -999.000  -999.000  -999.000  -999.000  -999.000  -999.000     3.721   292.249     6.136     0.192
 121.1770833    19.750     0.000     0.000     0.000     0.000  -999.000  -999.000  -999.000  -999.000  -999.000  -999.000  -999.000  -999.000  -999.000  -999.000  -999.000  -999.000  -999.000  -999.000  -999.000  -999.000  -999.000  -999.000     3.661   292.244     6.137     0.197
 121.1770833    19.250     0.000     0.000     0.000     0.000  -999.000  -999.000  -999.000  -999.000  -999.000  -999.000  -999.000  -999.000  -999.000  -999.000  -999.000  -999.000  -999.000  -999.000  -999.000  -999.000  -999.000  -999.000     3.598   292.239     6.138     0.201
 121.1770833    18.750     0.000     0.000     0.000     0.000  -999.000  -999.000  -999.000  -999.000  -999.000  -999.000  -999.000  -999.000  -999.000  -999.000  -999.000  -999.000  -999.000  -999.000  -999.000  -999.000  -999.000  -999.000     3.533   292.233     6.139     0.206
 121.1770833    18.250     0.000     0.000     0.000     0.000  -999.000  -999.000  -999.000  -999.000  -999.000  -999.000  -999.000  -999.000  -999.000  -999.000  -999.000  -999.000  -999.000  -999.000  -999.000  -999.000  -999.000  -999.000     3.466   292.227     6.140     0.211
 121.1770833    17.750     0.000     0.000     0.000     0.000  -999.000  -999.000  -999.000  -999.000  -999.000  -999.000  -999.000  -999.000  -999.000  -999.000  -999.000  -999.000  -999.000  -999.000  -999.000  -999.000  -999.000  -999.000     3.397   292.221     6.142     0.216
 121.1770833    17.250     0.000     0.000     0.000     0.000  -999.000  -999.000  -999.000  -999.000  -999.000  -999.000  -999.000  -999.000  -999.000  -999.000  -999.000  -999.000  -999.000  -999.000  -999.000  -999.000  -999.000  -999.000     3.325   292.215     6.143     0.221
 121.1770833    16.750     0.000     0.000     0.000     0.000  -999.000  -999.000  -999.000  -999.000  -999.000  -999.000  -999.000  -999.000  -999.000  -999.000  -999.000  -999.000  -999.000  -999.000  -999.000  -999.000  -999.000  -999.000     3.251   292.208     6.144     0.227
 121.1770833    16.250     0.000     0.000     0.000     0.000  -999.000  -999.000  -999.000  -999.000  -999.000  -999.000  -999.000  -999.000  -999.000  -999.000  -999.000  -999.000  -999.000  -999.000  -999.000  -999.000  -999.000  -999.000     3.173   292.201     6.146     0.233
 121.1770833    15.750     0.000     0.000     0.000     0.000  -999.000  -999.000  -999.000  -999.000  -999.000  -999.000  -999.000  -999.000  -999.000  -999.000  -999.000  -999.000  -999.000  -999.000  -999.000  -999.000  -999.000  -999.000     3.093   292.194     6.147     0.239
 121.1770833    15.250     0.000     0.000     0.000     0.000  -999.000  -999.000  -999.000  -999.000  -999.000  -999.000  -999.000  -999.000  -999.000  -999.000  -999.000  -999.000  -999.000  -999.000  -999.000  -999.000  -999.000  -999.000     3.008   292.186     6.148     0.246
 121.1770833    14.750     0.000     0.000     0.000     0.000  -999.000  -999.000  -999.000  -999.000  -999.000  -999.000  -999.000  -999.000  -999.000  -999.000  -999.000  -999.000  -999.000  -999.000  -999.000  -999.000  -999.000  -999.000     2.919   292.178     6.150     0.253
 121.1770833    14.250     0.000     0.000     0.000     0.000  -999.000  -999.000  -999.000  -999.000  -999.000  -999.000  -999.000  -999.000  -999.000  -999.000  -999.000  -999.000  -999.000  -999.000  -999.000  -999.000  -999.000  -999.000     2.826   292.169     6.151     0.261
 121.1770833    13.750     0.000     0.000     0.000     0.000  -999.000  -999.000  -999.000  -999.000  -999.000  -999.000  -999.000  -999.000  -999.000  -999.000  -999.000  -999.000  -999.000  -999.000  -999.000  -999.000  -999.000  -999.000     2.727   292.160     6.152     0.270
 121.1770833    13.250     0.000     0.000     0.000     0.000  -999.000  -999.000  -999.000  -999.000  -999.000  -999.000  -999.000  -999.000  -999.000  -999.000  -999.000  -999.000  -999.000  -999.000  -999.000  -999.000  -999.000  -999.000     2.622   292.151     6.154     0.279
 121.1770833    12.750     0.000     0.000     0.000     0.000  -999.000  -999.000  -999.000  -999.000  -999.000  -999.000  -999.000  -999.000  -999.000  -999.000  -999.000  -999.000  -999.000  -999.000  -999.000  -999.000  -999.000  -999.000     2.509   292.141     6.156     0.290
 121.1770833    12.250     0.000     0.000     0.000     0.000  -999.000  -999.000  -999.000  -999.000  -999.000  -999.000  -999.000  -999.000  -999.000  -999.000  -999.000  -999.000  -999.000  -999.000  -999.000  -999.000  -999.000  -999.000     2.387   292.130     6.157     0.302
 121.1770833    11.750     0.000     0.000     0.000     0.000  -999.000  -999.000  -999.000  -999.000  -999.000  -999.000  -999.000  -999.000  -999.000  -999.000  -999.000  -999.000  -999.000  -999.000  -999.000  -999.000  -999.000  -999.000     2.254   292.118     6.159     0.316
 121.1770833    11.250     0.000     0.000     0.000     0.000  -999.000  -999.000  -999.000  -999.000  -999.000  -999.000  -999.000  -999.000  -999.000  -999.000  -999.000  -999.000  -999.000  -999.000  -999.000  -999.000  -999.000  -999.000     2.107   292.106     6.161     0.332
 121.1770833    10.750     0.000     0.000     0.000     0.000  -999.000  -999.000  -999.000  -999.000  -999.000  -999.000  -999.000  -999.000  -999.000  -999.000  -999.000  -999.000  -999.000  -999.000  -999.000  -999.000  -999.000  -999.000     1.941   292.093     6.163     0.352
 121.1770833    10.250     0.000     0.000     0.000     0.000  -999.000  -999.000  -999.000  -999.000  -999.000  -999.000  -999.000  -999.000  -999.000  -999.000  -999.000  -999.000  -999.000  -999.000  -999.000  -999.000  -999.000  -999.000     1.748   292.079     6.165     0.379
 121.1770833     9.750     0.581     0.304     0.177     0.127   -71.322   -71.322   -71.373   -71.373     0.860     0.860    -1.417    -1.402     0.000     0.000     0.002     0.002    -0.341    -0.341   291.104   291.104   122.789   121.512     1.522   292.062     6.167     0.424
 121.1770833     9.250     0.147     0.413     0.061     0.352   -61.478   -61.478   -61.531   -61.531     0.858     0.858    -1.353    -1.341     0.000     0.000     0.002     0.002    -0.336    -0.336   291.162   291.162   116.918   115.838     1.319   292.048     6.169     0.484
 121.1770833     8.750     0.027     0.446     0.012     0.434   -50.979   -50.979   -51.036   -51.036     0.858     0.858    -1.278    -1.266     0.000     0.000     0.002     0.002    -0.332    -0.332   291.250   291.250   109.915   108.886     1.143   292.035     6.172     0.559
 121.1770833     8.250     0.005     0.454     0.002     0.452   -41.734   -41.734   -41.795   -41.795     0.858     0.858    -1.202    -1.191     0.000     0.000     0.002     0.002    -0.327    -0.327   291.339   291.339   102.927   101.954     0.990   292.026     6.175     0.647
 121.1770833     7.750     0.001     0.448     0.000     0.447   -33.986   -33.986   -34.049   -34.049     0.856     0.856    -1.130    -1.119     0.000     0.000     0.002     0.002    -0.322    -0.322   291.425   291.425    96.318    95.434     0.858   292.020     6.179     0.748
 121.1770833     7.250     0.000     0.432     0.000     0.432   -27.625   -27.625   -27.690   -27.690     0.852     0.852    -1.063    -1.053     0.000     0.000     0.002     0.002    -0.317    -0.317   291.504   291.504    90.243    89.468     0.744   292.018     6.183     0.866
 121.1770833     6.750     0.000     0.411     0.000     0.411   -22.445   -22.445   -22.510   -22.510     0.847     0.847    -1.001    -0.994     0.000     0.000     0.002     0.002    -0.312    -0.312   291.578   291.578    84.761    84.100     0.644   292.019     6.188     1.001
 121.1770833     6.250     0.000     0.385     0.000     0.385   -18.235   -18.235   -18.298   -18.298     0.839     0.839    -0.947    -0.940     0.000     0.000     0.002     0.002    -0.307    -0.307   291.647   291.647    79.879    79.329     0.558   292.023     6.193     1.158
 121.1770833     5.750     0.000     0.356     0.000     0.356   -14.807   -14.807   -14.868   -14.868     0.830     0.830    -0.898    -0.893     0.000     0.000     0.002     0.002    -0.302    -0.302   291.714   291.714    75.580    75.133     0.484   292.030     6.199     1.340
 121.1770833     5.250     0.000     0.324     0.000     0.324   -12.011   -12.011   -12.068   -12.068     0.818     0.818    -0.856    -0.851     0.000     0.000     0.002     0.002    -0.297    -0.297   291.777   291.777    71.831    71.476     0.419   292.040     6.206     1.550
 121.1770833     4.750     0.000     0.291     0.000     0.291    -9.729    -9.729    -9.780    -9.780     0.803     0.803    -0.819    -0.816     0.000     0.000     0.002     0.002    -0.292    -0.292   291.839   291.839    68.595    68.320     0.363   292.053     6.214     1.792
 121.1770833     4.250     0.000     0.257     0.000     0.257    -7.871    -7.871    -7.913    -7.913     0.785     0.785    -0.788    -0.785     0.000     0.000     0.002     0.002    -0.287    -0.287   291.898   291.898    65.833    65.626     0.315   292.068     6.223     2.073
 121.1770833     3.750     0.000     0.223     0.000     0.223    -6.370    -6.370    -6.399    -6.399     0.763     0.763    -0.762    -0.760     0.000     0.000     0.002     0.002    -0.282    -0.282   291.956   291.956    63.505    63.354     0.273   292.086     6.234     2.398
 121.1770833     3.250     0.000     0.189     0.000     0.189    -5.174    -5.174    -5.184    -5.184     0.736     0.736    -0.740    -0.739     0.000     0.000     0.002     0.002    -0.277    -0.277   292.012   292.012    61.575    61.469     0.236   292.105     6.245     2.774
 121.1770833     2.750     0.000     0.155     0.000     0.155    -4.241    -4.241    -4.226    -4.226     0.702     0.702    -0.722    -0.721     0.000     0.000     0.002     0.002    -0.272    -0.272   292.064   292.064    60.008    59.938     0.205   292.127     6.259     3.208
 121.1770833     2.250     0.000     0.122     0.000     0.122    -3.535    -3.535    -3.486    -3.486     0.659     0.659    -0.709    -0.708     0.000     0.000     0.002     0.002    -0.267    -0.267   292.113   292.113    58.773    58.730     0.177   292.150     6.274     3.711
 121.1770833     1.750     0.000     0.091     0.000     0.091    -3.018    -3.018    -2.921    -2.921     0.603     0.603    -0.698    -0.698     0.000     0.000     0.002     0.002    -0.262    -0.262   292.157   292.157    57.839    57.815     0.154   292.175     6.292     4.292
 121.1770833     1.250     0.000     0.062     0.000     0.062    -2.635    -2.635    -2.467    -2.467     0.527     0.527    -0.691    -0.691     0.000     0.000     0.002     0.002    -0.257    -0.257   292.197   292.197    57.178    57.167     0.133   292.201     6.312     4.964
 121.1770833     0.750     0.000     0.036     0.000     0.036    -2.238    -2.238    -1.960    -1.960     0.418     0.418    -0.687    -0.687     0.000     0.000     0.002     0.002    -0.251    -0.251   292.232   292.232    56.761    56.757     0.115   292.228     6.335     5.742
 121.1770833     0.250     0.000     0.000     0.000     0.000  -999.000  -999.000  -999.000  -999.000  -999.000  -999.000  -999.000  -999.000  -999.000  -999.000  -999.000  -999.000  -999.000  -999.000  -999.000  -999.000  -999.000  -999.000     0.100   292.256     6.361     6.642
 121.1979167    22.750     0.000     0.000     0.000     0.000  -999.000  -999.000  -999.000  -999.000  -999.000  -999.000  -999.000  -999.000  -999.000  -999.000  -999.000  -999.000  -999.000  -999.000  -999.000  -999.000  -999.000  -999.000     3.605   290.390     5.970     0.083
 121.1979167    22.250     0.000     0.000     0.000     0.000  -999.000  -999.000  -999.000  -999.000  -999.000  -999.000  -999.000  -999.000  -999.000  -999.000  -999.000  -999.000  -999.000  -999.000  -999.000  -999.000  -999.000  -999.000     3.554   290.384     5.971     0.168
 121.1979167    21.750     0.000     0.000     0.000     0.000  -999.000  -999.000  -999.000  -999.000  -999.000  -999.000  -999.000  -999.000  -999.000  -999.000  -999.000  -999.000  -999.000  -999.000  -999.000  -999.000  -999.000  -999.000     3.502   290.377     5.973     0.172
 121.1979167    21.250     0.000     0.000     0.000     0.000  -999.000  -999.000  -999.000  -999.000  -999.000  -999.000  -999.000  -999.000  -999.000  -999.000  -999.000  -999.000  -999.000  -999.000  -999.000  -999.000  -999.000  -999.000     3.449   290.370     5.974     0.175
 121.1979167    20.750     0.000     0.000     0.000     0.000  -999.000  -999.000  -999.000  -999.000  -999.000  -999.000  -999.000  -999.000  -999.000  -999.000  -999.000  -999.000  -999.000  -999.000  -999.000  -999.000  -999.000  -999.000     3.394   290.363     5.976     0.179
 121.1979167    20.250     0.000     0.000     0.000     0.000  -999.000  -999.000  -999.000  -999.000  -999.000  -999.000  -999.000  -999.000  -999.000  -999.000  -999.000  -999.000  -999.000  -999.000  -999.000  -999.000  -999.000  -999.000     3.338   290.356     5.977     0.183
 121.1979167    19.750     0.000     0.000     0.000     0.000  -999.000  -999.000  -999.000  -999.000  -999.000  -999.000  -999.000  -999.000  -999.000  -999.000  -999.000  -999.000  -999.000  -999.000  -999.000  -999.000  -999.000  -999.000     3.281   290.348     5.979     0.187
 121.1979167    19.250     0.000     0.000     0.000     0.000  -999.000  -999.000  -999.000  -999.000  -999.000  -999.000  -999.000  -999.000  -999.000  -999.000  -999.000  -999.000  -999.000  -999.000  -999.000  -999.000  -999.000  -999.000     3.222   290.340     5.980     0.192
 121.1979167    18.750     0.000     0.000     0.000     0.000  -999.000  -999.000  -999.000  -999.000  -999.000  -999.000  -999.000  -999.000  -999.000  -999.000  -999.000  -999.000  -999.000  -999.000  -999.000  -999.000  -999.000  -999.000     3.161   290.332     5.982     0.196
 121.1979167    18.250     0.000     0.000     0.000     0.000  -999.000  -999.000  -999.000  -999.000  -999.000  -999.000  -999.000  -999.000  -999.000  -999.000  -999.000  -999.000  -999.000  -999.000  -999.000  -999.000  -999.000  -999.000     3.098   290.324     5.983     0.201
 121.1979167    17.750     0.000     0.000     0.000     0.000  -999.000  -999.000  -999.000  -999.000  -999.000  -999.000  -999.000  -999.000  -999.000  -999.000  -999.000  -999.000  -999.000  -999.000  -999.000  -999.000  -999.000  -999.000     3.034   290.316     5.985     0.206
 121.1979167    17.250     0.000     0.000     0.000     0.000  -999.000  -999.000  -999.000  -999.000  -999.000  -999.000  -999.000  -999.000  -999.000  -999.000  -999.000  -999.000  -999.000  -999.000  -999.000  -999.000  -999.000  -999.000     2.967   290.307     5.986     0.212
 121.1979167    16.750     0.000     0.000     0.000     0.000  -999.000  -999.000  -999.000  -999.000  -999.000  -999.000  -999.000  -999.000  -999.000  -999.000  -999.000  -999.000  -999.000  -999.000  -999.000  -999.000  -999.000  -999.000     2.898   290.298     5.988     0.217
 121.1979167    16.250     0.000     0.000     0.000     0.000  -999.000  -999.000  -999.000  -999.000  -999.000  -999.000  -999.000  -999.000  -999.000  -999.000  -999.000  -999.000  -999.000  -999.000  -999.000  -999.000  -999.000  -999.000     2.826   290.288     5.990     0.223
 121.1979167    15.750     0.000     0.000     0.000     0.000  -999.000  -999.000  -999.000  -999.000  -999.000  -999.000  -999.000  -999.000  -999.000  -999.000  -999.000  -999.000  -999.000  -999.000  -999.000  -999.000  -999.000  -999.000     2.751   290.279     5.991     0.230
 121.1979167    15.250     0.000     0.000     0.000     0.000  -999.000  -999.000  -999.000  -999.000  -999.000  -999.000  -999.000  -999.000  -999.000  -999.000  -999.000  -999.000  -999.000  -999.000  -999.000  -999.000  -999.000  -999.000     2.673   290.269     5.993     0.237
 121.1979167    14.750     0.000     0.000     0.000     0.000  -999.000  -999.000  -999.000  -999.000  -999.000  -999.000  -999.000  -999.000  -999.000  -999.000  -999.000  -999.000  -999.000  -999.000  -999.000  -999.000  -999.000  -999.000     2.592   290.258     5.995     0.244
 121.1979167    14.250     0.000     0.000     0.000     0.000  -999.000  -999.000  -999.000  -999.000  -999.000  -999.000  -999.000  -999.000  -999.000  -999.000  -999.000  -999.000  -999.000  -999.000  -999.000  -999.000  -999.000  -999.000     2.506   290.247     5.997     0.252
 121.1979167    13.750     0.000     0.000     0.000     0.000  -999.000  -999.000  -999.000  -999.000  -999.000  -999.000  -999.000  -999.000  -999.000  -999.000  -999.000  -999.000  -999.000  -999.000  -999.000  -999.000  -999.000  -999.000     2.416   290.236     5.998     0.260
 121.1979167    13.250     0.000     0.000     0.000     0.000  -999.000  -999.000  -999.000  -999.000  -999.000  -999.000  -999.000  -999.000  -999.000  -999.000  -999.000  -999.000  -999.000  -999.000  -999.000  -999.000  -999.000  -999.000     2.320   290.224     6.000     0.270
 121.1979167    12.750     0.000     0.000     0.000     0.000  -999.000  -999.000  -999.000  -999.000  -999.000  -999.000  -999.000  -999.000  -999.000  -999.000  -999.000  -999.000  -999.000  -999.000  -999.000  -999.000  -999.000  -999.000     2.218   290.212     6.002     0.280
 121.1979167    12.250     0.000     0.000     0.000     0.000  -999.000  -999.000  -999.000  -999.000  -999.000  -999.000  -999.000  -999.000  -999.000  -999.000  -999.000  -999.000  -999.000  -999.000  -999.000  -999.000  -999.000  -999.000     2.108   290.199     6.004     0.292
 121.1979167    11.750     0.000     0.000     0.000     0.000  -999.000  -999.000  -999.000  -999.000  -999.000  -999.000  -999.000  -999.000  -999.000  -999.000  -999.000  -999.000  -999.000  -999.000  -999.000  -999.000  -999.000  -999.000     1.988   290.185     6.006     0.306
 121.1979167    11.250     0.000     0.000     0.000     0.000  -999.000  -999.000  -999.000  -999.000  -999.000  -999.000  -999.000  -999.000  -999.000  -999.000  -999.000  -999.000  -999.000  -999.000  -999.000  -999.000  -999.000  -999.000     1.856   290.171     6.008     0.321
 121.1979167    10.750     0.000     0.000     0.000     0.000  -999.000  -999.000  -999.000  -999.000  -999.000  -999.000  -999.000  -999.000  -999.000  -999.000  -999.000  -999.000  -999.000  -999.000  -999.000  -999.000  -999.000  -999.000     1.706   290.156     6.010     0.341
 121.1979167    10.250     0.000     0.000     0.000     0.000  -999.000  -999.000  -999.000  -999.000  -999.000  -999.000  -999.000  -999.000  -999.000  -999.000  -999.000  -999.000  -999.000  -999.000  -999.000  -999.000  -999.000  -999.000     1.533   290.139     6.013     0.366
 121.1979167     9.750     0.581     0.304     0.177     0.127   -67.896   -67.896   -67.752   -67.752     0.666     0.666    -1.257    -1.243     0.000     0.000     0.002     0.002    -0.341    -0.341   289.143   289.143   122.789   121.512     1.330   290.120     6.016     0.410
 121.1979167     9.250     0.147     0.413     0.061     0.352   -58.316   -58.316   -58.171   -58.171     0.666     0.666    -1.201    -1.190     0.000     0.000     0.002     0.002    -0.337    -0.337   289.202   289.202   116.918   115.838     1.148   290.103     6.019     0.466
 121.1979167     8.750     0.027     0.446     0.012     0.434   -48.057   -48.057   -47.915   -47.915     0.668     0.668    -1.135    -1.124     0.000     0.000     0.002     0.002    -0.332    -0.332   289.292   289.292   109.915   108.886     0.991   290.089     6.022     0.538
 121.1979167     8.250     0.005     0.454     0.002     0.452   -38.970   -38.970   -38.832   -38.832     0.669     0.669    -1.068    -1.058     0.000     0.000     0.002     0.002    -0.327    -0.327   289.387   289.387   102.927   101.954     0.856   290.078     6.026     0.621
 121.1979167     7.750     0.001     0.448     0.000     0.447   -31.293   -31.293   -31.156   -31.156     0.669     0.669    -1.005    -0.996     0.000     0.000     0.002     0.002    -0.322    -0.322   289.479   289.479    96.318    95.434     0.739   290.073     6.030     0.717
 121.1979167     7.250     0.000     0.432     0.000     0.432   -24.922   -24.922   -24.788   -24.788     0.667     0.667    -0.946    -0.938     0.000     0.000     0.002     0.002    -0.317    -0.317   289.567   289.567    90.243    89.468     0.638   290.071     6.035     0.828
 121.1979167     6.750     0.000     0.411     0.000     0.411   -19.664   -19.664   -19.533   -19.533     0.665     0.665    -0.892    -0.885     0.000     0.000     0.002     0.002    -0.312    -0.312   289.653   289.653    84.761    84.100     0.550   290.073     6.041     0.956
 121.1979167     6.250     0.000     0.385     0.000     0.385   -15.323   -15.323   -15.193   -15.193     0.660     0.660    -0.845    -0.839     0.000     0.000     0.002     0.002    -0.307    -0.307   289.735   289.735    79.879    79.329     0.475   290.080     6.047     1.104
 121.1979167     5.750     0.000     0.356     0.000     0.356   -11.727   -11.727   -11.597   -11.597     0.655     0.655    -0.802    -0.797     0.000     0.000     0.002     0.002    -0.302    -0.302   289.817   289.817    75.580    75.133     0.410   290.091     6.055     1.275
 121.1979167     5.250     0.000     0.324     0.000     0.324    -8.740    -8.740    -8.609    -8.609     0.647     0.647    -0.765    -0.762     0.000     0.000     0.002     0.002    -0.297    -0.297   289.898   289.898    71.831    71.476     0.354   290.105     6.063     1.472
 121.1979167     4.750     0.000     0.291     0.000     0.291    -6.261    -6.261    -6.128    -6.128     0.637     0.637    -0.734    -0.731     0.000     0.000     0.002     0.002    -0.292    -0.292   289.978   289.978    68.595    68.320     0.306   290.123     6.072     1.699
 121.1979167     4.250     0.000     0.257     0.000     0.257    -4.216    -4.216    -4.079    -4.079     0.625     0.625    -0.707    -0.704     0.000     0.000     0.002     0.002    -0.287    -0.287   290.059   290.059    65.833    65.626     0.264   290.145     6.083     1.962
 121.1979167     3.750     0.000     0.223     0.000     0.223    -2.552    -2.552    -2.409    -2.409     0.609     0.609    -0.684    -0.682     0.000     0.000     0.002     0.002    -0.282    -0.282   290.138   290.138    63.505    63.354     0.228   290.170     6.095     2.265
 121.1979167     3.250     0.000     0.189     0.000     0.189    -1.233    -1.233    -1.079    -1.079     0.589     0.589    -0.665    -0.664     0.000     0.000     0.002     0.002    -0.277    -0.277   290.214   290.214    61.575    61.469     0.197   290.198     6.110     2.615
 121.1979167     2.750     0.000     0.155     0.000     0.155    -0.223    -0.223    -0.051    -0.051     0.564     0.564    -0.650    -0.650     0.000     0.000     0.002     0.002    -0.272    -0.272   290.285   290.285    60.008    59.938     0.170   290.229     6.126     3.019
 121.1979167     2.250     0.000     0.122     0.000     0.122     0.496     0.496     0.695     0.695     0.531     0.531    -0.639    -0.638     0.000     0.000     0.002     0.002    -0.267    -0.267   290.350   290.350    58.773    58.730     0.147   290.263     6.144     3.486
 121.1979167     1.750     0.000     0.091     0.000     0.091     0.938     0.938     1.174     1.174     0.487     0.487    -0.630    -0.630     0.000     0.000     0.002     0.002    -0.262    -0.262   290.409   290.409    57.839    57.815     0.126   290.301     6.165     4.025
 121.1979167     1.250     0.000     0.062     0.000     0.062     1.106     1.106     1.397     1.397     0.426     0.426    -0.624    -0.624     0.000     0.000     0.002     0.002    -0.257    -0.257   290.461   290.461    57.178    57.167     0.109   290.342     6.190     4.647
 121.1979167     0.750     0.000     0.036     0.000     0.036     0.970     0.970     1.349     1.349     0.338     0.338    -0.621    -0.621     0.000     0.000     0.002     0.002    -0.252    -0.252   290.500   290.500    56.761    56.757     0.094   290.388     6.218     5.365
 121.1979167     0.250     0.000     0.000     0.000     0.000  -999.000  -999.000  -999.000  -999.000  -999.000  -999.000  -999.000  -999.000  -999.000  -999.000  -999.000  -999.000  -999.000  -999.000  -999.000  -999.000  -999.000  -999.000     0.081   290.438     6.250     6.194
 121.2187500    22.750     0.000     0.000     0.000     0.000  -999.000  -999.000  -999.000  -999.000  -999.000  -999.000  -999.000  -999.000  -999.000  -999.000  -999.000  -999.000  -999.000  -999.000  -999.000  -999.000  -999.000  -999.000     3.419   289.481     5.748     0.143
 121.2187500    22.250     0.000     0.000     0.000     0.000  -999.000  -999.000  -999.000  -999.000  -999.000  -999.000  -999.000  -999.000  -999.000  -999.000  -999.000  -999.000  -999.000  -999.000  -999.000  -999.000  -999.000  -999.000     3.368   289.472     5.750     0.290
 121.2187500    21.750     0.000     0.000     0.000     0.000  -999.000  -999.000  -999.000  -999.000  -999.000  -999.000  -999.000  -999.000  -999.000  -999.000  -999.000  -999.000  -999.000  -999.000  -999.000  -999.000  -999.000  -999.000     3.315   289.462     5.752     0.295
 121.2187500    21.250     0.000     0.000     0.000     0.000  -999.000  -999.000  -999.000  -999.000  -999.000  -999.000  -999.000  -999.000  -999.000  -999.000  -999.000  -999.000  -999.000  -999.000  -999.000  -999.000  -999.000  -999.000     3.261   289.452     5.754     0.299
 121.2187500    20.750     0.000     0.000     0.000     0.000  -999.000  -999.000  -999.000  -999.000  -999.000  -999.000  -999.000  -999.000  -999.000  -999.000  -999.000  -999.000  -999.000  -999.000  -999.000  -999.000  -999.000  -999.000     3.206   289.442     5.756     0.304
 121.2187500    20.250     0.000     0.000     0.000     0.000  -999.000  -999.000  -999.000  -999.000  -999.000  -999.000  -999.000  -999.000  -999.000  -999.000  -999.000  -999.000  -999.000  -999.000  -999.000  -999.000  -999.000  -999.000     3.150   289.432     5.758     0.310
 121.2187500    19.750     0.000     0.000     0.000     0.000  -999.000  -999.000  -999.000  -999.000  -999.000  -999.000  -999.000  -999.000  -999.000  -999.000  -999.000  -999.000  -999.000  -999.000  -999.000  -999.000  -999.000  -999.000     3.092   289.421     5.760     0.315
 121.2187500    19.250     0.000     0.000     0.000     0.000  -999.000  -999.000  -999.000  -999.000  -999.000  -999.000  -999.000  -999.000  -999.000  -999.000  -999.000  -999.000  -999.000  -999.000  -999.000  -999.000  -999.000  -999.000     3.033   289.410     5.763     0.321
 121.2187500    18.750     0.000     0.000     0.000     0.000  -999.000  -999.000  -999.000  -999.000  -999.000  -999.000  -999.000  -999.000  -999.000  -999.000  -999.000  -999.000  -999.000  -999.000  -999.000  -999.000  -999.000  -999.000     2.973   289.399     5.765     0.327
 121.2187500    18.250     0.000     0.000     0.000     0.000  -999.000  -999.000  -999.000  -999.000  -999.000  -999.000  -999.000  -999.000  -999.000  -999.000  -999.000  -999.000  -999.000  -999.000  -999.000  -999.000  -999.000  -999.000     2.911   289.388     5.767     0.333
 121.2187500    17.750     0.000     0.000     0.000     0.000  -999.000  -999.000  -999.000  -999.000  -999.000  -999.000  -999.000  -999.000  -999.000  -999.000  -999.000  -999.000  -999.000  -999.000  -999.000  -999.000  -999.000  -999.000     2.847   289.376     5.769     0.340
 121.2187500    17.250     0.000     0.000     0.000     0.000  -999.000  -999.000  -999.000  -999.000  -999.000  -999.000  -999.000  -999.000  -999.000  -999.000  -999.000  -999.000  -999.000  -999.000  -999.000  -999.000  -999.000  -999.000     2.781   289.364     5.771     0.347
 121.2187500    16.750     0.000     0.000     0.000     0.000  -999.000  -999.000  -999.000  -999.000  -999.000  -999.000  -999.000  -999.000  -999.000  -999.000  -999.000  -999.000  -999.000  -999.000  -999.000  -999.000  -999.000  -999.000     2.713   289.352     5.774     0.354
 121.2187500    16.250     0.000     0.000     0.000     0.000  -999.000  -999.000  -999.000  -999.000  -999.000  -999.000  -999.000  -999.000  -999.000  -999.000  -999.000  -999.000  -999.000  -999.000  -999.000  -999.000  -999.000  -999.000     2.643   289.340     5.776     0.362
 121.2187500    15.750     0.000     0.000     0.000     0.000  -999.000  -999.000  -999.000  -999.000  -999.000  -999.000  -999.000  -999.000  -999.000  -999.000  -999.000  -999.000  -999.000  -999.000  -999.000  -999.000  -999.000  -999.000     2.570   289.327     5.778     0.371
 121.2187500    15.250     0.000     0.000     0.000     0.000  -999.000  -999.000  -999.000  -999.000  -999.000  -999.000  -999.000  -999.000  -999.000  -999.000  -999.000  -999.000  -999.000  -999.000  -999.000  -999.000  -999.000  -999.000     2.494   289.313     5.781     0.380
 121.2187500    14.750     0.000     0.000     0.000     0.000  -999.000  -999.000  -999.000  -999.000  -999.000  -999.000  -999.000  -999.000  -999.000  -999.000  -999.000  -999.000  -999.000  -999.000  -999.000  -999.000  -999.000  -999.000     2.415   289.300     5.783     0.390
 121.2187500    14.250     0.000     0.000     0.000     0.000  -999.000  -999.000  -999.000  -999.000  -999.000  -999.000  -999.000  -999.000  -999.000  -999.000  -999.000  -999.000  -999.000  -999.000  -999.000  -999.000  -999.000  -999.000     2.332   289.285     5.785     0.400
 121.2187500    13.750     0.000     0.000     0.000     0.000  -999.000  -999.000  -999.000  -999.000  -999.000  -999.000  -999.000  -999.000  -999.000  -999.000  -999.000  -999.000  -999.000  -999.000  -999.000  -999.000  -999.000  -999.000     2.245   289.271     5.788     0.412
 121.2187500    13.250     0.000     0.000     0.000     0.000  -999.000  -999.000  -999.000  -999.000  -999.000  -999.000  -999.000  -999.000  -999.000  -999.000  -999.000  -999.000  -999.000  -999.000  -999.000  -999.000  -999.000  -999.000     2.153   289.255     5.790     0.425
 121.2187500    12.750     0.000     0.000     0.000     0.000  -999.000  -999.000  -999.000  -999.000  -999.000  -999.000  -999.000  -999.000  -999.000  -999.000  -999.000  -999.000  -999.000  -999.000  -999.000  -999.000  -999.000  -999.000     2.055   289.240     5.793     0.440
 121.2187500    12.250     0.000     0.000     0.000     0.000  -999.000  -999.000  -999.000  -999.000  -999.000  -999.000  -999.000  -999.000  -999.000  -999.000  -999.000  -999.000  -999.000  -999.000  -999.000  -999.000  -999.000  -999.000     1.950   289.223     5.796     0.457
 121.2187500    11.750     0.000     0.000     0.000     0.000  -999.000  -999.000  -999.000  -999.000  -999.000  -999.000  -999.000  -999.000  -999.000  -999.000  -999.000  -999.000  -999.000  -999.000  -999.000  -999.000  -999.000  -999.000     1.836   289.206     5.798     0.477
 121.2187500    11.250     0.000     0.000     0.000     0.000  -999.000  -999.000  -999.000  -999.000  -999.000  -999.000  -999.000  -999.000  -999.000  -999.000  -999.000  -999.000  -999.000  -999.000  -999.000  -999.000  -999.000  -999.000     1.711   289.187     5.801     0.501
 121.2187500    10.750     0.000     0.000     0.000     0.000  -999.000  -999.000  -999.000  -999.000  -999.000  -999.000  -999.000  -999.000  -999.000  -999.000  -999.000  -999.000  -999.000  -999.000  -999.000  -999.000  -999.000  -999.000     1.570   289.168     5.804     0.531
 121.2187500    10.250     0.000     0.000     0.000     0.000  -999.000  -999.000  -999.000  -999.000  -999.000  -999.000  -999.000  -999.000  -999.000  -999.000  -999.000  -999.000  -999.000  -999.000  -999.000  -999.000  -999.000  -999.000     1.406   289.147     5.808     0.573
 121.2187500     9.750     0.581     0.304     0.177     0.127   -65.014   -65.014   -65.157   -65.157     0.567     0.567    -1.154    -1.142     0.000     0.000     0.002     0.002    -0.342    -0.342   288.118   288.118   122.789   121.512     1.215   289.123     5.811     0.646
 121.2187500     9.250     0.147     0.413     0.061     0.352   -55.667   -55.667   -55.807   -55.807     0.567     0.567    -1.102    -1.092     0.000     0.000     0.002     0.002    -0.337    -0.337   288.172   288.172   116.918   115.838     1.044   289.101     5.815     0.744
 121.2187500     8.750     0.027     0.446     0.012     0.434   -45.689   -45.689   -45.830   -45.830     0.568     0.568    -1.042    -1.032     0.000     0.000     0.002     0.002    -0.332    -0.332   288.260   288.260   109.915   108.886     0.897   289.083     5.820     0.867
 121.2187500     8.250     0.005     0.454     0.002     0.452   -36.841   -36.841   -36.983   -36.983     0.570     0.570    -0.981    -0.972     0.000     0.000     0.002     0.002    -0.327    -0.327   288.353   288.353   102.927   101.954     0.770   289.069     5.825     1.011
 121.2187500     7.750     0.001     0.448     0.000     0.447   -29.347   -29.347   -29.490   -29.490     0.570     0.570    -0.924    -0.915     0.000     0.000     0.002     0.002    -0.322    -0.322   288.446   288.446    96.318    95.434     0.662   289.060     5.831     1.179
 121.2187500     7.250     0.000     0.432     0.000     0.432   -23.110   -23.110   -23.253   -23.253     0.570     0.570    -0.870    -0.863     0.000     0.000     0.002     0.002    -0.317    -0.317   288.535   288.535    90.243    89.468     0.568   289.057     5.838     1.375
 121.2187500     6.750     0.000     0.411     0.000     0.411   -17.945   -17.945   -18.088   -18.088     0.569     0.569    -0.822    -0.815     0.000     0.000     0.002     0.002    -0.313    -0.313   288.623   288.623    84.761    84.100     0.488   289.058     5.846     1.602
 121.2187500     6.250     0.000     0.385     0.000     0.385   -13.667   -13.667   -13.809   -13.809     0.566     0.566    -0.778    -0.773     0.000     0.000     0.002     0.002    -0.308    -0.308   288.710   288.710    79.879    79.329     0.420   289.065     5.855     1.868
 121.2187500     5.750     0.000     0.356     0.000     0.356   -10.117   -10.117   -10.257   -10.257     0.562     0.562    -0.740    -0.736     0.000     0.000     0.002     0.002    -0.303    -0.303   288.796   288.796    75.580    75.133     0.360   289.076     5.865     2.178
 121.2187500     5.250     0.000     0.324     0.000     0.324    -7.169    -7.169    -7.307    -7.307     0.557     0.557    -0.707    -0.703     0.000     0.000     0.002     0.002    -0.298    -0.298   288.883   288.883    71.831    71.476     0.310   289.092     5.876     2.539
 121.2187500     4.750     0.000     0.291     0.000     0.291    -4.732    -4.732    -4.865    -4.865     0.549     0.549    -0.679    -0.676     0.000     0.000     0.002     0.002    -0.293    -0.293   288.971   288.971    68.595    68.320     0.266   289.113     5.890     2.960
 121.2187500     4.250     0.000     0.257     0.000     0.257    -2.739    -2.739    -2.866    -2.866     0.540     0.540    -0.654    -0.652     0.000     0.000     0.002     0.002    -0.288    -0.288   289.060   289.060    65.833    65.626     0.229   289.139     5.905     3.451
 121.2187500     3.750     0.000     0.223     0.000     0.223    -1.144    -1.144    -1.262    -1.262     0.527     0.527    -0.634    -0.633     0.000     0.000     0.002     0.002    -0.283    -0.283   289.149   289.149    63.505    63.354     0.196   289.169     5.922     4.023
 121.2187500     3.250     0.000     0.189     0.000     0.189     0.091     0.091    -0.015    -0.015     0.511     0.511    -0.618    -0.617     0.000     0.000     0.002     0.002    -0.278    -0.278   289.235   289.235    61.575    61.469     0.169   289.204     5.941     4.689
 121.2187500     2.750     0.000     0.155     0.000     0.155     1.007     1.007     0.919     0.919     0.490     0.490    -0.605    -0.604     0.000     0.000     0.002     0.002    -0.273    -0.273   289.315   289.315    60.008    59.938     0.145   289.243     5.963     5.467
 121.2187500     2.250     0.000     0.122     0.000     0.122     1.613     1.613     1.549     1.549     0.462     0.462    -0.595    -0.595     0.000     0.000     0.002     0.002    -0.268    -0.268   289.391   289.391    58.773    58.730     0.124   289.287     5.988     6.373
 121.2187500     1.750     0.000     0.091     0.000     0.091     1.911     1.911     1.879     1.879     0.424     0.424    -0.588    -0.588     0.000     0.000     0.002     0.002    -0.263    -0.263   289.462   289.462    57.839    57.815     0.107   289.337     6.017     7.429
 121.2187500     1.250     0.000     0.062     0.000     0.062     1.900     1.900     1.916     1.916     0.371     0.371    -0.583    -0.583     0.000     0.000     0.002     0.002    -0.258    -0.258   289.525   289.525    57.178    57.167     0.092   289.392     6.049     8.660
 121.2187500     0.750     0.000     0.036     0.000     0.036     1.537     1.537     1.625     1.625     0.294     0.294    -0.581    -0.581     0.000     0.000     0.002     0.002    -0.252    -0.252   289.576   289.576    56.761    56.757     0.079   289.453     6.086    10.095
 121.2187500     0.250     0.000     0.000     0.000     0.000  -999.000  -999.000  -999.000  -999.000  -999.000  -999.000  -999.000  -999.000  -999.000  -999.000  -999.000  -999.000  -999.000  -999.000  -999.000  -999.000  -999.000  -999.000     0.068   289.522     6.127    11.767
 121.2395833    22.750     0.000     0.000     0.000     0.000  -999.000  -999.000  -999.000  -999.000  -999.000  -999.000  -999.000  -999.000  -999.000  -999.000  -999.000  -999.000  -999.000  -999.000  -999.000  -999.000  -999.000  -999.000     4.026   289.028     5.508     0.094
 121.2395833    22.250     0.000     0.000     0.000     0.000  -999.000  -999.000  -999.000  -999.000  -999.000  -999.000  -999.000  -999.000  -999.000  -999.000  -999.000  -999.000  -999.000  -999.000  -999.000  -999.000  -999.000  -999.000     3.970   289.020     5.509     0.190
 121.2395833    21.750     0.000     0.000     0.000     0.000  -999.000  -999.000  -999.000  -999.000  -999.000  -999.000  -999.000  -999.000  -999.000  -999.000  -999.000  -999.000  -999.000  -999.000  -999.000  -999.000  -999.000  -999.000     3.912   289.011     5.510     0.194
 121.2395833    21.250     0.000     0.000     0.000     0.000  -999.000  -999.000  -999.000  -999.000  -999.000  -999.000  -999.000  -999.000  -999.000  -999.000  -999.000  -999.000  -999.000  -999.000  -999.000  -999.000  -999.000  -999.000     3.853   289.003     5.512     0.197
 121.2395833    20.750     0.000     0.000     0.000     0.000  -999.000  -999.000  -999.000  -999.000  -999.000  -999.000  -999.000  -999.000  -999.000  -999.000  -999.000  -999.000  -999.000  -999.000  -999.000  -999.000  -999.000  -999.000     3.792   288.994     5.513     0.201
 121.2395833    20.250     0.000     0.000     0.000     0.000  -999.000  -999.000  -999.000  -999.000  -999.000  -999.000  -999.000  -999.000  -999.000  -999.000  -999.000  -999.000  -999.000  -999.000  -999.000  -999.000  -999.000  -999.000     3.730   288.985     5.514     0.206
 121.2395833    19.750     0.000     0.000     0.000     0.000  -999.000  -999.000  -999.000  -999.000  -999.000  -999.000  -999.000  -999.000  -999.000  -999.000  -999.000  -999.000  -999.000  -999.000  -999.000  -999.000  -999.000  -999.000     3.666   288.976     5.516     0.210
 121.2395833    19.250     0.000     0.000     0.000     0.000  -999.000  -999.000  -999.000  -999.000  -999.000  -999.000  -999.000  -999.000  -999.000  -999.000  -999.000  -999.000  -999.000  -999.000  -999.000  -999.000  -999.000  -999.000     3.600   288.967     5.517     0.214
 121.2395833    18.750     0.000     0.000     0.000     0.000  -999.000  -999.000  -999.000  -999.000  -999.000  -999.000  -999.000  -999.000  -999.000  -999.000  -999.000  -999.000  -999.000  -999.000  -999.000  -999.000  -999.000  -999.000     3.532   288.958     5.519     0.219
 121.2395833    18.250     0.000     0.000     0.000     0.000  -999.000  -999.000  -999.000  -999.000  -999.000  -999.000  -999.000  -999.000  -999.000  -999.000  -999.000  -999.000  -999.000  -999.000  -999.000  -999.000  -999.000  -999.000     3.462   288.948     5.520     0.224
 121.2395833    17.750     0.000     0.000     0.000     0.000  -999.000  -999.000  -999.000  -999.000  -999.000  -999.000  -999.000  -999.000  -999.000  -999.000  -999.000  -999.000  -999.000  -999.000  -999.000  -999.000  -999.000  -999.000     3.391   288.938     5.522     0.229
 121.2395833    17.250     0.000     0.000     0.000     0.000  -999.000  -999.000  -999.000  -999.000  -999.000  -999.000  -999.000  -999.000  -999.000  -999.000  -999.000  -999.000  -999.000  -999.000  -999.000  -999.000  -999.000  -999.000     3.316   288.928     5.523     0.235
 121.2395833    16.750     0.000     0.000     0.000     0.000  -999.000  -999.000  -999.000  -999.000  -999.000  -999.000  -999.000  -999.000  -999.000  -999.000  -999.000  -999.000  -999.000  -999.000  -999.000  -999.000  -999.000  -999.000     3.239   288.918     5.525     0.241
 121.2395833    16.250     0.000     0.000     0.000     0.000  -999.000  -999.000  -999.000  -999.000  -999.000  -999.000  -999.000  -999.000  -999.000  -999.000  -999.000  -999.000  -999.000  -999.000  -999.000  -999.000  -999.000  -999.000     3.159   288.907     5.526     0.247
 121.2395833    15.750     0.000     0.000     0.000     0.000  -999.000  -999.000  -999.000  -999.000  -999.000  -999.000  -999.000  -999.000  -999.000  -999.000  -999.000  -999.000  -999.000  -999.000  -999.000  -999.000  -999.000  -999.000     3.076   288.896     5.528     0.253
 121.2395833    15.250     0.000     0.000     0.000     0.000  -999.000  -999.000  -999.000  -999.000  -999.000  -999.000  -999.000  -999.000  -999.000  -999.000  -999.000  -999.000  -999.000  -999.000  -999.000  -999.000  -999.000  -999.000     2.989   288.885     5.529     0.260
 121.2395833    14.750     0.000     0.000     0.000     0.000  -999.000  -999.000  -999.000  -999.000  -999.000  -999.000  -999.000  -999.000  -999.000  -999.000  -999.000  -999.000  -999.000  -999.000  -999.000  -999.000  -999.000  -999.000     2.898   288.874     5.531     0.268
 121.2395833    14.250     0.000     0.000     0.000     0.000  -999.000  -999.000  -999.000  -999.000  -999.000  -999.000  -999.000  -999.000  -999.000  -999.000  -999.000  -999.000  -999.000  -999.000  -999.000  -999.000  -999.000  -999.000     2.803   288.862     5.533     0.276
 121.2395833    13.750     0.000     0.000     0.000     0.000  -999.000  -999.000  -999.000  -999.000  -999.000  -999.000  -999.000  -999.000  -999.000  -999.000  -999.000  -999.000  -999.000  -999.000  -999.000  -999.000  -999.000  -999.000     2.702   288.849     5.534     0.285
 121.2395833    13.250     0.000     0.000     0.000     0.000  -999.000  -999.000  -999.000  -999.000  -999.000  -999.000  -999.000  -999.000  -999.000  -999.000  -999.000  -999.000  -999.000  -999.000  -999.000  -999.000  -999.000  -999.000     2.595   288.837     5.536     0.295
 121.2395833    12.750     0.000     0.000     0.000     0.000  -999.000  -999.000  -999.000  -999.000  -999.000  -999.000  -999.000  -999.000  -999.000  -999.000  -999.000  -999.000  -999.000  -999.000  -999.000  -999.000  -999.000  -999.000     2.481   288.823     5.538     0.306
 121.2395833    12.250     0.000     0.000     0.000     0.000  -999.000  -999.000  -999.000  -999.000  -999.000  -999.000  -999.000  -999.000  -999.000  -999.000  -999.000  -999.000  -999.000  -999.000  -999.000  -999.000  -999.000  -999.000     2.358   288.810     5.540     0.318
 121.2395833    11.750     0.000     0.000     0.000     0.000  -999.000  -999.000  -999.000  -999.000  -999.000  -999.000  -999.000  -999.000  -999.000  -999.000  -999.000  -999.000  -999.000  -999.000  -999.000  -999.000  -999.000  -999.000     2.224   288.795     5.542     0.333
 121.2395833    11.250     0.000     0.000     0.000     0.000  -999.000  -999.000  -999.000  -999.000  -999.000  -999.000  -999.000  -999.000  -999.000  -999.000  -999.000  -999.000  -999.000  -999.000  -999.000  -999.000  -999.000  -999.000     2.076   288.780     5.543     0.350
 121.2395833    10.750     0.000     0.000     0.000     0.000  -999.000  -999.000  -999.000  -999.000  -999.000  -999.000  -999.000  -999.000  -999.000  -999.000  -999.000  -999.000  -999.000  -999.000  -999.000  -999.000  -999.000  -999.000     1.910   288.764     5.545     0.372
 121.2395833    10.250     0.000     0.000     0.000     0.000  -999.000  -999.000  -999.000  -999.000  -999.000  -999.000  -999.000  -999.000  -999.000  -999.000  -999.000  -999.000  -999.000  -999.000  -999.000  -999.000  -999.000  -999.000     1.715   288.747     5.548     0.400
 121.2395833     9.750     0.581     0.304     0.177     0.127   -65.715   -65.715   -66.142   -66.142     0.554     0.554    -1.116    -1.104     0.000     0.000     0.002     0.002    -0.343    -0.343   287.810   287.810   122.789   121.512     1.490   288.728     5.550     0.448
 121.2395833     9.250     0.147     0.413     0.061     0.352   -56.327   -56.327   -56.753   -56.753     0.554     0.554    -1.066    -1.056     0.000     0.000     0.002     0.002    -0.338    -0.338   287.863   287.863   116.918   115.838     1.286   288.709     5.553     0.512
 121.2395833     8.750     0.027     0.446     0.012     0.434   -46.278   -46.278   -46.702   -46.702     0.555     0.555    -1.007    -0.998     0.000     0.000     0.002     0.002    -0.333    -0.333   287.944   287.944   109.915   108.886     1.111   288.694     5.556     0.593
 121.2395833     8.250     0.005     0.454     0.002     0.452   -37.363   -37.363   -37.785   -37.785     0.556     0.556    -0.948    -0.939     0.000     0.000     0.002     0.002    -0.328    -0.328   288.029   288.029   102.927   101.954     0.959   288.682     5.559     0.686
 121.2395833     7.750     0.001     0.448     0.000     0.447   -29.811   -29.811   -30.229   -30.229     0.556     0.556    -0.892    -0.884     0.000     0.000     0.002     0.002    -0.323    -0.323   288.111   288.111    96.318    95.434     0.828   288.673     5.563     0.795
 121.2395833     7.250     0.000     0.432     0.000     0.432   -23.524   -23.524   -23.936   -23.936     0.555     0.555    -0.840    -0.833     0.000     0.000     0.002     0.002    -0.318    -0.318   288.189   288.189    90.243    89.468     0.715   288.667     5.568     0.921
 121.2395833     6.750     0.000     0.411     0.000     0.411   -18.312   -18.312   -18.717   -18.717     0.553     0.553    -0.793    -0.786     0.000     0.000     0.002     0.002    -0.313    -0.313   288.264   288.264    84.761    84.100     0.618   288.665     5.573     1.067
 121.2395833     6.250     0.000     0.385     0.000     0.385   -13.987   -13.987   -14.382   -14.382     0.550     0.550    -0.750    -0.745     0.000     0.000     0.002     0.002    -0.308    -0.308   288.335   288.335    79.879    79.329     0.533   288.666     5.578     1.236
 121.2395833     5.750     0.000     0.356     0.000     0.356   -10.385   -10.385   -10.769   -10.769     0.545     0.545    -0.713    -0.709     0.000     0.000     0.002     0.002    -0.303    -0.303   288.405   288.405    75.580    75.133     0.460   288.671     5.585     1.431
 121.2395833     5.250     0.000     0.324     0.000     0.324    -7.379    -7.379    -7.749    -7.749     0.539     0.539    -0.681    -0.677     0.000     0.000     0.002     0.002    -0.298    -0.298   288.475   288.475    71.831    71.476     0.398   288.678     5.592     1.658
 121.2395833     4.750     0.000     0.291     0.000     0.291    -4.873    -4.873    -5.227    -5.227     0.531     0.531    -0.653    -0.650     0.000     0.000     0.002     0.002    -0.293    -0.293   288.544   288.544    68.595    68.320     0.343   288.689     5.600     1.920
 121.2395833     4.250     0.000     0.257     0.000     0.257    -2.802    -2.802    -3.137    -3.137     0.521     0.521    -0.629    -0.627     0.000     0.000     0.002     0.002    -0.288    -0.288   288.612   288.612    65.833    65.626     0.296   288.703     5.610     2.224
 121.2395833     3.750     0.000     0.223     0.000     0.223    -1.118    -1.118    -1.432    -1.432     0.508     0.508    -0.609    -0.608     0.000     0.000     0.002     0.002    -0.284    -0.284   288.680   288.680    63.505    63.354     0.256   288.719     5.620     2.576
 121.2395833     3.250     0.000     0.189     0.000     0.189     0.210     0.210    -0.079    -0.079     0.492     0.492    -0.593    -0.592     0.000     0.000     0.002     0.002    -0.279    -0.279   288.745   288.745    61.575    61.469     0.221   288.738     5.632     2.984
 121.2395833     2.750     0.000     0.155     0.000     0.155     1.227     1.227     0.967     0.967     0.471     0.471    -0.580    -0.580     0.000     0.000     0.002     0.002    -0.274    -0.274   288.805   288.805    60.008    59.938     0.191   288.761     5.646     3.456
 121.2395833     2.250     0.000     0.122     0.000     0.122     1.933     1.933     1.709     1.709     0.443     0.443    -0.570    -0.570     0.000     0.000     0.002     0.002    -0.269    -0.269   288.860   288.860    58.773    58.730     0.165   288.786     5.662     4.003
 121.2395833     1.750     0.000     0.091     0.000     0.091     2.327     2.327     2.149     2.149     0.406     0.406    -0.563    -0.563     0.000     0.000     0.002     0.002    -0.263    -0.263   288.910   288.910    57.839    57.815     0.142   288.815     5.679     4.636
 121.2395833     1.250     0.000     0.062     0.000     0.062     2.399     2.399     2.280     2.280     0.356     0.356    -0.558    -0.558     0.000     0.000     0.002     0.002    -0.258    -0.258   288.953   288.953    57.178    57.167     0.123   288.847     5.699     5.370
 121.2395833     0.750     0.000     0.036     0.000     0.036     2.063     2.063     2.026     2.026     0.282     0.282    -0.555    -0.555     0.000     0.000     0.002     0.002    -0.253    -0.253   288.983   288.983    56.761    56.757     0.106   288.885     5.722     6.220
 121.2395833     0.250     0.000     0.000     0.000     0.000  -999.000  -999.000  -999.000  -999.000  -999.000  -999.000  -999.000  -999.000  -999.000  -999.000  -999.000  -999.000  -999.000  -999.000  -999.000  -999.000  -999.000  -999.000     0.092   288.928     5.748     7.204
 121.2604167    22.750     0.000     0.000     0.000     0.000  -999.000  -999.000  -999.000  -999.000  -999.000  -999.000  -999.000  -999.000  -999.000  -999.000  -999.000  -999.000  -999.000  -999.000  -999.000  -999.000  -999.000  -999.000     3.806   288.501     5.271     0.091
 121.2604167    22.250     0.000     0.000     0.000     0.000  -999.000  -999.000  -999.000  -999.000  -999.000  -999.000  -999.000  -999.000  -999.000  -999.000  -999.000  -999.000  -999.000  -999.000  -999.000  -999.000  -999.000  -999.000     3.754   288.496     5.272     0.185
 121.2604167    21.750     0.000     0.000     0.000     0.000  -999.000  -999.000  -999.000  -999.000  -999.000  -999.000  -999.000  -999.000  -999.000  -999.000  -999.000  -999.000  -999.000  -999.000  -999.000  -999.000  -999.000  -999.000     3.700   288.490     5.273     0.188
 121.2604167    21.250     0.000     0.000     0.000     0.000  -999.000  -999.000  -999.000  -999.000  -999.000  -999.000  -999.000  -999.000  -999.000  -999.000  -999.000  -999.000  -999.000  -999.000  -999.000  -999.000  -999.000  -999.000     3.645   288.484     5.275     0.192
 121.2604167    20.750     0.000     0.000     0.000     0.000  -999.000  -999.000  -999.000  -999.000  -999.000  -999.000  -999.000  -999.000  -999.000  -999.000  -999.000  -999.000  -999.000  -999.000  -999.000  -999.000  -999.000  -999.000     3.589   288.478     5.276     0.196
 121.2604167    20.250     0.000     0.000     0.000     0.000  -999.000  -999.000  -999.000  -999.000  -999.000  -999.000  -999.000  -999.000  -999.000  -999.000  -999.000  -999.000  -999.000  -999.000  -999.000  -999.000  -999.000  -999.000     3.532   288.472     5.277     0.200
 121.2604167    19.750     0.000     0.000     0.000     0.000  -999.000  -999.000  -999.000  -999.000  -999.000  -999.000  -999.000  -999.000  -999.000  -999.000  -999.000  -999.000  -999.000  -999.000  -999.000  -999.000  -999.000  -999.000     3.472   288.466     5.278     0.204
 121.2604167    19.250     0.000     0.000     0.000     0.000  -999.000  -999.000  -999.000  -999.000  -999.000  -999.000  -999.000  -999.000  -999.000  -999.000  -999.000  -999.000  -999.000  -999.000  -999.000  -999.000  -999.000  -999.000     3.411   288.459     5.280     0.208
 121.2604167    18.750     0.000     0.000     0.000     0.000  -999.000  -999.000  -999.000  -999.000  -999.000  -999.000  -999.000  -999.000  -999.000  -999.000  -999.000  -999.000  -999.000  -999.000  -999.000  -999.000  -999.000  -999.000     3.348   288.452     5.281     0.213
 121.2604167    18.250     0.000     0.000     0.000     0.000  -999.000  -999.000  -999.000  -999.000  -999.000  -999.000  -999.000  -999.000  -999.000  -999.000  -999.000  -999.000  -999.000  -999.000  -999.000  -999.000  -999.000  -999.000     3.283   288.445     5.282     0.218
 121.2604167    17.750     0.000     0.000     0.000     0.000  -999.000  -999.000  -999.000  -999.000  -999.000  -999.000  -999.000  -999.000  -999.000  -999.000  -999.000  -999.000  -999.000  -999.000  -999.000  -999.000  -999.000  -999.000     3.216   288.438     5.284     0.223
 121.2604167    17.250     0.000     0.000     0.000     0.000  -999.000  -999.000  -999.000  -999.000  -999.000  -999.000  -999.000  -999.000  -999.000  -999.000  -999.000  -999.000  -999.000  -999.000  -999.000  -999.000  -999.000  -999.000     3.147   288.430     5.285     0.228
 121.2604167    16.750     0.000     0.000     0.000     0.000  -999.000  -999.000  -999.000  -999.000  -999.000  -999.000  -999.000  -999.000  -999.000  -999.000  -999.000  -999.000  -999.000  -999.000  -999.000  -999.000  -999.000  -999.000     3.075   288.422     5.287     0.234
 121.2604167    16.250     0.000     0.000     0.000     0.000  -999.000  -999.000  -999.000  -999.000  -999.000  -999.000  -999.000  -999.000  -999.000  -999.000  -999.000  -999.000  -999.000  -999.000  -999.000  -999.000  -999.000  -999.000     3.000   288.414     5.288     0.240
 121.2604167    15.750     0.000     0.000     0.000     0.000  -999.000  -999.000  -999.000  -999.000  -999.000  -999.000  -999.000  -999.000  -999.000  -999.000  -999.000  -999.000  -999.000  -999.000  -999.000  -999.000  -999.000  -999.000     2.923   288.406     5.289     0.247
 121.2604167    15.250     0.000     0.000     0.000     0.000  -999.000  -999.000  -999.000  -999.000  -999.000  -999.000  -999.000  -999.000  -999.000  -999.000  -999.000  -999.000  -999.000  -999.000  -999.000  -999.000  -999.000  -999.000     2.841   288.397     5.291     0.254
 121.2604167    14.750     0.000     0.000     0.000     0.000  -999.000  -999.000  -999.000  -999.000  -999.000  -999.000  -999.000  -999.000  -999.000  -999.000  -999.000  -999.000  -999.000  -999.000  -999.000  -999.000  -999.000  -999.000     2.756   288.388     5.292     0.261
 121.2604167    14.250     0.000     0.000     0.000     0.000  -999.000  -999.000  -999.000  -999.000  -999.000  -999.000  -999.000  -999.000  -999.000  -999.000  -999.000  -999.000  -999.000  -999.000  -999.000  -999.000  -999.000  -999.000     2.666   288.378     5.294     0.269
 121.2604167    13.750     0.000     0.000     0.000     0.000  -999.000  -999.000  -999.000  -999.000  -999.000  -999.000  -999.000  -999.000  -999.000  -999.000  -999.000  -999.000  -999.000  -999.000  -999.000  -999.000  -999.000  -999.000     2.572   288.368     5.295     0.278
 121.2604167    13.250     0.000     0.000     0.000     0.000  -999.000  -999.000  -999.000  -999.000  -999.000  -999.000  -999.000  -999.000  -999.000  -999.000  -999.000  -999.000  -999.000  -999.000  -999.000  -999.000  -999.000  -999.000     2.471   288.358     5.297     0.288
 121.2604167    12.750     0.000     0.000     0.000     0.000  -999.000  -999.000  -999.000  -999.000  -999.000  -999.000  -999.000  -999.000  -999.000  -999.000  -999.000  -999.000  -999.000  -999.000  -999.000  -999.000  -999.000  -999.000     2.364   288.347     5.299     0.298
 121.2604167    12.250     0.000     0.000     0.000     0.000  -999.000  -999.000  -999.000  -999.000  -999.000  -999.000  -999.000  -999.000  -999.000  -999.000  -999.000  -999.000  -999.000  -999.000  -999.000  -999.000  -999.000  -999.000     2.248   288.336     5.300     0.310
 121.2604167    11.750     0.000     0.000     0.000     0.000  -999.000  -999.000  -999.000  -999.000  -999.000  -999.000  -999.000  -999.000  -999.000  -999.000  -999.000  -999.000  -999.000  -999.000  -999.000  -999.000  -999.000  -999.000     2.121   288.323     5.302     0.324
 121.2604167    11.250     0.000     0.000     0.000     0.000  -999.000  -999.000  -999.000  -999.000  -999.000  -999.000  -999.000  -999.000  -999.000  -999.000  -999.000  -999.000  -999.000  -999.000  -999.000  -999.000  -999.000  -999.000     1.981   288.311     5.304     0.341
 121.2604167    10.750     0.000     0.000     0.000     0.000  -999.000  -999.000  -999.000  -999.000  -999.000  -999.000  -999.000  -999.000  -999.000  -999.000  -999.000  -999.000  -999.000  -999.000  -999.000  -999.000  -999.000  -999.000     1.823   288.297     5.306     0.362
 121.2604167    10.250     0.000     0.000     0.000     0.000  -999.000  -999.000  -999.000  -999.000  -999.000  -999.000  -999.000  -999.000  -999.000  -999.000  -999.000  -999.000  -999.000  -999.000  -999.000  -999.000  -999.000  -999.000     1.640   288.282     5.308     0.390
 121.2604167     9.750     0.581     0.304     0.177     0.127   -65.060   -65.060   -65.436   -65.436     0.565     0.565    -1.099    -1.088     0.000     0.000     0.002     0.002    -0.343    -0.343   287.351   287.351   122.789   121.512     1.426   288.265     5.310     0.437
 121.2604167     9.250     0.147     0.413     0.061     0.352   -55.815   -55.815   -56.192   -56.192     0.565     0.565    -1.050    -1.040     0.000     0.000     0.002     0.002    -0.338    -0.338   287.407   287.407   116.918   115.838     1.233   288.250     5.313     0.498
 121.2604167     8.750     0.027     0.446     0.012     0.434   -45.923   -45.923   -46.302   -46.302     0.566     0.566    -0.992    -0.983     0.000     0.000     0.002     0.002    -0.333    -0.333   287.492   287.492   109.915   108.886     1.067   288.237     5.316     0.577
 121.2604167     8.250     0.005     0.454     0.002     0.452   -37.157   -37.157   -37.537   -37.537     0.566     0.566    -0.934    -0.925     0.000     0.000     0.002     0.002    -0.329    -0.329   287.580   287.580   102.927   101.954     0.922   288.228     5.319     0.668
 121.2604167     7.750     0.001     0.448     0.000     0.447   -29.742   -29.742   -30.124   -30.124     0.566     0.566    -0.878    -0.870     0.000     0.000     0.002     0.002    -0.324    -0.324   287.666   287.666    96.318    95.434     0.798   288.223     5.323     0.773
 121.2604167     7.250     0.000     0.432     0.000     0.432   -23.580   -23.580   -23.961   -23.961     0.564     0.564    -0.827    -0.820     0.000     0.000     0.002     0.002    -0.319    -0.319   287.747   287.747    90.243    89.468     0.690   288.221     5.327     0.895
 121.2604167     6.750     0.000     0.411     0.000     0.411   -18.484   -18.484   -18.865   -18.865     0.562     0.562    -0.780    -0.774     0.000     0.000     0.002     0.002    -0.314    -0.314   287.825   287.825    84.761    84.100     0.597   288.222     5.332     1.037
 121.2604167     6.250     0.000     0.385     0.000     0.385   -14.266   -14.266   -14.643   -14.643     0.558     0.558    -0.738    -0.733     0.000     0.000     0.002     0.002    -0.309    -0.309   287.900   287.900    79.879    79.329     0.516   288.227     5.337     1.200
 121.2604167     5.750     0.000     0.356     0.000     0.356   -10.762   -10.762   -11.135   -11.135     0.552     0.552    -0.701    -0.697     0.000     0.000     0.002     0.002    -0.304    -0.304   287.973   287.973    75.580    75.133     0.446   288.235     5.343     1.390
 121.2604167     5.250     0.000     0.324     0.000     0.324    -7.844    -7.844    -8.211    -8.211     0.546     0.546    -0.669    -0.666     0.000     0.000     0.002     0.002    -0.299    -0.299   288.045   288.045    71.831    71.476     0.386   288.247     5.350     1.609
 121.2604167     4.750     0.000     0.291     0.000     0.291    -5.416    -5.416    -5.776    -5.776     0.537     0.537    -0.641    -0.639     0.000     0.000     0.002     0.002    -0.294    -0.294   288.116   288.116    68.595    68.320     0.334   288.261     5.358     1.863
 121.2604167     4.250     0.000     0.257     0.000     0.257    -3.410    -3.410    -3.760    -3.760     0.526     0.526    -0.618    -0.616     0.000     0.000     0.002     0.002    -0.289    -0.289   288.187   288.187    65.833    65.626     0.289   288.279     5.367     2.157
 121.2604167     3.750     0.000     0.223     0.000     0.223    -1.777    -1.777    -2.115    -2.115     0.513     0.513    -0.598    -0.597     0.000     0.000     0.002     0.002    -0.284    -0.284   288.257   288.257    63.505    63.354     0.250   288.299     5.377     2.497
 121.2604167     3.250     0.000     0.189     0.000     0.189    -0.486    -0.486    -0.808    -0.808     0.496     0.496    -0.582    -0.581     0.000     0.000     0.002     0.002    -0.279    -0.279   288.325   288.325    61.575    61.469     0.216   288.322     5.388     2.891
 121.2604167     2.750     0.000     0.155     0.000     0.155     0.495     0.495     0.194     0.194     0.474     0.474    -0.569    -0.569     0.000     0.000     0.002     0.002    -0.274    -0.274   288.386   288.386    60.008    59.938     0.187   288.347     5.401     3.347
 121.2604167     2.250     0.000     0.122     0.000     0.122     1.192     1.192     0.918     0.918     0.446     0.446    -0.559    -0.559     0.000     0.000     0.002     0.002    -0.269    -0.269   288.444   288.444    58.773    58.730     0.162   288.375     5.416     3.876
 121.2604167     1.750     0.000     0.091     0.000     0.091     1.605     1.605     1.367     1.367     0.409     0.409    -0.552    -0.552     0.000     0.000     0.002     0.002    -0.264    -0.264   288.495   288.495    57.839    57.815     0.140   288.406     5.433     4.487
 121.2604167     1.250     0.000     0.062     0.000     0.062     1.727     1.727     1.539     1.539     0.358     0.358    -0.547    -0.547     0.000     0.000     0.002     0.002    -0.259    -0.259   288.540   288.540    57.178    57.167     0.121   288.440     5.452     5.195
 121.2604167     0.750     0.000     0.036     0.000     0.036     1.502     1.502     1.389     1.389     0.284     0.284    -0.544    -0.544     0.000     0.000     0.002     0.002    -0.254    -0.254   288.573   288.573    56.761    56.757     0.104   288.477     5.473     6.015
 121.2604167     0.250     0.000     0.000     0.000     0.000  -999.000  -999.000  -999.000  -999.000  -999.000  -999.000  -999.000  -999.000  -999.000  -999.000  -999.000  -999.000  -999.000  -999.000  -999.000  -999.000  -999.000  -999.000     0.090   288.519     5.498     6.964
 121.2812500    22.750     0.000     0.000     0.000     0.000  -999.000  -999.000  -999.000  -999.000  -999.000  -999.000  -999.000  -999.000  -999.000  -999.000  -999.000  -999.000  -999.000  -999.000  -999.000  -999.000  -999.000  -999.000     3.717   287.768     5.031     0.102
 121.2812500    22.250     0.000     0.000     0.000     0.000  -999.000  -999.000  -999.000  -999.000  -999.000  -999.000  -999.000  -999.000  -999.000  -999.000  -999.000  -999.000  -999.000  -999.000  -999.000  -999.000  -999.000  -999.000     3.663   287.758     5.033     0.207
 121.2812500    21.750     0.000     0.000     0.000     0.000  -999.000  -999.000  -999.000  -999.000  -999.000  -999.000  -999.000  -999.000  -999.000  -999.000  -999.000  -999.000  -999.000  -999.000  -999.000  -999.000  -999.000  -999.000     3.608   287.749     5.035     0.211
 121.2812500    21.250     0.000     0.000     0.000     0.000  -999.000  -999.000  -999.000  -999.000  -999.000  -999.000  -999.000  -999.000  -999.000  -999.000  -999.000  -999.000  -999.000  -999.000  -999.000  -999.000  -999.000  -999.000     3.551   287.740     5.036     0.215
 121.2812500    20.750     0.000     0.000     0.000     0.000  -999.000  -999.000  -999.000  -999.000  -999.000  -999.000  -999.000  -999.000  -999.000  -999.000  -999.000  -999.000  -999.000  -999.000  -999.000  -999.000  -999.000  -999.000     3.493   287.730     5.038     0.219
 121.2812500    20.250     0.000     0.000     0.000     0.000  -999.000  -999.000  -999.000  -999.000  -999.000  -999.000  -999.000  -999.000  -999.000  -999.000  -999.000  -999.000  -999.000  -999.000  -999.000  -999.000  -999.000  -999.000     3.434   287.720     5.039     0.224
 121.2812500    19.750     0.000     0.000     0.000     0.000  -999.000  -999.000  -999.000  -999.000  -999.000  -999.000  -999.000  -999.000  -999.000  -999.000  -999.000  -999.000  -999.000  -999.000  -999.000  -999.000  -999.000  -999.000     3.373   287.710     5.041     0.228
 121.2812500    19.250     0.000     0.000     0.000     0.000  -999.000  -999.000  -999.000  -999.000  -999.000  -999.000  -999.000  -999.000  -999.000  -999.000  -999.000  -999.000  -999.000  -999.000  -999.000  -999.000  -999.000  -999.000     3.310   287.700     5.043     0.233
 121.2812500    18.750     0.000     0.000     0.000     0.000  -999.000  -999.000  -999.000  -999.000  -999.000  -999.000  -999.000  -999.000  -999.000  -999.000  -999.000  -999.000  -999.000  -999.000  -999.000  -999.000  -999.000  -999.000     3.246   287.689     5.044     0.238
 121.2812500    18.250     0.000     0.000     0.000     0.000  -999.000  -999.000  -999.000  -999.000  -999.000  -999.000  -999.000  -999.000  -999.000  -999.000  -999.000  -999.000  -999.000  -999.000  -999.000  -999.000  -999.000  -999.000     3.180   287.678     5.046     0.244
 121.2812500    17.750     0.000     0.000     0.000     0.000  -999.000  -999.000  -999.000  -999.000  -999.000  -999.000  -999.000  -999.000  -999.000  -999.000  -999.000  -999.000  -999.000  -999.000  -999.000  -999.000  -999.000  -999.000     3.112   287.667     5.048     0.249
 121.2812500    17.250     0.000     0.000     0.000     0.000  -999.000  -999.000  -999.000  -999.000  -999.000  -999.000  -999.000  -999.000  -999.000  -999.000  -999.000  -999.000  -999.000  -999.000  -999.000  -999.000  -999.000  -999.000     3.042   287.656     5.050     0.255
 121.2812500    16.750     0.000     0.000     0.000     0.000  -999.000  -999.000  -999.000  -999.000  -999.000  -999.000  -999.000  -999.000  -999.000  -999.000  -999.000  -999.000  -999.000  -999.000  -999.000  -999.000  -999.000  -999.000     2.969   287.645     5.051     0.262
 121.2812500    16.250     0.000     0.000     0.000     0.000  -999.000  -999.000  -999.000  -999.000  -999.000  -999.000  -999.000  -999.000  -999.000  -999.000  -999.000  -999.000  -999.000  -999.000  -999.000  -999.000  -999.000  -999.000     2.894   287.633     5.053     0.268
 121.2812500    15.750     0.000     0.000     0.000     0.000  -999.000  -999.000  -999.000  -999.000  -999.000  -999.000  -999.000  -999.000  -999.000  -999.000  -999.000  -999.000  -999.000  -999.000  -999.000  -999.000  -999.000  -999.000     2.816   287.621     5.055     0.275
 121.2812500    15.250     0.000     0.000     0.000     0.000  -999.000  -999.000  -999.000  -999.000  -999.000  -999.000  -999.000  -999.000  -999.000  -999.000  -999.000  -999.000  -999.000  -999.000  -999.000  -999.000  -999.000  -999.000     2.735   287.608     5.057     0.283
 121.2812500    14.750     0.000     0.000     0.000     0.000  -999.000  -999.000  -999.000  -999.000  -999.000  -999.000  -999.000  -999.000  -999.000  -999.000  -999.000  -999.000  -999.000  -999.000  -999.000  -999.000  -999.000  -999.000     2.650   287.596     5.059     0.291
 121.2812500    14.250     0.000     0.000     0.000     0.000  -999.000  -999.000  -999.000  -999.000  -999.000  -999.000  -999.000  -999.000  -999.000  -999.000  -999.000  -999.000  -999.000  -999.000  -999.000  -999.000  -999.000  -999.000     2.561   287.582     5.061     0.300
 121.2812500    13.750     0.000     0.000     0.000     0.000  -999.000  -999.000  -999.000  -999.000  -999.000  -999.000  -999.000  -999.000  -999.000  -999.000  -999.000  -999.000  -999.000  -999.000  -999.000  -999.000  -999.000  -999.000     2.467   287.569     5.063     0.310
 121.2812500    13.250     0.000     0.000     0.000     0.000  -999.000  -999.000  -999.000  -999.000  -999.000  -999.000  -999.000  -999.000  -999.000  -999.000  -999.000  -999.000  -999.000  -999.000  -999.000  -999.000  -999.000  -999.000     2.368   287.555     5.064     0.320
 121.2812500    12.750     0.000     0.000     0.000     0.000  -999.000  -999.000  -999.000  -999.000  -999.000  -999.000  -999.000  -999.000  -999.000  -999.000  -999.000  -999.000  -999.000  -999.000  -999.000  -999.000  -999.000  -999.000     2.262   287.540     5.067     0.332
 121.2812500    12.250     0.000     0.000     0.000     0.000  -999.000  -999.000  -999.000  -999.000  -999.000  -999.000  -999.000  -999.000  -999.000  -999.000  -999.000  -999.000  -999.000  -999.000  -999.000  -999.000  -999.000  -999.000     2.148   287.525     5.069     0.346
 121.2812500    11.750     0.000     0.000     0.000     0.000  -999.000  -999.000  -999.000  -999.000  -999.000  -999.000  -999.000  -999.000  -999.000  -999.000  -999.000  -999.000  -999.000  -999.000  -999.000  -999.000  -999.000  -999.000     2.024   287.509     5.071     0.361
 121.2812500    11.250     0.000     0.000     0.000     0.000  -999.000  -999.000  -999.000  -999.000  -999.000  -999.000  -999.000  -999.000  -999.000  -999.000  -999.000  -999.000  -999.000  -999.000  -999.000  -999.000  -999.000  -999.000     1.888   287.493     5.073     0.380
 121.2812500    10.750     0.000     0.000     0.000     0.000  -999.000  -999.000  -999.000  -999.000  -999.000  -999.000  -999.000  -999.000  -999.000  -999.000  -999.000  -999.000  -999.000  -999.000  -999.000  -999.000  -999.000  -999.000     1.734   287.475     5.075     0.403
 121.2812500    10.250     0.000     0.000     0.000     0.000  -999.000  -999.000  -999.000  -999.000  -999.000  -999.000  -999.000  -999.000  -999.000  -999.000  -999.000  -999.000  -999.000  -999.000  -999.000  -999.000  -999.000  -999.000     1.555   287.456     5.078     0.434
 121.2812500     9.750     0.581     0.304     0.177     0.127   -63.546   -63.546   -63.708   -63.708     0.520     0.520    -1.036    -1.025     0.000     0.000     0.002     0.002    -0.344    -0.344   286.486   286.486   122.789   121.512     1.347   287.435     5.080     0.486
 121.2812500     9.250     0.147     0.413     0.061     0.352   -54.449   -54.449   -54.609   -54.609     0.520     0.520    -0.990    -0.981     0.000     0.000     0.002     0.002    -0.339    -0.339   286.538   286.538   116.918   115.838     1.160   287.415     5.083     0.556
 121.2812500     8.750     0.027     0.446     0.012     0.434   -44.709   -44.709   -44.870   -44.870     0.521     0.521    -0.936    -0.927     0.000     0.000     0.002     0.002    -0.334    -0.334   286.622   286.622   109.915   108.886     0.999   287.398     5.087     0.644
 121.2812500     8.250     0.005     0.454     0.002     0.452   -36.064   -36.064   -36.226   -36.226     0.522     0.522    -0.882    -0.873     0.000     0.000     0.002     0.002    -0.329    -0.329   286.710   286.710   102.927   101.954     0.860   287.385     5.091     0.746
 121.2812500     7.750     0.001     0.448     0.000     0.447   -28.735   -28.735   -28.897   -28.897     0.523     0.523    -0.830    -0.822     0.000     0.000     0.002     0.002    -0.324    -0.324   286.796   286.796    96.318    95.434     0.741   287.376     5.095     0.865
 121.2812500     7.250     0.000     0.432     0.000     0.432   -22.627   -22.627   -22.789   -22.789     0.522     0.522    -0.781    -0.775     0.000     0.000     0.002     0.002    -0.319    -0.319   286.879   286.879    90.243    89.468     0.638   287.371     5.100     1.002
 121.2812500     6.750     0.000     0.411     0.000     0.411   -17.559   -17.559   -17.721   -17.721     0.520     0.520    -0.738    -0.732     0.000     0.000     0.002     0.002    -0.314    -0.314   286.959   286.959    84.761    84.100     0.550   287.370     5.106     1.161
 121.2812500     6.250     0.000     0.385     0.000     0.385   -13.349   -13.349   -13.509   -13.509     0.517     0.517    -0.698    -0.694     0.000     0.000     0.002     0.002    -0.309    -0.309   287.036   287.036    79.879    79.329     0.473   287.373     5.113     1.345
 121.2812500     5.750     0.000     0.356     0.000     0.356    -9.839    -9.839    -9.997    -9.997     0.513     0.513    -0.664    -0.660     0.000     0.000     0.002     0.002    -0.304    -0.304   287.113   287.113    75.580    75.133     0.408   287.380     5.120     1.559
 121.2812500     5.250     0.000     0.324     0.000     0.324    -6.908    -6.908    -7.062    -7.062     0.508     0.508    -0.634    -0.631     0.000     0.000     0.002     0.002    -0.300    -0.300   287.190   287.190    71.831    71.476     0.351   287.391     5.128     1.806
 121.2812500     4.750     0.000     0.291     0.000     0.291    -4.465    -4.465    -4.614    -4.614     0.500     0.500    -0.608    -0.606     0.000     0.000     0.002     0.002    -0.295    -0.295   287.267   287.267    68.595    68.320     0.302   287.406     5.138     2.093
 121.2812500     4.250     0.000     0.257     0.000     0.257    -2.446    -2.446    -2.589    -2.589     0.491     0.491    -0.586    -0.584     0.000     0.000     0.002     0.002    -0.290    -0.290   287.344   287.344    65.833    65.626     0.260   287.424     5.149     2.425
 121.2812500     3.750     0.000     0.223     0.000     0.223    -0.808    -0.808    -0.941    -0.941     0.479     0.479    -0.568    -0.567     0.000     0.000     0.002     0.002    -0.285    -0.285   287.421   287.421    63.505    63.354     0.224   287.446     5.161     2.809
 121.2812500     3.250     0.000     0.189     0.000     0.189     0.486     0.486     0.366     0.366     0.464     0.464    -0.553    -0.552     0.000     0.000     0.002     0.002    -0.280    -0.280   287.494   287.494    61.575    61.469     0.193   287.471     5.175     3.255
 121.2812500     2.750     0.000     0.155     0.000     0.155     1.473     1.473     1.369     1.369     0.444     0.444    -0.541    -0.541     0.000     0.000     0.002     0.002    -0.275    -0.275   287.562   287.562    60.008    59.938     0.166   287.500     5.190     3.772
 121.2812500     2.250     0.000     0.122     0.000     0.122     2.148     2.148     2.068     2.068     0.419     0.419    -0.532    -0.532     0.000     0.000     0.002     0.002    -0.270    -0.270   287.626   287.626    58.773    58.730     0.143   287.533     5.208     4.371
 121.2812500     1.750     0.000     0.091     0.000     0.091     2.514     2.514     2.465     2.465     0.384     0.384    -0.525    -0.525     0.000     0.000     0.002     0.002    -0.265    -0.265   287.685   287.685    57.839    57.815     0.123   287.570     5.228     5.064
 121.2812500     1.250     0.000     0.062     0.000     0.062     2.556     2.556     2.552     2.552     0.336     0.336    -0.521    -0.521     0.000     0.000     0.002     0.002    -0.260    -0.260   287.736   287.736    57.178    57.167     0.106   287.613     5.252     5.868
 121.2812500     0.750     0.000     0.036     0.000     0.036     2.181     2.181     2.245     2.245     0.267     0.267    -0.518    -0.518     0.000     0.000     0.002     0.002    -0.254    -0.254   287.774   287.774    56.761    56.757     0.092   287.661     5.278     6.799
 121.2812500     0.250     0.000     0.000     0.000     0.000  -999.000  -999.000  -999.000  -999.000  -999.000  -999.000  -999.000  -999.000  -999.000  -999.000  -999.000  -999.000  -999.000  -999.000  -999.000  -999.000  -999.000  -999.000     0.079   287.715     5.307     7.878
 121.3020833    22.750     0.000     0.000     0.000     0.000  -999.000  -999.000  -999.000  -999.000  -999.000  -999.000  -999.000  -999.000  -999.000  -999.000  -999.000  -999.000  -999.000  -999.000  -999.000  -999.000  -999.000  -999.000     3.998   287.242     4.909     0.093
 121.3020833    22.250     0.000     0.000     0.000     0.000  -999.000  -999.000  -999.000  -999.000  -999.000  -999.000  -999.000  -999.000  -999.000  -999.000  -999.000  -999.000  -999.000  -999.000  -999.000  -999.000  -999.000  -999.000     3.943   287.236     4.909     0.189
 121.3020833    21.750     0.000     0.000     0.000     0.000  -999.000  -999.000  -999.000  -999.000  -999.000  -999.000  -999.000  -999.000  -999.000  -999.000  -999.000  -999.000  -999.000  -999.000  -999.000  -999.000  -999.000  -999.000     3.888   287.231     4.910     0.192
 121.3020833    21.250     0.000     0.000     0.000     0.000  -999.000  -999.000  -999.000  -999.000  -999.000  -999.000  -999.000  -999.000  -999.000  -999.000  -999.000  -999.000  -999.000  -999.000  -999.000  -999.000  -999.000  -999.000     3.831   287.225     4.910     0.196
 121.3020833    20.750     0.000     0.000     0.000     0.000  -999.000  -999.000  -999.000  -999.000  -999.000  -999.000  -999.000  -999.000  -999.000  -999.000  -999.000  -999.000  -999.000  -999.000  -999.000  -999.000  -999.000  -999.000     3.772   287.219     4.911     0.200
 121.3020833    20.250     0.000     0.000     0.000     0.000  -999.000  -999.000  -999.000  -999.000  -999.000  -999.000  -999.000  -999.000  -999.000  -999.000  -999.000  -999.000  -999.000  -999.000  -999.000  -999.000  -999.000  -999.000     3.712   287.213     4.911     0.204
 121.3020833    19.750     0.000     0.000     0.000     0.000  -999.000  -999.000  -999.000  -999.000  -999.000  -999.000  -999.000  -999.000  -999.000  -999.000  -999.000  -999.000  -999.000  -999.000  -999.000  -999.000  -999.000  -999.000     3.651   287.207     4.912     0.208
 121.3020833    19.250     0.000     0.000     0.000     0.000  -999.000  -999.000  -999.000  -999.000  -999.000  -999.000  -999.000  -999.000  -999.000  -999.000  -999.000  -999.000  -999.000  -999.000  -999.000  -999.000  -999.000  -999.000     3.587   287.200     4.912     0.213
 121.3020833    18.750     0.000     0.000     0.000     0.000  -999.000  -999.000  -999.000  -999.000  -999.000  -999.000  -999.000  -999.000  -999.000  -999.000  -999.000  -999.000  -999.000  -999.000  -999.000  -999.000  -999.000  -999.000     3.521   287.194     4.913     0.217
 121.3020833    18.250     0.000     0.000     0.000     0.000  -999.000  -999.000  -999.000  -999.000  -999.000  -999.000  -999.000  -999.000  -999.000  -999.000  -999.000  -999.000  -999.000  -999.000  -999.000  -999.000  -999.000  -999.000     3.454   287.187     4.914     0.222
 121.3020833    17.750     0.000     0.000     0.000     0.000  -999.000  -999.000  -999.000  -999.000  -999.000  -999.000  -999.000  -999.000  -999.000  -999.000  -999.000  -999.000  -999.000  -999.000  -999.000  -999.000  -999.000  -999.000     3.384   287.179     4.914     0.227
 121.3020833    17.250     0.000     0.000     0.000     0.000  -999.000  -999.000  -999.000  -999.000  -999.000  -999.000  -999.000  -999.000  -999.000  -999.000  -999.000  -999.000  -999.000  -999.000  -999.000  -999.000  -999.000  -999.000     3.311   287.172     4.915     0.233
 121.3020833    16.750     0.000     0.000     0.000     0.000  -999.000  -999.000  -999.000  -999.000  -999.000  -999.000  -999.000  -999.000  -999.000  -999.000  -999.000  -999.000  -999.000  -999.000  -999.000  -999.000  -999.000  -999.000     3.236   287.164     4.916     0.239
 121.3020833    16.250     0.000     0.000     0.000     0.000  -999.000  -999.000  -999.000  -999.000  -999.000  -999.000  -999.000  -999.000  -999.000  -999.000  -999.000  -999.000  -999.000  -999.000  -999.000  -999.000  -999.000  -999.000     3.158   287.156     4.916     0.245
 121.3020833    15.750     0.000     0.000     0.000     0.000  -999.000  -999.000  -999.000  -999.000  -999.000  -999.000  -999.000  -999.000  -999.000  -999.000  -999.000  -999.000  -999.000  -999.000  -999.000  -999.000  -999.000  -999.000     3.077   287.148     4.917     0.251
 121.3020833    15.250     0.000     0.000     0.000     0.000  -999.000  -999.000  -999.000  -999.000  -999.000  -999.000  -999.000  -999.000  -999.000  -999.000  -999.000  -999.000  -999.000  -999.000  -999.000  -999.000  -999.000  -999.000     2.991   287.140     4.918     0.258
 121.3020833    14.750     0.000     0.000     0.000     0.000  -999.000  -999.000  -999.000  -999.000  -999.000  -999.000  -999.000  -999.000  -999.000  -999.000  -999.000  -999.000  -999.000  -999.000  -999.000  -999.000  -999.000  -999.000     2.902   287.131     4.919     0.266
 121.3020833    14.250     0.000     0.000     0.000     0.000  -999.000  -999.000  -999.000  -999.000  -999.000  -999.000  -999.000  -999.000  -999.000  -999.000  -999.000  -999.000  -999.000  -999.000  -999.000  -999.000  -999.000  -999.000     2.808   287.121     4.919     0.274
 121.3020833    13.750     0.000     0.000     0.000     0.000  -999.000  -999.000  -999.000  -999.000  -999.000  -999.000  -999.000  -999.000  -999.000  -999.000  -999.000  -999.000  -999.000  -999.000  -999.000  -999.000  -999.000  -999.000     2.709   287.112     4.920     0.283
 121.3020833    13.250     0.000     0.000     0.000     0.000  -999.000  -999.000  -999.000  -999.000  -999.000  -999.000  -999.000  -999.000  -999.000  -999.000  -999.000  -999.000  -999.000  -999.000  -999.000  -999.000  -999.000  -999.000     2.604   287.101     4.921     0.293
 121.3020833    12.750     0.000     0.000     0.000     0.000  -999.000  -999.000  -999.000  -999.000  -999.000  -999.000  -999.000  -999.000  -999.000  -999.000  -999.000  -999.000  -999.000  -999.000  -999.000  -999.000  -999.000  -999.000     2.491   287.091     4.922     0.304
 121.3020833    12.250     0.000     0.000     0.000     0.000  -999.000  -999.000  -999.000  -999.000  -999.000  -999.000  -999.000  -999.000  -999.000  -999.000  -999.000  -999.000  -999.000  -999.000  -999.000  -999.000  -999.000  -999.000     2.369   287.080     4.923     0.316
 121.3020833    11.750     0.000     0.000     0.000     0.000  -999.000  -999.000  -999.000  -999.000  -999.000  -999.000  -999.000  -999.000  -999.000  -999.000  -999.000  -999.000  -999.000  -999.000  -999.000  -999.000  -999.000  -999.000     2.236   287.068     4.924     0.330
 121.3020833    11.250     0.000     0.000     0.000     0.000  -999.000  -999.000  -999.000  -999.000  -999.000  -999.000  -999.000  -999.000  -999.000  -999.000  -999.000  -999.000  -999.000  -999.000  -999.000  -999.000  -999.000  -999.000     2.089   287.055     4.925     0.347
 121.3020833    10.750     0.000     0.000     0.000     0.000  -999.000  -999.000  -999.000  -999.000  -999.000  -999.000  -999.000  -999.000  -999.000  -999.000  -999.000  -999.000  -999.000  -999.000  -999.000  -999.000  -999.000  -999.000     1.924   287.042     4.926     0.368
 121.3020833    10.250     0.000     0.000     0.000     0.000  -999.000  -999.000  -999.000  -999.000  -999.000  -999.000  -999.000  -999.000  -999.000  -999.000  -999.000  -999.000  -999.000  -999.000  -999.000  -999.000  -999.000  -999.000     1.730   287.028     4.928     0.396
 121.3020833     9.750     0.581     0.304     0.177     0.127   -67.153   -67.153   -67.508   -67.508     0.521     0.521    -1.012    -1.001     0.000     0.000     0.002     0.002    -0.344    -0.344   286.083   286.083   122.789   121.512     1.506   287.011     4.929     0.444
 121.3020833     9.250     0.147     0.413     0.061     0.352   -57.587   -57.587   -57.943   -57.943     0.521     0.521    -0.967    -0.958     0.000     0.000     0.002     0.002    -0.339    -0.339   286.140   286.140   116.918   115.838     1.303   286.997     4.931     0.507
 121.3020833     8.750     0.027     0.446     0.012     0.434   -47.349   -47.349   -47.707   -47.707     0.522     0.522    -0.914    -0.905     0.000     0.000     0.002     0.002    -0.334    -0.334   286.228   286.228   109.915   108.886     1.128   286.985     4.933     0.588
 121.3020833     8.250     0.005     0.454     0.002     0.452   -38.272   -38.272   -38.632   -38.632     0.522     0.522    -0.860    -0.852     0.000     0.000     0.002     0.002    -0.329    -0.329   286.319   286.319   102.927   101.954     0.976   286.976     4.935     0.681
 121.3020833     7.750     0.001     0.448     0.000     0.447   -30.589   -30.589   -30.950   -30.950     0.522     0.522    -0.809    -0.802     0.000     0.000     0.002     0.002    -0.325    -0.325   286.406   286.406    96.318    95.434     0.845   286.970     4.937     0.789
 121.3020833     7.250     0.000     0.432     0.000     0.432   -24.200   -24.200   -24.560   -24.560     0.521     0.521    -0.762    -0.756     0.000     0.000     0.002     0.002    -0.320    -0.320   286.490   286.490    90.243    89.468     0.731   286.968     4.940     0.914
 121.3020833     6.750     0.000     0.411     0.000     0.411   -18.911   -18.911   -19.269   -19.269     0.519     0.519    -0.719    -0.714     0.000     0.000     0.002     0.002    -0.315    -0.315   286.569   286.569    84.761    84.100     0.633   286.970     4.943     1.059
 121.3020833     6.250     0.000     0.385     0.000     0.385   -14.527   -14.527   -14.882   -14.882     0.516     0.516    -0.681    -0.676     0.000     0.000     0.002     0.002    -0.310    -0.310   286.646   286.646    79.879    79.329     0.547   286.975     4.947     1.226
 121.3020833     5.750     0.000     0.356     0.000     0.356   -10.882   -10.882   -11.231   -11.231     0.511     0.511    -0.647    -0.643     0.000     0.000     0.002     0.002    -0.305    -0.305   286.721   286.721    75.580    75.133     0.474   286.983     4.951     1.421
 121.3020833     5.250     0.000     0.324     0.000     0.324    -7.842    -7.842    -8.184    -8.184     0.505     0.505    -0.618    -0.615     0.000     0.000     0.002     0.002    -0.300    -0.300   286.795   286.795    71.831    71.476     0.410   286.995     4.956     1.646
 121.3020833     4.750     0.000     0.291     0.000     0.291    -5.311    -5.311    -5.643    -5.643     0.498     0.498    -0.593    -0.590     0.000     0.000     0.002     0.002    -0.295    -0.295   286.868   286.868    68.595    68.320     0.355   287.009     4.962     1.906
 121.3020833     4.250     0.000     0.257     0.000     0.257    -3.219    -3.219    -3.539    -3.539     0.488     0.488    -0.571    -0.569     0.000     0.000     0.002     0.002    -0.290    -0.290   286.940   286.940    65.833    65.626     0.307   287.026     4.969     2.208
 121.3020833     3.750     0.000     0.223     0.000     0.223    -1.516    -1.516    -1.823    -1.823     0.476     0.476    -0.553    -0.552     0.000     0.000     0.002     0.002    -0.285    -0.285   287.012   287.012    63.505    63.354     0.266   287.046     4.976     2.558
 121.3020833     3.250     0.000     0.189     0.000     0.189    -0.172    -0.172    -0.461    -0.461     0.460     0.460    -0.539    -0.538     0.000     0.000     0.002     0.002    -0.280    -0.280   287.081   287.081    61.575    61.469     0.230   287.069     4.985     2.963
 121.3020833     2.750     0.000     0.155     0.000     0.155     0.853     0.853     0.586     0.586     0.441     0.441    -0.527    -0.526     0.000     0.000     0.002     0.002    -0.275    -0.275   287.144   287.144    60.008    59.938     0.199   287.094     4.995     3.432
 121.3020833     2.250     0.000     0.122     0.000     0.122     1.575     1.575     1.336     1.336     0.415     0.415    -0.518    -0.517     0.000     0.000     0.002     0.002    -0.270    -0.270   287.202   287.202    58.773    58.730     0.172   287.122     5.007     3.976
 121.3020833     1.750     0.000     0.091     0.000     0.091     1.991     1.991     1.788     1.788     0.380     0.380    -0.511    -0.511     0.000     0.000     0.002     0.002    -0.265    -0.265   287.254   287.254    57.839    57.815     0.149   287.152     5.020     4.605
 121.3020833     1.250     0.000     0.062     0.000     0.062     2.092     2.092     1.940     1.940     0.333     0.333    -0.507    -0.507     0.000     0.000     0.002     0.002    -0.260    -0.260   287.299   287.299    57.178    57.167     0.129   287.186     5.036     5.334
 121.3020833     0.750     0.000     0.036     0.000     0.036     1.807     1.807     1.727     1.727     0.264     0.264    -0.504    -0.504     0.000     0.000     0.002     0.002    -0.255    -0.255   287.331   287.331    56.761    56.757     0.112   287.223     5.054     6.179
 121.3020833     0.250     0.000     0.000     0.000     0.000  -999.000  -999.000  -999.000  -999.000  -999.000  -999.000  -999.000  -999.000  -999.000  -999.000  -999.000  -999.000  -999.000  -999.000  -999.000  -999.000  -999.000  -999.000     0.097   287.264     5.075     7.158
 121.3229167    22.750     0.000     0.000     0.000     0.000  -999.000  -999.000  -999.000  -999.000  -999.000  -999.000  -999.000  -999.000  -999.000  -999.000  -999.000  -999.000  -999.000  -999.000  -999.000  -999.000  -999.000  -999.000     3.307   285.928     5.048     0.089
 121.3229167    22.250     0.000     0.000     0.000     0.000  -999.000  -999.000  -999.000  -999.000  -999.000  -999.000  -999.000  -999.000  -999.000  -999.000  -999.000  -999.000  -999.000  -999.000  -999.000  -999.000  -999.000  -999.000     3.261   285.923     5.049     0.180
 121.3229167    21.750     0.000     0.000     0.000     0.000  -999.000  -999.000  -999.000  -999.000  -999.000  -999.000  -999.000  -999.000  -999.000  -999.000  -999.000  -999.000  -999.000  -999.000  -999.000  -999.000  -999.000  -999.000     3.214   285.918     5.049     0.184
 121.3229167    21.250     0.000     0.000     0.000     0.000  -999.000  -999.000  -999.000  -999.000  -999.000  -999.000  -999.000  -999.000  -999.000  -999.000  -999.000  -999.000  -999.000  -999.000  -999.000  -999.000  -999.000  -999.000     3.165   285.913     5.049     0.188
 121.3229167    20.750     0.000     0.000     0.000     0.000  -999.000  -999.000  -999.000  -999.000  -999.000  -999.000  -999.000  -999.000  -999.000  -999.000  -999.000  -999.000  -999.000  -999.000  -999.000  -999.000  -999.000  -999.000     3.115   285.908     5.049     0.192
 121.3229167    20.250     0.000     0.000     0.000     0.000  -999.000  -999.000  -999.000  -999.000  -999.000  -999.000  -999.000  -999.000  -999.000  -999.000  -999.000  -999.000  -999.000  -999.000  -999.000  -999.000  -999.000  -999.000     3.064   285.902     5.050     0.196
 121.3229167    19.750     0.000     0.000     0.000     0.000  -999.000  -999.000  -999.000  -999.000  -999.000  -999.000  -999.000  -999.000  -999.000  -999.000  -999.000  -999.000  -999.000  -999.000  -999.000  -999.000  -999.000  -999.000     3.012   285.897     5.050     0.200
 121.3229167    19.250     0.000     0.000     0.000     0.000  -999.000  -999.000  -999.000  -999.000  -999.000  -999.000  -999.000  -999.000  -999.000  -999.000  -999.000  -999.000  -999.000  -999.000  -999.000  -999.000  -999.000  -999.000     2.958   285.891     5.050     0.205
 121.3229167    18.750     0.000     0.000     0.000     0.000  -999.000  -999.000  -999.000  -999.000  -999.000  -999.000  -999.000  -999.000  -999.000  -999.000  -999.000  -999.000  -999.000  -999.000  -999.000  -999.000  -999.000  -999.000     2.902   285.885     5.050     0.209
 121.3229167    18.250     0.000     0.000     0.000     0.000  -999.000  -999.000  -999.000  -999.000  -999.000  -999.000  -999.000  -999.000  -999.000  -999.000  -999.000  -999.000  -999.000  -999.000  -999.000  -999.000  -999.000  -999.000     2.845   285.878     5.051     0.215
 121.3229167    17.750     0.000     0.000     0.000     0.000  -999.000  -999.000  -999.000  -999.000  -999.000  -999.000  -999.000  -999.000  -999.000  -999.000  -999.000  -999.000  -999.000  -999.000  -999.000  -999.000  -999.000  -999.000     2.786   285.872     5.051     0.220
 121.3229167    17.250     0.000     0.000     0.000     0.000  -999.000  -999.000  -999.000  -999.000  -999.000  -999.000  -999.000  -999.000  -999.000  -999.000  -999.000  -999.000  -999.000  -999.000  -999.000  -999.000  -999.000  -999.000     2.725   285.865     5.052     0.225
 121.3229167    16.750     0.000     0.000     0.000     0.000  -999.000  -999.000  -999.000  -999.000  -999.000  -999.000  -999.000  -999.000  -999.000  -999.000  -999.000  -999.000  -999.000  -999.000  -999.000  -999.000  -999.000  -999.000     2.662   285.858     5.052     0.231
 121.3229167    16.250     0.000     0.000     0.000     0.000  -999.000  -999.000  -999.000  -999.000  -999.000  -999.000  -999.000  -999.000  -999.000  -999.000  -999.000  -999.000  -999.000  -999.000  -999.000  -999.000  -999.000  -999.000     2.596   285.850     5.053     0.238
 121.3229167    15.750     0.000     0.000     0.000     0.000  -999.000  -999.000  -999.000  -999.000  -999.000  -999.000  -999.000  -999.000  -999.000  -999.000  -999.000  -999.000  -999.000  -999.000  -999.000  -999.000  -999.000  -999.000     2.528   285.843     5.053     0.244
 121.3229167    15.250     0.000     0.000     0.000     0.000  -999.000  -999.000  -999.000  -999.000  -999.000  -999.000  -999.000  -999.000  -999.000  -999.000  -999.000  -999.000  -999.000  -999.000  -999.000  -999.000  -999.000  -999.000     2.457   285.835     5.054     0.251
 121.3229167    14.750     0.000     0.000     0.000     0.000  -999.000  -999.000  -999.000  -999.000  -999.000  -999.000  -999.000  -999.000  -999.000  -999.000  -999.000  -999.000  -999.000  -999.000  -999.000  -999.000  -999.000  -999.000     2.382   285.826     5.054     0.259
 121.3229167    14.250     0.000     0.000     0.000     0.000  -999.000  -999.000  -999.000  -999.000  -999.000  -999.000  -999.000  -999.000  -999.000  -999.000  -999.000  -999.000  -999.000  -999.000  -999.000  -999.000  -999.000  -999.000     2.304   285.817     5.055     0.267
 121.3229167    13.750     0.000     0.000     0.000     0.000  -999.000  -999.000  -999.000  -999.000  -999.000  -999.000  -999.000  -999.000  -999.000  -999.000  -999.000  -999.000  -999.000  -999.000  -999.000  -999.000  -999.000  -999.000     2.221   285.808     5.055     0.276
 121.3229167    13.250     0.000     0.000     0.000     0.000  -999.000  -999.000  -999.000  -999.000  -999.000  -999.000  -999.000  -999.000  -999.000  -999.000  -999.000  -999.000  -999.000  -999.000  -999.000  -999.000  -999.000  -999.000     2.133   285.798     5.056     0.286
 121.3229167    12.750     0.000     0.000     0.000     0.000  -999.000  -999.000  -999.000  -999.000  -999.000  -999.000  -999.000  -999.000  -999.000  -999.000  -999.000  -999.000  -999.000  -999.000  -999.000  -999.000  -999.000  -999.000     2.040   285.788     5.057     0.297
 121.3229167    12.250     0.000     0.000     0.000     0.000  -999.000  -999.000  -999.000  -999.000  -999.000  -999.000  -999.000  -999.000  -999.000  -999.000  -999.000  -999.000  -999.000  -999.000  -999.000  -999.000  -999.000  -999.000     1.939   285.777     5.057     0.310
 121.3229167    11.750     0.000     0.000     0.000     0.000  -999.000  -999.000  -999.000  -999.000  -999.000  -999.000  -999.000  -999.000  -999.000  -999.000  -999.000  -999.000  -999.000  -999.000  -999.000  -999.000  -999.000  -999.000     1.829   285.766     5.058     0.324
 121.3229167    11.250     0.000     0.000     0.000     0.000  -999.000  -999.000  -999.000  -999.000  -999.000  -999.000  -999.000  -999.000  -999.000  -999.000  -999.000  -999.000  -999.000  -999.000  -999.000  -999.000  -999.000  -999.000     1.707   285.754     5.059     0.340
 121.3229167    10.750     0.000     0.000     0.000     0.000  -999.000  -999.000  -999.000  -999.000  -999.000  -999.000  -999.000  -999.000  -999.000  -999.000  -999.000  -999.000  -999.000  -999.000  -999.000  -999.000  -999.000  -999.000     1.570   285.741     5.060     0.361
 121.3229167    10.250     0.000     0.000     0.000     0.000  -999.000  -999.000  -999.000  -999.000  -999.000  -999.000  -999.000  -999.000  -999.000  -999.000  -999.000  -999.000  -999.000  -999.000  -999.000  -999.000  -999.000  -999.000     1.411   285.726     5.061     0.388
 121.3229167     9.750     0.581     0.304     0.177     0.127   -65.230   -65.230   -65.122   -65.122     0.446     0.446    -0.949    -0.939     0.000     0.000     0.002     0.002    -0.344    -0.344   284.742   284.742   122.789   121.512     1.225   285.710     5.062     0.434
 121.3229167     9.250     0.147     0.413     0.061     0.352   -55.883   -55.883   -55.777   -55.777     0.446     0.446    -0.907    -0.899     0.000     0.000     0.002     0.002    -0.339    -0.339   284.806   284.806   116.918   115.838     1.058   285.696     5.063     0.495
 121.3229167     8.750     0.027     0.446     0.012     0.434   -45.855   -45.855   -45.755   -45.755     0.448     0.448    -0.858    -0.850     0.000     0.000     0.002     0.002    -0.334    -0.334   284.902   284.902   109.915   108.886     0.914   285.686     5.065     0.572
 121.3229167     8.250     0.005     0.454     0.002     0.452   -36.942   -36.942   -36.848   -36.848     0.450     0.450    -0.808    -0.801     0.000     0.000     0.002     0.002    -0.330    -0.330   285.004   285.004   102.927   101.954     0.789   285.679     5.067     0.661
 121.3229167     7.750     0.001     0.448     0.000     0.447   -29.375   -29.375   -29.288   -29.288     0.451     0.451    -0.761    -0.754     0.000     0.000     0.002     0.002    -0.325    -0.325   285.105   285.105    96.318    95.434     0.682   285.678     5.069     0.764
 121.3229167     7.250     0.000     0.432     0.000     0.432   -23.057   -23.057   -22.977   -22.977     0.451     0.451    -0.717    -0.711     0.000     0.000     0.002     0.002    -0.320    -0.320   285.203   285.203    90.243    89.468     0.589   285.682     5.072     0.882
 121.3229167     6.750     0.000     0.411     0.000     0.411   -17.803   -17.803   -17.728   -17.728     0.451     0.451    -0.677    -0.672     0.000     0.000     0.002     0.002    -0.315    -0.315   285.299   285.299    84.761    84.100     0.508   285.690     5.075     1.020
 121.3229167     6.250     0.000     0.385     0.000     0.385   -13.425   -13.425   -13.356   -13.356     0.449     0.449    -0.641    -0.637     0.000     0.000     0.002     0.002    -0.310    -0.310   285.394   285.394    79.879    79.329     0.439   285.703     5.078     1.179
 121.3229167     5.750     0.000     0.356     0.000     0.356    -9.762    -9.762    -9.698    -9.698     0.446     0.446    -0.610    -0.606     0.000     0.000     0.002     0.002    -0.305    -0.305   285.488   285.488    75.580    75.133     0.379   285.720     5.082     1.362
 121.3229167     5.250     0.000     0.324     0.000     0.324    -6.690    -6.690    -6.631    -6.631     0.442     0.442    -0.583    -0.580     0.000     0.000     0.002     0.002    -0.300    -0.300   285.584   285.584    71.831    71.476     0.327   285.741     5.087     1.574
 121.3229167     4.750     0.000     0.291     0.000     0.291    -4.117    -4.117    -4.063    -4.063     0.437     0.437    -0.559    -0.557     0.000     0.000     0.002     0.002    -0.295    -0.295   285.680   285.680    68.595    68.320     0.283   285.767     5.093     1.819
 121.3229167     4.250     0.000     0.257     0.000     0.257    -1.980    -1.980    -1.928    -1.928     0.429     0.429    -0.539    -0.537     0.000     0.000     0.002     0.002    -0.290    -0.290   285.777   285.777    65.833    65.626     0.244   285.797     5.099     2.102
 121.3229167     3.750     0.000     0.223     0.000     0.223    -0.233    -0.233    -0.181    -0.181     0.420     0.420    -0.523    -0.521     0.000     0.000     0.002     0.002    -0.285    -0.285   285.870   285.870    63.505    63.354     0.211   285.830     5.107     2.429
 121.3229167     3.250     0.000     0.189     0.000     0.189     1.165     1.165     1.222     1.222     0.407     0.407    -0.509    -0.508     0.000     0.000     0.002     0.002    -0.280    -0.280   285.958   285.958    61.575    61.469     0.182   285.867     5.116     2.807
 121.3229167     2.750     0.000     0.155     0.000     0.155     2.232     2.232     2.297     2.297     0.391     0.391    -0.498    -0.497     0.000     0.000     0.002     0.002    -0.275    -0.275   286.042   286.042    60.008    59.938     0.157   285.907     5.127     3.244
 121.3229167     2.250     0.000     0.122     0.000     0.122     2.965     2.965     3.044     3.044     0.368     0.368    -0.490    -0.489     0.000     0.000     0.002     0.002    -0.270    -0.270   286.121   286.121    58.773    58.730     0.136   285.952     5.140     3.749
 121.3229167     1.750     0.000     0.091     0.000     0.091     3.362     3.362     3.463     3.463     0.338     0.338    -0.483    -0.483     0.000     0.000     0.002     0.002    -0.265    -0.265   286.194   286.194    57.839    57.815     0.117   286.000     5.155     4.332
 121.3229167     1.250     0.000     0.062     0.000     0.062     3.398     3.398     3.533     3.533     0.297     0.297    -0.479    -0.479     0.000     0.000     0.002     0.002    -0.260    -0.260   286.256   286.256    57.178    57.167     0.101   286.053     5.173     5.007
 121.3229167     0.750     0.000     0.036     0.000     0.036     2.931     2.931     3.123     3.123     0.235     0.235    -0.477    -0.477     0.000     0.000     0.002     0.002    -0.255    -0.255   286.298   286.298    56.761    56.757     0.088   286.111     5.194     5.786
 121.3229167     0.250     0.000     0.000     0.000     0.000  -999.000  -999.000  -999.000  -999.000  -999.000  -999.000  -999.000  -999.000  -999.000  -999.000  -999.000  -999.000  -999.000  -999.000  -999.000  -999.000  -999.000  -999.000     0.076   286.175     5.219     6.686
 121.3437500    22.750     0.000     0.000     0.000     0.000  -999.000  -999.000  -999.000  -999.000  -999.000  -999.000  -999.000  -999.000  -999.000  -999.000  -999.000  -999.000  -999.000  -999.000  -999.000  -999.000  -999.000  -999.000     2.059   284.894     5.164     0.288
 121.3437500    22.250     0.000     0.000     0.000     0.000  -999.000  -999.000  -999.000  -999.000  -999.000  -999.000  -999.000  -999.000  -999.000  -999.000  -999.000  -999.000  -999.000  -999.000  -999.000  -999.000  -999.000  -999.000     2.002   284.854     5.164     0.583
 121.3437500    21.750     0.000     0.000     0.000     0.000  -999.000  -999.000  -999.000  -999.000  -999.000  -999.000  -999.000  -999.000  -999.000  -999.000  -999.000  -999.000  -999.000  -999.000  -999.000  -999.000  -999.000  -999.000     1.945   284.814     5.165     0.592
 121.3437500    21.250     0.000     0.000     0.000     0.000  -999.000  -999.000  -999.000  -999.000  -999.000  -999.000  -999.000  -999.000  -999.000  -999.000  -999.000  -999.000  -999.000  -999.000  -999.000  -999.000  -999.000  -999.000     1.888   284.772     5.165     0.600
 121.3437500    20.750     0.000     0.000     0.000     0.000  -999.000  -999.000  -999.000  -999.000  -999.000  -999.000  -999.000  -999.000  -999.000  -999.000  -999.000  -999.000  -999.000  -999.000  -999.000  -999.000  -999.000  -999.000     1.830   284.730     5.166     0.610
 121.3437500    20.250     0.000     0.000     0.000     0.000  -999.000  -999.000  -999.000  -999.000  -999.000  -999.000  -999.000  -999.000  -999.000  -999.000  -999.000  -999.000  -999.000  -999.000  -999.000  -999.000  -999.000  -999.000     1.772   284.686     5.166     0.619
 121.3437500    19.750     0.000     0.000     0.000     0.000  -999.000  -999.000  -999.000  -999.000  -999.000  -999.000  -999.000  -999.000  -999.000  -999.000  -999.000  -999.000  -999.000  -999.000  -999.000  -999.000  -999.000  -999.000     1.714   284.641     5.167     0.629
 121.3437500    19.250     0.000     0.000     0.000     0.000  -999.000  -999.000  -999.000  -999.000  -999.000  -999.000  -999.000  -999.000  -999.000  -999.000  -999.000  -999.000  -999.000  -999.000  -999.000  -999.000  -999.000  -999.000     1.656   284.595     5.167     0.640
 121.3437500    18.750     0.000     0.000     0.000     0.000  -999.000  -999.000  -999.000  -999.000  -999.000  -999.000  -999.000  -999.000  -999.000  -999.000  -999.000  -999.000  -999.000  -999.000  -999.000  -999.000  -999.000  -999.000     1.597   284.547     5.168     0.651
 121.3437500    18.250     0.000     0.000     0.000     0.000  -999.000  -999.000  -999.000  -999.000  -999.000  -999.000  -999.000  -999.000  -999.000  -999.000  -999.000  -999.000  -999.000  -999.000  -999.000  -999.000  -999.000  -999.000     1.538   284.497     5.169     0.662
 121.3437500    17.750     0.000     0.000     0.000     0.000  -999.000  -999.000  -999.000  -999.000  -999.000  -999.000  -999.000  -999.000  -999.000  -999.000  -999.000  -999.000  -999.000  -999.000  -999.000  -999.000  -999.000  -999.000     1.479   284.445     5.169     0.674
 121.3437500    17.250     0.000     0.000     0.000     0.000  -999.000  -999.000  -999.000  -999.000  -999.000  -999.000  -999.000  -999.000  -999.000  -999.000  -999.000  -999.000  -999.000  -999.000  -999.000  -999.000  -999.000  -999.000     1.419   284.391     5.170     0.687
 121.3437500    16.750     0.000     0.000     0.000     0.000  -999.000  -999.000  -999.000  -999.000  -999.000  -999.000  -999.000  -999.000  -999.000  -999.000  -999.000  -999.000  -999.000  -999.000  -999.000  -999.000  -999.000  -999.000     1.359   284.336     5.171     0.700
 121.3437500    16.250     0.000     0.000     0.000     0.000  -999.000  -999.000  -999.000  -999.000  -999.000  -999.000  -999.000  -999.000  -999.000  -999.000  -999.000  -999.000  -999.000  -999.000  -999.000  -999.000  -999.000  -999.000     1.298   284.278     5.172     0.715
 121.3437500    15.750     0.000     0.000     0.000     0.000  -999.000  -999.000  -999.000  -999.000  -999.000  -999.000  -999.000  -999.000  -999.000  -999.000  -999.000  -999.000  -999.000  -999.000  -999.000  -999.000  -999.000  -999.000     1.237   284.217     5.172     0.730
 121.3437500    15.250     0.000     0.000     0.000     0.000  -999.000  -999.000  -999.000  -999.000  -999.000  -999.000  -999.000  -999.000  -999.000  -999.000  -999.000  -999.000  -999.000  -999.000  -999.000  -999.000  -999.000  -999.000     1.176   284.154     5.173     0.746
 121.3437500    14.750     0.000     0.000     0.000     0.000  -999.000  -999.000  -999.000  -999.000  -999.000  -999.000  -999.000  -999.000  -999.000  -999.000  -999.000  -999.000  -999.000  -999.000  -999.000  -999.000  -999.000  -999.000     1.114   284.089     5.174     0.764
 121.3437500    14.250     0.000     0.000     0.000     0.000  -999.000  -999.000  -999.000  -999.000  -999.000  -999.000  -999.000  -999.000  -999.000  -999.000  -999.000  -999.000  -999.000  -999.000  -999.000  -999.000  -999.000  -999.000     1.051   284.020     5.175     0.783
 121.3437500    13.750     0.000     0.000     0.000     0.000  -999.000  -999.000  -999.000  -999.000  -999.000  -999.000  -999.000  -999.000  -999.000  -999.000  -999.000  -999.000  -999.000  -999.000  -999.000  -999.000  -999.000  -999.000     0.988   283.948     5.176     0.804
 121.3437500    13.250     0.000     0.000     0.000     0.000  -999.000  -999.000  -999.000  -999.000  -999.000  -999.000  -999.000  -999.000  -999.000  -999.000  -999.000  -999.000  -999.000  -999.000  -999.000  -999.000  -999.000  -999.000     0.923   283.873     5.177     0.827
 121.3437500    12.750     0.000     0.000     0.000     0.000  -999.000  -999.000  -999.000  -999.000  -999.000  -999.000  -999.000  -999.000  -999.000  -999.000  -999.000  -999.000  -999.000  -999.000  -999.000  -999.000  -999.000  -999.000     0.857   283.795     5.178     0.853
 121.3437500    12.250     0.000     0.000     0.000     0.000  -999.000  -999.000  -999.000  -999.000  -999.000  -999.000  -999.000  -999.000  -999.000  -999.000  -999.000  -999.000  -999.000  -999.000  -999.000  -999.000  -999.000  -999.000     0.790   283.712     5.179     0.883
 121.3437500    11.750     0.000     0.000     0.000     0.000  -999.000  -999.000  -999.000  -999.000  -999.000  -999.000  -999.000  -999.000  -999.000  -999.000  -999.000  -999.000  -999.000  -999.000  -999.000  -999.000  -999.000  -999.000     0.720   283.624     5.180     0.920
 121.3437500    11.250     0.000     0.000     0.000     0.000  -999.000  -999.000  -999.000  -999.000  -999.000  -999.000  -999.000  -999.000  -999.000  -999.000  -999.000  -999.000  -999.000  -999.000  -999.000  -999.000  -999.000  -999.000     0.647   283.530     5.181     0.965
 121.3437500    10.750     0.000     0.000     0.000     0.000  -999.000  -999.000  -999.000  -999.000  -999.000  -999.000  -999.000  -999.000  -999.000  -999.000  -999.000  -999.000  -999.000  -999.000  -999.000  -999.000  -999.000  -999.000     0.569   283.428     5.182     1.023
 121.3437500    10.250     0.000     0.000     0.000     0.000  -999.000  -999.000  -999.000  -999.000  -999.000  -999.000  -999.000  -999.000  -999.000  -999.000  -999.000  -999.000  -999.000  -999.000  -999.000  -999.000  -999.000  -999.000     0.481   283.314     5.184     1.105
 121.3437500     9.750     0.581     0.304     0.177     0.127   -59.207   -59.207   -58.254   -58.254     0.294     0.294    -0.830    -0.821     0.000     0.000     0.002     0.002    -0.344    -0.344   281.727   281.727   122.789   121.512     0.381   283.174     5.185     1.252
 121.3437500     9.250     0.147     0.413     0.061     0.352   -50.101   -50.101   -49.109   -49.109     0.293     0.293    -0.792    -0.785     0.000     0.000     0.002     0.002    -0.339    -0.339   281.699   281.699   116.918   115.838     0.297   283.044     5.187     1.456
 121.3437500     8.750     0.027     0.446     0.012     0.434   -40.488   -40.488   -39.485   -39.485     0.296     0.296    -0.749    -0.742     0.000     0.000     0.002     0.002    -0.334    -0.334   281.764   281.764   109.915   108.886     0.232   282.947     5.190     1.712
 121.3437500     8.250     0.005     0.454     0.002     0.452   -31.987   -31.987   -30.997   -30.997     0.299     0.299    -0.707    -0.701     0.000     0.000     0.002     0.002    -0.329    -0.329   281.888   281.888   102.927   101.954     0.181   282.895     5.193     2.012
 121.3437500     7.750     0.001     0.448     0.000     0.447   -24.805   -24.805   -23.852   -23.852     0.304     0.304    -0.668    -0.661     0.000     0.000     0.002     0.002    -0.324    -0.324   282.066   282.066    96.318    95.434     0.141   282.895     5.197     2.363
 121.3437500     7.250     0.000     0.432     0.000     0.432   -18.855   -18.855   -17.960   -17.960     0.308     0.308    -0.631    -0.626     0.000     0.000     0.002     0.002    -0.320    -0.320   282.293   282.293    90.243    89.468     0.110   282.950     5.202     2.774
 121.3437500     6.750     0.000     0.411     0.000     0.411   -13.971   -13.971   -13.153   -13.153     0.313     0.313    -0.599    -0.594     0.000     0.000     0.002     0.002    -0.315    -0.315   282.563   282.563    84.761    84.100     0.086   283.059     5.208     3.256
 121.3437500     6.250     0.000     0.385     0.000     0.385    -9.982    -9.982    -9.256    -9.256     0.318     0.318    -0.571    -0.567     0.000     0.000     0.002     0.002    -0.310    -0.310   282.869   282.869    79.879    79.329     0.067   283.219     5.215     3.819
 121.3437500     5.750     0.000     0.356     0.000     0.356    -6.738    -6.738    -6.115    -6.115     0.323     0.323    -0.546    -0.543     0.000     0.000     0.002     0.002    -0.305    -0.305   283.201   283.201    75.580    75.133     0.053   283.421     5.224     4.479
 121.3437500     5.250     0.000     0.324     0.000     0.324    -4.121    -4.121    -3.604    -3.604     0.327     0.327    -0.525    -0.523     0.000     0.000     0.002     0.002    -0.300    -0.300   283.545   283.545    71.831    71.476     0.041   283.657     5.236     5.251
 121.3437500     4.750     0.000     0.291     0.000     0.291    -2.039    -2.039    -1.628    -1.628     0.329     0.329    -0.508    -0.506     0.000     0.000     0.002     0.002    -0.295    -0.295   283.891   283.891    68.595    68.320     0.032   283.915     5.250     6.153
 121.3437500     4.250     0.000     0.257     0.000     0.257    -0.397    -0.397    -0.081    -0.081     0.330     0.330    -0.493    -0.491     0.000     0.000     0.002     0.002    -0.290    -0.290   284.215   284.215    65.833    65.626     0.025   284.185     5.269     7.209
 121.3437500     3.750     0.000     0.223     0.000     0.223     0.895     0.895     1.128     1.128     0.328     0.328    -0.481    -0.480     0.000     0.000     0.002     0.002    -0.285    -0.285   284.513   284.513    63.505    63.354     0.020   284.457     5.293     8.443
 121.3437500     3.250     0.000     0.189     0.000     0.189     1.839     1.839     2.001     2.001     0.323     0.323    -0.471    -0.470     0.000     0.000     0.002     0.002    -0.280    -0.280   284.787   284.787    61.575    61.469     0.015   284.725     5.327     9.886
 121.3437500     2.750     0.000     0.155     0.000     0.155     2.428     2.428     2.530     2.530     0.313     0.313    -0.464    -0.463     0.000     0.000     0.002     0.002    -0.276    -0.276   285.040   285.040    60.008    59.938     0.012   284.991     5.375    11.572
 121.3437500     2.250     0.000     0.122     0.000     0.122     2.650     2.650     2.699     2.699     0.297     0.297    -0.458    -0.458     0.000     0.000     0.002     0.002    -0.271    -0.271   285.282   285.282    58.773    58.730     0.009   285.269     5.450    13.544
 121.3437500     1.750     0.000     0.091     0.000     0.091     2.466     2.466     2.467     2.467     0.274     0.274    -0.456    -0.455     0.000     0.000     0.002     0.002    -0.266    -0.266   285.527   285.527    57.839    57.815     0.007   285.601     5.576    15.847
 121.3437500     1.250     0.000     0.062     0.000     0.062     1.803     1.803     1.731     1.731     0.240     0.240    -0.455    -0.455     0.000     0.000     0.002     0.002    -0.261    -0.261   285.849   285.849    57.178    57.167     0.006   286.085     5.810    18.538
 121.3437500     0.750     0.000     0.036     0.000     0.036     0.600     0.600     0.388     0.388     0.189     0.189    -0.457    -0.457     0.000     0.000     0.002     0.002    -0.255    -0.255   286.352   286.352    56.761    56.757     0.004   286.828     6.225    21.650
 121.3437500     0.250     0.000     0.000     0.000     0.000  -999.000  -999.000  -999.000  -999.000  -999.000  -999.000  -999.000  -999.000  -999.000  -999.000  -999.000  -999.000  -999.000  -999.000  -999.000  -999.000  -999.000  -999.000     0.003   287.928     6.908    25.227
 121.3645833    22.750     0.000     0.000     0.000     0.000  -999.000  -999.000  -999.000  -999.000  -999.000  -999.000  -999.000  -999.000  -999.000  -999.000  -999.000  -999.000  -999.000  -999.000  -999.000  -999.000  -999.000  -999.000     2.249   284.275     5.160     2.412
 121.3645833    22.250     0.000     0.000     0.000     0.000  -999.000  -999.000  -999.000  -999.000  -999.000  -999.000  -999.000  -999.000  -999.000  -999.000  -999.000  -999.000  -999.000  -999.000  -999.000  -999.000  -999.000  -999.000     2.187   284.192     5.161     4.836
 121.3645833    21.750     0.000     0.000     0.000     0.000  -999.000  -999.000  -999.000  -999.000  -999.000  -999.000  -999.000  -999.000  -999.000  -999.000  -999.000  -999.000  -999.000  -999.000  -999.000  -999.000  -999.000  -999.000     2.124   284.108     5.163     4.853
 121.3645833    21.250     0.000     0.000     0.000     0.000  -999.000  -999.000  -999.000  -999.000  -999.000  -999.000  -999.000  -999.000  -999.000  -999.000  -999.000  -999.000  -999.000  -999.000  -999.000  -999.000  -999.000  -999.000     2.062   284.022     5.165     4.871
 121.3645833    20.750     0.000     0.000     0.000     0.000  -999.000  -999.000  -999.000  -999.000  -999.000  -999.000  -999.000  -999.000  -999.000  -999.000  -999.000  -999.000  -999.000  -999.000  -999.000  -999.000  -999.000  -999.000     1.999   283.936     5.167     4.888
 121.3645833    20.250     0.000     0.000     0.000     0.000  -999.000  -999.000  -999.000  -999.000  -999.000  -999.000  -999.000  -999.000  -999.000  -999.000  -999.000  -999.000  -999.000  -999.000  -999.000  -999.000  -999.000  -999.000     1.936   283.848     5.169     4.906
 121.3645833    19.750     0.000     0.000     0.000     0.000  -999.000  -999.000  -999.000  -999.000  -999.000  -999.000  -999.000  -999.000  -999.000  -999.000  -999.000  -999.000  -999.000  -999.000  -999.000  -999.000  -999.000  -999.000     1.872   283.758     5.170     4.924
 121.3645833    19.250     0.000     0.000     0.000     0.000  -999.000  -999.000  -999.000  -999.000  -999.000  -999.000  -999.000  -999.000  -999.000  -999.000  -999.000  -999.000  -999.000  -999.000  -999.000  -999.000  -999.000  -999.000     1.809   283.668     5.172     4.942
 121.3645833    18.750     0.000     0.000     0.000     0.000  -999.000  -999.000  -999.000  -999.000  -999.000  -999.000  -999.000  -999.000  -999.000  -999.000  -999.000  -999.000  -999.000  -999.000  -999.000  -999.000  -999.000  -999.000     1.745   283.576     5.174     4.960
 121.3645833    18.250     0.000     0.000     0.000     0.000  -999.000  -999.000  -999.000  -999.000  -999.000  -999.000  -999.000  -999.000  -999.000  -999.000  -999.000  -999.000  -999.000  -999.000  -999.000  -999.000  -999.000  -999.000     1.680   283.483     5.176     4.978
 121.3645833    17.750     0.000     0.000     0.000     0.000  -999.000  -999.000  -999.000  -999.000  -999.000  -999.000  -999.000  -999.000  -999.000  -999.000  -999.000  -999.000  -999.000  -999.000  -999.000  -999.000  -999.000  -999.000     1.615   283.388     5.177     4.996
 121.3645833    17.250     0.000     0.000     0.000     0.000  -999.000  -999.000  -999.000  -999.000  -999.000  -999.000  -999.000  -999.000  -999.000  -999.000  -999.000  -999.000  -999.000  -999.000  -999.000  -999.000  -999.000  -999.000     1.550   283.292     5.179     5.014
 121.3645833    16.750     0.000     0.000     0.000     0.000  -999.000  -999.000  -999.000  -999.000  -999.000  -999.000  -999.000  -999.000  -999.000  -999.000  -999.000  -999.000  -999.000  -999.000  -999.000  -999.000  -999.000  -999.000     1.484   283.195     5.181     5.032
 121.3645833    16.250     0.000     0.000     0.000     0.000  -999.000  -999.000  -999.000  -999.000  -999.000  -999.000  -999.000  -999.000  -999.000  -999.000  -999.000  -999.000  -999.000  -999.000  -999.000  -999.000  -999.000  -999.000     1.418   283.097     5.183     5.050
 121.3645833    15.750     0.000     0.000     0.000     0.000  -999.000  -999.000  -999.000  -999.000  -999.000  -999.000  -999.000  -999.000  -999.000  -999.000  -999.000  -999.000  -999.000  -999.000  -999.000  -999.000  -999.000  -999.000     1.352   282.997     5.184     5.068
 121.3645833    15.250     0.000     0.000     0.000     0.000  -999.000  -999.000  -999.000  -999.000  -999.000  -999.000  -999.000  -999.000  -999.000  -999.000  -999.000  -999.000  -999.000  -999.000  -999.000  -999.000  -999.000  -999.000     1.284   282.896     5.186     5.087
 121.3645833    14.750     0.000     0.000     0.000     0.000  -999.000  -999.000  -999.000  -999.000  -999.000  -999.000  -999.000  -999.000  -999.000  -999.000  -999.000  -999.000  -999.000  -999.000  -999.000  -999.000  -999.000  -999.000     1.217   282.793     5.188     5.106
 121.3645833    14.250     0.000     0.000     0.000     0.000  -999.000  -999.000  -999.000  -999.000  -999.000  -999.000  -999.000  -999.000  -999.000  -999.000  -999.000  -999.000  -999.000  -999.000  -999.000  -999.000  -999.000  -999.000     1.148   282.689     5.190     5.128
 121.3645833    13.750     0.000     0.000     0.000     0.000  -999.000  -999.000  -999.000  -999.000  -999.000  -999.000  -999.000  -999.000  -999.000  -999.000  -999.000  -999.000  -999.000  -999.000  -999.000  -999.000  -999.000  -999.000     1.079   282.584     5.192     5.153
 121.3645833    13.250     0.000     0.000     0.000     0.000  -999.000  -999.000  -999.000  -999.000  -999.000  -999.000  -999.000  -999.000  -999.000  -999.000  -999.000  -999.000  -999.000  -999.000  -999.000  -999.000  -999.000  -999.000     1.008   282.477     5.193     5.185
 121.3645833    12.750     0.000     0.000     0.000     0.000  -999.000  -999.000  -999.000  -999.000  -999.000  -999.000  -999.000  -999.000  -999.000  -999.000  -999.000  -999.000  -999.000  -999.000  -999.000  -999.000  -999.000  -999.000     0.937   282.369     5.195     5.226
 121.3645833    12.250     0.000     0.000     0.000     0.000  -999.000  -999.000  -999.000  -999.000  -999.000  -999.000  -999.000  -999.000  -999.000  -999.000  -999.000  -999.000  -999.000  -999.000  -999.000  -999.000  -999.000  -999.000     0.863   282.258     5.197     5.284
 121.3645833    11.750     0.000     0.000     0.000     0.000  -999.000  -999.000  -999.000  -999.000  -999.000  -999.000  -999.000  -999.000  -999.000  -999.000  -999.000  -999.000  -999.000  -999.000  -999.000  -999.000  -999.000  -999.000     0.787   282.145     5.199     5.373
 121.3645833    11.250     0.000     0.000     0.000     0.000  -999.000  -999.000  -999.000  -999.000  -999.000  -999.000  -999.000  -999.000  -999.000  -999.000  -999.000  -999.000  -999.000  -999.000  -999.000  -999.000  -999.000  -999.000     0.707   282.027     5.201     5.513
 121.3645833    10.750     0.000     0.000     0.000     0.000  -999.000  -999.000  -999.000  -999.000  -999.000  -999.000  -999.000  -999.000  -999.000  -999.000  -999.000  -999.000  -999.000  -999.000  -999.000  -999.000  -999.000  -999.000     0.622   281.904     5.203     5.756
 121.3645833    10.250     0.000     0.000     0.000     0.000  -999.000  -999.000  -999.000  -999.000  -999.000  -999.000  -999.000  -999.000  -999.000  -999.000  -999.000  -999.000  -999.000  -999.000  -999.000  -999.000  -999.000  -999.000     0.526   281.771     5.206     6.220
 121.3645833     9.750     0.581     0.304     0.177     0.127   -52.516   -52.516   -52.032   -52.032     0.138     0.138    -0.683    -0.676     0.000     0.000     0.002     0.002    -0.344    -0.344   280.222   280.222   122.789   121.512     0.416   281.613     5.208     7.297
 121.3645833     9.250     0.147     0.413     0.061     0.352   -43.066   -43.066   -42.568   -42.568     0.135     0.135    -0.649    -0.643     0.000     0.000     0.002     0.002    -0.339    -0.339   280.170   280.170   116.918   115.838     0.325   281.462     5.212     9.269
 121.3645833     8.750     0.027     0.446     0.012     0.434   -33.401   -33.401   -32.893   -32.893     0.136     0.136    -0.612    -0.606     0.000     0.000     0.002     0.002    -0.334    -0.334   280.207   280.207   109.915   108.886     0.254   281.340     5.216    11.874
 121.3645833     8.250     0.005     0.454     0.002     0.452   -24.984   -24.984   -24.470   -24.470     0.140     0.140    -0.578    -0.572     0.000     0.000     0.002     0.002    -0.329    -0.329   280.306   280.306   102.927   101.954     0.198   281.260     5.222    15.210
 121.3645833     7.750     0.001     0.448     0.000     0.447   -18.013   -18.013   -17.496   -17.496     0.146     0.146    -0.547    -0.542     0.000     0.000     0.002     0.002    -0.324    -0.324   280.462   280.462    96.318    95.434     0.154   281.232     5.230    19.484
 121.3645833     7.250     0.000     0.432     0.000     0.432   -12.416   -12.416   -11.903   -11.903     0.156     0.156    -0.521    -0.517     0.000     0.000     0.002     0.002    -0.319    -0.319   280.676   280.676    90.243    89.468     0.121   281.261     5.239    24.958
 121.3645833     6.750     0.000     0.411     0.000     0.411    -8.047    -8.047    -7.545    -7.545     0.167     0.167    -0.499    -0.495     0.000     0.000     0.002     0.002    -0.314    -0.314   280.946   280.946    84.761    84.100     0.094   281.351     5.251    31.971
 121.3645833     6.250     0.000     0.385     0.000     0.385    -4.748    -4.748    -4.265    -4.265     0.180     0.180    -0.482    -0.478     0.000     0.000     0.002     0.002    -0.310    -0.310   281.268   281.268    79.879    79.329     0.074   281.504     5.268    40.955
 121.3645833     5.750     0.000     0.356     0.000     0.356    -2.367    -2.367    -1.913    -1.913     0.194     0.194    -0.467    -0.465     0.000     0.000     0.002     0.002    -0.305    -0.305   281.636   281.636    75.580    75.133     0.057   281.718     5.289    52.462
 121.3645833     5.250     0.000     0.324     0.000     0.324    -0.769    -0.769    -0.352    -0.352     0.208     0.208    -0.457    -0.454     0.000     0.000     0.002     0.002    -0.300    -0.300   282.032   282.032    71.831    71.476     0.045   281.989     5.316    67.203
 121.3645833     4.750     0.000     0.291     0.000     0.291     0.256     0.256     0.637     0.637     0.221     0.221    -0.448    -0.446     0.000     0.000     0.002     0.002    -0.295    -0.295   282.435   282.435    68.595    68.320     0.035   282.314     5.353    86.085
 121.3645833     4.250     0.000     0.257     0.000     0.257     0.799     0.799     1.134     1.134     0.232     0.232    -0.442    -0.441     0.000     0.000     0.002     0.002    -0.290    -0.290   282.844   282.844    65.833    65.626     0.027   282.686     5.404   110.274
 121.3645833     3.750     0.000     0.223     0.000     0.223     0.873     0.873     1.153     1.153     0.239     0.239    -0.438    -0.437     0.000     0.000     0.002     0.002    -0.285    -0.285   283.258   283.258    63.505    63.354     0.021   283.099     5.474   141.258
 121.3645833     3.250     0.000     0.189     0.000     0.189     0.491     0.491     0.709     0.709     0.242     0.242    -0.436    -0.435     0.000     0.000     0.002     0.002    -0.280    -0.280   283.675   283.675    61.575    61.469     0.017   283.551     5.572   180.949
 121.3645833     2.750     0.000     0.155     0.000     0.155    -0.326    -0.326    -0.175    -0.175     0.238     0.238    -0.435    -0.435     0.000     0.000     0.002     0.002    -0.276    -0.276   284.098   284.098    60.008    59.938     0.013   284.047     5.712   231.792
 121.3645833     2.250     0.000     0.122     0.000     0.122    -1.602    -1.602    -1.516    -1.516     0.227     0.227    -0.437    -0.437     0.000     0.000     0.002     0.002    -0.271    -0.271   284.524   284.524    58.773    58.730     0.010   284.606     5.916   296.921
 121.3645833     1.750     0.000     0.091     0.000     0.091    -3.530    -3.530    -3.510    -3.510     0.206     0.206    -0.442    -0.442     0.000     0.000     0.002     0.002    -0.266    -0.266   284.983   284.983    57.839    57.815     0.008   285.263     6.216   380.349
 121.3645833     1.250     0.000     0.062     0.000     0.062    -6.235    -6.235    -6.275    -6.275     0.172     0.172    -0.451    -0.451     0.000     0.000     0.002     0.002    -0.261    -0.261   285.528   285.528    57.178    57.167     0.006   286.066     6.651   473.689
 121.3645833     0.750     0.000     0.036     0.000     0.036    -8.779    -8.779    -8.852    -8.852     0.128     0.128    -0.467    -0.467     0.000     0.000     0.002     0.002    -0.255    -0.255   286.219   286.219    56.761    56.757     0.005   287.016     7.238   500.495
 121.3645833     0.250     0.000     0.000     0.000     0.000  -999.000  -999.000  -999.000  -999.000  -999.000  -999.000  -999.000  -999.000  -999.000  -999.000  -999.000  -999.000  -999.000  -999.000  -999.000  -999.000  -999.000  -999.000     0.004   287.981     7.903   500.495
 121.3854167    22.750     0.000     0.000     0.000     0.000  -999.000  -999.000  -999.000  -999.000  -999.000  -999.000  -999.000  -999.000  -999.000  -999.000  -999.000  -999.000  -999.000  -999.000  -999.000  -999.000  -999.000  -999.000     3.436   283.637     5.026     1.252
 121.3854167    22.250     0.000     0.000     0.000     0.000  -999.000  -999.000  -999.000  -999.000  -999.000  -999.000  -999.000  -999.000  -999.000  -999.000  -999.000  -999.000  -999.000  -999.000  -999.000  -999.000  -999.000  -999.000     3.352   283.578     5.033     2.512
 121.3854167    21.750     0.000     0.000     0.000     0.000  -999.000  -999.000  -999.000  -999.000  -999.000  -999.000  -999.000  -999.000  -999.000  -999.000  -999.000  -999.000  -999.000  -999.000  -999.000  -999.000  -999.000  -999.000     3.268   283.520     5.039     2.523
 121.3854167    21.250     0.000     0.000     0.000     0.000  -999.000  -999.000  -999.000  -999.000  -999.000  -999.000  -999.000  -999.000  -999.000  -999.000  -999.000  -999.000  -999.000  -999.000  -999.000  -999.000  -999.000  -999.000     3.184   283.460     5.046     2.533
 121.3854167    20.750     0.000     0.000     0.000     0.000  -999.000  -999.000  -999.000  -999.000  -999.000  -999.000  -999.000  -999.000  -999.000  -999.000  -999.000  -999.000  -999.000  -999.000  -999.000  -999.000  -999.000  -999.000     3.099   283.401     5.052     2.544
 121.3854167    20.250     0.000     0.000     0.000     0.000  -999.000  -999.000  -999.000  -999.000  -999.000  -999.000  -999.000  -999.000  -999.000  -999.000  -999.000  -999.000  -999.000  -999.000  -999.000  -999.000  -999.000  -999.000     3.013   283.341     5.059     2.555
 121.3854167    19.750     0.000     0.000     0.000     0.000  -999.000  -999.000  -999.000  -999.000  -999.000  -999.000  -999.000  -999.000  -999.000  -999.000  -999.000  -999.000  -999.000  -999.000  -999.000  -999.000  -999.000  -999.000     2.926   283.280     5.065     2.566
 121.3854167    19.250     0.000     0.000     0.000     0.000  -999.000  -999.000  -999.000  -999.000  -999.000  -999.000  -999.000  -999.000  -999.000  -999.000  -999.000  -999.000  -999.000  -999.000  -999.000  -999.000  -999.000  -999.000     2.839   283.220     5.071     2.577
 121.3854167    18.750     0.000     0.000     0.000     0.000  -999.000  -999.000  -999.000  -999.000  -999.000  -999.000  -999.000  -999.000  -999.000  -999.000  -999.000  -999.000  -999.000  -999.000  -999.000  -999.000  -999.000  -999.000     2.751   283.159     5.078     2.589
 121.3854167    18.250     0.000     0.000     0.000     0.000  -999.000  -999.000  -999.000  -999.000  -999.000  -999.000  -999.000  -999.000  -999.000  -999.000  -999.000  -999.000  -999.000  -999.000  -999.000  -999.000  -999.000  -999.000     2.663   283.097     5.084     2.600
 121.3854167    17.750     0.000     0.000     0.000     0.000  -999.000  -999.000  -999.000  -999.000  -999.000  -999.000  -999.000  -999.000  -999.000  -999.000  -999.000  -999.000  -999.000  -999.000  -999.000  -999.000  -999.000  -999.000     2.573   283.036     5.090     2.612
 121.3854167    17.250     0.000     0.000     0.000     0.000  -999.000  -999.000  -999.000  -999.000  -999.000  -999.000  -999.000  -999.000  -999.000  -999.000  -999.000  -999.000  -999.000  -999.000  -999.000  -999.000  -999.000  -999.000     2.483   282.974     5.096     2.624
 121.3854167    16.750     0.000     0.000     0.000     0.000  -999.000  -999.000  -999.000  -999.000  -999.000  -999.000  -999.000  -999.000  -999.000  -999.000  -999.000  -999.000  -999.000  -999.000  -999.000  -999.000  -999.000  -999.000     2.391   282.912     5.102     2.636
 121.3854167    16.250     0.000     0.000     0.000     0.000  -999.000  -999.000  -999.000  -999.000  -999.000  -999.000  -999.000  -999.000  -999.000  -999.000  -999.000  -999.000  -999.000  -999.000  -999.000  -999.000  -999.000  -999.000     2.299   282.850     5.108     2.649
 121.3854167    15.750     0.000     0.000     0.000     0.000  -999.000  -999.000  -999.000  -999.000  -999.000  -999.000  -999.000  -999.000  -999.000  -999.000  -999.000  -999.000  -999.000  -999.000  -999.000  -999.000  -999.000  -999.000     2.205   282.788     5.114     2.662
 121.3854167    15.250     0.000     0.000     0.000     0.000  -999.000  -999.000  -999.000  -999.000  -999.000  -999.000  -999.000  -999.000  -999.000  -999.000  -999.000  -999.000  -999.000  -999.000  -999.000  -999.000  -999.000  -999.000     2.110   282.726     5.120     2.676
 121.3854167    14.750     0.000     0.000     0.000     0.000  -999.000  -999.000  -999.000  -999.000  -999.000  -999.000  -999.000  -999.000  -999.000  -999.000  -999.000  -999.000  -999.000  -999.000  -999.000  -999.000  -999.000  -999.000     2.013   282.663     5.126     2.691
 121.3854167    14.250     0.000     0.000     0.000     0.000  -999.000  -999.000  -999.000  -999.000  -999.000  -999.000  -999.000  -999.000  -999.000  -999.000  -999.000  -999.000  -999.000  -999.000  -999.000  -999.000  -999.000  -999.000     1.914   282.600     5.131     2.708
 121.3854167    13.750     0.000     0.000     0.000     0.000  -999.000  -999.000  -999.000  -999.000  -999.000  -999.000  -999.000  -999.000  -999.000  -999.000  -999.000  -999.000  -999.000  -999.000  -999.000  -999.000  -999.000  -999.000     1.814   282.538     5.137     2.727
 121.3854167    13.250     0.000     0.000     0.000     0.000  -999.000  -999.000  -999.000  -999.000  -999.000  -999.000  -999.000  -999.000  -999.000  -999.000  -999.000  -999.000  -999.000  -999.000  -999.000  -999.000  -999.000  -999.000     1.710   282.474     5.143     2.750
 121.3854167    12.750     0.000     0.000     0.000     0.000  -999.000  -999.000  -999.000  -999.000  -999.000  -999.000  -999.000  -999.000  -999.000  -999.000  -999.000  -999.000  -999.000  -999.000  -999.000  -999.000  -999.000  -999.000     1.604   282.411     5.149     2.780
 121.3854167    12.250     0.000     0.000     0.000     0.000  -999.000  -999.000  -999.000  -999.000  -999.000  -999.000  -999.000  -999.000  -999.000  -999.000  -999.000  -999.000  -999.000  -999.000  -999.000  -999.000  -999.000  -999.000     1.494   282.346     5.155     2.820
 121.3854167    11.750     0.000     0.000     0.000     0.000  -999.000  -999.000  -999.000  -999.000  -999.000  -999.000  -999.000  -999.000  -999.000  -999.000  -999.000  -999.000  -999.000  -999.000  -999.000  -999.000  -999.000  -999.000     1.378   282.281     5.161     2.878
 121.3854167    11.250     0.000     0.000     0.000     0.000  -999.000  -999.000  -999.000  -999.000  -999.000  -999.000  -999.000  -999.000  -999.000  -999.000  -999.000  -999.000  -999.000  -999.000  -999.000  -999.000  -999.000  -999.000     1.254   282.214     5.167     2.964
 121.3854167    10.750     0.000     0.000     0.000     0.000  -999.000  -999.000  -999.000  -999.000  -999.000  -999.000  -999.000  -999.000  -999.000  -999.000  -999.000  -999.000  -999.000  -999.000  -999.000  -999.000  -999.000  -999.000     1.120   282.144     5.173     3.108
 121.3854167    10.250     0.000     0.000     0.000     0.000  -999.000  -999.000  -999.000  -999.000  -999.000  -999.000  -999.000  -999.000  -999.000  -999.000  -999.000  -999.000  -999.000  -999.000  -999.000  -999.000  -999.000  -999.000     0.967   282.069     5.180     3.370
 121.3854167     9.750     0.581     0.304     0.177     0.127   -55.340   -55.340   -55.729   -55.729     0.128     0.128    -0.676    -0.668     0.000     0.000     0.002     0.002    -0.344    -0.344   280.851   280.851   122.789   121.512     0.790   281.983     5.188     3.946
 121.3854167     9.250     0.147     0.413     0.061     0.352   -45.809   -45.809   -46.212   -46.212     0.124     0.124    -0.641    -0.635     0.000     0.000     0.002     0.002    -0.339    -0.339   280.842   280.842   116.918   115.838     0.639   281.899     5.197     4.962
 121.3854167     8.750     0.027     0.446     0.012     0.434   -35.872   -35.872   -36.278   -36.278     0.124     0.124    -0.604    -0.599     0.000     0.000     0.002     0.002    -0.334    -0.334   280.888   280.888   109.915   108.886     0.517   281.828     5.209     6.284
 121.3854167     8.250     0.005     0.454     0.002     0.452   -27.091   -27.091   -27.488   -27.488     0.126     0.126    -0.569    -0.564     0.000     0.000     0.002     0.002    -0.329    -0.329   280.963   280.963   102.927   101.954     0.418   281.773     5.224     7.957
 121.3854167     7.750     0.001     0.448     0.000     0.447   -19.679   -19.679   -20.056   -20.056     0.129     0.129    -0.537    -0.532     0.000     0.000     0.002     0.002    -0.324    -0.324   281.062   281.062    96.318    95.434     0.338   281.739     5.241    10.072
 121.3854167     7.250     0.000     0.432     0.000     0.432   -13.575   -13.575   -13.920   -13.920     0.133     0.133    -0.509    -0.505     0.000     0.000     0.002     0.002    -0.320    -0.320   281.187   281.187    90.243    89.468     0.273   281.731     5.263    12.746
 121.3854167     6.750     0.000     0.411     0.000     0.411    -8.645    -8.645    -8.947    -8.947     0.140     0.140    -0.485    -0.481     0.000     0.000     0.002     0.002    -0.315    -0.315   281.339   281.339    84.761    84.100     0.221   281.751     5.289    16.127
 121.3854167     6.250     0.000     0.385     0.000     0.385    -4.755    -4.755    -5.007    -5.007     0.147     0.147    -0.465    -0.462     0.000     0.000     0.002     0.002    -0.310    -0.310   281.521   281.521    79.879    79.329     0.179   281.802     5.322    20.398
 121.3854167     5.750     0.000     0.356     0.000     0.356    -1.789    -1.789    -1.985    -1.985     0.155     0.155    -0.449    -0.446     0.000     0.000     0.002     0.002    -0.305    -0.305   281.733   281.733    75.580    75.133     0.145   281.887     5.363    25.794
 121.3854167     5.250     0.000     0.324     0.000     0.324     0.367     0.367     0.226     0.226     0.164     0.164    -0.436    -0.434     0.000     0.000     0.002     0.002    -0.300    -0.300   281.976   281.976    71.831    71.476     0.117   282.010     5.414    32.610
 121.3854167     4.750     0.000     0.291     0.000     0.291     1.898     1.898     1.808     1.808     0.172     0.172    -0.427    -0.425     0.000     0.000     0.002     0.002    -0.295    -0.295   282.239   282.239    68.595    68.320     0.095   282.172     5.476    41.214
 121.3854167     4.250     0.000     0.257     0.000     0.257     2.783     2.783     2.738     2.738     0.178     0.178    -0.419    -0.418     0.000     0.000     0.002     0.002    -0.290    -0.290   282.522   282.522    65.833    65.626     0.077   282.379     5.555    52.076
 121.3854167     3.750     0.000     0.223     0.000     0.223     3.066     3.066     3.063     3.063     0.181     0.181    -0.415    -0.414     0.000     0.000     0.002     0.002    -0.285    -0.285   282.828   282.828    63.505    63.354     0.062   282.633     5.653    65.781
 121.3854167     3.250     0.000     0.189     0.000     0.189     2.719     2.719     2.754     2.754     0.181     0.181    -0.413    -0.412     0.000     0.000     0.002     0.002    -0.280    -0.280   283.154   283.154    61.575    61.469     0.050   282.940     5.775    83.071
 121.3854167     2.750     0.000     0.155     0.000     0.155     1.725     1.725     1.793     1.793     0.177     0.177    -0.413    -0.413     0.000     0.000     0.002     0.002    -0.276    -0.276   283.507   283.507    60.008    59.938     0.040   283.309     5.928   104.876
 121.3854167     2.250     0.000     0.122     0.000     0.122     0.099     0.099     0.201     0.201     0.166     0.166    -0.416    -0.416     0.000     0.000     0.002     0.002    -0.271    -0.271   283.877   283.877    58.773    58.730     0.033   283.748     6.119   132.368
 121.3854167     1.750     0.000     0.091     0.000     0.091    -2.114    -2.114    -1.971    -1.971     0.149     0.149    -0.422    -0.422     0.000     0.000     0.002     0.002    -0.266    -0.266   284.277   284.277    57.839    57.815     0.026   284.269     6.352   167.019
 121.3854167     1.250     0.000     0.062     0.000     0.062    -4.946    -4.946    -4.727    -4.727     0.124     0.124    -0.432    -0.432     0.000     0.000     0.002     0.002    -0.261    -0.261   284.698   284.698    57.178    57.167     0.021   284.881     6.631   210.681
 121.3854167     0.750     0.000     0.036     0.000     0.036    -7.864    -7.864    -7.538    -7.538     0.093     0.093    -0.447    -0.447     0.000     0.000     0.002     0.002    -0.256    -0.256   285.206   285.206    56.761    56.757     0.017   285.580     6.950   265.682
 121.3854167     0.250     0.000     0.000     0.000     0.000  -999.000  -999.000  -999.000  -999.000  -999.000  -999.000  -999.000  -999.000  -999.000  -999.000  -999.000  -999.000  -999.000  -999.000  -999.000  -999.000  -999.000  -999.000     0.014   286.329     7.279   325.014
 121.4062500    22.750     0.000     0.000     0.000     0.000  -999.000  -999.000  -999.000  -999.000  -999.000  -999.000  -999.000  -999.000  -999.000  -999.000  -999.000  -999.000  -999.000  -999.000  -999.000  -999.000  -999.000  -999.000     3.754   283.173     4.770     0.112
 121.4062500    22.250     0.000     0.000     0.000     0.000  -999.000  -999.000  -999.000  -999.000  -999.000  -999.000  -999.000  -999.000  -999.000  -999.000  -999.000  -999.000  -999.000  -999.000  -999.000  -999.000  -999.000  -999.000     3.702   283.167     4.771     0.227
 121.4062500    21.750     0.000     0.000     0.000     0.000  -999.000  -999.000  -999.000  -999.000  -999.000  -999.000  -999.000  -999.000  -999.000  -999.000  -999.000  -999.000  -999.000  -999.000  -999.000  -999.000  -999.000  -999.000     3.649   283.161     4.772     0.231
 121.4062500    21.250     0.000     0.000     0.000     0.000  -999.000  -999.000  -999.000  -999.000  -999.000  -999.000  -999.000  -999.000  -999.000  -999.000  -999.000  -999.000  -999.000  -999.000  -999.000  -999.000  -999.000  -999.000     3.595   283.155     4.773     0.235
 121.4062500    20.750     0.000     0.000     0.000     0.000  -999.000  -999.000  -999.000  -999.000  -999.000  -999.000  -999.000  -999.000  -999.000  -999.000  -999.000  -999.000  -999.000  -999.000  -999.000  -999.000  -999.000  -999.000     3.539   283.149     4.774     0.239
 121.4062500    20.250     0.000     0.000     0.000     0.000  -999.000  -999.000  -999.000  -999.000  -999.000  -999.000  -999.000  -999.000  -999.000  -999.000  -999.000  -999.000  -999.000  -999.000  -999.000  -999.000  -999.000  -999.000     3.482   283.143     4.775     0.244
 121.4062500    19.750     0.000     0.000     0.000     0.000  -999.000  -999.000  -999.000  -999.000  -999.000  -999.000  -999.000  -999.000  -999.000  -999.000  -999.000  -999.000  -999.000  -999.000  -999.000  -999.000  -999.000  -999.000     3.423   283.136     4.777     0.249
 121.4062500    19.250     0.000     0.000     0.000     0.000  -999.000  -999.000  -999.000  -999.000  -999.000  -999.000  -999.000  -999.000  -999.000  -999.000  -999.000  -999.000  -999.000  -999.000  -999.000  -999.000  -999.000  -999.000     3.363   283.130     4.778     0.254
 121.4062500    18.750     0.000     0.000     0.000     0.000  -999.000  -999.000  -999.000  -999.000  -999.000  -999.000  -999.000  -999.000  -999.000  -999.000  -999.000  -999.000  -999.000  -999.000  -999.000  -999.000  -999.000  -999.000     3.301   283.123     4.779     0.259
 121.4062500    18.250     0.000     0.000     0.000     0.000  -999.000  -999.000  -999.000  -999.000  -999.000  -999.000  -999.000  -999.000  -999.000  -999.000  -999.000  -999.000  -999.000  -999.000  -999.000  -999.000  -999.000  -999.000     3.237   283.116     4.780     0.265
 121.4062500    17.750     0.000     0.000     0.000     0.000  -999.000  -999.000  -999.000  -999.000  -999.000  -999.000  -999.000  -999.000  -999.000  -999.000  -999.000  -999.000  -999.000  -999.000  -999.000  -999.000  -999.000  -999.000     3.170   283.108     4.781     0.271
 121.4062500    17.250     0.000     0.000     0.000     0.000  -999.000  -999.000  -999.000  -999.000  -999.000  -999.000  -999.000  -999.000  -999.000  -999.000  -999.000  -999.000  -999.000  -999.000  -999.000  -999.000  -999.000  -999.000     3.102   283.101     4.782     0.277
 121.4062500    16.750     0.000     0.000     0.000     0.000  -999.000  -999.000  -999.000  -999.000  -999.000  -999.000  -999.000  -999.000  -999.000  -999.000  -999.000  -999.000  -999.000  -999.000  -999.000  -999.000  -999.000  -999.000     3.030   283.093     4.784     0.284
 121.4062500    16.250     0.000     0.000     0.000     0.000  -999.000  -999.000  -999.000  -999.000  -999.000  -999.000  -999.000  -999.000  -999.000  -999.000  -999.000  -999.000  -999.000  -999.000  -999.000  -999.000  -999.000  -999.000     2.957   283.085     4.785     0.291
 121.4062500    15.750     0.000     0.000     0.000     0.000  -999.000  -999.000  -999.000  -999.000  -999.000  -999.000  -999.000  -999.000  -999.000  -999.000  -999.000  -999.000  -999.000  -999.000  -999.000  -999.000  -999.000  -999.000     2.880   283.077     4.786     0.298
 121.4062500    15.250     0.000     0.000     0.000     0.000  -999.000  -999.000  -999.000  -999.000  -999.000  -999.000  -999.000  -999.000  -999.000  -999.000  -999.000  -999.000  -999.000  -999.000  -999.000  -999.000  -999.000  -999.000     2.799   283.069     4.787     0.306
 121.4062500    14.750     0.000     0.000     0.000     0.000  -999.000  -999.000  -999.000  -999.000  -999.000  -999.000  -999.000  -999.000  -999.000  -999.000  -999.000  -999.000  -999.000  -999.000  -999.000  -999.000  -999.000  -999.000     2.715   283.060     4.789     0.314
 121.4062500    14.250     0.000     0.000     0.000     0.000  -999.000  -999.000  -999.000  -999.000  -999.000  -999.000  -999.000  -999.000  -999.000  -999.000  -999.000  -999.000  -999.000  -999.000  -999.000  -999.000  -999.000  -999.000     2.627   283.051     4.790     0.324
 121.4062500    13.750     0.000     0.000     0.000     0.000  -999.000  -999.000  -999.000  -999.000  -999.000  -999.000  -999.000  -999.000  -999.000  -999.000  -999.000  -999.000  -999.000  -999.000  -999.000  -999.000  -999.000  -999.000     2.533   283.041     4.791     0.334
 121.4062500    13.250     0.000     0.000     0.000     0.000  -999.000  -999.000  -999.000  -999.000  -999.000  -999.000  -999.000  -999.000  -999.000  -999.000  -999.000  -999.000  -999.000  -999.000  -999.000  -999.000  -999.000  -999.000     2.434   283.032     4.793     0.345
 121.4062500    12.750     0.000     0.000     0.000     0.000  -999.000  -999.000  -999.000  -999.000  -999.000  -999.000  -999.000  -999.000  -999.000  -999.000  -999.000  -999.000  -999.000  -999.000  -999.000  -999.000  -999.000  -999.000     2.328   283.021     4.794     0.357
 121.4062500    12.250     0.000     0.000     0.000     0.000  -999.000  -999.000  -999.000  -999.000  -999.000  -999.000  -999.000  -999.000  -999.000  -999.000  -999.000  -999.000  -999.000  -999.000  -999.000  -999.000  -999.000  -999.000     2.213   283.011     4.795     0.371
 121.4062500    11.750     0.000     0.000     0.000     0.000  -999.000  -999.000  -999.000  -999.000  -999.000  -999.000  -999.000  -999.000  -999.000  -999.000  -999.000  -999.000  -999.000  -999.000  -999.000  -999.000  -999.000  -999.000     2.088   283.000     4.797     0.388
 121.4062500    11.250     0.000     0.000     0.000     0.000  -999.000  -999.000  -999.000  -999.000  -999.000  -999.000  -999.000  -999.000  -999.000  -999.000  -999.000  -999.000  -999.000  -999.000  -999.000  -999.000  -999.000  -999.000     1.950   282.988     4.798     0.408
 121.4062500    10.750     0.000     0.000     0.000     0.000  -999.000  -999.000  -999.000  -999.000  -999.000  -999.000  -999.000  -999.000  -999.000  -999.000  -999.000  -999.000  -999.000  -999.000  -999.000  -999.000  -999.000  -999.000     1.795   282.975     4.800     0.433
 121.4062500    10.250     0.000     0.000     0.000     0.000  -999.000  -999.000  -999.000  -999.000  -999.000  -999.000  -999.000  -999.000  -999.000  -999.000  -999.000  -999.000  -999.000  -999.000  -999.000  -999.000  -999.000  -999.000     1.614   282.962     4.802     0.466
 121.4062500     9.750     0.581     0.304     0.177     0.127   -65.151   -65.151   -65.872   -65.872     0.245     0.245    -0.755    -0.747     0.000     0.000     0.002     0.002    -0.345    -0.345   282.003   282.003   122.789   121.512     1.403   282.946     4.803     0.524
 121.4062500     9.250     0.147     0.413     0.061     0.352   -55.505   -55.505   -56.256   -56.256     0.245     0.245    -0.721    -0.715     0.000     0.000     0.002     0.002    -0.340    -0.340   282.066   282.066   116.918   115.838     1.213   282.933     4.806     0.601
 121.4062500     8.750     0.027     0.446     0.012     0.434   -45.161   -45.161   -45.936   -45.936     0.247     0.247    -0.682    -0.676     0.000     0.000     0.002     0.002    -0.335    -0.335   282.163   282.163   109.915   108.886     1.048   282.923     4.808     0.698
 121.4062500     8.250     0.005     0.454     0.002     0.452   -35.936   -35.936   -36.723   -36.723     0.249     0.249    -0.643    -0.637     0.000     0.000     0.002     0.002    -0.330    -0.330   282.264   282.264   102.927   101.954     0.906   282.917     4.811     0.811
 121.4062500     7.750     0.001     0.448     0.000     0.447   -28.062   -28.062   -28.852   -28.852     0.251     0.251    -0.606    -0.600     0.000     0.000     0.002     0.002    -0.325    -0.325   282.364   282.364    96.318    95.434     0.784   282.915     4.814     0.942
 121.4062500     7.250     0.000     0.432     0.000     0.432   -21.444   -21.444   -22.224   -22.224     0.252     0.252    -0.571    -0.567     0.000     0.000     0.002     0.002    -0.320    -0.320   282.462   282.462    90.243    89.468     0.678   282.917     4.817     1.094
 121.4062500     6.750     0.000     0.411     0.000     0.411   -15.902   -15.902   -16.659   -16.659     0.253     0.253    -0.540    -0.536     0.000     0.000     0.002     0.002    -0.315    -0.315   282.558   282.558    84.761    84.100     0.586   282.924     4.821     1.270
 121.4062500     6.250     0.000     0.385     0.000     0.385   -11.253   -11.253   -11.974   -11.974     0.253     0.253    -0.513    -0.509     0.000     0.000     0.002     0.002    -0.311    -0.311   282.653   282.653    79.879    79.329     0.506   282.935     4.825     1.475
 121.4062500     5.750     0.000     0.356     0.000     0.356    -7.347    -7.347    -8.019    -8.019     0.253     0.253    -0.489    -0.486     0.000     0.000     0.002     0.002    -0.306    -0.306   282.749   282.749    75.580    75.133     0.438   282.950     4.830     1.713
 121.4062500     5.250     0.000     0.324     0.000     0.324    -4.070    -4.070    -4.681    -4.681     0.252     0.252    -0.468    -0.466     0.000     0.000     0.002     0.002    -0.301    -0.301   282.846   282.846    71.831    71.476     0.379   282.968     4.836     1.990
 121.4062500     4.750     0.000     0.291     0.000     0.291    -1.343    -1.343    -1.885    -1.885     0.250     0.250    -0.451    -0.449     0.000     0.000     0.002     0.002    -0.296    -0.296   282.944   282.944    68.595    68.320     0.327   282.991     4.842     2.310
 121.4062500     4.250     0.000     0.257     0.000     0.257     0.901     0.901     0.440     0.440     0.247     0.247    -0.436    -0.434     0.000     0.000     0.002     0.002    -0.291    -0.291   283.041   283.041    65.833    65.626     0.283   283.018     4.849     2.682
 121.4062500     3.750     0.000     0.223     0.000     0.223     2.719     2.719     2.350     2.350     0.243     0.243    -0.424    -0.423     0.000     0.000     0.002     0.002    -0.286    -0.286   283.134   283.134    63.505    63.354     0.245   283.048     4.857     3.114
 121.4062500     3.250     0.000     0.189     0.000     0.189     4.095     4.095     3.830     3.830     0.236     0.236    -0.414    -0.413     0.000     0.000     0.002     0.002    -0.281    -0.281   283.224   283.224    61.575    61.469     0.211   283.081     4.866     3.615
 121.4062500     2.750     0.000     0.155     0.000     0.155     5.032     5.032     4.887     4.887     0.227     0.227    -0.407    -0.406     0.000     0.000     0.002     0.002    -0.276    -0.276   283.310   283.310    60.008    59.938     0.183   283.119     4.877     4.196
 121.4062500     2.250     0.000     0.122     0.000     0.122     5.529     5.529     5.515     5.515     0.215     0.215    -0.402    -0.401     0.000     0.000     0.002     0.002    -0.271    -0.271   283.391   283.391    58.773    58.730     0.158   283.160     4.888     4.871
 121.4062500     1.750     0.000     0.091     0.000     0.091     5.582     5.582     5.720     5.720     0.198     0.198    -0.398    -0.398     0.000     0.000     0.002     0.002    -0.266    -0.266   283.464   283.464    57.839    57.815     0.137   283.206     4.901     5.654
 121.4062500     1.250     0.000     0.062     0.000     0.062     5.167     5.167     5.478     5.478     0.174     0.174    -0.396    -0.396     0.000     0.000     0.002     0.002    -0.261    -0.261   283.525   283.525    57.178    57.167     0.118   283.257     4.916     6.562
 121.4062500     0.750     0.000     0.036     0.000     0.036     4.104     4.104     4.647     4.647     0.138     0.138    -0.396    -0.396     0.000     0.000     0.002     0.002    -0.256    -0.256   283.561   283.561    56.761    56.757     0.102   283.315     4.932     7.616
 121.4062500     0.250     0.000     0.000     0.000     0.000  -999.000  -999.000  -999.000  -999.000  -999.000  -999.000  -999.000  -999.000  -999.000  -999.000  -999.000  -999.000  -999.000  -999.000  -999.000  -999.000  -999.000  -999.000     0.088   283.380     4.950     8.838
 121.4270833    22.750     0.000     0.000     0.000     0.000  -999.000  -999.000  -999.000  -999.000  -999.000  -999.000  -999.000  -999.000  -999.000  -999.000  -999.000  -999.000  -999.000  -999.000  -999.000  -999.000  -999.000  -999.000     3.084   282.661     4.633     0.110
 121.4270833    22.250     0.000     0.000     0.000     0.000  -999.000  -999.000  -999.000  -999.000  -999.000  -999.000  -999.000  -999.000  -999.000  -999.000  -999.000  -999.000  -999.000  -999.000  -999.000  -999.000  -999.000  -999.000     3.037   282.653     4.634     0.223
 121.4270833    21.750     0.000     0.000     0.000     0.000  -999.000  -999.000  -999.000  -999.000  -999.000  -999.000  -999.000  -999.000  -999.000  -999.000  -999.000  -999.000  -999.000  -999.000  -999.000  -999.000  -999.000  -999.000     2.988   282.645     4.635     0.227
 121.4270833    21.250     0.000     0.000     0.000     0.000  -999.000  -999.000  -999.000  -999.000  -999.000  -999.000  -999.000  -999.000  -999.000  -999.000  -999.000  -999.000  -999.000  -999.000  -999.000  -999.000  -999.000  -999.000     2.939   282.636     4.636     0.231
 121.4270833    20.750     0.000     0.000     0.000     0.000  -999.000  -999.000  -999.000  -999.000  -999.000  -999.000  -999.000  -999.000  -999.000  -999.000  -999.000  -999.000  -999.000  -999.000  -999.000  -999.000  -999.000  -999.000     2.888   282.627     4.637     0.236
 121.4270833    20.250     0.000     0.000     0.000     0.000  -999.000  -999.000  -999.000  -999.000  -999.000  -999.000  -999.000  -999.000  -999.000  -999.000  -999.000  -999.000  -999.000  -999.000  -999.000  -999.000  -999.000  -999.000     2.837   282.618     4.638     0.240
 121.4270833    19.750     0.000     0.000     0.000     0.000  -999.000  -999.000  -999.000  -999.000  -999.000  -999.000  -999.000  -999.000  -999.000  -999.000  -999.000  -999.000  -999.000  -999.000  -999.000  -999.000  -999.000  -999.000     2.784   282.608     4.639     0.245
 121.4270833    19.250     0.000     0.000     0.000     0.000  -999.000  -999.000  -999.000  -999.000  -999.000  -999.000  -999.000  -999.000  -999.000  -999.000  -999.000  -999.000  -999.000  -999.000  -999.000  -999.000  -999.000  -999.000     2.730   282.599     4.639     0.250
 121.4270833    18.750     0.000     0.000     0.000     0.000  -999.000  -999.000  -999.000  -999.000  -999.000  -999.000  -999.000  -999.000  -999.000  -999.000  -999.000  -999.000  -999.000  -999.000  -999.000  -999.000  -999.000  -999.000     2.675   282.589     4.640     0.256
 121.4270833    18.250     0.000     0.000     0.000     0.000  -999.000  -999.000  -999.000  -999.000  -999.000  -999.000  -999.000  -999.000  -999.000  -999.000  -999.000  -999.000  -999.000  -999.000  -999.000  -999.000  -999.000  -999.000     2.618   282.579     4.641     0.261
 121.4270833    17.750     0.000     0.000     0.000     0.000  -999.000  -999.000  -999.000  -999.000  -999.000  -999.000  -999.000  -999.000  -999.000  -999.000  -999.000  -999.000  -999.000  -999.000  -999.000  -999.000  -999.000  -999.000     2.560   282.569     4.642     0.267
 121.4270833    17.250     0.000     0.000     0.000     0.000  -999.000  -999.000  -999.000  -999.000  -999.000  -999.000  -999.000  -999.000  -999.000  -999.000  -999.000  -999.000  -999.000  -999.000  -999.000  -999.000  -999.000  -999.000     2.499   282.558     4.643     0.274
 121.4270833    16.750     0.000     0.000     0.000     0.000  -999.000  -999.000  -999.000  -999.000  -999.000  -999.000  -999.000  -999.000  -999.000  -999.000  -999.000  -999.000  -999.000  -999.000  -999.000  -999.000  -999.000  -999.000     2.437   282.547     4.644     0.280
 121.4270833    16.250     0.000     0.000     0.000     0.000  -999.000  -999.000  -999.000  -999.000  -999.000  -999.000  -999.000  -999.000  -999.000  -999.000  -999.000  -999.000  -999.000  -999.000  -999.000  -999.000  -999.000  -999.000     2.373   282.536     4.645     0.287
 121.4270833    15.750     0.000     0.000     0.000     0.000  -999.000  -999.000  -999.000  -999.000  -999.000  -999.000  -999.000  -999.000  -999.000  -999.000  -999.000  -999.000  -999.000  -999.000  -999.000  -999.000  -999.000  -999.000     2.307   282.525     4.647     0.295
 121.4270833    15.250     0.000     0.000     0.000     0.000  -999.000  -999.000  -999.000  -999.000  -999.000  -999.000  -999.000  -999.000  -999.000  -999.000  -999.000  -999.000  -999.000  -999.000  -999.000  -999.000  -999.000  -999.000     2.238   282.513     4.648     0.303
 121.4270833    14.750     0.000     0.000     0.000     0.000  -999.000  -999.000  -999.000  -999.000  -999.000  -999.000  -999.000  -999.000  -999.000  -999.000  -999.000  -999.000  -999.000  -999.000  -999.000  -999.000  -999.000  -999.000     2.166   282.501     4.649     0.311
 121.4270833    14.250     0.000     0.000     0.000     0.000  -999.000  -999.000  -999.000  -999.000  -999.000  -999.000  -999.000  -999.000  -999.000  -999.000  -999.000  -999.000  -999.000  -999.000  -999.000  -999.000  -999.000  -999.000     2.091   282.488     4.650     0.321
 121.4270833    13.750     0.000     0.000     0.000     0.000  -999.000  -999.000  -999.000  -999.000  -999.000  -999.000  -999.000  -999.000  -999.000  -999.000  -999.000  -999.000  -999.000  -999.000  -999.000  -999.000  -999.000  -999.000     2.012   282.475     4.651     0.331
 121.4270833    13.250     0.000     0.000     0.000     0.000  -999.000  -999.000  -999.000  -999.000  -999.000  -999.000  -999.000  -999.000  -999.000  -999.000  -999.000  -999.000  -999.000  -999.000  -999.000  -999.000  -999.000  -999.000     1.929   282.462     4.652     0.342
 121.4270833    12.750     0.000     0.000     0.000     0.000  -999.000  -999.000  -999.000  -999.000  -999.000  -999.000  -999.000  -999.000  -999.000  -999.000  -999.000  -999.000  -999.000  -999.000  -999.000  -999.000  -999.000  -999.000     1.841   282.447     4.653     0.355
 121.4270833    12.250     0.000     0.000     0.000     0.000  -999.000  -999.000  -999.000  -999.000  -999.000  -999.000  -999.000  -999.000  -999.000  -999.000  -999.000  -999.000  -999.000  -999.000  -999.000  -999.000  -999.000  -999.000     1.746   282.433     4.655     0.369
 121.4270833    11.750     0.000     0.000     0.000     0.000  -999.000  -999.000  -999.000  -999.000  -999.000  -999.000  -999.000  -999.000  -999.000  -999.000  -999.000  -999.000  -999.000  -999.000  -999.000  -999.000  -999.000  -999.000     1.643   282.417     4.656     0.386
 121.4270833    11.250     0.000     0.000     0.000     0.000  -999.000  -999.000  -999.000  -999.000  -999.000  -999.000  -999.000  -999.000  -999.000  -999.000  -999.000  -999.000  -999.000  -999.000  -999.000  -999.000  -999.000  -999.000     1.530   282.401     4.657     0.406
 121.4270833    10.750     0.000     0.000     0.000     0.000  -999.000  -999.000  -999.000  -999.000  -999.000  -999.000  -999.000  -999.000  -999.000  -999.000  -999.000  -999.000  -999.000  -999.000  -999.000  -999.000  -999.000  -999.000     1.403   282.383     4.659     0.430
 121.4270833    10.250     0.000     0.000     0.000     0.000  -999.000  -999.000  -999.000  -999.000  -999.000  -999.000  -999.000  -999.000  -999.000  -999.000  -999.000  -999.000  -999.000  -999.000  -999.000  -999.000  -999.000  -999.000     1.255   282.364     4.660     0.463
 121.4270833     9.750     0.581     0.304     0.177     0.127   -65.147   -65.147   -65.111   -65.111     0.253     0.253    -0.738    -0.731     0.000     0.000     0.002     0.002    -0.345    -0.345   281.305   281.305   122.789   121.512     1.083   282.343     4.662     0.520
 121.4270833     9.250     0.147     0.413     0.061     0.352   -55.614   -55.614   -55.580   -55.580     0.255     0.255    -0.706    -0.700     0.000     0.000     0.002     0.002    -0.340    -0.340   281.369   281.369   116.918   115.838     0.929   282.324     4.664     0.594
 121.4270833     8.750     0.027     0.446     0.012     0.434   -45.378   -45.378   -45.349   -45.349     0.257     0.257    -0.668    -0.662     0.000     0.000     0.002     0.002    -0.335    -0.335   281.471   281.471   109.915   108.886     0.797   282.310     4.667     0.689
 121.4270833     8.250     0.005     0.454     0.002     0.452   -36.248   -36.248   -36.225   -36.225     0.260     0.260    -0.630    -0.624     0.000     0.000     0.002     0.002    -0.330    -0.330   281.580   281.580   102.927   101.954     0.684   282.302     4.669     0.799
 121.4270833     7.750     0.001     0.448     0.000     0.447   -28.457   -28.457   -28.441   -28.441     0.263     0.263    -0.594    -0.589     0.000     0.000     0.002     0.002    -0.325    -0.325   281.691   281.691    96.318    95.434     0.586   282.299     4.672     0.927
 121.4270833     7.250     0.000     0.432     0.000     0.432   -21.909   -21.909   -21.900   -21.900     0.265     0.265    -0.560    -0.556     0.000     0.000     0.002     0.002    -0.320    -0.320   281.801   281.801    90.243    89.468     0.503   282.304     4.676     1.075
 121.4270833     6.750     0.000     0.411     0.000     0.411   -16.421   -16.421   -16.419   -16.419     0.266     0.266    -0.530    -0.526     0.000     0.000     0.002     0.002    -0.316    -0.316   281.911   281.911    84.761    84.100     0.432   282.315     4.680     1.246
 121.4270833     6.250     0.000     0.385     0.000     0.385   -11.809   -11.809   -11.815   -11.815     0.267     0.267    -0.503    -0.499     0.000     0.000     0.002     0.002    -0.311    -0.311   282.023   282.023    79.879    79.329     0.370   282.332     4.685     1.445
 121.4270833     5.750     0.000     0.356     0.000     0.356    -7.918    -7.918    -7.932    -7.932     0.267     0.267    -0.479    -0.476     0.000     0.000     0.002     0.002    -0.306    -0.306   282.137   282.137    75.580    75.133     0.318   282.355     4.690     1.676
 121.4270833     5.250     0.000     0.324     0.000     0.324    -4.632    -4.632    -4.653    -4.653     0.266     0.266    -0.458    -0.456     0.000     0.000     0.002     0.002    -0.301    -0.301   282.254   282.254    71.831    71.476     0.272   282.385     4.697     1.943
 121.4270833     4.750     0.000     0.291     0.000     0.291    -1.866    -1.866    -1.895    -1.895     0.265     0.265    -0.441    -0.439     0.000     0.000     0.002     0.002    -0.296    -0.296   282.374   282.374    68.595    68.320     0.234   282.420     4.704     2.253
 121.4270833     4.250     0.000     0.257     0.000     0.257     0.440     0.440     0.405     0.405     0.262     0.262    -0.426    -0.424     0.000     0.000     0.002     0.002    -0.291    -0.291   282.493   282.493    65.833    65.626     0.200   282.461     4.712     2.613
 121.4270833     3.750     0.000     0.223     0.000     0.223     2.360     2.360     2.320     2.320     0.258     0.258    -0.413    -0.412     0.000     0.000     0.002     0.002    -0.286    -0.286   282.607   282.607    63.505    63.354     0.172   282.508     4.722     3.029
 121.4270833     3.250     0.000     0.189     0.000     0.189     3.880     3.880     3.837     3.837     0.252     0.252    -0.403    -0.403     0.000     0.000     0.002     0.002    -0.281    -0.281   282.719   282.719    61.575    61.469     0.147   282.561     4.734     3.513
 121.4270833     2.750     0.000     0.155     0.000     0.155     5.002     5.002     4.959     4.959     0.243     0.243    -0.395    -0.395     0.000     0.000     0.002     0.002    -0.276    -0.276   282.827   282.827    60.008    59.938     0.127   282.620     4.747     4.073
 121.4270833     2.250     0.000     0.122     0.000     0.122     5.723     5.723     5.683     5.683     0.230     0.230    -0.389    -0.389     0.000     0.000     0.002     0.002    -0.271    -0.271   282.931   282.931    58.773    58.730     0.109   282.686     4.762     4.723
 121.4270833     1.750     0.000     0.091     0.000     0.091     6.027     6.027     5.996     5.996     0.212     0.212    -0.385    -0.385     0.000     0.000     0.002     0.002    -0.266    -0.266   283.027   283.027    57.839    57.815     0.093   282.760     4.780     5.476
 121.4270833     1.250     0.000     0.062     0.000     0.062     5.861     5.861     5.844     5.844     0.187     0.187    -0.382    -0.382     0.000     0.000     0.002     0.002    -0.261    -0.261   283.114   283.114    57.178    57.167     0.080   282.843     4.802     6.350
 121.4270833     0.750     0.000     0.036     0.000     0.036     4.974     4.974     4.984     4.984     0.148     0.148    -0.381    -0.381     0.000     0.000     0.002     0.002    -0.256    -0.256   283.178   283.178    56.761    56.757     0.069   282.937     4.827     7.363
 121.4270833     0.250     0.000     0.000     0.000     0.000  -999.000  -999.000  -999.000  -999.000  -999.000  -999.000  -999.000  -999.000  -999.000  -999.000  -999.000  -999.000  -999.000  -999.000  -999.000  -999.000  -999.000  -999.000     0.059   283.047     4.856     8.537
 121.4479167    22.750     0.000     0.000     0.000     0.000  -999.000  -999.000  -999.000  -999.000  -999.000  -999.000  -999.000  -999.000  -999.000  -999.000  -999.000  -999.000  -999.000  -999.000  -999.000  -999.000  -999.000  -999.000     2.940   282.466     4.497     0.508
 121.4479167    22.250     0.000     0.000     0.000     0.000  -999.000  -999.000  -999.000  -999.000  -999.000  -999.000  -999.000  -999.000  -999.000  -999.000  -999.000  -999.000  -999.000  -999.000  -999.000  -999.000  -999.000  -999.000     2.859   282.397     4.504     1.024
 121.4479167    21.750     0.000     0.000     0.000     0.000  -999.000  -999.000  -999.000  -999.000  -999.000  -999.000  -999.000  -999.000  -999.000  -999.000  -999.000  -999.000  -999.000  -999.000  -999.000  -999.000  -999.000  -999.000     2.778   282.327     4.510     1.034
 121.4479167    21.250     0.000     0.000     0.000     0.000  -999.000  -999.000  -999.000  -999.000  -999.000  -999.000  -999.000  -999.000  -999.000  -999.000  -999.000  -999.000  -999.000  -999.000  -999.000  -999.000  -999.000  -999.000     2.696   282.257     4.516     1.045
 121.4479167    20.750     0.000     0.000     0.000     0.000  -999.000  -999.000  -999.000  -999.000  -999.000  -999.000  -999.000  -999.000  -999.000  -999.000  -999.000  -999.000  -999.000  -999.000  -999.000  -999.000  -999.000  -999.000     2.614   282.187     4.522     1.057
 121.4479167    20.250     0.000     0.000     0.000     0.000  -999.000  -999.000  -999.000  -999.000  -999.000  -999.000  -999.000  -999.000  -999.000  -999.000  -999.000  -999.000  -999.000  -999.000  -999.000  -999.000  -999.000  -999.000     2.531   282.117     4.528     1.068
 121.4479167    19.750     0.000     0.000     0.000     0.000  -999.000  -999.000  -999.000  -999.000  -999.000  -999.000  -999.000  -999.000  -999.000  -999.000  -999.000  -999.000  -999.000  -999.000  -999.000  -999.000  -999.000  -999.000     2.448   282.046     4.533     1.081
 121.4479167    19.250     0.000     0.000     0.000     0.000  -999.000  -999.000  -999.000  -999.000  -999.000  -999.000  -999.000  -999.000  -999.000  -999.000  -999.000  -999.000  -999.000  -999.000  -999.000  -999.000  -999.000  -999.000     2.365   281.975     4.539     1.094
 121.4479167    18.750     0.000     0.000     0.000     0.000  -999.000  -999.000  -999.000  -999.000  -999.000  -999.000  -999.000  -999.000  -999.000  -999.000  -999.000  -999.000  -999.000  -999.000  -999.000  -999.000  -999.000  -999.000     2.281   281.904     4.544     1.107
 121.4479167    18.250     0.000     0.000     0.000     0.000  -999.000  -999.000  -999.000  -999.000  -999.000  -999.000  -999.000  -999.000  -999.000  -999.000  -999.000  -999.000  -999.000  -999.000  -999.000  -999.000  -999.000  -999.000     2.197   281.832     4.549     1.121
 121.4479167    17.750     0.000     0.000     0.000     0.000  -999.000  -999.000  -999.000  -999.000  -999.000  -999.000  -999.000  -999.000  -999.000  -999.000  -999.000  -999.000  -999.000  -999.000  -999.000  -999.000  -999.000  -999.000     2.112   281.759     4.554     1.135
 121.4479167    17.250     0.000     0.000     0.000     0.000  -999.000  -999.000  -999.000  -999.000  -999.000  -999.000  -999.000  -999.000  -999.000  -999.000  -999.000  -999.000  -999.000  -999.000  -999.000  -999.000  -999.000  -999.000     2.027   281.686     4.558     1.151
 121.4479167    16.750     0.000     0.000     0.000     0.000  -999.000  -999.000  -999.000  -999.000  -999.000  -999.000  -999.000  -999.000  -999.000  -999.000  -999.000  -999.000  -999.000  -999.000  -999.000  -999.000  -999.000  -999.000     1.941   281.612     4.563     1.167
 121.4479167    16.250     0.000     0.000     0.000     0.000  -999.000  -999.000  -999.000  -999.000  -999.000  -999.000  -999.000  -999.000  -999.000  -999.000  -999.000  -999.000  -999.000  -999.000  -999.000  -999.000  -999.000  -999.000     1.854   281.537     4.567     1.184
 121.4479167    15.750     0.000     0.000     0.000     0.000  -999.000  -999.000  -999.000  -999.000  -999.000  -999.000  -999.000  -999.000  -999.000  -999.000  -999.000  -999.000  -999.000  -999.000  -999.000  -999.000  -999.000  -999.000     1.767   281.462     4.571     1.202
 121.4479167    15.250     0.000     0.000     0.000     0.000  -999.000  -999.000  -999.000  -999.000  -999.000  -999.000  -999.000  -999.000  -999.000  -999.000  -999.000  -999.000  -999.000  -999.000  -999.000  -999.000  -999.000  -999.000     1.679   281.386     4.575     1.221
 121.4479167    14.750     0.000     0.000     0.000     0.000  -999.000  -999.000  -999.000  -999.000  -999.000  -999.000  -999.000  -999.000  -999.000  -999.000  -999.000  -999.000  -999.000  -999.000  -999.000  -999.000  -999.000  -999.000     1.591   281.308     4.579     1.242
 121.4479167    14.250     0.000     0.000     0.000     0.000  -999.000  -999.000  -999.000  -999.000  -999.000  -999.000  -999.000  -999.000  -999.000  -999.000  -999.000  -999.000  -999.000  -999.000  -999.000  -999.000  -999.000  -999.000     1.501   281.230     4.583     1.266
 121.4479167    13.750     0.000     0.000     0.000     0.000  -999.000  -999.000  -999.000  -999.000  -999.000  -999.000  -999.000  -999.000  -999.000  -999.000  -999.000  -999.000  -999.000  -999.000  -999.000  -999.000  -999.000  -999.000     1.410   281.150     4.586     1.291
 121.4479167    13.250     0.000     0.000     0.000     0.000  -999.000  -999.000  -999.000  -999.000  -999.000  -999.000  -999.000  -999.000  -999.000  -999.000  -999.000  -999.000  -999.000  -999.000  -999.000  -999.000  -999.000  -999.000     1.318   281.070     4.590     1.320
 121.4479167    12.750     0.000     0.000     0.000     0.000  -999.000  -999.000  -999.000  -999.000  -999.000  -999.000  -999.000  -999.000  -999.000  -999.000  -999.000  -999.000  -999.000  -999.000  -999.000  -999.000  -999.000  -999.000     1.224   280.987     4.593     1.353
 121.4479167    12.250     0.000     0.000     0.000     0.000  -999.000  -999.000  -999.000  -999.000  -999.000  -999.000  -999.000  -999.000  -999.000  -999.000  -999.000  -999.000  -999.000  -999.000  -999.000  -999.000  -999.000  -999.000     1.128   280.903     4.596     1.393
 121.4479167    11.750     0.000     0.000     0.000     0.000  -999.000  -999.000  -999.000  -999.000  -999.000  -999.000  -999.000  -999.000  -999.000  -999.000  -999.000  -999.000  -999.000  -999.000  -999.000  -999.000  -999.000  -999.000     1.029   280.817     4.600     1.443
 121.4479167    11.250     0.000     0.000     0.000     0.000  -999.000  -999.000  -999.000  -999.000  -999.000  -999.000  -999.000  -999.000  -999.000  -999.000  -999.000  -999.000  -999.000  -999.000  -999.000  -999.000  -999.000  -999.000     0.925   280.727     4.603     1.506
 121.4479167    10.750     0.000     0.000     0.000     0.000  -999.000  -999.000  -999.000  -999.000  -999.000  -999.000  -999.000  -999.000  -999.000  -999.000  -999.000  -999.000  -999.000  -999.000  -999.000  -999.000  -999.000  -999.000     0.813   280.632     4.606     1.595
 121.4479167    10.250     0.000     0.000     0.000     0.000  -999.000  -999.000  -999.000  -999.000  -999.000  -999.000  -999.000  -999.000  -999.000  -999.000  -999.000  -999.000  -999.000  -999.000  -999.000  -999.000  -999.000  -999.000     0.688   280.529     4.609     1.727
 121.4479167     9.750     0.581     0.304     0.177     0.127   -58.884   -58.884   -58.169   -58.169     0.177     0.177    -0.663    -0.657     0.000     0.000     0.002     0.002    -0.345    -0.345   279.149   279.149   122.789   121.512     0.544   280.406     4.612     1.981
 121.4479167     9.250     0.147     0.413     0.061     0.352   -49.517   -49.517   -48.759   -48.759     0.176     0.176    -0.632    -0.627     0.000     0.000     0.002     0.002    -0.340    -0.340   279.111   279.111   116.918   115.838     0.425   280.289     4.617     2.359
 121.4479167     8.750     0.027     0.446     0.012     0.434   -39.661   -39.661   -38.878   -38.878     0.177     0.177    -0.598    -0.592     0.000     0.000     0.002     0.002    -0.335    -0.335   279.149   279.149   109.915   108.886     0.331   280.193     4.622     2.832
 121.4479167     8.250     0.005     0.454     0.002     0.452   -30.942   -30.942   -30.153   -30.153     0.180     0.180    -0.564    -0.559     0.000     0.000     0.002     0.002    -0.330    -0.330   279.237   279.237   102.927   101.954     0.259   280.130     4.628     3.397
 121.4479167     7.750     0.001     0.448     0.000     0.447   -23.573   -23.573   -22.797   -22.797     0.184     0.184    -0.533    -0.528     0.000     0.000     0.002     0.002    -0.325    -0.325   279.370   279.370    96.318    95.434     0.202   280.107     4.635     4.069
 121.4479167     7.250     0.000     0.432     0.000     0.432   -17.470   -17.470   -16.728   -16.728     0.189     0.189    -0.504    -0.500     0.000     0.000     0.002     0.002    -0.320    -0.320   279.548   279.548    90.243    89.468     0.158   280.128     4.644     4.871
 121.4479167     6.750     0.000     0.411     0.000     0.411   -12.476   -12.476   -11.786   -11.786     0.195     0.195    -0.479    -0.476     0.000     0.000     0.002     0.002    -0.315    -0.315   279.772   279.772    84.761    84.100     0.123   280.197     4.654     5.826
 121.4479167     6.250     0.000     0.385     0.000     0.385    -8.427    -8.427    -7.807    -7.807     0.201     0.201    -0.458    -0.455     0.000     0.000     0.002     0.002    -0.310    -0.310   280.037   280.037    79.879    79.329     0.096   280.313     4.666     6.961
 121.4479167     5.750     0.000     0.356     0.000     0.356    -5.182    -5.182    -4.645    -4.645     0.207     0.207    -0.439    -0.437     0.000     0.000     0.002     0.002    -0.306    -0.306   280.339   280.339    75.580    75.133     0.075   280.476     4.681     8.311
 121.4479167     5.250     0.000     0.324     0.000     0.324    -2.624    -2.624    -2.182    -2.182     0.213     0.213    -0.424    -0.422     0.000     0.000     0.002     0.002    -0.301    -0.301   280.669   280.669    71.831    71.476     0.059   280.682     4.700     9.916
 121.4479167     4.750     0.000     0.291     0.000     0.291    -0.646    -0.646    -0.297    -0.297     0.218     0.218    -0.412    -0.410     0.000     0.000     0.002     0.002    -0.296    -0.296   281.005   281.005    68.595    68.320     0.046   280.925     4.722    11.821
 121.4479167     4.250     0.000     0.257     0.000     0.257     0.880     0.880     1.136     1.136     0.222     0.222    -0.401    -0.400     0.000     0.000     0.002     0.002    -0.291    -0.291   281.339   281.339    65.833    65.626     0.036   281.198     4.749    14.083
 121.4479167     3.750     0.000     0.223     0.000     0.223     2.002     2.002     2.169     2.169     0.223     0.223    -0.393    -0.392     0.000     0.000     0.002     0.002    -0.286    -0.286   281.663   281.663    63.505    63.354     0.028   281.494     4.785    16.766
 121.4479167     3.250     0.000     0.189     0.000     0.189     2.715     2.715     2.800     2.800     0.222     0.222    -0.387    -0.386     0.000     0.000     0.002     0.002    -0.281    -0.281   281.978   281.978    61.575    61.469     0.022   281.810     4.832    19.948
 121.4479167     2.750     0.000     0.155     0.000     0.155     3.016     3.016     3.023     3.023     0.217     0.217    -0.383    -0.382     0.000     0.000     0.002     0.002    -0.276    -0.276   282.286   282.286    60.008    59.938     0.017   282.146     4.897    23.719
 121.4479167     2.250     0.000     0.122     0.000     0.122     2.879     2.879     2.809     2.809     0.207     0.207    -0.380    -0.380     0.000     0.000     0.002     0.002    -0.271    -0.271   282.597   282.597    58.773    58.730     0.013   282.518     4.991    28.188
 121.4479167     1.750     0.000     0.091     0.000     0.091     2.241     2.241     2.090     2.090     0.192     0.192    -0.380    -0.380     0.000     0.000     0.002     0.002    -0.266    -0.266   282.929   282.929    57.839    57.815     0.010   282.965     5.135    33.480
 121.4479167     1.250     0.000     0.062     0.000     0.062     1.044     1.044     0.788     0.788     0.168     0.168    -0.382    -0.382     0.000     0.000     0.002     0.002    -0.261    -0.261   283.327   283.327    57.178    57.167     0.008   283.560     5.366    39.746
 121.4479167     0.750     0.000     0.036     0.000     0.036    -0.789    -0.789    -1.234    -1.234     0.133     0.133    -0.388    -0.388     0.000     0.000     0.002     0.002    -0.256    -0.256   283.932   283.932    56.761    56.757     0.006   284.430     5.748    47.162
 121.4479167     0.250     0.000     0.000     0.000     0.000  -999.000  -999.000  -999.000  -999.000  -999.000  -999.000  -999.000  -999.000  -999.000  -999.000  -999.000  -999.000  -999.000  -999.000  -999.000  -999.000  -999.000  -999.000     0.005   285.697     6.368    55.600
 121.4687500    22.750     0.000     0.000     0.000     0.000  -999.000  -999.000  -999.000  -999.000  -999.000  -999.000  -999.000  -999.000  -999.000  -999.000  -999.000  -999.000  -999.000  -999.000  -999.000  -999.000  -999.000  -999.000     3.869   282.473     4.281     0.219
 121.4687500    22.250     0.000     0.000     0.000     0.000  -999.000  -999.000  -999.000  -999.000  -999.000  -999.000  -999.000  -999.000  -999.000  -999.000  -999.000  -999.000  -999.000  -999.000  -999.000  -999.000  -999.000  -999.000     3.814   282.465     4.283     0.442
 121.4687500    21.750     0.000     0.000     0.000     0.000  -999.000  -999.000  -999.000  -999.000  -999.000  -999.000  -999.000  -999.000  -999.000  -999.000  -999.000  -999.000  -999.000  -999.000  -999.000  -999.000  -999.000  -999.000     3.758   282.457     4.284     0.449
 121.4687500    21.250     0.000     0.000     0.000     0.000  -999.000  -999.000  -999.000  -999.000  -999.000  -999.000  -999.000  -999.000  -999.000  -999.000  -999.000  -999.000  -999.000  -999.000  -999.000  -999.000  -999.000  -999.000     3.701   282.449     4.286     0.456
 121.4687500    20.750     0.000     0.000     0.000     0.000  -999.000  -999.000  -999.000  -999.000  -999.000  -999.000  -999.000  -999.000  -999.000  -999.000  -999.000  -999.000  -999.000  -999.000  -999.000  -999.000  -999.000  -999.000     3.642   282.441     4.288     0.463
 121.4687500    20.250     0.000     0.000     0.000     0.000  -999.000  -999.000  -999.000  -999.000  -999.000  -999.000  -999.000  -999.000  -999.000  -999.000  -999.000  -999.000  -999.000  -999.000  -999.000  -999.000  -999.000  -999.000     3.581   282.432     4.289     0.470
 121.4687500    19.750     0.000     0.000     0.000     0.000  -999.000  -999.000  -999.000  -999.000  -999.000  -999.000  -999.000  -999.000  -999.000  -999.000  -999.000  -999.000  -999.000  -999.000  -999.000  -999.000  -999.000  -999.000     3.519   282.424     4.291     0.477
 121.4687500    19.250     0.000     0.000     0.000     0.000  -999.000  -999.000  -999.000  -999.000  -999.000  -999.000  -999.000  -999.000  -999.000  -999.000  -999.000  -999.000  -999.000  -999.000  -999.000  -999.000  -999.000  -999.000     3.456   282.415     4.292     0.485
 121.4687500    18.750     0.000     0.000     0.000     0.000  -999.000  -999.000  -999.000  -999.000  -999.000  -999.000  -999.000  -999.000  -999.000  -999.000  -999.000  -999.000  -999.000  -999.000  -999.000  -999.000  -999.000  -999.000     3.390   282.406     4.294     0.493
 121.4687500    18.250     0.000     0.000     0.000     0.000  -999.000  -999.000  -999.000  -999.000  -999.000  -999.000  -999.000  -999.000  -999.000  -999.000  -999.000  -999.000  -999.000  -999.000  -999.000  -999.000  -999.000  -999.000     3.323   282.396     4.296     0.502
 121.4687500    17.750     0.000     0.000     0.000     0.000  -999.000  -999.000  -999.000  -999.000  -999.000  -999.000  -999.000  -999.000  -999.000  -999.000  -999.000  -999.000  -999.000  -999.000  -999.000  -999.000  -999.000  -999.000     3.253   282.387     4.297     0.511
 121.4687500    17.250     0.000     0.000     0.000     0.000  -999.000  -999.000  -999.000  -999.000  -999.000  -999.000  -999.000  -999.000  -999.000  -999.000  -999.000  -999.000  -999.000  -999.000  -999.000  -999.000  -999.000  -999.000     3.181   282.377     4.299     0.521
 121.4687500    16.750     0.000     0.000     0.000     0.000  -999.000  -999.000  -999.000  -999.000  -999.000  -999.000  -999.000  -999.000  -999.000  -999.000  -999.000  -999.000  -999.000  -999.000  -999.000  -999.000  -999.000  -999.000     3.107   282.367     4.301     0.530
 121.4687500    16.250     0.000     0.000     0.000     0.000  -999.000  -999.000  -999.000  -999.000  -999.000  -999.000  -999.000  -999.000  -999.000  -999.000  -999.000  -999.000  -999.000  -999.000  -999.000  -999.000  -999.000  -999.000     3.030   282.357     4.302     0.541
 121.4687500    15.750     0.000     0.000     0.000     0.000  -999.000  -999.000  -999.000  -999.000  -999.000  -999.000  -999.000  -999.000  -999.000  -999.000  -999.000  -999.000  -999.000  -999.000  -999.000  -999.000  -999.000  -999.000     2.949   282.346     4.304     0.552
 121.4687500    15.250     0.000     0.000     0.000     0.000  -999.000  -999.000  -999.000  -999.000  -999.000  -999.000  -999.000  -999.000  -999.000  -999.000  -999.000  -999.000  -999.000  -999.000  -999.000  -999.000  -999.000  -999.000     2.865   282.335     4.306     0.564
 121.4687500    14.750     0.000     0.000     0.000     0.000  -999.000  -999.000  -999.000  -999.000  -999.000  -999.000  -999.000  -999.000  -999.000  -999.000  -999.000  -999.000  -999.000  -999.000  -999.000  -999.000  -999.000  -999.000     2.778   282.324     4.308     0.577
 121.4687500    14.250     0.000     0.000     0.000     0.000  -999.000  -999.000  -999.000  -999.000  -999.000  -999.000  -999.000  -999.000  -999.000  -999.000  -999.000  -999.000  -999.000  -999.000  -999.000  -999.000  -999.000  -999.000     2.686   282.313     4.310     0.591
 121.4687500    13.750     0.000     0.000     0.000     0.000  -999.000  -999.000  -999.000  -999.000  -999.000  -999.000  -999.000  -999.000  -999.000  -999.000  -999.000  -999.000  -999.000  -999.000  -999.000  -999.000  -999.000  -999.000     2.589   282.301     4.312     0.607
 121.4687500    13.250     0.000     0.000     0.000     0.000  -999.000  -999.000  -999.000  -999.000  -999.000  -999.000  -999.000  -999.000  -999.000  -999.000  -999.000  -999.000  -999.000  -999.000  -999.000  -999.000  -999.000  -999.000     2.486   282.288     4.314     0.624
 121.4687500    12.750     0.000     0.000     0.000     0.000  -999.000  -999.000  -999.000  -999.000  -999.000  -999.000  -999.000  -999.000  -999.000  -999.000  -999.000  -999.000  -999.000  -999.000  -999.000  -999.000  -999.000  -999.000     2.376   282.276     4.316     0.643
 121.4687500    12.250     0.000     0.000     0.000     0.000  -999.000  -999.000  -999.000  -999.000  -999.000  -999.000  -999.000  -999.000  -999.000  -999.000  -999.000  -999.000  -999.000  -999.000  -999.000  -999.000  -999.000  -999.000     2.258   282.262     4.318     0.666
 121.4687500    11.750     0.000     0.000     0.000     0.000  -999.000  -999.000  -999.000  -999.000  -999.000  -999.000  -999.000  -999.000  -999.000  -999.000  -999.000  -999.000  -999.000  -999.000  -999.000  -999.000  -999.000  -999.000     2.129   282.248     4.320     0.693
 121.4687500    11.250     0.000     0.000     0.000     0.000  -999.000  -999.000  -999.000  -999.000  -999.000  -999.000  -999.000  -999.000  -999.000  -999.000  -999.000  -999.000  -999.000  -999.000  -999.000  -999.000  -999.000  -999.000     1.987   282.234     4.322     0.726
 121.4687500    10.750     0.000     0.000     0.000     0.000  -999.000  -999.000  -999.000  -999.000  -999.000  -999.000  -999.000  -999.000  -999.000  -999.000  -999.000  -999.000  -999.000  -999.000  -999.000  -999.000  -999.000  -999.000     1.827   282.218     4.325     0.770
 121.4687500    10.250     0.000     0.000     0.000     0.000  -999.000  -999.000  -999.000  -999.000  -999.000  -999.000  -999.000  -999.000  -999.000  -999.000  -999.000  -999.000  -999.000  -999.000  -999.000  -999.000  -999.000  -999.000     1.640   282.202     4.327     0.832
 121.4687500     9.750     0.581     0.304     0.177     0.127   -60.749   -60.749   -61.827   -61.827     0.211     0.211    -0.669    -0.662     0.000     0.000     0.002     0.002    -0.345    -0.345   281.244   281.244   122.789   121.512     1.424   282.183     4.330     0.944
 121.4687500     9.250     0.147     0.413     0.061     0.352   -51.254   -51.254   -52.370   -52.370     0.209     0.209    -0.638    -0.632     0.000     0.000     0.002     0.002    -0.340    -0.340   281.301   281.301   116.918   115.838     1.228   282.166     4.333     1.101
 121.4687500     8.750     0.027     0.446     0.012     0.434   -41.193   -41.193   -42.330   -42.330     0.209     0.209    -0.602    -0.596     0.000     0.000     0.002     0.002    -0.335    -0.335   281.390   281.390   109.915   108.886     1.060   282.152     4.336     1.298
 121.4687500     8.250     0.005     0.454     0.002     0.452   -32.256   -32.256   -33.395   -33.395     0.210     0.210    -0.566    -0.561     0.000     0.000     0.002     0.002    -0.330    -0.330   281.483   281.483   102.927   101.954     0.915   282.142     4.340     1.529
 121.4687500     7.750     0.001     0.448     0.000     0.447   -24.662   -24.662   -25.785   -25.785     0.211     0.211    -0.534    -0.529     0.000     0.000     0.002     0.002    -0.325    -0.325   281.575   281.575    96.318    95.434     0.789   282.135     4.345     1.800
 121.4687500     7.250     0.000     0.432     0.000     0.432   -18.328   -18.328   -19.416   -19.416     0.213     0.213    -0.504    -0.499     0.000     0.000     0.002     0.002    -0.321    -0.321   281.663   281.663    90.243    89.468     0.681   282.133     4.350     2.118
 121.4687500     6.750     0.000     0.411     0.000     0.411   -13.094   -13.094   -14.127   -14.127     0.214     0.214    -0.477    -0.474     0.000     0.000     0.002     0.002    -0.316    -0.316   281.750   281.750    84.761    84.100     0.588   282.135     4.356     2.490
 121.4687500     6.250     0.000     0.385     0.000     0.385    -8.799    -8.799    -9.759    -9.759     0.216     0.216    -0.454    -0.451     0.000     0.000     0.002     0.002    -0.311    -0.311   281.836   281.836    79.879    79.329     0.507   282.141     4.363     2.927
 121.4687500     5.750     0.000     0.356     0.000     0.356    -5.307    -5.307    -6.180    -6.180     0.218     0.218    -0.435    -0.432     0.000     0.000     0.002     0.002    -0.306    -0.306   281.922   281.922    75.580    75.133     0.438   282.150     4.370     3.438
 121.4687500     5.250     0.000     0.324     0.000     0.324    -2.515    -2.515    -3.289    -3.289     0.220     0.220    -0.418    -0.416     0.000     0.000     0.002     0.002    -0.301    -0.301   282.008   282.008    71.831    71.476     0.378   282.164     4.378     4.037
 121.4687500     4.750     0.000     0.291     0.000     0.291    -0.316    -0.316    -0.988    -0.988     0.221     0.221    -0.405    -0.403     0.000     0.000     0.002     0.002    -0.296    -0.296   282.096   282.096    68.595    68.320     0.326   282.182     4.388     4.738
 121.4687500     4.250     0.000     0.257     0.000     0.257     1.351     1.351     0.780     0.780     0.221     0.221    -0.394    -0.393     0.000     0.000     0.002     0.002    -0.291    -0.291   282.185   282.185    65.833    65.626     0.281   282.203     4.398     5.558
 121.4687500     3.750     0.000     0.223     0.000     0.223     2.526     2.526     2.055     2.055     0.219     0.219    -0.386    -0.385     0.000     0.000     0.002     0.002    -0.286    -0.286   282.272   282.272    63.505    63.354     0.243   282.228     4.410     6.517
 121.4687500     3.250     0.000     0.189     0.000     0.189     3.215     3.215     2.844     2.844     0.215     0.215    -0.379    -0.379     0.000     0.000     0.002     0.002    -0.281    -0.281   282.354   282.354    61.575    61.469     0.209   282.258     4.423     7.639
 121.4687500     2.750     0.000     0.155     0.000     0.155     3.400     3.400     3.131     3.131     0.208     0.208    -0.375    -0.375     0.000     0.000     0.002     0.002    -0.276    -0.276   282.433   282.433    60.008    59.938     0.181   282.291     4.437     8.950
 121.4687500     2.250     0.000     0.122     0.000     0.122     3.072     3.072     2.911     2.911     0.198     0.198    -0.373    -0.373     0.000     0.000     0.002     0.002    -0.271    -0.271   282.509   282.509    58.773    58.730     0.156   282.329     4.452    10.483
 121.4687500     1.750     0.000     0.091     0.000     0.091     2.241     2.241     2.205     2.205     0.181     0.181    -0.374    -0.373     0.000     0.000     0.002     0.002    -0.266    -0.266   282.578   282.578    57.839    57.815     0.134   282.372     4.469    12.275
 121.4687500     1.250     0.000     0.062     0.000     0.062     0.900     0.900     1.026     1.026     0.158     0.158    -0.376    -0.376     0.000     0.000     0.002     0.002    -0.261    -0.261   282.638   282.638    57.178    57.167     0.116   282.421     4.487    14.368
 121.4687500     0.750     0.000     0.036     0.000     0.036    -0.892    -0.892    -0.497    -0.497     0.124     0.124    -0.382    -0.382     0.000     0.000     0.002     0.002    -0.256    -0.256   282.678   282.678    56.761    56.757     0.100   282.476     4.506    16.813
 121.4687500     0.250     0.000     0.000     0.000     0.000  -999.000  -999.000  -999.000  -999.000  -999.000  -999.000  -999.000  -999.000  -999.000  -999.000  -999.000  -999.000  -999.000  -999.000  -999.000  -999.000  -999.000  -999.000     0.086   282.540     4.526    19.669
 121.4895833    22.750     0.000     0.000     0.000     0.000  -999.000  -999.000  -999.000  -999.000  -999.000  -999.000  -999.000  -999.000  -999.000  -999.000  -999.000  -999.000  -999.000  -999.000  -999.000  -999.000  -999.000  -999.000     4.140   282.119     4.204     0.084
 121.4895833    22.250     0.000     0.000     0.000     0.000  -999.000  -999.000  -999.000  -999.000  -999.000  -999.000  -999.000  -999.000  -999.000  -999.000  -999.000  -999.000  -999.000  -999.000  -999.000  -999.000  -999.000  -999.000     4.084   282.113     4.205     0.171
 121.4895833    21.750     0.000     0.000     0.000     0.000  -999.000  -999.000  -999.000  -999.000  -999.000  -999.000  -999.000  -999.000  -999.000  -999.000  -999.000  -999.000  -999.000  -999.000  -999.000  -999.000  -999.000  -999.000     4.027   282.107     4.205     0.175
 121.4895833    21.250     0.000     0.000     0.000     0.000  -999.000  -999.000  -999.000  -999.000  -999.000  -999.000  -999.000  -999.000  -999.000  -999.000  -999.000  -999.000  -999.000  -999.000  -999.000  -999.000  -999.000  -999.000     3.967   282.100     4.206     0.178
 121.4895833    20.750     0.000     0.000     0.000     0.000  -999.000  -999.000  -999.000  -999.000  -999.000  -999.000  -999.000  -999.000  -999.000  -999.000  -999.000  -999.000  -999.000  -999.000  -999.000  -999.000  -999.000  -999.000     3.907   282.094     4.206     0.182
 121.4895833    20.250     0.000     0.000     0.000     0.000  -999.000  -999.000  -999.000  -999.000  -999.000  -999.000  -999.000  -999.000  -999.000  -999.000  -999.000  -999.000  -999.000  -999.000  -999.000  -999.000  -999.000  -999.000     3.845   282.087     4.207     0.186
 121.4895833    19.750     0.000     0.000     0.000     0.000  -999.000  -999.000  -999.000  -999.000  -999.000  -999.000  -999.000  -999.000  -999.000  -999.000  -999.000  -999.000  -999.000  -999.000  -999.000  -999.000  -999.000  -999.000     3.780   282.080     4.207     0.190
 121.4895833    19.250     0.000     0.000     0.000     0.000  -999.000  -999.000  -999.000  -999.000  -999.000  -999.000  -999.000  -999.000  -999.000  -999.000  -999.000  -999.000  -999.000  -999.000  -999.000  -999.000  -999.000  -999.000     3.715   282.073     4.208     0.194
 121.4895833    18.750     0.000     0.000     0.000     0.000  -999.000  -999.000  -999.000  -999.000  -999.000  -999.000  -999.000  -999.000  -999.000  -999.000  -999.000  -999.000  -999.000  -999.000  -999.000  -999.000  -999.000  -999.000     3.647   282.066     4.208     0.199
 121.4895833    18.250     0.000     0.000     0.000     0.000  -999.000  -999.000  -999.000  -999.000  -999.000  -999.000  -999.000  -999.000  -999.000  -999.000  -999.000  -999.000  -999.000  -999.000  -999.000  -999.000  -999.000  -999.000     3.576   282.059     4.209     0.204
 121.4895833    17.750     0.000     0.000     0.000     0.000  -999.000  -999.000  -999.000  -999.000  -999.000  -999.000  -999.000  -999.000  -999.000  -999.000  -999.000  -999.000  -999.000  -999.000  -999.000  -999.000  -999.000  -999.000     3.504   282.051     4.209     0.209
 121.4895833    17.250     0.000     0.000     0.000     0.000  -999.000  -999.000  -999.000  -999.000  -999.000  -999.000  -999.000  -999.000  -999.000  -999.000  -999.000  -999.000  -999.000  -999.000  -999.000  -999.000  -999.000  -999.000     3.429   282.043     4.210     0.214
 121.4895833    16.750     0.000     0.000     0.000     0.000  -999.000  -999.000  -999.000  -999.000  -999.000  -999.000  -999.000  -999.000  -999.000  -999.000  -999.000  -999.000  -999.000  -999.000  -999.000  -999.000  -999.000  -999.000     3.351   282.035     4.210     0.219
 121.4895833    16.250     0.000     0.000     0.000     0.000  -999.000  -999.000  -999.000  -999.000  -999.000  -999.000  -999.000  -999.000  -999.000  -999.000  -999.000  -999.000  -999.000  -999.000  -999.000  -999.000  -999.000  -999.000     3.270   282.027     4.211     0.225
 121.4895833    15.750     0.000     0.000     0.000     0.000  -999.000  -999.000  -999.000  -999.000  -999.000  -999.000  -999.000  -999.000  -999.000  -999.000  -999.000  -999.000  -999.000  -999.000  -999.000  -999.000  -999.000  -999.000     3.186   282.019     4.212     0.232
 121.4895833    15.250     0.000     0.000     0.000     0.000  -999.000  -999.000  -999.000  -999.000  -999.000  -999.000  -999.000  -999.000  -999.000  -999.000  -999.000  -999.000  -999.000  -999.000  -999.000  -999.000  -999.000  -999.000     3.097   282.010     4.212     0.238
 121.4895833    14.750     0.000     0.000     0.000     0.000  -999.000  -999.000  -999.000  -999.000  -999.000  -999.000  -999.000  -999.000  -999.000  -999.000  -999.000  -999.000  -999.000  -999.000  -999.000  -999.000  -999.000  -999.000     3.005   282.001     4.213     0.246
 121.4895833    14.250     0.000     0.000     0.000     0.000  -999.000  -999.000  -999.000  -999.000  -999.000  -999.000  -999.000  -999.000  -999.000  -999.000  -999.000  -999.000  -999.000  -999.000  -999.000  -999.000  -999.000  -999.000     2.908   281.992     4.213     0.253
 121.4895833    13.750     0.000     0.000     0.000     0.000  -999.000  -999.000  -999.000  -999.000  -999.000  -999.000  -999.000  -999.000  -999.000  -999.000  -999.000  -999.000  -999.000  -999.000  -999.000  -999.000  -999.000  -999.000     2.805   281.982     4.214     0.262
 121.4895833    13.250     0.000     0.000     0.000     0.000  -999.000  -999.000  -999.000  -999.000  -999.000  -999.000  -999.000  -999.000  -999.000  -999.000  -999.000  -999.000  -999.000  -999.000  -999.000  -999.000  -999.000  -999.000     2.696   281.972     4.215     0.271
 121.4895833    12.750     0.000     0.000     0.000     0.000  -999.000  -999.000  -999.000  -999.000  -999.000  -999.000  -999.000  -999.000  -999.000  -999.000  -999.000  -999.000  -999.000  -999.000  -999.000  -999.000  -999.000  -999.000     2.579   281.962     4.216     0.282
 121.4895833    12.250     0.000     0.000     0.000     0.000  -999.000  -999.000  -999.000  -999.000  -999.000  -999.000  -999.000  -999.000  -999.000  -999.000  -999.000  -999.000  -999.000  -999.000  -999.000  -999.000  -999.000  -999.000     2.453   281.951     4.216     0.293
 121.4895833    11.750     0.000     0.000     0.000     0.000  -999.000  -999.000  -999.000  -999.000  -999.000  -999.000  -999.000  -999.000  -999.000  -999.000  -999.000  -999.000  -999.000  -999.000  -999.000  -999.000  -999.000  -999.000     2.315   281.940     4.217     0.307
 121.4895833    11.250     0.000     0.000     0.000     0.000  -999.000  -999.000  -999.000  -999.000  -999.000  -999.000  -999.000  -999.000  -999.000  -999.000  -999.000  -999.000  -999.000  -999.000  -999.000  -999.000  -999.000  -999.000     2.163   281.928     4.218     0.322
 121.4895833    10.750     0.000     0.000     0.000     0.000  -999.000  -999.000  -999.000  -999.000  -999.000  -999.000  -999.000  -999.000  -999.000  -999.000  -999.000  -999.000  -999.000  -999.000  -999.000  -999.000  -999.000  -999.000     1.991   281.916     4.219     0.342
 121.4895833    10.250     0.000     0.000     0.000     0.000  -999.000  -999.000  -999.000  -999.000  -999.000  -999.000  -999.000  -999.000  -999.000  -999.000  -999.000  -999.000  -999.000  -999.000  -999.000  -999.000  -999.000  -999.000     1.791   281.902     4.220     0.368
 121.4895833     9.750     0.581     0.304     0.177     0.127   -65.841   -65.841   -66.012   -66.012     0.277     0.277    -0.710    -0.702     0.000     0.000     0.002     0.002    -0.345    -0.345   280.988   280.988   122.789   121.512     1.558   281.887     4.221     0.412
 121.4895833     9.250     0.147     0.413     0.061     0.352   -56.299   -56.299   -56.472   -56.472     0.278     0.278    -0.679    -0.672     0.000     0.000     0.002     0.002    -0.340    -0.340   281.046   281.046   116.918   115.838     1.349   281.874     4.222     0.469
 121.4895833     8.750     0.027     0.446     0.012     0.434   -46.045   -46.045   -46.220   -46.220     0.280     0.280    -0.642    -0.636     0.000     0.000     0.002     0.002    -0.335    -0.335   281.135   281.135   109.915   108.886     1.167   281.863     4.223     0.542
 121.4895833     8.250     0.005     0.454     0.002     0.452   -36.910   -36.910   -37.086   -37.086     0.282     0.282    -0.605    -0.599     0.000     0.000     0.002     0.002    -0.330    -0.330   281.228   281.228   102.927   101.954     1.010   281.855     4.225     0.627
 121.4895833     7.750     0.001     0.448     0.000     0.447   -29.129   -29.129   -29.307   -29.307     0.283     0.283    -0.570    -0.565     0.000     0.000     0.002     0.002    -0.326    -0.326   281.318   281.318    96.318    95.434     0.874   281.851     4.227     0.725
 121.4895833     7.250     0.000     0.432     0.000     0.432   -22.604   -22.604   -22.782   -22.782     0.284     0.284    -0.537    -0.532     0.000     0.000     0.002     0.002    -0.321    -0.321   281.406   281.406    90.243    89.468     0.756   281.850     4.229     0.838
 121.4895833     6.750     0.000     0.411     0.000     0.411   -17.147   -17.147   -17.325   -17.325     0.285     0.285    -0.507    -0.503     0.000     0.000     0.002     0.002    -0.316    -0.316   281.490   281.490    84.761    84.100     0.654   281.853     4.231     0.968
 121.4895833     6.250     0.000     0.385     0.000     0.385   -12.570   -12.570   -12.746   -12.746     0.284     0.284    -0.481    -0.478     0.000     0.000     0.002     0.002    -0.311    -0.311   281.573   281.573    79.879    79.329     0.566   281.860     4.234     1.119
 121.4895833     5.750     0.000     0.356     0.000     0.356    -8.713    -8.713    -8.886    -8.886     0.283     0.283    -0.458    -0.455     0.000     0.000     0.002     0.002    -0.306    -0.306   281.656   281.656    75.580    75.133     0.490   281.870     4.237     1.294
 121.4895833     5.250     0.000     0.324     0.000     0.324    -5.454    -5.454    -5.623    -5.623     0.281     0.281    -0.438    -0.435     0.000     0.000     0.002     0.002    -0.301    -0.301   281.739   281.739    71.831    71.476     0.424   281.883     4.241     1.496
 121.4895833     4.750     0.000     0.291     0.000     0.291    -2.704    -2.704    -2.870    -2.870     0.279     0.279    -0.420    -0.419     0.000     0.000     0.002     0.002    -0.296    -0.296   281.822   281.822    68.595    68.320     0.367   281.899     4.245     1.729
 121.4895833     4.250     0.000     0.257     0.000     0.257    -0.407    -0.407    -0.566    -0.566     0.275     0.275    -0.406    -0.404     0.000     0.000     0.002     0.002    -0.291    -0.291   281.906   281.906    65.833    65.626     0.318   281.918     4.249     1.999
 121.4895833     3.750     0.000     0.223     0.000     0.223     1.499     1.499     1.348     1.348     0.269     0.269    -0.393    -0.393     0.000     0.000     0.002     0.002    -0.286    -0.286   281.986   281.986    63.505    63.354     0.275   281.940     4.255     2.311
 121.4895833     3.250     0.000     0.189     0.000     0.189     3.034     3.034     2.893     2.893     0.262     0.262    -0.383    -0.383     0.000     0.000     0.002     0.002    -0.281    -0.281   282.062   282.062    61.575    61.469     0.238   281.966     4.261     2.671
 121.4895833     2.750     0.000     0.155     0.000     0.155     4.191     4.191     4.064     4.064     0.252     0.252    -0.376    -0.375     0.000     0.000     0.002     0.002    -0.276    -0.276   282.134   282.134    60.008    59.938     0.206   281.994     4.268     3.088
 121.4895833     2.250     0.000     0.122     0.000     0.122     4.970     4.970     4.859     4.859     0.238     0.238    -0.370    -0.369     0.000     0.000     0.002     0.002    -0.271    -0.271   282.202   282.202    58.773    58.730     0.178   282.026     4.276     3.570
 121.4895833     1.750     0.000     0.091     0.000     0.091     5.355     5.355     5.267     5.267     0.219     0.219    -0.365    -0.365     0.000     0.000     0.002     0.002    -0.266    -0.266   282.263   282.263    57.839    57.815     0.154   282.062     4.285     4.126
 121.4895833     1.250     0.000     0.062     0.000     0.062     5.296     5.296     5.238     5.238     0.192     0.192    -0.362    -0.362     0.000     0.000     0.002     0.002    -0.261    -0.261   282.314   282.314    57.178    57.167     0.133   282.102     4.296     4.770
 121.4895833     0.750     0.000     0.036     0.000     0.036     4.555     4.555     4.541     4.541     0.152     0.152    -0.360    -0.360     0.000     0.000     0.002     0.002    -0.256    -0.256   282.343   282.343    56.761    56.757     0.115   282.147     4.309     5.514
 121.4895833     0.250     0.000     0.000     0.000     0.000  -999.000  -999.000  -999.000  -999.000  -999.000  -999.000  -999.000  -999.000  -999.000  -999.000  -999.000  -999.000  -999.000  -999.000  -999.000  -999.000  -999.000  -999.000     0.100   282.199     4.323     6.375
 121.5104167    22.750     0.000     0.000     0.000     0.000  -999.000  -999.000  -999.000  -999.000  -999.000  -999.000  -999.000  -999.000  -999.000  -999.000  -999.000  -999.000  -999.000  -999.000  -999.000  -999.000  -999.000  -999.000     4.169   281.976     4.166     0.077
 121.5104167    22.250     0.000     0.000     0.000     0.000  -999.000  -999.000  -999.000  -999.000  -999.000  -999.000  -999.000  -999.000  -999.000  -999.000  -999.000  -999.000  -999.000  -999.000  -999.000  -999.000  -999.000  -999.000     4.113   281.970     4.166     0.157
 121.5104167    21.750     0.000     0.000     0.000     0.000  -999.000  -999.000  -999.000  -999.000  -999.000  -999.000  -999.000  -999.000  -999.000  -999.000  -999.000  -999.000  -999.000  -999.000  -999.000  -999.000  -999.000  -999.000     4.054   281.963     4.167     0.161
 121.5104167    21.250     0.000     0.000     0.000     0.000  -999.000  -999.000  -999.000  -999.000  -999.000  -999.000  -999.000  -999.000  -999.000  -999.000  -999.000  -999.000  -999.000  -999.000  -999.000  -999.000  -999.000  -999.000     3.995   281.957     4.167     0.164
 121.5104167    20.750     0.000     0.000     0.000     0.000  -999.000  -999.000  -999.000  -999.000  -999.000  -999.000  -999.000  -999.000  -999.000  -999.000  -999.000  -999.000  -999.000  -999.000  -999.000  -999.000  -999.000  -999.000     3.934   281.950     4.168     0.167
 121.5104167    20.250     0.000     0.000     0.000     0.000  -999.000  -999.000  -999.000  -999.000  -999.000  -999.000  -999.000  -999.000  -999.000  -999.000  -999.000  -999.000  -999.000  -999.000  -999.000  -999.000  -999.000  -999.000     3.871   281.943     4.168     0.171
 121.5104167    19.750     0.000     0.000     0.000     0.000  -999.000  -999.000  -999.000  -999.000  -999.000  -999.000  -999.000  -999.000  -999.000  -999.000  -999.000  -999.000  -999.000  -999.000  -999.000  -999.000  -999.000  -999.000     3.807   281.936     4.169     0.175
 121.5104167    19.250     0.000     0.000     0.000     0.000  -999.000  -999.000  -999.000  -999.000  -999.000  -999.000  -999.000  -999.000  -999.000  -999.000  -999.000  -999.000  -999.000  -999.000  -999.000  -999.000  -999.000  -999.000     3.740   281.929     4.170     0.179
 121.5104167    18.750     0.000     0.000     0.000     0.000  -999.000  -999.000  -999.000  -999.000  -999.000  -999.000  -999.000  -999.000  -999.000  -999.000  -999.000  -999.000  -999.000  -999.000  -999.000  -999.000  -999.000  -999.000     3.672   281.922     4.170     0.183
 121.5104167    18.250     0.000     0.000     0.000     0.000  -999.000  -999.000  -999.000  -999.000  -999.000  -999.000  -999.000  -999.000  -999.000  -999.000  -999.000  -999.000  -999.000  -999.000  -999.000  -999.000  -999.000  -999.000     3.601   281.914     4.171     0.188
 121.5104167    17.750     0.000     0.000     0.000     0.000  -999.000  -999.000  -999.000  -999.000  -999.000  -999.000  -999.000  -999.000  -999.000  -999.000  -999.000  -999.000  -999.000  -999.000  -999.000  -999.000  -999.000  -999.000     3.528   281.906     4.172     0.192
 121.5104167    17.250     0.000     0.000     0.000     0.000  -999.000  -999.000  -999.000  -999.000  -999.000  -999.000  -999.000  -999.000  -999.000  -999.000  -999.000  -999.000  -999.000  -999.000  -999.000  -999.000  -999.000  -999.000     3.452   281.899     4.172     0.197
 121.5104167    16.750     0.000     0.000     0.000     0.000  -999.000  -999.000  -999.000  -999.000  -999.000  -999.000  -999.000  -999.000  -999.000  -999.000  -999.000  -999.000  -999.000  -999.000  -999.000  -999.000  -999.000  -999.000     3.374   281.890     4.173     0.203
 121.5104167    16.250     0.000     0.000     0.000     0.000  -999.000  -999.000  -999.000  -999.000  -999.000  -999.000  -999.000  -999.000  -999.000  -999.000  -999.000  -999.000  -999.000  -999.000  -999.000  -999.000  -999.000  -999.000     3.292   281.882     4.174     0.208
 121.5104167    15.750     0.000     0.000     0.000     0.000  -999.000  -999.000  -999.000  -999.000  -999.000  -999.000  -999.000  -999.000  -999.000  -999.000  -999.000  -999.000  -999.000  -999.000  -999.000  -999.000  -999.000  -999.000     3.207   281.873     4.174     0.214
 121.5104167    15.250     0.000     0.000     0.000     0.000  -999.000  -999.000  -999.000  -999.000  -999.000  -999.000  -999.000  -999.000  -999.000  -999.000  -999.000  -999.000  -999.000  -999.000  -999.000  -999.000  -999.000  -999.000     3.119   281.865     4.175     0.220
 121.5104167    14.750     0.000     0.000     0.000     0.000  -999.000  -999.000  -999.000  -999.000  -999.000  -999.000  -999.000  -999.000  -999.000  -999.000  -999.000  -999.000  -999.000  -999.000  -999.000  -999.000  -999.000  -999.000     3.025   281.855     4.176     0.227
 121.5104167    14.250     0.000     0.000     0.000     0.000  -999.000  -999.000  -999.000  -999.000  -999.000  -999.000  -999.000  -999.000  -999.000  -999.000  -999.000  -999.000  -999.000  -999.000  -999.000  -999.000  -999.000  -999.000     2.928   281.846     4.176     0.234
 121.5104167    13.750     0.000     0.000     0.000     0.000  -999.000  -999.000  -999.000  -999.000  -999.000  -999.000  -999.000  -999.000  -999.000  -999.000  -999.000  -999.000  -999.000  -999.000  -999.000  -999.000  -999.000  -999.000     2.824   281.836     4.177     0.242
 121.5104167    13.250     0.000     0.000     0.000     0.000  -999.000  -999.000  -999.000  -999.000  -999.000  -999.000  -999.000  -999.000  -999.000  -999.000  -999.000  -999.000  -999.000  -999.000  -999.000  -999.000  -999.000  -999.000     2.714   281.826     4.178     0.251
 121.5104167    12.750     0.000     0.000     0.000     0.000  -999.000  -999.000  -999.000  -999.000  -999.000  -999.000  -999.000  -999.000  -999.000  -999.000  -999.000  -999.000  -999.000  -999.000  -999.000  -999.000  -999.000  -999.000     2.596   281.815     4.179     0.261
 121.5104167    12.250     0.000     0.000     0.000     0.000  -999.000  -999.000  -999.000  -999.000  -999.000  -999.000  -999.000  -999.000  -999.000  -999.000  -999.000  -999.000  -999.000  -999.000  -999.000  -999.000  -999.000  -999.000     2.469   281.804     4.180     0.272
 121.5104167    11.750     0.000     0.000     0.000     0.000  -999.000  -999.000  -999.000  -999.000  -999.000  -999.000  -999.000  -999.000  -999.000  -999.000  -999.000  -999.000  -999.000  -999.000  -999.000  -999.000  -999.000  -999.000     2.331   281.793     4.181     0.284
 121.5104167    11.250     0.000     0.000     0.000     0.000  -999.000  -999.000  -999.000  -999.000  -999.000  -999.000  -999.000  -999.000  -999.000  -999.000  -999.000  -999.000  -999.000  -999.000  -999.000  -999.000  -999.000  -999.000     2.178   281.780     4.182     0.299
 121.5104167    10.750     0.000     0.000     0.000     0.000  -999.000  -999.000  -999.000  -999.000  -999.000  -999.000  -999.000  -999.000  -999.000  -999.000  -999.000  -999.000  -999.000  -999.000  -999.000  -999.000  -999.000  -999.000     2.005   281.768     4.182     0.317
 121.5104167    10.250     0.000     0.000     0.000     0.000  -999.000  -999.000  -999.000  -999.000  -999.000  -999.000  -999.000  -999.000  -999.000  -999.000  -999.000  -999.000  -999.000  -999.000  -999.000  -999.000  -999.000  -999.000     1.803   281.754     4.183     0.341
 121.5104167     9.750     0.581     0.304     0.177     0.127   -67.017   -67.017   -67.222   -67.222     0.273     0.273    -0.702    -0.694     0.000     0.000     0.002     0.002    -0.345    -0.345   280.822   280.822   122.789   121.512     1.569   281.738     4.185     0.381
 121.5104167     9.250     0.147     0.413     0.061     0.352   -57.343   -57.343   -57.548   -57.548     0.274     0.274    -0.671    -0.665     0.000     0.000     0.002     0.002    -0.340    -0.340   280.881   280.881   116.918   115.838     1.358   281.724     4.186     0.434
 121.5104167     8.750     0.027     0.446     0.012     0.434   -46.945   -46.945   -47.153   -47.153     0.276     0.276    -0.634    -0.629     0.000     0.000     0.002     0.002    -0.335    -0.335   280.971   280.971   109.915   108.886     1.175   281.712     4.187     0.501
 121.5104167     8.250     0.005     0.454     0.002     0.452   -37.689   -37.689   -37.899   -37.899     0.278     0.278    -0.598    -0.592     0.000     0.000     0.002     0.002    -0.330    -0.330   281.063   281.063   102.927   101.954     1.016   281.704     4.189     0.579
 121.5104167     7.750     0.001     0.448     0.000     0.447   -29.813   -29.813   -30.024   -30.024     0.279     0.279    -0.563    -0.558     0.000     0.000     0.002     0.002    -0.325    -0.325   281.154   281.154    96.318    95.434     0.880   281.699     4.191     0.668
 121.5104167     7.250     0.000     0.432     0.000     0.432   -23.217   -23.217   -23.429   -23.429     0.280     0.280    -0.531    -0.526     0.000     0.000     0.002     0.002    -0.321    -0.321   281.241   281.241    90.243    89.468     0.761   281.698     4.193     0.772
 121.5104167     6.750     0.000     0.411     0.000     0.411   -17.709   -17.709   -17.920   -17.920     0.280     0.280    -0.501    -0.497     0.000     0.000     0.002     0.002    -0.316    -0.316   281.325   281.325    84.761    84.100     0.659   281.700     4.195     0.892
 121.5104167     6.250     0.000     0.385     0.000     0.385   -13.095   -13.095   -13.306   -13.306     0.280     0.280    -0.475    -0.472     0.000     0.000     0.002     0.002    -0.311    -0.311   281.407   281.407    79.879    79.329     0.570   281.706     4.198     1.031
 121.5104167     5.750     0.000     0.356     0.000     0.356    -9.212    -9.212    -9.421    -9.421     0.279     0.279    -0.452    -0.449     0.000     0.000     0.002     0.002    -0.306    -0.306   281.488   281.488    75.580    75.133     0.493   281.715     4.201     1.190
 121.5104167     5.250     0.000     0.324     0.000     0.324    -5.933    -5.933    -6.140    -6.140     0.277     0.277    -0.432    -0.430     0.000     0.000     0.002     0.002    -0.301    -0.301   281.569   281.569    71.831    71.476     0.427   281.727     4.205     1.375
 121.5104167     4.750     0.000     0.291     0.000     0.291    -3.169    -3.169    -3.371    -3.371     0.274     0.274    -0.415    -0.413     0.000     0.000     0.002     0.002    -0.296    -0.296   281.650   281.650    68.595    68.320     0.369   281.742     4.209     1.589
 121.5104167     4.250     0.000     0.257     0.000     0.257    -0.858    -0.858    -1.055    -1.055     0.270     0.270    -0.400    -0.399     0.000     0.000     0.002     0.002    -0.291    -0.291   281.731   281.731    65.833    65.626     0.320   281.761     4.214     1.835
 121.5104167     3.750     0.000     0.223     0.000     0.223     1.053     1.053     0.862     0.862     0.264     0.264    -0.388    -0.387     0.000     0.000     0.002     0.002    -0.286    -0.286   281.810   281.810    63.505    63.354     0.276   281.782     4.219     2.120
 121.5104167     3.250     0.000     0.189     0.000     0.189     2.600     2.600     2.417     2.417     0.257     0.257    -0.378    -0.377     0.000     0.000     0.002     0.002    -0.281    -0.281   281.883   281.883    61.575    61.469     0.239   281.806     4.225     2.449
 121.5104167     2.750     0.000     0.155     0.000     0.155     3.774     3.774     3.602     3.602     0.247     0.247    -0.370    -0.370     0.000     0.000     0.002     0.002    -0.276    -0.276   281.953   281.953    60.008    59.938     0.207   281.833     4.232     2.829
 121.5104167     2.250     0.000     0.122     0.000     0.122     4.575     4.575     4.417     4.417     0.233     0.233    -0.364    -0.364     0.000     0.000     0.002     0.002    -0.271    -0.271   282.019   282.019    58.773    58.730     0.179   281.864     4.240     3.268
 121.5104167     1.750     0.000     0.091     0.000     0.091     4.990     4.990     4.852     4.852     0.214     0.214    -0.360    -0.359     0.000     0.000     0.002     0.002    -0.266    -0.266   282.078   282.078    57.839    57.815     0.155   281.898     4.249     3.776
 121.5104167     1.250     0.000     0.062     0.000     0.062     4.971     4.971     4.860     4.860     0.188     0.188    -0.357    -0.357     0.000     0.000     0.002     0.002    -0.261    -0.261   282.127   282.127    57.178    57.167     0.134   281.936     4.260     4.362
 121.5104167     0.750     0.000     0.036     0.000     0.036     4.296     4.296     4.224     4.224     0.149     0.149    -0.355    -0.355     0.000     0.000     0.002     0.002    -0.256    -0.256   282.156   282.156    56.761    56.757     0.116   281.980     4.272     5.039
 121.5104167     0.250     0.000     0.000     0.000     0.000  -999.000  -999.000  -999.000  -999.000  -999.000  -999.000  -999.000  -999.000  -999.000  -999.000  -999.000  -999.000  -999.000  -999.000  -999.000  -999.000  -999.000  -999.000     0.100   282.029     4.285     5.821
 121.5312500    22.750     0.000     0.000     0.000     0.000  -999.000  -999.000  -999.000  -999.000  -999.000  -999.000  -999.000  -999.000  -999.000  -999.000  -999.000  -999.000  -999.000  -999.000  -999.000  -999.000  -999.000  -999.000     3.230   281.809     4.107     0.102
 121.5312500    22.250     0.000     0.000     0.000     0.000  -999.000  -999.000  -999.000  -999.000  -999.000  -999.000  -999.000  -999.000  -999.000  -999.000  -999.000  -999.000  -999.000  -999.000  -999.000  -999.000  -999.000  -999.000     3.178   281.797     4.107     0.207
 121.5312500    21.750     0.000     0.000     0.000     0.000  -999.000  -999.000  -999.000  -999.000  -999.000  -999.000  -999.000  -999.000  -999.000  -999.000  -999.000  -999.000  -999.000  -999.000  -999.000  -999.000  -999.000  -999.000     3.126   281.786     4.108     0.211
 121.5312500    21.250     0.000     0.000     0.000     0.000  -999.000  -999.000  -999.000  -999.000  -999.000  -999.000  -999.000  -999.000  -999.000  -999.000  -999.000  -999.000  -999.000  -999.000  -999.000  -999.000  -999.000  -999.000     3.072   281.774     4.109     0.215
 121.5312500    20.750     0.000     0.000     0.000     0.000  -999.000  -999.000  -999.000  -999.000  -999.000  -999.000  -999.000  -999.000  -999.000  -999.000  -999.000  -999.000  -999.000  -999.000  -999.000  -999.000  -999.000  -999.000     3.017   281.762     4.110     0.219
 121.5312500    20.250     0.000     0.000     0.000     0.000  -999.000  -999.000  -999.000  -999.000  -999.000  -999.000  -999.000  -999.000  -999.000  -999.000  -999.000  -999.000  -999.000  -999.000  -999.000  -999.000  -999.000  -999.000     2.962   281.750     4.110     0.223
 121.5312500    19.750     0.000     0.000     0.000     0.000  -999.000  -999.000  -999.000  -999.000  -999.000  -999.000  -999.000  -999.000  -999.000  -999.000  -999.000  -999.000  -999.000  -999.000  -999.000  -999.000  -999.000  -999.000     2.905   281.737     4.111     0.228
 121.5312500    19.250     0.000     0.000     0.000     0.000  -999.000  -999.000  -999.000  -999.000  -999.000  -999.000  -999.000  -999.000  -999.000  -999.000  -999.000  -999.000  -999.000  -999.000  -999.000  -999.000  -999.000  -999.000     2.846   281.725     4.112     0.232
 121.5312500    18.750     0.000     0.000     0.000     0.000  -999.000  -999.000  -999.000  -999.000  -999.000  -999.000  -999.000  -999.000  -999.000  -999.000  -999.000  -999.000  -999.000  -999.000  -999.000  -999.000  -999.000  -999.000     2.787   281.712     4.113     0.237
 121.5312500    18.250     0.000     0.000     0.000     0.000  -999.000  -999.000  -999.000  -999.000  -999.000  -999.000  -999.000  -999.000  -999.000  -999.000  -999.000  -999.000  -999.000  -999.000  -999.000  -999.000  -999.000  -999.000     2.726   281.699     4.113     0.243
 121.5312500    17.750     0.000     0.000     0.000     0.000  -999.000  -999.000  -999.000  -999.000  -999.000  -999.000  -999.000  -999.000  -999.000  -999.000  -999.000  -999.000  -999.000  -999.000  -999.000  -999.000  -999.000  -999.000     2.663   281.685     4.114     0.248
 121.5312500    17.250     0.000     0.000     0.000     0.000  -999.000  -999.000  -999.000  -999.000  -999.000  -999.000  -999.000  -999.000  -999.000  -999.000  -999.000  -999.000  -999.000  -999.000  -999.000  -999.000  -999.000  -999.000     2.598   281.672     4.115     0.254
 121.5312500    16.750     0.000     0.000     0.000     0.000  -999.000  -999.000  -999.000  -999.000  -999.000  -999.000  -999.000  -999.000  -999.000  -999.000  -999.000  -999.000  -999.000  -999.000  -999.000  -999.000  -999.000  -999.000     2.532   281.658     4.116     0.260
 121.5312500    16.250     0.000     0.000     0.000     0.000  -999.000  -999.000  -999.000  -999.000  -999.000  -999.000  -999.000  -999.000  -999.000  -999.000  -999.000  -999.000  -999.000  -999.000  -999.000  -999.000  -999.000  -999.000     2.464   281.643     4.117     0.267
 121.5312500    15.750     0.000     0.000     0.000     0.000  -999.000  -999.000  -999.000  -999.000  -999.000  -999.000  -999.000  -999.000  -999.000  -999.000  -999.000  -999.000  -999.000  -999.000  -999.000  -999.000  -999.000  -999.000     2.393   281.628     4.118     0.274
 121.5312500    15.250     0.000     0.000     0.000     0.000  -999.000  -999.000  -999.000  -999.000  -999.000  -999.000  -999.000  -999.000  -999.000  -999.000  -999.000  -999.000  -999.000  -999.000  -999.000  -999.000  -999.000  -999.000     2.320   281.613     4.119     0.281
 121.5312500    14.750     0.000     0.000     0.000     0.000  -999.000  -999.000  -999.000  -999.000  -999.000  -999.000  -999.000  -999.000  -999.000  -999.000  -999.000  -999.000  -999.000  -999.000  -999.000  -999.000  -999.000  -999.000     2.243   281.598     4.119     0.289
 121.5312500    14.250     0.000     0.000     0.000     0.000  -999.000  -999.000  -999.000  -999.000  -999.000  -999.000  -999.000  -999.000  -999.000  -999.000  -999.000  -999.000  -999.000  -999.000  -999.000  -999.000  -999.000  -999.000     2.164   281.582     4.120     0.298
 121.5312500    13.750     0.000     0.000     0.000     0.000  -999.000  -999.000  -999.000  -999.000  -999.000  -999.000  -999.000  -999.000  -999.000  -999.000  -999.000  -999.000  -999.000  -999.000  -999.000  -999.000  -999.000  -999.000     2.081   281.566     4.121     0.307
 121.5312500    13.250     0.000     0.000     0.000     0.000  -999.000  -999.000  -999.000  -999.000  -999.000  -999.000  -999.000  -999.000  -999.000  -999.000  -999.000  -999.000  -999.000  -999.000  -999.000  -999.000  -999.000  -999.000     1.993   281.549     4.122     0.318
 121.5312500    12.750     0.000     0.000     0.000     0.000  -999.000  -999.000  -999.000  -999.000  -999.000  -999.000  -999.000  -999.000  -999.000  -999.000  -999.000  -999.000  -999.000  -999.000  -999.000  -999.000  -999.000  -999.000     1.900   281.531     4.123     0.329
 121.5312500    12.250     0.000     0.000     0.000     0.000  -999.000  -999.000  -999.000  -999.000  -999.000  -999.000  -999.000  -999.000  -999.000  -999.000  -999.000  -999.000  -999.000  -999.000  -999.000  -999.000  -999.000  -999.000     1.800   281.513     4.124     0.342
 121.5312500    11.750     0.000     0.000     0.000     0.000  -999.000  -999.000  -999.000  -999.000  -999.000  -999.000  -999.000  -999.000  -999.000  -999.000  -999.000  -999.000  -999.000  -999.000  -999.000  -999.000  -999.000  -999.000     1.692   281.493     4.126     0.358
 121.5312500    11.250     0.000     0.000     0.000     0.000  -999.000  -999.000  -999.000  -999.000  -999.000  -999.000  -999.000  -999.000  -999.000  -999.000  -999.000  -999.000  -999.000  -999.000  -999.000  -999.000  -999.000  -999.000     1.574   281.473     4.127     0.376
 121.5312500    10.750     0.000     0.000     0.000     0.000  -999.000  -999.000  -999.000  -999.000  -999.000  -999.000  -999.000  -999.000  -999.000  -999.000  -999.000  -999.000  -999.000  -999.000  -999.000  -999.000  -999.000  -999.000     1.441   281.452     4.128     0.399
 121.5312500    10.250     0.000     0.000     0.000     0.000  -999.000  -999.000  -999.000  -999.000  -999.000  -999.000  -999.000  -999.000  -999.000  -999.000  -999.000  -999.000  -999.000  -999.000  -999.000  -999.000  -999.000  -999.000     1.286   281.428     4.129     0.430
 121.5312500     9.750     0.581     0.304     0.177     0.127   -66.773   -67.652   -67.250   -67.715     0.672     0.264    -0.357    -0.563    14.405     4.795     0.005     0.002    -0.349    -0.345   280.351   280.337   122.789   121.512     1.107   281.402     4.131     0.482
 121.5312500     9.250     0.147     0.413     0.061     0.352   -56.969   -57.848   -57.409   -57.911     0.633     0.264    -0.344    -0.550    13.691     4.125     0.005     0.002    -0.344    -0.340   280.414   280.395   116.918   115.838     0.947   281.378     4.133     0.552
 121.5312500     8.750     0.027     0.446     0.012     0.434   -46.472   -47.352   -46.921   -47.420     0.639     0.267    -0.326    -0.532    12.927     3.390     0.005     0.002    -0.339    -0.335   280.511   280.490   109.915   108.886     0.810   281.358     4.134     0.640
 121.5312500     8.250     0.005     0.454     0.002     0.452   -37.142   -38.023   -37.562   -38.097     0.603     0.269    -0.306    -0.513    12.260     2.751     0.005     0.002    -0.334    -0.330   280.619   280.592   102.927   101.954     0.692   281.344     4.137     0.742
 121.5312500     7.750     0.001     0.448     0.000     0.447   -29.213   -30.095   -29.642   -30.176     0.607     0.270    -0.285    -0.492    11.712     2.230     0.005     0.002    -0.329    -0.325   280.724   280.695    96.318    95.434     0.592   281.336     4.139     0.860
 121.5312500     7.250     0.000     0.432     0.000     0.432   -22.581   -23.465   -23.020   -23.553     0.610     0.271    -0.264    -0.471    11.272     1.817     0.005     0.002    -0.324    -0.320   280.827   280.796    90.243    89.468     0.506   281.334     4.142     0.998
 121.5312500     6.750     0.000     0.411     0.000     0.411   -17.054   -17.940   -17.463   -18.035     0.571     0.272    -0.244    -0.451    10.923     1.493     0.004     0.002    -0.319    -0.315   280.936   280.896    84.761    84.100     0.433   281.338     4.146     1.157
 121.5312500     6.250     0.000     0.385     0.000     0.385   -12.436   -13.326   -12.856   -13.429     0.571     0.272    -0.225    -0.432    10.648     1.241     0.004     0.002    -0.314    -0.311   281.040   280.997    79.879    79.329     0.370   281.349     4.150     1.342
 121.5312500     5.750     0.000     0.356     0.000     0.356    -8.564    -9.458    -8.993    -9.568     0.570     0.271    -0.208    -0.415    10.430     1.046     0.004     0.002    -0.309    -0.306   281.146   281.099    75.580    75.133     0.317   281.366     4.155     1.556
 121.5312500     5.250     0.000     0.324     0.000     0.324    -5.310    -6.208    -5.747    -6.326     0.567     0.270    -0.193    -0.400    10.256     0.894     0.004     0.002    -0.304    -0.301   281.254   281.202    71.831    71.476     0.271   281.388     4.160     1.805
 121.5312500     4.750     0.000     0.291     0.000     0.291    -2.582    -3.485    -3.027    -3.611     0.563     0.267    -0.180    -0.387    10.114     0.776     0.004     0.002    -0.299    -0.296   281.364   281.308    68.595    68.320     0.232   281.417     4.167     2.093
 121.5312500     4.250     0.000     0.257     0.000     0.257    -0.317    -1.226    -0.767    -1.359     0.556     0.264    -0.169    -0.375     9.997     0.684     0.004     0.002    -0.294    -0.291   281.475   281.415    65.833    65.626     0.198   281.451     4.174     2.427
 121.5312500     3.750     0.000     0.223     0.000     0.223     1.536     0.620     1.085     0.481     0.546     0.259    -0.160    -0.366     9.898     0.613     0.004     0.002    -0.289    -0.286   281.579   281.520    63.505    63.354     0.169   281.491     4.183     2.814
 121.5312500     3.250     0.000     0.189     0.000     0.189     3.029     2.105     2.580     1.962     0.532     0.252    -0.153    -0.358     9.810     0.557     0.004     0.002    -0.284    -0.281   281.683   281.619    61.575    61.469     0.145   281.537     4.193     3.263
 121.5312500     2.750     0.000     0.155     0.000     0.155     4.151     3.216     3.709     3.073     0.512     0.242    -0.147    -0.352     9.729     0.515     0.004     0.002    -0.279    -0.276   281.786   281.716    60.008    59.938     0.124   281.588     4.205     3.784
 121.5312500     2.250     0.000     0.122     0.000     0.122     4.905     3.957     4.476     3.816     0.484     0.229    -0.143    -0.347     9.650     0.482     0.004     0.002    -0.274    -0.271   281.886   281.808    58.773    58.730     0.106   281.647     4.219     4.388
 121.5312500     1.750     0.000     0.091     0.000     0.091     5.285     4.321     4.878     4.186     0.446     0.211    -0.141    -0.343     9.565     0.457     0.004     0.002    -0.269    -0.266   281.983   281.895    57.839    57.815     0.091   281.714     4.236     5.088
 121.5312500     1.250     0.000     0.062     0.000     0.062     5.262     4.275     4.890     4.153     0.392     0.185    -0.141    -0.341     9.467     0.438     0.004     0.002    -0.263    -0.261   282.076   281.975    57.178    57.167     0.077   281.790     4.256     5.899
 121.5312500     0.750     0.000     0.036     0.000     0.036     4.668     3.649     4.354     3.550     0.312     0.147    -0.142    -0.340     9.338     0.423     0.004     0.002    -0.258    -0.256   282.162   282.041    56.761    56.757     0.066   281.879     4.280     6.840
 121.5312500     0.250     0.000     0.000     0.000     0.000  -999.000  -999.000  -999.000  -999.000  -999.000  -999.000  -999.000  -999.000  -999.000  -999.000  -999.000  -999.000  -999.000  -999.000  -999.000  -999.000  -999.000  -999.000     0.057   281.982     4.308     7.931
 121.5520833    22.750     0.000     0.000     0.000     0.000  -999.000  -999.000  -999.000  -999.000  -999.000  -999.000  -999.000  -999.000  -999.000  -999.000  -999.000  -999.000  -999.000  -999.000  -999.000  -999.000  -999.000  -999.000     2.777   282.013     4.023     0.723
 121.5520833    22.250     0.000     0.000     0.000     0.000  -999.000  -999.000  -999.000  -999.000  -999.000  -999.000  -999.000  -999.000  -999.000  -999.000  -999.000  -999.000  -999.000  -999.000  -999.000  -999.000  -999.000  -999.000     2.701   281.924     4.031     1.456
 121.5520833    21.750     0.000     0.000     0.000     0.000  -999.000  -999.000  -999.000  -999.000  -999.000  -999.000  -999.000  -999.000  -999.000  -999.000  -999.000  -999.000  -999.000  -999.000  -999.000  -999.000  -999.000  -999.000     2.624   281.836     4.038     1.468
 121.5520833    21.250     0.000     0.000     0.000     0.000  -999.000  -999.000  -999.000  -999.000  -999.000  -999.000  -999.000  -999.000  -999.000  -999.000  -999.000  -999.000  -999.000  -999.000  -999.000  -999.000  -999.000  -999.000     2.547   281.747     4.045     1.480
 121.5520833    20.750     0.000     0.000     0.000     0.000  -999.000  -999.000  -999.000  -999.000  -999.000  -999.000  -999.000  -999.000  -999.000  -999.000  -999.000  -999.000  -999.000  -999.000  -999.000  -999.000  -999.000  -999.000     2.469   281.660     4.052     1.493
 121.5520833    20.250     0.000     0.000     0.000     0.000  -999.000  -999.000  -999.000  -999.000  -999.000  -999.000  -999.000  -999.000  -999.000  -999.000  -999.000  -999.000  -999.000  -999.000  -999.000  -999.000  -999.000  -999.000     2.391   281.572     4.058     1.507
 121.5520833    19.750     0.000     0.000     0.000     0.000  -999.000  -999.000  -999.000  -999.000  -999.000  -999.000  -999.000  -999.000  -999.000  -999.000  -999.000  -999.000  -999.000  -999.000  -999.000  -999.000  -999.000  -999.000     2.313   281.484     4.065     1.521
 121.5520833    19.250     0.000     0.000     0.000     0.000  -999.000  -999.000  -999.000  -999.000  -999.000  -999.000  -999.000  -999.000  -999.000  -999.000  -999.000  -999.000  -999.000  -999.000  -999.000  -999.000  -999.000  -999.000     2.234   281.397     4.072     1.535
 121.5520833    18.750     0.000     0.000     0.000     0.000  -999.000  -999.000  -999.000  -999.000  -999.000  -999.000  -999.000  -999.000  -999.000  -999.000  -999.000  -999.000  -999.000  -999.000  -999.000  -999.000  -999.000  -999.000     2.155   281.309     4.078     1.550
 121.5520833    18.250     0.000     0.000     0.000     0.000  -999.000  -999.000  -999.000  -999.000  -999.000  -999.000  -999.000  -999.000  -999.000  -999.000  -999.000  -999.000  -999.000  -999.000  -999.000  -999.000  -999.000  -999.000     2.075   281.221     4.085     1.566
 121.5520833    17.750     0.000     0.000     0.000     0.000  -999.000  -999.000  -999.000  -999.000  -999.000  -999.000  -999.000  -999.000  -999.000  -999.000  -999.000  -999.000  -999.000  -999.000  -999.000  -999.000  -999.000  -999.000     1.995   281.133     4.091     1.582
 121.5520833    17.250     0.000     0.000     0.000     0.000  -999.000  -999.000  -999.000  -999.000  -999.000  -999.000  -999.000  -999.000  -999.000  -999.000  -999.000  -999.000  -999.000  -999.000  -999.000  -999.000  -999.000  -999.000     1.915   281.046     4.098     1.600
 121.5520833    16.750     0.000     0.000     0.000     0.000  -999.000  -999.000  -999.000  -999.000  -999.000  -999.000  -999.000  -999.000  -999.000  -999.000  -999.000  -999.000  -999.000  -999.000  -999.000  -999.000  -999.000  -999.000     1.833   280.957     4.104     1.618
 121.5520833    16.250     0.000     0.000     0.000     0.000  -999.000  -999.000  -999.000  -999.000  -999.000  -999.000  -999.000  -999.000  -999.000  -999.000  -999.000  -999.000  -999.000  -999.000  -999.000  -999.000  -999.000  -999.000     1.752   280.869     4.111     1.636
 121.5520833    15.750     0.000     0.000     0.000     0.000  -999.000  -999.000  -999.000  -999.000  -999.000  -999.000  -999.000  -999.000  -999.000  -999.000  -999.000  -999.000  -999.000  -999.000  -999.000  -999.000  -999.000  -999.000     1.670   280.780     4.117     1.657
 121.5520833    15.250     0.000     0.000     0.000     0.000  -999.000  -999.000  -999.000  -999.000  -999.000  -999.000  -999.000  -999.000  -999.000  -999.000  -999.000  -999.000  -999.000  -999.000  -999.000  -999.000  -999.000  -999.000     1.587   280.691     4.124     1.679
 121.5520833    14.750     0.000     0.000     0.000     0.000  -999.000  -999.000  -999.000  -999.000  -999.000  -999.000  -999.000  -999.000  -999.000  -999.000  -999.000  -999.000  -999.000  -999.000  -999.000  -999.000  -999.000  -999.000     1.503   280.602     4.130     1.701
 121.5520833    14.250     0.000     0.000     0.000     0.000  -999.000  -999.000  -999.000  -999.000  -999.000  -999.000  -999.000  -999.000  -999.000  -999.000  -999.000  -999.000  -999.000  -999.000  -999.000  -999.000  -999.000  -999.000     1.418   280.512     4.137     1.727
 121.5520833    13.750     0.000     0.000     0.000     0.000  -999.000  -999.000  -999.000  -999.000  -999.000  -999.000  -999.000  -999.000  -999.000  -999.000  -999.000  -999.000  -999.000  -999.000  -999.000  -999.000  -999.000  -999.000     1.332   280.422     4.143     1.757
 121.5520833    13.250     0.000     0.000     0.000     0.000  -999.000  -999.000  -999.000  -999.000  -999.000  -999.000  -999.000  -999.000  -999.000  -999.000  -999.000  -999.000  -999.000  -999.000  -999.000  -999.000  -999.000  -999.000     1.245   280.331     4.150     1.788
 121.5520833    12.750     0.000     0.000     0.000     0.000  -999.000  -999.000  -999.000  -999.000  -999.000  -999.000  -999.000  -999.000  -999.000  -999.000  -999.000  -999.000  -999.000  -999.000  -999.000  -999.000  -999.000  -999.000     1.157   280.239     4.157     1.827
 121.5520833    12.250     0.000     0.000     0.000     0.000  -999.000  -999.000  -999.000  -999.000  -999.000  -999.000  -999.000  -999.000  -999.000  -999.000  -999.000  -999.000  -999.000  -999.000  -999.000  -999.000  -999.000  -999.000     1.066   280.146     4.164     1.875
 121.5520833    11.750     0.000     0.000     0.000     0.000  -999.000  -999.000  -999.000  -999.000  -999.000  -999.000  -999.000  -999.000  -999.000  -999.000  -999.000  -999.000  -999.000  -999.000  -999.000  -999.000  -999.000  -999.000     0.972   280.051     4.171     1.931
 121.5520833    11.250     0.000     0.000     0.000     0.000  -999.000  -999.000  -999.000  -999.000  -999.000  -999.000  -999.000  -999.000  -999.000  -999.000  -999.000  -999.000  -999.000  -999.000  -999.000  -999.000  -999.000  -999.000     0.873   279.954     4.178     2.011
 121.5520833    10.750     0.000     0.000     0.000     0.000  -999.000  -999.000  -999.000  -999.000  -999.000  -999.000  -999.000  -999.000  -999.000  -999.000  -999.000  -999.000  -999.000  -999.000  -999.000  -999.000  -999.000  -999.000     0.768   279.852     4.186     2.129
 121.5520833    10.250     0.000     0.000     0.000     0.000  -999.000  -999.000  -999.000  -999.000  -999.000  -999.000  -999.000  -999.000  -999.000  -999.000  -999.000  -999.000  -999.000  -999.000  -999.000  -999.000  -999.000  -999.000     0.649   279.742     4.195     2.303
 121.5520833     9.750     0.581     0.304     0.177     0.127   -41.515   -57.034   -51.013   -58.646    10.130     2.454     3.920     0.827   168.936    41.315     0.154     0.034    -0.415    -0.362   278.818   278.310   122.789   121.512     0.514   279.613     4.205     2.659
 121.5520833     9.250     0.147     0.413     0.061     0.352   -31.742   -47.268   -40.628   -48.420     9.515     2.021     3.751     0.661   162.787    35.573     0.149     0.029    -0.406    -0.354   278.877   278.295   116.918   115.838     0.401   279.482     4.214     3.214
 121.5520833     8.750     0.027     0.446     0.012     0.434   -21.965   -37.513   -30.397   -38.195     9.051     1.574     3.568     0.477   156.175    29.243     0.143     0.022    -0.398    -0.346   278.994   278.332   109.915   108.886     0.313   279.368     4.221     3.911
 121.5520833     8.250     0.005     0.454     0.002     0.452   -13.484   -29.060   -21.555   -29.385     8.665     1.231     3.403     0.319   150.382    23.730     0.137     0.017    -0.390    -0.339   279.155   278.403   102.927   101.954     0.244   279.285     4.228     4.754
 121.5520833     7.750     0.001     0.448     0.000     0.447    -6.385   -21.991   -14.323   -22.067     8.499     0.977     3.263     0.193   145.601    19.236     0.129     0.013    -0.384    -0.332   279.337   278.517    96.318    95.434     0.191   279.240     4.234     5.771
 121.5520833     7.250     0.000     0.432     0.000     0.432    -0.551   -16.193    -8.337   -16.110     8.302     0.795     3.143     0.094   141.756    15.672     0.124     0.010    -0.378    -0.325   279.547   278.672    90.243    89.468     0.149   279.238     4.239     6.999
 121.5520833     6.750     0.000     0.411     0.000     0.411     4.174   -11.513    -3.651   -11.332     8.281     0.655     3.045     0.019   138.694    12.881     0.118     0.008    -0.373    -0.319   279.794   278.874    84.761    84.100     0.116   279.282     4.244     8.477
 121.5520833     6.250     0.000     0.385     0.000     0.385     7.955    -7.785     0.095    -7.543     8.241     0.537     2.962    -0.038   136.256    10.709     0.114     0.006    -0.368    -0.313   280.077   279.112    79.879    79.329     0.091   279.374     4.249    10.258
 121.5520833     5.750     0.000     0.356     0.000     0.356    10.939    -4.864     3.011    -4.611     8.220     0.453     2.894    -0.082   134.303     9.021     0.109     0.005    -0.363    -0.308   280.394   279.390    75.580    75.133     0.071   279.513     4.254    12.399
 121.5520833     5.250     0.000     0.324     0.000     0.324    13.253    -2.626     5.230    -2.391     8.216     0.386     2.838    -0.115   132.718     7.711     0.106     0.004    -0.358    -0.302   280.736   279.702    71.831    71.476     0.055   279.696     4.261    14.972
 121.5520833     4.750     0.000     0.291     0.000     0.291    15.020    -0.945     6.914    -0.749     8.189     0.339     2.793    -0.141   131.406     6.693     0.102     0.003    -0.353    -0.297   281.109   280.013    68.595    68.320     0.043   279.919     4.270    18.061
 121.5520833     4.250     0.000     0.257     0.000     0.257    16.355     0.287     8.145     0.420     8.196     0.317     2.755    -0.160   130.292     5.901     0.099     0.003    -0.348    -0.292   281.450   280.329    65.833    65.626     0.034   280.175     4.285    21.768
 121.5520833     3.750     0.000     0.223     0.000     0.223    17.344     1.154     9.098     1.246     8.143     0.272     2.723    -0.175   129.312     5.286     0.096     0.002    -0.343    -0.286   281.766   280.642    63.505    63.354     0.026   280.460     4.308    26.212
 121.5520833     3.250     0.000     0.189     0.000     0.189    17.997     1.663     9.765     1.701     8.034     0.238     2.698    -0.187   128.411     4.808     0.094     0.002    -0.337    -0.281   282.096   280.953    61.575    61.469     0.021   280.769     4.344    31.535
 121.5520833     2.750     0.000     0.155     0.000     0.155    18.323     1.814    10.240     1.772     7.783     0.233     2.678    -0.196   127.538     4.439     0.092     0.002    -0.331    -0.276   282.442   281.255    60.008    59.938     0.016   281.103     4.401    37.908
 121.5520833     2.250     0.000     0.122     0.000     0.122    18.286     1.558    10.461     1.450     7.406     0.207     2.663    -0.204   126.634     4.155     0.090     0.002    -0.324    -0.271   282.823   281.570    58.773    58.730     0.013   281.478     4.492    45.534
 121.5520833     1.750     0.000     0.091     0.000     0.091    17.849     0.840    10.413     0.644     6.865     0.191     2.653    -0.212   125.628     3.940     0.089     0.002    -0.315    -0.266   283.277   281.909    57.839    57.815     0.010   281.930     4.639    54.651
 121.5520833     1.250     0.000     0.062     0.000     0.062    16.974    -0.413    10.104    -0.720     6.081     0.166     2.647    -0.220   124.405     3.776     0.089     0.002    -0.305    -0.261   283.883   282.316    57.178    57.167     0.008   282.525     4.877    65.547
 121.5520833     0.750     0.000     0.036     0.000     0.036    15.677    -2.256     9.649    -2.753     4.897     0.129     2.639    -0.232   122.754     3.649     0.088     0.002    -0.291    -0.256   284.776   282.930    56.761    56.757     0.006   283.370     5.268    78.555
 121.5520833     0.250     0.000     0.000     0.000     0.000  -999.000  -999.000  -999.000  -999.000  -999.000  -999.000  -999.000  -999.000  -999.000  -999.000  -999.000  -999.000  -999.000  -999.000  -999.000  -999.000  -999.000  -999.000     0.005   284.478     5.842    92.160
 121.5729167    22.750     0.000     0.000     0.000     0.000  -999.000  -999.000  -999.000  -999.000  -999.000  -999.000  -999.000  -999.000  -999.000  -999.000  -999.000  -999.000  -999.000  -999.000  -999.000  -999.000  -999.000  -999.000     3.026   282.740     3.980     1.320
 121.5729167    22.250     0.000     0.000     0.000     0.000  -999.000  -999.000  -999.000  -999.000  -999.000  -999.000  -999.000  -999.000  -999.000  -999.000  -999.000  -999.000  -999.000  -999.000  -999.000  -999.000  -999.000  -999.000     2.942   282.664     3.994     2.647
 121.5729167    21.750     0.000     0.000     0.000     0.000  -999.000  -999.000  -999.000  -999.000  -999.000  -999.000  -999.000  -999.000  -999.000  -999.000  -999.000  -999.000  -999.000  -999.000  -999.000  -999.000  -999.000  -999.000     2.859   282.587     4.009     2.657
 121.5729167    21.250     0.000     0.000     0.000     0.000  -999.000  -999.000  -999.000  -999.000  -999.000  -999.000  -999.000  -999.000  -999.000  -999.000  -999.000  -999.000  -999.000  -999.000  -999.000  -999.000  -999.000  -999.000     2.774   282.511     4.024     2.667
 121.5729167    20.750     0.000     0.000     0.000     0.000  -999.000  -999.000  -999.000  -999.000  -999.000  -999.000  -999.000  -999.000  -999.000  -999.000  -999.000  -999.000  -999.000  -999.000  -999.000  -999.000  -999.000  -999.000     2.690   282.436     4.038     2.677
 121.5729167    20.250     0.000     0.000     0.000     0.000  -999.000  -999.000  -999.000  -999.000  -999.000  -999.000  -999.000  -999.000  -999.000  -999.000  -999.000  -999.000  -999.000  -999.000  -999.000  -999.000  -999.000  -999.000     2.605   282.360     4.054     2.687
 121.5729167    19.750     0.000     0.000     0.000     0.000  -999.000  -999.000  -999.000  -999.000  -999.000  -999.000  -999.000  -999.000  -999.000  -999.000  -999.000  -999.000  -999.000  -999.000  -999.000  -999.000  -999.000  -999.000     2.520   282.285     4.069     2.698
 121.5729167    19.250     0.000     0.000     0.000     0.000  -999.000  -999.000  -999.000  -999.000  -999.000  -999.000  -999.000  -999.000  -999.000  -999.000  -999.000  -999.000  -999.000  -999.000  -999.000  -999.000  -999.000  -999.000     2.434   282.210     4.084     2.708
 121.5729167    18.750     0.000     0.000     0.000     0.000  -999.000  -999.000  -999.000  -999.000  -999.000  -999.000  -999.000  -999.000  -999.000  -999.000  -999.000  -999.000  -999.000  -999.000  -999.000  -999.000  -999.000  -999.000     2.347   282.136     4.100     2.719
 121.5729167    18.250     0.000     0.000     0.000     0.000  -999.000  -999.000  -999.000  -999.000  -999.000  -999.000  -999.000  -999.000  -999.000  -999.000  -999.000  -999.000  -999.000  -999.000  -999.000  -999.000  -999.000  -999.000     2.261   282.062     4.116     2.729
 121.5729167    17.750     0.000     0.000     0.000     0.000  -999.000  -999.000  -999.000  -999.000  -999.000  -999.000  -999.000  -999.000  -999.000  -999.000  -999.000  -999.000  -999.000  -999.000  -999.000  -999.000  -999.000  -999.000     2.173   281.988     4.132     2.740
 121.5729167    17.250     0.000     0.000     0.000     0.000  -999.000  -999.000  -999.000  -999.000  -999.000  -999.000  -999.000  -999.000  -999.000  -999.000  -999.000  -999.000  -999.000  -999.000  -999.000  -999.000  -999.000  -999.000     2.086   281.915     4.149     2.751
 121.5729167    16.750     0.000     0.000     0.000     0.000  -999.000  -999.000  -999.000  -999.000  -999.000  -999.000  -999.000  -999.000  -999.000  -999.000  -999.000  -999.000  -999.000  -999.000  -999.000  -999.000  -999.000  -999.000     1.997   281.842     4.166     2.761
 121.5729167    16.250     0.000     0.000     0.000     0.000  -999.000  -999.000  -999.000  -999.000  -999.000  -999.000  -999.000  -999.000  -999.000  -999.000  -999.000  -999.000  -999.000  -999.000  -999.000  -999.000  -999.000  -999.000     1.908   281.770     4.183     2.772
 121.5729167    15.750     0.000     0.000     0.000     0.000  -999.000  -999.000  -999.000  -999.000  -999.000  -999.000  -999.000  -999.000  -999.000  -999.000  -999.000  -999.000  -999.000  -999.000  -999.000  -999.000  -999.000  -999.000     1.819   281.698     4.200     2.784
 121.5729167    15.250     0.000     0.000     0.000     0.000  -999.000  -999.000  -999.000  -999.000  -999.000  -999.000  -999.000  -999.000  -999.000  -999.000  -999.000  -999.000  -999.000  -999.000  -999.000  -999.000  -999.000  -999.000     1.728   281.626     4.218     2.795
 121.5729167    14.750     0.000     0.000     0.000     0.000  -999.000  -999.000  -999.000  -999.000  -999.000  -999.000  -999.000  -999.000  -999.000  -999.000  -999.000  -999.000  -999.000  -999.000  -999.000  -999.000  -999.000  -999.000     1.637   281.555     4.236     2.808
 121.5729167    14.250     0.000     0.000     0.000     0.000  -999.000  -999.000  -999.000  -999.000  -999.000  -999.000  -999.000  -999.000  -999.000  -999.000  -999.000  -999.000  -999.000  -999.000  -999.000  -999.000  -999.000  -999.000     1.545   281.485     4.255     2.822
 121.5729167    13.750     0.000     0.000     0.000     0.000  -999.000  -999.000  -999.000  -999.000  -999.000  -999.000  -999.000  -999.000  -999.000  -999.000  -999.000  -999.000  -999.000  -999.000  -999.000  -999.000  -999.000  -999.000     1.452   281.414     4.274     2.838
 121.5729167    13.250     0.000     0.000     0.000     0.000  -999.000  -999.000  -999.000  -999.000  -999.000  -999.000  -999.000  -999.000  -999.000  -999.000  -999.000  -999.000  -999.000  -999.000  -999.000  -999.000  -999.000  -999.000     1.357   281.345     4.293     2.858
 121.5729167    12.750     0.000     0.000     0.000     0.000  -999.000  -999.000  -999.000  -999.000  -999.000  -999.000  -999.000  -999.000  -999.000  -999.000  -999.000  -999.000  -999.000  -999.000  -999.000  -999.000  -999.000  -999.000     1.260   281.275     4.313     2.884
 121.5729167    12.250     0.000     0.000     0.000     0.000  -999.000  -999.000  -999.000  -999.000  -999.000  -999.000  -999.000  -999.000  -999.000  -999.000  -999.000  -999.000  -999.000  -999.000  -999.000  -999.000  -999.000  -999.000     1.161   281.205     4.333     2.920
 121.5729167    11.750     0.000     0.000     0.000     0.000  -999.000  -999.000  -999.000  -999.000  -999.000  -999.000  -999.000  -999.000  -999.000  -999.000  -999.000  -999.000  -999.000  -999.000  -999.000  -999.000  -999.000  -999.000     1.059   281.136     4.354     2.972
 121.5729167    11.250     0.000     0.000     0.000     0.000  -999.000  -999.000  -999.000  -999.000  -999.000  -999.000  -999.000  -999.000  -999.000  -999.000  -999.000  -999.000  -999.000  -999.000  -999.000  -999.000  -999.000  -999.000     0.952   281.065     4.376     3.056
 121.5729167    10.750     0.000     0.000     0.000     0.000  -999.000  -999.000  -999.000  -999.000  -999.000  -999.000  -999.000  -999.000  -999.000  -999.000  -999.000  -999.000  -999.000  -999.000  -999.000  -999.000  -999.000  -999.000     0.836   280.992     4.400     3.196
 121.5729167    10.250     0.000     0.000     0.000     0.000  -999.000  -999.000  -999.000  -999.000  -999.000  -999.000  -999.000  -999.000  -999.000  -999.000  -999.000  -999.000  -999.000  -999.000  -999.000  -999.000  -999.000  -999.000     0.708   280.914     4.426     3.458
 121.5729167     9.750     0.822     0.304     0.250     0.054    -6.777   -39.951   -33.534   -53.420    25.978    13.045     9.206     5.204   309.040   118.349     0.391     0.185    -0.484    -0.415   280.488   279.630   122.438   121.405     0.560   280.824     4.457     4.057
 121.5729167     9.250     0.513     0.413     0.212     0.201     1.100   -31.944   -23.774   -43.539    23.956    11.073     8.692     4.504   291.345   102.091     0.374     0.161    -0.469    -0.399   280.600   279.645   116.318   115.658     0.437   280.726     4.488     5.133
 121.5729167     8.750     0.290     0.446     0.129     0.317     9.126   -23.903   -14.155   -33.556    22.294     9.094     8.141     3.720   272.955    84.467     0.350     0.132    -0.456    -0.383   280.737   279.704   109.265   108.771     0.341   280.632     4.516     6.545
 121.5729167     8.250     0.159     0.454     0.072     0.381    16.002   -17.060    -5.880   -25.068    20.854     7.439     7.628     3.010   256.891    68.921     0.326     0.107    -0.444    -0.369   280.892   279.782   102.299   101.894     0.266   280.550     4.542     8.347
 121.5729167     7.750     0.087     0.448     0.039     0.409    21.675   -11.445     0.951   -18.049    19.671     6.045     7.177     2.410   243.625    56.080     0.305     0.085    -0.433    -0.357   281.062   279.871    95.745    95.405     0.208   280.488     4.564    10.643
 121.5729167     7.250     0.049     0.432     0.021     0.411    26.297    -6.899     6.465   -12.375    18.765     4.934     6.791     1.923   232.962    45.801     0.287     0.068    -0.423    -0.346   281.252   279.983    89.739    89.454     0.162   280.451     4.584    13.571
 121.5729167     6.750     0.028     0.411     0.011     0.400    30.027    -3.263    10.882    -7.831    18.072     4.054     6.468     1.535   224.500    37.703     0.270     0.054    -0.414    -0.336   281.467   280.116    84.330    84.093     0.127   280.442     4.602    17.305
 121.5729167     6.250     0.016     0.385     0.006     0.379    33.006    -0.396    14.452    -4.274    17.482     3.400     6.199     1.231   217.814    31.376     0.257     0.044    -0.406    -0.328   281.704   280.268    79.520    79.326     0.099   280.462     4.619    22.065
 121.5729167     5.750     0.010     0.356     0.004     0.352    35.339     1.804    17.266    -1.503    17.006     2.869     5.978     0.992   212.521    26.450     0.246     0.036    -0.398    -0.320   281.969   280.449    75.287    75.131     0.077   280.512     4.635    28.133
 121.5729167     5.250     0.006     0.324     0.002     0.322    37.141     3.453    19.444     0.637    16.639     2.425     5.798     0.805   208.303    22.618     0.236     0.029    -0.391    -0.313   282.259   280.647    71.598    71.475     0.060   280.593     4.652    35.869
 121.5729167     4.750     0.004     0.291     0.001     0.290    38.521     4.653    21.133     2.249    16.328     2.056     5.654     0.659   204.904    19.638     0.229     0.024    -0.384    -0.306   282.574   280.852    68.414    68.320     0.047   280.703     4.672    45.731
 121.5729167     4.250     0.003     0.257     0.001     0.256    39.495     5.417    22.374     3.295    16.063     1.816     5.541     0.546   202.118    17.319     0.222     0.021    -0.378    -0.299   282.885   281.069    65.696    65.625     0.037   280.844     4.698    58.304
 121.5729167     3.750     0.002     0.223     0.000     0.222    40.118     5.793    23.317     3.973    15.773     1.554     5.443     0.457   199.782    15.515     0.216     0.017    -0.371    -0.293   283.127   281.287    63.405    63.354     0.029   281.015     4.734    74.330
 121.5729167     3.250     0.002     0.189     0.000     0.188    40.376     5.757    23.931     4.151    15.439     1.375     5.371     0.387   197.760    14.115     0.210     0.015    -0.364    -0.287   283.387   281.511    61.505    61.469     0.022   281.222     4.786    94.759
 121.5729167     2.750     0.001     0.155     0.000     0.155    40.198     5.221    24.276     3.833    14.918     1.179     5.322     0.331   195.932    13.033     0.205     0.013    -0.356    -0.281   283.682   281.760    59.962    59.938     0.017   281.473     4.862   120.799
 121.5729167     2.250     0.001     0.122     0.000     0.122    39.570     4.148    24.303     2.918    14.249     1.040     5.299     0.287   194.183    12.202     0.203     0.012    -0.348    -0.276   284.031   282.031    58.744    58.730     0.014   281.784     4.972   153.991
 121.5729167     1.750     0.001     0.091     0.000     0.091    38.423     2.430    24.092     1.388    13.274     0.855     5.300     0.249   192.378    11.569     0.202     0.011    -0.338    -0.270   284.463   282.360    57.823    57.815     0.011   282.184     5.131   196.298
 121.5729167     1.250     0.001     0.062     0.000     0.062    36.907     0.146    23.924    -0.713    11.858     0.669     5.326     0.216   190.325    11.089     0.202     0.010    -0.326    -0.264   285.036   282.776    57.170    57.167     0.008   282.716     5.361   250.220
 121.5729167     0.750     0.001     0.036     0.000     0.036    35.585    -2.284    24.644    -2.949     9.724     0.496     5.376     0.183   187.688    10.715     0.202     0.010    -0.310    -0.258   285.871   283.340    56.758    56.757     0.006   283.446     5.696   318.946
 121.5729167     0.250     0.000     0.000     0.000     0.000  -999.000  -999.000  -999.000  -999.000  -999.000  -999.000  -999.000  -999.000  -999.000  -999.000  -999.000  -999.000  -999.000  -999.000  -999.000  -999.000  -999.000  -999.000     0.005   284.478     6.193   405.483
 121.5937500    22.750     0.000     0.000     0.000     0.000  -999.000  -999.000  -999.000  -999.000  -999.000  -999.000  -999.000  -999.000  -999.000  -999.000  -999.000  -999.000  -999.000  -999.000  -999.000  -999.000  -999.000  -999.000     2.515   283.367     4.319     1.298
 121.5937500    22.250     0.000     0.000     0.000     0.000  -999.000  -999.000  -999.000  -999.000  -999.000  -999.000  -999.000  -999.000  -999.000  -999.000  -999.000  -999.000  -999.000  -999.000  -999.000  -999.000  -999.000  -999.000     2.459   283.335     4.339     2.605
 121.5937500    21.750     0.000     0.000     0.000     0.000  -999.000  -999.000  -999.000  -999.000  -999.000  -999.000  -999.000  -999.000  -999.000  -999.000  -999.000  -999.000  -999.000  -999.000  -999.000  -999.000  -999.000  -999.000     2.404   283.303     4.359     2.617
 121.5937500    21.250     0.000     0.000     0.000     0.000  -999.000  -999.000  -999.000  -999.000  -999.000  -999.000  -999.000  -999.000  -999.000  -999.000  -999.000  -999.000  -999.000  -999.000  -999.000  -999.000  -999.000  -999.000     2.347   283.271     4.380     2.630
 121.5937500    20.750     0.000     0.000     0.000     0.000  -999.000  -999.000  -999.000  -999.000  -999.000  -999.000  -999.000  -999.000  -999.000  -999.000  -999.000  -999.000  -999.000  -999.000  -999.000  -999.000  -999.000  -999.000     2.291   283.239     4.401     2.643
 121.5937500    20.250     0.000     0.000     0.000     0.000  -999.000  -999.000  -999.000  -999.000  -999.000  -999.000  -999.000  -999.000  -999.000  -999.000  -999.000  -999.000  -999.000  -999.000  -999.000  -999.000  -999.000  -999.000     2.233   283.207     4.422     2.657
 121.5937500    19.750     0.000     0.000     0.000     0.000  -999.000  -999.000  -999.000  -999.000  -999.000  -999.000  -999.000  -999.000  -999.000  -999.000  -999.000  -999.000  -999.000  -999.000  -999.000  -999.000  -999.000  -999.000     2.175   283.175     4.444     2.671
 121.5937500    19.250     0.000     0.000     0.000     0.000  -999.000  -999.000  -999.000  -999.000  -999.000  -999.000  -999.000  -999.000  -999.000  -999.000  -999.000  -999.000  -999.000  -999.000  -999.000  -999.000  -999.000  -999.000     2.117   283.143     4.466     2.685
 121.5937500    18.750     0.000     0.000     0.000     0.000  -999.000  -999.000  -999.000  -999.000  -999.000  -999.000  -999.000  -999.000  -999.000  -999.000  -999.000  -999.000  -999.000  -999.000  -999.000  -999.000  -999.000  -999.000     2.058   283.112     4.488     2.699
 121.5937500    18.250     0.000     0.000     0.000     0.000  -999.000  -999.000  -999.000  -999.000  -999.000  -999.000  -999.000  -999.000  -999.000  -999.000  -999.000  -999.000  -999.000  -999.000  -999.000  -999.000  -999.000  -999.000     1.998   283.081     4.511     2.714
 121.5937500    17.750     0.000     0.000     0.000     0.000  -999.000  -999.000  -999.000  -999.000  -999.000  -999.000  -999.000  -999.000  -999.000  -999.000  -999.000  -999.000  -999.000  -999.000  -999.000  -999.000  -999.000  -999.000     1.937   283.051     4.534     2.730
 121.5937500    17.250     0.000     0.000     0.000     0.000  -999.000  -999.000  -999.000  -999.000  -999.000  -999.000  -999.000  -999.000  -999.000  -999.000  -999.000  -999.000  -999.000  -999.000  -999.000  -999.000  -999.000  -999.000     1.875   283.021     4.558     2.745
 121.5937500    16.750     0.000     0.000     0.000     0.000  -999.000  -999.000  -999.000  -999.000  -999.000  -999.000  -999.000  -999.000  -999.000  -999.000  -999.000  -999.000  -999.000  -999.000  -999.000  -999.000  -999.000  -999.000     1.813   282.991     4.581     2.762
 121.5937500    16.250     0.000     0.000     0.000     0.000  -999.000  -999.000  -999.000  -999.000  -999.000  -999.000  -999.000  -999.000  -999.000  -999.000  -999.000  -999.000  -999.000  -999.000  -999.000  -999.000  -999.000  -999.000     1.749   282.962     4.606     2.779
 121.5937500    15.750     0.000     0.000     0.000     0.000  -999.000  -999.000  -999.000  -999.000  -999.000  -999.000  -999.000  -999.000  -999.000  -999.000  -999.000  -999.000  -999.000  -999.000  -999.000  -999.000  -999.000  -999.000     1.684   282.933     4.630     2.796
 121.5937500    15.250     0.000     0.000     0.000     0.000  -999.000  -999.000  -999.000  -999.000  -999.000  -999.000  -999.000  -999.000  -999.000  -999.000  -999.000  -999.000  -999.000  -999.000  -999.000  -999.000  -999.000  -999.000     1.618   282.905     4.656     2.815
 121.5937500    14.750     0.000     0.000     0.000     0.000  -999.000  -999.000  -999.000  -999.000  -999.000  -999.000  -999.000  -999.000  -999.000  -999.000  -999.000  -999.000  -999.000  -999.000  -999.000  -999.000  -999.000  -999.000     1.551   282.877     4.681     2.836
 121.5937500    14.250     0.000     0.000     0.000     0.000  -999.000  -999.000  -999.000  -999.000  -999.000  -999.000  -999.000  -999.000  -999.000  -999.000  -999.000  -999.000  -999.000  -999.000  -999.000  -999.000  -999.000  -999.000     1.482   282.850     4.707     2.859
 121.5937500    13.750     0.000     0.000     0.000     0.000  -999.000  -999.000  -999.000  -999.000  -999.000  -999.000  -999.000  -999.000  -999.000  -999.000  -999.000  -999.000  -999.000  -999.000  -999.000  -999.000  -999.000  -999.000     1.411   282.823     4.734     2.885
 121.5937500    13.250     0.000     0.000     0.000     0.000  -999.000  -999.000  -999.000  -999.000  -999.000  -999.000  -999.000  -999.000  -999.000  -999.000  -999.000  -999.000  -999.000  -999.000  -999.000  -999.000  -999.000  -999.000     1.337   282.797     4.761     2.916
 121.5937500    12.750     0.000     0.000     0.000     0.000  -999.000  -999.000  -999.000  -999.000  -999.000  -999.000  -999.000  -999.000  -999.000  -999.000  -999.000  -999.000  -999.000  -999.000  -999.000  -999.000  -999.000  -999.000     1.261   282.772     4.789     2.954
 121.5937500    12.250     0.000     0.000     0.000     0.000  -999.000  -999.000  -999.000  -999.000  -999.000  -999.000  -999.000  -999.000  -999.000  -999.000  -999.000  -999.000  -999.000  -999.000  -999.000  -999.000  -999.000  -999.000     1.181   282.747     4.818     3.004
 121.5937500    11.750     0.000     0.000     0.000     0.000  -999.000  -999.000  -999.000  -999.000  -999.000  -999.000  -999.000  -999.000  -999.000  -999.000  -999.000  -999.000  -999.000  -999.000  -999.000  -999.000  -999.000  -999.000     1.096   282.723     4.847     3.073
 121.5937500    11.250     0.000     0.000     0.000     0.000  -999.000  -999.000  -999.000  -999.000  -999.000  -999.000  -999.000  -999.000  -999.000  -999.000  -999.000  -999.000  -999.000  -999.000  -999.000  -999.000  -999.000  -999.000     1.005   282.699     4.879     3.175
 121.5937500    10.750     0.000     0.000     0.000     0.000  -999.000  -999.000  -999.000  -999.000  -999.000  -999.000  -999.000  -999.000  -999.000  -999.000  -999.000  -999.000  -999.000  -999.000  -999.000  -999.000  -999.000  -999.000     0.905   282.675     4.912     3.336
 121.5937500    10.250     0.000     0.000     0.000     0.000  -999.000  -999.000  -999.000  -999.000  -999.000  -999.000  -999.000  -999.000  -999.000  -999.000  -999.000  -999.000  -999.000  -999.000  -999.000  -999.000  -999.000  -999.000     0.790   282.650     4.948     3.620
 121.5937500     9.750     0.909     0.304     0.276     0.028    25.061   -24.021   -13.638   -48.101    37.782    23.594    11.964     9.096   430.460   194.323     0.581     0.390    -0.537    -0.465   282.550   281.510   122.342   121.375     0.657   282.624     4.989     4.225
 121.5937500     9.250     0.724     0.413     0.299     0.114    30.735   -18.040    -5.653   -38.967    35.333    20.324    11.388     8.136   401.759   168.025     0.558     0.344    -0.522    -0.444   282.684   281.591   116.152   115.592     0.542   282.597     5.033     5.269
 121.5937500     8.750     0.550     0.446     0.245     0.201    36.762   -11.943     2.345   -29.752    33.239    17.101    10.750     6.986   372.337   139.796     0.524     0.287    -0.507    -0.423   282.852   281.715   109.083   108.707     0.447   282.572     5.078     6.613
 121.5937500     8.250     0.413     0.454     0.187     0.267    41.885    -6.849     9.331   -21.860    31.284    14.231    10.130     5.862   346.709   114.895     0.488     0.234    -0.492    -0.403   283.029   281.844   102.123   101.844     0.368   282.552     5.121     8.295
 121.5937500     7.750     0.309     0.448     0.138     0.309    46.024    -2.787    15.088   -15.444    29.599    11.832     9.561     4.858   325.504    94.236     0.456     0.189    -0.478    -0.386   283.208   281.970    95.584    95.368     0.304   282.537     5.163    10.397
 121.5937500     7.250     0.233     0.432     0.101     0.332    49.289     0.370    19.818   -10.320    28.087     9.841     9.056     4.006   308.386    77.583     0.429     0.153    -0.465    -0.370   283.391   282.096    89.599    89.428     0.250   282.530     5.204    13.024
 121.5937500     6.750     0.178     0.411     0.073     0.338    51.866     2.810    23.617    -6.289    26.831     8.245     8.615     3.305   294.736    64.363     0.406     0.124    -0.453    -0.357   283.581   282.218    84.211    84.076     0.206   282.532     5.243    16.305
 121.5937500     6.250     0.138     0.385     0.053     0.332    53.867     4.650    26.658    -3.151    25.766     6.952     8.238     2.739   283.906    53.955     0.385     0.101    -0.443    -0.345   283.779   282.343    79.421    79.315     0.170   282.544     5.281    20.399
 121.5937500     5.750     0.109     0.356     0.039     0.317    55.413     6.006    29.049    -0.766    24.907     5.943     7.920     2.288   275.313    45.794     0.367     0.083    -0.433    -0.335   283.986   282.469    75.207    75.124     0.140   282.566     5.318    25.503
 121.5937500     5.250     0.088     0.324     0.028     0.296    56.722     7.097    31.038     1.072    24.216     5.222     7.655     1.933   268.465    39.407     0.352     0.068    -0.424    -0.326   284.207   282.597    71.535    71.470     0.116   282.599     5.355    31.864
 121.5937500     4.750     0.072     0.291     0.021     0.270    57.763     7.883    32.673     2.540    23.607     4.573     7.436     1.652   262.967    34.413     0.339     0.057    -0.415    -0.317   284.445   282.722    68.365    68.317     0.095   282.646     5.392    39.785
 121.5937500     4.250     0.060     0.257     0.016     0.242    58.642     8.467    34.063     3.693    23.080     4.040     7.243     1.432   258.497    30.511     0.325     0.049    -0.407    -0.310   284.698   282.849    65.660    65.623     0.079   282.709     5.431    49.642
 121.5937500     3.750     0.052     0.223     0.012     0.211    59.343     8.820    35.300     4.522    22.524     3.595     7.089     1.259   254.802    27.465     0.312     0.043    -0.399    -0.302   284.964   282.990    63.379    63.353     0.065   282.790     5.474    61.900
 121.5937500     3.250     0.045     0.189     0.009     0.180    59.818     8.880    36.371     5.015    21.899     3.195     6.972     1.123   251.668    25.094     0.302     0.038    -0.390    -0.295   285.257   283.135    61.487    61.469     0.053   282.893     5.524    77.132
 121.5937500     2.750     0.041     0.155     0.006     0.149    60.070     8.630    37.353     5.148    21.134     2.843     6.893     1.016   248.914    23.256     0.295     0.035    -0.381    -0.289   285.589   283.308    59.950    59.938     0.044   283.025     5.586    96.048
 121.5937500     2.250     0.037     0.122     0.005     0.118    60.005     7.942    38.257     4.833    20.141     2.509     6.858     0.932   246.369    21.841     0.291     0.032    -0.371    -0.282   285.919   283.484    58.737    58.730     0.036   283.193     5.665   119.524
 121.5937500     1.750     0.035     0.091     0.003     0.088    59.585     6.721    39.201     3.989    18.784     2.185     6.872     0.865   243.842    20.760     0.289     0.030    -0.360    -0.276   286.228   283.683    57.819    57.815     0.030   283.408     5.767   148.637
 121.5937500     1.250     0.033     0.062     0.002     0.060    58.798     4.858    40.323     2.556    16.883     1.827     6.947     0.808   241.078    19.935     0.291     0.029    -0.346    -0.269   286.628   283.928    57.168    57.167     0.025   283.679     5.898   184.717
 121.5937500     0.750     0.032     0.036     0.001     0.035    58.248     2.756    42.650     1.023    14.006     1.352     7.098     0.752   237.637    19.286     0.294     0.028    -0.327    -0.262   287.191   284.263    56.758    56.757     0.020   284.008     6.057   229.403
 121.5937500     0.250     0.000     0.000     0.000     0.000  -999.000  -999.000  -999.000  -999.000  -999.000  -999.000  -999.000  -999.000  -999.000  -999.000  -999.000  -999.000  -999.000  -999.000  -999.000  -999.000  -999.000  -999.000     0.017   284.373     6.229   269.399
 121.6145833    22.750     0.000     0.000     0.000     0.000  -999.000  -999.000  -999.000  -999.000  -999.000  -999.000  -999.000  -999.000  -999.000  -999.000  -999.000  -999.000  -999.000  -999.000  -999.000  -999.000  -999.000  -999.000     2.542   284.386     4.758     0.094
 121.6145833    22.250     0.000     0.000     0.000     0.000  -999.000  -999.000  -999.000  -999.000  -999.000  -999.000  -999.000  -999.000  -999.000  -999.000  -999.000  -999.000  -999.000  -999.000  -999.000  -999.000  -999.000  -999.000     2.514   284.385     4.762     0.191
 121.6145833    21.750     0.000     0.000     0.000     0.000  -999.000  -999.000  -999.000  -999.000  -999.000  -999.000  -999.000  -999.000  -999.000  -999.000  -999.000  -999.000  -999.000  -999.000  -999.000  -999.000  -999.000  -999.000     2.485   284.384     4.767     0.196
 121.6145833    21.250     0.000     0.000     0.000     0.000  -999.000  -999.000  -999.000  -999.000  -999.000  -999.000  -999.000  -999.000  -999.000  -999.000  -999.000  -999.000  -999.000  -999.000  -999.000  -999.000  -999.000  -999.000     2.454   284.384     4.772     0.202
 121.6145833    20.750     0.000     0.000     0.000     0.000  -999.000  -999.000  -999.000  -999.000  -999.000  -999.000  -999.000  -999.000  -999.000  -999.000  -999.000  -999.000  -999.000  -999.000  -999.000  -999.000  -999.000  -999.000     2.423   284.383     4.776     0.208
 121.6145833    20.250     0.000     0.000     0.000     0.000  -999.000  -999.000  -999.000  -999.000  -999.000  -999.000  -999.000  -999.000  -999.000  -999.000  -999.000  -999.000  -999.000  -999.000  -999.000  -999.000  -999.000  -999.000     2.390   284.382     4.782     0.213
 121.6145833    19.750     0.000     0.000     0.000     0.000  -999.000  -999.000  -999.000  -999.000  -999.000  -999.000  -999.000  -999.000  -999.000  -999.000  -999.000  -999.000  -999.000  -999.000  -999.000  -999.000  -999.000  -999.000     2.356   284.382     4.787     0.220
 121.6145833    19.250     0.000     0.000     0.000     0.000  -999.000  -999.000  -999.000  -999.000  -999.000  -999.000  -999.000  -999.000  -999.000  -999.000  -999.000  -999.000  -999.000  -999.000  -999.000  -999.000  -999.000  -999.000     2.321   284.382     4.792     0.226
 121.6145833    18.750     0.000     0.000     0.000     0.000  -999.000  -999.000  -999.000  -999.000  -999.000  -999.000  -999.000  -999.000  -999.000  -999.000  -999.000  -999.000  -999.000  -999.000  -999.000  -999.000  -999.000  -999.000     2.284   284.381     4.798     0.233
 121.6145833    18.250     0.000     0.000     0.000     0.000  -999.000  -999.000  -999.000  -999.000  -999.000  -999.000  -999.000  -999.000  -999.000  -999.000  -999.000  -999.000  -999.000  -999.000  -999.000  -999.000  -999.000  -999.000     2.246   284.381     4.804     0.240
 121.6145833    17.750     0.000     0.000     0.000     0.000  -999.000  -999.000  -999.000  -999.000  -999.000  -999.000  -999.000  -999.000  -999.000  -999.000  -999.000  -999.000  -999.000  -999.000  -999.000  -999.000  -999.000  -999.000     2.207   284.381     4.810     0.248
 121.6145833    17.250     0.000     0.000     0.000     0.000  -999.000  -999.000  -999.000  -999.000  -999.000  -999.000  -999.000  -999.000  -999.000  -999.000  -999.000  -999.000  -999.000  -999.000  -999.000  -999.000  -999.000  -999.000     2.165   284.381     4.816     0.256
 121.6145833    16.750     0.000     0.000     0.000     0.000  -999.000  -999.000  -999.000  -999.000  -999.000  -999.000  -999.000  -999.000  -999.000  -999.000  -999.000  -999.000  -999.000  -999.000  -999.000  -999.000  -999.000  -999.000     2.122   284.381     4.823     0.264
 121.6145833    16.250     0.000     0.000     0.000     0.000  -999.000  -999.000  -999.000  -999.000  -999.000  -999.000  -999.000  -999.000  -999.000  -999.000  -999.000  -999.000  -999.000  -999.000  -999.000  -999.000  -999.000  -999.000     2.076   284.381     4.830     0.273
 121.6145833    15.750     0.000     0.000     0.000     0.000  -999.000  -999.000  -999.000  -999.000  -999.000  -999.000  -999.000  -999.000  -999.000  -999.000  -999.000  -999.000  -999.000  -999.000  -999.000  -999.000  -999.000  -999.000     2.029   284.381     4.837     0.283
 121.6145833    15.250     0.000     0.000     0.000     0.000  -999.000  -999.000  -999.000  -999.000  -999.000  -999.000  -999.000  -999.000  -999.000  -999.000  -999.000  -999.000  -999.000  -999.000  -999.000  -999.000  -999.000  -999.000     1.978   284.382     4.845     0.293
 121.6145833    14.750     0.000     0.000     0.000     0.000  -999.000  -999.000  -999.000  -999.000  -999.000  -999.000  -999.000  -999.000  -999.000  -999.000  -999.000  -999.000  -999.000  -999.000  -999.000  -999.000  -999.000  -999.000     1.925   284.382     4.852     0.303
 121.6145833    14.250     0.000     0.000     0.000     0.000  -999.000  -999.000  -999.000  -999.000  -999.000  -999.000  -999.000  -999.000  -999.000  -999.000  -999.000  -999.000  -999.000  -999.000  -999.000  -999.000  -999.000  -999.000     1.868   284.383     4.860     0.315
 121.6145833    13.750     0.000     0.000     0.000     0.000  -999.000  -999.000  -999.000  -999.000  -999.000  -999.000  -999.000  -999.000  -999.000  -999.000  -999.000  -999.000  -999.000  -999.000  -999.000  -999.000  -999.000  -999.000     1.808   284.384     4.869     0.327
 121.6145833    13.250     0.000     0.000     0.000     0.000  -999.000  -999.000  -999.000  -999.000  -999.000  -999.000  -999.000  -999.000  -999.000  -999.000  -999.000  -999.000  -999.000  -999.000  -999.000  -999.000  -999.000  -999.000     1.743   284.385     4.878     0.341
 121.6145833    12.750     0.000     0.000     0.000     0.000  -999.000  -999.000  -999.000  -999.000  -999.000  -999.000  -999.000  -999.000  -999.000  -999.000  -999.000  -999.000  -999.000  -999.000  -999.000  -999.000  -999.000  -999.000     1.673   284.386     4.887     0.356
 121.6145833    12.250     0.000     0.000     0.000     0.000  -999.000  -999.000  -999.000  -999.000  -999.000  -999.000  -999.000  -999.000  -999.000  -999.000  -999.000  -999.000  -999.000  -999.000  -999.000  -999.000  -999.000  -999.000     1.597   284.387     4.897     0.372
 121.6145833    11.750     0.000     0.000     0.000     0.000  -999.000  -999.000  -999.000  -999.000  -999.000  -999.000  -999.000  -999.000  -999.000  -999.000  -999.000  -999.000  -999.000  -999.000  -999.000  -999.000  -999.000  -999.000     1.514   284.389     4.908     0.391
 121.6145833    11.250     0.000     0.000     0.000     0.000  -999.000  -999.000  -999.000  -999.000  -999.000  -999.000  -999.000  -999.000  -999.000  -999.000  -999.000  -999.000  -999.000  -999.000  -999.000  -999.000  -999.000  -999.000     1.421   284.391     4.919     0.413
 121.6145833    10.750     0.000     0.000     0.000     0.000  -999.000  -999.000  -999.000  -999.000  -999.000  -999.000  -999.000  -999.000  -999.000  -999.000  -999.000  -999.000  -999.000  -999.000  -999.000  -999.000  -999.000  -999.000     1.315   284.393     4.931     0.440
 121.6145833    10.250     0.000     0.000     0.000     0.000  -999.000  -999.000  -999.000  -999.000  -999.000  -999.000  -999.000  -999.000  -999.000  -999.000  -999.000  -999.000  -999.000  -999.000  -999.000  -999.000  -999.000  -999.000     1.191   284.396     4.943     0.470
 121.6145833     9.750     0.924     0.304     0.281     0.023    68.782   -15.060    -0.473   -60.382    68.368    44.949    14.496    11.533   615.562   249.892     0.570     0.414    -0.675    -0.560   284.601   283.356   122.327   121.370     1.048   284.399     4.958     0.526
 121.6145833     9.250     0.765     0.413     0.316     0.097    73.783    -9.702     7.227   -50.495    65.578    40.343    13.856    10.489   579.454   216.864     0.541     0.363    -0.656    -0.533   284.746   283.470   116.125   115.580     0.918   284.402     4.972     0.595
 121.6145833     8.750     0.610     0.446     0.272     0.174    79.109    -4.327    15.412   -39.838    62.633    34.981    13.124     9.179   542.394   181.357     0.506     0.303    -0.637    -0.503   284.915   283.620   109.054   108.695     0.803   284.406     4.985     0.683
 121.6145833     8.250     0.481     0.454     0.218     0.236    83.466    -0.053    22.783   -30.430    59.544    29.782    12.399     7.843   510.001   149.934     0.474     0.248    -0.617    -0.473   285.085   283.771   102.094   101.833     0.704   284.410     4.998     0.784
 121.6145833     7.750     0.379     0.448     0.170     0.278    86.821     3.155    29.107   -22.602    56.516    25.113    11.717     6.607   483.078   123.757     0.444     0.201    -0.598    -0.446   285.250   283.909    95.558    95.360     0.616   284.415     5.009     0.900
 121.6145833     7.250     0.300     0.432     0.130     0.303    89.371     5.511    34.501   -16.233    53.624    21.068    11.094     5.530   461.232   102.564     0.417     0.164    -0.579    -0.421   285.410   284.032    89.576    89.422     0.539   284.421     5.019     1.033
 121.6145833     6.750     0.240     0.411     0.099     0.312    91.337     7.243    39.046   -11.179    51.005    17.727    10.538     4.630   443.717    85.665     0.394     0.135    -0.561    -0.400   285.570   284.142    84.192    84.071     0.472   284.428     5.029     1.186
 121.6145833     6.250     0.195     0.385     0.075     0.310    92.897     8.529    42.983    -7.104    48.596    14.932    10.047     3.894   429.737    72.305     0.374     0.112    -0.545    -0.382   285.728   284.237    79.405    79.311     0.413   284.435     5.037     1.361
 121.6145833     5.750     0.160     0.356     0.057     0.299    94.185     9.501    46.446    -3.858    46.394    12.660     9.619     3.302   418.575    61.789     0.356     0.094    -0.529    -0.366   285.886   284.325    75.194    75.121     0.362   284.444     5.045     1.562
 121.6145833     5.250     0.134     0.324     0.043     0.281    95.293    10.247    49.552    -1.330    44.372    10.890     9.254     2.832   409.621    53.533     0.342     0.081    -0.515    -0.352   286.048   284.400    71.524    71.468     0.317   284.452     5.052     1.793
 121.6145833     4.750     0.114     0.291     0.033     0.258    96.321    10.856    52.431     0.744    42.495     9.440     8.947     2.460   402.377    47.060     0.329     0.070    -0.501    -0.340   286.217   284.470    68.358    68.315     0.278   284.461     5.059     2.058
 121.6145833     4.250     0.098     0.257     0.025     0.232    97.305    11.354    55.221     2.490    40.663     8.212     8.694     2.166   396.437    41.991     0.318     0.061    -0.487    -0.329   286.394   284.536    65.654    65.623     0.243   284.471     5.065     2.362
 121.6145833     3.750     0.087     0.223     0.019     0.204    98.258    11.736    57.811     3.836    39.004     7.281     8.494     1.937   391.472    38.029     0.311     0.055    -0.474    -0.320   286.581   284.589    63.374    63.352     0.213   284.481     5.071     2.710
 121.6145833     3.250     0.078     0.189     0.015     0.174    99.219    12.019    60.416     5.053    37.337     6.380     8.343     1.756   387.203    34.941     0.305     0.050    -0.461    -0.311   286.775   284.647    61.484    61.468     0.186   284.491     5.077     3.110
 121.6145833     2.750     0.071     0.155     0.011     0.144   100.237    12.214    63.211     6.027    35.541     5.650     8.239     1.615   383.386    32.544     0.301     0.046    -0.448    -0.302   286.992   284.700    59.948    59.938     0.163   284.502     5.084     3.569
 121.6145833     2.250     0.066     0.122     0.008     0.114   101.381    12.338    66.299     6.818    33.570     5.030     8.184     1.506   379.782    30.695     0.298     0.043    -0.434    -0.294   287.231   284.759    58.736    58.730     0.143   284.513     5.090     4.095
 121.6145833     1.750     0.062     0.091     0.006     0.086   102.756    12.402    70.029     7.581    31.180     4.388     8.177     1.421   376.117    29.276     0.297     0.041    -0.417    -0.286   287.512   284.817    57.818    57.815     0.125   284.527     5.098     4.698
 121.6145833     1.250     0.060     0.062     0.004     0.059   104.630    12.515    75.061     8.467    27.978     3.687     8.225     1.354   372.012    28.185     0.297     0.039    -0.397    -0.278   287.861   284.891    57.168    57.167     0.110   284.541     5.106     5.390
 121.6145833     0.750     0.058     0.036     0.002     0.034   107.668    13.015    82.805     9.909    23.214     2.840     8.346     1.297   366.801    27.315     0.299     0.037    -0.369    -0.269   288.344   285.001    56.757    56.757     0.096   284.559     5.115     6.184
 121.6145833     0.250     0.000     0.000     0.000     0.000  -999.000  -999.000  -999.000  -999.000  -999.000  -999.000  -999.000  -999.000  -999.000  -999.000  -999.000  -999.000  -999.000  -999.000  -999.000  -999.000  -999.000  -999.000     0.084   284.580     5.126     7.095
 121.6354167    22.750     0.000     0.000     0.000     0.000  -999.000  -999.000  -999.000  -999.000  -999.000  -999.000  -999.000  -999.000  -999.000  -999.000  -999.000  -999.000  -999.000  -999.000  -999.000  -999.000  -999.000  -999.000     1.945   286.017     4.843     0.053
 121.6354167    22.250     0.000     0.000     0.000     0.000  -999.000  -999.000  -999.000  -999.000  -999.000  -999.000  -999.000  -999.000  -999.000  -999.000  -999.000  -999.000  -999.000  -999.000  -999.000  -999.000  -999.000  -999.000     1.925   286.018     4.847     0.109
 121.6354167    21.750     0.000     0.000     0.000     0.000  -999.000  -999.000  -999.000  -999.000  -999.000  -999.000  -999.000  -999.000  -999.000  -999.000  -999.000  -999.000  -999.000  -999.000  -999.000  -999.000  -999.000  -999.000     1.906   286.019     4.851     0.113
 121.6354167    21.250     0.000     0.000     0.000     0.000  -999.000  -999.000  -999.000  -999.000  -999.000  -999.000  -999.000  -999.000  -999.000  -999.000  -999.000  -999.000  -999.000  -999.000  -999.000  -999.000  -999.000  -999.000     1.885   286.020     4.856     0.117
 121.6354167    20.750     0.000     0.000     0.000     0.000  -999.000  -999.000  -999.000  -999.000  -999.000  -999.000  -999.000  -999.000  -999.000  -999.000  -999.000  -999.000  -999.000  -999.000  -999.000  -999.000  -999.000  -999.000     1.864   286.022     4.861     0.121
 121.6354167    20.250     0.000     0.000     0.000     0.000  -999.000  -999.000  -999.000  -999.000  -999.000  -999.000  -999.000  -999.000  -999.000  -999.000  -999.000  -999.000  -999.000  -999.000  -999.000  -999.000  -999.000  -999.000     1.842   286.023     4.865     0.126
 121.6354167    19.750     0.000     0.000     0.000     0.000  -999.000  -999.000  -999.000  -999.000  -999.000  -999.000  -999.000  -999.000  -999.000  -999.000  -999.000  -999.000  -999.000  -999.000  -999.000  -999.000  -999.000  -999.000     1.819   286.025     4.871     0.131
 121.6354167    19.250     0.000     0.000     0.000     0.000  -999.000  -999.000  -999.000  -999.000  -999.000  -999.000  -999.000  -999.000  -999.000  -999.000  -999.000  -999.000  -999.000  -999.000  -999.000  -999.000  -999.000  -999.000     1.795   286.027     4.876     0.135
 121.6354167    18.750     0.000     0.000     0.000     0.000  -999.000  -999.000  -999.000  -999.000  -999.000  -999.000  -999.000  -999.000  -999.000  -999.000  -999.000  -999.000  -999.000  -999.000  -999.000  -999.000  -999.000  -999.000     1.770   286.029     4.881     0.141
 121.6354167    18.250     0.000     0.000     0.000     0.000  -999.000  -999.000  -999.000  -999.000  -999.000  -999.000  -999.000  -999.000  -999.000  -999.000  -999.000  -999.000  -999.000  -999.000  -999.000  -999.000  -999.000  -999.000     1.744   286.031     4.887     0.146
 121.6354167    17.750     0.000     0.000     0.000     0.000  -999.000  -999.000  -999.000  -999.000  -999.000  -999.000  -999.000  -999.000  -999.000  -999.000  -999.000  -999.000  -999.000  -999.000  -999.000  -999.000  -999.000  -999.000     1.717   286.033     4.893     0.152
 121.6354167    17.250     0.000     0.000     0.000     0.000  -999.000  -999.000  -999.000  -999.000  -999.000  -999.000  -999.000  -999.000  -999.000  -999.000  -999.000  -999.000  -999.000  -999.000  -999.000  -999.000  -999.000  -999.000     1.689   286.035     4.899     0.158
 121.6354167    16.750     0.000     0.000     0.000     0.000  -999.000  -999.000  -999.000  -999.000  -999.000  -999.000  -999.000  -999.000  -999.000  -999.000  -999.000  -999.000  -999.000  -999.000  -999.000  -999.000  -999.000  -999.000     1.659   286.038     4.906     0.165
 121.6354167    16.250     0.000     0.000     0.000     0.000  -999.000  -999.000  -999.000  -999.000  -999.000  -999.000  -999.000  -999.000  -999.000  -999.000  -999.000  -999.000  -999.000  -999.000  -999.000  -999.000  -999.000  -999.000     1.627   286.040     4.912     0.172
 121.6354167    15.750     0.000     0.000     0.000     0.000  -999.000  -999.000  -999.000  -999.000  -999.000  -999.000  -999.000  -999.000  -999.000  -999.000  -999.000  -999.000  -999.000  -999.000  -999.000  -999.000  -999.000  -999.000     1.594   286.043     4.919     0.180
 121.6354167    15.250     0.000     0.000     0.000     0.000  -999.000  -999.000  -999.000  -999.000  -999.000  -999.000  -999.000  -999.000  -999.000  -999.000  -999.000  -999.000  -999.000  -999.000  -999.000  -999.000  -999.000  -999.000     1.559   286.046     4.927     0.188
 121.6354167    14.750     0.000     0.000     0.000     0.000  -999.000  -999.000  -999.000  -999.000  -999.000  -999.000  -999.000  -999.000  -999.000  -999.000  -999.000  -999.000  -999.000  -999.000  -999.000  -999.000  -999.000  -999.000     1.521   286.049     4.934     0.197
 121.6354167    14.250     0.000     0.000     0.000     0.000  -999.000  -999.000  -999.000  -999.000  -999.000  -999.000  -999.000  -999.000  -999.000  -999.000  -999.000  -999.000  -999.000  -999.000  -999.000  -999.000  -999.000  -999.000     1.482   286.053     4.943     0.206
 121.6354167    13.750     0.000     0.000     0.000     0.000  -999.000  -999.000  -999.000  -999.000  -999.000  -999.000  -999.000  -999.000  -999.000  -999.000  -999.000  -999.000  -999.000  -999.000  -999.000  -999.000  -999.000  -999.000     1.439   286.056     4.951     0.217
 121.6354167    13.250     0.000     0.000     0.000     0.000  -999.000  -999.000  -999.000  -999.000  -999.000  -999.000  -999.000  -999.000  -999.000  -999.000  -999.000  -999.000  -999.000  -999.000  -999.000  -999.000  -999.000  -999.000     1.393   286.060     4.960     0.228
 121.6354167    12.750     0.000     0.000     0.000     0.000  -999.000  -999.000  -999.000  -999.000  -999.000  -999.000  -999.000  -999.000  -999.000  -999.000  -999.000  -999.000  -999.000  -999.000  -999.000  -999.000  -999.000  -999.000     1.343   286.065     4.969     0.240
 121.6354167    12.250     0.000     0.000     0.000     0.000  -999.000  -999.000  -999.000  -999.000  -999.000  -999.000  -999.000  -999.000  -999.000  -999.000  -999.000  -999.000  -999.000  -999.000  -999.000  -999.000  -999.000  -999.000     1.288   286.069     4.979     0.254
 121.6354167    11.750     0.000     0.000     0.000     0.000  -999.000  -999.000  -999.000  -999.000  -999.000  -999.000  -999.000  -999.000  -999.000  -999.000  -999.000  -999.000  -999.000  -999.000  -999.000  -999.000  -999.000  -999.000     1.228   286.074     4.990     0.269
 121.6354167    11.250     0.000     0.000     0.000     0.000  -999.000  -999.000  -999.000  -999.000  -999.000  -999.000  -999.000  -999.000  -999.000  -999.000  -999.000  -999.000  -999.000  -999.000  -999.000  -999.000  -999.000  -999.000     1.161   286.080     5.001     0.286
 121.6354167    10.750     0.000     0.000     0.000     0.000  -999.000  -999.000  -999.000  -999.000  -999.000  -999.000  -999.000  -999.000  -999.000  -999.000  -999.000  -999.000  -999.000  -999.000  -999.000  -999.000  -999.000  -999.000     1.084   286.086     5.013     0.306
 121.6354167    10.250     0.000     0.000     0.000     0.000  -999.000  -999.000  -999.000  -999.000  -999.000  -999.000  -999.000  -999.000  -999.000  -999.000  -999.000  -999.000  -999.000  -999.000  -999.000  -999.000  -999.000  -999.000     0.995   286.092     5.026     0.330
 121.6354167     9.750     0.930     0.304     0.283     0.021   118.067    -7.422    21.981   -66.838    95.213    59.286    16.656    13.078   801.695   287.697     0.616     0.457    -0.802    -0.627   286.617   284.822   122.321   121.368     0.892   286.099     5.040     0.366
 121.6354167     9.250     0.783     0.413     0.323     0.090   123.286    -1.876    30.412   -56.007    91.901    53.912    15.966    11.992   761.151   250.674     0.587     0.403    -0.781    -0.597   286.799   284.973   116.114   115.576     0.797   286.107     5.054     0.407
 121.6354167     8.750     0.636     0.446     0.284     0.162   128.726     3.549    39.473   -44.251    88.179    47.489    15.168    10.608   719.395   210.745     0.552     0.339    -0.758    -0.562   287.006   285.163   109.042   108.690     0.712   286.114     5.068     0.460
 121.6354167     8.250     0.512     0.454     0.232     0.222   132.987     7.649    47.547   -33.741    84.277    40.997    14.368     9.166   682.724   175.253     0.517     0.279    -0.734    -0.526   287.213   285.353   102.083   101.829     0.636   286.121     5.080     0.519
 121.6354167     7.750     0.411     0.448     0.184     0.263   136.075    10.500    54.299   -24.973    80.539    35.017    13.609     7.805   652.080   145.551     0.486     0.228    -0.711    -0.493   287.409   285.521    95.548    95.356     0.569   286.128     5.091     0.586
 121.6354167     7.250     0.333     0.432     0.144     0.289   138.258    12.387    60.170   -17.800    76.785    29.679    12.906     6.599   627.074   121.392     0.456     0.186    -0.688    -0.462   287.596   285.674    89.567    89.419     0.508   286.135     5.101     0.662
 121.6354167     6.750     0.271     0.411     0.111     0.300   139.786    13.568    65.102   -12.195    73.322    25.219    12.273     5.579   606.907   102.046     0.430     0.154    -0.666    -0.436   287.779   285.803    84.184    84.069     0.454   286.142     5.110     0.748
 121.6354167     6.250     0.224     0.385     0.086     0.299   140.902    14.284    69.419    -7.724    70.064    21.435    11.711     4.738   590.711    86.690     0.407     0.129    -0.646    -0.413   287.958   285.910    79.399    79.309     0.406   286.149     5.119     0.844
 121.6354167     5.750     0.187     0.356     0.067     0.289   141.773    14.696    73.271    -4.273    67.027    18.376    11.218     4.057   577.696    74.563     0.387     0.109    -0.626    -0.393   288.139   286.009    75.189    75.120     0.363   286.156     5.126     0.953
 121.6354167     5.250     0.159     0.324     0.051     0.273   142.519    14.918    76.766    -1.508    64.223    15.818    10.795     3.512   567.182    65.015     0.370     0.093    -0.607    -0.376   288.320   286.089    71.520    71.468     0.324   286.162     5.133     1.075
 121.6354167     4.750     0.137     0.291     0.040     0.251   143.263    15.058    80.033     0.583    61.644    13.860    10.439     3.080   558.605    57.514     0.356     0.081    -0.590    -0.361   288.503   286.156    68.354    68.315     0.290   286.168     5.139     1.214
 121.6354167     4.250     0.120     0.257     0.031     0.226   144.065    15.161    83.230     2.389    59.189    12.152    10.144     2.738   551.503    51.632     0.345     0.072    -0.573    -0.348   288.699   286.216    65.651    65.622     0.259   286.174     5.145     1.370
 121.6354167     3.750     0.107     0.223     0.024     0.199   144.940    15.216    86.409     3.797    56.819    10.795     9.910     2.470   545.491    47.030     0.335     0.065    -0.557    -0.336   288.901   286.270    63.373    63.352     0.231   286.180     5.151     1.547
 121.6354167     3.250     0.096     0.189     0.018     0.170   145.964    15.266    89.751     5.079    54.432     9.563     9.733     2.259   540.241    43.441     0.328     0.059    -0.541    -0.326   289.118   286.320    61.482    61.468     0.207   286.185     5.156     1.746
 121.6354167     2.750     0.089     0.155     0.014     0.141   147.211    15.333    93.426     6.132    51.927     8.579     9.612     2.095   535.453    40.653     0.322     0.055    -0.524    -0.316   289.356   286.366    59.947    59.938     0.185   286.190     5.161     1.970
 121.6354167     2.250     0.083     0.122     0.010     0.112   148.761    15.418    97.681     7.248    49.134     7.551     9.549     1.966   530.825    38.498     0.319     0.051    -0.506    -0.306   289.626   286.420    58.735    58.730     0.165   286.195     5.166     2.224
 121.6354167     1.750     0.079     0.091     0.007     0.084   150.809    15.588   102.946     8.282    45.814     6.690     9.549     1.867   526.000    36.838     0.318     0.049    -0.485    -0.297   289.939   286.475    57.818    57.815     0.147   286.200     5.172     2.510
 121.6354167     1.250     0.076     0.062     0.005     0.058   153.720    15.973   110.248     9.754    41.290     5.604     9.620     1.787   520.463    35.552     0.318     0.047    -0.459    -0.287   290.344   286.553    57.168    57.167     0.132   286.205     5.177     2.832
 121.6354167     0.750     0.074     0.036     0.003     0.033   158.489    17.101   121.647    12.129    34.475     4.357     9.790     1.719   513.299    34.510     0.320     0.045    -0.421    -0.276   290.918   286.683    56.757    56.757     0.118   286.210     5.182     3.196
 121.6354167     0.250     0.000     0.000     0.000     0.000  -999.000  -999.000  -999.000  -999.000  -999.000  -999.000  -999.000  -999.000  -999.000  -999.000  -999.000  -999.000  -999.000  -999.000  -999.000  -999.000  -999.000  -999.000     0.105   286.217     5.188     3.606
 121.6562500    22.750     0.000     0.000     0.000     0.000  -999.000  -999.000  -999.000  -999.000  -999.000  -999.000  -999.000  -999.000  -999.000  -999.000  -999.000  -999.000  -999.000  -999.000  -999.000  -999.000  -999.000  -999.000     1.442   287.576     4.551     0.028
 121.6562500    22.250     0.000     0.000     0.000     0.000  -999.000  -999.000  -999.000  -999.000  -999.000  -999.000  -999.000  -999.000  -999.000  -999.000  -999.000  -999.000  -999.000  -999.000  -999.000  -999.000  -999.000  -999.000     1.430   287.577     4.555     0.057
 121.6562500    21.750     0.000     0.000     0.000     0.000  -999.000  -999.000  -999.000  -999.000  -999.000  -999.000  -999.000  -999.000  -999.000  -999.000  -999.000  -999.000  -999.000  -999.000  -999.000  -999.000  -999.000  -999.000     1.418   287.578     4.558     0.059
 121.6562500    21.250     0.000     0.000     0.000     0.000  -999.000  -999.000  -999.000  -999.000  -999.000  -999.000  -999.000  -999.000  -999.000  -999.000  -999.000  -999.000  -999.000  -999.000  -999.000  -999.000  -999.000  -999.000     1.406   287.579     4.562     0.061
 121.6562500    20.750     0.000     0.000     0.000     0.000  -999.000  -999.000  -999.000  -999.000  -999.000  -999.000  -999.000  -999.000  -999.000  -999.000  -999.000  -999.000  -999.000  -999.000  -999.000  -999.000  -999.000  -999.000     1.393   287.581     4.565     0.063
 121.6562500    20.250     0.000     0.000     0.000     0.000  -999.000  -999.000  -999.000  -999.000  -999.000  -999.000  -999.000  -999.000  -999.000  -999.000  -999.000  -999.000  -999.000  -999.000  -999.000  -999.000  -999.000  -999.000     1.379   287.582     4.569     0.065
 121.6562500    19.750     0.000     0.000     0.000     0.000  -999.000  -999.000  -999.000  -999.000  -999.000  -999.000  -999.000  -999.000  -999.000  -999.000  -999.000  -999.000  -999.000  -999.000  -999.000  -999.000  -999.000  -999.000     1.365   287.584     4.573     0.068
 121.6562500    19.250     0.000     0.000     0.000     0.000  -999.000  -999.000  -999.000  -999.000  -999.000  -999.000  -999.000  -999.000  -999.000  -999.000  -999.000  -999.000  -999.000  -999.000  -999.000  -999.000  -999.000  -999.000     1.351   287.585     4.577     0.070
 121.6562500    18.750     0.000     0.000     0.000     0.000  -999.000  -999.000  -999.000  -999.000  -999.000  -999.000  -999.000  -999.000  -999.000  -999.000  -999.000  -999.000  -999.000  -999.000  -999.000  -999.000  -999.000  -999.000     1.335   287.587     4.581     0.073
 121.6562500    18.250     0.000     0.000     0.000     0.000  -999.000  -999.000  -999.000  -999.000  -999.000  -999.000  -999.000  -999.000  -999.000  -999.000  -999.000  -999.000  -999.000  -999.000  -999.000  -999.000  -999.000  -999.000     1.319   287.589     4.586     0.076
 121.6562500    17.750     0.000     0.000     0.000     0.000  -999.000  -999.000  -999.000  -999.000  -999.000  -999.000  -999.000  -999.000  -999.000  -999.000  -999.000  -999.000  -999.000  -999.000  -999.000  -999.000  -999.000  -999.000     1.302   287.591     4.591     0.079
 121.6562500    17.250     0.000     0.000     0.000     0.000  -999.000  -999.000  -999.000  -999.000  -999.000  -999.000  -999.000  -999.000  -999.000  -999.000  -999.000  -999.000  -999.000  -999.000  -999.000  -999.000  -999.000  -999.000     1.284   287.593     4.595     0.082
 121.6562500    16.750     0.000     0.000     0.000     0.000  -999.000  -999.000  -999.000  -999.000  -999.000  -999.000  -999.000  -999.000  -999.000  -999.000  -999.000  -999.000  -999.000  -999.000  -999.000  -999.000  -999.000  -999.000     1.265   287.595     4.600     0.085
 121.6562500    16.250     0.000     0.000     0.000     0.000  -999.000  -999.000  -999.000  -999.000  -999.000  -999.000  -999.000  -999.000  -999.000  -999.000  -999.000  -999.000  -999.000  -999.000  -999.000  -999.000  -999.000  -999.000     1.245   287.597     4.605     0.089
 121.6562500    15.750     0.000     0.000     0.000     0.000  -999.000  -999.000  -999.000  -999.000  -999.000  -999.000  -999.000  -999.000  -999.000  -999.000  -999.000  -999.000  -999.000  -999.000  -999.000  -999.000  -999.000  -999.000     1.224   287.600     4.611     0.093
 121.6562500    15.250     0.000     0.000     0.000     0.000  -999.000  -999.000  -999.000  -999.000  -999.000  -999.000  -999.000  -999.000  -999.000  -999.000  -999.000  -999.000  -999.000  -999.000  -999.000  -999.000  -999.000  -999.000     1.201   287.602     4.616     0.097
 121.6562500    14.750     0.000     0.000     0.000     0.000  -999.000  -999.000  -999.000  -999.000  -999.000  -999.000  -999.000  -999.000  -999.000  -999.000  -999.000  -999.000  -999.000  -999.000  -999.000  -999.000  -999.000  -999.000     1.177   287.605     4.622     0.101
 121.6562500    14.250     0.000     0.000     0.000     0.000  -999.000  -999.000  -999.000  -999.000  -999.000  -999.000  -999.000  -999.000  -999.000  -999.000  -999.000  -999.000  -999.000  -999.000  -999.000  -999.000  -999.000  -999.000     1.151   287.608     4.628     0.106
 121.6562500    13.750     0.000     0.000     0.000     0.000  -999.000  -999.000  -999.000  -999.000  -999.000  -999.000  -999.000  -999.000  -999.000  -999.000  -999.000  -999.000  -999.000  -999.000  -999.000  -999.000  -999.000  -999.000     1.123   287.611     4.635     0.111
 121.6562500    13.250     0.000     0.000     0.000     0.000  -999.000  -999.000  -999.000  -999.000  -999.000  -999.000  -999.000  -999.000  -999.000  -999.000  -999.000  -999.000  -999.000  -999.000  -999.000  -999.000  -999.000  -999.000     1.092   287.614     4.642     0.117
 121.6562500    12.750     0.000     0.000     0.000     0.000  -999.000  -999.000  -999.000  -999.000  -999.000  -999.000  -999.000  -999.000  -999.000  -999.000  -999.000  -999.000  -999.000  -999.000  -999.000  -999.000  -999.000  -999.000     1.058   287.617     4.649     0.123
 121.6562500    12.250     0.000     0.000     0.000     0.000  -999.000  -999.000  -999.000  -999.000  -999.000  -999.000  -999.000  -999.000  -999.000  -999.000  -999.000  -999.000  -999.000  -999.000  -999.000  -999.000  -999.000  -999.000     1.020   287.621     4.656     0.129
 121.6562500    11.750     0.000     0.000     0.000     0.000  -999.000  -999.000  -999.000  -999.000  -999.000  -999.000  -999.000  -999.000  -999.000  -999.000  -999.000  -999.000  -999.000  -999.000  -999.000  -999.000  -999.000  -999.000     0.978   287.625     4.664     0.136
 121.6562500    11.250     0.000     0.000     0.000     0.000  -999.000  -999.000  -999.000  -999.000  -999.000  -999.000  -999.000  -999.000  -999.000  -999.000  -999.000  -999.000  -999.000  -999.000  -999.000  -999.000  -999.000  -999.000     0.930   287.629     4.672     0.144
 121.6562500    10.750     0.000     0.000     0.000     0.000  -999.000  -999.000  -999.000  -999.000  -999.000  -999.000  -999.000  -999.000  -999.000  -999.000  -999.000  -999.000  -999.000  -999.000  -999.000  -999.000  -999.000  -999.000     0.875   287.634     4.681     0.152
 121.6562500    10.250     0.000     0.000     0.000     0.000  -999.000  -999.000  -999.000  -999.000  -999.000  -999.000  -999.000  -999.000  -999.000  -999.000  -999.000  -999.000  -999.000  -999.000  -999.000  -999.000  -999.000  -999.000     0.809   287.638     4.690     0.161
 121.6562500     9.750     0.933     0.304     0.284     0.020   165.523    -1.536    36.165   -76.814   128.576    75.482    18.705    14.215   977.490   315.968     0.658     0.476    -0.959    -0.705   288.383   286.000   122.318   121.366     0.731   287.644     4.701     0.178
 121.6562500     9.250     0.792     0.413     0.327     0.086   171.326     4.532    45.603   -64.734   124.812    69.354    17.979    13.083   934.016   276.334     0.627     0.421    -0.935    -0.671   288.604   286.189   116.108   115.573     0.659   287.650     4.712     0.203
 121.6562500     8.750     0.650     0.446     0.290     0.156   177.241    10.363    55.762   -51.513   120.438    61.836    17.125    11.628   889.079   233.442     0.589     0.355    -0.909    -0.630   288.853   286.429   109.036   108.688     0.594   287.656     4.723     0.224
 121.6562500     8.250     0.529     0.454     0.240     0.214   181.716    14.599    64.822   -39.502   115.739    53.952    16.259    10.100   849.425   195.153     0.552     0.292    -0.881    -0.588   289.096   286.666   102.077   101.826     0.535   287.661     4.732     0.248
 121.6562500     7.750     0.430     0.448     0.192     0.255   184.792    17.352    72.540   -29.424   111.000    46.534    15.430     8.648   816.119   162.970     0.518     0.239    -0.854    -0.547   289.324   286.880    95.542    95.354     0.482   287.667     4.741     0.274
 121.6562500     7.250     0.351     0.432     0.152     0.281   186.800    18.970    79.195   -21.182   106.266    39.840    14.657     7.355   788.798   136.683     0.487     0.196    -0.825    -0.510   289.549   287.068    89.562    89.417     0.435   287.672     4.749     0.303
 121.6562500     6.750     0.289     0.411     0.119     0.292   188.066    19.784    84.922   -14.744   101.728    34.162    13.955     6.256   766.644   115.549     0.459     0.163    -0.799    -0.478   289.760   287.224    84.180    84.067     0.392   287.677     4.756     0.336
 121.6562500     6.250     0.241     0.385     0.093     0.292   188.866    20.068    89.967    -9.585    97.409    29.242    13.328     5.345   748.754    98.715     0.434     0.136    -0.773    -0.450   289.970   287.362    79.395    79.308     0.353   287.682     4.763     0.371
 121.6562500     5.750     0.203     0.356     0.072     0.283   189.433    20.045    94.595    -5.649    93.276    25.256    12.774     4.607   734.295    85.382     0.412     0.116    -0.748    -0.426   290.183   287.469    75.186    75.119     0.318   287.687     4.769     0.410
 121.6562500     5.250     0.174     0.324     0.056     0.268   189.916    19.856    98.819    -2.523    89.465    21.916    12.297     4.014   722.540    74.862     0.393     0.100    -0.725    -0.405   290.389   287.562    71.518    71.467     0.287   287.691     4.774     0.454
 121.6562500     4.750     0.151     0.291     0.044     0.247   190.434    19.601   102.872    -0.143    85.853    19.259    11.892     3.543   712.883    66.583     0.377     0.088    -0.702    -0.387   290.609   287.650    68.353    68.314     0.258   287.695     4.779     0.502
 121.6562500     4.250     0.133     0.257     0.034     0.223   191.112    19.386   106.900     1.866    82.424    17.022    11.556     3.171   704.817    60.085     0.364     0.078    -0.681    -0.371   290.834   287.714    65.650    65.622     0.233   287.699     4.783     0.555
 121.6562500     3.750     0.119     0.223     0.027     0.196   191.956    19.183   110.891     3.558    79.197    15.118    11.290     2.878   697.916    54.998     0.354     0.070    -0.661    -0.357   291.067   287.775    63.372    63.352     0.210   287.702     4.788     0.614
 121.6562500     3.250     0.108     0.189     0.020     0.168   193.038    19.021   115.238     5.020    75.842    13.487    11.085     2.648   691.808    51.028     0.345     0.064    -0.640    -0.344   291.324   287.831    61.482    61.468     0.189   287.706     4.791     0.679
 121.6562500     2.750     0.100     0.155     0.016     0.140   194.453    18.929   120.013     6.305    72.384    12.107    10.946     2.469   686.146    47.943     0.339     0.060    -0.619    -0.333   291.602   287.881    59.947    59.938     0.170   287.708     4.795     0.750
 121.6562500     2.250     0.094     0.122     0.011     0.111   196.348    18.954   125.696     7.659    68.484    10.775    10.864     2.329   680.570    45.556     0.334     0.057    -0.596    -0.322   291.928   287.944    58.735    58.730     0.153   287.711     4.799     0.830
 121.6562500     1.750     0.089     0.091     0.008     0.083   198.947    19.155   132.888     9.145    63.758     9.488    10.847     2.219   674.642    43.711     0.331     0.054    -0.569    -0.311   292.311   288.011    57.818    57.815     0.138   287.713     4.802     0.917
 121.6562500     1.250     0.086     0.062     0.005     0.057   202.707    19.692   142.689    11.136    57.551     8.033    10.911     2.130   667.720    42.270     0.331     0.052    -0.534    -0.299   292.808   288.106    57.168    57.167     0.125   287.716     4.806     1.014
 121.6562500     0.750     0.084     0.036     0.003     0.033   208.909    21.248   158.123    14.484    48.088     6.238    11.077     2.052   658.639    41.085     0.332     0.050    -0.485    -0.285   293.519   288.268    56.757    56.757     0.112   287.718     4.809     1.122
 121.6562500     0.250     0.000     0.000     0.000     0.000  -999.000  -999.000  -999.000  -999.000  -999.000  -999.000  -999.000  -999.000  -999.000  -999.000  -999.000  -999.000  -999.000  -999.000  -999.000  -999.000  -999.000  -999.000     0.101   287.721     4.813     1.240
 121.6770833    22.750     0.000     0.000     0.000     0.000  -999.000  -999.000  -999.000  -999.000  -999.000  -999.000  -999.000  -999.000  -999.000  -999.000  -999.000  -999.000  -999.000  -999.000  -999.000  -999.000  -999.000  -999.000     1.295   289.035     4.239     0.025
 121.6770833    22.250     0.000     0.000     0.000     0.000  -999.000  -999.000  -999.000  -999.000  -999.000  -999.000  -999.000  -999.000  -999.000  -999.000  -999.000  -999.000  -999.000  -999.000  -999.000  -999.000  -999.000  -999.000     1.286   289.037     4.243     0.050
 121.6770833    21.750     0.000     0.000     0.000     0.000  -999.000  -999.000  -999.000  -999.000  -999.000  -999.000  -999.000  -999.000  -999.000  -999.000  -999.000  -999.000  -999.000  -999.000  -999.000  -999.000  -999.000  -999.000     1.277   289.039     4.247     0.052
 121.6770833    21.250     0.000     0.000     0.000     0.000  -999.000  -999.000  -999.000  -999.000  -999.000  -999.000  -999.000  -999.000  -999.000  -999.000  -999.000  -999.000  -999.000  -999.000  -999.000  -999.000  -999.000  -999.000     1.267   289.041     4.252     0.054
 121.6770833    20.750     0.000     0.000     0.000     0.000  -999.000  -999.000  -999.000  -999.000  -999.000  -999.000  -999.000  -999.000  -999.000  -999.000  -999.000  -999.000  -999.000  -999.000  -999.000  -999.000  -999.000  -999.000     1.256   289.043     4.256     0.056
 121.6770833    20.250     0.000     0.000     0.000     0.000  -999.000  -999.000  -999.000  -999.000  -999.000  -999.000  -999.000  -999.000  -999.000  -999.000  -999.000  -999.000  -999.000  -999.000  -999.000  -999.000  -999.000  -999.000     1.246   289.046     4.261     0.059
 121.6770833    19.750     0.000     0.000     0.000     0.000  -999.000  -999.000  -999.000  -999.000  -999.000  -999.000  -999.000  -999.000  -999.000  -999.000  -999.000  -999.000  -999.000  -999.000  -999.000  -999.000  -999.000  -999.000     1.234   289.048     4.266     0.061
 121.6770833    19.250     0.000     0.000     0.000     0.000  -999.000  -999.000  -999.000  -999.000  -999.000  -999.000  -999.000  -999.000  -999.000  -999.000  -999.000  -999.000  -999.000  -999.000  -999.000  -999.000  -999.000  -999.000     1.222   289.051     4.272     0.064
 121.6770833    18.750     0.000     0.000     0.000     0.000  -999.000  -999.000  -999.000  -999.000  -999.000  -999.000  -999.000  -999.000  -999.000  -999.000  -999.000  -999.000  -999.000  -999.000  -999.000  -999.000  -999.000  -999.000     1.210   289.054     4.277     0.067
 121.6770833    18.250     0.000     0.000     0.000     0.000  -999.000  -999.000  -999.000  -999.000  -999.000  -999.000  -999.000  -999.000  -999.000  -999.000  -999.000  -999.000  -999.000  -999.000  -999.000  -999.000  -999.000  -999.000     1.196   289.057     4.283     0.070
 121.6770833    17.750     0.000     0.000     0.000     0.000  -999.000  -999.000  -999.000  -999.000  -999.000  -999.000  -999.000  -999.000  -999.000  -999.000  -999.000  -999.000  -999.000  -999.000  -999.000  -999.000  -999.000  -999.000     1.182   289.060     4.289     0.073
 121.6770833    17.250     0.000     0.000     0.000     0.000  -999.000  -999.000  -999.000  -999.000  -999.000  -999.000  -999.000  -999.000  -999.000  -999.000  -999.000  -999.000  -999.000  -999.000  -999.000  -999.000  -999.000  -999.000     1.168   289.063     4.296     0.076
 121.6770833    16.750     0.000     0.000     0.000     0.000  -999.000  -999.000  -999.000  -999.000  -999.000  -999.000  -999.000  -999.000  -999.000  -999.000  -999.000  -999.000  -999.000  -999.000  -999.000  -999.000  -999.000  -999.000     1.152   289.067     4.302     0.080
 121.6770833    16.250     0.000     0.000     0.000     0.000  -999.000  -999.000  -999.000  -999.000  -999.000  -999.000  -999.000  -999.000  -999.000  -999.000  -999.000  -999.000  -999.000  -999.000  -999.000  -999.000  -999.000  -999.000     1.135   289.070     4.309     0.084
 121.6770833    15.750     0.000     0.000     0.000     0.000  -999.000  -999.000  -999.000  -999.000  -999.000  -999.000  -999.000  -999.000  -999.000  -999.000  -999.000  -999.000  -999.000  -999.000  -999.000  -999.000  -999.000  -999.000     1.117   289.075     4.317     0.088
 121.6770833    15.250     0.000     0.000     0.000     0.000  -999.000  -999.000  -999.000  -999.000  -999.000  -999.000  -999.000  -999.000  -999.000  -999.000  -999.000  -999.000  -999.000  -999.000  -999.000  -999.000  -999.000  -999.000     1.098   289.079     4.325     0.093
 121.6770833    14.750     0.000     0.000     0.000     0.000  -999.000  -999.000  -999.000  -999.000  -999.000  -999.000  -999.000  -999.000  -999.000  -999.000  -999.000  -999.000  -999.000  -999.000  -999.000  -999.000  -999.000  -999.000     1.077   289.083     4.333     0.098
 121.6770833    14.250     0.000     0.000     0.000     0.000  -999.000  -999.000  -999.000  -999.000  -999.000  -999.000  -999.000  -999.000  -999.000  -999.000  -999.000  -999.000  -999.000  -999.000  -999.000  -999.000  -999.000  -999.000     1.054   289.088     4.342     0.103
 121.6770833    13.750     0.000     0.000     0.000     0.000  -999.000  -999.000  -999.000  -999.000  -999.000  -999.000  -999.000  -999.000  -999.000  -999.000  -999.000  -999.000  -999.000  -999.000  -999.000  -999.000  -999.000  -999.000     1.029   289.094     4.352     0.109
 121.6770833    13.250     0.000     0.000     0.000     0.000  -999.000  -999.000  -999.000  -999.000  -999.000  -999.000  -999.000  -999.000  -999.000  -999.000  -999.000  -999.000  -999.000  -999.000  -999.000  -999.000  -999.000  -999.000     1.002   289.099     4.362     0.116
 121.6770833    12.750     0.000     0.000     0.000     0.000  -999.000  -999.000  -999.000  -999.000  -999.000  -999.000  -999.000  -999.000  -999.000  -999.000  -999.000  -999.000  -999.000  -999.000  -999.000  -999.000  -999.000  -999.000     0.971   289.105     4.373     0.123
 121.6770833    12.250     0.000     0.000     0.000     0.000  -999.000  -999.000  -999.000  -999.000  -999.000  -999.000  -999.000  -999.000  -999.000  -999.000  -999.000  -999.000  -999.000  -999.000  -999.000  -999.000  -999.000  -999.000     0.937   289.112     4.385     0.132
 121.6770833    11.750     0.000     0.000     0.000     0.000  -999.000  -999.000  -999.000  -999.000  -999.000  -999.000  -999.000  -999.000  -999.000  -999.000  -999.000  -999.000  -999.000  -999.000  -999.000  -999.000  -999.000  -999.000     0.897   289.120     4.398     0.141
 121.6770833    11.250     0.000     0.000     0.000     0.000  -999.000  -999.000  -999.000  -999.000  -999.000  -999.000  -999.000  -999.000  -999.000  -999.000  -999.000  -999.000  -999.000  -999.000  -999.000  -999.000  -999.000  -999.000     0.852   289.128     4.412     0.152
 121.6770833    10.750     0.000     0.000     0.000     0.000  -999.000  -999.000  -999.000  -999.000  -999.000  -999.000  -999.000  -999.000  -999.000  -999.000  -999.000  -999.000  -999.000  -999.000  -999.000  -999.000  -999.000  -999.000     0.798   289.137     4.427     0.164
 121.6770833    10.250     0.000     0.000     0.000     0.000  -999.000  -999.000  -999.000  -999.000  -999.000  -999.000  -999.000  -999.000  -999.000  -999.000  -999.000  -999.000  -999.000  -999.000  -999.000  -999.000  -999.000  -999.000     0.731   289.147     4.445     0.180
 121.6770833     9.750     0.935     0.304     0.284     0.020   212.938     6.053    45.731   -87.714   166.424    94.179    20.430    15.172  1142.931   340.250     0.675     0.474    -1.125    -0.788   290.117   287.227   122.316   121.366     0.650   289.159     4.465     0.211
 121.6770833     9.250     0.798     0.413     0.330     0.084   219.079    12.402    56.296   -73.961   161.835    86.635    19.660    13.982  1097.101   298.527     0.647     0.422    -1.098    -0.747   290.392   287.443   116.104   115.571     0.575   289.171     4.485     0.245
 121.6770833     8.750     0.659     0.446     0.294     0.152   225.216    18.390    67.636   -58.965   156.465    77.474    18.748    12.454  1049.566   253.232     0.610     0.357    -1.067    -0.699   290.702   287.718   109.032   108.686     0.509   289.183     4.505     0.275
 121.6770833     8.250     0.540     0.454     0.245     0.209   229.705    22.572    77.759   -45.306   150.682    67.858    17.820    10.847  1007.442   212.645     0.574     0.295    -1.034    -0.649   291.008   287.998   102.073   101.825     0.450   289.195     4.523     0.308
 121.6770833     7.750     0.442     0.448     0.198     0.250   232.634    25.102    86.517   -33.857   144.722    58.826    16.922     9.319   971.903   178.398     0.539     0.243    -1.001    -0.601   291.304   288.255    95.539    95.353     0.398   289.207     4.540     0.346
 121.6770833     7.250     0.363     0.432     0.157     0.275   234.366    26.362    93.974   -24.512   138.880    50.650    16.086     7.957   942.616   150.322     0.508     0.201    -0.968    -0.558   291.594   288.481    89.559    89.416     0.352   289.218     4.555     0.388
 121.6770833     6.750     0.301     0.411     0.124     0.287   235.307    26.761   100.524   -17.141   133.163    43.607    15.320     6.796   918.758   127.674     0.479     0.167    -0.936    -0.520   291.876   288.672    84.177    84.067     0.311   289.229     4.569     0.435
 121.6770833     6.250     0.252     0.385     0.097     0.288   235.764    26.600   106.271   -11.305   127.772    37.552    14.635     5.832   899.404   109.581     0.453     0.141    -0.906    -0.487   292.152   288.842    79.393    79.308     0.275   289.240     4.582     0.488
 121.6770833     5.750     0.214     0.356     0.076     0.280   236.002    26.135   111.471    -6.816   122.705    32.551    14.030     5.050   883.685    95.217     0.431     0.120    -0.877    -0.458   292.435   288.989    75.184    75.119     0.244   289.251     4.593     0.548
 121.6770833     5.250     0.184     0.324     0.060     0.265   236.189    25.520   116.365    -3.256   117.894    28.340    13.504     4.420   870.840    83.862     0.412     0.104    -0.849    -0.433   292.718   289.107    71.517    71.467     0.215   289.261     4.603     0.614
 121.6770833     4.750     0.160     0.291     0.047     0.245   236.457    24.870   120.912    -0.714   113.515    25.125    13.058     3.922   860.225    74.916     0.396     0.092    -0.824    -0.413   293.005   289.205    68.352    68.314     0.191   289.270     4.612     0.689
 121.6770833     4.250     0.142     0.257     0.036     0.221   236.971    24.320   125.701     1.515   109.125    22.321    12.681     3.527   851.297    67.888     0.382     0.081    -0.799    -0.395   293.315   289.298    65.649    65.622     0.169   289.278     4.621     0.773
 121.6770833     3.750     0.127     0.223     0.028     0.194   237.730    23.833   130.496     3.390   104.971    19.941    12.378     3.216   843.593    62.384     0.370     0.074    -0.775    -0.379   293.638   289.379    63.371    63.352     0.149   289.286     4.629     0.867
 121.6770833     3.250     0.116     0.189     0.022     0.167   238.809    23.432   135.577     5.037   100.842    17.881    12.144     2.971   836.701    58.089     0.361     0.068    -0.751    -0.364   293.986   289.452    61.481    61.468     0.132   289.293     4.636     0.972
 121.6770833     2.750     0.108     0.155     0.017     0.138   240.295    23.128   141.388     6.481    96.377    16.123    11.973     2.781   830.232    54.749     0.354     0.064    -0.725    -0.351   294.369   289.518    59.946    59.938     0.117   289.300     4.643     1.091
 121.6770833     2.250     0.101     0.122     0.012     0.110   242.398    23.008   148.191     8.073    91.523    14.405    11.863     2.632   823.771    52.162     0.349     0.060    -0.698    -0.338   294.806   289.600    58.735    58.730     0.103   289.305     4.650     1.223
 121.6770833     1.750     0.096     0.091     0.009     0.083   245.371    23.131   157.021     9.922    85.480    12.670    11.811     2.513   816.806    50.156     0.345     0.057    -0.666    -0.325   295.332   289.695    57.818    57.815     0.091   289.310     4.657     1.372
 121.6770833     1.250     0.093     0.062     0.006     0.057   249.735    23.663   169.306    12.290    77.328    10.829    11.828     2.417   808.569    48.580     0.342     0.055    -0.623    -0.312   296.009   289.827    57.168    57.167     0.081   289.315     4.665     1.539
 121.6770833     0.750     0.091     0.036     0.003     0.032   257.013    25.419   188.680    16.491    64.907     8.367    11.923     2.327   797.662    47.267     0.340     0.053    -0.560    -0.295   296.993   290.065    56.757    56.757     0.071   289.320     4.673     1.726
 121.6770833     0.250     0.000     0.000     0.000     0.000  -999.000  -999.000  -999.000  -999.000  -999.000  -999.000  -999.000  -999.000  -999.000  -999.000  -999.000  -999.000  -999.000  -999.000  -999.000  -999.000  -999.000  -999.000     0.063   289.325     4.682     1.936
 121.6979167    22.750     0.000     0.000     0.000     0.000  -999.000  -999.000  -999.000  -999.000  -999.000  -999.000  -999.000  -999.000  -999.000  -999.000  -999.000  -999.000  -999.000  -999.000  -999.000  -999.000  -999.000  -999.000     1.319   290.336     4.212     0.026
 121.6979167    22.250     0.000     0.000     0.000     0.000  -999.000  -999.000  -999.000  -999.000  -999.000  -999.000  -999.000  -999.000  -999.000  -999.000  -999.000  -999.000  -999.000  -999.000  -999.000  -999.000  -999.000  -999.000     1.310   290.339     4.217     0.054
 121.6979167    21.750     0.000     0.000     0.000     0.000  -999.000  -999.000  -999.000  -999.000  -999.000  -999.000  -999.000  -999.000  -999.000  -999.000  -999.000  -999.000  -999.000  -999.000  -999.000  -999.000  -999.000  -999.000     1.299   290.342     4.222     0.056
 121.6979167    21.250     0.000     0.000     0.000     0.000  -999.000  -999.000  -999.000  -999.000  -999.000  -999.000  -999.000  -999.000  -999.000  -999.000  -999.000  -999.000  -999.000  -999.000  -999.000  -999.000  -999.000  -999.000     1.289   290.345     4.228     0.059
 121.6979167    20.750     0.000     0.000     0.000     0.000  -999.000  -999.000  -999.000  -999.000  -999.000  -999.000  -999.000  -999.000  -999.000  -999.000  -999.000  -999.000  -999.000  -999.000  -999.000  -999.000  -999.000  -999.000     1.277   290.348     4.233     0.061
 121.6979167    20.250     0.000     0.000     0.000     0.000  -999.000  -999.000  -999.000  -999.000  -999.000  -999.000  -999.000  -999.000  -999.000  -999.000  -999.000  -999.000  -999.000  -999.000  -999.000  -999.000  -999.000  -999.000     1.266   290.352     4.239     0.064
 121.6979167    19.750     0.000     0.000     0.000     0.000  -999.000  -999.000  -999.000  -999.000  -999.000  -999.000  -999.000  -999.000  -999.000  -999.000  -999.000  -999.000  -999.000  -999.000  -999.000  -999.000  -999.000  -999.000     1.254   290.355     4.245     0.066
 121.6979167    19.250     0.000     0.000     0.000     0.000  -999.000  -999.000  -999.000  -999.000  -999.000  -999.000  -999.000  -999.000  -999.000  -999.000  -999.000  -999.000  -999.000  -999.000  -999.000  -999.000  -999.000  -999.000     1.241   290.359     4.252     0.069
 121.6979167    18.750     0.000     0.000     0.000     0.000  -999.000  -999.000  -999.000  -999.000  -999.000  -999.000  -999.000  -999.000  -999.000  -999.000  -999.000  -999.000  -999.000  -999.000  -999.000  -999.000  -999.000  -999.000     1.228   290.363     4.258     0.073
 121.6979167    18.250     0.000     0.000     0.000     0.000  -999.000  -999.000  -999.000  -999.000  -999.000  -999.000  -999.000  -999.000  -999.000  -999.000  -999.000  -999.000  -999.000  -999.000  -999.000  -999.000  -999.000  -999.000     1.213   290.367     4.265     0.076
 121.6979167    17.750     0.000     0.000     0.000     0.000  -999.000  -999.000  -999.000  -999.000  -999.000  -999.000  -999.000  -999.000  -999.000  -999.000  -999.000  -999.000  -999.000  -999.000  -999.000  -999.000  -999.000  -999.000     1.199   290.371     4.273     0.080
 121.6979167    17.250     0.000     0.000     0.000     0.000  -999.000  -999.000  -999.000  -999.000  -999.000  -999.000  -999.000  -999.000  -999.000  -999.000  -999.000  -999.000  -999.000  -999.000  -999.000  -999.000  -999.000  -999.000     1.183   290.376     4.280     0.084
 121.6979167    16.750     0.000     0.000     0.000     0.000  -999.000  -999.000  -999.000  -999.000  -999.000  -999.000  -999.000  -999.000  -999.000  -999.000  -999.000  -999.000  -999.000  -999.000  -999.000  -999.000  -999.000  -999.000     1.166   290.381     4.288     0.088
 121.6979167    16.250     0.000     0.000     0.000     0.000  -999.000  -999.000  -999.000  -999.000  -999.000  -999.000  -999.000  -999.000  -999.000  -999.000  -999.000  -999.000  -999.000  -999.000  -999.000  -999.000  -999.000  -999.000     1.149   290.386     4.296     0.093
 121.6979167    15.750     0.000     0.000     0.000     0.000  -999.000  -999.000  -999.000  -999.000  -999.000  -999.000  -999.000  -999.000  -999.000  -999.000  -999.000  -999.000  -999.000  -999.000  -999.000  -999.000  -999.000  -999.000     1.130   290.391     4.305     0.098
 121.6979167    15.250     0.000     0.000     0.000     0.000  -999.000  -999.000  -999.000  -999.000  -999.000  -999.000  -999.000  -999.000  -999.000  -999.000  -999.000  -999.000  -999.000  -999.000  -999.000  -999.000  -999.000  -999.000     1.109   290.397     4.314     0.104
 121.6979167    14.750     0.000     0.000     0.000     0.000  -999.000  -999.000  -999.000  -999.000  -999.000  -999.000  -999.000  -999.000  -999.000  -999.000  -999.000  -999.000  -999.000  -999.000  -999.000  -999.000  -999.000  -999.000     1.088   290.403     4.324     0.110
 121.6979167    14.250     0.000     0.000     0.000     0.000  -999.000  -999.000  -999.000  -999.000  -999.000  -999.000  -999.000  -999.000  -999.000  -999.000  -999.000  -999.000  -999.000  -999.000  -999.000  -999.000  -999.000  -999.000     1.064   290.409     4.334     0.117
 121.6979167    13.750     0.000     0.000     0.000     0.000  -999.000  -999.000  -999.000  -999.000  -999.000  -999.000  -999.000  -999.000  -999.000  -999.000  -999.000  -999.000  -999.000  -999.000  -999.000  -999.000  -999.000  -999.000     1.038   290.416     4.345     0.124
 121.6979167    13.250     0.000     0.000     0.000     0.000  -999.000  -999.000  -999.000  -999.000  -999.000  -999.000  -999.000  -999.000  -999.000  -999.000  -999.000  -999.000  -999.000  -999.000  -999.000  -999.000  -999.000  -999.000     1.010   290.424     4.357     0.133
 121.6979167    12.750     0.000     0.000     0.000     0.000  -999.000  -999.000  -999.000  -999.000  -999.000  -999.000  -999.000  -999.000  -999.000  -999.000  -999.000  -999.000  -999.000  -999.000  -999.000  -999.000  -999.000  -999.000     0.979   290.431     4.369     0.143
 121.6979167    12.250     0.000     0.000     0.000     0.000  -999.000  -999.000  -999.000  -999.000  -999.000  -999.000  -999.000  -999.000  -999.000  -999.000  -999.000  -999.000  -999.000  -999.000  -999.000  -999.000  -999.000  -999.000     0.944   290.439     4.382     0.153
 121.6979167    11.750     0.000     0.000     0.000     0.000  -999.000  -999.000  -999.000  -999.000  -999.000  -999.000  -999.000  -999.000  -999.000  -999.000  -999.000  -999.000  -999.000  -999.000  -999.000  -999.000  -999.000  -999.000     0.905   290.448     4.396     0.167
 121.6979167    11.250     0.000     0.000     0.000     0.000  -999.000  -999.000  -999.000  -999.000  -999.000  -999.000  -999.000  -999.000  -999.000  -999.000  -999.000  -999.000  -999.000  -999.000  -999.000  -999.000  -999.000  -999.000     0.860   290.458     4.410     0.181
 121.6979167    10.750     0.000     0.000     0.000     0.000  -999.000  -999.000  -999.000  -999.000  -999.000  -999.000  -999.000  -999.000  -999.000  -999.000  -999.000  -999.000  -999.000  -999.000  -999.000  -999.000  -999.000  -999.000     0.807   290.468     4.426     0.199
 121.6979167    10.250     0.000     0.000     0.000     0.000  -999.000  -999.000  -999.000  -999.000  -999.000  -999.000  -999.000  -999.000  -999.000  -999.000  -999.000  -999.000  -999.000  -999.000  -999.000  -999.000  -999.000  -999.000     0.742   290.480     4.444     0.222
 121.6979167     9.750     0.937     0.304     0.285     0.019   257.613    14.100    57.436   -93.810   199.474   108.534    21.874    16.027  1294.548   360.501     0.703     0.484    -1.273    -0.857   291.630   288.423   122.314   121.365     0.665   290.493     4.464     0.261
 121.6979167     9.250     0.802     0.413     0.331     0.082   264.029    20.674    69.015   -78.802   194.133    99.944    21.034    14.769  1246.899   317.180     0.673     0.430    -1.242    -0.811   291.925   288.666   116.102   115.570     0.594   290.507     4.486     0.297
 121.6979167     8.750     0.665     0.446     0.297     0.149   270.305    26.748    81.298   -62.573   187.943    89.617    20.043    13.161  1197.324   270.012     0.635     0.365    -1.207    -0.758   292.258   288.969   109.029   108.685     0.530   290.521     4.506     0.336
 121.6979167     8.250     0.547     0.454     0.248     0.206   274.759    30.835    92.301   -47.938   181.233    78.917    19.032    11.479  1153.224   227.602     0.596     0.303    -1.170    -0.702   292.585   289.276   102.070   101.824     0.473   290.535     4.525     0.379
 121.6979167     7.750     0.450     0.448     0.201     0.246   277.509    33.123   101.794   -35.448   174.349    68.590    18.058     9.880  1115.870   191.694     0.560     0.249    -1.131    -0.648   292.903   289.557    95.537    95.352     0.422   290.548     4.542     0.428
 121.6979167     7.250     0.371     0.432     0.160     0.272   279.004    34.077   109.887   -25.326   167.629    59.322    17.148     8.458  1084.964   162.161     0.527     0.206    -1.094    -0.599   293.209   289.807    89.557    89.416     0.377   290.561     4.558     0.483
 121.6979167     6.750     0.309     0.411     0.127     0.284   279.637    34.090   117.052   -17.408   160.982    51.341    16.314     7.246  1059.686   138.268     0.497     0.172    -1.057    -0.557   293.512   290.016    84.175    84.066     0.336   290.574     4.572     0.546
 121.6979167     6.250     0.260     0.385     0.100     0.285   279.799    33.548   123.350   -11.182   154.738    44.511    15.566     6.240  1039.098   119.133     0.470     0.146    -1.023    -0.519   293.812   290.204    79.392    79.307     0.300   290.586     4.585     0.616
 121.6979167     5.750     0.221     0.356     0.079     0.277   279.773    32.722   129.147    -6.398   148.812    38.862    14.902     5.423  1022.308   103.911     0.446     0.125    -0.990    -0.488   294.110   290.350    75.183    75.118     0.268   290.598     4.596     0.695
 121.6979167     5.250     0.191     0.324     0.062     0.262   279.733    31.770   134.555    -2.463   143.255    33.940    14.323     4.763  1008.528    91.859     0.426     0.108    -0.959    -0.460   294.419   290.480    71.516    71.467     0.239   290.609     4.607     0.785
 121.6979167     4.750     0.167     0.291     0.049     0.243   279.856    30.849   139.791     0.329   138.031    30.193    13.826     4.242   997.084    82.353     0.408     0.095    -0.929    -0.437   294.731   290.603    68.351    68.314     0.213   290.620     4.617     0.886
 121.6979167     4.250     0.148     0.257     0.038     0.219   280.249    30.033   145.006     2.684   133.094    27.010    13.407     3.829   987.404    74.882     0.394     0.085    -0.901    -0.418   295.062   290.688    65.649    65.622     0.190   290.630     4.626     1.000
 121.6979167     3.750     0.133     0.223     0.030     0.193   280.921    29.290   150.556     4.599   128.093    24.340    13.056     3.505   978.990    69.029     0.380     0.078    -0.873    -0.400   295.413   290.774    63.371    63.351     0.170   290.639     4.634     1.129
 121.6979167     3.250     0.122     0.189     0.023     0.166   281.992    28.682   156.375     6.379   123.217    21.941    12.778     3.249   971.400    64.462     0.370     0.072    -0.846    -0.384   295.783   290.854    61.481    61.468     0.152   290.647     4.642     1.274
 121.6979167     2.750     0.113     0.155     0.018     0.138   283.576    28.233   163.041     8.147   117.986    19.718    12.562     3.048   964.204    60.910     0.362     0.067    -0.817    -0.368   296.202   290.931    59.946    59.937     0.135   290.654     4.649     1.439
 121.6979167     2.250     0.106     0.122     0.013     0.109   285.807    27.940   171.066     9.807   112.031    17.763    12.404     2.891   956.938    58.155     0.355     0.064    -0.784    -0.354   296.677   291.021    58.735    58.730     0.121   290.661     4.656     1.624
 121.6979167     1.750     0.102     0.091     0.009     0.082   289.015    27.912   181.390    11.927   104.724    15.613    12.296     2.764   949.021    56.014     0.348     0.061    -0.746    -0.339   297.251   291.136    57.818    57.815     0.108   290.667     4.663     1.833
 121.6979167     1.250     0.098     0.062     0.006     0.056   293.846    28.392   195.901    14.637    94.806    13.393    12.228     2.662   939.571    54.322     0.342     0.059    -0.695    -0.324   297.991   291.278    57.168    57.167     0.096   290.672     4.670     2.068
 121.6979167     0.750     0.096     0.036     0.003     0.032   301.971    30.247   219.217    19.443    79.291    10.464    12.153     2.565   926.971    52.897     0.332     0.057    -0.619    -0.305   299.069   291.518    56.757    56.757     0.086   290.677     4.677     2.334
 121.6979167     0.250     0.000     0.000     0.000     0.000  -999.000  -999.000  -999.000  -999.000  -999.000  -999.000  -999.000  -999.000  -999.000  -999.000  -999.000  -999.000  -999.000  -999.000  -999.000  -999.000  -999.000  -999.000     0.077   290.682     4.685     2.634
 121.7187500    22.750     0.000     0.000     0.000     0.000  -999.000  -999.000  -999.000  -999.000  -999.000  -999.000  -999.000  -999.000  -999.000  -999.000  -999.000  -999.000  -999.000  -999.000  -999.000  -999.000  -999.000  -999.000     1.466   291.467     4.203     0.023
 121.7187500    22.250     0.000     0.000     0.000     0.000  -999.000  -999.000  -999.000  -999.000  -999.000  -999.000  -999.000  -999.000  -999.000  -999.000  -999.000  -999.000  -999.000  -999.000  -999.000  -999.000  -999.000  -999.000     1.454   291.471     4.208     0.048
 121.7187500    21.750     0.000     0.000     0.000     0.000  -999.000  -999.000  -999.000  -999.000  -999.000  -999.000  -999.000  -999.000  -999.000  -999.000  -999.000  -999.000  -999.000  -999.000  -999.000  -999.000  -999.000  -999.000     1.443   291.474     4.213     0.049
 121.7187500    21.250     0.000     0.000     0.000     0.000  -999.000  -999.000  -999.000  -999.000  -999.000  -999.000  -999.000  -999.000  -999.000  -999.000  -999.000  -999.000  -999.000  -999.000  -999.000  -999.000  -999.000  -999.000     1.430   291.478     4.219     0.051
 121.7187500    20.750     0.000     0.000     0.000     0.000  -999.000  -999.000  -999.000  -999.000  -999.000  -999.000  -999.000  -999.000  -999.000  -999.000  -999.000  -999.000  -999.000  -999.000  -999.000  -999.000  -999.000  -999.000     1.418   291.482     4.224     0.053
 121.7187500    20.250     0.000     0.000     0.000     0.000  -999.000  -999.000  -999.000  -999.000  -999.000  -999.000  -999.000  -999.000  -999.000  -999.000  -999.000  -999.000  -999.000  -999.000  -999.000  -999.000  -999.000  -999.000     1.404   291.486     4.230     0.055
 121.7187500    19.750     0.000     0.000     0.000     0.000  -999.000  -999.000  -999.000  -999.000  -999.000  -999.000  -999.000  -999.000  -999.000  -999.000  -999.000  -999.000  -999.000  -999.000  -999.000  -999.000  -999.000  -999.000     1.391   291.490     4.237     0.057
 121.7187500    19.250     0.000     0.000     0.000     0.000  -999.000  -999.000  -999.000  -999.000  -999.000  -999.000  -999.000  -999.000  -999.000  -999.000  -999.000  -999.000  -999.000  -999.000  -999.000  -999.000  -999.000  -999.000     1.376   291.494     4.243     0.060
 121.7187500    18.750     0.000     0.000     0.000     0.000  -999.000  -999.000  -999.000  -999.000  -999.000  -999.000  -999.000  -999.000  -999.000  -999.000  -999.000  -999.000  -999.000  -999.000  -999.000  -999.000  -999.000  -999.000     1.361   291.499     4.250     0.062
 121.7187500    18.250     0.000     0.000     0.000     0.000  -999.000  -999.000  -999.000  -999.000  -999.000  -999.000  -999.000  -999.000  -999.000  -999.000  -999.000  -999.000  -999.000  -999.000  -999.000  -999.000  -999.000  -999.000     1.345   291.504     4.257     0.065
 121.7187500    17.750     0.000     0.000     0.000     0.000  -999.000  -999.000  -999.000  -999.000  -999.000  -999.000  -999.000  -999.000  -999.000  -999.000  -999.000  -999.000  -999.000  -999.000  -999.000  -999.000  -999.000  -999.000     1.328   291.509     4.264     0.067
 121.7187500    17.250     0.000     0.000     0.000     0.000  -999.000  -999.000  -999.000  -999.000  -999.000  -999.000  -999.000  -999.000  -999.000  -999.000  -999.000  -999.000  -999.000  -999.000  -999.000  -999.000  -999.000  -999.000     1.310   291.514     4.272     0.070
 121.7187500    16.750     0.000     0.000     0.000     0.000  -999.000  -999.000  -999.000  -999.000  -999.000  -999.000  -999.000  -999.000  -999.000  -999.000  -999.000  -999.000  -999.000  -999.000  -999.000  -999.000  -999.000  -999.000     1.292   291.520     4.280     0.074
 121.7187500    16.250     0.000     0.000     0.000     0.000  -999.000  -999.000  -999.000  -999.000  -999.000  -999.000  -999.000  -999.000  -999.000  -999.000  -999.000  -999.000  -999.000  -999.000  -999.000  -999.000  -999.000  -999.000     1.272   291.525     4.288     0.077
 121.7187500    15.750     0.000     0.000     0.000     0.000  -999.000  -999.000  -999.000  -999.000  -999.000  -999.000  -999.000  -999.000  -999.000  -999.000  -999.000  -999.000  -999.000  -999.000  -999.000  -999.000  -999.000  -999.000     1.250   291.532     4.297     0.081
 121.7187500    15.250     0.000     0.000     0.000     0.000  -999.000  -999.000  -999.000  -999.000  -999.000  -999.000  -999.000  -999.000  -999.000  -999.000  -999.000  -999.000  -999.000  -999.000  -999.000  -999.000  -999.000  -999.000     1.228   291.538     4.306     0.084
 121.7187500    14.750     0.000     0.000     0.000     0.000  -999.000  -999.000  -999.000  -999.000  -999.000  -999.000  -999.000  -999.000  -999.000  -999.000  -999.000  -999.000  -999.000  -999.000  -999.000  -999.000  -999.000  -999.000     1.203   291.545     4.316     0.089
 121.7187500    14.250     0.000     0.000     0.000     0.000  -999.000  -999.000  -999.000  -999.000  -999.000  -999.000  -999.000  -999.000  -999.000  -999.000  -999.000  -999.000  -999.000  -999.000  -999.000  -999.000  -999.000  -999.000     1.177   291.552     4.326     0.093
 121.7187500    13.750     0.000     0.000     0.000     0.000  -999.000  -999.000  -999.000  -999.000  -999.000  -999.000  -999.000  -999.000  -999.000  -999.000  -999.000  -999.000  -999.000  -999.000  -999.000  -999.000  -999.000  -999.000     1.148   291.559     4.337     0.098
 121.7187500    13.250     0.000     0.000     0.000     0.000  -999.000  -999.000  -999.000  -999.000  -999.000  -999.000  -999.000  -999.000  -999.000  -999.000  -999.000  -999.000  -999.000  -999.000  -999.000  -999.000  -999.000  -999.000     1.117   291.567     4.348     0.104
 121.7187500    12.750     0.000     0.000     0.000     0.000  -999.000  -999.000  -999.000  -999.000  -999.000  -999.000  -999.000  -999.000  -999.000  -999.000  -999.000  -999.000  -999.000  -999.000  -999.000  -999.000  -999.000  -999.000     1.082   291.576     4.360     0.110
 121.7187500    12.250     0.000     0.000     0.000     0.000  -999.000  -999.000  -999.000  -999.000  -999.000  -999.000  -999.000  -999.000  -999.000  -999.000  -999.000  -999.000  -999.000  -999.000  -999.000  -999.000  -999.000  -999.000     1.044   291.585     4.373     0.116
 121.7187500    11.750     0.000     0.000     0.000     0.000  -999.000  -999.000  -999.000  -999.000  -999.000  -999.000  -999.000  -999.000  -999.000  -999.000  -999.000  -999.000  -999.000  -999.000  -999.000  -999.000  -999.000  -999.000     1.001   291.595     4.387     0.123
 121.7187500    11.250     0.000     0.000     0.000     0.000  -999.000  -999.000  -999.000  -999.000  -999.000  -999.000  -999.000  -999.000  -999.000  -999.000  -999.000  -999.000  -999.000  -999.000  -999.000  -999.000  -999.000  -999.000     0.951   291.605     4.401     0.130
 121.7187500    10.750     0.000     0.000     0.000     0.000  -999.000  -999.000  -999.000  -999.000  -999.000  -999.000  -999.000  -999.000  -999.000  -999.000  -999.000  -999.000  -999.000  -999.000  -999.000  -999.000  -999.000  -999.000     0.893   291.616     4.416     0.140
 121.7187500    10.250     0.000     0.000     0.000     0.000  -999.000  -999.000  -999.000  -999.000  -999.000  -999.000  -999.000  -999.000  -999.000  -999.000  -999.000  -999.000  -999.000  -999.000  -999.000  -999.000  -999.000  -999.000     0.824   291.628     4.433     0.151
 121.7187500     9.750     0.938     0.304     0.285     0.019   301.397    21.550    66.625  -104.259   234.142   126.602    23.072    16.783  1457.863   374.830     0.707     0.479    -1.428    -0.938   292.950   289.509   122.313   121.365     0.741   291.642     4.452     0.176
 121.7187500     9.250     0.805     0.413     0.333     0.081   308.079    28.327    79.260   -87.772   228.002   116.727    22.171    15.445  1409.487   330.922     0.676     0.425    -1.394    -0.886   293.254   289.763   116.101   115.570     0.664   291.657     4.473     0.206
 121.7187500     8.750     0.669     0.446     0.299     0.147   314.515    34.503    92.944   -69.717   220.560   104.663    21.102    13.747  1358.936   282.921     0.636     0.361    -1.354    -0.825   293.601   290.085   109.027   108.684     0.595   291.672     4.492     0.230
 121.7187500     8.250     0.552     0.454     0.251     0.203   318.985    38.546   105.207   -53.389   212.594    92.217    20.017    11.989  1313.737   239.564     0.597     0.300    -1.310    -0.761   293.948   290.404   102.069   101.823     0.534   291.686     4.510     0.257
 121.7187500     7.750     0.455     0.448     0.204     0.244   321.653    40.689   115.943   -39.586   204.379    80.426    18.970    10.332  1275.251   202.687     0.560     0.249    -1.267    -0.701   294.280   290.694    95.535    95.351     0.478   291.700     4.526     0.286
 121.7187500     7.250     0.377     0.432     0.163     0.269   322.987    41.412   125.374   -28.228   196.147    69.686    17.990     8.862  1243.243   172.229     0.525     0.207    -1.222    -0.646   294.615   290.957    89.556    89.415     0.429   291.713     4.540     0.319
 121.7187500     6.750     0.315     0.411     0.129     0.282   323.454    41.183   133.655   -19.282   188.212    60.431    17.093     7.611  1216.931   147.496     0.494     0.173    -1.180    -0.598   294.934   291.179    84.174    84.066     0.384   291.727     4.553     0.356
 121.7187500     6.250     0.265     0.385     0.102     0.283   323.479    40.419   141.216   -12.003   180.560    52.324    16.283     6.572  1195.392   127.625     0.465     0.146    -1.139    -0.555   295.259   291.378    79.391    79.307     0.344   291.739     4.565     0.397
 121.7187500     5.750     0.226     0.356     0.080     0.275   323.306    39.351   148.052    -6.641   173.434    45.847    15.566     5.730  1177.736   111.776     0.441     0.127    -1.100    -0.520   295.582   291.533    75.183    75.118     0.309   291.751     4.575     0.442
 121.7187500     5.250     0.196     0.324     0.063     0.261   323.170    38.197   154.552    -2.233   166.683    40.249    14.936     5.050  1163.166    99.203     0.420     0.110    -1.064    -0.489   295.909   291.671    71.515    71.466     0.277   291.763     4.585     0.493
 121.7187500     4.750     0.171     0.291     0.050     0.241   323.255    37.115   161.069     0.981   160.131    35.929    14.385     4.513  1150.993    89.272     0.400     0.097    -1.028    -0.463   296.260   291.788    68.350    68.314     0.248   291.774     4.593     0.550
 121.7187500     4.250     0.152     0.257     0.039     0.218   323.627    36.138   167.343     3.777   154.102    32.133    13.919     4.086  1140.621    81.460     0.384     0.088    -0.996    -0.441   296.611   291.886    65.648    65.621     0.222   291.784     4.601     0.613
 121.7187500     3.750     0.137     0.223     0.031     0.192   324.359    35.291   173.978     6.240   148.064    28.809    13.523     3.749  1131.530    75.339     0.370     0.080    -0.963    -0.420   296.994   291.978    63.371    63.351     0.199   291.793     4.608     0.684
 121.7187500     3.250     0.126     0.189     0.024     0.165   325.528    34.585   181.139     8.241   141.932    26.092    13.192     3.486  1123.245    70.560     0.358     0.074    -0.930    -0.402   297.397   292.063    61.481    61.468     0.179   291.801     4.614     0.763
 121.7187500     2.750     0.117     0.155     0.018     0.137   327.266    34.052   189.162    10.139   135.487    23.658    12.921     3.280  1115.299    66.842     0.348     0.070    -0.895    -0.386   297.853   292.144    59.946    59.937     0.160   291.809     4.620     0.850
 121.7187500     2.250     0.110     0.122     0.013     0.109   329.758    33.728   198.987    12.296   127.976    21.176    12.693     3.116  1107.177    63.955     0.338     0.066    -0.856    -0.370   298.380   292.241    58.735    58.729     0.143   291.815     4.626     0.948
 121.7187500     1.750     0.105     0.091     0.010     0.082   333.301    33.658   211.368    14.616   118.931    18.797    12.501     2.986  1098.223    61.706     0.329     0.063    -0.809    -0.354   299.014   292.349    57.818    57.815     0.129   291.821     4.632     1.057
 121.7187500     1.250     0.102     0.062     0.006     0.056   338.596    34.097   228.638    17.942   106.694    15.917    12.307     2.874  1087.429    59.916     0.319     0.061    -0.748    -0.335   299.830   292.513    57.168    57.167     0.115   291.827     4.638     1.179
 121.7187500     0.750     0.100     0.036     0.004     0.032   347.468    35.970   256.136    23.336    87.703    12.421    12.004     2.770  1072.934    58.392     0.302     0.058    -0.655    -0.314   301.018   292.759    56.757    56.757     0.103   291.832     4.644     1.314
 121.7187500     0.250     0.000     0.000     0.000     0.000  -999.000  -999.000  -999.000  -999.000  -999.000  -999.000  -999.000  -999.000  -999.000  -999.000  -999.000  -999.000  -999.000  -999.000  -999.000  -999.000  -999.000  -999.000     0.093   291.837     4.651     1.466
 121.7395833    22.750     0.000     0.000     0.000     0.000  -999.000  -999.000  -999.000  -999.000  -999.000  -999.000  -999.000  -999.000  -999.000  -999.000  -999.000  -999.000  -999.000  -999.000  -999.000  -999.000  -999.000  -999.000     1.360   292.465     4.487     0.024
 121.7395833    22.250     0.000     0.000     0.000     0.000  -999.000  -999.000  -999.000  -999.000  -999.000  -999.000  -999.000  -999.000  -999.000  -999.000  -999.000  -999.000  -999.000  -999.000  -999.000  -999.000  -999.000  -999.000     1.350   292.470     4.493     0.049
 121.7395833    21.750     0.000     0.000     0.000     0.000  -999.000  -999.000  -999.000  -999.000  -999.000  -999.000  -999.000  -999.000  -999.000  -999.000  -999.000  -999.000  -999.000  -999.000  -999.000  -999.000  -999.000  -999.000     1.339   292.475     4.499     0.051
 121.7395833    21.250     0.000     0.000     0.000     0.000  -999.000  -999.000  -999.000  -999.000  -999.000  -999.000  -999.000  -999.000  -999.000  -999.000  -999.000  -999.000  -999.000  -999.000  -999.000  -999.000  -999.000  -999.000     1.328   292.480     4.506     0.053
 121.7395833    20.750     0.000     0.000     0.000     0.000  -999.000  -999.000  -999.000  -999.000  -999.000  -999.000  -999.000  -999.000  -999.000  -999.000  -999.000  -999.000  -999.000  -999.000  -999.000  -999.000  -999.000  -999.000     1.316   292.485     4.512     0.055
 121.7395833    20.250     0.000     0.000     0.000     0.000  -999.000  -999.000  -999.000  -999.000  -999.000  -999.000  -999.000  -999.000  -999.000  -999.000  -999.000  -999.000  -999.000  -999.000  -999.000  -999.000  -999.000  -999.000     1.304   292.491     4.519     0.057
 121.7395833    19.750     0.000     0.000     0.000     0.000  -999.000  -999.000  -999.000  -999.000  -999.000  -999.000  -999.000  -999.000  -999.000  -999.000  -999.000  -999.000  -999.000  -999.000  -999.000  -999.000  -999.000  -999.000     1.291   292.497     4.526     0.059
 121.7395833    19.250     0.000     0.000     0.000     0.000  -999.000  -999.000  -999.000  -999.000  -999.000  -999.000  -999.000  -999.000  -999.000  -999.000  -999.000  -999.000  -999.000  -999.000  -999.000  -999.000  -999.000  -999.000     1.278   292.503     4.533     0.062
 121.7395833    18.750     0.000     0.000     0.000     0.000  -999.000  -999.000  -999.000  -999.000  -999.000  -999.000  -999.000  -999.000  -999.000  -999.000  -999.000  -999.000  -999.000  -999.000  -999.000  -999.000  -999.000  -999.000     1.264   292.509     4.541     0.064
 121.7395833    18.250     0.000     0.000     0.000     0.000  -999.000  -999.000  -999.000  -999.000  -999.000  -999.000  -999.000  -999.000  -999.000  -999.000  -999.000  -999.000  -999.000  -999.000  -999.000  -999.000  -999.000  -999.000     1.249   292.516     4.549     0.067
 121.7395833    17.750     0.000     0.000     0.000     0.000  -999.000  -999.000  -999.000  -999.000  -999.000  -999.000  -999.000  -999.000  -999.000  -999.000  -999.000  -999.000  -999.000  -999.000  -999.000  -999.000  -999.000  -999.000     1.234   292.523     4.557     0.070
 121.7395833    17.250     0.000     0.000     0.000     0.000  -999.000  -999.000  -999.000  -999.000  -999.000  -999.000  -999.000  -999.000  -999.000  -999.000  -999.000  -999.000  -999.000  -999.000  -999.000  -999.000  -999.000  -999.000     1.218   292.530     4.566     0.073
 121.7395833    16.750     0.000     0.000     0.000     0.000  -999.000  -999.000  -999.000  -999.000  -999.000  -999.000  -999.000  -999.000  -999.000  -999.000  -999.000  -999.000  -999.000  -999.000  -999.000  -999.000  -999.000  -999.000     1.200   292.538     4.575     0.076
 121.7395833    16.250     0.000     0.000     0.000     0.000  -999.000  -999.000  -999.000  -999.000  -999.000  -999.000  -999.000  -999.000  -999.000  -999.000  -999.000  -999.000  -999.000  -999.000  -999.000  -999.000  -999.000  -999.000     1.182   292.546     4.585     0.080
 121.7395833    15.750     0.000     0.000     0.000     0.000  -999.000  -999.000  -999.000  -999.000  -999.000  -999.000  -999.000  -999.000  -999.000  -999.000  -999.000  -999.000  -999.000  -999.000  -999.000  -999.000  -999.000  -999.000     1.163   292.555     4.595     0.084
 121.7395833    15.250     0.000     0.000     0.000     0.000  -999.000  -999.000  -999.000  -999.000  -999.000  -999.000  -999.000  -999.000  -999.000  -999.000  -999.000  -999.000  -999.000  -999.000  -999.000  -999.000  -999.000  -999.000     1.142   292.564     4.606     0.088
 121.7395833    14.750     0.000     0.000     0.000     0.000  -999.000  -999.000  -999.000  -999.000  -999.000  -999.000  -999.000  -999.000  -999.000  -999.000  -999.000  -999.000  -999.000  -999.000  -999.000  -999.000  -999.000  -999.000     1.119   292.573     4.617     0.092
 121.7395833    14.250     0.000     0.000     0.000     0.000  -999.000  -999.000  -999.000  -999.000  -999.000  -999.000  -999.000  -999.000  -999.000  -999.000  -999.000  -999.000  -999.000  -999.000  -999.000  -999.000  -999.000  -999.000     1.095   292.583     4.629     0.098
 121.7395833    13.750     0.000     0.000     0.000     0.000  -999.000  -999.000  -999.000  -999.000  -999.000  -999.000  -999.000  -999.000  -999.000  -999.000  -999.000  -999.000  -999.000  -999.000  -999.000  -999.000  -999.000  -999.000     1.068   292.594     4.641     0.103
 121.7395833    13.250     0.000     0.000     0.000     0.000  -999.000  -999.000  -999.000  -999.000  -999.000  -999.000  -999.000  -999.000  -999.000  -999.000  -999.000  -999.000  -999.000  -999.000  -999.000  -999.000  -999.000  -999.000     1.039   292.605     4.655     0.108
 121.7395833    12.750     0.000     0.000     0.000     0.000  -999.000  -999.000  -999.000  -999.000  -999.000  -999.000  -999.000  -999.000  -999.000  -999.000  -999.000  -999.000  -999.000  -999.000  -999.000  -999.000  -999.000  -999.000     1.007   292.617     4.669     0.115
 121.7395833    12.250     0.000     0.000     0.000     0.000  -999.000  -999.000  -999.000  -999.000  -999.000  -999.000  -999.000  -999.000  -999.000  -999.000  -999.000  -999.000  -999.000  -999.000  -999.000  -999.000  -999.000  -999.000     0.971   292.630     4.684     0.123
 121.7395833    11.750     0.000     0.000     0.000     0.000  -999.000  -999.000  -999.000  -999.000  -999.000  -999.000  -999.000  -999.000  -999.000  -999.000  -999.000  -999.000  -999.000  -999.000  -999.000  -999.000  -999.000  -999.000     0.931   292.643     4.700     0.131
 121.7395833    11.250     0.000     0.000     0.000     0.000  -999.000  -999.000  -999.000  -999.000  -999.000  -999.000  -999.000  -999.000  -999.000  -999.000  -999.000  -999.000  -999.000  -999.000  -999.000  -999.000  -999.000  -999.000     0.885   292.658     4.717     0.138
 121.7395833    10.750     0.000     0.000     0.000     0.000  -999.000  -999.000  -999.000  -999.000  -999.000  -999.000  -999.000  -999.000  -999.000  -999.000  -999.000  -999.000  -999.000  -999.000  -999.000  -999.000  -999.000  -999.000     0.830   292.673     4.735     0.149
 121.7395833    10.250     0.000     0.000     0.000     0.000  -999.000  -999.000  -999.000  -999.000  -999.000  -999.000  -999.000  -999.000  -999.000  -999.000  -999.000  -999.000  -999.000  -999.000  -999.000  -999.000  -999.000  -999.000     0.765   292.690     4.755     0.162
 121.7395833     9.750     0.938     0.304     0.285     0.019   349.430    29.439    89.542  -107.155   259.189   137.519    24.053    17.283  1560.841   380.589     0.688     0.482    -1.514    -0.981   294.425   290.501   122.313   121.365     0.687   292.710     4.778     0.190
 121.7395833     9.250     0.806     0.413     0.333     0.080   356.871    36.874   100.272   -89.272   255.717   126.883    23.131    15.879  1512.579   336.839     0.674     0.427    -1.495    -0.927   294.704   290.792   116.099   115.569     0.614   292.731     4.803     0.222
 121.7395833     8.750     0.672     0.446     0.300     0.146   363.681    43.342   112.914   -70.263   249.697   114.139    22.017    14.119  1461.986   288.870     0.646     0.363    -1.465    -0.862   295.025   291.148   109.026   108.684     0.549   292.752     4.826     0.248
 121.7395833     8.250     0.556     0.454     0.252     0.202   368.219    47.379   125.437   -53.135   241.536   100.873    20.860    12.312  1416.581   245.395     0.608     0.302    -1.424    -0.796   295.374   291.491   102.067   101.823     0.491   292.772     4.848     0.277
 121.7395833     7.750     0.459     0.448     0.206     0.242   370.774    49.330   136.718   -38.567   232.647    88.110    19.737    10.620  1377.772   208.296     0.570     0.250    -1.378    -0.731   295.733   291.811    95.534    95.351     0.439   292.792     4.867     0.310
 121.7395833     7.250     0.381     0.432     0.165     0.268   371.923    49.786   146.913   -26.916   223.453    76.806    18.679     9.130  1345.376   177.562     0.533     0.209    -1.331    -0.674   296.099   292.085    89.555    89.415     0.392   292.811     4.885     0.347
 121.7395833     6.750     0.319     0.411     0.131     0.280   372.201    49.279   155.965   -17.565   214.542    66.857    17.709     7.862  1318.648   152.537     0.500     0.176    -1.285    -0.624   296.454   292.326    84.173    84.066     0.351   292.830     4.901     0.388
 121.7395833     6.250     0.269     0.385     0.104     0.281   372.021    48.212   164.174    -9.964   206.023    58.119    16.832     6.809  1296.690   132.386     0.470     0.149    -1.240    -0.578   296.817   292.545    79.390    79.307     0.314   292.848     4.915     0.434
 121.7395833     5.750     0.230     0.356     0.082     0.274   371.720    46.906   171.844    -4.335   197.918    51.130    16.048     5.956  1278.625   116.284     0.443     0.129    -1.198    -0.541   297.184   292.718    75.182    75.118     0.281   292.865     4.927     0.485
 121.7395833     5.250     0.199     0.324     0.065     0.260   371.489    45.532   179.125     0.119   190.269    45.256    15.353     5.270  1263.662   103.492     0.420     0.113    -1.158    -0.508   297.565   292.881    71.515    71.466     0.251   292.881     4.939     0.542
 121.7395833     4.750     0.175     0.291     0.051     0.240   371.574    44.310   186.371     3.590   182.969    40.537    14.742     4.726  1251.108    93.379     0.399     0.100    -1.120    -0.483   297.957   292.996    68.350    68.314     0.224   292.897     4.949     0.606
 121.7395833     4.250     0.156     0.257     0.040     0.217   371.968    43.192   193.651     6.539   175.938    36.444    14.208     4.295  1240.359    85.419     0.381     0.090    -1.084    -0.458   298.358   293.111    65.648    65.621     0.201   292.911     4.958     0.677
 121.7395833     3.750     0.141     0.223     0.031     0.192   372.744    42.198   201.193     9.174   169.016    32.796    13.744     3.952  1230.884    79.180     0.365     0.083    -1.047    -0.437   298.796   293.218    63.370    63.351     0.179   292.924     4.966     0.757
 121.7395833     3.250     0.129     0.189     0.024     0.164   374.044    41.397   209.427    11.455   161.919    29.700    13.339     3.684  1222.191    74.309     0.350     0.077    -1.011    -0.418   299.257   293.319    61.481    61.468     0.160   292.937     4.974     0.847
 121.7395833     2.750     0.120     0.155     0.019     0.136   375.978    40.788   218.917    13.528   154.175    27.010    12.977     3.475  1213.791    70.518     0.337     0.073    -0.971    -0.401   299.790   293.416    59.946    59.937     0.143   292.948     4.981     0.946
 121.7395833     2.250     0.113     0.122     0.014     0.109   378.718    40.374   230.250    15.777   145.378    24.343    12.645     3.309  1205.137    67.572     0.324     0.069    -0.927    -0.383   300.389   293.530    58.735    58.729     0.128   292.958     4.988     1.058
 121.7395833     1.750     0.108     0.091     0.010     0.082   382.644    40.253   244.640    18.505   134.673    21.491    12.315     3.173  1195.526    65.272     0.311     0.066    -0.874    -0.365   301.103   293.670    57.818    57.815     0.115   292.967     4.995     1.183
 121.7395833     1.250     0.104     0.062     0.007     0.056   388.431    40.601   265.144    21.951   119.651    18.409    11.904     3.060  1183.870    63.433     0.293     0.063    -0.801    -0.346   302.049   293.839    57.168    57.167     0.103   292.975     5.002     1.323
 121.7395833     0.750     0.102     0.036     0.004     0.032   398.078    42.408   297.423    27.772    96.586    14.417    11.242     2.952  1168.147    61.854     0.266     0.061    -0.693    -0.323   303.418   294.111    56.757    56.757     0.092   292.982     5.010     1.479
 121.7395833     0.250     0.000     0.000     0.000     0.000  -999.000  -999.000  -999.000  -999.000  -999.000  -999.000  -999.000  -999.000  -999.000  -999.000  -999.000  -999.000  -999.000  -999.000  -999.000  -999.000  -999.000  -999.000     0.082   292.990     5.019     1.653
 121.7604167    22.750     0.000     0.000     0.000     0.000  -999.000  -999.000  -999.000  -999.000  -999.000  -999.000  -999.000  -999.000  -999.000  -999.000  -999.000  -999.000  -999.000  -999.000  -999.000  -999.000  -999.000  -999.000     1.219   293.234     4.827     0.026
 121.7604167    22.250     0.000     0.000     0.000     0.000  -999.000  -999.000  -999.000  -999.000  -999.000  -999.000  -999.000  -999.000  -999.000  -999.000  -999.000  -999.000  -999.000  -999.000  -999.000  -999.000  -999.000  -999.000     1.209   293.238     4.834     0.054
 121.7604167    21.750     0.000     0.000     0.000     0.000  -999.000  -999.000  -999.000  -999.000  -999.000  -999.000  -999.000  -999.000  -999.000  -999.000  -999.000  -999.000  -999.000  -999.000  -999.000  -999.000  -999.000  -999.000     1.199   293.243     4.841     0.056
 121.7604167    21.250     0.000     0.000     0.000     0.000  -999.000  -999.000  -999.000  -999.000  -999.000  -999.000  -999.000  -999.000  -999.000  -999.000  -999.000  -999.000  -999.000  -999.000  -999.000  -999.000  -999.000  -999.000     1.189   293.248     4.848     0.058
 121.7604167    20.750     0.000     0.000     0.000     0.000  -999.000  -999.000  -999.000  -999.000  -999.000  -999.000  -999.000  -999.000  -999.000  -999.000  -999.000  -999.000  -999.000  -999.000  -999.000  -999.000  -999.000  -999.000     1.178   293.252     4.856     0.060
 121.7604167    20.250     0.000     0.000     0.000     0.000  -999.000  -999.000  -999.000  -999.000  -999.000  -999.000  -999.000  -999.000  -999.000  -999.000  -999.000  -999.000  -999.000  -999.000  -999.000  -999.000  -999.000  -999.000     1.167   293.257     4.864     0.063
 121.7604167    19.750     0.000     0.000     0.000     0.000  -999.000  -999.000  -999.000  -999.000  -999.000  -999.000  -999.000  -999.000  -999.000  -999.000  -999.000  -999.000  -999.000  -999.000  -999.000  -999.000  -999.000  -999.000     1.155   293.263     4.872     0.065
 121.7604167    19.250     0.000     0.000     0.000     0.000  -999.000  -999.000  -999.000  -999.000  -999.000  -999.000  -999.000  -999.000  -999.000  -999.000  -999.000  -999.000  -999.000  -999.000  -999.000  -999.000  -999.000  -999.000     1.143   293.268     4.881     0.068
 121.7604167    18.750     0.000     0.000     0.000     0.000  -999.000  -999.000  -999.000  -999.000  -999.000  -999.000  -999.000  -999.000  -999.000  -999.000  -999.000  -999.000  -999.000  -999.000  -999.000  -999.000  -999.000  -999.000     1.130   293.274     4.889     0.071
 121.7604167    18.250     0.000     0.000     0.000     0.000  -999.000  -999.000  -999.000  -999.000  -999.000  -999.000  -999.000  -999.000  -999.000  -999.000  -999.000  -999.000  -999.000  -999.000  -999.000  -999.000  -999.000  -999.000     1.117   293.280     4.899     0.074
 121.7604167    17.750     0.000     0.000     0.000     0.000  -999.000  -999.000  -999.000  -999.000  -999.000  -999.000  -999.000  -999.000  -999.000  -999.000  -999.000  -999.000  -999.000  -999.000  -999.000  -999.000  -999.000  -999.000     1.103   293.286     4.908     0.077
 121.7604167    17.250     0.000     0.000     0.000     0.000  -999.000  -999.000  -999.000  -999.000  -999.000  -999.000  -999.000  -999.000  -999.000  -999.000  -999.000  -999.000  -999.000  -999.000  -999.000  -999.000  -999.000  -999.000     1.088   293.293     4.918     0.080
 121.7604167    16.750     0.000     0.000     0.000     0.000  -999.000  -999.000  -999.000  -999.000  -999.000  -999.000  -999.000  -999.000  -999.000  -999.000  -999.000  -999.000  -999.000  -999.000  -999.000  -999.000  -999.000  -999.000     1.072   293.299     4.929     0.084
 121.7604167    16.250     0.000     0.000     0.000     0.000  -999.000  -999.000  -999.000  -999.000  -999.000  -999.000  -999.000  -999.000  -999.000  -999.000  -999.000  -999.000  -999.000  -999.000  -999.000  -999.000  -999.000  -999.000     1.056   293.307     4.940     0.088
 121.7604167    15.750     0.000     0.000     0.000     0.000  -999.000  -999.000  -999.000  -999.000  -999.000  -999.000  -999.000  -999.000  -999.000  -999.000  -999.000  -999.000  -999.000  -999.000  -999.000  -999.000  -999.000  -999.000     1.038   293.314     4.951     0.092
 121.7604167    15.250     0.000     0.000     0.000     0.000  -999.000  -999.000  -999.000  -999.000  -999.000  -999.000  -999.000  -999.000  -999.000  -999.000  -999.000  -999.000  -999.000  -999.000  -999.000  -999.000  -999.000  -999.000     1.019   293.322     4.963     0.097
 121.7604167    14.750     0.000     0.000     0.000     0.000  -999.000  -999.000  -999.000  -999.000  -999.000  -999.000  -999.000  -999.000  -999.000  -999.000  -999.000  -999.000  -999.000  -999.000  -999.000  -999.000  -999.000  -999.000     0.998   293.330     4.975     0.102
 121.7604167    14.250     0.000     0.000     0.000     0.000  -999.000  -999.000  -999.000  -999.000  -999.000  -999.000  -999.000  -999.000  -999.000  -999.000  -999.000  -999.000  -999.000  -999.000  -999.000  -999.000  -999.000  -999.000     0.976   293.339     4.989     0.108
 121.7604167    13.750     0.000     0.000     0.000     0.000  -999.000  -999.000  -999.000  -999.000  -999.000  -999.000  -999.000  -999.000  -999.000  -999.000  -999.000  -999.000  -999.000  -999.000  -999.000  -999.000  -999.000  -999.000     0.953   293.348     5.003     0.114
 121.7604167    13.250     0.000     0.000     0.000     0.000  -999.000  -999.000  -999.000  -999.000  -999.000  -999.000  -999.000  -999.000  -999.000  -999.000  -999.000  -999.000  -999.000  -999.000  -999.000  -999.000  -999.000  -999.000     0.927   293.358     5.017     0.121
 121.7604167    12.750     0.000     0.000     0.000     0.000  -999.000  -999.000  -999.000  -999.000  -999.000  -999.000  -999.000  -999.000  -999.000  -999.000  -999.000  -999.000  -999.000  -999.000  -999.000  -999.000  -999.000  -999.000     0.898   293.368     5.033     0.127
 121.7604167    12.250     0.000     0.000     0.000     0.000  -999.000  -999.000  -999.000  -999.000  -999.000  -999.000  -999.000  -999.000  -999.000  -999.000  -999.000  -999.000  -999.000  -999.000  -999.000  -999.000  -999.000  -999.000     0.866   293.378     5.049     0.136
 121.7604167    11.750     0.000     0.000     0.000     0.000  -999.000  -999.000  -999.000  -999.000  -999.000  -999.000  -999.000  -999.000  -999.000  -999.000  -999.000  -999.000  -999.000  -999.000  -999.000  -999.000  -999.000  -999.000     0.830   293.390     5.066     0.145
 121.7604167    11.250     0.000     0.000     0.000     0.000  -999.000  -999.000  -999.000  -999.000  -999.000  -999.000  -999.000  -999.000  -999.000  -999.000  -999.000  -999.000  -999.000  -999.000  -999.000  -999.000  -999.000  -999.000     0.789   293.402     5.084     0.154
 121.7604167    10.750     0.000     0.000     0.000     0.000  -999.000  -999.000  -999.000  -999.000  -999.000  -999.000  -999.000  -999.000  -999.000  -999.000  -999.000  -999.000  -999.000  -999.000  -999.000  -999.000  -999.000  -999.000     0.742   293.415     5.104     0.165
 121.7604167    10.250     0.000     0.000     0.000     0.000  -999.000  -999.000  -999.000  -999.000  -999.000  -999.000  -999.000  -999.000  -999.000  -999.000  -999.000  -999.000  -999.000  -999.000  -999.000  -999.000  -999.000  -999.000     0.684   293.429     5.125     0.181
 121.7604167     9.750     0.939     0.304     0.285     0.019   348.857    37.466    86.284  -101.491   262.363   140.161    24.422    17.424  1396.156   368.146     0.678     0.485    -1.513    -0.988   294.693   291.271   122.312   121.365     0.617   293.445     5.149     0.212
 121.7604167     9.250     0.808     0.413     0.334     0.079   355.462    44.083    94.207   -84.109   260.847   129.182    23.488    15.917  1348.432   324.811     0.678     0.428    -1.493    -0.931   294.935   291.554   116.099   115.569     0.554   293.462     5.175     0.247
 121.7604167     8.750     0.675     0.446     0.301     0.145   361.159    49.454   104.404   -65.621   256.148   115.841    22.351    14.055  1298.653   277.517     0.659     0.360    -1.464    -0.864   295.223   291.902   109.025   108.683     0.498   293.480     5.199     0.276
 121.7604167     8.250     0.558     0.454     0.253     0.200   364.620    52.428   115.423   -49.157   248.421   102.165    21.158    12.181  1254.227   234.869     0.625     0.298    -1.424    -0.795   295.526   292.247   102.066   101.822     0.447   293.497     5.221     0.309
 121.7604167     7.750     0.462     0.448     0.207     0.241   366.278    53.500   126.131   -35.259   239.223    89.196    19.990    10.455  1216.466   198.651     0.585     0.246    -1.377    -0.730   295.844   292.556    95.533    95.351     0.402   293.515     5.242     0.346
 121.7604167     7.250     0.384     0.432     0.166     0.266   366.750    53.296   135.935   -23.907   229.756    77.526    18.893     8.950  1185.111   168.777     0.547     0.204    -1.329    -0.671   296.173   292.833    89.554    89.415     0.361   293.532     5.260     0.387
 121.7604167     6.750     0.322     0.411     0.132     0.279   366.546    52.327   144.831   -14.889   220.534    67.448    17.887     7.683  1159.375   144.546     0.511     0.171    -1.282    -0.620   296.496   293.081    84.173    84.065     0.324   293.550     5.277     0.432
 121.7604167     6.250     0.272     0.385     0.105     0.280   366.022    50.937   153.041    -7.946   211.687    59.055    16.976     6.643  1138.339   125.096     0.479     0.146    -1.236    -0.577   296.822   293.278    79.390    79.307     0.291   293.567     5.292     0.484
 121.7604167     5.750     0.233     0.356     0.083     0.273   365.486    49.421   160.641    -2.012   203.436    51.550    16.164     5.792  1121.122   109.596     0.452     0.125    -1.194    -0.538   297.152   293.462    75.182    75.118     0.262   293.584     5.306     0.541
 121.7604167     5.250     0.202     0.324     0.065     0.259   365.172    47.992   168.186     2.070   195.462    45.998    15.439     5.121  1106.939    97.309     0.426     0.109    -1.154    -0.506   297.498   293.630    71.515    71.466     0.235   293.600     5.318     0.605
 121.7604167     4.750     0.177     0.291     0.052     0.240   365.175    46.718   175.530     5.890   187.994    40.871    14.802     4.582  1095.112    87.611     0.405     0.096    -1.116    -0.479   297.853   293.759    68.350    68.314     0.211   293.616     5.329     0.677
 121.7604167     4.250     0.158     0.257     0.041     0.217   365.525    45.592   183.023     8.962   180.722    36.655    14.241     4.157  1085.058    79.987     0.385     0.087    -1.079    -0.455   298.231   293.866    65.648    65.621     0.190   293.631     5.339     0.757
 121.7604167     3.750     0.143     0.223     0.032     0.191   366.290    44.631   190.764    11.411   173.616    33.229    13.752     3.825  1076.269    74.016     0.368     0.080    -1.043    -0.434   298.622   293.982    63.370    63.351     0.170   293.645     5.349     0.847
 121.7604167     3.250     0.131     0.189     0.025     0.164   367.541    43.832   199.247    13.560   166.238    30.271    13.317     3.564  1068.283    69.357     0.353     0.075    -1.005    -0.415   299.055   294.087    61.481    61.468     0.153   293.658     5.357     0.947
 121.7604167     2.750     0.122     0.155     0.019     0.136   369.428    43.237   209.015    16.014   158.198    27.219    12.924     3.355  1060.647    65.735     0.338     0.070    -0.966    -0.397   299.534   294.191    59.946    59.937     0.137   293.671     5.366     1.059
 121.7604167     2.250     0.115     0.122     0.014     0.108   372.087    42.817   220.552    18.112   149.149    24.705    12.558     3.195  1052.867    62.922     0.324     0.067    -0.923    -0.381   300.075   294.306    58.735    58.729     0.123   293.682     5.374     1.185
 121.7604167     1.750     0.110     0.091     0.010     0.081   375.839    42.619   235.367    20.836   137.874    21.801    12.180     3.061  1044.312    60.729     0.308     0.063    -0.869    -0.363   300.753   294.429    57.818    57.815     0.111   293.692     5.382     1.325
 121.7604167     1.250     0.106     0.062     0.007     0.056   381.365    42.836   256.240    24.131   122.266    18.750    11.709     2.953  1034.022    58.983     0.288     0.062    -0.798    -0.345   301.610   294.589    57.168    57.167     0.100   293.702     5.391     1.482
 121.7604167     0.750     0.104     0.036     0.004     0.032   390.365    44.186   288.897    29.544    98.236    14.736    10.960     2.849  1020.222    57.492     0.259     0.060    -0.690    -0.322   302.876   294.835    56.757    56.757     0.089   293.711     5.399     1.657
 121.7604167     0.250     0.000     0.000     0.000     0.000  -999.000  -999.000  -999.000  -999.000  -999.000  -999.000  -999.000  -999.000  -999.000  -999.000  -999.000  -999.000  -999.000  -999.000  -999.000  -999.000  -999.000  -999.000     0.080   293.720     5.409     1.854
 121.7812500    22.750     0.000     0.000     0.000     0.000  -999.000  -999.000  -999.000  -999.000  -999.000  -999.000  -999.000  -999.000  -999.000  -999.000  -999.000  -999.000  -999.000  -999.000  -999.000  -999.000  -999.000  -999.000     1.027   293.863     4.886     0.030
 121.7812500    22.250     0.000     0.000     0.000     0.000  -999.000  -999.000  -999.000  -999.000  -999.000  -999.000  -999.000  -999.000  -999.000  -999.000  -999.000  -999.000  -999.000  -999.000  -999.000  -999.000  -999.000  -999.000     1.020   293.867     4.893     0.062
 121.7812500    21.750     0.000     0.000     0.000     0.000  -999.000  -999.000  -999.000  -999.000  -999.000  -999.000  -999.000  -999.000  -999.000  -999.000  -999.000  -999.000  -999.000  -999.000  -999.000  -999.000  -999.000  -999.000     1.012   293.870     4.901     0.064
 121.7812500    21.250     0.000     0.000     0.000     0.000  -999.000  -999.000  -999.000  -999.000  -999.000  -999.000  -999.000  -999.000  -999.000  -999.000  -999.000  -999.000  -999.000  -999.000  -999.000  -999.000  -999.000  -999.000     1.004   293.873     4.910     0.067
 121.7812500    20.750     0.000     0.000     0.000     0.000  -999.000  -999.000  -999.000  -999.000  -999.000  -999.000  -999.000  -999.000  -999.000  -999.000  -999.000  -999.000  -999.000  -999.000  -999.000  -999.000  -999.000  -999.000     0.996   293.877     4.918     0.069
 121.7812500    20.250     0.000     0.000     0.000     0.000  -999.000  -999.000  -999.000  -999.000  -999.000  -999.000  -999.000  -999.000  -999.000  -999.000  -999.000  -999.000  -999.000  -999.000  -999.000  -999.000  -999.000  -999.000     0.987   293.880     4.927     0.072
 121.7812500    19.750     0.000     0.000     0.000     0.000  -999.000  -999.000  -999.000  -999.000  -999.000  -999.000  -999.000  -999.000  -999.000  -999.000  -999.000  -999.000  -999.000  -999.000  -999.000  -999.000  -999.000  -999.000     0.978   293.884     4.937     0.075
 121.7812500    19.250     0.000     0.000     0.000     0.000  -999.000  -999.000  -999.000  -999.000  -999.000  -999.000  -999.000  -999.000  -999.000  -999.000  -999.000  -999.000  -999.000  -999.000  -999.000  -999.000  -999.000  -999.000     0.969   293.888     4.946     0.078
 121.7812500    18.750     0.000     0.000     0.000     0.000  -999.000  -999.000  -999.000  -999.000  -999.000  -999.000  -999.000  -999.000  -999.000  -999.000  -999.000  -999.000  -999.000  -999.000  -999.000  -999.000  -999.000  -999.000     0.959   293.893     4.957     0.081
 121.7812500    18.250     0.000     0.000     0.000     0.000  -999.000  -999.000  -999.000  -999.000  -999.000  -999.000  -999.000  -999.000  -999.000  -999.000  -999.000  -999.000  -999.000  -999.000  -999.000  -999.000  -999.000  -999.000     0.949   293.897     4.967     0.084
 121.7812500    17.750     0.000     0.000     0.000     0.000  -999.000  -999.000  -999.000  -999.000  -999.000  -999.000  -999.000  -999.000  -999.000  -999.000  -999.000  -999.000  -999.000  -999.000  -999.000  -999.000  -999.000  -999.000     0.937   293.902     4.978     0.088
 121.7812500    17.250     0.000     0.000     0.000     0.000  -999.000  -999.000  -999.000  -999.000  -999.000  -999.000  -999.000  -999.000  -999.000  -999.000  -999.000  -999.000  -999.000  -999.000  -999.000  -999.000  -999.000  -999.000     0.926   293.907     4.990     0.092
 121.7812500    16.750     0.000     0.000     0.000     0.000  -999.000  -999.000  -999.000  -999.000  -999.000  -999.000  -999.000  -999.000  -999.000  -999.000  -999.000  -999.000  -999.000  -999.000  -999.000  -999.000  -999.000  -999.000     0.913   293.912     5.003     0.096
 121.7812500    16.250     0.000     0.000     0.000     0.000  -999.000  -999.000  -999.000  -999.000  -999.000  -999.000  -999.000  -999.000  -999.000  -999.000  -999.000  -999.000  -999.000  -999.000  -999.000  -999.000  -999.000  -999.000     0.900   293.918     5.016     0.101
 121.7812500    15.750     0.000     0.000     0.000     0.000  -999.000  -999.000  -999.000  -999.000  -999.000  -999.000  -999.000  -999.000  -999.000  -999.000  -999.000  -999.000  -999.000  -999.000  -999.000  -999.000  -999.000  -999.000     0.886   293.924     5.030     0.106
 121.7812500    15.250     0.000     0.000     0.000     0.000  -999.000  -999.000  -999.000  -999.000  -999.000  -999.000  -999.000  -999.000  -999.000  -999.000  -999.000  -999.000  -999.000  -999.000  -999.000  -999.000  -999.000  -999.000     0.870   293.930     5.044     0.111
 121.7812500    14.750     0.000     0.000     0.000     0.000  -999.000  -999.000  -999.000  -999.000  -999.000  -999.000  -999.000  -999.000  -999.000  -999.000  -999.000  -999.000  -999.000  -999.000  -999.000  -999.000  -999.000  -999.000     0.854   293.937     5.060     0.117
 121.7812500    14.250     0.000     0.000     0.000     0.000  -999.000  -999.000  -999.000  -999.000  -999.000  -999.000  -999.000  -999.000  -999.000  -999.000  -999.000  -999.000  -999.000  -999.000  -999.000  -999.000  -999.000  -999.000     0.836   293.944     5.077     0.123
 121.7812500    13.750     0.000     0.000     0.000     0.000  -999.000  -999.000  -999.000  -999.000  -999.000  -999.000  -999.000  -999.000  -999.000  -999.000  -999.000  -999.000  -999.000  -999.000  -999.000  -999.000  -999.000  -999.000     0.816   293.952     5.094     0.130
 121.7812500    13.250     0.000     0.000     0.000     0.000  -999.000  -999.000  -999.000  -999.000  -999.000  -999.000  -999.000  -999.000  -999.000  -999.000  -999.000  -999.000  -999.000  -999.000  -999.000  -999.000  -999.000  -999.000     0.794   293.960     5.113     0.137
 121.7812500    12.750     0.000     0.000     0.000     0.000  -999.000  -999.000  -999.000  -999.000  -999.000  -999.000  -999.000  -999.000  -999.000  -999.000  -999.000  -999.000  -999.000  -999.000  -999.000  -999.000  -999.000  -999.000     0.770   293.969     5.133     0.145
 121.7812500    12.250     0.000     0.000     0.000     0.000  -999.000  -999.000  -999.000  -999.000  -999.000  -999.000  -999.000  -999.000  -999.000  -999.000  -999.000  -999.000  -999.000  -999.000  -999.000  -999.000  -999.000  -999.000     0.743   293.979     5.155     0.154
 121.7812500    11.750     0.000     0.000     0.000     0.000  -999.000  -999.000  -999.000  -999.000  -999.000  -999.000  -999.000  -999.000  -999.000  -999.000  -999.000  -999.000  -999.000  -999.000  -999.000  -999.000  -999.000  -999.000     0.712   293.989     5.179     0.163
 121.7812500    11.250     0.000     0.000     0.000     0.000  -999.000  -999.000  -999.000  -999.000  -999.000  -999.000  -999.000  -999.000  -999.000  -999.000  -999.000  -999.000  -999.000  -999.000  -999.000  -999.000  -999.000  -999.000     0.675   294.001     5.205     0.175
 121.7812500    10.750     0.000     0.000     0.000     0.000  -999.000  -999.000  -999.000  -999.000  -999.000  -999.000  -999.000  -999.000  -999.000  -999.000  -999.000  -999.000  -999.000  -999.000  -999.000  -999.000  -999.000  -999.000     0.632   294.014     5.234     0.187
 121.7812500    10.250     0.000     0.000     0.000     0.000  -999.000  -999.000  -999.000  -999.000  -999.000  -999.000  -999.000  -999.000  -999.000  -999.000  -999.000  -999.000  -999.000  -999.000  -999.000  -999.000  -999.000  -999.000     0.580   294.028     5.266     0.203
 121.7812500     9.750     0.939     0.304     0.285     0.019   291.532    42.453    36.533   -94.900   254.845   138.470    24.240    16.963  1273.746   360.948     0.736     0.466    -1.491    -0.982   294.857   291.783   122.312   121.365     0.515   294.045     5.304     0.237
 121.7812500     9.250     0.809     0.413     0.334     0.079   295.206    46.279    44.946   -79.048   249.924   126.244    23.244    15.327  1226.068   317.595     0.722     0.405    -1.461    -0.920   295.097   292.068   116.098   115.569     0.456   294.063     5.342     0.276
 121.7812500     8.750     0.676     0.446     0.302     0.144   298.088    48.953    55.614   -62.254   241.956   111.920    22.053    13.357  1176.541   270.459     0.685     0.337    -1.419    -0.849   295.397   292.418   109.025   108.683     0.403   294.081     5.378     0.309
 121.7812500     8.250     0.560     0.454     0.254     0.200   299.480    49.972    66.249   -47.149   232.552    97.664    20.840    11.429  1132.544   228.131     0.640     0.275    -1.370    -0.778   295.720   292.764   102.066   101.822     0.356   294.101     5.412     0.344
 121.7812500     7.750     0.464     0.448     0.208     0.240   299.726    49.749    76.009   -34.374   222.900    84.534    19.679     9.695  1095.320   192.329     0.597     0.225    -1.320    -0.713   296.051   293.082    95.533    95.350     0.315   294.121     5.444     0.385
 121.7812500     7.250     0.386     0.432     0.167     0.265   299.247    48.722    84.840   -24.003   213.469    73.031    18.599     8.211  1064.552   162.906     0.558     0.186    -1.272    -0.655   296.383   293.374    89.554    89.414     0.279   294.143     5.472     0.429
 121.7812500     6.750     0.324     0.411     0.133     0.278   298.438    47.285    92.896   -15.524   204.492    63.037    17.616     6.978  1039.408   139.118     0.522     0.155    -1.225    -0.604   296.717   293.628    84.172    84.065     0.247   294.164     5.498     0.479
 121.7812500     6.250     0.274     0.385     0.106     0.279   297.549    45.683   100.434    -8.737   195.954    54.576    16.730     5.974  1018.947   120.077     0.490     0.130    -1.182    -0.560   297.049   293.864    79.389    79.307     0.218   294.187     5.522     0.535
 121.7812500     5.750     0.235     0.356     0.084     0.272   296.782    44.107   107.492    -3.233   188.019    47.442    15.944     5.166  1002.275   104.938     0.463     0.111    -1.141    -0.522   297.395   294.072    75.181    75.118     0.193   294.209     5.543     0.597
 121.7812500     5.250     0.204     0.324     0.066     0.258   296.317    42.720   114.375     0.909   180.560    41.880    15.250     4.528   988.608    92.958     0.438     0.097    -1.102    -0.492   297.752   294.241    71.514    71.466     0.171   294.232     5.563     0.667
 121.7812500     4.750     0.179     0.291     0.052     0.239   296.182    41.528   121.201     4.267   173.478    37.299    14.643     4.024   977.273    83.517     0.417     0.085    -1.066    -0.466   298.119   294.393    68.350    68.314     0.151   294.254     5.581     0.744
 121.7812500     4.250     0.160     0.257     0.041     0.216   296.373    40.497   127.966     7.354   166.771    33.159    14.118     3.624   967.699    76.101     0.399     0.076    -1.031    -0.443   298.510   294.518    65.648    65.621     0.133   294.275     5.598     0.831
 121.7812500     3.750     0.144     0.223     0.032     0.191   296.981    39.675   135.267     9.814   159.942    29.857    13.660     3.312   959.394    70.298     0.382     0.069    -0.996    -0.422   298.927   294.653    63.370    63.351     0.118   294.296     5.613     0.927
 121.7812500     3.250     0.132     0.189     0.025     0.164   298.007    39.003   142.847    11.936   153.239    27.058    13.272     3.070   951.916    65.773     0.368     0.064    -0.961    -0.405   299.380   294.759    61.481    61.468     0.104   294.316     5.628     1.035
 121.7812500     2.750     0.123     0.155     0.019     0.136   299.508    38.448   151.357    13.938   146.063    24.496    12.938     2.879   944.837    62.255     0.355     0.061    -0.924    -0.388   299.890   294.877    59.946    59.937     0.092   294.335     5.642     1.155
 121.7812500     2.250     0.116     0.122     0.014     0.108   301.662    38.051   161.600    16.140   137.789    21.894    12.639     2.727   937.702    59.527     0.342     0.057    -0.883    -0.371   300.465   295.010    58.735    58.729     0.082   294.353     5.657     1.289
 121.7812500     1.750     0.111     0.091     0.010     0.081   304.659    37.776   174.374    18.327   127.790    19.441    12.360     2.607   929.934    57.403     0.330     0.055    -0.835    -0.355   301.155   295.145    57.818    57.815     0.072   294.371     5.672     1.439
 121.7812500     1.250     0.108     0.062     0.007     0.056   309.041    37.760   191.959    21.147   114.296    16.620    12.052     2.507   920.669    55.718     0.315     0.053    -0.770    -0.337   302.069   295.317    57.168    57.167     0.064   294.388     5.688     1.605
 121.7812500     0.750     0.106     0.036     0.004     0.032   316.180    38.560   219.617    25.638    93.366    12.960    11.574     2.413   908.320    54.288     0.292     0.051    -0.672    -0.316   303.399   295.579    56.757    56.757     0.056   294.405     5.706     1.791
 121.7812500     0.250     0.000     0.000     0.000     0.000  -999.000  -999.000  -999.000  -999.000  -999.000  -999.000  -999.000  -999.000  -999.000  -999.000  -999.000  -999.000  -999.000  -999.000  -999.000  -999.000  -999.000  -999.000     0.050   294.424     5.726     1.999
 121.8020833    22.750     0.000     0.000     0.000     0.000  -999.000  -999.000  -999.000  -999.000  -999.000  -999.000  -999.000  -999.000  -999.000  -999.000  -999.000  -999.000  -999.000  -999.000  -999.000  -999.000  -999.000  -999.000     0.959   294.657     4.851     0.035
 121.8020833    22.250     0.000     0.000     0.000     0.000  -999.000  -999.000  -999.000  -999.000  -999.000  -999.000  -999.000  -999.000  -999.000  -999.000  -999.000  -999.000  -999.000  -999.000  -999.000  -999.000  -999.000  -999.000     0.952   294.660     4.860     0.071
 121.8020833    21.750     0.000     0.000     0.000     0.000  -999.000  -999.000  -999.000  -999.000  -999.000  -999.000  -999.000  -999.000  -999.000  -999.000  -999.000  -999.000  -999.000  -999.000  -999.000  -999.000  -999.000  -999.000     0.945   294.663     4.869     0.074
 121.8020833    21.250     0.000     0.000     0.000     0.000  -999.000  -999.000  -999.000  -999.000  -999.000  -999.000  -999.000  -999.000  -999.000  -999.000  -999.000  -999.000  -999.000  -999.000  -999.000  -999.000  -999.000  -999.000     0.938   294.665     4.879     0.077
 121.8020833    20.750     0.000     0.000     0.000     0.000  -999.000  -999.000  -999.000  -999.000  -999.000  -999.000  -999.000  -999.000  -999.000  -999.000  -999.000  -999.000  -999.000  -999.000  -999.000  -999.000  -999.000  -999.000     0.930   294.668     4.889     0.081
 121.8020833    20.250     0.000     0.000     0.000     0.000  -999.000  -999.000  -999.000  -999.000  -999.000  -999.000  -999.000  -999.000  -999.000  -999.000  -999.000  -999.000  -999.000  -999.000  -999.000  -999.000  -999.000  -999.000     0.922   294.671     4.899     0.084
 121.8020833    19.750     0.000     0.000     0.000     0.000  -999.000  -999.000  -999.000  -999.000  -999.000  -999.000  -999.000  -999.000  -999.000  -999.000  -999.000  -999.000  -999.000  -999.000  -999.000  -999.000  -999.000  -999.000     0.914   294.674     4.910     0.088
 121.8020833    19.250     0.000     0.000     0.000     0.000  -999.000  -999.000  -999.000  -999.000  -999.000  -999.000  -999.000  -999.000  -999.000  -999.000  -999.000  -999.000  -999.000  -999.000  -999.000  -999.000  -999.000  -999.000     0.905   294.678     4.922     0.092
 121.8020833    18.750     0.000     0.000     0.000     0.000  -999.000  -999.000  -999.000  -999.000  -999.000  -999.000  -999.000  -999.000  -999.000  -999.000  -999.000  -999.000  -999.000  -999.000  -999.000  -999.000  -999.000  -999.000     0.895   294.681     4.934     0.097
 121.8020833    18.250     0.000     0.000     0.000     0.000  -999.000  -999.000  -999.000  -999.000  -999.000  -999.000  -999.000  -999.000  -999.000  -999.000  -999.000  -999.000  -999.000  -999.000  -999.000  -999.000  -999.000  -999.000     0.886   294.685     4.946     0.101
 121.8020833    17.750     0.000     0.000     0.000     0.000  -999.000  -999.000  -999.000  -999.000  -999.000  -999.000  -999.000  -999.000  -999.000  -999.000  -999.000  -999.000  -999.000  -999.000  -999.000  -999.000  -999.000  -999.000     0.875   294.689     4.959     0.106
 121.8020833    17.250     0.000     0.000     0.000     0.000  -999.000  -999.000  -999.000  -999.000  -999.000  -999.000  -999.000  -999.000  -999.000  -999.000  -999.000  -999.000  -999.000  -999.000  -999.000  -999.000  -999.000  -999.000     0.864   294.693     4.973     0.112
 121.8020833    16.750     0.000     0.000     0.000     0.000  -999.000  -999.000  -999.000  -999.000  -999.000  -999.000  -999.000  -999.000  -999.000  -999.000  -999.000  -999.000  -999.000  -999.000  -999.000  -999.000  -999.000  -999.000     0.852   294.697     4.987     0.118
 121.8020833    16.250     0.000     0.000     0.000     0.000  -999.000  -999.000  -999.000  -999.000  -999.000  -999.000  -999.000  -999.000  -999.000  -999.000  -999.000  -999.000  -999.000  -999.000  -999.000  -999.000  -999.000  -999.000     0.840   294.702     5.003     0.125
 121.8020833    15.750     0.000     0.000     0.000     0.000  -999.000  -999.000  -999.000  -999.000  -999.000  -999.000  -999.000  -999.000  -999.000  -999.000  -999.000  -999.000  -999.000  -999.000  -999.000  -999.000  -999.000  -999.000     0.827   294.707     5.019     0.132
 121.8020833    15.250     0.000     0.000     0.000     0.000  -999.000  -999.000  -999.000  -999.000  -999.000  -999.000  -999.000  -999.000  -999.000  -999.000  -999.000  -999.000  -999.000  -999.000  -999.000  -999.000  -999.000  -999.000     0.812   294.712     5.036     0.140
 121.8020833    14.750     0.000     0.000     0.000     0.000  -999.000  -999.000  -999.000  -999.000  -999.000  -999.000  -999.000  -999.000  -999.000  -999.000  -999.000  -999.000  -999.000  -999.000  -999.000  -999.000  -999.000  -999.000     0.797   294.718     5.054     0.148
 121.8020833    14.250     0.000     0.000     0.000     0.000  -999.000  -999.000  -999.000  -999.000  -999.000  -999.000  -999.000  -999.000  -999.000  -999.000  -999.000  -999.000  -999.000  -999.000  -999.000  -999.000  -999.000  -999.000     0.780   294.724     5.073     0.159
 121.8020833    13.750     0.000     0.000     0.000     0.000  -999.000  -999.000  -999.000  -999.000  -999.000  -999.000  -999.000  -999.000  -999.000  -999.000  -999.000  -999.000  -999.000  -999.000  -999.000  -999.000  -999.000  -999.000     0.761   294.730     5.093     0.169
 121.8020833    13.250     0.000     0.000     0.000     0.000  -999.000  -999.000  -999.000  -999.000  -999.000  -999.000  -999.000  -999.000  -999.000  -999.000  -999.000  -999.000  -999.000  -999.000  -999.000  -999.000  -999.000  -999.000     0.741   294.737     5.115     0.182
 121.8020833    12.750     0.000     0.000     0.000     0.000  -999.000  -999.000  -999.000  -999.000  -999.000  -999.000  -999.000  -999.000  -999.000  -999.000  -999.000  -999.000  -999.000  -999.000  -999.000  -999.000  -999.000  -999.000     0.719   294.744     5.138     0.197
 121.8020833    12.250     0.000     0.000     0.000     0.000  -999.000  -999.000  -999.000  -999.000  -999.000  -999.000  -999.000  -999.000  -999.000  -999.000  -999.000  -999.000  -999.000  -999.000  -999.000  -999.000  -999.000  -999.000     0.693   294.752     5.164     0.213
 121.8020833    11.750     0.000     0.000     0.000     0.000  -999.000  -999.000  -999.000  -999.000  -999.000  -999.000  -999.000  -999.000  -999.000  -999.000  -999.000  -999.000  -999.000  -999.000  -999.000  -999.000  -999.000  -999.000     0.664   294.761     5.191     0.234
 121.8020833    11.250     0.000     0.000     0.000     0.000  -999.000  -999.000  -999.000  -999.000  -999.000  -999.000  -999.000  -999.000  -999.000  -999.000  -999.000  -999.000  -999.000  -999.000  -999.000  -999.000  -999.000  -999.000     0.630   294.771     5.221     0.255
 121.8020833    10.750     0.000     0.000     0.000     0.000  -999.000  -999.000  -999.000  -999.000  -999.000  -999.000  -999.000  -999.000  -999.000  -999.000  -999.000  -999.000  -999.000  -999.000  -999.000  -999.000  -999.000  -999.000     0.590   294.781     5.253     0.286
 121.8020833    10.250     0.000     0.000     0.000     0.000  -999.000  -999.000  -999.000  -999.000  -999.000  -999.000  -999.000  -999.000  -999.000  -999.000  -999.000  -999.000  -999.000  -999.000  -999.000  -999.000  -999.000  -999.000     0.541   294.793     5.290     0.321
 121.8020833     9.750     0.939     0.304     0.286     0.018   310.472    44.333    47.068   -96.336   263.101   141.644    24.592    17.221  1239.516   355.719     0.715     0.483    -1.516    -0.996   295.401   292.313   122.312   121.365     0.481   294.808     5.333     0.381
 121.8020833     9.250     0.810     0.413     0.335     0.079   314.736    48.724    53.843   -79.822   260.436   129.334    23.636    15.563  1192.399   312.867     0.719     0.421    -1.495    -0.934   295.623   292.612   116.098   115.568     0.426   294.823     5.376     0.432
 121.8020833     8.750     0.677     0.446     0.302     0.144   318.050    51.804    63.103   -62.661   254.342   115.061    22.458    13.569  1143.489   266.306     0.697     0.350    -1.462    -0.862   295.896   292.989   109.024   108.683     0.377   294.839     5.419     0.490
 121.8020833     8.250     0.562     0.454     0.255     0.199   319.565    52.919    73.144   -47.441   245.688   100.802    21.227    11.616  1100.076   224.525     0.658     0.286    -1.418    -0.790   296.193   293.352   102.065   101.822     0.333   294.856     5.458     0.557
 121.8020833     7.750     0.466     0.448     0.208     0.239   319.729    52.586    82.848   -34.557   236.029    87.459    20.027     9.857  1063.374   189.208     0.614     0.234    -1.369    -0.724   296.521   293.695    95.532    95.350     0.295   294.875     5.495     0.632
 121.8020833     7.250     0.388     0.432     0.168     0.265   319.072    51.347    91.697   -24.225   226.418    75.796    18.905     8.354  1033.061   160.204     0.573     0.193    -1.320    -0.665   296.849   293.995    89.553    89.414     0.261   294.896     5.529     0.717
 121.8020833     6.750     0.325     0.411     0.134     0.277   317.962    49.575    99.780   -15.792   217.126    65.516    17.875     7.101  1008.308   136.766     0.535     0.160    -1.272    -0.613   297.181   294.269    84.172    84.065     0.231   294.917     5.561     0.814
 121.8020833     6.250     0.276     0.385     0.106     0.279   316.759    47.621   107.351    -9.125   208.257    56.842    16.939     6.082   988.179   118.015     0.500     0.134    -1.227    -0.568   297.521   294.505    79.389    79.307     0.204   294.940     5.590     0.924
 121.8020833     5.750     0.236     0.356     0.084     0.272   315.661    45.670   114.604    -4.083   199.810    49.813    16.096     5.268   971.792   103.112     0.469     0.115    -1.184    -0.531   297.868   294.707    75.181    75.118     0.181   294.963     5.617     1.049
 121.8020833     5.250     0.205     0.324     0.066     0.258   314.795    43.833   121.545     0.007   191.895    43.846    15.345     4.616   958.368    91.324     0.442     0.099    -1.143    -0.498   298.231   294.909    71.514    71.466     0.160   294.986     5.642     1.190
 121.8020833     4.750     0.180     0.291     0.052     0.239   314.325    42.250   128.554     3.131   184.307    39.118    14.673     4.105   947.247    82.036     0.417     0.087    -1.105    -0.471   298.598   295.062    68.350    68.314     0.141   295.009     5.666     1.351
 121.8020833     4.250     0.161     0.257     0.041     0.216   314.258    40.896   135.640     5.712   177.027    35.170    14.075     3.705   937.864    74.743     0.395     0.078    -1.067    -0.449   299.000   295.189    65.648    65.621     0.125   295.032     5.688     1.533
 121.8020833     3.750     0.146     0.223     0.032     0.190   314.572    39.704   143.086     8.003   169.770    31.685    13.539     3.388   929.736    69.037     0.375     0.072    -1.031    -0.428   299.420   295.310    63.370    63.351     0.111   295.055     5.709     1.740
 121.8020833     3.250     0.134     0.189     0.025     0.163   315.330    38.674   151.278    10.068   162.186    28.579    13.047     3.139   922.428    64.588     0.356     0.066    -0.993    -0.409   299.883   295.436    61.481    61.468     0.098   295.077     5.730     1.975
 121.8020833     2.750     0.124     0.155     0.019     0.136   316.644    37.823   160.569    11.871   154.048    25.927    12.587     2.947   915.524    61.131     0.339     0.062    -0.952    -0.392   300.396   295.555    59.946    59.937     0.087   295.098     5.749     2.242
 121.8020833     2.250     0.117     0.122     0.014     0.108   318.607    37.100   171.839    13.758   144.557    23.331    12.124     2.793   908.576    58.449     0.320     0.059    -0.907    -0.376   300.990   295.670    58.735    58.729     0.077   295.117     5.769     2.545
 121.8020833     1.750     0.112     0.091     0.010     0.081   321.516    36.563   186.324    15.990   132.752    20.568    11.612     2.668   901.025    56.363     0.299     0.056    -0.851    -0.358   301.711   295.825    57.818    57.815     0.068   295.136     5.789     2.888
 121.8020833     1.250     0.109     0.062     0.007     0.056   325.949    36.364   206.645    18.756   116.565    17.626    10.944     2.564   892.032    54.707     0.272     0.054    -0.776    -0.340   302.667   296.002    57.168    57.167     0.060   295.154     5.810     3.278
 121.8020833     0.750     0.107     0.036     0.004     0.032   333.505    37.246   238.829    23.556    91.511    13.743     9.855     2.462   880.057    53.302     0.231     0.052    -0.664    -0.318   304.057   296.276    56.757    56.757     0.053   295.172     5.831     3.721
 121.8020833     0.250     0.000     0.000     0.000     0.000  -999.000  -999.000  -999.000  -999.000  -999.000  -999.000  -999.000  -999.000  -999.000  -999.000  -999.000  -999.000  -999.000  -999.000  -999.000  -999.000  -999.000  -999.000     0.047   295.189     5.854     4.223
 121.8229167    22.750     0.000     0.000     0.000     0.000  -999.000  -999.000  -999.000  -999.000  -999.000  -999.000  -999.000  -999.000  -999.000  -999.000  -999.000  -999.000  -999.000  -999.000  -999.000  -999.000  -999.000  -999.000     1.243   295.413     4.686     0.038
 121.8229167    22.250     0.000     0.000     0.000     0.000  -999.000  -999.000  -999.000  -999.000  -999.000  -999.000  -999.000  -999.000  -999.000  -999.000  -999.000  -999.000  -999.000  -999.000  -999.000  -999.000  -999.000  -999.000     1.231   295.410     4.699     0.079
 121.8229167    21.750     0.000     0.000     0.000     0.000  -999.000  -999.000  -999.000  -999.000  -999.000  -999.000  -999.000  -999.000  -999.000  -999.000  -999.000  -999.000  -999.000  -999.000  -999.000  -999.000  -999.000  -999.000     1.219   295.408     4.713     0.081
 121.8229167    21.250     0.000     0.000     0.000     0.000  -999.000  -999.000  -999.000  -999.000  -999.000  -999.000  -999.000  -999.000  -999.000  -999.000  -999.000  -999.000  -999.000  -999.000  -999.000  -999.000  -999.000  -999.000     1.206   295.405     4.727     0.084
 121.8229167    20.750     0.000     0.000     0.000     0.000  -999.000  -999.000  -999.000  -999.000  -999.000  -999.000  -999.000  -999.000  -999.000  -999.000  -999.000  -999.000  -999.000  -999.000  -999.000  -999.000  -999.000  -999.000     1.192   295.402     4.741     0.087
 121.8229167    20.250     0.000     0.000     0.000     0.000  -999.000  -999.000  -999.000  -999.000  -999.000  -999.000  -999.000  -999.000  -999.000  -999.000  -999.000  -999.000  -999.000  -999.000  -999.000  -999.000  -999.000  -999.000     1.179   295.400     4.757     0.091
 121.8229167    19.750     0.000     0.000     0.000     0.000  -999.000  -999.000  -999.000  -999.000  -999.000  -999.000  -999.000  -999.000  -999.000  -999.000  -999.000  -999.000  -999.000  -999.000  -999.000  -999.000  -999.000  -999.000     1.164   295.397     4.772     0.094
 121.8229167    19.250     0.000     0.000     0.000     0.000  -999.000  -999.000  -999.000  -999.000  -999.000  -999.000  -999.000  -999.000  -999.000  -999.000  -999.000  -999.000  -999.000  -999.000  -999.000  -999.000  -999.000  -999.000     1.149   295.394     4.789     0.098
 121.8229167    18.750     0.000     0.000     0.000     0.000  -999.000  -999.000  -999.000  -999.000  -999.000  -999.000  -999.000  -999.000  -999.000  -999.000  -999.000  -999.000  -999.000  -999.000  -999.000  -999.000  -999.000  -999.000     1.134   295.391     4.806     0.101
 121.8229167    18.250     0.000     0.000     0.000     0.000  -999.000  -999.000  -999.000  -999.000  -999.000  -999.000  -999.000  -999.000  -999.000  -999.000  -999.000  -999.000  -999.000  -999.000  -999.000  -999.000  -999.000  -999.000     1.117   295.388     4.823     0.106
 121.8229167    17.750     0.000     0.000     0.000     0.000  -999.000  -999.000  -999.000  -999.000  -999.000  -999.000  -999.000  -999.000  -999.000  -999.000  -999.000  -999.000  -999.000  -999.000  -999.000  -999.000  -999.000  -999.000     1.100   295.384     4.842     0.110
 121.8229167    17.250     0.000     0.000     0.000     0.000  -999.000  -999.000  -999.000  -999.000  -999.000  -999.000  -999.000  -999.000  -999.000  -999.000  -999.000  -999.000  -999.000  -999.000  -999.000  -999.000  -999.000  -999.000     1.082   295.381     4.861     0.115
 121.8229167    16.750     0.000     0.000     0.000     0.000  -999.000  -999.000  -999.000  -999.000  -999.000  -999.000  -999.000  -999.000  -999.000  -999.000  -999.000  -999.000  -999.000  -999.000  -999.000  -999.000  -999.000  -999.000     1.063   295.377     4.881     0.120
 121.8229167    16.250     0.000     0.000     0.000     0.000  -999.000  -999.000  -999.000  -999.000  -999.000  -999.000  -999.000  -999.000  -999.000  -999.000  -999.000  -999.000  -999.000  -999.000  -999.000  -999.000  -999.000  -999.000     1.043   295.374     4.901     0.125
 121.8229167    15.750     0.000     0.000     0.000     0.000  -999.000  -999.000  -999.000  -999.000  -999.000  -999.000  -999.000  -999.000  -999.000  -999.000  -999.000  -999.000  -999.000  -999.000  -999.000  -999.000  -999.000  -999.000     1.023   295.370     4.923     0.131
 121.8229167    15.250     0.000     0.000     0.000     0.000  -999.000  -999.000  -999.000  -999.000  -999.000  -999.000  -999.000  -999.000  -999.000  -999.000  -999.000  -999.000  -999.000  -999.000  -999.000  -999.000  -999.000  -999.000     1.000   295.366     4.946     0.137
 121.8229167    14.750     0.000     0.000     0.000     0.000  -999.000  -999.000  -999.000  -999.000  -999.000  -999.000  -999.000  -999.000  -999.000  -999.000  -999.000  -999.000  -999.000  -999.000  -999.000  -999.000  -999.000  -999.000     0.977   295.362     4.970     0.143
 121.8229167    14.250     0.000     0.000     0.000     0.000  -999.000  -999.000  -999.000  -999.000  -999.000  -999.000  -999.000  -999.000  -999.000  -999.000  -999.000  -999.000  -999.000  -999.000  -999.000  -999.000  -999.000  -999.000     0.952   295.358     4.995     0.150
 121.8229167    13.750     0.000     0.000     0.000     0.000  -999.000  -999.000  -999.000  -999.000  -999.000  -999.000  -999.000  -999.000  -999.000  -999.000  -999.000  -999.000  -999.000  -999.000  -999.000  -999.000  -999.000  -999.000     0.925   295.353     5.021     0.158
 121.8229167    13.250     0.000     0.000     0.000     0.000  -999.000  -999.000  -999.000  -999.000  -999.000  -999.000  -999.000  -999.000  -999.000  -999.000  -999.000  -999.000  -999.000  -999.000  -999.000  -999.000  -999.000  -999.000     0.896   295.349     5.049     0.166
 121.8229167    12.750     0.000     0.000     0.000     0.000  -999.000  -999.000  -999.000  -999.000  -999.000  -999.000  -999.000  -999.000  -999.000  -999.000  -999.000  -999.000  -999.000  -999.000  -999.000  -999.000  -999.000  -999.000     0.864   295.344     5.079     0.176
 121.8229167    12.250     0.000     0.000     0.000     0.000  -999.000  -999.000  -999.000  -999.000  -999.000  -999.000  -999.000  -999.000  -999.000  -999.000  -999.000  -999.000  -999.000  -999.000  -999.000  -999.000  -999.000  -999.000     0.830   295.339     5.110     0.185
 121.8229167    11.750     0.000     0.000     0.000     0.000  -999.000  -999.000  -999.000  -999.000  -999.000  -999.000  -999.000  -999.000  -999.000  -999.000  -999.000  -999.000  -999.000  -999.000  -999.000  -999.000  -999.000  -999.000     0.792   295.333     5.143     0.195
 121.8229167    11.250     0.000     0.000     0.000     0.000  -999.000  -999.000  -999.000  -999.000  -999.000  -999.000  -999.000  -999.000  -999.000  -999.000  -999.000  -999.000  -999.000  -999.000  -999.000  -999.000  -999.000  -999.000     0.749   295.328     5.177     0.207
 121.8229167    10.750     0.000     0.000     0.000     0.000  -999.000  -999.000  -999.000  -999.000  -999.000  -999.000  -999.000  -999.000  -999.000  -999.000  -999.000  -999.000  -999.000  -999.000  -999.000  -999.000  -999.000  -999.000     0.701   295.322     5.215     0.221
 121.8229167    10.250     0.000     0.000     0.000     0.000  -999.000  -999.000  -999.000  -999.000  -999.000  -999.000  -999.000  -999.000  -999.000  -999.000  -999.000  -999.000  -999.000  -999.000  -999.000  -999.000  -999.000  -999.000     0.645   295.315     5.256     0.236
 121.8229167     9.750     0.939     0.304     0.286     0.018   236.989    36.773   -16.589  -106.590   253.815   144.296    24.240    16.158   970.367   323.139     0.778     0.424    -1.476    -1.007   294.642   292.959   122.311   121.364     0.580   295.308     5.300     0.267
 121.8229167     9.250     0.810     0.413     0.335     0.079   239.528    39.546    -8.635   -90.033   248.252   130.340    23.237    14.404   926.057   282.743     0.753     0.365    -1.434    -0.937   294.837   293.208   116.097   115.568     0.520   295.302     5.343     0.306
 121.8229167     8.750     0.678     0.446     0.302     0.144   241.497    41.385    -0.091   -72.361   241.561   114.339    22.067    12.361   880.381   239.130     0.701     0.300    -1.399    -0.857   295.021   293.524   109.024   108.683     0.467   295.299     5.384     0.339
 121.8229167     8.250     0.562     0.454     0.255     0.199   242.306    41.905    10.050   -56.500   232.142    98.865    20.853    10.424   840.164   200.274     0.652     0.244    -1.351    -0.780   295.224   293.837   102.065   101.822     0.419   295.298     5.421     0.377
 121.8229167     7.750     0.466     0.448     0.209     0.239   242.353    41.572    20.050   -42.931   222.116    84.867    19.674     8.728   806.444   167.663     0.607     0.198    -1.299    -0.710   295.462   294.130    95.532    95.350     0.375   295.301     5.454     0.419
 121.8229167     7.250     0.388     0.432     0.168     0.264   241.689    40.456    29.112   -31.609   212.334    72.358    18.594     7.300   778.821   141.056     0.567     0.161    -1.249    -0.647   295.688   294.394    89.553    89.414     0.337   295.306     5.484     0.465
 121.8229167     6.750     0.326     0.411     0.134     0.277   240.759    39.006    37.576   -22.543   202.890    61.794    17.610     6.133   756.449   119.683     0.530     0.133    -1.200    -0.594   295.926   294.626    84.172    84.065     0.302   295.314     5.510     0.516
 121.8229167     6.250     0.276     0.385     0.106     0.279   239.783    37.437    45.497   -15.441   193.945    53.095    16.725     5.197   738.406   102.672     0.498     0.112    -1.154    -0.549   296.163   294.812    79.389    79.306     0.271   295.324     5.534     0.573
 121.8229167     5.750     0.237     0.356     0.084     0.271   238.962    35.941    53.133    -9.668   185.432    45.796    15.934     4.450   723.841    89.209     0.468     0.095    -1.110    -0.511   296.414   295.002    75.181    75.118     0.243   295.336     5.554     0.636
 121.8229167     5.250     0.206     0.324     0.067     0.258   238.312    34.522    60.467    -5.109   177.397    39.814    15.236     3.860   712.022    78.596     0.443     0.082    -1.069    -0.478   296.671   295.145    71.514    71.466     0.218   295.348     5.573     0.706
 121.8229167     4.750     0.181     0.291     0.053     0.238   237.946    33.273    67.650    -1.551   169.785    34.998    14.624     3.397   702.334    70.255     0.420     0.072    -1.030    -0.452   296.936   295.278    68.350    68.314     0.196   295.362     5.589     0.784
 121.8229167     4.250     0.162     0.257     0.042     0.216   237.924    32.229    74.786     1.244   162.554    31.154    14.094     3.037   694.265    63.718     0.401     0.063    -0.993    -0.429   297.213   295.394    65.648    65.621     0.175   295.376     5.604     0.871
 121.8229167     3.750     0.146     0.223     0.033     0.190   238.283    31.392    82.217     3.587   155.399    27.977    13.633     2.758   687.383    58.609     0.384     0.058    -0.957    -0.410   297.521   295.494    63.370    63.351     0.157   295.390     5.618     0.967
 121.8229167     3.250     0.134     0.189     0.025     0.163   238.975    30.665    90.125     5.857   148.094    24.994    13.232     2.536   681.312    54.629     0.368     0.053    -0.919    -0.392   297.857   295.578    61.481    61.468     0.141   295.404     5.632     1.073
 121.8229167     2.750     0.125     0.155     0.019     0.136   240.094    30.065    98.718     7.948   140.522    22.315    12.888     2.362   675.702    51.540     0.355     0.049    -0.882    -0.375   298.221   295.676    59.946    59.937     0.127   295.419     5.645     1.191
 121.8229167     2.250     0.118     0.122     0.014     0.108   241.753    29.590   108.855     9.812   131.920    20.001    12.578     2.229   670.192    49.148     0.342     0.047    -0.839    -0.360   298.659   295.755    58.735    58.729     0.114   295.433     5.658     1.323
 121.8229167     1.750     0.113     0.091     0.010     0.081   244.129    29.229   121.252    11.801   121.761    17.689    12.288     2.123   664.346    47.294     0.329     0.045    -0.791    -0.344   299.184   295.855    57.818    57.815     0.102   295.446     5.672     1.468
 121.8229167     1.250     0.109     0.062     0.007     0.056   247.755    29.176   138.184    14.505   108.267    14.978    11.968     2.032   657.525    45.834     0.314     0.043    -0.728    -0.327   299.878   295.987    57.168    57.167     0.091   295.460     5.687     1.630
 121.8229167     0.750     0.107     0.036     0.004     0.032   253.836    29.956   164.216    18.700    88.050    11.634    11.493     1.948   648.581    44.612     0.291     0.041    -0.638    -0.308   300.901   296.189    56.757    56.757     0.082   295.474     5.704     1.809
 121.8229167     0.250     0.000     0.000     0.000     0.000  -999.000  -999.000  -999.000  -999.000  -999.000  -999.000  -999.000  -999.000  -999.000  -999.000  -999.000  -999.000  -999.000  -999.000  -999.000  -999.000  -999.000  -999.000     0.074   295.489     5.724     2.008
 121.8437500    22.750     0.000     0.000     0.000     0.000  -999.000  -999.000  -999.000  -999.000  -999.000  -999.000  -999.000  -999.000  -999.000  -999.000  -999.000  -999.000  -999.000  -999.000  -999.000  -999.000  -999.000  -999.000     1.561   295.818     4.601     0.087
 121.8437500    22.250     0.000     0.000     0.000     0.000  -999.000  -999.000  -999.000  -999.000  -999.000  -999.000  -999.000  -999.000  -999.000  -999.000  -999.000  -999.000  -999.000  -999.000  -999.000  -999.000  -999.000  -999.000     1.544   295.815     4.622     0.178
 121.8437500    21.750     0.000     0.000     0.000     0.000  -999.000  -999.000  -999.000  -999.000  -999.000  -999.000  -999.000  -999.000  -999.000  -999.000  -999.000  -999.000  -999.000  -999.000  -999.000  -999.000  -999.000  -999.000     1.527   295.811     4.644     0.184
 121.8437500    21.250     0.000     0.000     0.000     0.000  -999.000  -999.000  -999.000  -999.000  -999.000  -999.000  -999.000  -999.000  -999.000  -999.000  -999.000  -999.000  -999.000  -999.000  -999.000  -999.000  -999.000  -999.000     1.510   295.808     4.667     0.191
 121.8437500    20.750     0.000     0.000     0.000     0.000  -999.000  -999.000  -999.000  -999.000  -999.000  -999.000  -999.000  -999.000  -999.000  -999.000  -999.000  -999.000  -999.000  -999.000  -999.000  -999.000  -999.000  -999.000     1.491   295.804     4.690     0.198
 121.8437500    20.250     0.000     0.000     0.000     0.000  -999.000  -999.000  -999.000  -999.000  -999.000  -999.000  -999.000  -999.000  -999.000  -999.000  -999.000  -999.000  -999.000  -999.000  -999.000  -999.000  -999.000  -999.000     1.472   295.800     4.715     0.205
 121.8437500    19.750     0.000     0.000     0.000     0.000  -999.000  -999.000  -999.000  -999.000  -999.000  -999.000  -999.000  -999.000  -999.000  -999.000  -999.000  -999.000  -999.000  -999.000  -999.000  -999.000  -999.000  -999.000     1.452   295.797     4.740     0.212
 121.8437500    19.250     0.000     0.000     0.000     0.000  -999.000  -999.000  -999.000  -999.000  -999.000  -999.000  -999.000  -999.000  -999.000  -999.000  -999.000  -999.000  -999.000  -999.000  -999.000  -999.000  -999.000  -999.000     1.432   295.793     4.766     0.220
 121.8437500    18.750     0.000     0.000     0.000     0.000  -999.000  -999.000  -999.000  -999.000  -999.000  -999.000  -999.000  -999.000  -999.000  -999.000  -999.000  -999.000  -999.000  -999.000  -999.000  -999.000  -999.000  -999.000     1.410   295.789     4.793     0.229
 121.8437500    18.250     0.000     0.000     0.000     0.000  -999.000  -999.000  -999.000  -999.000  -999.000  -999.000  -999.000  -999.000  -999.000  -999.000  -999.000  -999.000  -999.000  -999.000  -999.000  -999.000  -999.000  -999.000     1.388   295.784     4.821     0.238
 121.8437500    17.750     0.000     0.000     0.000     0.000  -999.000  -999.000  -999.000  -999.000  -999.000  -999.000  -999.000  -999.000  -999.000  -999.000  -999.000  -999.000  -999.000  -999.000  -999.000  -999.000  -999.000  -999.000     1.364   295.780     4.850     0.247
 121.8437500    17.250     0.000     0.000     0.000     0.000  -999.000  -999.000  -999.000  -999.000  -999.000  -999.000  -999.000  -999.000  -999.000  -999.000  -999.000  -999.000  -999.000  -999.000  -999.000  -999.000  -999.000  -999.000     1.340   295.775     4.881     0.258
 121.8437500    16.750     0.000     0.000     0.000     0.000  -999.000  -999.000  -999.000  -999.000  -999.000  -999.000  -999.000  -999.000  -999.000  -999.000  -999.000  -999.000  -999.000  -999.000  -999.000  -999.000  -999.000  -999.000     1.314   295.771     4.913     0.268
 121.8437500    16.250     0.000     0.000     0.000     0.000  -999.000  -999.000  -999.000  -999.000  -999.000  -999.000  -999.000  -999.000  -999.000  -999.000  -999.000  -999.000  -999.000  -999.000  -999.000  -999.000  -999.000  -999.000     1.287   295.766     4.946     0.280
 121.8437500    15.750     0.000     0.000     0.000     0.000  -999.000  -999.000  -999.000  -999.000  -999.000  -999.000  -999.000  -999.000  -999.000  -999.000  -999.000  -999.000  -999.000  -999.000  -999.000  -999.000  -999.000  -999.000     1.259   295.761     4.980     0.292
 121.8437500    15.250     0.000     0.000     0.000     0.000  -999.000  -999.000  -999.000  -999.000  -999.000  -999.000  -999.000  -999.000  -999.000  -999.000  -999.000  -999.000  -999.000  -999.000  -999.000  -999.000  -999.000  -999.000     1.229   295.756     5.016     0.306
 121.8437500    14.750     0.000     0.000     0.000     0.000  -999.000  -999.000  -999.000  -999.000  -999.000  -999.000  -999.000  -999.000  -999.000  -999.000  -999.000  -999.000  -999.000  -999.000  -999.000  -999.000  -999.000  -999.000     1.197   295.750     5.054     0.320
 121.8437500    14.250     0.000     0.000     0.000     0.000  -999.000  -999.000  -999.000  -999.000  -999.000  -999.000  -999.000  -999.000  -999.000  -999.000  -999.000  -999.000  -999.000  -999.000  -999.000  -999.000  -999.000  -999.000     1.163   295.744     5.093     0.335
 121.8437500    13.750     0.000     0.000     0.000     0.000  -999.000  -999.000  -999.000  -999.000  -999.000  -999.000  -999.000  -999.000  -999.000  -999.000  -999.000  -999.000  -999.000  -999.000  -999.000  -999.000  -999.000  -999.000     1.127   295.738     5.135     0.352
 121.8437500    13.250     0.000     0.000     0.000     0.000  -999.000  -999.000  -999.000  -999.000  -999.000  -999.000  -999.000  -999.000  -999.000  -999.000  -999.000  -999.000  -999.000  -999.000  -999.000  -999.000  -999.000  -999.000     1.088   295.732     5.178     0.370
 121.8437500    12.750     0.000     0.000     0.000     0.000  -999.000  -999.000  -999.000  -999.000  -999.000  -999.000  -999.000  -999.000  -999.000  -999.000  -999.000  -999.000  -999.000  -999.000  -999.000  -999.000  -999.000  -999.000     1.046   295.726     5.224     0.390
 121.8437500    12.250     0.000     0.000     0.000     0.000  -999.000  -999.000  -999.000  -999.000  -999.000  -999.000  -999.000  -999.000  -999.000  -999.000  -999.000  -999.000  -999.000  -999.000  -999.000  -999.000  -999.000  -999.000     1.000   295.719     5.272     0.411
 121.8437500    11.750     0.000     0.000     0.000     0.000  -999.000  -999.000  -999.000  -999.000  -999.000  -999.000  -999.000  -999.000  -999.000  -999.000  -999.000  -999.000  -999.000  -999.000  -999.000  -999.000  -999.000  -999.000     0.949   295.712     5.323     0.438
 121.8437500    11.250     0.000     0.000     0.000     0.000  -999.000  -999.000  -999.000  -999.000  -999.000  -999.000  -999.000  -999.000  -999.000  -999.000  -999.000  -999.000  -999.000  -999.000  -999.000  -999.000  -999.000  -999.000     0.893   295.704     5.377     0.463
 121.8437500    10.750     0.000     0.000     0.000     0.000  -999.000  -999.000  -999.000  -999.000  -999.000  -999.000  -999.000  -999.000  -999.000  -999.000  -999.000  -999.000  -999.000  -999.000  -999.000  -999.000  -999.000  -999.000     0.829   295.696     5.436     0.497
 121.8437500    10.250     0.000     0.000     0.000     0.000  -999.000  -999.000  -999.000  -999.000  -999.000  -999.000  -999.000  -999.000  -999.000  -999.000  -999.000  -999.000  -999.000  -999.000  -999.000  -999.000  -999.000  -999.000     0.754   295.687     5.498     0.535
 121.8437500     9.750     0.940     0.304     0.286     0.018   221.525    48.898   -32.107   -96.183   253.430   145.419    24.169    15.533   924.997   316.843     0.765     0.386    -1.485    -1.013   295.029   293.721   122.311   121.364     0.667   295.678     5.568     0.595
 121.8437500     9.250     0.810     0.413     0.335     0.078   221.131    48.780   -22.673   -80.400   243.540   129.424    23.092    13.740   881.296   276.986     0.748     0.332    -1.435    -0.934   295.165   293.938   116.097   115.568     0.587   295.670     5.637     0.663
 121.8437500     8.750     0.678     0.446     0.302     0.144   220.086    47.651   -11.669   -64.141   231.409   111.932    21.833    11.698   836.300   234.001     0.708     0.274    -1.374    -0.849   295.374   294.200   109.024   108.683     0.517   295.666     5.703     0.750
 121.8437500     8.250     0.563     0.454     0.255     0.198   218.578    45.901    -4.839   -49.426   223.021    95.386    20.648     9.791   796.736   195.751     0.652     0.222    -1.323    -0.768   295.575   294.473   102.065   101.822     0.456   295.666     5.765     0.849
 121.8437500     7.750     0.467     0.448     0.209     0.239   216.851    43.846     3.432   -37.081   213.007    80.942    19.481     8.145   763.610   163.688     0.607     0.181    -1.273    -0.697   295.748   294.714    95.532    95.350     0.401   295.671     5.823     0.960
 121.8437500     7.250     0.389     0.432     0.168     0.264   214.814    41.412    11.529   -26.918   202.848    68.309    18.408     6.771   736.512   137.556     0.568     0.148    -1.221    -0.633   295.953   294.948    89.553    89.414     0.354   295.680     5.875     1.086
 121.8437500     6.750     0.326     0.411     0.134     0.277   212.866    39.006    19.293   -18.925   193.106    57.889    17.429     5.658   714.596   116.587     0.533     0.122    -1.171    -0.580   296.178   295.151    84.172    84.065     0.312   295.693     5.924     1.229
 121.8437500     6.250     0.277     0.385     0.107     0.278   211.099    36.714    26.532   -12.674   184.061    49.328    16.557     4.768   696.947    99.912     0.502     0.102    -1.124    -0.536   296.407   295.329    79.389    79.306     0.274   295.710     5.968     1.390
 121.8437500     5.750     0.237     0.356     0.084     0.271   209.625    34.643    33.523    -7.786   175.557    42.363    15.779     4.063   682.721    86.725     0.475     0.087    -1.081    -0.499   296.654   295.496    75.181    75.118     0.242   295.729     6.009     1.573
 121.8437500     5.250     0.206     0.324     0.067     0.257   208.440    32.775    40.093    -3.915   167.746    36.617    15.098     3.506   671.197    76.336     0.451     0.075    -1.040    -0.467   296.909   295.637    71.514    71.466     0.213   295.750     6.047     1.779
 121.8437500     4.750     0.181     0.291     0.053     0.238   207.615    31.168    46.475    -0.940   160.479    32.037    14.506     3.071   661.769    68.174     0.431     0.066    -1.002    -0.443   297.178   295.751    68.349    68.314     0.188   295.773     6.083     2.012
 121.8437500     4.250     0.162     0.257     0.042     0.216   207.205    29.852    53.030     1.318   153.440    28.462    13.990     2.734   653.935    61.780     0.413     0.058    -0.966    -0.421   297.465   295.861    65.648    65.621     0.165   295.797     6.116     2.276
 121.8437500     3.750     0.146     0.223     0.033     0.190   207.111    28.697    59.658     3.446   146.631    25.178    13.548     2.467   647.272    56.784     0.397     0.052    -0.931    -0.401   297.777   295.966    63.370    63.351     0.146   295.821     6.148     2.575
 121.8437500     3.250     0.134     0.189     0.025     0.163   207.406    27.732    66.670     5.150   139.811    22.510    13.171     2.261   641.417    52.892     0.383     0.048    -0.896    -0.384   298.120   296.057    61.481    61.468     0.128   295.846     6.179     2.912
 121.8437500     2.750     0.125     0.155     0.019     0.136   208.084    26.883    74.395     6.773   132.652    20.042    12.848     2.098   636.029    49.872     0.370     0.045    -0.860    -0.367   298.501   296.159    59.946    59.937     0.113   295.870     6.210     3.294
 121.8437500     2.250     0.118     0.122     0.014     0.108   209.288    26.194    83.364     8.167   124.744    17.964    12.569     1.974   630.764    47.534     0.358     0.042    -0.820    -0.353   298.951   296.249    58.735    58.729     0.099   295.894     6.242     3.726
 121.8437500     1.750     0.113     0.091     0.010     0.081   211.162    25.639    94.473     9.897   115.338    15.690    12.315     1.872   625.203    45.724     0.347     0.040    -0.774    -0.338   299.498   296.357    57.818    57.815     0.088   295.917     6.274     4.214
 121.8437500     1.250     0.110     0.062     0.007     0.056   214.124    25.335   109.692    12.004   102.859    13.297    12.041     1.789   618.745    44.300     0.332     0.038    -0.715    -0.322   300.214   296.495    57.168    57.167     0.077   295.941     6.309     4.766
 121.8437500     0.750     0.107     0.036     0.004     0.032   219.424    25.929   133.303    15.653    84.221    10.272    11.642     1.710   610.304    43.111     0.310     0.037    -0.628    -0.303   301.284   296.705    56.757    56.757     0.068   295.964     6.347     5.390
 121.8437500     0.250     0.000     0.000     0.000     0.000  -999.000  -999.000  -999.000  -999.000  -999.000  -999.000  -999.000  -999.000  -999.000  -999.000  -999.000  -999.000  -999.000  -999.000  -999.000  -999.000  -999.000  -999.000     0.060   295.988     6.388     6.096
 121.8645833    22.750     0.000     0.000     0.000     0.000  -999.000  -999.000  -999.000  -999.000  -999.000  -999.000  -999.000  -999.000  -999.000  -999.000  -999.000  -999.000  -999.000  -999.000  -999.000  -999.000  -999.000  -999.000     2.023   295.967     4.782     0.091
 121.8645833    22.250     0.000     0.000     0.000     0.000  -999.000  -999.000  -999.000  -999.000  -999.000  -999.000  -999.000  -999.000  -999.000  -999.000  -999.000  -999.000  -999.000  -999.000  -999.000  -999.000  -999.000  -999.000     2.000   295.964     4.804     0.185
 121.8645833    21.750     0.000     0.000     0.000     0.000  -999.000  -999.000  -999.000  -999.000  -999.000  -999.000  -999.000  -999.000  -999.000  -999.000  -999.000  -999.000  -999.000  -999.000  -999.000  -999.000  -999.000  -999.000     1.976   295.961     4.827     0.192
 121.8645833    21.250     0.000     0.000     0.000     0.000  -999.000  -999.000  -999.000  -999.000  -999.000  -999.000  -999.000  -999.000  -999.000  -999.000  -999.000  -999.000  -999.000  -999.000  -999.000  -999.000  -999.000  -999.000     1.952   295.957     4.851     0.198
 121.8645833    20.750     0.000     0.000     0.000     0.000  -999.000  -999.000  -999.000  -999.000  -999.000  -999.000  -999.000  -999.000  -999.000  -999.000  -999.000  -999.000  -999.000  -999.000  -999.000  -999.000  -999.000  -999.000     1.926   295.954     4.875     0.205
 121.8645833    20.250     0.000     0.000     0.000     0.000  -999.000  -999.000  -999.000  -999.000  -999.000  -999.000  -999.000  -999.000  -999.000  -999.000  -999.000  -999.000  -999.000  -999.000  -999.000  -999.000  -999.000  -999.000     1.900   295.950     4.900     0.212
 121.8645833    19.750     0.000     0.000     0.000     0.000  -999.000  -999.000  -999.000  -999.000  -999.000  -999.000  -999.000  -999.000  -999.000  -999.000  -999.000  -999.000  -999.000  -999.000  -999.000  -999.000  -999.000  -999.000     1.872   295.946     4.926     0.219
 121.8645833    19.250     0.000     0.000     0.000     0.000  -999.000  -999.000  -999.000  -999.000  -999.000  -999.000  -999.000  -999.000  -999.000  -999.000  -999.000  -999.000  -999.000  -999.000  -999.000  -999.000  -999.000  -999.000     1.844   295.942     4.952     0.227
 121.8645833    18.750     0.000     0.000     0.000     0.000  -999.000  -999.000  -999.000  -999.000  -999.000  -999.000  -999.000  -999.000  -999.000  -999.000  -999.000  -999.000  -999.000  -999.000  -999.000  -999.000  -999.000  -999.000     1.814   295.938     4.980     0.236
 121.8645833    18.250     0.000     0.000     0.000     0.000  -999.000  -999.000  -999.000  -999.000  -999.000  -999.000  -999.000  -999.000  -999.000  -999.000  -999.000  -999.000  -999.000  -999.000  -999.000  -999.000  -999.000  -999.000     1.783   295.934     5.009     0.245
 121.8645833    17.750     0.000     0.000     0.000     0.000  -999.000  -999.000  -999.000  -999.000  -999.000  -999.000  -999.000  -999.000  -999.000  -999.000  -999.000  -999.000  -999.000  -999.000  -999.000  -999.000  -999.000  -999.000     1.751   295.930     5.038     0.254
 121.8645833    17.250     0.000     0.000     0.000     0.000  -999.000  -999.000  -999.000  -999.000  -999.000  -999.000  -999.000  -999.000  -999.000  -999.000  -999.000  -999.000  -999.000  -999.000  -999.000  -999.000  -999.000  -999.000     1.718   295.925     5.069     0.264
 121.8645833    16.750     0.000     0.000     0.000     0.000  -999.000  -999.000  -999.000  -999.000  -999.000  -999.000  -999.000  -999.000  -999.000  -999.000  -999.000  -999.000  -999.000  -999.000  -999.000  -999.000  -999.000  -999.000     1.683   295.920     5.101     0.274
 121.8645833    16.250     0.000     0.000     0.000     0.000  -999.000  -999.000  -999.000  -999.000  -999.000  -999.000  -999.000  -999.000  -999.000  -999.000  -999.000  -999.000  -999.000  -999.000  -999.000  -999.000  -999.000  -999.000     1.646   295.916     5.134     0.286
 121.8645833    15.750     0.000     0.000     0.000     0.000  -999.000  -999.000  -999.000  -999.000  -999.000  -999.000  -999.000  -999.000  -999.000  -999.000  -999.000  -999.000  -999.000  -999.000  -999.000  -999.000  -999.000  -999.000     1.608   295.910     5.168     0.297
 121.8645833    15.250     0.000     0.000     0.000     0.000  -999.000  -999.000  -999.000  -999.000  -999.000  -999.000  -999.000  -999.000  -999.000  -999.000  -999.000  -999.000  -999.000  -999.000  -999.000  -999.000  -999.000  -999.000     1.567   295.905     5.204     0.310
 121.8645833    14.750     0.000     0.000     0.000     0.000  -999.000  -999.000  -999.000  -999.000  -999.000  -999.000  -999.000  -999.000  -999.000  -999.000  -999.000  -999.000  -999.000  -999.000  -999.000  -999.000  -999.000  -999.000     1.525   295.900     5.241     0.324
 121.8645833    14.250     0.000     0.000     0.000     0.000  -999.000  -999.000  -999.000  -999.000  -999.000  -999.000  -999.000  -999.000  -999.000  -999.000  -999.000  -999.000  -999.000  -999.000  -999.000  -999.000  -999.000  -999.000     1.479   295.894     5.280     0.339
 121.8645833    13.750     0.000     0.000     0.000     0.000  -999.000  -999.000  -999.000  -999.000  -999.000  -999.000  -999.000  -999.000  -999.000  -999.000  -999.000  -999.000  -999.000  -999.000  -999.000  -999.000  -999.000  -999.000     1.431   295.888     5.320     0.355
 121.8645833    13.250     0.000     0.000     0.000     0.000  -999.000  -999.000  -999.000  -999.000  -999.000  -999.000  -999.000  -999.000  -999.000  -999.000  -999.000  -999.000  -999.000  -999.000  -999.000  -999.000  -999.000  -999.000     1.379   295.882     5.362     0.372
 121.8645833    12.750     0.000     0.000     0.000     0.000  -999.000  -999.000  -999.000  -999.000  -999.000  -999.000  -999.000  -999.000  -999.000  -999.000  -999.000  -999.000  -999.000  -999.000  -999.000  -999.000  -999.000  -999.000     1.323   295.875     5.407     0.392
 121.8645833    12.250     0.000     0.000     0.000     0.000  -999.000  -999.000  -999.000  -999.000  -999.000  -999.000  -999.000  -999.000  -999.000  -999.000  -999.000  -999.000  -999.000  -999.000  -999.000  -999.000  -999.000  -999.000     1.262   295.869     5.453     0.411
 121.8645833    11.750     0.000     0.000     0.000     0.000  -999.000  -999.000  -999.000  -999.000  -999.000  -999.000  -999.000  -999.000  -999.000  -999.000  -999.000  -999.000  -999.000  -999.000  -999.000  -999.000  -999.000  -999.000     1.196   295.861     5.502     0.436
 121.8645833    11.250     0.000     0.000     0.000     0.000  -999.000  -999.000  -999.000  -999.000  -999.000  -999.000  -999.000  -999.000  -999.000  -999.000  -999.000  -999.000  -999.000  -999.000  -999.000  -999.000  -999.000  -999.000     1.121   295.854     5.554     0.461
 121.8645833    10.750     0.000     0.000     0.000     0.000  -999.000  -999.000  -999.000  -999.000  -999.000  -999.000  -999.000  -999.000  -999.000  -999.000  -999.000  -999.000  -999.000  -999.000  -999.000  -999.000  -999.000  -999.000     1.037   295.846     5.610     0.496
 121.8645833    10.250     0.000     0.000     0.000     0.000  -999.000  -999.000  -999.000  -999.000  -999.000  -999.000  -999.000  -999.000  -999.000  -999.000  -999.000  -999.000  -999.000  -999.000  -999.000  -999.000  -999.000  -999.000     0.939   295.837     5.669     0.530
 121.8645833     9.750     0.940     0.304     0.286     0.018   229.186    57.747   -30.382   -92.325   259.471   150.421    24.252    15.434   898.325   312.933     0.715     0.369    -1.502    -1.031   295.184   294.105   122.311   121.364     0.825   295.827     5.735     0.592
 121.8645833     9.250     0.810     0.413     0.335     0.078   227.864    56.704   -23.752   -76.354   251.480   133.316    23.202    13.625   855.012   273.421     0.717     0.318    -1.460    -0.947   295.261   294.306   116.097   115.568     0.721   295.819     5.801     0.662
 121.8645833     8.750     0.678     0.446     0.302     0.144   225.434    54.191   -14.000   -60.358   239.259   114.739    21.936    11.579   810.447   230.835     0.687     0.262    -1.400    -0.857   295.419   294.538   109.024   108.683     0.630   295.815     5.865     0.754
 121.8645833     8.250     0.563     0.454     0.255     0.198   222.525    51.043    -3.893   -46.333   226.198    97.509    20.662     9.683   771.291   192.966     0.648     0.214    -1.334    -0.774   295.625   294.769   102.065   101.822     0.551   295.816     5.924     0.858
 121.8645833     7.750     0.467     0.448     0.209     0.239   219.654    47.845     2.262   -34.400   217.124    82.329    19.517     8.045   738.534   161.243     0.597     0.175    -1.280    -0.699   295.846   294.994    95.532    95.350     0.481   295.822     5.979     0.976
 121.8645833     7.250     0.389     0.432     0.168     0.264   216.833    44.630     9.609   -24.728   206.959    69.414    18.439     6.686   711.760   135.407     0.557     0.143    -1.232    -0.635   295.979   295.203    89.553    89.414     0.421   295.832     6.029     1.110
 121.8645833     6.750     0.326     0.411     0.134     0.277   214.199    41.541    17.190   -17.077   196.722    58.662    17.451     5.584   690.124   114.687     0.523     0.118    -1.180    -0.581   296.181   295.380    84.172    84.065     0.368   295.846     6.075     1.263
 121.8645833     6.250     0.277     0.385     0.106     0.278   211.909    38.729    24.372   -11.091   187.218    49.852    16.570     4.703   672.715    98.218     0.494     0.099    -1.132    -0.536   296.399   295.549    79.389    79.306     0.321   295.864     6.117     1.437
 121.8645833     5.750     0.237     0.356     0.084     0.271   210.010    36.236    31.193    -6.385   178.462    42.655    15.789     4.005   658.695    85.200     0.468     0.084    -1.087    -0.499   296.631   295.687    75.181    75.118     0.281   295.885     6.155     1.635
 121.8645833     5.250     0.206     0.324     0.067     0.257   208.512    34.060    37.755    -2.680   170.354    36.771    15.104     3.454   647.349    74.948     0.446     0.073    -1.046    -0.467   296.873   295.825    71.514    71.466     0.246   295.909     6.191     1.861
 121.8645833     4.750     0.181     0.291     0.053     0.238   207.449    32.219    44.238     0.170   162.746    32.074    14.507     3.024   638.077    66.896     0.426     0.063    -1.007    -0.441   297.133   295.949    68.349    68.314     0.215   295.935     6.224     2.117
 121.8645833     4.250     0.162     0.257     0.042     0.216   206.872    30.740    50.767     2.140   155.571    28.632    13.991     2.694   630.383    60.588     0.408     0.057    -0.971    -0.420   297.411   296.044    65.648    65.621     0.188   295.961     6.255     2.408
 121.8645833     3.750     0.146     0.223     0.033     0.190   206.595    29.409    57.427     4.209   148.554    25.234    13.548     2.430   623.852    55.660     0.393     0.051    -0.935    -0.400   297.717   296.148    63.370    63.351     0.164   295.988     6.285     2.740
 121.8645833     3.250     0.134     0.189     0.025     0.163   206.782    28.342    64.394     5.759   141.679    22.623    13.174     2.228   618.123    51.822     0.381     0.047    -0.900    -0.383   298.047   296.240    61.481    61.468     0.143   296.016     6.314     3.117
 121.8645833     2.750     0.125     0.155     0.019     0.136   207.349    27.393    72.161     7.343   134.372    20.096    12.853     2.066   612.867    48.844     0.368     0.044    -0.863    -0.367   298.424   296.339    59.946    59.937     0.125   296.043     6.343     3.546
 121.8645833     2.250     0.118     0.122     0.014     0.108   208.496    26.657    81.149     8.731   126.399    17.981    12.580     1.944   607.744    46.539     0.358     0.041    -0.823    -0.352   298.861   296.433    58.735    58.729     0.109   296.070     6.373     4.035
 121.8645833     1.750     0.113     0.091     0.010     0.081   210.330    26.075    92.392    10.355   116.829    15.791    12.331     1.845   602.352    44.754     0.346     0.039    -0.777    -0.337   299.394   296.542    57.818    57.815     0.096   296.095     6.405     4.590
 121.8645833     1.250     0.109     0.062     0.007     0.056   213.271    25.770   107.686    12.496   104.261    13.367    12.070     1.763   596.105    43.352     0.333     0.038    -0.718    -0.322   300.104   296.677    57.168    57.167     0.084   296.121     6.441     5.222
 121.8645833     0.750     0.107     0.036     0.004     0.032   218.478    26.298   131.435    16.123    85.408    10.311    11.690     1.685   587.958    42.183     0.312     0.036    -0.631    -0.304   301.148   296.868    56.757    56.757     0.073   296.145     6.480     5.941
 121.8645833     0.250     0.000     0.000     0.000     0.000  -999.000  -999.000  -999.000  -999.000  -999.000  -999.000  -999.000  -999.000  -999.000  -999.000  -999.000  -999.000  -999.000  -999.000  -999.000  -999.000  -999.000  -999.000     0.064   296.170     6.526     6.759
 121.8854167    22.750     0.000     0.000     0.000     0.000  -999.000  -999.000  -999.000  -999.000  -999.000  -999.000  -999.000  -999.000  -999.000  -999.000  -999.000  -999.000  -999.000  -999.000  -999.000  -999.000  -999.000  -999.000     2.683   295.981     5.365     0.110
 121.8854167    22.250     0.000     0.000     0.000     0.000  -999.000  -999.000  -999.000  -999.000  -999.000  -999.000  -999.000  -999.000  -999.000  -999.000  -999.000  -999.000  -999.000  -999.000  -999.000  -999.000  -999.000  -999.000     2.648   295.975     5.387     0.224
 121.8854167    21.750     0.000     0.000     0.000     0.000  -999.000  -999.000  -999.000  -999.000  -999.000  -999.000  -999.000  -999.000  -999.000  -999.000  -999.000  -999.000  -999.000  -999.000  -999.000  -999.000  -999.000  -999.000     2.613   295.970     5.410     0.229
 121.8854167    21.250     0.000     0.000     0.000     0.000  -999.000  -999.000  -999.000  -999.000  -999.000  -999.000  -999.000  -999.000  -999.000  -999.000  -999.000  -999.000  -999.000  -999.000  -999.000  -999.000  -999.000  -999.000     2.577   295.964     5.433     0.235
 121.8854167    20.750     0.000     0.000     0.000     0.000  -999.000  -999.000  -999.000  -999.000  -999.000  -999.000  -999.000  -999.000  -999.000  -999.000  -999.000  -999.000  -999.000  -999.000  -999.000  -999.000  -999.000  -999.000     2.539   295.958     5.457     0.241
 121.8854167    20.250     0.000     0.000     0.000     0.000  -999.000  -999.000  -999.000  -999.000  -999.000  -999.000  -999.000  -999.000  -999.000  -999.000  -999.000  -999.000  -999.000  -999.000  -999.000  -999.000  -999.000  -999.000     2.501   295.952     5.481     0.247
 121.8854167    19.750     0.000     0.000     0.000     0.000  -999.000  -999.000  -999.000  -999.000  -999.000  -999.000  -999.000  -999.000  -999.000  -999.000  -999.000  -999.000  -999.000  -999.000  -999.000  -999.000  -999.000  -999.000     2.461   295.946     5.507     0.253
 121.8854167    19.250     0.000     0.000     0.000     0.000  -999.000  -999.000  -999.000  -999.000  -999.000  -999.000  -999.000  -999.000  -999.000  -999.000  -999.000  -999.000  -999.000  -999.000  -999.000  -999.000  -999.000  -999.000     2.420   295.939     5.532     0.260
 121.8854167    18.750     0.000     0.000     0.000     0.000  -999.000  -999.000  -999.000  -999.000  -999.000  -999.000  -999.000  -999.000  -999.000  -999.000  -999.000  -999.000  -999.000  -999.000  -999.000  -999.000  -999.000  -999.000     2.378   295.933     5.559     0.267
 121.8854167    18.250     0.000     0.000     0.000     0.000  -999.000  -999.000  -999.000  -999.000  -999.000  -999.000  -999.000  -999.000  -999.000  -999.000  -999.000  -999.000  -999.000  -999.000  -999.000  -999.000  -999.000  -999.000     2.334   295.926     5.586     0.274
 121.8854167    17.750     0.000     0.000     0.000     0.000  -999.000  -999.000  -999.000  -999.000  -999.000  -999.000  -999.000  -999.000  -999.000  -999.000  -999.000  -999.000  -999.000  -999.000  -999.000  -999.000  -999.000  -999.000     2.288   295.919     5.615     0.282
 121.8854167    17.250     0.000     0.000     0.000     0.000  -999.000  -999.000  -999.000  -999.000  -999.000  -999.000  -999.000  -999.000  -999.000  -999.000  -999.000  -999.000  -999.000  -999.000  -999.000  -999.000  -999.000  -999.000     2.241   295.912     5.644     0.290
 121.8854167    16.750     0.000     0.000     0.000     0.000  -999.000  -999.000  -999.000  -999.000  -999.000  -999.000  -999.000  -999.000  -999.000  -999.000  -999.000  -999.000  -999.000  -999.000  -999.000  -999.000  -999.000  -999.000     2.192   295.905     5.673     0.299
 121.8854167    16.250     0.000     0.000     0.000     0.000  -999.000  -999.000  -999.000  -999.000  -999.000  -999.000  -999.000  -999.000  -999.000  -999.000  -999.000  -999.000  -999.000  -999.000  -999.000  -999.000  -999.000  -999.000     2.141   295.897     5.704     0.308
 121.8854167    15.750     0.000     0.000     0.000     0.000  -999.000  -999.000  -999.000  -999.000  -999.000  -999.000  -999.000  -999.000  -999.000  -999.000  -999.000  -999.000  -999.000  -999.000  -999.000  -999.000  -999.000  -999.000     2.088   295.889     5.736     0.318
 121.8854167    15.250     0.000     0.000     0.000     0.000  -999.000  -999.000  -999.000  -999.000  -999.000  -999.000  -999.000  -999.000  -999.000  -999.000  -999.000  -999.000  -999.000  -999.000  -999.000  -999.000  -999.000  -999.000     2.032   295.882     5.769     0.328
 121.8854167    14.750     0.000     0.000     0.000     0.000  -999.000  -999.000  -999.000  -999.000  -999.000  -999.000  -999.000  -999.000  -999.000  -999.000  -999.000  -999.000  -999.000  -999.000  -999.000  -999.000  -999.000  -999.000     1.973   295.873     5.803     0.340
 121.8854167    14.250     0.000     0.000     0.000     0.000  -999.000  -999.000  -999.000  -999.000  -999.000  -999.000  -999.000  -999.000  -999.000  -999.000  -999.000  -999.000  -999.000  -999.000  -999.000  -999.000  -999.000  -999.000     1.911   295.865     5.838     0.351
 121.8854167    13.750     0.000     0.000     0.000     0.000  -999.000  -999.000  -999.000  -999.000  -999.000  -999.000  -999.000  -999.000  -999.000  -999.000  -999.000  -999.000  -999.000  -999.000  -999.000  -999.000  -999.000  -999.000     1.845   295.856     5.875     0.364
 121.8854167    13.250     0.000     0.000     0.000     0.000  -999.000  -999.000  -999.000  -999.000  -999.000  -999.000  -999.000  -999.000  -999.000  -999.000  -999.000  -999.000  -999.000  -999.000  -999.000  -999.000  -999.000  -999.000     1.775   295.847     5.913     0.378
 121.8854167    12.750     0.000     0.000     0.000     0.000  -999.000  -999.000  -999.000  -999.000  -999.000  -999.000  -999.000  -999.000  -999.000  -999.000  -999.000  -999.000  -999.000  -999.000  -999.000  -999.000  -999.000  -999.000     1.700   295.838     5.952     0.394
 121.8854167    12.250     0.000     0.000     0.000     0.000  -999.000  -999.000  -999.000  -999.000  -999.000  -999.000  -999.000  -999.000  -999.000  -999.000  -999.000  -999.000  -999.000  -999.000  -999.000  -999.000  -999.000  -999.000     1.618   295.828     5.994     0.411
 121.8854167    11.750     0.000     0.000     0.000     0.000  -999.000  -999.000  -999.000  -999.000  -999.000  -999.000  -999.000  -999.000  -999.000  -999.000  -999.000  -999.000  -999.000  -999.000  -999.000  -999.000  -999.000  -999.000     1.529   295.818     6.037     0.431
 121.8854167    11.250     0.000     0.000     0.000     0.000  -999.000  -999.000  -999.000  -999.000  -999.000  -999.000  -999.000  -999.000  -999.000  -999.000  -999.000  -999.000  -999.000  -999.000  -999.000  -999.000  -999.000  -999.000     1.431   295.807     6.083     0.455
 121.8854167    10.750     0.000     0.000     0.000     0.000  -999.000  -999.000  -999.000  -999.000  -999.000  -999.000  -999.000  -999.000  -999.000  -999.000  -999.000  -999.000  -999.000  -999.000  -999.000  -999.000  -999.000  -999.000     1.319   295.795     6.132     0.481
 121.8854167    10.250     0.000     0.000     0.000     0.000  -999.000  -999.000  -999.000  -999.000  -999.000  -999.000  -999.000  -999.000  -999.000  -999.000  -999.000  -999.000  -999.000  -999.000  -999.000  -999.000  -999.000  -999.000     1.189   295.783     6.184     0.516
 121.8854167     9.750     0.939     0.304     0.286     0.018   211.561    56.842   -44.440   -89.875   256.057   147.066    24.166    15.017   838.324   304.143     0.702     0.350    -1.487    -1.013   294.983   294.275   122.311   121.364     1.038   295.769     6.243     0.576
 121.8854167     9.250     0.810     0.413     0.335     0.079   209.720    55.305   -37.265   -74.058   246.996   129.628    23.080    13.213   795.882   265.404     0.700     0.302    -1.438    -0.929   295.052   294.440   116.097   115.568     0.901   295.758     6.301     0.651
 121.8854167     8.750     0.678     0.446     0.302     0.144   206.850    52.381   -26.793   -58.147   233.618   110.732    21.788    11.184   752.279   223.709     0.669     0.250    -1.371    -0.838   295.194   294.644   109.024   108.683     0.783   295.750     6.357     0.749
 121.8854167     8.250     0.562     0.454     0.255     0.199   203.621    48.943   -16.369   -44.352   219.942    93.464    20.512     9.319   714.039   186.694     0.631     0.204    -1.303    -0.755   295.366   294.840   102.065   101.822     0.680   295.747     6.410     0.861
 121.8854167     7.750     0.466     0.448     0.209     0.239   200.424    45.453    -6.768   -32.658   207.125    78.262    19.318     7.715   682.109   155.735     0.594     0.166    -1.239    -0.681   295.555   295.027    95.532    95.350     0.590   295.750     6.459     0.991
 121.8854167     7.250     0.388     0.432     0.168     0.265   197.557    42.228     1.048   -23.275   196.405    65.624    18.238     6.391   656.061   130.560     0.558     0.136    -1.181    -0.618   295.758   295.213    89.553    89.414     0.512   295.757     6.504     1.139
 121.8854167     6.750     0.326     0.411     0.134     0.277   195.079    39.334     6.879   -15.795   188.097    55.239    17.288     5.321   635.052   110.398     0.519     0.113    -1.140    -0.566   295.888   295.375    84.172    84.065     0.445   295.768     6.545     1.310
 121.8854167     6.250     0.276     0.385     0.106     0.279   192.902    36.680    13.935    -9.996   178.844    46.788    16.420     4.468   618.180    94.392     0.490     0.095    -1.094    -0.523   296.082   295.513    79.389    79.306     0.386   295.784     6.583     1.506
 121.8854167     5.750     0.237     0.356     0.084     0.272   191.093    34.327    20.628    -5.202   170.311    39.633    15.654     3.788   604.623    81.752     0.466     0.080    -1.050    -0.485   296.282   295.657    75.181    75.118     0.335   295.802     6.619     1.732
 121.8854167     5.250     0.205     0.324     0.067     0.258   189.760    32.372    27.220    -1.864   162.349    34.350    14.982     3.262   593.676    71.806     0.445     0.069    -1.009    -0.457   296.505   295.765    71.514    71.466     0.291   295.824     6.651     1.992
 121.8854167     4.750     0.181     0.291     0.053     0.239   188.748    30.646    33.632     0.881   154.876    29.882    14.398     2.846   584.754    63.999     0.426     0.060    -0.971    -0.431   296.743   295.881    68.350    68.314     0.253   295.847     6.682     2.291
 121.8854167     4.250     0.161     0.257     0.041     0.216   188.220    29.292    39.951     3.088   147.966    26.325    13.899     2.524   577.375    57.885     0.410     0.054    -0.936    -0.411   296.999   295.970    65.648    65.621     0.220   295.872     6.711     2.634
 121.8854167     3.750     0.146     0.223     0.033     0.190   187.979    28.082    46.358     4.913   141.249    23.297    13.473     2.271   571.137    53.110     0.397     0.049    -0.901    -0.391   297.275   296.070    63.370    63.351     0.191   295.899     6.739     3.029
 121.8854167     3.250     0.134     0.189     0.025     0.163   188.137    27.091    53.140     6.566   134.543    20.659    13.114     2.073   565.695    49.392     0.385     0.044    -0.867    -0.375   297.582   296.158    61.481    61.468     0.166   295.925     6.767     3.483
 121.8854167     2.750     0.125     0.155     0.019     0.136   188.762    26.323    60.580     7.716   127.632    18.758    12.816     1.926   560.732    46.507     0.374     0.042    -0.832    -0.361   297.930   296.235    59.946    59.937     0.144   295.952     6.795     4.005
 121.8854167     2.250     0.118     0.122     0.014     0.108   189.710    25.543    68.994     9.311   120.048    16.388    12.571     1.801   555.931    44.276     0.365     0.039    -0.793    -0.345   298.334   296.343    58.735    58.729     0.125   295.979     6.824     4.606
 121.8854167     1.750     0.113     0.091     0.010     0.081   191.362    24.979    79.477    10.810   111.074    14.341    12.363     1.705   550.916    42.550     0.356     0.037    -0.750    -0.331   298.825   296.447    57.818    57.815     0.108   296.006     6.856     5.296
 121.8854167     1.250     0.109     0.062     0.007     0.056   194.083    24.719    93.759    12.532    99.318    12.392    12.163     1.633   545.145    41.197     0.345     0.036    -0.694    -0.318   299.485   296.558    57.168    57.167     0.094   296.033     6.891     6.090
 121.8854167     0.750     0.107     0.036     0.004     0.032   198.729    25.071   115.596    15.865    81.846     9.446    11.901     1.557   537.660    40.073     0.329     0.034    -0.613    -0.300   300.441   296.748    56.757    56.757     0.082   296.060     6.931     7.003
 121.8854167     0.250     0.000     0.000     0.000     0.000  -999.000  -999.000  -999.000  -999.000  -999.000  -999.000  -999.000  -999.000  -999.000  -999.000  -999.000  -999.000  -999.000  -999.000  -999.000  -999.000  -999.000  -999.000     0.071   296.088     6.977     8.052
 121.9062500    22.750     0.000     0.000     0.000     0.000  -999.000  -999.000  -999.000  -999.000  -999.000  -999.000  -999.000  -999.000  -999.000  -999.000  -999.000  -999.000  -999.000  -999.000  -999.000  -999.000  -999.000  -999.000     2.851   295.678     6.178     0.102
 121.9062500    22.250     0.000     0.000     0.000     0.000  -999.000  -999.000  -999.000  -999.000  -999.000  -999.000  -999.000  -999.000  -999.000  -999.000  -999.000  -999.000  -999.000  -999.000  -999.000  -999.000  -999.000  -999.000     2.814   295.673     6.196     0.208
 121.9062500    21.750     0.000     0.000     0.000     0.000  -999.000  -999.000  -999.000  -999.000  -999.000  -999.000  -999.000  -999.000  -999.000  -999.000  -999.000  -999.000  -999.000  -999.000  -999.000  -999.000  -999.000  -999.000     2.775   295.668     6.215     0.213
 121.9062500    21.250     0.000     0.000     0.000     0.000  -999.000  -999.000  -999.000  -999.000  -999.000  -999.000  -999.000  -999.000  -999.000  -999.000  -999.000  -999.000  -999.000  -999.000  -999.000  -999.000  -999.000  -999.000     2.736   295.662     6.235     0.217
 121.9062500    20.750     0.000     0.000     0.000     0.000  -999.000  -999.000  -999.000  -999.000  -999.000  -999.000  -999.000  -999.000  -999.000  -999.000  -999.000  -999.000  -999.000  -999.000  -999.000  -999.000  -999.000  -999.000     2.695   295.657     6.255     0.223
 121.9062500    20.250     0.000     0.000     0.000     0.000  -999.000  -999.000  -999.000  -999.000  -999.000  -999.000  -999.000  -999.000  -999.000  -999.000  -999.000  -999.000  -999.000  -999.000  -999.000  -999.000  -999.000  -999.000     2.653   295.651     6.276     0.228
 121.9062500    19.750     0.000     0.000     0.000     0.000  -999.000  -999.000  -999.000  -999.000  -999.000  -999.000  -999.000  -999.000  -999.000  -999.000  -999.000  -999.000  -999.000  -999.000  -999.000  -999.000  -999.000  -999.000     2.610   295.645     6.297     0.234
 121.9062500    19.250     0.000     0.000     0.000     0.000  -999.000  -999.000  -999.000  -999.000  -999.000  -999.000  -999.000  -999.000  -999.000  -999.000  -999.000  -999.000  -999.000  -999.000  -999.000  -999.000  -999.000  -999.000     2.566   295.639     6.318     0.240
 121.9062500    18.750     0.000     0.000     0.000     0.000  -999.000  -999.000  -999.000  -999.000  -999.000  -999.000  -999.000  -999.000  -999.000  -999.000  -999.000  -999.000  -999.000  -999.000  -999.000  -999.000  -999.000  -999.000     2.520   295.633     6.341     0.246
 121.9062500    18.250     0.000     0.000     0.000     0.000  -999.000  -999.000  -999.000  -999.000  -999.000  -999.000  -999.000  -999.000  -999.000  -999.000  -999.000  -999.000  -999.000  -999.000  -999.000  -999.000  -999.000  -999.000     2.472   295.627     6.364     0.252
 121.9062500    17.750     0.000     0.000     0.000     0.000  -999.000  -999.000  -999.000  -999.000  -999.000  -999.000  -999.000  -999.000  -999.000  -999.000  -999.000  -999.000  -999.000  -999.000  -999.000  -999.000  -999.000  -999.000     2.423   295.620     6.387     0.259
 121.9062500    17.250     0.000     0.000     0.000     0.000  -999.000  -999.000  -999.000  -999.000  -999.000  -999.000  -999.000  -999.000  -999.000  -999.000  -999.000  -999.000  -999.000  -999.000  -999.000  -999.000  -999.000  -999.000     2.372   295.613     6.411     0.266
 121.9062500    16.750     0.000     0.000     0.000     0.000  -999.000  -999.000  -999.000  -999.000  -999.000  -999.000  -999.000  -999.000  -999.000  -999.000  -999.000  -999.000  -999.000  -999.000  -999.000  -999.000  -999.000  -999.000     2.320   295.606     6.436     0.274
 121.9062500    16.250     0.000     0.000     0.000     0.000  -999.000  -999.000  -999.000  -999.000  -999.000  -999.000  -999.000  -999.000  -999.000  -999.000  -999.000  -999.000  -999.000  -999.000  -999.000  -999.000  -999.000  -999.000     2.265   295.599     6.462     0.282
 121.9062500    15.750     0.000     0.000     0.000     0.000  -999.000  -999.000  -999.000  -999.000  -999.000  -999.000  -999.000  -999.000  -999.000  -999.000  -999.000  -999.000  -999.000  -999.000  -999.000  -999.000  -999.000  -999.000     2.207   295.591     6.489     0.291
 121.9062500    15.250     0.000     0.000     0.000     0.000  -999.000  -999.000  -999.000  -999.000  -999.000  -999.000  -999.000  -999.000  -999.000  -999.000  -999.000  -999.000  -999.000  -999.000  -999.000  -999.000  -999.000  -999.000     2.147   295.583     6.516     0.300
 121.9062500    14.750     0.000     0.000     0.000     0.000  -999.000  -999.000  -999.000  -999.000  -999.000  -999.000  -999.000  -999.000  -999.000  -999.000  -999.000  -999.000  -999.000  -999.000  -999.000  -999.000  -999.000  -999.000     2.084   295.574     6.545     0.310
 121.9062500    14.250     0.000     0.000     0.000     0.000  -999.000  -999.000  -999.000  -999.000  -999.000  -999.000  -999.000  -999.000  -999.000  -999.000  -999.000  -999.000  -999.000  -999.000  -999.000  -999.000  -999.000  -999.000     2.018   295.566     6.574     0.320
 121.9062500    13.750     0.000     0.000     0.000     0.000  -999.000  -999.000  -999.000  -999.000  -999.000  -999.000  -999.000  -999.000  -999.000  -999.000  -999.000  -999.000  -999.000  -999.000  -999.000  -999.000  -999.000  -999.000     1.947   295.557     6.605     0.331
 121.9062500    13.250     0.000     0.000     0.000     0.000  -999.000  -999.000  -999.000  -999.000  -999.000  -999.000  -999.000  -999.000  -999.000  -999.000  -999.000  -999.000  -999.000  -999.000  -999.000  -999.000  -999.000  -999.000     1.872   295.547     6.636     0.344
 121.9062500    12.750     0.000     0.000     0.000     0.000  -999.000  -999.000  -999.000  -999.000  -999.000  -999.000  -999.000  -999.000  -999.000  -999.000  -999.000  -999.000  -999.000  -999.000  -999.000  -999.000  -999.000  -999.000     1.792   295.537     6.669     0.358
 121.9062500    12.250     0.000     0.000     0.000     0.000  -999.000  -999.000  -999.000  -999.000  -999.000  -999.000  -999.000  -999.000  -999.000  -999.000  -999.000  -999.000  -999.000  -999.000  -999.000  -999.000  -999.000  -999.000     1.706   295.526     6.704     0.373
 121.9062500    11.750     0.000     0.000     0.000     0.000  -999.000  -999.000  -999.000  -999.000  -999.000  -999.000  -999.000  -999.000  -999.000  -999.000  -999.000  -999.000  -999.000  -999.000  -999.000  -999.000  -999.000  -999.000     1.611   295.515     6.740     0.391
 121.9062500    11.250     0.000     0.000     0.000     0.000  -999.000  -999.000  -999.000  -999.000  -999.000  -999.000  -999.000  -999.000  -999.000  -999.000  -999.000  -999.000  -999.000  -999.000  -999.000  -999.000  -999.000  -999.000     1.506   295.503     6.779     0.412
 121.9062500    10.750     0.000     0.000     0.000     0.000  -999.000  -999.000  -999.000  -999.000  -999.000  -999.000  -999.000  -999.000  -999.000  -999.000  -999.000  -999.000  -999.000  -999.000  -999.000  -999.000  -999.000  -999.000     1.388   295.491     6.819     0.436
 121.9062500    10.250     0.000     0.000     0.000     0.000  -999.000  -999.000  -999.000  -999.000  -999.000  -999.000  -999.000  -999.000  -999.000  -999.000  -999.000  -999.000  -999.000  -999.000  -999.000  -999.000  -999.000  -999.000     1.250   295.477     6.863     0.468
 121.9062500     9.750     0.939     0.304     0.285     0.018   194.556    54.165   -52.399   -84.338   247.160   138.797    24.052    14.541   676.885   272.838     0.720     0.341    -1.412    -0.953   294.445   294.228   122.312   121.365     1.089   295.461     6.912     0.522
 121.9062500     9.250     0.809     0.413     0.334     0.079   192.323    52.257   -43.782   -69.651   236.271   122.147    22.915    12.758   638.070   237.364     0.705     0.294    -1.352    -0.874   294.533   294.358   116.098   115.568     0.944   295.448     6.961     0.592
 121.9062500     8.750     0.677     0.446     0.302     0.144   189.323    49.228   -33.109   -54.427   222.584   103.856    21.603    10.759   598.337   199.309     0.668     0.243    -1.285    -0.789   294.649   294.528   109.024   108.683     0.819   295.440     7.007     0.682
 121.9062500     8.250     0.561     0.454     0.255     0.199   186.130    45.852   -22.899   -41.290   209.175    87.325    20.323     8.934   563.640   165.653     0.630     0.198    -1.219    -0.712   294.782   294.692   102.066   101.822     0.710   295.437     7.051     0.785
 121.9062500     7.750     0.465     0.448     0.208     0.240   183.029    42.487   -13.501   -30.325   196.674    72.984    19.132     7.374   534.799   137.612     0.593     0.161    -1.158    -0.643   294.925   294.859    95.532    95.350     0.615   295.439     7.091     0.904
 121.9062500     7.250     0.387     0.432     0.167     0.265   180.195    39.330    -5.623   -21.471   185.962    60.974    18.060     6.089   511.379   114.892     0.558     0.132    -1.104    -0.586   295.078   295.008    89.553    89.414     0.533   295.447     7.128     1.041
 121.9062500     6.750     0.325     0.411     0.133     0.278   177.803    36.559     0.996   -14.236   176.932    50.958    17.106     5.051   492.578    96.756     0.524     0.109    -1.056    -0.537   295.238   295.147    84.172    84.065     0.462   295.459     7.162     1.199
 121.9062500     6.250     0.275     0.385     0.106     0.279   175.813    34.134     7.656    -8.791   168.262    43.085    16.251     4.229   477.553    82.401     0.496     0.091    -1.013    -0.497   295.416   295.283    79.389    79.307     0.401   295.476     7.193     1.380
 121.9062500     5.750     0.236     0.356     0.084     0.272   174.165    31.989    13.863    -4.564   160.403    36.724    15.500     3.579   465.540    71.093     0.470     0.077    -0.977    -0.465   295.562   295.391    75.181    75.118     0.348   295.496     7.222     1.589
 121.9062500     5.250     0.204     0.324     0.066     0.258   172.911    30.165    19.895    -1.105   153.098    31.435    14.846     3.067   455.896    62.211     0.449     0.066    -0.942    -0.436   295.719   295.519    71.514    71.466     0.301   295.520     7.248     1.830
 121.9062500     4.750     0.180     0.291     0.052     0.239   172.036    28.637    26.040     1.529   146.050    27.283    14.274     2.668   448.088    55.250     0.431     0.058    -0.907    -0.414   295.908   295.615    68.350    68.314     0.261   295.546     7.273     2.108
 121.9062500     4.250     0.160     0.257     0.041     0.216   171.566    27.410    32.140     3.565   139.435    24.023    13.784     2.359   441.684    49.804     0.415     0.051    -0.874    -0.394   296.114   295.706    65.648    65.621     0.226   295.574     7.297     2.427
 121.9062500     3.750     0.145     0.223     0.032     0.191   171.391    26.349    38.259     5.384   133.092    21.154    13.370     2.116   436.326    45.554     0.402     0.046    -0.843    -0.378   296.342   295.788    63.370    63.351     0.196   295.603     7.321     2.795
 121.9062500     3.250     0.133     0.189     0.025     0.164   171.564    25.469    44.749     6.863   126.710    18.800    13.023     1.928   431.715    42.245     0.390     0.042    -0.811    -0.362   296.604   295.879    61.481    61.468     0.170   295.634     7.344     3.218
 121.9062500     2.750     0.124     0.155     0.019     0.136   172.128    24.756    51.700     7.928   120.244    17.032    12.741     1.786   427.581    39.679     0.381     0.040    -0.779    -0.350   296.890   295.952    59.946    59.937     0.148   295.665     7.368     3.706
 121.9062500     2.250     0.117     0.122     0.014     0.108   173.054    24.100    59.717     9.379   113.070    14.935    12.511     1.668   423.660    37.697     0.373     0.037    -0.745    -0.335   297.225   296.062    58.735    58.729     0.128   295.696     7.394     4.267
 121.9062500     1.750     0.112     0.091     0.010     0.081   174.596    23.612    69.591    10.598   104.619    13.252    12.325     1.581   419.648    36.167     0.365     0.036    -0.704    -0.324   297.648   296.139    57.818    57.815     0.111   295.727     7.422     4.914
 121.9062500     1.250     0.108     0.062     0.007     0.056   177.052    23.337    82.952    12.426    93.551    11.165    12.159     1.506   415.122    34.974     0.355     0.034    -0.654    -0.310   298.203   296.263    57.168    57.167     0.096   295.758     7.453     5.659
 121.9062500     0.750     0.106     0.036     0.004     0.032   181.325    23.677   103.380    15.494    77.173     8.479    11.962     1.435   409.342    33.993     0.341     0.032    -0.581    -0.293   299.010   296.427    56.757    56.757     0.083   295.789     7.489     6.516
 121.9062500     0.250     0.000     0.000     0.000     0.000  -999.000  -999.000  -999.000  -999.000  -999.000  -999.000  -999.000  -999.000  -999.000  -999.000  -999.000  -999.000  -999.000  -999.000  -999.000  -999.000  -999.000  -999.000     0.072   295.820     7.532     7.503
 121.9270833    22.750     0.000     0.000     0.000     0.000  -999.000  -999.000  -999.000  -999.000  -999.000  -999.000  -999.000  -999.000  -999.000  -999.000  -999.000  -999.000  -999.000  -999.000  -999.000  -999.000  -999.000  -999.000     3.353   295.218     6.910     0.123
 121.9270833    22.250     0.000     0.000     0.000     0.000  -999.000  -999.000  -999.000  -999.000  -999.000  -999.000  -999.000  -999.000  -999.000  -999.000  -999.000  -999.000  -999.000  -999.000  -999.000  -999.000  -999.000  -999.000     3.307   295.211     6.926     0.250
 121.9270833    21.750     0.000     0.000     0.000     0.000  -999.000  -999.000  -999.000  -999.000  -999.000  -999.000  -999.000  -999.000  -999.000  -999.000  -999.000  -999.000  -999.000  -999.000  -999.000  -999.000  -999.000  -999.000     3.260   295.203     6.943     0.254
 121.9270833    21.250     0.000     0.000     0.000     0.000  -999.000  -999.000  -999.000  -999.000  -999.000  -999.000  -999.000  -999.000  -999.000  -999.000  -999.000  -999.000  -999.000  -999.000  -999.000  -999.000  -999.000  -999.000     3.212   295.196     6.960     0.259
 121.9270833    20.750     0.000     0.000     0.000     0.000  -999.000  -999.000  -999.000  -999.000  -999.000  -999.000  -999.000  -999.000  -999.000  -999.000  -999.000  -999.000  -999.000  -999.000  -999.000  -999.000  -999.000  -999.000     3.163   295.188     6.977     0.265
 121.9270833    20.250     0.000     0.000     0.000     0.000  -999.000  -999.000  -999.000  -999.000  -999.000  -999.000  -999.000  -999.000  -999.000  -999.000  -999.000  -999.000  -999.000  -999.000  -999.000  -999.000  -999.000  -999.000     3.112   295.180     6.994     0.270
 121.9270833    19.750     0.000     0.000     0.000     0.000  -999.000  -999.000  -999.000  -999.000  -999.000  -999.000  -999.000  -999.000  -999.000  -999.000  -999.000  -999.000  -999.000  -999.000  -999.000  -999.000  -999.000  -999.000     3.060   295.171     7.012     0.276
 121.9270833    19.250     0.000     0.000     0.000     0.000  -999.000  -999.000  -999.000  -999.000  -999.000  -999.000  -999.000  -999.000  -999.000  -999.000  -999.000  -999.000  -999.000  -999.000  -999.000  -999.000  -999.000  -999.000     3.006   295.163     7.031     0.281
 121.9270833    18.750     0.000     0.000     0.000     0.000  -999.000  -999.000  -999.000  -999.000  -999.000  -999.000  -999.000  -999.000  -999.000  -999.000  -999.000  -999.000  -999.000  -999.000  -999.000  -999.000  -999.000  -999.000     2.951   295.155     7.050     0.288
 121.9270833    18.250     0.000     0.000     0.000     0.000  -999.000  -999.000  -999.000  -999.000  -999.000  -999.000  -999.000  -999.000  -999.000  -999.000  -999.000  -999.000  -999.000  -999.000  -999.000  -999.000  -999.000  -999.000     2.894   295.146     7.069     0.294
 121.9270833    17.750     0.000     0.000     0.000     0.000  -999.000  -999.000  -999.000  -999.000  -999.000  -999.000  -999.000  -999.000  -999.000  -999.000  -999.000  -999.000  -999.000  -999.000  -999.000  -999.000  -999.000  -999.000     2.835   295.137     7.089     0.301
 121.9270833    17.250     0.000     0.000     0.000     0.000  -999.000  -999.000  -999.000  -999.000  -999.000  -999.000  -999.000  -999.000  -999.000  -999.000  -999.000  -999.000  -999.000  -999.000  -999.000  -999.000  -999.000  -999.000     2.774   295.128     7.109     0.308
 121.9270833    16.750     0.000     0.000     0.000     0.000  -999.000  -999.000  -999.000  -999.000  -999.000  -999.000  -999.000  -999.000  -999.000  -999.000  -999.000  -999.000  -999.000  -999.000  -999.000  -999.000  -999.000  -999.000     2.711   295.118     7.130     0.316
 121.9270833    16.250     0.000     0.000     0.000     0.000  -999.000  -999.000  -999.000  -999.000  -999.000  -999.000  -999.000  -999.000  -999.000  -999.000  -999.000  -999.000  -999.000  -999.000  -999.000  -999.000  -999.000  -999.000     2.645   295.108     7.152     0.324
 121.9270833    15.750     0.000     0.000     0.000     0.000  -999.000  -999.000  -999.000  -999.000  -999.000  -999.000  -999.000  -999.000  -999.000  -999.000  -999.000  -999.000  -999.000  -999.000  -999.000  -999.000  -999.000  -999.000     2.577   295.099     7.174     0.333
 121.9270833    15.250     0.000     0.000     0.000     0.000  -999.000  -999.000  -999.000  -999.000  -999.000  -999.000  -999.000  -999.000  -999.000  -999.000  -999.000  -999.000  -999.000  -999.000  -999.000  -999.000  -999.000  -999.000     2.505   295.088     7.197     0.342
 121.9270833    14.750     0.000     0.000     0.000     0.000  -999.000  -999.000  -999.000  -999.000  -999.000  -999.000  -999.000  -999.000  -999.000  -999.000  -999.000  -999.000  -999.000  -999.000  -999.000  -999.000  -999.000  -999.000     2.431   295.078     7.221     0.352
 121.9270833    14.250     0.000     0.000     0.000     0.000  -999.000  -999.000  -999.000  -999.000  -999.000  -999.000  -999.000  -999.000  -999.000  -999.000  -999.000  -999.000  -999.000  -999.000  -999.000  -999.000  -999.000  -999.000     2.352   295.067     7.245     0.363
 121.9270833    13.750     0.000     0.000     0.000     0.000  -999.000  -999.000  -999.000  -999.000  -999.000  -999.000  -999.000  -999.000  -999.000  -999.000  -999.000  -999.000  -999.000  -999.000  -999.000  -999.000  -999.000  -999.000     2.268   295.056     7.271     0.374
 121.9270833    13.250     0.000     0.000     0.000     0.000  -999.000  -999.000  -999.000  -999.000  -999.000  -999.000  -999.000  -999.000  -999.000  -999.000  -999.000  -999.000  -999.000  -999.000  -999.000  -999.000  -999.000  -999.000     2.180   295.044     7.297     0.387
 121.9270833    12.750     0.000     0.000     0.000     0.000  -999.000  -999.000  -999.000  -999.000  -999.000  -999.000  -999.000  -999.000  -999.000  -999.000  -999.000  -999.000  -999.000  -999.000  -999.000  -999.000  -999.000  -999.000     2.085   295.032     7.324     0.402
 121.9270833    12.250     0.000     0.000     0.000     0.000  -999.000  -999.000  -999.000  -999.000  -999.000  -999.000  -999.000  -999.000  -999.000  -999.000  -999.000  -999.000  -999.000  -999.000  -999.000  -999.000  -999.000  -999.000     1.983   295.020     7.353     0.418
 121.9270833    11.750     0.000     0.000     0.000     0.000  -999.000  -999.000  -999.000  -999.000  -999.000  -999.000  -999.000  -999.000  -999.000  -999.000  -999.000  -999.000  -999.000  -999.000  -999.000  -999.000  -999.000  -999.000     1.872   295.007     7.382     0.437
 121.9270833    11.250     0.000     0.000     0.000     0.000  -999.000  -999.000  -999.000  -999.000  -999.000  -999.000  -999.000  -999.000  -999.000  -999.000  -999.000  -999.000  -999.000  -999.000  -999.000  -999.000  -999.000  -999.000     1.748   294.994     7.414     0.460
 121.9270833    10.750     0.000     0.000     0.000     0.000  -999.000  -999.000  -999.000  -999.000  -999.000  -999.000  -999.000  -999.000  -999.000  -999.000  -999.000  -999.000  -999.000  -999.000  -999.000  -999.000  -999.000  -999.000     1.609   294.979     7.447     0.488
 121.9270833    10.250     0.000     0.000     0.000     0.000  -999.000  -999.000  -999.000  -999.000  -999.000  -999.000  -999.000  -999.000  -999.000  -999.000  -999.000  -999.000  -999.000  -999.000  -999.000  -999.000  -999.000  -999.000     1.447   294.964     7.483     0.525
 121.9270833     9.750     0.939     0.304     0.285     0.019   128.704    43.937   -66.103   -65.940   194.992   110.090    21.735    12.505   587.398   256.411     0.660     0.299    -1.225    -0.853   293.985   293.918   122.312   121.365     1.259   294.947     7.523     0.588
 121.9270833     9.250     0.808     0.413     0.334     0.079   125.705    41.335   -56.240   -54.290   182.127    95.822    20.511    10.853   550.435   222.601     0.622     0.256    -1.161    -0.783   294.058   294.022   116.098   115.569     1.089   294.932     7.563     0.672
 121.9270833     8.750     0.675     0.446     0.301     0.145   122.474    38.169   -46.458   -42.138   169.122    80.492    19.182     9.034   512.689   186.409     0.580     0.209    -1.097    -0.708   294.151   294.163   109.025   108.683     0.942   294.920     7.602     0.778
 121.9270833     8.250     0.559     0.454     0.254     0.200   119.392    35.013   -37.691   -31.690   157.286    66.886    17.941     7.400   479.821   154.483     0.542     0.170    -1.037    -0.640   294.254   294.300   102.066   101.822     0.815   294.914     7.638     0.902
 121.9270833     7.750     0.463     0.448     0.207     0.240   116.623    32.100   -29.932   -22.870   146.771    55.156    16.833     6.023   452.585   127.952     0.509     0.137    -0.983    -0.581   294.365   294.440    95.533    95.351     0.705   294.911     7.672     1.044
 121.9270833     7.250     0.385     0.432     0.167     0.266   114.242    29.529   -23.047   -15.740   137.517    45.463    15.866     4.902   430.538   106.509     0.481     0.111    -0.935    -0.532   294.481   294.567    89.554    89.415     0.610   294.914     7.704     1.210
 121.9270833     6.750     0.323     0.411     0.133     0.278   112.273    27.330   -16.980   -10.116   129.490    37.649    15.030     4.009   412.896    89.431     0.458     0.091    -0.893    -0.491   294.602   294.684    84.173    84.065     0.528   294.920     7.733     1.401
 121.9270833     6.250     0.273     0.385     0.105     0.280   110.700    25.487   -11.397    -5.687   122.337    31.394    14.308     3.304   398.843    75.940     0.439     0.075    -0.855    -0.457   294.740   294.787    79.389    79.307     0.457   294.930     7.760     1.623
 121.9270833     5.750     0.234     0.356     0.083     0.273   109.475    23.951    -6.263    -2.360   115.962    26.534    13.686     2.754   387.649    65.331     0.424     0.063    -0.821    -0.429   294.888   294.893    75.181    75.118     0.395   294.943     7.786     1.880
 121.9270833     5.250     0.203     0.324     0.066     0.258   108.613    22.733    -1.918     0.490   110.764    22.481    13.158     2.322   378.698    57.009     0.408     0.054    -0.794    -0.406   294.997   294.984    71.514    71.466     0.342   294.959     7.810     2.178
 121.9270833     4.750     0.178     0.291     0.052     0.239   108.043    21.751     2.087     2.722   106.172    19.276    12.707     1.987   371.486    50.493     0.395     0.046    -0.768    -0.386   295.147   295.071    68.350    68.314     0.296   294.978     7.834     2.523
 121.9270833     4.250     0.159     0.257     0.041     0.216   107.755    20.984     5.901     4.388   102.044    16.853    12.327     1.729   365.606    45.399     0.381     0.041    -0.743    -0.370   295.311   295.150    65.648    65.621     0.256   294.998     7.857     2.922
 121.9270833     3.750     0.144     0.223     0.032     0.191   107.677    20.346    10.130     5.933    97.699    14.680    12.003     1.526   360.725    41.425     0.370     0.036    -0.718    -0.355   295.503   295.224    63.370    63.351     0.221   295.021     7.879     3.385
 121.9270833     3.250     0.132     0.189     0.025     0.164   107.779    19.781    14.701     7.080    93.188    12.979    11.733     1.370   356.567    38.332     0.363     0.033    -0.693    -0.342   295.709   295.303    61.481    61.468     0.191   295.044     7.903     3.920
 121.9270833     2.750     0.123     0.155     0.019     0.136   108.095    19.289    19.811     8.095    88.331    11.481    11.511     1.249   352.887    35.934     0.356     0.031    -0.666    -0.331   295.953   295.374    59.946    59.937     0.166   295.069     7.926     4.541
 121.9270833     2.250     0.116     0.122     0.014     0.108   108.604    18.796    25.668     9.050    82.922    10.048    11.332     1.153   349.450    34.083     0.350     0.028    -0.637    -0.318   296.233   295.467    58.735    58.729     0.143   295.095     7.952     5.260
 121.9270833     1.750     0.111     0.091     0.010     0.081   109.448    18.354    32.802     9.952    76.530     8.721    11.193     1.079   345.996    32.657     0.344     0.027    -0.604    -0.308   296.588   295.538    57.818    57.815     0.124   295.122     7.979     6.093
 121.9270833     1.250     0.107     0.062     0.007     0.056   110.794    17.970    42.279    10.919    68.277     7.397    11.084     1.020   342.165    31.549     0.338     0.026    -0.563    -0.297   297.048   295.638    57.168    57.167     0.107   295.150     8.010     7.057
 121.9270833     0.750     0.105     0.036     0.004     0.032   113.252    17.936    56.668    12.691    56.160     5.630    10.980     0.966   337.339    30.645     0.328     0.024    -0.504    -0.283   297.727   295.771    56.757    56.757     0.093   295.181     8.044     8.174
 121.9270833     0.250     0.000     0.000     0.000     0.000  -999.000  -999.000  -999.000  -999.000  -999.000  -999.000  -999.000  -999.000  -999.000  -999.000  -999.000  -999.000  -999.000  -999.000  -999.000  -999.000  -999.000  -999.000     0.080   295.213     8.083     9.468
 121.9479167    22.750     0.000     0.000     0.000     0.000  -999.000  -999.000  -999.000  -999.000  -999.000  -999.000  -999.000  -999.000  -999.000  -999.000  -999.000  -999.000  -999.000  -999.000  -999.000  -999.000  -999.000  -999.000     4.338   294.973     7.340     0.067
 121.9479167    22.250     0.000     0.000     0.000     0.000  -999.000  -999.000  -999.000  -999.000  -999.000  -999.000  -999.000  -999.000  -999.000  -999.000  -999.000  -999.000  -999.000  -999.000  -999.000  -999.000  -999.000  -999.000     4.285   294.971     7.351     0.136
 121.9479167    21.750     0.000     0.000     0.000     0.000  -999.000  -999.000  -999.000  -999.000  -999.000  -999.000  -999.000  -999.000  -999.000  -999.000  -999.000  -999.000  -999.000  -999.000  -999.000  -999.000  -999.000  -999.000     4.230   294.968     7.362     0.139
 121.9479167    21.250     0.000     0.000     0.000     0.000  -999.000  -999.000  -999.000  -999.000  -999.000  -999.000  -999.000  -999.000  -999.000  -999.000  -999.000  -999.000  -999.000  -999.000  -999.000  -999.000  -999.000  -999.000     4.174   294.966     7.373     0.143
 121.9479167    20.750     0.000     0.000     0.000     0.000  -999.000  -999.000  -999.000  -999.000  -999.000  -999.000  -999.000  -999.000  -999.000  -999.000  -999.000  -999.000  -999.000  -999.000  -999.000  -999.000  -999.000  -999.000     4.116   294.964     7.384     0.146
 121.9479167    20.250     0.000     0.000     0.000     0.000  -999.000  -999.000  -999.000  -999.000  -999.000  -999.000  -999.000  -999.000  -999.000  -999.000  -999.000  -999.000  -999.000  -999.000  -999.000  -999.000  -999.000  -999.000     4.057   294.961     7.396     0.150
 121.9479167    19.750     0.000     0.000     0.000     0.000  -999.000  -999.000  -999.000  -999.000  -999.000  -999.000  -999.000  -999.000  -999.000  -999.000  -999.000  -999.000  -999.000  -999.000  -999.000  -999.000  -999.000  -999.000     3.995   294.958     7.408     0.154
 121.9479167    19.250     0.000     0.000     0.000     0.000  -999.000  -999.000  -999.000  -999.000  -999.000  -999.000  -999.000  -999.000  -999.000  -999.000  -999.000  -999.000  -999.000  -999.000  -999.000  -999.000  -999.000  -999.000     3.931   294.956     7.421     0.158
 121.9479167    18.750     0.000     0.000     0.000     0.000  -999.000  -999.000  -999.000  -999.000  -999.000  -999.000  -999.000  -999.000  -999.000  -999.000  -999.000  -999.000  -999.000  -999.000  -999.000  -999.000  -999.000  -999.000     3.865   294.953     7.434     0.162
 121.9479167    18.250     0.000     0.000     0.000     0.000  -999.000  -999.000  -999.000  -999.000  -999.000  -999.000  -999.000  -999.000  -999.000  -999.000  -999.000  -999.000  -999.000  -999.000  -999.000  -999.000  -999.000  -999.000     3.796   294.950     7.447     0.167
 121.9479167    17.750     0.000     0.000     0.000     0.000  -999.000  -999.000  -999.000  -999.000  -999.000  -999.000  -999.000  -999.000  -999.000  -999.000  -999.000  -999.000  -999.000  -999.000  -999.000  -999.000  -999.000  -999.000     3.725   294.947     7.460     0.172
 121.9479167    17.250     0.000     0.000     0.000     0.000  -999.000  -999.000  -999.000  -999.000  -999.000  -999.000  -999.000  -999.000  -999.000  -999.000  -999.000  -999.000  -999.000  -999.000  -999.000  -999.000  -999.000  -999.000     3.651   294.944     7.474     0.177
 121.9479167    16.750     0.000     0.000     0.000     0.000  -999.000  -999.000  -999.000  -999.000  -999.000  -999.000  -999.000  -999.000  -999.000  -999.000  -999.000  -999.000  -999.000  -999.000  -999.000  -999.000  -999.000  -999.000     3.573   294.940     7.489     0.182
 121.9479167    16.250     0.000     0.000     0.000     0.000  -999.000  -999.000  -999.000  -999.000  -999.000  -999.000  -999.000  -999.000  -999.000  -999.000  -999.000  -999.000  -999.000  -999.000  -999.000  -999.000  -999.000  -999.000     3.492   294.937     7.504     0.188
 121.9479167    15.750     0.000     0.000     0.000     0.000  -999.000  -999.000  -999.000  -999.000  -999.000  -999.000  -999.000  -999.000  -999.000  -999.000  -999.000  -999.000  -999.000  -999.000  -999.000  -999.000  -999.000  -999.000     3.408   294.933     7.519     0.194
 121.9479167    15.250     0.000     0.000     0.000     0.000  -999.000  -999.000  -999.000  -999.000  -999.000  -999.000  -999.000  -999.000  -999.000  -999.000  -999.000  -999.000  -999.000  -999.000  -999.000  -999.000  -999.000  -999.000     3.319   294.930     7.535     0.200
 121.9479167    14.750     0.000     0.000     0.000     0.000  -999.000  -999.000  -999.000  -999.000  -999.000  -999.000  -999.000  -999.000  -999.000  -999.000  -999.000  -999.000  -999.000  -999.000  -999.000  -999.000  -999.000  -999.000     3.225   294.926     7.552     0.207
 121.9479167    14.250     0.000     0.000     0.000     0.000  -999.000  -999.000  -999.000  -999.000  -999.000  -999.000  -999.000  -999.000  -999.000  -999.000  -999.000  -999.000  -999.000  -999.000  -999.000  -999.000  -999.000  -999.000     3.126   294.921     7.569     0.214
 121.9479167    13.750     0.000     0.000     0.000     0.000  -999.000  -999.000  -999.000  -999.000  -999.000  -999.000  -999.000  -999.000  -999.000  -999.000  -999.000  -999.000  -999.000  -999.000  -999.000  -999.000  -999.000  -999.000     3.021   294.917     7.587     0.222
 121.9479167    13.250     0.000     0.000     0.000     0.000  -999.000  -999.000  -999.000  -999.000  -999.000  -999.000  -999.000  -999.000  -999.000  -999.000  -999.000  -999.000  -999.000  -999.000  -999.000  -999.000  -999.000  -999.000     2.908   294.913     7.605     0.230
 121.9479167    12.750     0.000     0.000     0.000     0.000  -999.000  -999.000  -999.000  -999.000  -999.000  -999.000  -999.000  -999.000  -999.000  -999.000  -999.000  -999.000  -999.000  -999.000  -999.000  -999.000  -999.000  -999.000     2.787   294.908     7.624     0.239
 121.9479167    12.250     0.000     0.000     0.000     0.000  -999.000  -999.000  -999.000  -999.000  -999.000  -999.000  -999.000  -999.000  -999.000  -999.000  -999.000  -999.000  -999.000  -999.000  -999.000  -999.000  -999.000  -999.000     2.656   294.903     7.644     0.250
 121.9479167    11.750     0.000     0.000     0.000     0.000  -999.000  -999.000  -999.000  -999.000  -999.000  -999.000  -999.000  -999.000  -999.000  -999.000  -999.000  -999.000  -999.000  -999.000  -999.000  -999.000  -999.000  -999.000     2.513   294.898     7.665     0.262
 121.9479167    11.250     0.000     0.000     0.000     0.000  -999.000  -999.000  -999.000  -999.000  -999.000  -999.000  -999.000  -999.000  -999.000  -999.000  -999.000  -999.000  -999.000  -999.000  -999.000  -999.000  -999.000  -999.000     2.353   294.892     7.688     0.277
 121.9479167    10.750     0.000     0.000     0.000     0.000  -999.000  -999.000  -999.000  -999.000  -999.000  -999.000  -999.000  -999.000  -999.000  -999.000  -999.000  -999.000  -999.000  -999.000  -999.000  -999.000  -999.000  -999.000     2.172   294.886     7.711     0.292
 121.9479167    10.250     0.000     0.000     0.000     0.000  -999.000  -999.000  -999.000  -999.000  -999.000  -999.000  -999.000  -999.000  -999.000  -999.000  -999.000  -999.000  -999.000  -999.000  -999.000  -999.000  -999.000  -999.000     1.962   294.880     7.736     0.313
 121.9479167     9.750     0.939     0.304     0.285     0.019   170.622    48.942   -54.024   -74.129   224.580   123.092    23.736    14.109   679.863   276.184     0.748     0.344    -1.344    -0.903   294.141   293.931   122.312   121.365     1.717   294.872     7.764     0.350
 121.9479167     9.250     0.807     0.413     0.334     0.080   168.057    46.730   -43.949   -61.147   211.936   107.884    22.541    12.345   640.490   240.196     0.712     0.296    -1.281    -0.829   294.221   294.035   116.099   115.569     1.495   294.867     7.792     0.396
 121.9479167     8.750     0.674     0.446     0.300     0.146   165.171    43.847   -33.761   -47.427   198.863    91.268    21.214    10.378   600.189   201.593     0.669     0.244    -1.217    -0.750   294.322   294.170   109.026   108.684     1.302   294.863     7.819     0.455
 121.9479167     8.250     0.557     0.454     0.253     0.201   162.236    40.764   -24.385   -35.634   186.557    76.385    19.937     8.590   565.005   167.459     0.629     0.199    -1.156    -0.677   294.429   294.308   102.067   101.822     1.133   294.863     7.844     0.523
 121.9479167     7.750     0.461     0.448     0.206     0.241   159.456    37.760   -15.809   -25.683   175.207    63.428    18.760     7.067   535.766   139.026     0.592     0.162    -1.099    -0.613   294.547   294.439    95.534    95.351     0.987   294.866     7.867     0.601
 121.9479167     7.250     0.383     0.432     0.165     0.267   156.946    34.969    -8.032   -17.737   164.923    52.696    17.699     5.816   512.031   115.994     0.559     0.132    -1.048    -0.560   294.667   294.558    89.554    89.415     0.859   294.871     7.888     0.691
 121.9479167     6.750     0.320     0.411     0.132     0.279   154.829    32.520    -1.426   -11.562   156.195    44.082    16.758     4.813   492.983    97.614     0.528     0.109    -1.002    -0.516   294.802   294.657    84.173    84.065     0.748   294.879     7.908     0.794
 121.9479167     6.250     0.271     0.385     0.104     0.281   153.080    30.389     4.281    -6.578   148.737    36.971    15.934     4.014   477.765    83.067     0.499     0.091    -0.964    -0.478   294.922   294.766    79.390    79.307     0.651   294.890     7.926     0.913
 121.9479167     5.750     0.232     0.356     0.082     0.273   151.721    28.591     9.989    -2.714   141.667    31.321    15.206     3.385   465.602    71.609     0.474     0.077    -0.928    -0.448   295.048   294.854    75.182    75.118     0.567   294.902     7.942     1.049
 121.9479167     5.250     0.201     0.324     0.065     0.259   150.718    27.086    15.727     0.186   134.905    26.924    14.570     2.894   455.841    62.611     0.454     0.066    -0.892    -0.424   295.192   294.929    71.515    71.466     0.494   294.916     7.958     1.206
 121.9479167     4.750     0.176     0.291     0.051     0.240   150.036    25.828    21.350     2.657   128.576    23.201    14.021     2.508   447.942    55.558     0.437     0.058    -0.859    -0.401   295.351   295.012    68.350    68.314     0.430   294.931     7.973     1.386
 121.9479167     4.250     0.157     0.257     0.040     0.217   149.712    24.835    26.911     4.609   122.657    20.267    13.553     2.208   441.466    50.040     0.422     0.051    -0.828    -0.383   295.522   295.077    65.648    65.621     0.374   294.947     7.987     1.593
 121.9479167     3.750     0.142     0.223     0.032     0.191   149.641    23.981    32.550     6.232   116.906    17.803    13.160     1.974   436.053    45.732     0.410     0.046    -0.798    -0.368   295.709   295.133    63.370    63.351     0.326   294.964     8.001     1.832
 121.9479167     3.250     0.130     0.189     0.025     0.164   149.895    23.305    38.506     7.579   111.156    15.791    12.834     1.793   431.398    42.379     0.399     0.042    -0.768    -0.354   295.920   295.198    61.481    61.468     0.284   294.981     8.015     2.106
 121.9479167     2.750     0.121     0.155     0.019     0.136   150.510    22.792    44.867     8.782   105.348    14.082    12.576     1.653   427.230    39.778     0.391     0.039    -0.737    -0.341   296.160   295.272    59.946    59.937     0.247   294.998     8.029     2.420
 121.9479167     2.250     0.114     0.122     0.014     0.109   151.448    22.331    52.175     9.910    98.904    12.511    12.375     1.544   423.284    37.769     0.384     0.037    -0.704    -0.329   296.447   295.337    58.735    58.729     0.215   295.015     8.043     2.782
 121.9479167     1.750     0.109     0.091     0.010     0.081   152.909    21.997    61.021    11.187    91.416    10.910    12.230     1.457   419.255    36.219     0.378     0.035    -0.666    -0.317   296.795   295.413    57.818    57.815     0.187   295.032     8.058     3.198
 121.9479167     1.250     0.105     0.062     0.007     0.056   155.173    21.847    72.831    12.795    81.736     9.169    12.129     1.387   414.719    35.012     0.371     0.033    -0.619    -0.304   297.253   295.505    57.168    57.167     0.163   295.049     8.075     3.676
 121.9479167     0.750     0.103     0.036     0.004     0.032   159.034    22.231    90.724    15.304    67.504     7.069    12.054     1.324   408.935    34.022     0.362     0.032    -0.552    -0.289   297.925   295.633    56.757    56.757     0.142   295.065     8.094     4.226
 121.9479167     0.250     0.000     0.000     0.000     0.000  -999.000  -999.000  -999.000  -999.000  -999.000  -999.000  -999.000  -999.000  -999.000  -999.000  -999.000  -999.000  -999.000  -999.000  -999.000  -999.000  -999.000  -999.000     0.124   295.082     8.114     4.857
 121.9687500    22.750     0.000     0.000     0.000     0.000  -999.000  -999.000  -999.000  -999.000  -999.000  -999.000  -999.000  -999.000  -999.000  -999.000  -999.000  -999.000  -999.000  -999.000  -999.000  -999.000  -999.000  -999.000     4.762   294.264     7.513     0.058
 121.9687500    22.250     0.000     0.000     0.000     0.000  -999.000  -999.000  -999.000  -999.000  -999.000  -999.000  -999.000  -999.000  -999.000  -999.000  -999.000  -999.000  -999.000  -999.000  -999.000  -999.000  -999.000  -999.000     4.704   294.261     7.521     0.118
 121.9687500    21.750     0.000     0.000     0.000     0.000  -999.000  -999.000  -999.000  -999.000  -999.000  -999.000  -999.000  -999.000  -999.000  -999.000  -999.000  -999.000  -999.000  -999.000  -999.000  -999.000  -999.000  -999.000     4.643   294.258     7.530     0.121
 121.9687500    21.250     0.000     0.000     0.000     0.000  -999.000  -999.000  -999.000  -999.000  -999.000  -999.000  -999.000  -999.000  -999.000  -999.000  -999.000  -999.000  -999.000  -999.000  -999.000  -999.000  -999.000  -999.000     4.580   294.255     7.538     0.124
 121.9687500    20.750     0.000     0.000     0.000     0.000  -999.000  -999.000  -999.000  -999.000  -999.000  -999.000  -999.000  -999.000  -999.000  -999.000  -999.000  -999.000  -999.000  -999.000  -999.000  -999.000  -999.000  -999.000     4.516   294.252     7.547     0.127
 121.9687500    20.250     0.000     0.000     0.000     0.000  -999.000  -999.000  -999.000  -999.000  -999.000  -999.000  -999.000  -999.000  -999.000  -999.000  -999.000  -999.000  -999.000  -999.000  -999.000  -999.000  -999.000  -999.000     4.450   294.249     7.556     0.130
 121.9687500    19.750     0.000     0.000     0.000     0.000  -999.000  -999.000  -999.000  -999.000  -999.000  -999.000  -999.000  -999.000  -999.000  -999.000  -999.000  -999.000  -999.000  -999.000  -999.000  -999.000  -999.000  -999.000     4.381   294.245     7.565     0.133
 121.9687500    19.250     0.000     0.000     0.000     0.000  -999.000  -999.000  -999.000  -999.000  -999.000  -999.000  -999.000  -999.000  -999.000  -999.000  -999.000  -999.000  -999.000  -999.000  -999.000  -999.000  -999.000  -999.000     4.310   294.242     7.574     0.137
 121.9687500    18.750     0.000     0.000     0.000     0.000  -999.000  -999.000  -999.000  -999.000  -999.000  -999.000  -999.000  -999.000  -999.000  -999.000  -999.000  -999.000  -999.000  -999.000  -999.000  -999.000  -999.000  -999.000     4.237   294.238     7.584     0.141
 121.9687500    18.250     0.000     0.000     0.000     0.000  -999.000  -999.000  -999.000  -999.000  -999.000  -999.000  -999.000  -999.000  -999.000  -999.000  -999.000  -999.000  -999.000  -999.000  -999.000  -999.000  -999.000  -999.000     4.161   294.235     7.594     0.145
 121.9687500    17.750     0.000     0.000     0.000     0.000  -999.000  -999.000  -999.000  -999.000  -999.000  -999.000  -999.000  -999.000  -999.000  -999.000  -999.000  -999.000  -999.000  -999.000  -999.000  -999.000  -999.000  -999.000     4.082   294.231     7.604     0.149
 121.9687500    17.250     0.000     0.000     0.000     0.000  -999.000  -999.000  -999.000  -999.000  -999.000  -999.000  -999.000  -999.000  -999.000  -999.000  -999.000  -999.000  -999.000  -999.000  -999.000  -999.000  -999.000  -999.000     4.000   294.227     7.615     0.153
 121.9687500    16.750     0.000     0.000     0.000     0.000  -999.000  -999.000  -999.000  -999.000  -999.000  -999.000  -999.000  -999.000  -999.000  -999.000  -999.000  -999.000  -999.000  -999.000  -999.000  -999.000  -999.000  -999.000     3.914   294.223     7.626     0.158
 121.9687500    16.250     0.000     0.000     0.000     0.000  -999.000  -999.000  -999.000  -999.000  -999.000  -999.000  -999.000  -999.000  -999.000  -999.000  -999.000  -999.000  -999.000  -999.000  -999.000  -999.000  -999.000  -999.000     3.825   294.218     7.637     0.163
 121.9687500    15.750     0.000     0.000     0.000     0.000  -999.000  -999.000  -999.000  -999.000  -999.000  -999.000  -999.000  -999.000  -999.000  -999.000  -999.000  -999.000  -999.000  -999.000  -999.000  -999.000  -999.000  -999.000     3.731   294.214     7.649     0.168
 121.9687500    15.250     0.000     0.000     0.000     0.000  -999.000  -999.000  -999.000  -999.000  -999.000  -999.000  -999.000  -999.000  -999.000  -999.000  -999.000  -999.000  -999.000  -999.000  -999.000  -999.000  -999.000  -999.000     3.633   294.209     7.661     0.173
 121.9687500    14.750     0.000     0.000     0.000     0.000  -999.000  -999.000  -999.000  -999.000  -999.000  -999.000  -999.000  -999.000  -999.000  -999.000  -999.000  -999.000  -999.000  -999.000  -999.000  -999.000  -999.000  -999.000     3.530   294.204     7.673     0.179
 121.9687500    14.250     0.000     0.000     0.000     0.000  -999.000  -999.000  -999.000  -999.000  -999.000  -999.000  -999.000  -999.000  -999.000  -999.000  -999.000  -999.000  -999.000  -999.000  -999.000  -999.000  -999.000  -999.000     3.421   294.199     7.686     0.186
 121.9687500    13.750     0.000     0.000     0.000     0.000  -999.000  -999.000  -999.000  -999.000  -999.000  -999.000  -999.000  -999.000  -999.000  -999.000  -999.000  -999.000  -999.000  -999.000  -999.000  -999.000  -999.000  -999.000     3.305   294.194     7.699     0.193
 121.9687500    13.250     0.000     0.000     0.000     0.000  -999.000  -999.000  -999.000  -999.000  -999.000  -999.000  -999.000  -999.000  -999.000  -999.000  -999.000  -999.000  -999.000  -999.000  -999.000  -999.000  -999.000  -999.000     3.181   294.189     7.713     0.200
 121.9687500    12.750     0.000     0.000     0.000     0.000  -999.000  -999.000  -999.000  -999.000  -999.000  -999.000  -999.000  -999.000  -999.000  -999.000  -999.000  -999.000  -999.000  -999.000  -999.000  -999.000  -999.000  -999.000     3.048   294.183     7.727     0.208
 121.9687500    12.250     0.000     0.000     0.000     0.000  -999.000  -999.000  -999.000  -999.000  -999.000  -999.000  -999.000  -999.000  -999.000  -999.000  -999.000  -999.000  -999.000  -999.000  -999.000  -999.000  -999.000  -999.000     2.904   294.177     7.742     0.217
 121.9687500    11.750     0.000     0.000     0.000     0.000  -999.000  -999.000  -999.000  -999.000  -999.000  -999.000  -999.000  -999.000  -999.000  -999.000  -999.000  -999.000  -999.000  -999.000  -999.000  -999.000  -999.000  -999.000     2.747   294.170     7.758     0.228
 121.9687500    11.250     0.000     0.000     0.000     0.000  -999.000  -999.000  -999.000  -999.000  -999.000  -999.000  -999.000  -999.000  -999.000  -999.000  -999.000  -999.000  -999.000  -999.000  -999.000  -999.000  -999.000  -999.000     2.571   294.164     7.775     0.241
 121.9687500    10.750     0.000     0.000     0.000     0.000  -999.000  -999.000  -999.000  -999.000  -999.000  -999.000  -999.000  -999.000  -999.000  -999.000  -999.000  -999.000  -999.000  -999.000  -999.000  -999.000  -999.000  -999.000     2.373   294.156     7.792     0.254
 121.9687500    10.250     0.000     0.000     0.000     0.000  -999.000  -999.000  -999.000  -999.000  -999.000  -999.000  -999.000  -999.000  -999.000  -999.000  -999.000  -999.000  -999.000  -999.000  -999.000  -999.000  -999.000  -999.000     2.142   294.149     7.811     0.272
 121.9687500     9.750     0.938     0.304     0.285     0.019   130.176    41.305   -63.746   -66.736   194.251   108.360    22.120    12.954   501.701   240.128     0.673     0.315    -1.177    -0.826   293.332   293.358   122.313   121.365     1.873   294.140     7.832     0.303
 121.9687500     9.250     0.806     0.413     0.333     0.080   127.601    39.130   -54.127   -55.000   182.057    94.437    20.900    11.265   466.589   207.982     0.635     0.271    -1.117    -0.759   293.391   293.442   116.100   115.569     1.630   294.133     7.853     0.343
 121.9687500     8.750     0.671     0.446     0.299     0.147   124.853    36.442   -44.366   -42.727   169.551    79.465    19.568     9.402   430.818   173.646     0.592     0.222    -1.054    -0.687   293.471   293.555   109.027   108.684     1.418   294.128     7.873     0.394
 121.9687500     8.250     0.554     0.454     0.251     0.202   122.201    33.707   -35.493   -31.760   158.035    65.758    18.316     7.717   399.762   143.435     0.552     0.180    -0.997    -0.621   293.552   293.671   102.068   101.823     1.234   294.126     7.891     0.453
 121.9687500     7.750     0.457     0.448     0.205     0.243   119.808    31.160   -27.582   -23.011   147.743    54.468    17.192     6.301   374.108   118.397     0.517     0.146    -0.946    -0.567   293.636   293.771    95.535    95.351     1.073   294.127     7.909     0.521
 121.9687500     7.250     0.379     0.432     0.164     0.269   117.754    28.904   -20.577   -15.635   138.694    44.839    16.207     5.142   353.411    98.212     0.488     0.119    -0.901    -0.518   293.720   293.876    89.555    89.415     0.934   294.130     7.925     0.599
 121.9687500     6.750     0.317     0.411     0.130     0.281   116.064    26.971   -14.202    -9.910   130.636    37.187    15.347     4.217   336.905    82.175     0.464     0.098    -0.861    -0.480   293.810   293.963    84.174    84.066     0.813   294.136     7.940     0.688
 121.9687500     6.250     0.267     0.385     0.103     0.282   114.748    25.370    -8.480    -5.323   123.604    31.008    14.605     3.486   323.805    69.533     0.444     0.081    -0.825    -0.448   293.901   294.046    79.390    79.307     0.707   294.145     7.953     0.791
 121.9687500     5.750     0.228     0.356     0.081     0.275   113.783    24.076    -3.278    -1.639   117.431    26.031    13.963     2.911   313.409    59.609     0.426     0.068    -0.793    -0.420   294.003   294.134    75.182    75.118     0.615   294.155     7.966     0.909
 121.9687500     5.250     0.197     0.324     0.064     0.260   113.125    23.041     1.469     1.326   112.016    22.036    13.412     2.462   305.133    51.835     0.409     0.058    -0.764    -0.398   294.112   294.207    71.515    71.466     0.535   294.168     7.979     1.044
 121.9687500     4.750     0.173     0.291     0.050     0.241   112.785    22.266     5.789     3.616   107.351    18.984    12.943     2.115   298.499    45.755     0.394     0.050    -0.740    -0.380   294.213   294.265    68.350    68.314     0.466   294.181     7.991     1.200
 121.9687500     4.250     0.154     0.257     0.040     0.218   112.685    21.662    10.477     5.495   102.544    16.504    12.540     1.844   293.125    41.004     0.382     0.044    -0.715    -0.364   294.332   294.332    65.648    65.621     0.405   294.196     8.002     1.379
 121.9687500     3.750     0.139     0.223     0.031     0.192   112.812    21.198    15.360     7.052    97.762    14.480    12.200     1.634   288.704    37.298     0.372     0.040    -0.691    -0.350   294.465   294.406    63.370    63.351     0.353   294.212     8.014     1.585
 121.9687500     3.250     0.127     0.189     0.024     0.165   113.130    20.813    20.350     8.383    93.060    12.775    11.921     1.471   284.980    34.415     0.365     0.036    -0.666    -0.338   294.615   294.457    61.481    61.468     0.307   294.229     8.026     1.822
 121.9687500     2.750     0.118     0.155     0.018     0.137   113.662    20.493    25.895     9.581    88.009    11.263    11.693     1.344   281.734    32.180     0.358     0.033    -0.640    -0.326   294.794   294.530    59.946    59.937     0.267   294.246     8.038     2.094
 121.9687500     2.250     0.112     0.122     0.014     0.109   114.419    20.193    32.205    10.649    82.402     9.905    11.515     1.245   278.762    30.457     0.352     0.031    -0.612    -0.315   295.009   294.592    58.735    58.729     0.232   294.264     8.051     2.406
 121.9687500     1.750     0.107     0.091     0.010     0.082   115.543    19.960    39.718    11.695    75.946     8.638    11.387     1.169   275.840    29.132     0.348     0.029    -0.580    -0.305   295.270   294.661    57.818    57.815     0.202   294.282     8.065     2.766
 121.9687500     1.250     0.103     0.062     0.006     0.056   117.183    19.776    49.648    12.906    67.563     7.268    11.297     1.107   272.671    28.107     0.342     0.028    -0.540    -0.294   295.623   294.727    57.168    57.167     0.176   294.301     8.080     3.179
 121.9687500     0.750     0.101     0.036     0.004     0.032   119.847    19.811    64.423    14.693    55.316     5.551    11.232     1.053   268.754    27.279     0.335     0.027    -0.484    -0.281   296.131   294.823    56.757    56.757     0.153   294.320     8.097     3.653
 121.9687500     0.250     0.000     0.000     0.000     0.000  -999.000  -999.000  -999.000  -999.000  -999.000  -999.000  -999.000  -999.000  -999.000  -999.000  -999.000  -999.000  -999.000  -999.000  -999.000  -999.000  -999.000  -999.000     0.133   294.341     8.117     4.198
 121.9895833    22.750     0.000     0.000     0.000     0.000  -999.000  -999.000  -999.000  -999.000  -999.000  -999.000  -999.000  -999.000  -999.000  -999.000  -999.000  -999.000  -999.000  -999.000  -999.000  -999.000  -999.000  -999.000     4.949   293.833     7.582     0.055
 121.9895833    22.250     0.000     0.000     0.000     0.000  -999.000  -999.000  -999.000  -999.000  -999.000  -999.000  -999.000  -999.000  -999.000  -999.000  -999.000  -999.000  -999.000  -999.000  -999.000  -999.000  -999.000  -999.000     4.887   293.829     7.589     0.111
 121.9895833    21.750     0.000     0.000     0.000     0.000  -999.000  -999.000  -999.000  -999.000  -999.000  -999.000  -999.000  -999.000  -999.000  -999.000  -999.000  -999.000  -999.000  -999.000  -999.000  -999.000  -999.000  -999.000     4.824   293.826     7.596     0.114
 121.9895833    21.250     0.000     0.000     0.000     0.000  -999.000  -999.000  -999.000  -999.000  -999.000  -999.000  -999.000  -999.000  -999.000  -999.000  -999.000  -999.000  -999.000  -999.000  -999.000  -999.000  -999.000  -999.000     4.758   293.822     7.604     0.117
 121.9895833    20.750     0.000     0.000     0.000     0.000  -999.000  -999.000  -999.000  -999.000  -999.000  -999.000  -999.000  -999.000  -999.000  -999.000  -999.000  -999.000  -999.000  -999.000  -999.000  -999.000  -999.000  -999.000     4.691   293.818     7.611     0.120
 121.9895833    20.250     0.000     0.000     0.000     0.000  -999.000  -999.000  -999.000  -999.000  -999.000  -999.000  -999.000  -999.000  -999.000  -999.000  -999.000  -999.000  -999.000  -999.000  -999.000  -999.000  -999.000  -999.000     4.622   293.814     7.619     0.123
 121.9895833    19.750     0.000     0.000     0.000     0.000  -999.000  -999.000  -999.000  -999.000  -999.000  -999.000  -999.000  -999.000  -999.000  -999.000  -999.000  -999.000  -999.000  -999.000  -999.000  -999.000  -999.000  -999.000     4.550   293.810     7.627     0.126
 121.9895833    19.250     0.000     0.000     0.000     0.000  -999.000  -999.000  -999.000  -999.000  -999.000  -999.000  -999.000  -999.000  -999.000  -999.000  -999.000  -999.000  -999.000  -999.000  -999.000  -999.000  -999.000  -999.000     4.476   293.806     7.635     0.129
 121.9895833    18.750     0.000     0.000     0.000     0.000  -999.000  -999.000  -999.000  -999.000  -999.000  -999.000  -999.000  -999.000  -999.000  -999.000  -999.000  -999.000  -999.000  -999.000  -999.000  -999.000  -999.000  -999.000     4.399   293.802     7.644     0.133
 121.9895833    18.250     0.000     0.000     0.000     0.000  -999.000  -999.000  -999.000  -999.000  -999.000  -999.000  -999.000  -999.000  -999.000  -999.000  -999.000  -999.000  -999.000  -999.000  -999.000  -999.000  -999.000  -999.000     4.320   293.797     7.652     0.137
 121.9895833    17.750     0.000     0.000     0.000     0.000  -999.000  -999.000  -999.000  -999.000  -999.000  -999.000  -999.000  -999.000  -999.000  -999.000  -999.000  -999.000  -999.000  -999.000  -999.000  -999.000  -999.000  -999.000     4.238   293.793     7.661     0.140
 121.9895833    17.250     0.000     0.000     0.000     0.000  -999.000  -999.000  -999.000  -999.000  -999.000  -999.000  -999.000  -999.000  -999.000  -999.000  -999.000  -999.000  -999.000  -999.000  -999.000  -999.000  -999.000  -999.000     4.152   293.788     7.670     0.145
 121.9895833    16.750     0.000     0.000     0.000     0.000  -999.000  -999.000  -999.000  -999.000  -999.000  -999.000  -999.000  -999.000  -999.000  -999.000  -999.000  -999.000  -999.000  -999.000  -999.000  -999.000  -999.000  -999.000     4.063   293.784     7.680     0.149
 121.9895833    16.250     0.000     0.000     0.000     0.000  -999.000  -999.000  -999.000  -999.000  -999.000  -999.000  -999.000  -999.000  -999.000  -999.000  -999.000  -999.000  -999.000  -999.000  -999.000  -999.000  -999.000  -999.000     3.970   293.779     7.689     0.153
 121.9895833    15.750     0.000     0.000     0.000     0.000  -999.000  -999.000  -999.000  -999.000  -999.000  -999.000  -999.000  -999.000  -999.000  -999.000  -999.000  -999.000  -999.000  -999.000  -999.000  -999.000  -999.000  -999.000     3.872   293.774     7.699     0.158
 121.9895833    15.250     0.000     0.000     0.000     0.000  -999.000  -999.000  -999.000  -999.000  -999.000  -999.000  -999.000  -999.000  -999.000  -999.000  -999.000  -999.000  -999.000  -999.000  -999.000  -999.000  -999.000  -999.000     3.770   293.769     7.709     0.163
 121.9895833    14.750     0.000     0.000     0.000     0.000  -999.000  -999.000  -999.000  -999.000  -999.000  -999.000  -999.000  -999.000  -999.000  -999.000  -999.000  -999.000  -999.000  -999.000  -999.000  -999.000  -999.000  -999.000     3.662   293.763     7.720     0.169
 121.9895833    14.250     0.000     0.000     0.000     0.000  -999.000  -999.000  -999.000  -999.000  -999.000  -999.000  -999.000  -999.000  -999.000  -999.000  -999.000  -999.000  -999.000  -999.000  -999.000  -999.000  -999.000  -999.000     3.549   293.758     7.731     0.175
 121.9895833    13.750     0.000     0.000     0.000     0.000  -999.000  -999.000  -999.000  -999.000  -999.000  -999.000  -999.000  -999.000  -999.000  -999.000  -999.000  -999.000  -999.000  -999.000  -999.000  -999.000  -999.000  -999.000     3.428   293.752     7.743     0.182
 121.9895833    13.250     0.000     0.000     0.000     0.000  -999.000  -999.000  -999.000  -999.000  -999.000  -999.000  -999.000  -999.000  -999.000  -999.000  -999.000  -999.000  -999.000  -999.000  -999.000  -999.000  -999.000  -999.000     3.299   293.746     7.754     0.188
 121.9895833    12.750     0.000     0.000     0.000     0.000  -999.000  -999.000  -999.000  -999.000  -999.000  -999.000  -999.000  -999.000  -999.000  -999.000  -999.000  -999.000  -999.000  -999.000  -999.000  -999.000  -999.000  -999.000     3.161   293.740     7.767     0.196
 121.9895833    12.250     0.000     0.000     0.000     0.000  -999.000  -999.000  -999.000  -999.000  -999.000  -999.000  -999.000  -999.000  -999.000  -999.000  -999.000  -999.000  -999.000  -999.000  -999.000  -999.000  -999.000  -999.000     3.011   293.733     7.780     0.205
 121.9895833    11.750     0.000     0.000     0.000     0.000  -999.000  -999.000  -999.000  -999.000  -999.000  -999.000  -999.000  -999.000  -999.000  -999.000  -999.000  -999.000  -999.000  -999.000  -999.000  -999.000  -999.000  -999.000     2.847   293.726     7.793     0.215
 121.9895833    11.250     0.000     0.000     0.000     0.000  -999.000  -999.000  -999.000  -999.000  -999.000  -999.000  -999.000  -999.000  -999.000  -999.000  -999.000  -999.000  -999.000  -999.000  -999.000  -999.000  -999.000  -999.000     2.665   293.719     7.807     0.227
 121.9895833    10.750     0.000     0.000     0.000     0.000  -999.000  -999.000  -999.000  -999.000  -999.000  -999.000  -999.000  -999.000  -999.000  -999.000  -999.000  -999.000  -999.000  -999.000  -999.000  -999.000  -999.000  -999.000     2.459   293.712     7.822     0.239
 121.9895833    10.250     0.000     0.000     0.000     0.000  -999.000  -999.000  -999.000  -999.000  -999.000  -999.000  -999.000  -999.000  -999.000  -999.000  -999.000  -999.000  -999.000  -999.000  -999.000  -999.000  -999.000  -999.000     2.219   293.703     7.839     0.256
 121.9895833     9.750     0.937     0.304     0.285     0.019   100.290    34.668   -63.314   -59.203   163.771    94.015    20.166    11.813   440.756   224.176     0.591     0.289    -1.066    -0.771   292.931   292.987   122.314   121.365     1.940   293.694     7.857     0.286
 121.9895833     9.250     0.803     0.413     0.332     0.081    97.840    32.634   -54.106   -48.854   152.117    81.628    18.910    10.220   407.695   193.891     0.550     0.248    -1.008    -0.710   292.987   293.061   116.101   115.570     1.687   293.687     7.874     0.324
 121.9895833     8.750     0.667     0.446     0.298     0.148    95.313    30.202   -44.775   -37.821   140.269    68.162    17.560     8.475   374.060   161.584     0.505     0.203    -0.949    -0.644   293.062   293.162   109.028   108.685     1.467   293.681     7.891     0.372
 121.9895833     8.250     0.550     0.454     0.249     0.204    92.978    27.828   -36.451   -28.346   129.622    56.318    16.322     6.914   344.911   133.203     0.466     0.164    -0.895    -0.586   293.138   293.258   102.069   101.823     1.276   293.678     7.907     0.427
 121.9895833     7.750     0.453     0.448     0.203     0.245    90.943    25.691   -29.335   -20.210   120.484    46.049    15.245     5.601   320.878   109.719     0.435     0.132    -0.849    -0.535   293.210   293.353    95.536    95.352     1.110   293.677     7.922     0.491
 121.9895833     7.250     0.374     0.432     0.162     0.271    89.259    23.863   -22.986   -13.839   112.463    37.856    14.325     4.540   301.527    90.817     0.408     0.107    -0.807    -0.493   293.288   293.444    89.556    89.415     0.965   293.679     7.936     0.565
 121.9895833     6.750     0.312     0.411     0.128     0.283    87.938    22.363   -17.500    -8.676   105.668    31.199    13.551     3.695   286.128    75.821     0.386     0.088    -0.772    -0.458   293.360   293.526    84.175    84.066     0.840   293.683     7.948     0.649
 121.9895833     6.250     0.263     0.385     0.101     0.284    86.929    21.142   -12.610    -4.438    99.773    25.746    12.900     3.027   273.932    64.014     0.369     0.072    -0.740    -0.428   293.441   293.605    79.391    79.307     0.730   293.690     7.960     0.746
 121.9895833     5.750     0.224     0.356     0.080     0.276    86.222    20.188    -8.099    -1.172    94.561    21.537    12.351     2.507   264.278    54.756     0.356     0.061    -0.712    -0.404   293.526   293.676    75.183    75.118     0.635   293.698     7.972     0.858
 121.9895833     5.250     0.193     0.324     0.063     0.262    85.790    19.472    -3.840     1.516    89.868    18.139    11.886     2.102   256.612    47.511     0.345     0.051    -0.687    -0.383   293.614   293.746    71.516    71.466     0.552   293.707     7.982     0.986
 121.9895833     4.750     0.169     0.291     0.049     0.242    85.633    18.986     0.143     3.633    85.714    15.541    11.494     1.788   250.488    41.847     0.336     0.044    -0.663    -0.368   293.715   293.801    68.351    68.314     0.480   293.718     7.993     1.133
 121.9895833     4.250     0.150     0.257     0.039     0.219    85.658    18.630     3.377     5.440    82.500    13.384    11.171     1.544   245.548    37.423     0.324     0.039    -0.644    -0.352   293.803   293.863    65.648    65.622     0.418   293.730     8.003     1.303
 121.9895833     3.750     0.135     0.223     0.030     0.193    85.840    18.364     7.355     6.916    78.690    11.653    10.892     1.355   241.505    33.973     0.317     0.035    -0.623    -0.340   293.920   293.919    63.371    63.351     0.363   293.743     8.013     1.498
 121.9895833     3.250     0.124     0.189     0.023     0.165    86.145    18.135    11.467     8.208    74.855    10.133    10.660     1.207   238.126    31.290     0.311     0.031    -0.601    -0.328   294.050   293.980    61.481    61.468     0.316   293.757     8.024     1.721
 121.9895833     2.750     0.115     0.155     0.018     0.137    86.618    17.962    16.015     9.188    70.752     8.993    10.467     1.095   235.212    29.211     0.306     0.029    -0.579    -0.318   294.200   294.032    59.946    59.937     0.275   293.772     8.035     1.979
 121.9895833     2.250     0.108     0.122     0.013     0.109    87.236    17.778    21.164    10.098    66.178     7.907    10.311     1.008   232.578    27.608     0.302     0.027    -0.554    -0.308   294.381   294.089    58.735    58.729     0.239   293.787     8.047     2.274
 121.9895833     1.750     0.103     0.091     0.009     0.082    88.063    17.574    27.494    10.978    60.614     6.834    10.182     0.939   230.028    26.377     0.297     0.025    -0.525    -0.298   294.614   294.151    57.818    57.815     0.208   293.803     8.059     2.614
 121.9895833     1.250     0.100     0.062     0.006     0.056    89.232    17.359    35.576    11.979    53.617     5.628    10.078     0.882   227.308    25.428     0.292     0.023    -0.491    -0.288   294.913   294.220    57.168    57.167     0.181   293.820     8.073     3.005
 121.9895833     0.750     0.098     0.036     0.003     0.032    91.121    17.253    47.537    13.161    43.419     4.366     9.975     0.837   223.996    24.664     0.285     0.023    -0.442    -0.278   295.355   294.293    56.757    56.757     0.157   293.838     8.089     3.454
 121.9895833     0.250     0.000     0.000     0.000     0.000  -999.000  -999.000  -999.000  -999.000  -999.000  -999.000  -999.000  -999.000  -999.000  -999.000  -999.000  -999.000  -999.000  -999.000  -999.000  -999.000  -999.000  -999.000     0.137   293.858     8.108     3.971
