 121.0104167    23.000   -98.604   293.947    -0.137     0.000     0.000     0.000     0.000     0.000     0.000     0.000     0.000
 121.0104167    22.500   -98.597   294.044    -0.137     0.000     0.000     0.000     0.000     0.000     0.000     0.000     0.000
 121.0104167    22.000   -98.608   294.203    -0.137     0.000     0.000     0.000     0.000     0.000     0.000     0.000     0.000
 121.0104167    21.500   -98.638   294.423    -0.137     0.000     0.000     0.000     0.000     0.000     0.000     0.000     0.000
 121.0104167    21.000   -98.687   294.707    -0.137     0.000     0.000     0.000     0.000     0.000     0.000     0.000     0.000
 121.0104167    20.500   -98.755   295.053    -0.137     0.000     0.000     0.000     0.000     0.000     0.000     0.000     0.000
 121.0104167    20.000   -98.841   295.463    -0.137     0.000     0.000     0.000     0.000     0.000     0.000     0.000     0.000
 121.0104167    19.500   -98.947   295.937    -0.137     0.000     0.000     0.000     0.000     0.000     0.000     0.000     0.000
 121.0104167    19.000   -99.072   296.477    -0.137     0.000     0.000     0.000     0.000     0.000     0.000     0.000     0.000
 121.0104167    18.500   -99.217   297.081    -0.137     0.000     0.000     0.000     0.000     0.000     0.000     0.000     0.000
 121.0104167    18.000   -99.382   297.753    -0.137     0.000     0.000     0.000     0.000     0.000     0.000     0.000     0.000
 121.0104167    17.500   -99.568   298.491    -0.137     0.000     0.000     0.000     0.000     0.000     0.000     0.000     0.000
 121.0104167    17.000   -99.773   299.297    -0.137     0.000     0.000     0.000     0.000     0.000     0.000     0.000     0.000
 121.0104167    16.500  -100.000   300.172    -0.137     0.000     0.000     0.000     0.000     0.000     0.000     0.000     0.000
 121.0104167    16.000  -100.247   301.117    -0.137     0.000     0.000     0.000     0.000     0.000     0.000     0.000     0.000
 121.0104167    15.500  -100.516   302.133    -0.137     0.000     0.000     0.000     0.000     0.000     0.000     0.000     0.000
 121.0104167    15.000  -100.806   303.221    -0.137     0.000     0.000     0.000     0.000     0.000     0.000     0.000     0.000
 121.0104167    14.500  -101.119   304.381    -0.137     0.000     0.000     0.000     0.000     0.000     0.000     0.000     0.000
 121.0104167    14.000  -101.454   305.616    -0.137     0.000     0.000     0.000     0.000     0.000     0.000     0.000     0.000
 121.0104167    13.500  -101.812   306.928    -0.137     0.000     0.000     0.000     0.000     0.000     0.000     0.000     0.000
 121.0104167    13.000  -102.194   308.317    -0.137     0.000     0.000     0.000     0.000     0.000     0.000     0.000     0.000
 121.0104167    12.500  -102.600   309.785    -0.137     0.000     0.000     0.000     0.000     0.000     0.000     0.000     0.000
 121.0104167    12.000  -103.031   311.337    -0.137     0.000     0.000     0.000     0.000     0.000     0.000     0.000     0.000
 121.0104167    11.500  -103.488   312.974    -0.137     0.000     0.000     0.000     0.000     0.000     0.000     0.000     0.000
 121.0104167    11.000  -103.973   314.700    -0.137     0.000     0.000     0.000     0.000     0.000     0.000     0.000     0.000
 121.0104167    10.500  -104.486   316.523    -0.137     0.000     0.000     0.000     0.000     0.000     0.000     0.000     0.000
 121.0104167    10.000  -105.032   318.451    -0.137   167.849   207.956    76.686    36.579     8.382    80.321   342.367   451.664
 121.0104167     9.500   -86.997   275.456    -0.096   146.842   181.929    67.802    47.774     7.440    75.014   355.377   452.396
 121.0104167     9.000   -64.474   222.316    -0.068   122.431   151.685    57.342    58.923     6.340    68.103   370.651   453.563
 121.0104167     8.500   -43.872   172.990    -0.048   100.620   124.663    47.848    66.709     5.357    61.038   384.458   454.903
 121.0104167     8.000   -27.228   131.299    -0.034    82.412   102.104    39.794    71.108     4.541    54.264   396.208   456.272
 121.0104167     7.500   -14.739    97.758    -0.024    67.682    83.855    33.174    72.783     3.890    47.982   405.956   457.597
 121.0104167     7.000    -5.837    71.552    -0.017    55.958    69.329    27.824    72.493     3.385    42.275   413.945   458.848
 121.0104167     6.500     0.162    51.573    -0.012    46.704    57.863    23.542    70.906     3.003    37.165   420.461   460.002
 121.0104167     6.000     3.934    36.680    -0.009    39.428    48.849    20.132    68.546     2.722    32.643   425.771   461.050
 121.0104167     5.500     6.192    25.706    -0.006    33.716    41.773    17.423    65.799     2.521    28.678   430.091   461.994
 121.0104167     5.000     7.298    17.904    -0.004    29.234    36.220    15.277    62.936     2.382    25.236   433.603   462.835
 121.0104167     4.500     7.610    12.611    -0.003    25.720    31.866    13.578    60.142     2.292    22.278   436.463   463.564
 121.0104167     4.000     7.417     9.284    -0.002    22.968    28.457    12.239    57.534     2.237    19.769   438.790   464.174
 121.0104167     3.500     6.875     7.564    -0.002    20.824    25.799    11.190    55.187     2.207    17.674   440.682   464.660
 121.0104167     3.000     6.151     7.101    -0.001    19.165    23.745    10.375    53.139     2.193    15.961   442.203   465.030
 121.0104167     2.500     5.279     7.723    -0.001    17.901    22.179     9.753    51.412     2.189    14.600   443.408   465.290
 121.0104167     2.000     4.378     9.203    -0.001    16.962    21.015     9.291    50.009     2.187    13.561   444.337   465.450
 121.0104167     1.500     3.487    11.413    -0.000    16.294    20.187     8.963    48.927     2.187    12.814   445.020   465.526
 121.0104167     1.000     2.640    14.258    -0.000    15.853    19.641     8.749    48.156     2.185    12.327   445.476   465.541
 121.0104167     0.500     1.863    17.670    -0.000     0.000     0.000     0.000     0.000     0.000     0.000     0.000     0.000
 121.0312500    23.000       NaN       NaN    -0.142     0.000     0.000     0.000     0.000     0.000     0.000     0.000     0.000
 121.0312500    22.500       NaN       NaN    -0.142     0.000     0.000     0.000     0.000     0.000     0.000     0.000     0.000
 121.0312500    22.000       NaN       NaN    -0.142     0.000     0.000     0.000     0.000     0.000     0.000     0.000     0.000
 121.0312500    21.500       NaN       NaN    -0.142     0.000     0.000     0.000     0.000     0.000     0.000     0.000     0.000
 121.0312500    21.000       NaN       NaN    -0.142     0.000     0.000     0.000     0.000     0.000     0.000     0.000     0.000
 121.0312500    20.500       NaN       NaN    -0.142     0.000     0.000     0.000     0.000     0.000     0.000     0.000     0.000
 121.0312500    20.000       NaN       NaN    -0.142     0.000     0.000     0.000     0.000     0.000     0.000     0.000     0.000
 121.0312500    19.500       NaN       NaN    -0.142     0.000     0.000     0.000     0.000     0.000     0.000     0.000     0.000
 121.0312500    19.000       NaN       NaN    -0.142     0.000     0.000     0.000     0.000     0.000     0.000     0.000     0.000
 121.0312500    18.500       NaN       NaN    -0.142     0.000     0.000     0.000     0.000     0.000     0.000     0.000     0.000
 121.0312500    18.000       NaN       NaN    -0.142     0.000     0.000     0.000     0.000     0.000     0.000     0.000     0.000
 121.0312500    17.500       NaN       NaN    -0.142     0.000     0.000     0.000     0.000     0.000     0.000     0.000     0.000
 121.0312500    17.000       NaN       NaN    -0.142     0.000     0.000     0.000     0.000     0.000     0.000     0.000     0.000
 121.0312500    16.500       NaN       NaN    -0.142     0.000     0.000     0.000     0.000     0.000     0.000     0.000     0.000
 121.0312500    16.000       NaN       NaN    -0.142     0.000     0.000     0.000     0.000     0.000     0.000     0.000     0.000
 121.0312500    15.500       NaN       NaN    -0.142     0.000     0.000     0.000     0.000     0.000     0.000     0.000     0.000
 121.0312500    15.000       NaN       NaN    -0.142     0.000     0.000     0.000     0.000     0.000     0.000     0.000     0.000
 121.0312500    14.500       NaN       NaN    -0.142     0.000     0.000     0.000     0.000     0.000     0.000     0.000     0.000
 121.0312500    14.000       NaN       NaN    -0.142     0.000     0.000     0.000     0.000     0.000     0.000     0.000     0.000
 121.0312500    13.500       NaN       NaN    -0.142     0.000     0.000     0.000     0.000     0.000     0.000     0.000     0.000
 121.0312500    13.000       NaN       NaN    -0.142     0.000     0.000     0.000     0.000     0.000     0.000     0.000     0.000
 121.0312500    12.500       NaN       NaN    -0.142     0.000     0.000     0.000     0.000     0.000     0.000     0.000     0.000
 121.0312500    12.000       NaN       NaN    -0.142     0.000     0.000     0.000     0.000     0.000     0.000     0.000     0.000
 121.0312500    11.500       NaN       NaN    -0.142     0.000     0.000     0.000     0.000     0.000     0.000     0.000     0.000
 121.0312500    11.000       NaN       NaN    -0.142     0.000     0.000     0.000     0.000     0.000     0.000     0.000     0.000
 121.0312500    10.500       NaN       NaN    -0.142     0.000     0.000     0.000     0.000     0.000     0.000     0.000     0.000
 121.0312500    10.000       NaN       NaN    -0.142   126.125   161.911    71.134    35.348     6.905    65.526       NaN       NaN
 121.0312500     9.500       NaN       NaN    -0.103   109.940   141.134    62.696    43.809     6.110    61.045       NaN       NaN
 121.0312500     9.000       NaN       NaN    -0.075    91.212   117.092    52.797    52.068     5.185    55.249       NaN       NaN
 121.0312500     8.500       NaN       NaN    -0.054    74.565    95.721    43.854    57.620     4.360    49.367       NaN       NaN
 121.0312500     8.000       NaN       NaN    -0.039    60.742    77.976    36.303    60.504     3.677    43.763       NaN       NaN
 121.0312500     7.500       NaN       NaN    -0.029    49.619    63.698    30.125    61.275     3.133    38.597       NaN       NaN
 121.0312500     7.000       NaN       NaN    -0.021    40.812    52.392    25.156    60.551     2.711    33.926       NaN       NaN
 121.0312500     6.500       NaN       NaN    -0.015    33.896    43.514    21.195    58.867     2.392    29.763       NaN       NaN
 121.0312500     6.000       NaN       NaN    -0.011    28.484    36.566    18.053    56.635     2.156    26.091       NaN       NaN
 121.0312500     5.500       NaN       NaN    -0.008    24.255    31.137    15.567    54.156     1.986    22.881       NaN       NaN
 121.0312500     5.000       NaN       NaN    -0.006    20.949    26.893    13.602    51.638     1.868    20.101       NaN       NaN
 121.0312500     4.500       NaN       NaN    -0.004    18.367    23.578    12.053    49.220     1.789    17.717       NaN       NaN
 121.0312500     4.000       NaN       NaN    -0.003    16.352    20.991    10.834    46.988     1.739    15.698       NaN       NaN
 121.0312500     3.500       NaN       NaN    -0.002    14.785    18.980     9.881    44.994     1.709    14.014       NaN       NaN
 121.0312500     3.000       NaN       NaN    -0.002    13.577    17.429     9.142    43.267     1.693    12.638       NaN       NaN
 121.0312500     2.500       NaN       NaN    -0.001    12.658    16.250     8.579    41.816     1.685    11.545       NaN       NaN
 121.0312500     2.000       NaN       NaN    -0.001    11.977    15.375     8.160    40.642     1.681    10.711       NaN       NaN
 121.0312500     1.500       NaN       NaN    -0.001    11.492    14.753     7.863    39.740     1.677    10.112       NaN       NaN
 121.0312500     1.000       NaN       NaN    -0.000    11.173    14.343     7.669    39.100     1.674     9.720       NaN       NaN
 121.0312500     0.500       NaN       NaN    -0.000     0.000     0.000     0.000     0.000     0.000     0.000     0.000     0.000
 121.0520833    23.000       NaN       NaN    -0.215     0.000     0.000     0.000     0.000     0.000     0.000     0.000     0.000
 121.0520833    22.500       NaN       NaN    -0.215     0.000     0.000     0.000     0.000     0.000     0.000     0.000     0.000
 121.0520833    22.000       NaN       NaN    -0.215     0.000     0.000     0.000     0.000     0.000     0.000     0.000     0.000
 121.0520833    21.500       NaN       NaN    -0.215     0.000     0.000     0.000     0.000     0.000     0.000     0.000     0.000
 121.0520833    21.000       NaN       NaN    -0.215     0.000     0.000     0.000     0.000     0.000     0.000     0.000     0.000
 121.0520833    20.500       NaN       NaN    -0.215     0.000     0.000     0.000     0.000     0.000     0.000     0.000     0.000
 121.0520833    20.000       NaN       NaN    -0.215     0.000     0.000     0.000     0.000     0.000     0.000     0.000     0.000
 121.0520833    19.500       NaN       NaN    -0.215     0.000     0.000     0.000     0.000     0.000     0.000     0.000     0.000
 121.0520833    19.000       NaN       NaN    -0.215     0.000     0.000     0.000     0.000     0.000     0.000     0.000     0.000
 121.0520833    18.500       NaN       NaN    -0.215     0.000     0.000     0.000     0.000     0.000     0.000     0.000     0.000
 121.0520833    18.000       NaN       NaN    -0.215     0.000     0.000     0.000     0.000     0.000     0.000     0.000     0.000
 121.0520833    17.500       NaN       NaN    -0.215     0.000     0.000     0.000     0.000     0.000     0.000     0.000     0.000
 121.0520833    17.000       NaN       NaN    -0.215     0.000     0.000     0.000     0.000     0.000     0.000     0.000     0.000
 121.0520833    16.500       NaN       NaN    -0.215     0.000     0.000     0.000     0.000     0.000     0.000     0.000     0.000
 121.0520833    16.000       NaN       NaN    -0.215     0.000     0.000     0.000     0.000     0.000     0.000     0.000     0.000
 121.0520833    15.500       NaN       NaN    -0.215     0.000     0.000     0.000     0.000     0.000     0.000     0.000     0.000
 121.0520833    15.000       NaN       NaN    -0.215     0.000     0.000     0.000     0.000     0.000     0.000     0.000     0.000
 121.0520833    14.500       NaN       NaN    -0.215     0.000     0.000     0.000     0.000     0.000     0.000     0.000     0.000
 121.0520833    14.000       NaN       NaN    -0.215     0.000     0.000     0.000     0.000     0.000     0.000     0.000     0.000
 121.0520833    13.500       NaN       NaN    -0.215     0.000     0.000     0.000     0.000     0.000     0.000     0.000     0.000
 121.0520833    13.000       NaN       NaN    -0.215     0.000     0.000     0.000     0.000     0.000     0.000     0.000     0.000
 121.0520833    12.500       NaN       NaN    -0.215     0.000     0.000     0.000     0.000     0.000     0.000     0.000     0.000
 121.0520833    12.000       NaN       NaN    -0.215     0.000     0.000     0.000     0.000     0.000     0.000     0.000     0.000
 121.0520833    11.500       NaN       NaN    -0.215     0.000     0.000     0.000     0.000     0.000     0.000     0.000     0.000
 121.0520833    11.000       NaN       NaN    -0.215     0.000     0.000     0.000     0.000     0.000     0.000     0.000     0.000
 121.0520833    10.500       NaN       NaN    -0.215     0.000     0.000     0.000     0.000     0.000     0.000     0.000     0.000
 121.0520833    10.000       NaN       NaN    -0.215    83.042   111.060    62.904    34.886     5.260    49.286       NaN       NaN
 121.0520833     9.500       NaN       NaN    -0.156    71.975    96.259    55.248    40.185     4.636    45.745       NaN       NaN
 121.0520833     9.000       NaN       NaN    -0.113    59.255    79.247    46.304    45.106     3.911    41.211       NaN       NaN
 121.0520833     8.500       NaN       NaN    -0.082    48.037    64.245    38.262    48.079     3.268    36.656       NaN       NaN
 121.0520833     8.000       NaN       NaN    -0.060    38.801    51.893    31.507    49.210     2.738    32.359       NaN       NaN
 121.0520833     7.500       NaN       NaN    -0.043    31.432    42.037    26.009    48.931     2.317    28.430       NaN       NaN
 121.0520833     7.000       NaN       NaN    -0.031    25.645    34.297    21.609    47.695     1.991    24.904       NaN       NaN
 121.0520833     6.500       NaN       NaN    -0.023    21.136    28.267    18.118    45.881     1.743    21.781       NaN       NaN
 121.0520833     6.000       NaN       NaN    -0.017    17.634    23.584    15.361    43.775     1.560    19.041       NaN       NaN
 121.0520833     5.500       NaN       NaN    -0.012    14.916    19.948    13.189    41.582     1.427    16.656       NaN       NaN
 121.0520833     5.000       NaN       NaN    -0.009    12.805    17.126    11.479    39.436     1.333    14.597       NaN       NaN
 121.0520833     4.500       NaN       NaN    -0.006    11.166    14.933    10.135    37.426     1.268    12.837       NaN       NaN
 121.0520833     4.000       NaN       NaN    -0.005     9.893    13.231     9.080    35.603     1.226    11.350       NaN       NaN
 121.0520833     3.500       NaN       NaN    -0.003     8.908    11.914     8.258    33.996     1.199    10.111       NaN       NaN
 121.0520833     3.000       NaN       NaN    -0.002     8.151    10.902     7.621    32.616     1.182     9.101       NaN       NaN
 121.0520833     2.500       NaN       NaN    -0.002     7.578    10.134     7.136    31.467     1.172     8.298       NaN       NaN
 121.0520833     2.000       NaN       NaN    -0.001     7.153     9.567     6.777    30.543     1.166     7.686       NaN       NaN
 121.0520833     1.500       NaN       NaN    -0.001     6.852     9.164     6.521    29.837     1.161     7.246       NaN       NaN
 121.0520833     1.000       NaN       NaN    -0.001     6.654     8.899     6.354    29.338     1.156     6.958       NaN       NaN
 121.0520833     0.500       NaN       NaN    -0.000     0.000     0.000     0.000     0.000     0.000     0.000     0.000     0.000
 121.0729167    23.000       NaN       NaN    -0.240     0.000     0.000     0.000     0.000     0.000     0.000     0.000     0.000
 121.0729167    22.500       NaN       NaN    -0.240     0.000     0.000     0.000     0.000     0.000     0.000     0.000     0.000
 121.0729167    22.000       NaN       NaN    -0.240     0.000     0.000     0.000     0.000     0.000     0.000     0.000     0.000
 121.0729167    21.500       NaN       NaN    -0.240     0.000     0.000     0.000     0.000     0.000     0.000     0.000     0.000
 121.0729167    21.000       NaN       NaN    -0.240     0.000     0.000     0.000     0.000     0.000     0.000     0.000     0.000
 121.0729167    20.500       NaN       NaN    -0.240     0.000     0.000     0.000     0.000     0.000     0.000     0.000     0.000
 121.0729167    20.000       NaN       NaN    -0.240     0.000     0.000     0.000     0.000     0.000     0.000     0.000     0.000
 121.0729167    19.500       NaN       NaN    -0.240     0.000     0.000     0.000     0.000     0.000     0.000     0.000     0.000
 121.0729167    19.000       NaN       NaN    -0.240     0.000     0.000     0.000     0.000     0.000     0.000     0.000     0.000
 121.0729167    18.500       NaN       NaN    -0.240     0.000     0.000     0.000     0.000     0.000     0.000     0.000     0.000
 121.0729167    18.000       NaN       NaN    -0.240     0.000     0.000     0.000     0.000     0.000     0.000     0.000     0.000
 121.0729167    17.500       NaN       NaN    -0.240     0.000     0.000     0.000     0.000     0.000     0.000     0.000     0.000
 121.0729167    17.000       NaN       NaN    -0.240     0.000     0.000     0.000     0.000     0.000     0.000     0.000     0.000
 121.0729167    16.500       NaN       NaN    -0.240     0.000     0.000     0.000     0.000     0.000     0.000     0.000     0.000
 121.0729167    16.000       NaN       NaN    -0.240     0.000     0.000     0.000     0.000     0.000     0.000     0.000     0.000
 121.0729167    15.500       NaN       NaN    -0.240     0.000     0.000     0.000     0.000     0.000     0.000     0.000     0.000
 121.0729167    15.000       NaN       NaN    -0.240     0.000     0.000     0.000     0.000     0.000     0.000     0.000     0.000
 121.0729167    14.500       NaN       NaN    -0.240     0.000     0.000     0.000     0.000     0.000     0.000     0.000     0.000
 121.0729167    14.000       NaN       NaN    -0.240     0.000     0.000     0.000     0.000     0.000     0.000     0.000     0.000
 121.0729167    13.500       NaN       NaN    -0.240     0.000     0.000     0.000     0.000     0.000     0.000     0.000     0.000
 121.0729167    13.000       NaN       NaN    -0.240     0.000     0.000     0.000     0.000     0.000     0.000     0.000     0.000
 121.0729167    12.500       NaN       NaN    -0.240     0.000     0.000     0.000     0.000     0.000     0.000     0.000     0.000
 121.0729167    12.000       NaN       NaN    -0.240     0.000     0.000     0.000     0.000     0.000     0.000     0.000     0.000
 121.0729167    11.500       NaN       NaN    -0.240     0.000     0.000     0.000     0.000     0.000     0.000     0.000     0.000
 121.0729167    11.000       NaN       NaN    -0.240     0.000     0.000     0.000     0.000     0.000     0.000     0.000     0.000
 121.0729167    10.500       NaN       NaN    -0.240     0.000     0.000     0.000     0.000     0.000     0.000     0.000     0.000
 121.0729167    10.000       NaN       NaN    -0.240    43.368    60.717    49.112    31.763     3.462    31.944       NaN       NaN
 121.0729167     9.500       NaN       NaN    -0.174    37.218    52.108    42.985    33.996     3.036    29.492       NaN       NaN
 121.0729167     9.000       NaN       NaN    -0.126    30.231    42.326    35.855    35.744     2.543    26.393       NaN       NaN
 121.0729167     8.500       NaN       NaN    -0.092    24.155    33.819    29.475    36.345     2.109    23.324       NaN       NaN
 121.0729167     8.000       NaN       NaN    -0.067    19.225    26.916    24.143    35.945     1.752    20.468       NaN       NaN
 121.0729167     7.500       NaN       NaN    -0.048    15.349    21.489    19.824    34.836     1.470    17.887       NaN       NaN
 121.0729167     7.000       NaN       NaN    -0.035    12.348    17.288    16.385    33.293     1.252    15.595       NaN       NaN
 121.0729167     6.500       NaN       NaN    -0.025    10.042    14.059    13.670    31.536     1.087    13.582       NaN       NaN
 121.0729167     6.000       NaN       NaN    -0.019     8.274    11.584    11.535    29.721     0.964    11.829       NaN       NaN
 121.0729167     5.500       NaN       NaN    -0.013     6.918     9.685     9.860    27.953     0.874    10.312       NaN       NaN
 121.0729167     5.000       NaN       NaN    -0.010     5.877     8.228     8.546    26.299     0.809     9.010       NaN       NaN
 121.0729167     4.500       NaN       NaN    -0.007     5.076     7.107     7.517    24.795     0.764     7.900       NaN       NaN
 121.0729167     4.000       NaN       NaN    -0.005     4.460     6.244     6.712    23.463     0.732     6.965       NaN       NaN
 121.0729167     3.500       NaN       NaN    -0.004     3.987     5.582     6.085    22.309     0.712     6.188       NaN       NaN
 121.0729167     3.000       NaN       NaN    -0.003     3.626     5.076     5.601    21.331     0.698     5.555       NaN       NaN
 121.0729167     2.500       NaN       NaN    -0.002     3.354     4.695     5.233    20.525     0.688     5.053       NaN       NaN
 121.0729167     2.000       NaN       NaN    -0.001     3.153     4.415     4.960    19.883     0.682     4.670       NaN       NaN
 121.0729167     1.500       NaN       NaN    -0.001     3.012     4.216     4.766    19.396     0.677     4.394       NaN       NaN
 121.0729167     1.000       NaN       NaN    -0.001     2.919     4.086     4.639    19.054     0.672     4.213       NaN       NaN
 121.0729167     0.500       NaN       NaN    -0.001     0.000     0.000     0.000     0.000     0.000     0.000     0.000     0.000
 121.0937500    23.000       NaN       NaN    -0.282     0.000     0.000     0.000     0.000     0.000     0.000     0.000     0.000
 121.0937500    22.500       NaN       NaN    -0.282     0.000     0.000     0.000     0.000     0.000     0.000     0.000     0.000
 121.0937500    22.000       NaN       NaN    -0.282     0.000     0.000     0.000     0.000     0.000     0.000     0.000     0.000
 121.0937500    21.500       NaN       NaN    -0.282     0.000     0.000     0.000     0.000     0.000     0.000     0.000     0.000
 121.0937500    21.000       NaN       NaN    -0.282     0.000     0.000     0.000     0.000     0.000     0.000     0.000     0.000
 121.0937500    20.500       NaN       NaN    -0.282     0.000     0.000     0.000     0.000     0.000     0.000     0.000     0.000
 121.0937500    20.000       NaN       NaN    -0.282     0.000     0.000     0.000     0.000     0.000     0.000     0.000     0.000
 121.0937500    19.500       NaN       NaN    -0.282     0.000     0.000     0.000     0.000     0.000     0.000     0.000     0.000
 121.0937500    19.000       NaN       NaN    -0.282     0.000     0.000     0.000     0.000     0.000     0.000     0.000     0.000
 121.0937500    18.500       NaN       NaN    -0.282     0.000     0.000     0.000     0.000     0.000     0.000     0.000     0.000
 121.0937500    18.000       NaN       NaN    -0.282     0.000     0.000     0.000     0.000     0.000     0.000     0.000     0.000
 121.0937500    17.500       NaN       NaN    -0.282     0.000     0.000     0.000     0.000     0.000     0.000     0.000     0.000
 121.0937500    17.000       NaN       NaN    -0.282     0.000     0.000     0.000     0.000     0.000     0.000     0.000     0.000
 121.0937500    16.500       NaN       NaN    -0.282     0.000     0.000     0.000     0.000     0.000     0.000     0.000     0.000
 121.0937500    16.000       NaN       NaN    -0.282     0.000     0.000     0.000     0.000     0.000     0.000     0.000     0.000
 121.0937500    15.500       NaN       NaN    -0.282     0.000     0.000     0.000     0.000     0.000     0.000     0.000     0.000
 121.0937500    15.000       NaN       NaN    -0.282     0.000     0.000     0.000     0.000     0.000     0.000     0.000     0.000
 121.0937500    14.500       NaN       NaN    -0.282     0.000     0.000     0.000     0.000     0.000     0.000     0.000     0.000
 121.0937500    14.000       NaN       NaN    -0.282     0.000     0.000     0.000     0.000     0.000     0.000     0.000     0.000
 121.0937500    13.500       NaN       NaN    -0.282     0.000     0.000     0.000     0.000     0.000     0.000     0.000     0.000
 121.0937500    13.000       NaN       NaN    -0.282     0.000     0.000     0.000     0.000     0.000     0.000     0.000     0.000
 121.0937500    12.500       NaN       NaN    -0.282     0.000     0.000     0.000     0.000     0.000     0.000     0.000     0.000
 121.0937500    12.000       NaN       NaN    -0.282     0.000     0.000     0.000     0.000     0.000     0.000     0.000     0.000
 121.0937500    11.500       NaN       NaN    -0.282     0.000     0.000     0.000     0.000     0.000     0.000     0.000     0.000
 121.0937500    11.000       NaN       NaN    -0.282     0.000     0.000     0.000     0.000     0.000     0.000     0.000     0.000
 121.0937500    10.500       NaN       NaN    -0.282     0.000     0.000     0.000     0.000     0.000     0.000     0.000     0.000
 121.0937500    10.000       NaN       NaN    -0.282    16.675    24.529    29.857    22.002     1.816    16.532       NaN       NaN
 121.0937500     9.500       NaN       NaN    -0.205    14.015    20.617    26.068    22.448     1.582    15.144       NaN       NaN
 121.0937500     9.000       NaN       NaN    -0.149    11.066    16.278    21.668    22.484     1.314    13.424       NaN       NaN
 121.0937500     8.500       NaN       NaN    -0.108     8.575    12.615    17.743    21.980     1.079    11.756       NaN       NaN
 121.0937500     8.000       NaN       NaN    -0.078     6.616     9.732    14.474    21.071     0.888    10.234       NaN       NaN
 121.0937500     7.500       NaN       NaN    -0.057     5.122     7.535    11.835    19.917     0.738     8.881       NaN       NaN
 121.0937500     7.000       NaN       NaN    -0.041     4.000     5.885     9.741    18.655     0.622     7.696       NaN       NaN
 121.0937500     6.500       NaN       NaN    -0.030     3.163     4.652     8.094    17.383     0.535     6.668       NaN       NaN
 121.0937500     6.000       NaN       NaN    -0.022     2.538     3.733     6.804    16.163     0.470     5.781       NaN       NaN
 121.0937500     5.500       NaN       NaN    -0.016     2.071     3.046     5.794    15.033     0.422     5.020       NaN       NaN
 121.0937500     5.000       NaN       NaN    -0.011     1.720     2.531     5.005    14.015     0.387     4.370       NaN       NaN
 121.0937500     4.500       NaN       NaN    -0.008     1.457     2.143     4.388    13.115     0.362     3.820       NaN       NaN
 121.0937500     4.000       NaN       NaN    -0.006     1.257     1.850     3.907    12.334     0.345     3.357       NaN       NaN
 121.0937500     3.500       NaN       NaN    -0.004     1.107     1.629     3.533    11.669     0.333     2.974       NaN       NaN
 121.0937500     3.000       NaN       NaN    -0.003     0.994     1.462     3.245    11.114     0.324     2.663       NaN       NaN
 121.0937500     2.500       NaN       NaN    -0.002     0.910     1.338     3.026    10.661     0.318     2.416       NaN       NaN
 121.0937500     2.000       NaN       NaN    -0.002     0.848     1.247     2.864    10.303     0.314     2.227       NaN       NaN
 121.0937500     1.500       NaN       NaN    -0.001     0.805     1.184     2.749    10.034     0.310     2.092       NaN       NaN
 121.0937500     1.000       NaN       NaN    -0.001     0.777     1.143     2.673     9.846     0.307     2.002       NaN       NaN
 121.0937500     0.500       NaN       NaN    -0.001     0.000     0.000     0.000     0.000     0.000     0.000     0.000     0.000
 121.1145833    23.000       NaN       NaN    -0.226     0.000     0.000     0.000     0.000     0.000     0.000     0.000     0.000
 121.1145833    22.500       NaN       NaN    -0.226     0.000     0.000     0.000     0.000     0.000     0.000     0.000     0.000
 121.1145833    22.000       NaN       NaN    -0.226     0.000     0.000     0.000     0.000     0.000     0.000     0.000     0.000
 121.1145833    21.500       NaN       NaN    -0.226     0.000     0.000     0.000     0.000     0.000     0.000     0.000     0.000
 121.1145833    21.000       NaN       NaN    -0.226     0.000     0.000     0.000     0.000     0.000     0.000     0.000     0.000
 121.1145833    20.500       NaN       NaN    -0.226     0.000     0.000     0.000     0.000     0.000     0.000     0.000     0.000
 121.1145833    20.000       NaN       NaN    -0.226     0.000     0.000     0.000     0.000     0.000     0.000     0.000     0.000
 121.1145833    19.500       NaN       NaN    -0.226     0.000     0.000     0.000     0.000     0.000     0.000     0.000     0.000
 121.1145833    19.000       NaN       NaN    -0.226     0.000     0.000     0.000     0.000     0.000     0.000     0.000     0.000
 121.1145833    18.500       NaN       NaN    -0.226     0.000     0.000     0.000     0.000     0.000     0.000     0.000     0.000
 121.1145833    18.000       NaN       NaN    -0.226     0.000     0.000     0.000     0.000     0.000     0.000     0.000     0.000
 121.1145833    17.500       NaN       NaN    -0.226     0.000     0.000     0.000     0.000     0.000     0.000     0.000     0.000
 121.1145833    17.000       NaN       NaN    -0.226     0.000     0.000     0.000     0.000     0.000     0.000     0.000     0.000
 121.1145833    16.500       NaN       NaN    -0.226     0.000     0.000     0.000     0.000     0.000     0.000     0.000     0.000
 121.1145833    16.000       NaN       NaN    -0.226     0.000     0.000     0.000     0.000     0.000     0.000     0.000     0.000
 121.1145833    15.500       NaN       NaN    -0.226     0.000     0.000     0.000     0.000     0.000     0.000     0.000     0.000
 121.1145833    15.000       NaN       NaN    -0.226     0.000     0.000     0.000     0.000     0.000     0.000     0.000     0.000
 121.1145833    14.500       NaN       NaN    -0.226     0.000     0.000     0.000     0.000     0.000     0.000     0.000     0.000
 121.1145833    14.000       NaN       NaN    -0.226     0.000     0.000     0.000     0.000     0.000     0.000     0.000     0.000
 121.1145833    13.500       NaN       NaN    -0.226     0.000     0.000     0.000     0.000     0.000     0.000     0.000     0.000
 121.1145833    13.000       NaN       NaN    -0.226     0.000     0.000     0.000     0.000     0.000     0.000     0.000     0.000
 121.1145833    12.500       NaN       NaN    -0.226     0.000     0.000     0.000     0.000     0.000     0.000     0.000     0.000
 121.1145833    12.000       NaN       NaN    -0.226     0.000     0.000     0.000     0.000     0.000     0.000     0.000     0.000
 121.1145833    11.500       NaN       NaN    -0.226     0.000     0.000     0.000     0.000     0.000     0.000     0.000     0.000
 121.1145833    11.000       NaN       NaN    -0.226     0.000     0.000     0.000     0.000     0.000     0.000     0.000     0.000
 121.1145833    10.500       NaN       NaN    -0.226     0.000     0.000     0.000     0.000     0.000     0.000     0.000     0.000
 121.1145833    10.000       NaN       NaN    -0.226     3.271     5.063     9.060     7.268     0.505     4.568       NaN       NaN
 121.1145833     9.500       NaN       NaN    -0.164     2.563     3.968     7.904     7.287     0.433     4.105       NaN       NaN
 121.1145833     9.000       NaN       NaN    -0.119     1.840     2.848     6.560     7.127     0.353     3.561       NaN       NaN
 121.1145833     8.500       NaN       NaN    -0.087     1.287     1.992     5.359     6.797     0.285     3.062       NaN       NaN
 121.1145833     8.000       NaN       NaN    -0.063     0.894     1.384     4.360     6.364     0.231     2.627       NaN       NaN
 121.1145833     7.500       NaN       NaN    -0.046     0.624     0.966     3.554     5.887     0.189     2.255       NaN       NaN
 121.1145833     7.000       NaN       NaN    -0.033     0.441     0.683     2.916     5.410     0.158     1.938       NaN       NaN
 121.1145833     6.500       NaN       NaN    -0.024     0.317     0.491     2.415     4.959     0.135     1.669       NaN       NaN
 121.1145833     6.000       NaN       NaN    -0.017     0.233     0.361     2.024     4.547     0.117     1.441       NaN       NaN
 121.1145833     5.500       NaN       NaN    -0.013     0.175     0.271     1.718     4.179     0.105     1.247       NaN       NaN
 121.1145833     5.000       NaN       NaN    -0.009     0.135     0.209     1.480     3.858     0.096     1.083       NaN       NaN
 121.1145833     4.500       NaN       NaN    -0.007     0.107     0.166     1.294     3.581     0.089     0.944       NaN       NaN
 121.1145833     4.000       NaN       NaN    -0.005     0.087     0.135     1.150     3.345     0.084     0.829       NaN       NaN
 121.1145833     3.500       NaN       NaN    -0.004     0.073     0.113     1.038     3.148     0.081     0.733       NaN       NaN
 121.1145833     3.000       NaN       NaN    -0.003     0.063     0.097     0.951     2.985     0.078     0.655       NaN       NaN
 121.1145833     2.500       NaN       NaN    -0.002     0.055     0.086     0.886     2.854     0.077     0.594       NaN       NaN
 121.1145833     2.000       NaN       NaN    -0.001     0.050     0.078     0.837     2.752     0.075     0.547       NaN       NaN
 121.1145833     1.500       NaN       NaN    -0.001     0.047     0.072     0.803     2.675     0.074     0.513       NaN       NaN
 121.1145833     1.000       NaN       NaN    -0.001     0.044     0.069     0.780     2.622     0.074     0.490       NaN       NaN
 121.1145833     0.500       NaN       NaN    -0.001     0.000     0.000     0.000     0.000     0.000     0.000     0.000     0.000
 121.1354167    23.000       NaN       NaN    -0.208     0.000     0.000     0.000     0.000     0.000     0.000     0.000     0.000
 121.1354167    22.500       NaN       NaN    -0.208     0.000     0.000     0.000     0.000     0.000     0.000     0.000     0.000
 121.1354167    22.000       NaN       NaN    -0.208     0.000     0.000     0.000     0.000     0.000     0.000     0.000     0.000
 121.1354167    21.500       NaN       NaN    -0.208     0.000     0.000     0.000     0.000     0.000     0.000     0.000     0.000
 121.1354167    21.000       NaN       NaN    -0.208     0.000     0.000     0.000     0.000     0.000     0.000     0.000     0.000
 121.1354167    20.500       NaN       NaN    -0.208     0.000     0.000     0.000     0.000     0.000     0.000     0.000     0.000
 121.1354167    20.000       NaN       NaN    -0.208     0.000     0.000     0.000     0.000     0.000     0.000     0.000     0.000
 121.1354167    19.500       NaN       NaN    -0.208     0.000     0.000     0.000     0.000     0.000     0.000     0.000     0.000
 121.1354167    19.000       NaN       NaN    -0.208     0.000     0.000     0.000     0.000     0.000     0.000     0.000     0.000
 121.1354167    18.500       NaN       NaN    -0.208     0.000     0.000     0.000     0.000     0.000     0.000     0.000     0.000
 121.1354167    18.000       NaN       NaN    -0.208     0.000     0.000     0.000     0.000     0.000     0.000     0.000     0.000
 121.1354167    17.500       NaN       NaN    -0.208     0.000     0.000     0.000     0.000     0.000     0.000     0.000     0.000
 121.1354167    17.000       NaN       NaN    -0.208     0.000     0.000     0.000     0.000     0.000     0.000     0.000     0.000
 121.1354167    16.500       NaN       NaN    -0.208     0.000     0.000     0.000     0.000     0.000     0.000     0.000     0.000
 121.1354167    16.000       NaN       NaN    -0.208     0.000     0.000     0.000     0.000     0.000     0.000     0.000     0.000
 121.1354167    15.500       NaN       NaN    -0.208     0.000     0.000     0.000     0.000     0.000     0.000     0.000     0.000
 121.1354167    15.000       NaN       NaN    -0.208     0.000     0.000     0.000     0.000     0.000     0.000     0.000     0.000
 121.1354167    14.500       NaN       NaN    -0.208     0.000     0.000     0.000     0.000     0.000     0.000     0.000     0.000
 121.1354167    14.000       NaN       NaN    -0.208     0.000     0.000     0.000     0.000     0.000     0.000     0.000     0.000
 121.1354167    13.500       NaN       NaN    -0.208     0.000     0.000     0.000     0.000     0.000     0.000     0.000     0.000
 121.1354167    13.000       NaN       NaN    -0.208     0.000     0.000     0.000     0.000     0.000     0.000     0.000     0.000
 121.1354167    12.500       NaN       NaN    -0.208     0.000     0.000     0.000     0.000     0.000     0.000     0.000     0.000
 121.1354167    12.000       NaN       NaN    -0.208     0.000     0.000     0.000     0.000     0.000     0.000     0.000     0.000
 121.1354167    11.500       NaN       NaN    -0.208     0.000     0.000     0.000     0.000     0.000     0.000     0.000     0.000
 121.1354167    11.000       NaN       NaN    -0.208     0.000     0.000     0.000     0.000     0.000     0.000     0.000     0.000
 121.1354167    10.500       NaN       NaN    -0.208     0.000     0.000     0.000     0.000     0.000     0.000     0.000     0.000
 121.1354167    10.000       NaN       NaN    -0.208     0.233     0.377     0.878     0.734     0.049     0.446       NaN       NaN
 121.1354167     9.500       NaN       NaN    -0.151     0.070     0.113     0.771     0.789     0.036     0.332       NaN       NaN
 121.1354167     9.000       NaN       NaN    -0.110     0.014     0.022     0.639     0.751     0.028     0.270       NaN       NaN
 121.1354167     8.500       NaN       NaN    -0.080     0.002     0.004     0.520     0.681     0.023     0.233       NaN       NaN
 121.1354167     8.000       NaN       NaN    -0.058     0.000     0.001     0.421     0.611     0.019     0.203       NaN       NaN
 121.1354167     7.500       NaN       NaN    -0.042     0.000     0.000     0.341     0.547     0.016     0.177       NaN       NaN
 121.1354167     7.000       NaN       NaN    -0.031     0.000     0.000     0.279     0.490     0.013     0.154       NaN       NaN
 121.1354167     6.500       NaN       NaN    -0.022     0.000     0.000     0.230     0.442     0.012     0.134       NaN       NaN
 121.1354167     6.000       NaN       NaN    -0.016     0.000     0.000     0.193     0.400     0.010     0.116       NaN       NaN
 121.1354167     5.500       NaN       NaN    -0.012     0.000     0.000     0.163     0.364     0.009     0.101       NaN       NaN
 121.1354167     5.000       NaN       NaN    -0.008     0.000     0.000     0.140     0.333     0.008     0.088       NaN       NaN
 121.1354167     4.500       NaN       NaN    -0.006     0.000     0.000     0.123     0.308     0.008     0.077       NaN       NaN
 121.1354167     4.000       NaN       NaN    -0.004     0.000     0.000     0.109     0.286     0.007     0.068       NaN       NaN
 121.1354167     3.500       NaN       NaN    -0.003     0.000     0.000     0.098     0.269     0.007     0.060       NaN       NaN
 121.1354167     3.000       NaN       NaN    -0.002     0.000     0.000     0.090     0.254     0.007     0.054       NaN       NaN
 121.1354167     2.500       NaN       NaN    -0.002     0.000     0.000     0.084     0.243     0.007     0.049       NaN       NaN
 121.1354167     2.000       NaN       NaN    -0.001     0.000     0.000     0.079     0.234     0.007     0.045       NaN       NaN
 121.1354167     1.500       NaN       NaN    -0.001     0.000     0.000     0.076     0.227     0.007     0.042       NaN       NaN
 121.1354167     1.000       NaN       NaN    -0.001     0.000     0.000     0.074     0.222     0.007     0.041       NaN       NaN
 121.1354167     0.500       NaN       NaN    -0.000     0.000     0.000     0.000     0.000     0.000     0.000     0.000     0.000
 121.1562500    23.000       NaN       NaN    -0.212     0.000     0.000     0.000     0.000     0.000     0.000     0.000     0.000
 121.1562500    22.500       NaN       NaN    -0.212     0.000     0.000     0.000     0.000     0.000     0.000     0.000     0.000
 121.1562500    22.000       NaN       NaN    -0.212     0.000     0.000     0.000     0.000     0.000     0.000     0.000     0.000
 121.1562500    21.500       NaN       NaN    -0.212     0.000     0.000     0.000     0.000     0.000     0.000     0.000     0.000
 121.1562500    21.000       NaN       NaN    -0.212     0.000     0.000     0.000     0.000     0.000     0.000     0.000     0.000
 121.1562500    20.500       NaN       NaN    -0.212     0.000     0.000     0.000     0.000     0.000     0.000     0.000     0.000
 121.1562500    20.000       NaN       NaN    -0.212     0.000     0.000     0.000     0.000     0.000     0.000     0.000     0.000
 121.1562500    19.500       NaN       NaN    -0.212     0.000     0.000     0.000     0.000     0.000     0.000     0.000     0.000
 121.1562500    19.000       NaN       NaN    -0.212     0.000     0.000     0.000     0.000     0.000     0.000     0.000     0.000
 121.1562500    18.500       NaN       NaN    -0.212     0.000     0.000     0.000     0.000     0.000     0.000     0.000     0.000
 121.1562500    18.000       NaN       NaN    -0.212     0.000     0.000     0.000     0.000     0.000     0.000     0.000     0.000
 121.1562500    17.500       NaN       NaN    -0.212     0.000     0.000     0.000     0.000     0.000     0.000     0.000     0.000
 121.1562500    17.000       NaN       NaN    -0.212     0.000     0.000     0.000     0.000     0.000     0.000     0.000     0.000
 121.1562500    16.500       NaN       NaN    -0.212     0.000     0.000     0.000     0.000     0.000     0.000     0.000     0.000
 121.1562500    16.000       NaN       NaN    -0.212     0.000     0.000     0.000     0.000     0.000     0.000     0.000     0.000
 121.1562500    15.500       NaN       NaN    -0.212     0.000     0.000     0.000     0.000     0.000     0.000     0.000     0.000
 121.1562500    15.000       NaN       NaN    -0.212     0.000     0.000     0.000     0.000     0.000     0.000     0.000     0.000
 121.1562500    14.500       NaN       NaN    -0.212     0.000     0.000     0.000     0.000     0.000     0.000     0.000     0.000
 121.1562500    14.000       NaN       NaN    -0.212     0.000     0.000     0.000     0.000     0.000     0.000     0.000     0.000
 121.1562500    13.500       NaN       NaN    -0.212     0.000     0.000     0.000     0.000     0.000     0.000     0.000     0.000
 121.1562500    13.000       NaN       NaN    -0.212     0.000     0.000     0.000     0.000     0.000     0.000     0.000     0.000
 121.1562500    12.500       NaN       NaN    -0.212     0.000     0.000     0.000     0.000     0.000     0.000     0.000     0.000
 121.1562500    12.000       NaN       NaN    -0.212     0.000     0.000     0.000     0.000     0.000     0.000     0.000     0.000
 121.1562500    11.500       NaN       NaN    -0.212     0.000     0.000     0.000     0.000     0.000     0.000     0.000     0.000
 121.1562500    11.000       NaN       NaN    -0.212     0.000     0.000     0.000     0.000     0.000     0.000     0.000     0.000
 121.1562500    10.500       NaN       NaN    -0.212     0.000     0.000     0.000     0.000     0.000     0.000     0.000     0.000
 121.1562500    10.000       NaN       NaN    -0.212     0.000     0.000     0.000     0.000     0.000     0.000       NaN       NaN
 121.1562500     9.500       NaN       NaN    -0.154     0.000     0.000     0.000     0.000     0.000     0.000       NaN       NaN
 121.1562500     9.000       NaN       NaN    -0.112     0.000     0.000     0.000     0.000     0.000     0.000       NaN       NaN
 121.1562500     8.500       NaN       NaN    -0.081     0.000     0.000     0.000     0.000     0.000     0.000       NaN       NaN
 121.1562500     8.000       NaN       NaN    -0.059     0.000     0.000     0.000     0.000     0.000     0.000       NaN       NaN
 121.1562500     7.500       NaN       NaN    -0.043     0.000     0.000     0.000     0.000     0.000     0.000       NaN       NaN
 121.1562500     7.000       NaN       NaN    -0.031     0.000     0.000     0.000     0.000     0.000     0.000       NaN       NaN
 121.1562500     6.500       NaN       NaN    -0.023     0.000     0.000     0.000     0.000     0.000     0.000       NaN       NaN
 121.1562500     6.000       NaN       NaN    -0.016     0.000     0.000     0.000     0.000     0.000     0.000       NaN       NaN
 121.1562500     5.500       NaN       NaN    -0.012     0.000     0.000     0.000     0.000     0.000     0.000       NaN       NaN
 121.1562500     5.000       NaN       NaN    -0.009     0.000     0.000     0.000     0.000     0.000     0.000       NaN       NaN
 121.1562500     4.500       NaN       NaN    -0.006     0.000     0.000     0.000     0.000     0.000     0.000       NaN       NaN
 121.1562500     4.000       NaN       NaN    -0.005     0.000     0.000     0.000     0.000     0.000     0.000       NaN       NaN
 121.1562500     3.500       NaN       NaN    -0.003     0.000     0.000     0.000     0.000     0.000     0.000       NaN       NaN
 121.1562500     3.000       NaN       NaN    -0.002     0.000     0.000     0.000     0.000     0.000     0.000       NaN       NaN
 121.1562500     2.500       NaN       NaN    -0.002     0.000     0.000     0.000     0.000     0.000     0.000       NaN       NaN
 121.1562500     2.000       NaN       NaN    -0.001     0.000     0.000     0.000     0.000     0.000     0.000       NaN       NaN
 121.1562500     1.500       NaN       NaN    -0.001     0.000     0.000     0.000     0.000     0.000     0.000       NaN       NaN
 121.1562500     1.000       NaN       NaN    -0.001     0.000     0.000     0.000     0.000     0.000     0.000       NaN       NaN
 121.1562500     0.500       NaN       NaN    -0.000     0.000     0.000     0.000     0.000     0.000     0.000     0.000     0.000
 121.1770833    23.000       NaN       NaN    -0.216     0.000     0.000     0.000     0.000     0.000     0.000     0.000     0.000
 121.1770833    22.500       NaN       NaN    -0.216     0.000     0.000     0.000     0.000     0.000     0.000     0.000     0.000
 121.1770833    22.000       NaN       NaN    -0.216     0.000     0.000     0.000     0.000     0.000     0.000     0.000     0.000
 121.1770833    21.500       NaN       NaN    -0.216     0.000     0.000     0.000     0.000     0.000     0.000     0.000     0.000
 121.1770833    21.000       NaN       NaN    -0.216     0.000     0.000     0.000     0.000     0.000     0.000     0.000     0.000
 121.1770833    20.500       NaN       NaN    -0.216     0.000     0.000     0.000     0.000     0.000     0.000     0.000     0.000
 121.1770833    20.000       NaN       NaN    -0.216     0.000     0.000     0.000     0.000     0.000     0.000     0.000     0.000
 121.1770833    19.500       NaN       NaN    -0.216     0.000     0.000     0.000     0.000     0.000     0.000     0.000     0.000
 121.1770833    19.000       NaN       NaN    -0.216     0.000     0.000     0.000     0.000     0.000     0.000     0.000     0.000
 121.1770833    18.500       NaN       NaN    -0.216     0.000     0.000     0.000     0.000     0.000     0.000     0.000     0.000
 121.1770833    18.000       NaN       NaN    -0.216     0.000     0.000     0.000     0.000     0.000     0.000     0.000     0.000
 121.1770833    17.500       NaN       NaN    -0.216     0.000     0.000     0.000     0.000     0.000     0.000     0.000     0.000
 121.1770833    17.000       NaN       NaN    -0.216     0.000     0.000     0.000     0.000     0.000     0.000     0.000     0.000
 121.1770833    16.500       NaN       NaN    -0.216     0.000     0.000     0.000     0.000     0.000     0.000     0.000     0.000
 121.1770833    16.000       NaN       NaN    -0.216     0.000     0.000     0.000     0.000     0.000     0.000     0.000     0.000
 121.1770833    15.500       NaN       NaN    -0.216     0.000     0.000     0.000     0.000     0.000     0.000     0.000     0.000
 121.1770833    15.000       NaN       NaN    -0.216     0.000     0.000     0.000     0.000     0.000     0.000     0.000     0.000
 121.1770833    14.500       NaN       NaN    -0.216     0.000     0.000     0.000     0.000     0.000     0.000     0.000     0.000
 121.1770833    14.000       NaN       NaN    -0.216     0.000     0.000     0.000     0.000     0.000     0.000     0.000     0.000
 121.1770833    13.500       NaN       NaN    -0.216     0.000     0.000     0.000     0.000     0.000     0.000     0.000     0.000
 121.1770833    13.000       NaN       NaN    -0.216     0.000     0.000     0.000     0.000     0.000     0.000     0.000     0.000
 121.1770833    12.500       NaN       NaN    -0.216     0.000     0.000     0.000     0.000     0.000     0.000     0.000     0.000
 121.1770833    12.000       NaN       NaN    -0.216     0.000     0.000     0.000     0.000     0.000     0.000     0.000     0.000
 121.1770833    11.500       NaN       NaN    -0.216     0.000     0.000     0.000     0.000     0.000     0.000     0.000     0.000
 121.1770833    11.000       NaN       NaN    -0.216     0.000     0.000     0.000     0.000     0.000     0.000     0.000     0.000
 121.1770833    10.500       NaN       NaN    -0.216     0.000     0.000     0.000     0.000     0.000     0.000     0.000     0.000
 121.1770833    10.000       NaN       NaN    -0.216     0.000     0.000     0.000     0.000     0.000     0.000       NaN       NaN
 121.1770833     9.500       NaN       NaN    -0.157     0.000     0.000     0.000     0.000     0.000     0.000       NaN       NaN
 121.1770833     9.000       NaN       NaN    -0.114     0.000     0.000     0.000     0.000     0.000     0.000       NaN       NaN
 121.1770833     8.500       NaN       NaN    -0.083     0.000     0.000     0.000     0.000     0.000     0.000       NaN       NaN
 121.1770833     8.000       NaN       NaN    -0.060     0.000     0.000     0.000     0.000     0.000     0.000       NaN       NaN
 121.1770833     7.500       NaN       NaN    -0.044     0.000     0.000     0.000     0.000     0.000     0.000       NaN       NaN
 121.1770833     7.000       NaN       NaN    -0.032     0.000     0.000     0.000     0.000     0.000     0.000       NaN       NaN
 121.1770833     6.500       NaN       NaN    -0.023     0.000     0.000     0.000     0.000     0.000     0.000       NaN       NaN
 121.1770833     6.000       NaN       NaN    -0.017     0.000     0.000     0.000     0.000     0.000     0.000       NaN       NaN
 121.1770833     5.500       NaN       NaN    -0.012     0.000     0.000     0.000     0.000     0.000     0.000       NaN       NaN
 121.1770833     5.000       NaN       NaN    -0.009     0.000     0.000     0.000     0.000     0.000     0.000       NaN       NaN
 121.1770833     4.500       NaN       NaN    -0.006     0.000     0.000     0.000     0.000     0.000     0.000       NaN       NaN
 121.1770833     4.000       NaN       NaN    -0.005     0.000     0.000     0.000     0.000     0.000     0.000       NaN       NaN
 121.1770833     3.500       NaN       NaN    -0.003     0.000     0.000     0.000     0.000     0.000     0.000       NaN       NaN
 121.1770833     3.000       NaN       NaN    -0.002     0.000     0.000     0.000     0.000     0.000     0.000       NaN       NaN
 121.1770833     2.500       NaN       NaN    -0.002     0.000     0.000     0.000     0.000     0.000     0.000       NaN       NaN
 121.1770833     2.000       NaN       NaN    -0.001     0.000     0.000     0.000     0.000     0.000     0.000       NaN       NaN
 121.1770833     1.500       NaN       NaN    -0.001     0.000     0.000     0.000     0.000     0.000     0.000       NaN       NaN
 121.1770833     1.000       NaN       NaN    -0.001     0.000     0.000     0.000     0.000     0.000     0.000       NaN       NaN
 121.1770833     0.500       NaN       NaN    -0.000     0.000     0.000     0.000     0.000     0.000     0.000     0.000     0.000
 121.1979167    23.000       NaN       NaN    -0.209     0.000     0.000     0.000     0.000     0.000     0.000     0.000     0.000
 121.1979167    22.500       NaN       NaN    -0.209     0.000     0.000     0.000     0.000     0.000     0.000     0.000     0.000
 121.1979167    22.000       NaN       NaN    -0.209     0.000     0.000     0.000     0.000     0.000     0.000     0.000     0.000
 121.1979167    21.500       NaN       NaN    -0.209     0.000     0.000     0.000     0.000     0.000     0.000     0.000     0.000
 121.1979167    21.000       NaN       NaN    -0.209     0.000     0.000     0.000     0.000     0.000     0.000     0.000     0.000
 121.1979167    20.500       NaN       NaN    -0.209     0.000     0.000     0.000     0.000     0.000     0.000     0.000     0.000
 121.1979167    20.000       NaN       NaN    -0.209     0.000     0.000     0.000     0.000     0.000     0.000     0.000     0.000
 121.1979167    19.500       NaN       NaN    -0.209     0.000     0.000     0.000     0.000     0.000     0.000     0.000     0.000
 121.1979167    19.000       NaN       NaN    -0.209     0.000     0.000     0.000     0.000     0.000     0.000     0.000     0.000
 121.1979167    18.500       NaN       NaN    -0.209     0.000     0.000     0.000     0.000     0.000     0.000     0.000     0.000
 121.1979167    18.000       NaN       NaN    -0.209     0.000     0.000     0.000     0.000     0.000     0.000     0.000     0.000
 121.1979167    17.500       NaN       NaN    -0.209     0.000     0.000     0.000     0.000     0.000     0.000     0.000     0.000
 121.1979167    17.000       NaN       NaN    -0.209     0.000     0.000     0.000     0.000     0.000     0.000     0.000     0.000
 121.1979167    16.500       NaN       NaN    -0.209     0.000     0.000     0.000     0.000     0.000     0.000     0.000     0.000
 121.1979167    16.000       NaN       NaN    -0.209     0.000     0.000     0.000     0.000     0.000     0.000     0.000     0.000
 121.1979167    15.500       NaN       NaN    -0.209     0.000     0.000     0.000     0.000     0.000     0.000     0.000     0.000
 121.1979167    15.000       NaN       NaN    -0.209     0.000     0.000     0.000     0.000     0.000     0.000     0.000     0.000
 121.1979167    14.500       NaN       NaN    -0.209     0.000     0.000     0.000     0.000     0.000     0.000     0.000     0.000
 121.1979167    14.000       NaN       NaN    -0.209     0.000     0.000     0.000     0.000     0.000     0.000     0.000     0.000
 121.1979167    13.500       NaN       NaN    -0.209     0.000     0.000     0.000     0.000     0.000     0.000     0.000     0.000
 121.1979167    13.000       NaN       NaN    -0.209     0.000     0.000     0.000     0.000     0.000     0.000     0.000     0.000
 121.1979167    12.500       NaN       NaN    -0.209     0.000     0.000     0.000     0.000     0.000     0.000     0.000     0.000
 121.1979167    12.000       NaN       NaN    -0.209     0.000     0.000     0.000     0.000     0.000     0.000     0.000     0.000
 121.1979167    11.500       NaN       NaN    -0.209     0.000     0.000     0.000     0.000     0.000     0.000     0.000     0.000
 121.1979167    11.000       NaN       NaN    -0.209     0.000     0.000     0.000     0.000     0.000     0.000     0.000     0.000
 121.1979167    10.500       NaN       NaN    -0.209     0.000     0.000     0.000     0.000     0.000     0.000     0.000     0.000
 121.1979167    10.000       NaN       NaN    -0.209     0.000     0.000     0.000     0.000     0.000     0.000       NaN       NaN
 121.1979167     9.500       NaN       NaN    -0.152     0.000     0.000     0.000     0.000     0.000     0.000       NaN       NaN
 121.1979167     9.000       NaN       NaN    -0.110     0.000     0.000     0.000     0.000     0.000     0.000       NaN       NaN
 121.1979167     8.500       NaN       NaN    -0.080     0.000     0.000     0.000     0.000     0.000     0.000       NaN       NaN
 121.1979167     8.000       NaN       NaN    -0.058     0.000     0.000     0.000     0.000     0.000     0.000       NaN       NaN
 121.1979167     7.500       NaN       NaN    -0.042     0.000     0.000     0.000     0.000     0.000     0.000       NaN       NaN
 121.1979167     7.000       NaN       NaN    -0.031     0.000     0.000     0.000     0.000     0.000     0.000       NaN       NaN
 121.1979167     6.500       NaN       NaN    -0.022     0.000     0.000     0.000     0.000     0.000     0.000       NaN       NaN
 121.1979167     6.000       NaN       NaN    -0.016     0.000     0.000     0.000     0.000     0.000     0.000       NaN       NaN
 121.1979167     5.500       NaN       NaN    -0.012     0.000     0.000     0.000     0.000     0.000     0.000       NaN       NaN
 121.1979167     5.000       NaN       NaN    -0.009     0.000     0.000     0.000     0.000     0.000     0.000       NaN       NaN
 121.1979167     4.500       NaN       NaN    -0.006     0.000     0.000     0.000     0.000     0.000     0.000       NaN       NaN
 121.1979167     4.000       NaN       NaN    -0.004     0.000     0.000     0.000     0.000     0.000     0.000       NaN       NaN
 121.1979167     3.500       NaN       NaN    -0.003     0.000     0.000     0.000     0.000     0.000     0.000       NaN       NaN
 121.1979167     3.000       NaN       NaN    -0.002     0.000     0.000     0.000     0.000     0.000     0.000       NaN       NaN
 121.1979167     2.500       NaN       NaN    -0.002     0.000     0.000     0.000     0.000     0.000     0.000       NaN       NaN
 121.1979167     2.000       NaN       NaN    -0.001     0.000     0.000     0.000     0.000     0.000     0.000       NaN       NaN
 121.1979167     1.500       NaN       NaN    -0.001     0.000     0.000     0.000     0.000     0.000     0.000       NaN       NaN
 121.1979167     1.000       NaN       NaN    -0.001     0.000     0.000     0.000     0.000     0.000     0.000       NaN       NaN
 121.1979167     0.500       NaN       NaN    -0.000     0.000     0.000     0.000     0.000     0.000     0.000     0.000     0.000
 121.2187500    23.000       NaN       NaN    -0.145     0.000     0.000     0.000     0.000     0.000     0.000     0.000     0.000
 121.2187500    22.500       NaN       NaN    -0.145     0.000     0.000     0.000     0.000     0.000     0.000     0.000     0.000
 121.2187500    22.000       NaN       NaN    -0.145     0.000     0.000     0.000     0.000     0.000     0.000     0.000     0.000
 121.2187500    21.500       NaN       NaN    -0.145     0.000     0.000     0.000     0.000     0.000     0.000     0.000     0.000
 121.2187500    21.000       NaN       NaN    -0.145     0.000     0.000     0.000     0.000     0.000     0.000     0.000     0.000
 121.2187500    20.500       NaN       NaN    -0.145     0.000     0.000     0.000     0.000     0.000     0.000     0.000     0.000
 121.2187500    20.000       NaN       NaN    -0.145     0.000     0.000     0.000     0.000     0.000     0.000     0.000     0.000
 121.2187500    19.500       NaN       NaN    -0.145     0.000     0.000     0.000     0.000     0.000     0.000     0.000     0.000
 121.2187500    19.000       NaN       NaN    -0.145     0.000     0.000     0.000     0.000     0.000     0.000     0.000     0.000
 121.2187500    18.500       NaN       NaN    -0.145     0.000     0.000     0.000     0.000     0.000     0.000     0.000     0.000
 121.2187500    18.000       NaN       NaN    -0.145     0.000     0.000     0.000     0.000     0.000     0.000     0.000     0.000
 121.2187500    17.500       NaN       NaN    -0.145     0.000     0.000     0.000     0.000     0.000     0.000     0.000     0.000
 121.2187500    17.000       NaN       NaN    -0.145     0.000     0.000     0.000     0.000     0.000     0.000     0.000     0.000
 121.2187500    16.500       NaN       NaN    -0.145     0.000     0.000     0.000     0.000     0.000     0.000     0.000     0.000
 121.2187500    16.000       NaN       NaN    -0.145     0.000     0.000     0.000     0.000     0.000     0.000     0.000     0.000
 121.2187500    15.500       NaN       NaN    -0.145     0.000     0.000     0.000     0.000     0.000     0.000     0.000     0.000
 121.2187500    15.000       NaN       NaN    -0.145     0.000     0.000     0.000     0.000     0.000     0.000     0.000     0.000
 121.2187500    14.500       NaN       NaN    -0.145     0.000     0.000     0.000     0.000     0.000     0.000     0.000     0.000
 121.2187500    14.000       NaN       NaN    -0.145     0.000     0.000     0.000     0.000     0.000     0.000     0.000     0.000
 121.2187500    13.500       NaN       NaN    -0.145     0.000     0.000     0.000     0.000     0.000     0.000     0.000     0.000
 121.2187500    13.000       NaN       NaN    -0.145     0.000     0.000     0.000     0.000     0.000     0.000     0.000     0.000
 121.2187500    12.500       NaN       NaN    -0.145     0.000     0.000     0.000     0.000     0.000     0.000     0.000     0.000
 121.2187500    12.000       NaN       NaN    -0.145     0.000     0.000     0.000     0.000     0.000     0.000     0.000     0.000
 121.2187500    11.500       NaN       NaN    -0.145     0.000     0.000     0.000     0.000     0.000     0.000     0.000     0.000
 121.2187500    11.000       NaN       NaN    -0.145     0.000     0.000     0.000     0.000     0.000     0.000     0.000     0.000
 121.2187500    10.500       NaN       NaN    -0.145     0.000     0.000     0.000     0.000     0.000     0.000     0.000     0.000
 121.2187500    10.000       NaN       NaN    -0.145     0.000     0.000     0.000     0.000     0.000     0.000       NaN       NaN
 121.2187500     9.500       NaN       NaN    -0.105     0.000     0.000     0.000     0.000     0.000     0.000       NaN       NaN
 121.2187500     9.000       NaN       NaN    -0.076     0.000     0.000     0.000     0.000     0.000     0.000       NaN       NaN
 121.2187500     8.500       NaN       NaN    -0.055     0.000     0.000     0.000     0.000     0.000     0.000       NaN       NaN
 121.2187500     8.000       NaN       NaN    -0.040     0.000     0.000     0.000     0.000     0.000     0.000       NaN       NaN
 121.2187500     7.500       NaN       NaN    -0.029     0.000     0.000     0.000     0.000     0.000     0.000       NaN       NaN
 121.2187500     7.000       NaN       NaN    -0.021     0.000     0.000     0.000     0.000     0.000     0.000       NaN       NaN
 121.2187500     6.500       NaN       NaN    -0.015     0.000     0.000     0.000     0.000     0.000     0.000       NaN       NaN
 121.2187500     6.000       NaN       NaN    -0.011     0.000     0.000     0.000     0.000     0.000     0.000       NaN       NaN
 121.2187500     5.500       NaN       NaN    -0.008     0.000     0.000     0.000     0.000     0.000     0.000       NaN       NaN
 121.2187500     5.000       NaN       NaN    -0.006     0.000     0.000     0.000     0.000     0.000     0.000       NaN       NaN
 121.2187500     4.500       NaN       NaN    -0.004     0.000     0.000     0.000     0.000     0.000     0.000       NaN       NaN
 121.2187500     4.000       NaN       NaN    -0.003     0.000     0.000     0.000     0.000     0.000     0.000       NaN       NaN
 121.2187500     3.500       NaN       NaN    -0.002     0.000     0.000     0.000     0.000     0.000     0.000       NaN       NaN
 121.2187500     3.000       NaN       NaN    -0.002     0.000     0.000     0.000     0.000     0.000     0.000       NaN       NaN
 121.2187500     2.500       NaN       NaN    -0.001     0.000     0.000     0.000     0.000     0.000     0.000       NaN       NaN
 121.2187500     2.000       NaN       NaN    -0.001     0.000     0.000     0.000     0.000     0.000     0.000       NaN       NaN
 121.2187500     1.500       NaN       NaN    -0.001     0.000     0.000     0.000     0.000     0.000     0.000       NaN       NaN
 121.2187500     1.000       NaN       NaN    -0.000     0.000     0.000     0.000     0.000     0.000     0.000       NaN       NaN
 121.2187500     0.500       NaN       NaN    -0.000     0.000     0.000     0.000     0.000     0.000     0.000     0.000     0.000
 121.2395833    23.000       NaN       NaN    -0.208     0.000     0.000     0.000     0.000     0.000     0.000     0.000     0.000
 121.2395833    22.500       NaN       NaN    -0.208     0.000     0.000     0.000     0.000     0.000     0.000     0.000     0.000
 121.2395833    22.000       NaN       NaN    -0.208     0.000     0.000     0.000     0.000     0.000     0.000     0.000     0.000
 121.2395833    21.500       NaN       NaN    -0.208     0.000     0.000     0.000     0.000     0.000     0.000     0.000     0.000
 121.2395833    21.000       NaN       NaN    -0.208     0.000     0.000     0.000     0.000     0.000     0.000     0.000     0.000
 121.2395833    20.500       NaN       NaN    -0.208     0.000     0.000     0.000     0.000     0.000     0.000     0.000     0.000
 121.2395833    20.000       NaN       NaN    -0.208     0.000     0.000     0.000     0.000     0.000     0.000     0.000     0.000
 121.2395833    19.500       NaN       NaN    -0.208     0.000     0.000     0.000     0.000     0.000     0.000     0.000     0.000
 121.2395833    19.000       NaN       NaN    -0.208     0.000     0.000     0.000     0.000     0.000     0.000     0.000     0.000
 121.2395833    18.500       NaN       NaN    -0.208     0.000     0.000     0.000     0.000     0.000     0.000     0.000     0.000
 121.2395833    18.000       NaN       NaN    -0.208     0.000     0.000     0.000     0.000     0.000     0.000     0.000     0.000
 121.2395833    17.500       NaN       NaN    -0.208     0.000     0.000     0.000     0.000     0.000     0.000     0.000     0.000
 121.2395833    17.000       NaN       NaN    -0.208     0.000     0.000     0.000     0.000     0.000     0.000     0.000     0.000
 121.2395833    16.500       NaN       NaN    -0.208     0.000     0.000     0.000     0.000     0.000     0.000     0.000     0.000
 121.2395833    16.000       NaN       NaN    -0.208     0.000     0.000     0.000     0.000     0.000     0.000     0.000     0.000
 121.2395833    15.500       NaN       NaN    -0.208     0.000     0.000     0.000     0.000     0.000     0.000     0.000     0.000
 121.2395833    15.000       NaN       NaN    -0.208     0.000     0.000     0.000     0.000     0.000     0.000     0.000     0.000
 121.2395833    14.500       NaN       NaN    -0.208     0.000     0.000     0.000     0.000     0.000     0.000     0.000     0.000
 121.2395833    14.000       NaN       NaN    -0.208     0.000     0.000     0.000     0.000     0.000     0.000     0.000     0.000
 121.2395833    13.500       NaN       NaN    -0.208     0.000     0.000     0.000     0.000     0.000     0.000     0.000     0.000
 121.2395833    13.000       NaN       NaN    -0.208     0.000     0.000     0.000     0.000     0.000     0.000     0.000     0.000
 121.2395833    12.500       NaN       NaN    -0.208     0.000     0.000     0.000     0.000     0.000     0.000     0.000     0.000
 121.2395833    12.000       NaN       NaN    -0.208     0.000     0.000     0.000     0.000     0.000     0.000     0.000     0.000
 121.2395833    11.500       NaN       NaN    -0.208     0.000     0.000     0.000     0.000     0.000     0.000     0.000     0.000
 121.2395833    11.000       NaN       NaN    -0.208     0.000     0.000     0.000     0.000     0.000     0.000     0.000     0.000
 121.2395833    10.500       NaN       NaN    -0.208     0.000     0.000     0.000     0.000     0.000     0.000     0.000     0.000
 121.2395833    10.000       NaN       NaN    -0.208     0.000     0.000     0.000     0.000     0.000     0.000       NaN       NaN
 121.2395833     9.500       NaN       NaN    -0.151     0.000     0.000     0.000     0.000     0.000     0.000       NaN       NaN
 121.2395833     9.000       NaN       NaN    -0.110     0.000     0.000     0.000     0.000     0.000     0.000       NaN       NaN
 121.2395833     8.500       NaN       NaN    -0.080     0.000     0.000     0.000     0.000     0.000     0.000       NaN       NaN
 121.2395833     8.000       NaN       NaN    -0.058     0.000     0.000     0.000     0.000     0.000     0.000       NaN       NaN
 121.2395833     7.500       NaN       NaN    -0.042     0.000     0.000     0.000     0.000     0.000     0.000       NaN       NaN
 121.2395833     7.000       NaN       NaN    -0.031     0.000     0.000     0.000     0.000     0.000     0.000       NaN       NaN
 121.2395833     6.500       NaN       NaN    -0.022     0.000     0.000     0.000     0.000     0.000     0.000       NaN       NaN
 121.2395833     6.000       NaN       NaN    -0.016     0.000     0.000     0.000     0.000     0.000     0.000       NaN       NaN
 121.2395833     5.500       NaN       NaN    -0.012     0.000     0.000     0.000     0.000     0.000     0.000       NaN       NaN
 121.2395833     5.000       NaN       NaN    -0.008     0.000     0.000     0.000     0.000     0.000     0.000       NaN       NaN
 121.2395833     4.500       NaN       NaN    -0.006     0.000     0.000     0.000     0.000     0.000     0.000       NaN       NaN
 121.2395833     4.000       NaN       NaN    -0.004     0.000     0.000     0.000     0.000     0.000     0.000       NaN       NaN
 121.2395833     3.500       NaN       NaN    -0.003     0.000     0.000     0.000     0.000     0.000     0.000       NaN       NaN
 121.2395833     3.000       NaN       NaN    -0.002     0.000     0.000     0.000     0.000     0.000     0.000       NaN       NaN
 121.2395833     2.500       NaN       NaN    -0.002     0.000     0.000     0.000     0.000     0.000     0.000       NaN       NaN
 121.2395833     2.000       NaN       NaN    -0.001     0.000     0.000     0.000     0.000     0.000     0.000       NaN       NaN
 121.2395833     1.500       NaN       NaN    -0.001     0.000     0.000     0.000     0.000     0.000     0.000       NaN       NaN
 121.2395833     1.000       NaN       NaN    -0.001     0.000     0.000     0.000     0.000     0.000     0.000       NaN       NaN
 121.2395833     0.500       NaN       NaN    -0.000     0.000     0.000     0.000     0.000     0.000     0.000     0.000     0.000
 121.2604167    23.000       NaN       NaN    -0.215     0.000     0.000     0.000     0.000     0.000     0.000     0.000     0.000
 121.2604167    22.500       NaN       NaN    -0.215     0.000     0.000     0.000     0.000     0.000     0.000     0.000     0.000
 121.2604167    22.000       NaN       NaN    -0.215     0.000     0.000     0.000     0.000     0.000     0.000     0.000     0.000
 121.2604167    21.500       NaN       NaN    -0.215     0.000     0.000     0.000     0.000     0.000     0.000     0.000     0.000
 121.2604167    21.000       NaN       NaN    -0.215     0.000     0.000     0.000     0.000     0.000     0.000     0.000     0.000
 121.2604167    20.500       NaN       NaN    -0.215     0.000     0.000     0.000     0.000     0.000     0.000     0.000     0.000
 121.2604167    20.000       NaN       NaN    -0.215     0.000     0.000     0.000     0.000     0.000     0.000     0.000     0.000
 121.2604167    19.500       NaN       NaN    -0.215     0.000     0.000     0.000     0.000     0.000     0.000     0.000     0.000
 121.2604167    19.000       NaN       NaN    -0.215     0.000     0.000     0.000     0.000     0.000     0.000     0.000     0.000
 121.2604167    18.500       NaN       NaN    -0.215     0.000     0.000     0.000     0.000     0.000     0.000     0.000     0.000
 121.2604167    18.000       NaN       NaN    -0.215     0.000     0.000     0.000     0.000     0.000     0.000     0.000     0.000
 121.2604167    17.500       NaN       NaN    -0.215     0.000     0.000     0.000     0.000     0.000     0.000     0.000     0.000
 121.2604167    17.000       NaN       NaN    -0.215     0.000     0.000     0.000     0.000     0.000     0.000     0.000     0.000
 121.2604167    16.500       NaN       NaN    -0.215     0.000     0.000     0.000     0.000     0.000     0.000     0.000     0.000
 121.2604167    16.000       NaN       NaN    -0.215     0.000     0.000     0.000     0.000     0.000     0.000     0.000     0.000
 121.2604167    15.500       NaN       NaN    -0.215     0.000     0.000     0.000     0.000     0.000     0.000     0.000     0.000
 121.2604167    15.000       NaN       NaN    -0.215     0.000     0.000     0.000     0.000     0.000     0.000     0.000     0.000
 121.2604167    14.500       NaN       NaN    -0.215     0.000     0.000     0.000     0.000     0.000     0.000     0.000     0.000
 121.2604167    14.000       NaN       NaN    -0.215     0.000     0.000     0.000     0.000     0.000     0.000     0.000     0.000
 121.2604167    13.500       NaN       NaN    -0.215     0.000     0.000     0.000     0.000     0.000     0.000     0.000     0.000
 121.2604167    13.000       NaN       NaN    -0.215     0.000     0.000     0.000     0.000     0.000     0.000     0.000     0.000
 121.2604167    12.500       NaN       NaN    -0.215     0.000     0.000     0.000     0.000     0.000     0.000     0.000     0.000
 121.2604167    12.000       NaN       NaN    -0.215     0.000     0.000     0.000     0.000     0.000     0.000     0.000     0.000
 121.2604167    11.500       NaN       NaN    -0.215     0.000     0.000     0.000     0.000     0.000     0.000     0.000     0.000
 121.2604167    11.000       NaN       NaN    -0.215     0.000     0.000     0.000     0.000     0.000     0.000     0.000     0.000
 121.2604167    10.500       NaN       NaN    -0.215     0.000     0.000     0.000     0.000     0.000     0.000     0.000     0.000
 121.2604167    10.000       NaN       NaN    -0.215     0.000     0.000     0.000     0.000     0.000     0.000       NaN       NaN
 121.2604167     9.500       NaN       NaN    -0.156     0.000     0.000     0.000     0.000     0.000     0.000       NaN       NaN
 121.2604167     9.000       NaN       NaN    -0.113     0.000     0.000     0.000     0.000     0.000     0.000       NaN       NaN
 121.2604167     8.500       NaN       NaN    -0.082     0.000     0.000     0.000     0.000     0.000     0.000       NaN       NaN
 121.2604167     8.000       NaN       NaN    -0.060     0.000     0.000     0.000     0.000     0.000     0.000       NaN       NaN
 121.2604167     7.500       NaN       NaN    -0.043     0.000     0.000     0.000     0.000     0.000     0.000       NaN       NaN
 121.2604167     7.000       NaN       NaN    -0.031     0.000     0.000     0.000     0.000     0.000     0.000       NaN       NaN
 121.2604167     6.500       NaN       NaN    -0.023     0.000     0.000     0.000     0.000     0.000     0.000       NaN       NaN
 121.2604167     6.000       NaN       NaN    -0.017     0.000     0.000     0.000     0.000     0.000     0.000       NaN       NaN
 121.2604167     5.500       NaN       NaN    -0.012     0.000     0.000     0.000     0.000     0.000     0.000       NaN       NaN
 121.2604167     5.000       NaN       NaN    -0.009     0.000     0.000     0.000     0.000     0.000     0.000       NaN       NaN
 121.2604167     4.500       NaN       NaN    -0.006     0.000     0.000     0.000     0.000     0.000     0.000       NaN       NaN
 121.2604167     4.000       NaN       NaN    -0.005     0.000     0.000     0.000     0.000     0.000     0.000       NaN       NaN
 121.2604167     3.500       NaN       NaN    -0.003     0.000     0.000     0.000     0.000     0.000     0.000       NaN       NaN
 121.2604167     3.000       NaN       NaN    -0.002     0.000     0.000     0.000     0.000     0.000     0.000       NaN       NaN
 121.2604167     2.500       NaN       NaN    -0.002     0.000     0.000     0.000     0.000     0.000     0.000       NaN       NaN
 121.2604167     2.000       NaN       NaN    -0.001     0.000     0.000     0.000     0.000     0.000     0.000       NaN       NaN
 121.2604167     1.500       NaN       NaN    -0.001     0.000     0.000     0.000     0.000     0.000     0.000       NaN       NaN
 121.2604167     1.000       NaN       NaN    -0.001     0.000     0.000     0.000     0.000     0.000     0.000       NaN       NaN
 121.2604167     0.500       NaN       NaN    -0.000     0.000     0.000     0.000     0.000     0.000     0.000     0.000     0.000
 121.2812500    23.000       NaN       NaN    -0.181     0.000     0.000     0.000     0.000     0.000     0.000     0.000     0.000
 121.2812500    22.500       NaN       NaN    -0.181     0.000     0.000     0.000     0.000     0.000     0.000     0.000     0.000
 121.2812500    22.000       NaN       NaN    -0.181     0.000     0.000     0.000     0.000     0.000     0.000     0.000     0.000
 121.2812500    21.500       NaN       NaN    -0.181     0.000     0.000     0.000     0.000     0.000     0.000     0.000     0.000
 121.2812500    21.000       NaN       NaN    -0.181     0.000     0.000     0.000     0.000     0.000     0.000     0.000     0.000
 121.2812500    20.500       NaN       NaN    -0.181     0.000     0.000     0.000     0.000     0.000     0.000     0.000     0.000
 121.2812500    20.000       NaN       NaN    -0.181     0.000     0.000     0.000     0.000     0.000     0.000     0.000     0.000
 121.2812500    19.500       NaN       NaN    -0.181     0.000     0.000     0.000     0.000     0.000     0.000     0.000     0.000
 121.2812500    19.000       NaN       NaN    -0.181     0.000     0.000     0.000     0.000     0.000     0.000     0.000     0.000
 121.2812500    18.500       NaN       NaN    -0.181     0.000     0.000     0.000     0.000     0.000     0.000     0.000     0.000
 121.2812500    18.000       NaN       NaN    -0.181     0.000     0.000     0.000     0.000     0.000     0.000     0.000     0.000
 121.2812500    17.500       NaN       NaN    -0.181     0.000     0.000     0.000     0.000     0.000     0.000     0.000     0.000
 121.2812500    17.000       NaN       NaN    -0.181     0.000     0.000     0.000     0.000     0.000     0.000     0.000     0.000
 121.2812500    16.500       NaN       NaN    -0.181     0.000     0.000     0.000     0.000     0.000     0.000     0.000     0.000
 121.2812500    16.000       NaN       NaN    -0.181     0.000     0.000     0.000     0.000     0.000     0.000     0.000     0.000
 121.2812500    15.500       NaN       NaN    -0.181     0.000     0.000     0.000     0.000     0.000     0.000     0.000     0.000
 121.2812500    15.000       NaN       NaN    -0.181     0.000     0.000     0.000     0.000     0.000     0.000     0.000     0.000
 121.2812500    14.500       NaN       NaN    -0.181     0.000     0.000     0.000     0.000     0.000     0.000     0.000     0.000
 121.2812500    14.000       NaN       NaN    -0.181     0.000     0.000     0.000     0.000     0.000     0.000     0.000     0.000
 121.2812500    13.500       NaN       NaN    -0.181     0.000     0.000     0.000     0.000     0.000     0.000     0.000     0.000
 121.2812500    13.000       NaN       NaN    -0.181     0.000     0.000     0.000     0.000     0.000     0.000     0.000     0.000
 121.2812500    12.500       NaN       NaN    -0.181     0.000     0.000     0.000     0.000     0.000     0.000     0.000     0.000
 121.2812500    12.000       NaN       NaN    -0.181     0.000     0.000     0.000     0.000     0.000     0.000     0.000     0.000
 121.2812500    11.500       NaN       NaN    -0.181     0.000     0.000     0.000     0.000     0.000     0.000     0.000     0.000
 121.2812500    11.000       NaN       NaN    -0.181     0.000     0.000     0.000     0.000     0.000     0.000     0.000     0.000
 121.2812500    10.500       NaN       NaN    -0.181     0.000     0.000     0.000     0.000     0.000     0.000     0.000     0.000
 121.2812500    10.000       NaN       NaN    -0.181     0.000     0.000     0.000     0.000     0.000     0.000       NaN       NaN
 121.2812500     9.500       NaN       NaN    -0.131     0.000     0.000     0.000     0.000     0.000     0.000       NaN       NaN
 121.2812500     9.000       NaN       NaN    -0.095     0.000     0.000     0.000     0.000     0.000     0.000       NaN       NaN
 121.2812500     8.500       NaN       NaN    -0.069     0.000     0.000     0.000     0.000     0.000     0.000       NaN       NaN
 121.2812500     8.000       NaN       NaN    -0.050     0.000     0.000     0.000     0.000     0.000     0.000       NaN       NaN
 121.2812500     7.500       NaN       NaN    -0.036     0.000     0.000     0.000     0.000     0.000     0.000       NaN       NaN
 121.2812500     7.000       NaN       NaN    -0.026     0.000     0.000     0.000     0.000     0.000     0.000       NaN       NaN
 121.2812500     6.500       NaN       NaN    -0.019     0.000     0.000     0.000     0.000     0.000     0.000       NaN       NaN
 121.2812500     6.000       NaN       NaN    -0.014     0.000     0.000     0.000     0.000     0.000     0.000       NaN       NaN
 121.2812500     5.500       NaN       NaN    -0.010     0.000     0.000     0.000     0.000     0.000     0.000       NaN       NaN
 121.2812500     5.000       NaN       NaN    -0.007     0.000     0.000     0.000     0.000     0.000     0.000       NaN       NaN
 121.2812500     4.500       NaN       NaN    -0.005     0.000     0.000     0.000     0.000     0.000     0.000       NaN       NaN
 121.2812500     4.000       NaN       NaN    -0.004     0.000     0.000     0.000     0.000     0.000     0.000       NaN       NaN
 121.2812500     3.500       NaN       NaN    -0.003     0.000     0.000     0.000     0.000     0.000     0.000       NaN       NaN
 121.2812500     3.000       NaN       NaN    -0.002     0.000     0.000     0.000     0.000     0.000     0.000       NaN       NaN
 121.2812500     2.500       NaN       NaN    -0.001     0.000     0.000     0.000     0.000     0.000     0.000       NaN       NaN
 121.2812500     2.000       NaN       NaN    -0.001     0.000     0.000     0.000     0.000     0.000     0.000       NaN       NaN
 121.2812500     1.500       NaN       NaN    -0.001     0.000     0.000     0.000     0.000     0.000     0.000       NaN       NaN
 121.2812500     1.000       NaN       NaN    -0.001     0.000     0.000     0.000     0.000     0.000     0.000       NaN       NaN
 121.2812500     0.500       NaN       NaN    -0.000     0.000     0.000     0.000     0.000     0.000     0.000     0.000     0.000
 121.3020833    23.000       NaN       NaN    -0.214     0.000     0.000     0.000     0.000     0.000     0.000     0.000     0.000
 121.3020833    22.500       NaN       NaN    -0.214     0.000     0.000     0.000     0.000     0.000     0.000     0.000     0.000
 121.3020833    22.000       NaN       NaN    -0.214     0.000     0.000     0.000     0.000     0.000     0.000     0.000     0.000
 121.3020833    21.500       NaN       NaN    -0.214     0.000     0.000     0.000     0.000     0.000     0.000     0.000     0.000
 121.3020833    21.000       NaN       NaN    -0.214     0.000     0.000     0.000     0.000     0.000     0.000     0.000     0.000
 121.3020833    20.500       NaN       NaN    -0.214     0.000     0.000     0.000     0.000     0.000     0.000     0.000     0.000
 121.3020833    20.000       NaN       NaN    -0.214     0.000     0.000     0.000     0.000     0.000     0.000     0.000     0.000
 121.3020833    19.500       NaN       NaN    -0.214     0.000     0.000     0.000     0.000     0.000     0.000     0.000     0.000
 121.3020833    19.000       NaN       NaN    -0.214     0.000     0.000     0.000     0.000     0.000     0.000     0.000     0.000
 121.3020833    18.500       NaN       NaN    -0.214     0.000     0.000     0.000     0.000     0.000     0.000     0.000     0.000
 121.3020833    18.000       NaN       NaN    -0.214     0.000     0.000     0.000     0.000     0.000     0.000     0.000     0.000
 121.3020833    17.500       NaN       NaN    -0.214     0.000     0.000     0.000     0.000     0.000     0.000     0.000     0.000
 121.3020833    17.000       NaN       NaN    -0.214     0.000     0.000     0.000     0.000     0.000     0.000     0.000     0.000
 121.3020833    16.500       NaN       NaN    -0.214     0.000     0.000     0.000     0.000     0.000     0.000     0.000     0.000
 121.3020833    16.000       NaN       NaN    -0.214     0.000     0.000     0.000     0.000     0.000     0.000     0.000     0.000
 121.3020833    15.500       NaN       NaN    -0.214     0.000     0.000     0.000     0.000     0.000     0.000     0.000     0.000
 121.3020833    15.000       NaN       NaN    -0.214     0.000     0.000     0.000     0.000     0.000     0.000     0.000     0.000
 121.3020833    14.500       NaN       NaN    -0.214     0.000     0.000     0.000     0.000     0.000     0.000     0.000     0.000
 121.3020833    14.000       NaN       NaN    -0.214     0.000     0.000     0.000     0.000     0.000     0.000     0.000     0.000
 121.3020833    13.500       NaN       NaN    -0.214     0.000     0.000     0.000     0.000     0.000     0.000     0.000     0.000
 121.3020833    13.000       NaN       NaN    -0.214     0.000     0.000     0.000     0.000     0.000     0.000     0.000     0.000
 121.3020833    12.500       NaN       NaN    -0.214     0.000     0.000     0.000     0.000     0.000     0.000     0.000     0.000
 121.3020833    12.000       NaN       NaN    -0.214     0.000     0.000     0.000     0.000     0.000     0.000     0.000     0.000
 121.3020833    11.500       NaN       NaN    -0.214     0.000     0.000     0.000     0.000     0.000     0.000     0.000     0.000
 121.3020833    11.000       NaN       NaN    -0.214     0.000     0.000     0.000     0.000     0.000     0.000     0.000     0.000
 121.3020833    10.500       NaN       NaN    -0.214     0.000     0.000     0.000     0.000     0.000     0.000     0.000     0.000
 121.3020833    10.000       NaN       NaN    -0.214     0.000     0.000     0.000     0.000     0.000     0.000       NaN       NaN
 121.3020833     9.500       NaN       NaN    -0.155     0.000     0.000     0.000     0.000     0.000     0.000       NaN       NaN
 121.3020833     9.000       NaN       NaN    -0.113     0.000     0.000     0.000     0.000     0.000     0.000       NaN       NaN
 121.3020833     8.500       NaN       NaN    -0.082     0.000     0.000     0.000     0.000     0.000     0.000       NaN       NaN
 121.3020833     8.000       NaN       NaN    -0.059     0.000     0.000     0.000     0.000     0.000     0.000       NaN       NaN
 121.3020833     7.500       NaN       NaN    -0.043     0.000     0.000     0.000     0.000     0.000     0.000       NaN       NaN
 121.3020833     7.000       NaN       NaN    -0.031     0.000     0.000     0.000     0.000     0.000     0.000       NaN       NaN
 121.3020833     6.500       NaN       NaN    -0.023     0.000     0.000     0.000     0.000     0.000     0.000       NaN       NaN
 121.3020833     6.000       NaN       NaN    -0.016     0.000     0.000     0.000     0.000     0.000     0.000       NaN       NaN
 121.3020833     5.500       NaN       NaN    -0.012     0.000     0.000     0.000     0.000     0.000     0.000       NaN       NaN
 121.3020833     5.000       NaN       NaN    -0.009     0.000     0.000     0.000     0.000     0.000     0.000       NaN       NaN
 121.3020833     4.500       NaN       NaN    -0.006     0.000     0.000     0.000     0.000     0.000     0.000       NaN       NaN
 121.3020833     4.000       NaN       NaN    -0.005     0.000     0.000     0.000     0.000     0.000     0.000       NaN       NaN
 121.3020833     3.500       NaN       NaN    -0.003     0.000     0.000     0.000     0.000     0.000     0.000       NaN       NaN
 121.3020833     3.000       NaN       NaN    -0.002     0.000     0.000     0.000     0.000     0.000     0.000       NaN       NaN
 121.3020833     2.500       NaN       NaN    -0.002     0.000     0.000     0.000     0.000     0.000     0.000       NaN       NaN
 121.3020833     2.000       NaN       NaN    -0.001     0.000     0.000     0.000     0.000     0.000     0.000       NaN       NaN
 121.3020833     1.500       NaN       NaN    -0.001     0.000     0.000     0.000     0.000     0.000     0.000       NaN       NaN
 121.3020833     1.000       NaN       NaN    -0.001     0.000     0.000     0.000     0.000     0.000     0.000       NaN       NaN
 121.3020833     0.500       NaN       NaN    -0.000     0.000     0.000     0.000     0.000     0.000     0.000     0.000     0.000
 121.3229167    23.000       NaN       NaN    -0.196     0.000     0.000     0.000     0.000     0.000     0.000     0.000     0.000
 121.3229167    22.500       NaN       NaN    -0.196     0.000     0.000     0.000     0.000     0.000     0.000     0.000     0.000
 121.3229167    22.000       NaN       NaN    -0.196     0.000     0.000     0.000     0.000     0.000     0.000     0.000     0.000
 121.3229167    21.500       NaN       NaN    -0.196     0.000     0.000     0.000     0.000     0.000     0.000     0.000     0.000
 121.3229167    21.000       NaN       NaN    -0.196     0.000     0.000     0.000     0.000     0.000     0.000     0.000     0.000
 121.3229167    20.500       NaN       NaN    -0.196     0.000     0.000     0.000     0.000     0.000     0.000     0.000     0.000
 121.3229167    20.000       NaN       NaN    -0.196     0.000     0.000     0.000     0.000     0.000     0.000     0.000     0.000
 121.3229167    19.500       NaN       NaN    -0.196     0.000     0.000     0.000     0.000     0.000     0.000     0.000     0.000
 121.3229167    19.000       NaN       NaN    -0.196     0.000     0.000     0.000     0.000     0.000     0.000     0.000     0.000
 121.3229167    18.500       NaN       NaN    -0.196     0.000     0.000     0.000     0.000     0.000     0.000     0.000     0.000
 121.3229167    18.000       NaN       NaN    -0.196     0.000     0.000     0.000     0.000     0.000     0.000     0.000     0.000
 121.3229167    17.500       NaN       NaN    -0.196     0.000     0.000     0.000     0.000     0.000     0.000     0.000     0.000
 121.3229167    17.000       NaN       NaN    -0.196     0.000     0.000     0.000     0.000     0.000     0.000     0.000     0.000
 121.3229167    16.500       NaN       NaN    -0.196     0.000     0.000     0.000     0.000     0.000     0.000     0.000     0.000
 121.3229167    16.000       NaN       NaN    -0.196     0.000     0.000     0.000     0.000     0.000     0.000     0.000     0.000
 121.3229167    15.500       NaN       NaN    -0.196     0.000     0.000     0.000     0.000     0.000     0.000     0.000     0.000
 121.3229167    15.000       NaN       NaN    -0.196     0.000     0.000     0.000     0.000     0.000     0.000     0.000     0.000
 121.3229167    14.500       NaN       NaN    -0.196     0.000     0.000     0.000     0.000     0.000     0.000     0.000     0.000
 121.3229167    14.000       NaN       NaN    -0.196     0.000     0.000     0.000     0.000     0.000     0.000     0.000     0.000
 121.3229167    13.500       NaN       NaN    -0.196     0.000     0.000     0.000     0.000     0.000     0.000     0.000     0.000
 121.3229167    13.000       NaN       NaN    -0.196     0.000     0.000     0.000     0.000     0.000     0.000     0.000     0.000
 121.3229167    12.500       NaN       NaN    -0.196     0.000     0.000     0.000     0.000     0.000     0.000     0.000     0.000
 121.3229167    12.000       NaN       NaN    -0.196     0.000     0.000     0.000     0.000     0.000     0.000     0.000     0.000
 121.3229167    11.500       NaN       NaN    -0.196     0.000     0.000     0.000     0.000     0.000     0.000     0.000     0.000
 121.3229167    11.000       NaN       NaN    -0.196     0.000     0.000     0.000     0.000     0.000     0.000     0.000     0.000
 121.3229167    10.500       NaN       NaN    -0.196     0.000     0.000     0.000     0.000     0.000     0.000     0.000     0.000
 121.3229167    10.000       NaN       NaN    -0.196     0.000     0.000     0.000     0.000     0.000     0.000       NaN       NaN
 121.3229167     9.500       NaN       NaN    -0.142     0.000     0.000     0.000     0.000     0.000     0.000       NaN       NaN
 121.3229167     9.000       NaN       NaN    -0.103     0.000     0.000     0.000     0.000     0.000     0.000       NaN       NaN
 121.3229167     8.500       NaN       NaN    -0.075     0.000     0.000     0.000     0.000     0.000     0.000       NaN       NaN
 121.3229167     8.000       NaN       NaN    -0.054     0.000     0.000     0.000     0.000     0.000     0.000       NaN       NaN
 121.3229167     7.500       NaN       NaN    -0.039     0.000     0.000     0.000     0.000     0.000     0.000       NaN       NaN
 121.3229167     7.000       NaN       NaN    -0.029     0.000     0.000     0.000     0.000     0.000     0.000       NaN       NaN
 121.3229167     6.500       NaN       NaN    -0.021     0.000     0.000     0.000     0.000     0.000     0.000       NaN       NaN
 121.3229167     6.000       NaN       NaN    -0.015     0.000     0.000     0.000     0.000     0.000     0.000       NaN       NaN
 121.3229167     5.500       NaN       NaN    -0.011     0.000     0.000     0.000     0.000     0.000     0.000       NaN       NaN
 121.3229167     5.000       NaN       NaN    -0.008     0.000     0.000     0.000     0.000     0.000     0.000       NaN       NaN
 121.3229167     4.500       NaN       NaN    -0.006     0.000     0.000     0.000     0.000     0.000     0.000       NaN       NaN
 121.3229167     4.000       NaN       NaN    -0.004     0.000     0.000     0.000     0.000     0.000     0.000       NaN       NaN
 121.3229167     3.500       NaN       NaN    -0.003     0.000     0.000     0.000     0.000     0.000     0.000       NaN       NaN
 121.3229167     3.000       NaN       NaN    -0.002     0.000     0.000     0.000     0.000     0.000     0.000       NaN       NaN
 121.3229167     2.500       NaN       NaN    -0.002     0.000     0.000     0.000     0.000     0.000     0.000       NaN       NaN
 121.3229167     2.000       NaN       NaN    -0.001     0.000     0.000     0.000     0.000     0.000     0.000       NaN       NaN
 121.3229167     1.500       NaN       NaN    -0.001     0.000     0.000     0.000     0.000     0.000     0.000       NaN       NaN
 121.3229167     1.000       NaN       NaN    -0.001     0.000     0.000     0.000     0.000     0.000     0.000       NaN       NaN
 121.3229167     0.500       NaN       NaN    -0.000     0.000     0.000     0.000     0.000     0.000     0.000     0.000     0.000
 121.3437500    23.000       NaN       NaN    -0.087     0.000     0.000     0.000     0.000     0.000     0.000     0.000     0.000
 121.3437500    22.500       NaN       NaN    -0.087     0.000     0.000     0.000     0.000     0.000     0.000     0.000     0.000
 121.3437500    22.000       NaN       NaN    -0.087     0.000     0.000     0.000     0.000     0.000     0.000     0.000     0.000
 121.3437500    21.500       NaN       NaN    -0.087     0.000     0.000     0.000     0.000     0.000     0.000     0.000     0.000
 121.3437500    21.000       NaN       NaN    -0.087     0.000     0.000     0.000     0.000     0.000     0.000     0.000     0.000
 121.3437500    20.500       NaN       NaN    -0.087     0.000     0.000     0.000     0.000     0.000     0.000     0.000     0.000
 121.3437500    20.000       NaN       NaN    -0.087     0.000     0.000     0.000     0.000     0.000     0.000     0.000     0.000
 121.3437500    19.500       NaN       NaN    -0.087     0.000     0.000     0.000     0.000     0.000     0.000     0.000     0.000
 121.3437500    19.000       NaN       NaN    -0.087     0.000     0.000     0.000     0.000     0.000     0.000     0.000     0.000
 121.3437500    18.500       NaN       NaN    -0.087     0.000     0.000     0.000     0.000     0.000     0.000     0.000     0.000
 121.3437500    18.000       NaN       NaN    -0.087     0.000     0.000     0.000     0.000     0.000     0.000     0.000     0.000
 121.3437500    17.500       NaN       NaN    -0.087     0.000     0.000     0.000     0.000     0.000     0.000     0.000     0.000
 121.3437500    17.000       NaN       NaN    -0.087     0.000     0.000     0.000     0.000     0.000     0.000     0.000     0.000
 121.3437500    16.500       NaN       NaN    -0.087     0.000     0.000     0.000     0.000     0.000     0.000     0.000     0.000
 121.3437500    16.000       NaN       NaN    -0.087     0.000     0.000     0.000     0.000     0.000     0.000     0.000     0.000
 121.3437500    15.500       NaN       NaN    -0.087     0.000     0.000     0.000     0.000     0.000     0.000     0.000     0.000
 121.3437500    15.000       NaN       NaN    -0.087     0.000     0.000     0.000     0.000     0.000     0.000     0.000     0.000
 121.3437500    14.500       NaN       NaN    -0.087     0.000     0.000     0.000     0.000     0.000     0.000     0.000     0.000
 121.3437500    14.000       NaN       NaN    -0.087     0.000     0.000     0.000     0.000     0.000     0.000     0.000     0.000
 121.3437500    13.500       NaN       NaN    -0.087     0.000     0.000     0.000     0.000     0.000     0.000     0.000     0.000
 121.3437500    13.000       NaN       NaN    -0.087     0.000     0.000     0.000     0.000     0.000     0.000     0.000     0.000
 121.3437500    12.500       NaN       NaN    -0.087     0.000     0.000     0.000     0.000     0.000     0.000     0.000     0.000
 121.3437500    12.000       NaN       NaN    -0.087     0.000     0.000     0.000     0.000     0.000     0.000     0.000     0.000
 121.3437500    11.500       NaN       NaN    -0.087     0.000     0.000     0.000     0.000     0.000     0.000     0.000     0.000
 121.3437500    11.000       NaN       NaN    -0.087     0.000     0.000     0.000     0.000     0.000     0.000     0.000     0.000
 121.3437500    10.500       NaN       NaN    -0.087     0.000     0.000     0.000     0.000     0.000     0.000     0.000     0.000
 121.3437500    10.000       NaN       NaN    -0.087     0.000     0.000     0.000     0.000     0.000     0.000       NaN       NaN
 121.3437500     9.500       NaN       NaN    -0.063     0.000     0.000     0.000     0.000     0.000     0.000       NaN       NaN
 121.3437500     9.000       NaN       NaN    -0.046     0.000     0.000     0.000     0.000     0.000     0.000       NaN       NaN
 121.3437500     8.500       NaN       NaN    -0.033     0.000     0.000     0.000     0.000     0.000     0.000       NaN       NaN
 121.3437500     8.000       NaN       NaN    -0.024     0.000     0.000     0.000     0.000     0.000     0.000       NaN       NaN
 121.3437500     7.500       NaN       NaN    -0.017     0.000     0.000     0.000     0.000     0.000     0.000       NaN       NaN
 121.3437500     7.000       NaN       NaN    -0.013     0.000     0.000     0.000     0.000     0.000     0.000       NaN       NaN
 121.3437500     6.500       NaN       NaN    -0.009     0.000     0.000     0.000     0.000     0.000     0.000       NaN       NaN
 121.3437500     6.000       NaN       NaN    -0.007     0.000     0.000     0.000     0.000     0.000     0.000       NaN       NaN
 121.3437500     5.500       NaN       NaN    -0.005     0.000     0.000     0.000     0.000     0.000     0.000       NaN       NaN
 121.3437500     5.000       NaN       NaN    -0.004     0.000     0.000     0.000     0.000     0.000     0.000       NaN       NaN
 121.3437500     4.500       NaN       NaN    -0.003     0.000     0.000     0.000     0.000     0.000     0.000       NaN       NaN
 121.3437500     4.000       NaN       NaN    -0.002     0.000     0.000     0.000     0.000     0.000     0.000       NaN       NaN
 121.3437500     3.500       NaN       NaN    -0.001     0.000     0.000     0.000     0.000     0.000     0.000       NaN       NaN
 121.3437500     3.000       NaN       NaN    -0.001     0.000     0.000     0.000     0.000     0.000     0.000       NaN       NaN
 121.3437500     2.500       NaN       NaN    -0.001     0.000     0.000     0.000     0.000     0.000     0.000       NaN       NaN
 121.3437500     2.000       NaN       NaN    -0.001     0.000     0.000     0.000     0.000     0.000     0.000       NaN       NaN
 121.3437500     1.500       NaN       NaN    -0.000     0.000     0.000     0.000     0.000     0.000     0.000       NaN       NaN
 121.3437500     1.000       NaN       NaN    -0.000     0.000     0.000     0.000     0.000     0.000     0.000       NaN       NaN
 121.3437500     0.500       NaN       NaN    -0.000     0.000     0.000     0.000     0.000     0.000     0.000     0.000     0.000
 121.3645833    23.000       NaN       NaN    -0.051     0.000     0.000     0.000     0.000     0.000     0.000     0.000     0.000
 121.3645833    22.500       NaN       NaN    -0.051     0.000     0.000     0.000     0.000     0.000     0.000     0.000     0.000
 121.3645833    22.000       NaN       NaN    -0.051     0.000     0.000     0.000     0.000     0.000     0.000     0.000     0.000
 121.3645833    21.500       NaN       NaN    -0.051     0.000     0.000     0.000     0.000     0.000     0.000     0.000     0.000
 121.3645833    21.000       NaN       NaN    -0.051     0.000     0.000     0.000     0.000     0.000     0.000     0.000     0.000
 121.3645833    20.500       NaN       NaN    -0.051     0.000     0.000     0.000     0.000     0.000     0.000     0.000     0.000
 121.3645833    20.000       NaN       NaN    -0.051     0.000     0.000     0.000     0.000     0.000     0.000     0.000     0.000
 121.3645833    19.500       NaN       NaN    -0.051     0.000     0.000     0.000     0.000     0.000     0.000     0.000     0.000
 121.3645833    19.000       NaN       NaN    -0.051     0.000     0.000     0.000     0.000     0.000     0.000     0.000     0.000
 121.3645833    18.500       NaN       NaN    -0.051     0.000     0.000     0.000     0.000     0.000     0.000     0.000     0.000
 121.3645833    18.000       NaN       NaN    -0.051     0.000     0.000     0.000     0.000     0.000     0.000     0.000     0.000
 121.3645833    17.500       NaN       NaN    -0.051     0.000     0.000     0.000     0.000     0.000     0.000     0.000     0.000
 121.3645833    17.000       NaN       NaN    -0.051     0.000     0.000     0.000     0.000     0.000     0.000     0.000     0.000
 121.3645833    16.500       NaN       NaN    -0.051     0.000     0.000     0.000     0.000     0.000     0.000     0.000     0.000
 121.3645833    16.000       NaN       NaN    -0.051     0.000     0.000     0.000     0.000     0.000     0.000     0.000     0.000
 121.3645833    15.500       NaN       NaN    -0.051     0.000     0.000     0.000     0.000     0.000     0.000     0.000     0.000
 121.3645833    15.000       NaN       NaN    -0.051     0.000     0.000     0.000     0.000     0.000     0.000     0.000     0.000
 121.3645833    14.500       NaN       NaN    -0.051     0.000     0.000     0.000     0.000     0.000     0.000     0.000     0.000
 121.3645833    14.000       NaN       NaN    -0.051     0.000     0.000     0.000     0.000     0.000     0.000     0.000     0.000
 121.3645833    13.500       NaN       NaN    -0.051     0.000     0.000     0.000     0.000     0.000     0.000     0.000     0.000
 121.3645833    13.000       NaN       NaN    -0.051     0.000     0.000     0.000     0.000     0.000     0.000     0.000     0.000
 121.3645833    12.500       NaN       NaN    -0.051     0.000     0.000     0.000     0.000     0.000     0.000     0.000     0.000
 121.3645833    12.000       NaN       NaN    -0.051     0.000     0.000     0.000     0.000     0.000     0.000     0.000     0.000
 121.3645833    11.500       NaN       NaN    -0.051     0.000     0.000     0.000     0.000     0.000     0.000     0.000     0.000
 121.3645833    11.000       NaN       NaN    -0.051     0.000     0.000     0.000     0.000     0.000     0.000     0.000     0.000
 121.3645833    10.500       NaN       NaN    -0.051     0.000     0.000     0.000     0.000     0.000     0.000     0.000     0.000
 121.3645833    10.000       NaN       NaN    -0.051     0.000     0.000     0.000     0.000     0.000     0.000       NaN       NaN
 121.3645833     9.500       NaN       NaN    -0.037     0.000     0.000     0.000     0.000     0.000     0.000       NaN       NaN
 121.3645833     9.000       NaN       NaN    -0.027     0.000     0.000     0.000     0.000     0.000     0.000       NaN       NaN
 121.3645833     8.500       NaN       NaN    -0.019     0.000     0.000     0.000     0.000     0.000     0.000       NaN       NaN
 121.3645833     8.000       NaN       NaN    -0.014     0.000     0.000     0.000     0.000     0.000     0.000       NaN       NaN
 121.3645833     7.500       NaN       NaN    -0.010     0.000     0.000     0.000     0.000     0.000     0.000       NaN       NaN
 121.3645833     7.000       NaN       NaN    -0.007     0.000     0.000     0.000     0.000     0.000     0.000       NaN       NaN
 121.3645833     6.500       NaN       NaN    -0.005     0.000     0.000     0.000     0.000     0.000     0.000       NaN       NaN
 121.3645833     6.000       NaN       NaN    -0.004     0.000     0.000     0.000     0.000     0.000     0.000       NaN       NaN
 121.3645833     5.500       NaN       NaN    -0.003     0.000     0.000     0.000     0.000     0.000     0.000       NaN       NaN
 121.3645833     5.000       NaN       NaN    -0.002     0.000     0.000     0.000     0.000     0.000     0.000       NaN       NaN
 121.3645833     4.500       NaN       NaN    -0.001     0.000     0.000     0.000     0.000     0.000     0.000       NaN       NaN
 121.3645833     4.000       NaN       NaN    -0.001     0.000     0.000     0.000     0.000     0.000     0.000       NaN       NaN
 121.3645833     3.500       NaN       NaN    -0.001     0.000     0.000     0.000     0.000     0.000     0.000       NaN       NaN
 121.3645833     3.000       NaN       NaN    -0.001     0.000     0.000     0.000     0.000     0.000     0.000       NaN       NaN
 121.3645833     2.500       NaN       NaN    -0.000     0.000     0.000     0.000     0.000     0.000     0.000       NaN       NaN
 121.3645833     2.000       NaN       NaN    -0.000     0.000     0.000     0.000     0.000     0.000     0.000       NaN       NaN
 121.3645833     1.500       NaN       NaN    -0.000     0.000     0.000     0.000     0.000     0.000     0.000       NaN       NaN
 121.3645833     1.000       NaN       NaN    -0.000     0.000     0.000     0.000     0.000     0.000     0.000       NaN       NaN
 121.3645833     0.500       NaN       NaN    -0.000     0.000     0.000     0.000     0.000     0.000     0.000     0.000     0.000
 121.3854167    23.000       NaN       NaN    -0.129     0.000     0.000     0.000     0.000     0.000     0.000     0.000     0.000
 121.3854167    22.500       NaN       NaN    -0.129     0.000     0.000     0.000     0.000     0.000     0.000     0.000     0.000
 121.3854167    22.000       NaN       NaN    -0.129     0.000     0.000     0.000     0.000     0.000     0.000     0.000     0.000
 121.3854167    21.500       NaN       NaN    -0.129     0.000     0.000     0.000     0.000     0.000     0.000     0.000     0.000
 121.3854167    21.000       NaN       NaN    -0.129     0.000     0.000     0.000     0.000     0.000     0.000     0.000     0.000
 121.3854167    20.500       NaN       NaN    -0.129     0.000     0.000     0.000     0.000     0.000     0.000     0.000     0.000
 121.3854167    20.000       NaN       NaN    -0.129     0.000     0.000     0.000     0.000     0.000     0.000     0.000     0.000
 121.3854167    19.500       NaN       NaN    -0.129     0.000     0.000     0.000     0.000     0.000     0.000     0.000     0.000
 121.3854167    19.000       NaN       NaN    -0.129     0.000     0.000     0.000     0.000     0.000     0.000     0.000     0.000
 121.3854167    18.500       NaN       NaN    -0.129     0.000     0.000     0.000     0.000     0.000     0.000     0.000     0.000
 121.3854167    18.000       NaN       NaN    -0.129     0.000     0.000     0.000     0.000     0.000     0.000     0.000     0.000
 121.3854167    17.500       NaN       NaN    -0.129     0.000     0.000     0.000     0.000     0.000     0.000     0.000     0.000
 121.3854167    17.000       NaN       NaN    -0.129     0.000     0.000     0.000     0.000     0.000     0.000     0.000     0.000
 121.3854167    16.500       NaN       NaN    -0.129     0.000     0.000     0.000     0.000     0.000     0.000     0.000     0.000
 121.3854167    16.000       NaN       NaN    -0.129     0.000     0.000     0.000     0.000     0.000     0.000     0.000     0.000
 121.3854167    15.500       NaN       NaN    -0.129     0.000     0.000     0.000     0.000     0.000     0.000     0.000     0.000
 121.3854167    15.000       NaN       NaN    -0.129     0.000     0.000     0.000     0.000     0.000     0.000     0.000     0.000
 121.3854167    14.500       NaN       NaN    -0.129     0.000     0.000     0.000     0.000     0.000     0.000     0.000     0.000
 121.3854167    14.000       NaN       NaN    -0.129     0.000     0.000     0.000     0.000     0.000     0.000     0.000     0.000
 121.3854167    13.500       NaN       NaN    -0.129     0.000     0.000     0.000     0.000     0.000     0.000     0.000     0.000
 121.3854167    13.000       NaN       NaN    -0.129     0.000     0.000     0.000     0.000     0.000     0.000     0.000     0.000
 121.3854167    12.500       NaN       NaN    -0.129     0.000     0.000     0.000     0.000     0.000     0.000     0.000     0.000
 121.3854167    12.000       NaN       NaN    -0.129     0.000     0.000     0.000     0.000     0.000     0.000     0.000     0.000
 121.3854167    11.500       NaN       NaN    -0.129     0.000     0.000     0.000     0.000     0.000     0.000     0.000     0.000
 121.3854167    11.000       NaN       NaN    -0.129     0.000     0.000     0.000     0.000     0.000     0.000     0.000     0.000
 121.3854167    10.500       NaN       NaN    -0.129     0.000     0.000     0.000     0.000     0.000     0.000     0.000     0.000
 121.3854167    10.000       NaN       NaN    -0.129     0.000     0.000     0.000     0.000     0.000     0.000       NaN       NaN
 121.3854167     9.500       NaN       NaN    -0.094     0.000     0.000     0.000     0.000     0.000     0.000       NaN       NaN
 121.3854167     9.000       NaN       NaN    -0.068     0.000     0.000     0.000     0.000     0.000     0.000       NaN       NaN
 121.3854167     8.500       NaN       NaN    -0.049     0.000     0.000     0.000     0.000     0.000     0.000       NaN       NaN
 121.3854167     8.000       NaN       NaN    -0.036     0.000     0.000     0.000     0.000     0.000     0.000       NaN       NaN
 121.3854167     7.500       NaN       NaN    -0.026     0.000     0.000     0.000     0.000     0.000     0.000       NaN       NaN
 121.3854167     7.000       NaN       NaN    -0.019     0.000     0.000     0.000     0.000     0.000     0.000       NaN       NaN
 121.3854167     6.500       NaN       NaN    -0.014     0.000     0.000     0.000     0.000     0.000     0.000       NaN       NaN
 121.3854167     6.000       NaN       NaN    -0.010     0.000     0.000     0.000     0.000     0.000     0.000       NaN       NaN
 121.3854167     5.500       NaN       NaN    -0.007     0.000     0.000     0.000     0.000     0.000     0.000       NaN       NaN
 121.3854167     5.000       NaN       NaN    -0.005     0.000     0.000     0.000     0.000     0.000     0.000       NaN       NaN
 121.3854167     4.500       NaN       NaN    -0.004     0.000     0.000     0.000     0.000     0.000     0.000       NaN       NaN
 121.3854167     4.000       NaN       NaN    -0.003     0.000     0.000     0.000     0.000     0.000     0.000       NaN       NaN
 121.3854167     3.500       NaN       NaN    -0.002     0.000     0.000     0.000     0.000     0.000     0.000       NaN       NaN
 121.3854167     3.000       NaN       NaN    -0.001     0.000     0.000     0.000     0.000     0.000     0.000       NaN       NaN
 121.3854167     2.500       NaN       NaN    -0.001     0.000     0.000     0.000     0.000     0.000     0.000       NaN       NaN
 121.3854167     2.000       NaN       NaN    -0.001     0.000     0.000     0.000     0.000     0.000     0.000       NaN       NaN
 121.3854167     1.500       NaN       NaN    -0.001     0.000     0.000     0.000     0.000     0.000     0.000       NaN       NaN
 121.3854167     1.000       NaN       NaN    -0.000     0.000     0.000     0.000     0.000     0.000     0.000       NaN       NaN
 121.3854167     0.500       NaN       NaN    -0.000     0.000     0.000     0.000     0.000     0.000     0.000     0.000     0.000
 121.4062500    23.000       NaN       NaN    -0.192     0.000     0.000     0.000     0.000     0.000     0.000     0.000     0.000
 121.4062500    22.500       NaN       NaN    -0.192     0.000     0.000     0.000     0.000     0.000     0.000     0.000     0.000
 121.4062500    22.000       NaN       NaN    -0.192     0.000     0.000     0.000     0.000     0.000     0.000     0.000     0.000
 121.4062500    21.500       NaN       NaN    -0.192     0.000     0.000     0.000     0.000     0.000     0.000     0.000     0.000
 121.4062500    21.000       NaN       NaN    -0.192     0.000     0.000     0.000     0.000     0.000     0.000     0.000     0.000
 121.4062500    20.500       NaN       NaN    -0.192     0.000     0.000     0.000     0.000     0.000     0.000     0.000     0.000
 121.4062500    20.000       NaN       NaN    -0.192     0.000     0.000     0.000     0.000     0.000     0.000     0.000     0.000
 121.4062500    19.500       NaN       NaN    -0.192     0.000     0.000     0.000     0.000     0.000     0.000     0.000     0.000
 121.4062500    19.000       NaN       NaN    -0.192     0.000     0.000     0.000     0.000     0.000     0.000     0.000     0.000
 121.4062500    18.500       NaN       NaN    -0.192     0.000     0.000     0.000     0.000     0.000     0.000     0.000     0.000
 121.4062500    18.000       NaN       NaN    -0.192     0.000     0.000     0.000     0.000     0.000     0.000     0.000     0.000
 121.4062500    17.500       NaN       NaN    -0.192     0.000     0.000     0.000     0.000     0.000     0.000     0.000     0.000
 121.4062500    17.000       NaN       NaN    -0.192     0.000     0.000     0.000     0.000     0.000     0.000     0.000     0.000
 121.4062500    16.500       NaN       NaN    -0.192     0.000     0.000     0.000     0.000     0.000     0.000     0.000     0.000
 121.4062500    16.000       NaN       NaN    -0.192     0.000     0.000     0.000     0.000     0.000     0.000     0.000     0.000
 121.4062500    15.500       NaN       NaN    -0.192     0.000     0.000     0.000     0.000     0.000     0.000     0.000     0.000
 121.4062500    15.000       NaN       NaN    -0.192     0.000     0.000     0.000     0.000     0.000     0.000     0.000     0.000
 121.4062500    14.500       NaN       NaN    -0.192     0.000     0.000     0.000     0.000     0.000     0.000     0.000     0.000
 121.4062500    14.000       NaN       NaN    -0.192     0.000     0.000     0.000     0.000     0.000     0.000     0.000     0.000
 121.4062500    13.500       NaN       NaN    -0.192     0.000     0.000     0.000     0.000     0.000     0.000     0.000     0.000
 121.4062500    13.000       NaN       NaN    -0.192     0.000     0.000     0.000     0.000     0.000     0.000     0.000     0.000
 121.4062500    12.500       NaN       NaN    -0.192     0.000     0.000     0.000     0.000     0.000     0.000     0.000     0.000
 121.4062500    12.000       NaN       NaN    -0.192     0.000     0.000     0.000     0.000     0.000     0.000     0.000     0.000
 121.4062500    11.500       NaN       NaN    -0.192     0.000     0.000     0.000     0.000     0.000     0.000     0.000     0.000
 121.4062500    11.000       NaN       NaN    -0.192     0.000     0.000     0.000     0.000     0.000     0.000     0.000     0.000
 121.4062500    10.500       NaN       NaN    -0.192     0.000     0.000     0.000     0.000     0.000     0.000     0.000     0.000
 121.4062500    10.000       NaN       NaN    -0.192     0.000     0.000     0.000     0.000     0.000     0.000       NaN       NaN
 121.4062500     9.500       NaN       NaN    -0.139     0.000     0.000     0.000     0.000     0.000     0.000       NaN       NaN
 121.4062500     9.000       NaN       NaN    -0.101     0.000     0.000     0.000     0.000     0.000     0.000       NaN       NaN
 121.4062500     8.500       NaN       NaN    -0.073     0.000     0.000     0.000     0.000     0.000     0.000       NaN       NaN
 121.4062500     8.000       NaN       NaN    -0.053     0.000     0.000     0.000     0.000     0.000     0.000       NaN       NaN
 121.4062500     7.500       NaN       NaN    -0.039     0.000     0.000     0.000     0.000     0.000     0.000       NaN       NaN
 121.4062500     7.000       NaN       NaN    -0.028     0.000     0.000     0.000     0.000     0.000     0.000       NaN       NaN
 121.4062500     6.500       NaN       NaN    -0.020     0.000     0.000     0.000     0.000     0.000     0.000       NaN       NaN
 121.4062500     6.000       NaN       NaN    -0.015     0.000     0.000     0.000     0.000     0.000     0.000       NaN       NaN
 121.4062500     5.500       NaN       NaN    -0.011     0.000     0.000     0.000     0.000     0.000     0.000       NaN       NaN
 121.4062500     5.000       NaN       NaN    -0.008     0.000     0.000     0.000     0.000     0.000     0.000       NaN       NaN
 121.4062500     4.500       NaN       NaN    -0.006     0.000     0.000     0.000     0.000     0.000     0.000       NaN       NaN
 121.4062500     4.000       NaN       NaN    -0.004     0.000     0.000     0.000     0.000     0.000     0.000       NaN       NaN
 121.4062500     3.500       NaN       NaN    -0.003     0.000     0.000     0.000     0.000     0.000     0.000       NaN       NaN
 121.4062500     3.000       NaN       NaN    -0.002     0.000     0.000     0.000     0.000     0.000     0.000       NaN       NaN
 121.4062500     2.500       NaN       NaN    -0.002     0.000     0.000     0.000     0.000     0.000     0.000       NaN       NaN
 121.4062500     2.000       NaN       NaN    -0.001     0.000     0.000     0.000     0.000     0.000     0.000       NaN       NaN
 121.4062500     1.500       NaN       NaN    -0.001     0.000     0.000     0.000     0.000     0.000     0.000       NaN       NaN
 121.4062500     1.000       NaN       NaN    -0.001     0.000     0.000     0.000     0.000     0.000     0.000       NaN       NaN
 121.4062500     0.500       NaN       NaN    -0.000     0.000     0.000     0.000     0.000     0.000     0.000     0.000     0.000
 121.4270833    23.000       NaN       NaN    -0.166     0.000     0.000     0.000     0.000     0.000     0.000     0.000     0.000
 121.4270833    22.500       NaN       NaN    -0.166     0.000     0.000     0.000     0.000     0.000     0.000     0.000     0.000
 121.4270833    22.000       NaN       NaN    -0.166     0.000     0.000     0.000     0.000     0.000     0.000     0.000     0.000
 121.4270833    21.500       NaN       NaN    -0.166     0.000     0.000     0.000     0.000     0.000     0.000     0.000     0.000
 121.4270833    21.000       NaN       NaN    -0.166     0.000     0.000     0.000     0.000     0.000     0.000     0.000     0.000
 121.4270833    20.500       NaN       NaN    -0.166     0.000     0.000     0.000     0.000     0.000     0.000     0.000     0.000
 121.4270833    20.000       NaN       NaN    -0.166     0.000     0.000     0.000     0.000     0.000     0.000     0.000     0.000
 121.4270833    19.500       NaN       NaN    -0.166     0.000     0.000     0.000     0.000     0.000     0.000     0.000     0.000
 121.4270833    19.000       NaN       NaN    -0.166     0.000     0.000     0.000     0.000     0.000     0.000     0.000     0.000
 121.4270833    18.500       NaN       NaN    -0.166     0.000     0.000     0.000     0.000     0.000     0.000     0.000     0.000
 121.4270833    18.000       NaN       NaN    -0.166     0.000     0.000     0.000     0.000     0.000     0.000     0.000     0.000
 121.4270833    17.500       NaN       NaN    -0.166     0.000     0.000     0.000     0.000     0.000     0.000     0.000     0.000
 121.4270833    17.000       NaN       NaN    -0.166     0.000     0.000     0.000     0.000     0.000     0.000     0.000     0.000
 121.4270833    16.500       NaN       NaN    -0.166     0.000     0.000     0.000     0.000     0.000     0.000     0.000     0.000
 121.4270833    16.000       NaN       NaN    -0.166     0.000     0.000     0.000     0.000     0.000     0.000     0.000     0.000
 121.4270833    15.500       NaN       NaN    -0.166     0.000     0.000     0.000     0.000     0.000     0.000     0.000     0.000
 121.4270833    15.000       NaN       NaN    -0.166     0.000     0.000     0.000     0.000     0.000     0.000     0.000     0.000
 121.4270833    14.500       NaN       NaN    -0.166     0.000     0.000     0.000     0.000     0.000     0.000     0.000     0.000
 121.4270833    14.000       NaN       NaN    -0.166     0.000     0.000     0.000     0.000     0.000     0.000     0.000     0.000
 121.4270833    13.500       NaN       NaN    -0.166     0.000     0.000     0.000     0.000     0.000     0.000     0.000     0.000
 121.4270833    13.000       NaN       NaN    -0.166     0.000     0.000     0.000     0.000     0.000     0.000     0.000     0.000
 121.4270833    12.500       NaN       NaN    -0.166     0.000     0.000     0.000     0.000     0.000     0.000     0.000     0.000
 121.4270833    12.000       NaN       NaN    -0.166     0.000     0.000     0.000     0.000     0.000     0.000     0.000     0.000
 121.4270833    11.500       NaN       NaN    -0.166     0.000     0.000     0.000     0.000     0.000     0.000     0.000     0.000
 121.4270833    11.000       NaN       NaN    -0.166     0.000     0.000     0.000     0.000     0.000     0.000     0.000     0.000
 121.4270833    10.500       NaN       NaN    -0.166     0.000     0.000     0.000     0.000     0.000     0.000     0.000     0.000
 121.4270833    10.000       NaN       NaN    -0.166     0.000     0.000     0.000     0.000     0.000     0.000       NaN       NaN
 121.4270833     9.500       NaN       NaN    -0.121     0.000     0.000     0.000     0.000     0.000     0.000       NaN       NaN
 121.4270833     9.000       NaN       NaN    -0.088     0.000     0.000     0.000     0.000     0.000     0.000       NaN       NaN
 121.4270833     8.500       NaN       NaN    -0.064     0.000     0.000     0.000     0.000     0.000     0.000       NaN       NaN
 121.4270833     8.000       NaN       NaN    -0.046     0.000     0.000     0.000     0.000     0.000     0.000       NaN       NaN
 121.4270833     7.500       NaN       NaN    -0.034     0.000     0.000     0.000     0.000     0.000     0.000       NaN       NaN
 121.4270833     7.000       NaN       NaN    -0.024     0.000     0.000     0.000     0.000     0.000     0.000       NaN       NaN
 121.4270833     6.500       NaN       NaN    -0.018     0.000     0.000     0.000     0.000     0.000     0.000       NaN       NaN
 121.4270833     6.000       NaN       NaN    -0.013     0.000     0.000     0.000     0.000     0.000     0.000       NaN       NaN
 121.4270833     5.500       NaN       NaN    -0.009     0.000     0.000     0.000     0.000     0.000     0.000       NaN       NaN
 121.4270833     5.000       NaN       NaN    -0.007     0.000     0.000     0.000     0.000     0.000     0.000       NaN       NaN
 121.4270833     4.500       NaN       NaN    -0.005     0.000     0.000     0.000     0.000     0.000     0.000       NaN       NaN
 121.4270833     4.000       NaN       NaN    -0.004     0.000     0.000     0.000     0.000     0.000     0.000       NaN       NaN
 121.4270833     3.500       NaN       NaN    -0.003     0.000     0.000     0.000     0.000     0.000     0.000       NaN       NaN
 121.4270833     3.000       NaN       NaN    -0.002     0.000     0.000     0.000     0.000     0.000     0.000       NaN       NaN
 121.4270833     2.500       NaN       NaN    -0.001     0.000     0.000     0.000     0.000     0.000     0.000       NaN       NaN
 121.4270833     2.000       NaN       NaN    -0.001     0.000     0.000     0.000     0.000     0.000     0.000       NaN       NaN
 121.4270833     1.500       NaN       NaN    -0.001     0.000     0.000     0.000     0.000     0.000     0.000       NaN       NaN
 121.4270833     1.000       NaN       NaN    -0.001     0.000     0.000     0.000     0.000     0.000     0.000       NaN       NaN
 121.4270833     0.500       NaN       NaN    -0.000     0.000     0.000     0.000     0.000     0.000     0.000     0.000     0.000
 121.4479167    23.000       NaN       NaN    -0.100     0.000     0.000     0.000     0.000     0.000     0.000     0.000     0.000
 121.4479167    22.500       NaN       NaN    -0.100     0.000     0.000     0.000     0.000     0.000     0.000     0.000     0.000
 121.4479167    22.000       NaN       NaN    -0.100     0.000     0.000     0.000     0.000     0.000     0.000     0.000     0.000
 121.4479167    21.500       NaN       NaN    -0.100     0.000     0.000     0.000     0.000     0.000     0.000     0.000     0.000
 121.4479167    21.000       NaN       NaN    -0.100     0.000     0.000     0.000     0.000     0.000     0.000     0.000     0.000
 121.4479167    20.500       NaN       NaN    -0.100     0.000     0.000     0.000     0.000     0.000     0.000     0.000     0.000
 121.4479167    20.000       NaN       NaN    -0.100     0.000     0.000     0.000     0.000     0.000     0.000     0.000     0.000
 121.4479167    19.500       NaN       NaN    -0.100     0.000     0.000     0.000     0.000     0.000     0.000     0.000     0.000
 121.4479167    19.000       NaN       NaN    -0.100     0.000     0.000     0.000     0.000     0.000     0.000     0.000     0.000
 121.4479167    18.500       NaN       NaN    -0.100     0.000     0.000     0.000     0.000     0.000     0.000     0.000     0.000
 121.4479167    18.000       NaN       NaN    -0.100     0.000     0.000     0.000     0.000     0.000     0.000     0.000     0.000
 121.4479167    17.500       NaN       NaN    -0.100     0.000     0.000     0.000     0.000     0.000     0.000     0.000     0.000
 121.4479167    17.000       NaN       NaN    -0.100     0.000     0.000     0.000     0.000     0.000     0.000     0.000     0.000
 121.4479167    16.500       NaN       NaN    -0.100     0.000     0.000     0.000     0.000     0.000     0.000     0.000     0.000
 121.4479167    16.000       NaN       NaN    -0.100     0.000     0.000     0.000     0.000     0.000     0.000     0.000     0.000
 121.4479167    15.500       NaN       NaN    -0.100     0.000     0.000     0.000     0.000     0.000     0.000     0.000     0.000
 121.4479167    15.000       NaN       NaN    -0.100     0.000     0.000     0.000     0.000     0.000     0.000     0.000     0.000
 121.4479167    14.500       NaN       NaN    -0.100     0.000     0.000     0.000     0.000     0.000     0.000     0.000     0.000
 121.4479167    14.000       NaN       NaN    -0.100     0.000     0.000     0.000     0.000     0.000     0.000     0.000     0.000
 121.4479167    13.500       NaN       NaN    -0.100     0.000     0.000     0.000     0.000     0.000     0.000     0.000     0.000
 121.4479167    13.000       NaN       NaN    -0.100     0.000     0.000     0.000     0.000     0.000     0.000     0.000     0.000
 121.4479167    12.500       NaN       NaN    -0.100     0.000     0.000     0.000     0.000     0.000     0.000     0.000     0.000
 121.4479167    12.000       NaN       NaN    -0.100     0.000     0.000     0.000     0.000     0.000     0.000     0.000     0.000
 121.4479167    11.500       NaN       NaN    -0.100     0.000     0.000     0.000     0.000     0.000     0.000     0.000     0.000
 121.4479167    11.000       NaN       NaN    -0.100     0.000     0.000     0.000     0.000     0.000     0.000     0.000     0.000
 121.4479167    10.500       NaN       NaN    -0.100     0.000     0.000     0.000     0.000     0.000     0.000     0.000     0.000
 121.4479167    10.000       NaN       NaN    -0.100     0.000     0.000     0.000     0.000     0.000     0.000       NaN       NaN
 121.4479167     9.500       NaN       NaN    -0.073     0.000     0.000     0.000     0.000     0.000     0.000       NaN       NaN
 121.4479167     9.000       NaN       NaN    -0.053     0.000     0.000     0.000     0.000     0.000     0.000       NaN       NaN
 121.4479167     8.500       NaN       NaN    -0.038     0.000     0.000     0.000     0.000     0.000     0.000       NaN       NaN
 121.4479167     8.000       NaN       NaN    -0.028     0.000     0.000     0.000     0.000     0.000     0.000       NaN       NaN
 121.4479167     7.500       NaN       NaN    -0.020     0.000     0.000     0.000     0.000     0.000     0.000       NaN       NaN
 121.4479167     7.000       NaN       NaN    -0.015     0.000     0.000     0.000     0.000     0.000     0.000       NaN       NaN
 121.4479167     6.500       NaN       NaN    -0.011     0.000     0.000     0.000     0.000     0.000     0.000       NaN       NaN
 121.4479167     6.000       NaN       NaN    -0.008     0.000     0.000     0.000     0.000     0.000     0.000       NaN       NaN
 121.4479167     5.500       NaN       NaN    -0.006     0.000     0.000     0.000     0.000     0.000     0.000       NaN       NaN
 121.4479167     5.000       NaN       NaN    -0.004     0.000     0.000     0.000     0.000     0.000     0.000       NaN       NaN
 121.4479167     4.500       NaN       NaN    -0.003     0.000     0.000     0.000     0.000     0.000     0.000       NaN       NaN
 121.4479167     4.000       NaN       NaN    -0.002     0.000     0.000     0.000     0.000     0.000     0.000       NaN       NaN
 121.4479167     3.500       NaN       NaN    -0.002     0.000     0.000     0.000     0.000     0.000     0.000       NaN       NaN
 121.4479167     3.000       NaN       NaN    -0.001     0.000     0.000     0.000     0.000     0.000     0.000       NaN       NaN
 121.4479167     2.500       NaN       NaN    -0.001     0.000     0.000     0.000     0.000     0.000     0.000       NaN       NaN
 121.4479167     2.000       NaN       NaN    -0.001     0.000     0.000     0.000     0.000     0.000     0.000       NaN       NaN
 121.4479167     1.500       NaN       NaN    -0.000     0.000     0.000     0.000     0.000     0.000     0.000       NaN       NaN
 121.4479167     1.000       NaN       NaN    -0.000     0.000     0.000     0.000     0.000     0.000     0.000       NaN       NaN
 121.4479167     0.500       NaN       NaN    -0.000     0.000     0.000     0.000     0.000     0.000     0.000     0.000     0.000
 121.4687500    23.000       NaN       NaN    -0.181     0.000     0.000     0.000     0.000     0.000     0.000     0.000     0.000
 121.4687500    22.500       NaN       NaN    -0.181     0.000     0.000     0.000     0.000     0.000     0.000     0.000     0.000
 121.4687500    22.000       NaN       NaN    -0.181     0.000     0.000     0.000     0.000     0.000     0.000     0.000     0.000
 121.4687500    21.500       NaN       NaN    -0.181     0.000     0.000     0.000     0.000     0.000     0.000     0.000     0.000
 121.4687500    21.000       NaN       NaN    -0.181     0.000     0.000     0.000     0.000     0.000     0.000     0.000     0.000
 121.4687500    20.500       NaN       NaN    -0.181     0.000     0.000     0.000     0.000     0.000     0.000     0.000     0.000
 121.4687500    20.000       NaN       NaN    -0.181     0.000     0.000     0.000     0.000     0.000     0.000     0.000     0.000
 121.4687500    19.500       NaN       NaN    -0.181     0.000     0.000     0.000     0.000     0.000     0.000     0.000     0.000
 121.4687500    19.000       NaN       NaN    -0.181     0.000     0.000     0.000     0.000     0.000     0.000     0.000     0.000
 121.4687500    18.500       NaN       NaN    -0.181     0.000     0.000     0.000     0.000     0.000     0.000     0.000     0.000
 121.4687500    18.000       NaN       NaN    -0.181     0.000     0.000     0.000     0.000     0.000     0.000     0.000     0.000
 121.4687500    17.500       NaN       NaN    -0.181     0.000     0.000     0.000     0.000     0.000     0.000     0.000     0.000
 121.4687500    17.000       NaN       NaN    -0.181     0.000     0.000     0.000     0.000     0.000     0.000     0.000     0.000
 121.4687500    16.500       NaN       NaN    -0.181     0.000     0.000     0.000     0.000     0.000     0.000     0.000     0.000
 121.4687500    16.000       NaN       NaN    -0.181     0.000     0.000     0.000     0.000     0.000     0.000     0.000     0.000
 121.4687500    15.500       NaN       NaN    -0.181     0.000     0.000     0.000     0.000     0.000     0.000     0.000     0.000
 121.4687500    15.000       NaN       NaN    -0.181     0.000     0.000     0.000     0.000     0.000     0.000     0.000     0.000
 121.4687500    14.500       NaN       NaN    -0.181     0.000     0.000     0.000     0.000     0.000     0.000     0.000     0.000
 121.4687500    14.000       NaN       NaN    -0.181     0.000     0.000     0.000     0.000     0.000     0.000     0.000     0.000
 121.4687500    13.500       NaN       NaN    -0.181     0.000     0.000     0.000     0.000     0.000     0.000     0.000     0.000
 121.4687500    13.000       NaN       NaN    -0.181     0.000     0.000     0.000     0.000     0.000     0.000     0.000     0.000
 121.4687500    12.500       NaN       NaN    -0.181     0.000     0.000     0.000     0.000     0.000     0.000     0.000     0.000
 121.4687500    12.000       NaN       NaN    -0.181     0.000     0.000     0.000     0.000     0.000     0.000     0.000     0.000
 121.4687500    11.500       NaN       NaN    -0.181     0.000     0.000     0.000     0.000     0.000     0.000     0.000     0.000
 121.4687500    11.000       NaN       NaN    -0.181     0.000     0.000     0.000     0.000     0.000     0.000     0.000     0.000
 121.4687500    10.500       NaN       NaN    -0.181     0.000     0.000     0.000     0.000     0.000     0.000     0.000     0.000
 121.4687500    10.000       NaN       NaN    -0.181     0.000     0.000     0.000     0.000     0.000     0.000       NaN       NaN
 121.4687500     9.500       NaN       NaN    -0.132     0.000     0.000     0.000     0.000     0.000     0.000       NaN       NaN
 121.4687500     9.000       NaN       NaN    -0.096     0.000     0.000     0.000     0.000     0.000     0.000       NaN       NaN
 121.4687500     8.500       NaN       NaN    -0.069     0.000     0.000     0.000     0.000     0.000     0.000       NaN       NaN
 121.4687500     8.000       NaN       NaN    -0.050     0.000     0.000     0.000     0.000     0.000     0.000       NaN       NaN
 121.4687500     7.500       NaN       NaN    -0.037     0.000     0.000     0.000     0.000     0.000     0.000       NaN       NaN
 121.4687500     7.000       NaN       NaN    -0.027     0.000     0.000     0.000     0.000     0.000     0.000       NaN       NaN
 121.4687500     6.500       NaN       NaN    -0.019     0.000     0.000     0.000     0.000     0.000     0.000       NaN       NaN
 121.4687500     6.000       NaN       NaN    -0.014     0.000     0.000     0.000     0.000     0.000     0.000       NaN       NaN
 121.4687500     5.500       NaN       NaN    -0.010     0.000     0.000     0.000     0.000     0.000     0.000       NaN       NaN
 121.4687500     5.000       NaN       NaN    -0.007     0.000     0.000     0.000     0.000     0.000     0.000       NaN       NaN
 121.4687500     4.500       NaN       NaN    -0.005     0.000     0.000     0.000     0.000     0.000     0.000       NaN       NaN
 121.4687500     4.000       NaN       NaN    -0.004     0.000     0.000     0.000     0.000     0.000     0.000       NaN       NaN
 121.4687500     3.500       NaN       NaN    -0.003     0.000     0.000     0.000     0.000     0.000     0.000       NaN       NaN
 121.4687500     3.000       NaN       NaN    -0.002     0.000     0.000     0.000     0.000     0.000     0.000       NaN       NaN
 121.4687500     2.500       NaN       NaN    -0.001     0.000     0.000     0.000     0.000     0.000     0.000       NaN       NaN
 121.4687500     2.000       NaN       NaN    -0.001     0.000     0.000     0.000     0.000     0.000     0.000       NaN       NaN
 121.4687500     1.500       NaN       NaN    -0.001     0.000     0.000     0.000     0.000     0.000     0.000       NaN       NaN
 121.4687500     1.000       NaN       NaN    -0.001     0.000     0.000     0.000     0.000     0.000     0.000       NaN       NaN
 121.4687500     0.500       NaN       NaN    -0.000     0.000     0.000     0.000     0.000     0.000     0.000     0.000     0.000
 121.4895833    23.000       NaN       NaN    -0.220     0.000     0.000     0.000     0.000     0.000     0.000     0.000     0.000
 121.4895833    22.500       NaN       NaN    -0.220     0.000     0.000     0.000     0.000     0.000     0.000     0.000     0.000
 121.4895833    22.000       NaN       NaN    -0.220     0.000     0.000     0.000     0.000     0.000     0.000     0.000     0.000
 121.4895833    21.500       NaN       NaN    -0.220     0.000     0.000     0.000     0.000     0.000     0.000     0.000     0.000
 121.4895833    21.000       NaN       NaN    -0.220     0.000     0.000     0.000     0.000     0.000     0.000     0.000     0.000
 121.4895833    20.500       NaN       NaN    -0.220     0.000     0.000     0.000     0.000     0.000     0.000     0.000     0.000
 121.4895833    20.000       NaN       NaN    -0.220     0.000     0.000     0.000     0.000     0.000     0.000     0.000     0.000
 121.4895833    19.500       NaN       NaN    -0.220     0.000     0.000     0.000     0.000     0.000     0.000     0.000     0.000
 121.4895833    19.000       NaN       NaN    -0.220     0.000     0.000     0.000     0.000     0.000     0.000     0.000     0.000
 121.4895833    18.500       NaN       NaN    -0.220     0.000     0.000     0.000     0.000     0.000     0.000     0.000     0.000
 121.4895833    18.000       NaN       NaN    -0.220     0.000     0.000     0.000     0.000     0.000     0.000     0.000     0.000
 121.4895833    17.500       NaN       NaN    -0.220     0.000     0.000     0.000     0.000     0.000     0.000     0.000     0.000
 121.4895833    17.000       NaN       NaN    -0.220     0.000     0.000     0.000     0.000     0.000     0.000     0.000     0.000
 121.4895833    16.500       NaN       NaN    -0.220     0.000     0.000     0.000     0.000     0.000     0.000     0.000     0.000
 121.4895833    16.000       NaN       NaN    -0.220     0.000     0.000     0.000     0.000     0.000     0.000     0.000     0.000
 121.4895833    15.500       NaN       NaN    -0.220     0.000     0.000     0.000     0.000     0.000     0.000     0.000     0.000
 121.4895833    15.000       NaN       NaN    -0.220     0.000     0.000     0.000     0.000     0.000     0.000     0.000     0.000
 121.4895833    14.500       NaN       NaN    -0.220     0.000     0.000     0.000     0.000     0.000     0.000     0.000     0.000
 121.4895833    14.000       NaN       NaN    -0.220     0.000     0.000     0.000     0.000     0.000     0.000     0.000     0.000
 121.4895833    13.500       NaN       NaN    -0.220     0.000     0.000     0.000     0.000     0.000     0.000     0.000     0.000
 121.4895833    13.000       NaN       NaN    -0.220     0.000     0.000     0.000     0.000     0.000     0.000     0.000     0.000
 121.4895833    12.500       NaN       NaN    -0.220     0.000     0.000     0.000     0.000     0.000     0.000     0.000     0.000
 121.4895833    12.000       NaN       NaN    -0.220     0.000     0.000     0.000     0.000     0.000     0.000     0.000     0.000
 121.4895833    11.500       NaN       NaN    -0.220     0.000     0.000     0.000     0.000     0.000     0.000     0.000     0.000
 121.4895833    11.000       NaN       NaN    -0.220     0.000     0.000     0.000     0.000     0.000     0.000     0.000     0.000
 121.4895833    10.500       NaN       NaN    -0.220     0.000     0.000     0.000     0.000     0.000     0.000     0.000     0.000
 121.4895833    10.000       NaN       NaN    -0.220     0.000     0.000     0.000     0.000     0.000     0.000       NaN       NaN
 121.4895833     9.500       NaN       NaN    -0.160     0.000     0.000     0.000     0.000     0.000     0.000       NaN       NaN
 121.4895833     9.000       NaN       NaN    -0.116     0.000     0.000     0.000     0.000     0.000     0.000       NaN       NaN
 121.4895833     8.500       NaN       NaN    -0.084     0.000     0.000     0.000     0.000     0.000     0.000       NaN       NaN
 121.4895833     8.000       NaN       NaN    -0.061     0.000     0.000     0.000     0.000     0.000     0.000       NaN       NaN
 121.4895833     7.500       NaN       NaN    -0.044     0.000     0.000     0.000     0.000     0.000     0.000       NaN       NaN
 121.4895833     7.000       NaN       NaN    -0.032     0.000     0.000     0.000     0.000     0.000     0.000       NaN       NaN
 121.4895833     6.500       NaN       NaN    -0.023     0.000     0.000     0.000     0.000     0.000     0.000       NaN       NaN
 121.4895833     6.000       NaN       NaN    -0.017     0.000     0.000     0.000     0.000     0.000     0.000       NaN       NaN
 121.4895833     5.500       NaN       NaN    -0.012     0.000     0.000     0.000     0.000     0.000     0.000       NaN       NaN
 121.4895833     5.000       NaN       NaN    -0.009     0.000     0.000     0.000     0.000     0.000     0.000       NaN       NaN
 121.4895833     4.500       NaN       NaN    -0.007     0.000     0.000     0.000     0.000     0.000     0.000       NaN       NaN
 121.4895833     4.000       NaN       NaN    -0.005     0.000     0.000     0.000     0.000     0.000     0.000       NaN       NaN
 121.4895833     3.500       NaN       NaN    -0.003     0.000     0.000     0.000     0.000     0.000     0.000       NaN       NaN
 121.4895833     3.000       NaN       NaN    -0.002     0.000     0.000     0.000     0.000     0.000     0.000       NaN       NaN
 121.4895833     2.500       NaN       NaN    -0.002     0.000     0.000     0.000     0.000     0.000     0.000       NaN       NaN
 121.4895833     2.000       NaN       NaN    -0.001     0.000     0.000     0.000     0.000     0.000     0.000       NaN       NaN
 121.4895833     1.500       NaN       NaN    -0.001     0.000     0.000     0.000     0.000     0.000     0.000       NaN       NaN
 121.4895833     1.000       NaN       NaN    -0.001     0.000     0.000     0.000     0.000     0.000     0.000       NaN       NaN
 121.4895833     0.500       NaN       NaN    -0.001     0.000     0.000     0.000     0.000     0.000     0.000     0.000     0.000
 121.5104167    23.000       NaN       NaN    -0.247     0.000     0.000     0.000     0.000     0.000     0.000     0.000     0.000
 121.5104167    22.500       NaN       NaN    -0.247     0.000     0.000     0.000     0.000     0.000     0.000     0.000     0.000
 121.5104167    22.000       NaN       NaN    -0.247     0.000     0.000     0.000     0.000     0.000     0.000     0.000     0.000
 121.5104167    21.500       NaN       NaN    -0.247     0.000     0.000     0.000     0.000     0.000     0.000     0.000     0.000
 121.5104167    21.000       NaN       NaN    -0.247     0.000     0.000     0.000     0.000     0.000     0.000     0.000     0.000
 121.5104167    20.500       NaN       NaN    -0.247     0.000     0.000     0.000     0.000     0.000     0.000     0.000     0.000
 121.5104167    20.000       NaN       NaN    -0.247     0.000     0.000     0.000     0.000     0.000     0.000     0.000     0.000
 121.5104167    19.500       NaN       NaN    -0.247     0.000     0.000     0.000     0.000     0.000     0.000     0.000     0.000
 121.5104167    19.000       NaN       NaN    -0.247     0.000     0.000     0.000     0.000     0.000     0.000     0.000     0.000
 121.5104167    18.500       NaN       NaN    -0.247     0.000     0.000     0.000     0.000     0.000     0.000     0.000     0.000
 121.5104167    18.000       NaN       NaN    -0.247     0.000     0.000     0.000     0.000     0.000     0.000     0.000     0.000
 121.5104167    17.500       NaN       NaN    -0.247     0.000     0.000     0.000     0.000     0.000     0.000     0.000     0.000
 121.5104167    17.000       NaN       NaN    -0.247     0.000     0.000     0.000     0.000     0.000     0.000     0.000     0.000
 121.5104167    16.500       NaN       NaN    -0.247     0.000     0.000     0.000     0.000     0.000     0.000     0.000     0.000
 121.5104167    16.000       NaN       NaN    -0.247     0.000     0.000     0.000     0.000     0.000     0.000     0.000     0.000
 121.5104167    15.500       NaN       NaN    -0.247     0.000     0.000     0.000     0.000     0.000     0.000     0.000     0.000
 121.5104167    15.000       NaN       NaN    -0.247     0.000     0.000     0.000     0.000     0.000     0.000     0.000     0.000
 121.5104167    14.500       NaN       NaN    -0.247     0.000     0.000     0.000     0.000     0.000     0.000     0.000     0.000
 121.5104167    14.000       NaN       NaN    -0.247     0.000     0.000     0.000     0.000     0.000     0.000     0.000     0.000
 121.5104167    13.500       NaN       NaN    -0.247     0.000     0.000     0.000     0.000     0.000     0.000     0.000     0.000
 121.5104167    13.000       NaN       NaN    -0.247     0.000     0.000     0.000     0.000     0.000     0.000     0.000     0.000
 121.5104167    12.500       NaN       NaN    -0.247     0.000     0.000     0.000     0.000     0.000     0.000     0.000     0.000
 121.5104167    12.000       NaN       NaN    -0.247     0.000     0.000     0.000     0.000     0.000     0.000     0.000     0.000
 121.5104167    11.500       NaN       NaN    -0.247     0.000     0.000     0.000     0.000     0.000     0.000     0.000     0.000
 121.5104167    11.000       NaN       NaN    -0.247     0.000     0.000     0.000     0.000     0.000     0.000     0.000     0.000
 121.5104167    10.500       NaN       NaN    -0.247     0.000     0.000     0.000     0.000     0.000     0.000     0.000     0.000
 121.5104167    10.000       NaN       NaN    -0.247     0.000     0.000     0.000     0.000     0.000     0.000       NaN       NaN
 121.5104167     9.500       NaN       NaN    -0.180     0.000     0.000     0.000     0.000     0.000     0.000       NaN       NaN
 121.5104167     9.000       NaN       NaN    -0.130     0.000     0.000     0.000     0.000     0.000     0.000       NaN       NaN
 121.5104167     8.500       NaN       NaN    -0.095     0.000     0.000     0.000     0.000     0.000     0.000       NaN       NaN
 121.5104167     8.000       NaN       NaN    -0.069     0.000     0.000     0.000     0.000     0.000     0.000       NaN       NaN
 121.5104167     7.500       NaN       NaN    -0.050     0.000     0.000     0.000     0.000     0.000     0.000       NaN       NaN
 121.5104167     7.000       NaN       NaN    -0.036     0.000     0.000     0.000     0.000     0.000     0.000       NaN       NaN
 121.5104167     6.500       NaN       NaN    -0.026     0.000     0.000     0.000     0.000     0.000     0.000       NaN       NaN
 121.5104167     6.000       NaN       NaN    -0.019     0.000     0.000     0.000     0.000     0.000     0.000       NaN       NaN
 121.5104167     5.500       NaN       NaN    -0.014     0.000     0.000     0.000     0.000     0.000     0.000       NaN       NaN
 121.5104167     5.000       NaN       NaN    -0.010     0.000     0.000     0.000     0.000     0.000     0.000       NaN       NaN
 121.5104167     4.500       NaN       NaN    -0.007     0.000     0.000     0.000     0.000     0.000     0.000       NaN       NaN
 121.5104167     4.000       NaN       NaN    -0.005     0.000     0.000     0.000     0.000     0.000     0.000       NaN       NaN
 121.5104167     3.500       NaN       NaN    -0.004     0.000     0.000     0.000     0.000     0.000     0.000       NaN       NaN
 121.5104167     3.000       NaN       NaN    -0.003     0.000     0.000     0.000     0.000     0.000     0.000       NaN       NaN
 121.5104167     2.500       NaN       NaN    -0.002     0.000     0.000     0.000     0.000     0.000     0.000       NaN       NaN
 121.5104167     2.000       NaN       NaN    -0.001     0.000     0.000     0.000     0.000     0.000     0.000       NaN       NaN
 121.5104167     1.500       NaN       NaN    -0.001     0.000     0.000     0.000     0.000     0.000     0.000       NaN       NaN
 121.5104167     1.000       NaN       NaN    -0.001     0.000     0.000     0.000     0.000     0.000     0.000       NaN       NaN
 121.5104167     0.500       NaN       NaN    -0.001     0.000     0.000     0.000     0.000     0.000     0.000     0.000     0.000
 121.5312500    23.000       NaN       NaN    -0.196     0.000     0.000     0.000     0.000     0.000     0.000     0.000     0.000
 121.5312500    22.500       NaN       NaN    -0.196     0.000     0.000     0.000     0.000     0.000     0.000     0.000     0.000
 121.5312500    22.000       NaN       NaN    -0.196     0.000     0.000     0.000     0.000     0.000     0.000     0.000     0.000
 121.5312500    21.500       NaN       NaN    -0.196     0.000     0.000     0.000     0.000     0.000     0.000     0.000     0.000
 121.5312500    21.000       NaN       NaN    -0.196     0.000     0.000     0.000     0.000     0.000     0.000     0.000     0.000
 121.5312500    20.500       NaN       NaN    -0.196     0.000     0.000     0.000     0.000     0.000     0.000     0.000     0.000
 121.5312500    20.000       NaN       NaN    -0.196     0.000     0.000     0.000     0.000     0.000     0.000     0.000     0.000
 121.5312500    19.500       NaN       NaN    -0.196     0.000     0.000     0.000     0.000     0.000     0.000     0.000     0.000
 121.5312500    19.000       NaN       NaN    -0.196     0.000     0.000     0.000     0.000     0.000     0.000     0.000     0.000
 121.5312500    18.500       NaN       NaN    -0.196     0.000     0.000     0.000     0.000     0.000     0.000     0.000     0.000
 121.5312500    18.000       NaN       NaN    -0.196     0.000     0.000     0.000     0.000     0.000     0.000     0.000     0.000
 121.5312500    17.500       NaN       NaN    -0.196     0.000     0.000     0.000     0.000     0.000     0.000     0.000     0.000
 121.5312500    17.000       NaN       NaN    -0.196     0.000     0.000     0.000     0.000     0.000     0.000     0.000     0.000
 121.5312500    16.500       NaN       NaN    -0.196     0.000     0.000     0.000     0.000     0.000     0.000     0.000     0.000
 121.5312500    16.000       NaN       NaN    -0.196     0.000     0.000     0.000     0.000     0.000     0.000     0.000     0.000
 121.5312500    15.500       NaN       NaN    -0.196     0.000     0.000     0.000     0.000     0.000     0.000     0.000     0.000
 121.5312500    15.000       NaN       NaN    -0.196     0.000     0.000     0.000     0.000     0.000     0.000     0.000     0.000
 121.5312500    14.500       NaN       NaN    -0.196     0.000     0.000     0.000     0.000     0.000     0.000     0.000     0.000
 121.5312500    14.000       NaN       NaN    -0.196     0.000     0.000     0.000     0.000     0.000     0.000     0.000     0.000
 121.5312500    13.500       NaN       NaN    -0.196     0.000     0.000     0.000     0.000     0.000     0.000     0.000     0.000
 121.5312500    13.000       NaN       NaN    -0.196     0.000     0.000     0.000     0.000     0.000     0.000     0.000     0.000
 121.5312500    12.500       NaN       NaN    -0.196     0.000     0.000     0.000     0.000     0.000     0.000     0.000     0.000
 121.5312500    12.000       NaN       NaN    -0.196     0.000     0.000     0.000     0.000     0.000     0.000     0.000     0.000
 121.5312500    11.500       NaN       NaN    -0.196     0.000     0.000     0.000     0.000     0.000     0.000     0.000     0.000
 121.5312500    11.000       NaN       NaN    -0.196     0.000     0.000     0.000     0.000     0.000     0.000     0.000     0.000
 121.5312500    10.500       NaN       NaN    -0.196     0.000     0.000     0.000     0.000     0.000     0.000     0.000     0.000
 121.5312500    10.000       NaN       NaN    -0.196     0.088     0.146     0.376     0.318     0.020     0.185       NaN       NaN
 121.5312500     9.500       NaN       NaN    -0.142     0.026     0.044     0.330     0.338     0.015     0.140       NaN       NaN
 121.5312500     9.000       NaN       NaN    -0.103     0.005     0.008     0.273     0.320     0.012     0.114       NaN       NaN
 121.5312500     8.500       NaN       NaN    -0.075     0.001     0.001     0.222     0.290     0.010     0.099       NaN       NaN
 121.5312500     8.000       NaN       NaN    -0.054     0.000     0.000     0.180     0.260     0.008     0.086       NaN       NaN
 121.5312500     7.500       NaN       NaN    -0.039     0.000     0.000     0.146     0.232     0.007     0.075       NaN       NaN
 121.5312500     7.000       NaN       NaN    -0.029     0.000     0.000     0.119     0.208     0.006     0.065       NaN       NaN
 121.5312500     6.500       NaN       NaN    -0.021     0.000     0.000     0.098     0.188     0.005     0.057       NaN       NaN
 121.5312500     6.000       NaN       NaN    -0.015     0.000     0.000     0.082     0.170     0.004     0.049       NaN       NaN
 121.5312500     5.500       NaN       NaN    -0.011     0.000     0.000     0.070     0.155     0.004     0.043       NaN       NaN
 121.5312500     5.000       NaN       NaN    -0.008     0.000     0.000     0.060     0.142     0.004     0.038       NaN       NaN
 121.5312500     4.500       NaN       NaN    -0.006     0.000     0.000     0.052     0.131     0.003     0.033       NaN       NaN
 121.5312500     4.000       NaN       NaN    -0.004     0.000     0.000     0.046     0.122     0.003     0.029       NaN       NaN
 121.5312500     3.500       NaN       NaN    -0.003     0.000     0.000     0.042     0.114     0.003     0.026       NaN       NaN
 121.5312500     3.000       NaN       NaN    -0.002     0.000     0.000     0.038     0.108     0.003     0.023       NaN       NaN
 121.5312500     2.500       NaN       NaN    -0.002     0.000     0.000     0.036     0.103     0.003     0.021       NaN       NaN
 121.5312500     2.000       NaN       NaN    -0.001     0.000     0.000     0.034     0.099     0.003     0.019       NaN       NaN
 121.5312500     1.500       NaN       NaN    -0.001     0.000     0.000     0.032     0.097     0.003     0.018       NaN       NaN
 121.5312500     1.000       NaN       NaN    -0.001     0.000     0.000     0.031     0.095     0.003     0.017       NaN       NaN
 121.5312500     0.500       NaN       NaN    -0.000     0.000     0.000     0.000     0.000     0.000     0.000     0.000     0.000
 121.5520833    23.000       NaN       NaN    -0.096     0.000     0.000     0.000     0.000     0.000     0.000     0.000     0.000
 121.5520833    22.500       NaN       NaN    -0.096     0.000     0.000     0.000     0.000     0.000     0.000     0.000     0.000
 121.5520833    22.000       NaN       NaN    -0.096     0.000     0.000     0.000     0.000     0.000     0.000     0.000     0.000
 121.5520833    21.500       NaN       NaN    -0.096     0.000     0.000     0.000     0.000     0.000     0.000     0.000     0.000
 121.5520833    21.000       NaN       NaN    -0.096     0.000     0.000     0.000     0.000     0.000     0.000     0.000     0.000
 121.5520833    20.500       NaN       NaN    -0.096     0.000     0.000     0.000     0.000     0.000     0.000     0.000     0.000
 121.5520833    20.000       NaN       NaN    -0.096     0.000     0.000     0.000     0.000     0.000     0.000     0.000     0.000
 121.5520833    19.500       NaN       NaN    -0.096     0.000     0.000     0.000     0.000     0.000     0.000     0.000     0.000
 121.5520833    19.000       NaN       NaN    -0.096     0.000     0.000     0.000     0.000     0.000     0.000     0.000     0.000
 121.5520833    18.500       NaN       NaN    -0.096     0.000     0.000     0.000     0.000     0.000     0.000     0.000     0.000
 121.5520833    18.000       NaN       NaN    -0.096     0.000     0.000     0.000     0.000     0.000     0.000     0.000     0.000
 121.5520833    17.500       NaN       NaN    -0.096     0.000     0.000     0.000     0.000     0.000     0.000     0.000     0.000
 121.5520833    17.000       NaN       NaN    -0.096     0.000     0.000     0.000     0.000     0.000     0.000     0.000     0.000
 121.5520833    16.500       NaN       NaN    -0.096     0.000     0.000     0.000     0.000     0.000     0.000     0.000     0.000
 121.5520833    16.000       NaN       NaN    -0.096     0.000     0.000     0.000     0.000     0.000     0.000     0.000     0.000
 121.5520833    15.500       NaN       NaN    -0.096     0.000     0.000     0.000     0.000     0.000     0.000     0.000     0.000
 121.5520833    15.000       NaN       NaN    -0.096     0.000     0.000     0.000     0.000     0.000     0.000     0.000     0.000
 121.5520833    14.500       NaN       NaN    -0.096     0.000     0.000     0.000     0.000     0.000     0.000     0.000     0.000
 121.5520833    14.000       NaN       NaN    -0.096     0.000     0.000     0.000     0.000     0.000     0.000     0.000     0.000
 121.5520833    13.500       NaN       NaN    -0.096     0.000     0.000     0.000     0.000     0.000     0.000     0.000     0.000
 121.5520833    13.000       NaN       NaN    -0.096     0.000     0.000     0.000     0.000     0.000     0.000     0.000     0.000
 121.5520833    12.500       NaN       NaN    -0.096     0.000     0.000     0.000     0.000     0.000     0.000     0.000     0.000
 121.5520833    12.000       NaN       NaN    -0.096     0.000     0.000     0.000     0.000     0.000     0.000     0.000     0.000
 121.5520833    11.500       NaN       NaN    -0.096     0.000     0.000     0.000     0.000     0.000     0.000     0.000     0.000
 121.5520833    11.000       NaN       NaN    -0.096     0.000     0.000     0.000     0.000     0.000     0.000     0.000     0.000
 121.5520833    10.500       NaN       NaN    -0.096     0.000     0.000     0.000     0.000     0.000     0.000     0.000     0.000
 121.5520833    10.000       NaN       NaN    -0.096     1.587     2.497     4.941     4.032     0.293     2.660       NaN       NaN
 121.5520833     9.500       NaN       NaN    -0.070     0.475     0.748     4.351     4.458     0.209     1.929       NaN       NaN
 121.5520833     9.000       NaN       NaN    -0.050     0.092     0.145     3.609     4.275     0.159     1.546       NaN       NaN
 121.5520833     8.500       NaN       NaN    -0.037     0.016     0.025     2.936     3.884     0.128     1.329       NaN       NaN
 121.5520833     8.000       NaN       NaN    -0.027     0.003     0.004     2.376     3.484     0.106     1.157       NaN       NaN
 121.5520833     7.500       NaN       NaN    -0.019     0.000     0.001     1.929     3.119     0.089     1.009       NaN       NaN
 121.5520833     7.000       NaN       NaN    -0.014     0.000     0.000     1.577     2.798     0.075     0.878       NaN       NaN
 121.5520833     6.500       NaN       NaN    -0.010     0.000     0.000     1.302     2.520     0.065     0.763       NaN       NaN
 121.5520833     6.000       NaN       NaN    -0.007     0.000     0.000     1.088     2.280     0.057     0.664       NaN       NaN
 121.5520833     5.500       NaN       NaN    -0.005     0.000     0.000     0.922     2.076     0.052     0.578       NaN       NaN
 121.5520833     5.000       NaN       NaN    -0.004     0.000     0.000     0.793     1.903     0.048     0.504       NaN       NaN
 121.5520833     4.500       NaN       NaN    -0.003     0.000     0.000     0.692     1.757     0.045     0.441       NaN       NaN
 121.5520833     4.000       NaN       NaN    -0.002     0.000     0.000     0.614     1.635     0.042     0.389       NaN       NaN
 121.5520833     3.500       NaN       NaN    -0.001     0.000     0.000     0.554     1.534     0.041     0.345       NaN       NaN
 121.5520833     3.000       NaN       NaN    -0.001     0.000     0.000     0.507     1.452     0.040     0.309       NaN       NaN
 121.5520833     2.500       NaN       NaN    -0.001     0.000     0.000     0.472     1.386     0.039     0.280       NaN       NaN
 121.5520833     2.000       NaN       NaN    -0.001     0.000     0.000     0.446     1.334     0.038     0.259       NaN       NaN
 121.5520833     1.500       NaN       NaN    -0.000     0.000     0.000     0.427     1.296     0.038     0.243       NaN       NaN
 121.5520833     1.000       NaN       NaN    -0.000     0.000     0.000     0.415     1.270     0.037     0.232       NaN       NaN
 121.5520833     0.500       NaN       NaN    -0.000     0.000     0.000     0.000     0.000     0.000     0.000     0.000     0.000
 121.5729167    23.000       NaN       NaN    -0.143     0.000     0.000     0.000     0.000     0.000     0.000     0.000     0.000
 121.5729167    22.500       NaN       NaN    -0.143     0.000     0.000     0.000     0.000     0.000     0.000     0.000     0.000
 121.5729167    22.000       NaN       NaN    -0.143     0.000     0.000     0.000     0.000     0.000     0.000     0.000     0.000
 121.5729167    21.500       NaN       NaN    -0.143     0.000     0.000     0.000     0.000     0.000     0.000     0.000     0.000
 121.5729167    21.000       NaN       NaN    -0.143     0.000     0.000     0.000     0.000     0.000     0.000     0.000     0.000
 121.5729167    20.500       NaN       NaN    -0.143     0.000     0.000     0.000     0.000     0.000     0.000     0.000     0.000
 121.5729167    20.000       NaN       NaN    -0.143     0.000     0.000     0.000     0.000     0.000     0.000     0.000     0.000
 121.5729167    19.500       NaN       NaN    -0.143     0.000     0.000     0.000     0.000     0.000     0.000     0.000     0.000
 121.5729167    19.000       NaN       NaN    -0.143     0.000     0.000     0.000     0.000     0.000     0.000     0.000     0.000
 121.5729167    18.500       NaN       NaN    -0.143     0.000     0.000     0.000     0.000     0.000     0.000     0.000     0.000
 121.5729167    18.000       NaN       NaN    -0.143     0.000     0.000     0.000     0.000     0.000     0.000     0.000     0.000
 121.5729167    17.500       NaN       NaN    -0.143     0.000     0.000     0.000     0.000     0.000     0.000     0.000     0.000
 121.5729167    17.000       NaN       NaN    -0.143     0.000     0.000     0.000     0.000     0.000     0.000     0.000     0.000
 121.5729167    16.500       NaN       NaN    -0.143     0.000     0.000     0.000     0.000     0.000     0.000     0.000     0.000
 121.5729167    16.000       NaN       NaN    -0.143     0.000     0.000     0.000     0.000     0.000     0.000     0.000     0.000
 121.5729167    15.500       NaN       NaN    -0.143     0.000     0.000     0.000     0.000     0.000     0.000     0.000     0.000
 121.5729167    15.000       NaN       NaN    -0.143     0.000     0.000     0.000     0.000     0.000     0.000     0.000     0.000
 121.5729167    14.500       NaN       NaN    -0.143     0.000     0.000     0.000     0.000     0.000     0.000     0.000     0.000
 121.5729167    14.000       NaN       NaN    -0.143     0.000     0.000     0.000     0.000     0.000     0.000     0.000     0.000
 121.5729167    13.500       NaN       NaN    -0.143     0.000     0.000     0.000     0.000     0.000     0.000     0.000     0.000
 121.5729167    13.000       NaN       NaN    -0.143     0.000     0.000     0.000     0.000     0.000     0.000     0.000     0.000
 121.5729167    12.500       NaN       NaN    -0.143     0.000     0.000     0.000     0.000     0.000     0.000     0.000     0.000
 121.5729167    12.000       NaN       NaN    -0.143     0.000     0.000     0.000     0.000     0.000     0.000     0.000     0.000
 121.5729167    11.500       NaN       NaN    -0.143     0.000     0.000     0.000     0.000     0.000     0.000     0.000     0.000
 121.5729167    11.000       NaN       NaN    -0.143     0.000     0.000     0.000     0.000     0.000     0.000     0.000     0.000
 121.5729167    10.500       NaN       NaN    -0.143     0.000     0.000     0.000     0.000     0.000     0.000     0.000     0.000
 121.5729167    10.000       NaN       NaN    -0.143    10.174    15.276    21.896    16.794     1.376    12.652       NaN       NaN
 121.5729167     9.500       NaN       NaN    -0.104     6.787    10.190    19.199    17.904     1.118    10.719       NaN       NaN
 121.5729167     9.000       NaN       NaN    -0.075     3.914     5.876    15.996    18.112     0.863     8.793       NaN       NaN
 121.5729167     8.500       NaN       NaN    -0.055     2.161     3.244    13.091    17.405     0.670     7.286       NaN       NaN
 121.5729167     8.000       NaN       NaN    -0.040     1.181     1.773    10.650    16.211     0.530     6.124       NaN       NaN
 121.5729167     7.500       NaN       NaN    -0.029     0.650     0.977     8.675    14.851     0.430     5.205       NaN       NaN
 121.5729167     7.000       NaN       NaN    -0.021     0.366     0.549     7.107    13.505     0.357     4.458       NaN       NaN
 121.5729167     6.500       NaN       NaN    -0.015     0.212     0.318     5.878    12.260     0.305     3.839       NaN       NaN
 121.5729167     6.000       NaN       NaN    -0.011     0.127     0.190     4.917    11.150     0.266     3.318       NaN       NaN
 121.5729167     5.500       NaN       NaN    -0.008     0.079     0.118     4.169    10.182     0.238     2.877       NaN       NaN
 121.5729167     5.000       NaN       NaN    -0.006     0.051     0.077     3.587     9.350     0.218     2.504       NaN       NaN
 121.5729167     4.500       NaN       NaN    -0.004     0.035     0.052     3.133     8.643     0.204     2.189       NaN       NaN
 121.5729167     4.000       NaN       NaN    -0.003     0.025     0.037     2.781     8.049     0.193     1.925       NaN       NaN
 121.5729167     3.500       NaN       NaN    -0.002     0.018     0.028     2.508     7.556     0.186     1.706       NaN       NaN
 121.5729167     3.000       NaN       NaN    -0.002     0.014     0.021     2.297     7.152     0.181     1.528       NaN       NaN
 121.5729167     2.500       NaN       NaN    -0.001     0.012     0.017     2.138     6.829     0.177     1.387       NaN       NaN
 121.5729167     2.000       NaN       NaN    -0.001     0.010     0.015     2.020     6.577     0.174     1.279       NaN       NaN
 121.5729167     1.500       NaN       NaN    -0.001     0.009     0.013     1.936     6.389     0.172     1.201       NaN       NaN
 121.5729167     1.000       NaN       NaN    -0.000     0.008     0.012     1.881     6.259     0.170     1.149       NaN       NaN
 121.5729167     0.500       NaN       NaN    -0.000     0.000     0.000     0.000     0.000     0.000     0.000     0.000     0.000
 121.5937500    23.000       NaN       NaN    -0.090     0.000     0.000     0.000     0.000     0.000     0.000     0.000     0.000
 121.5937500    22.500       NaN       NaN    -0.090     0.000     0.000     0.000     0.000     0.000     0.000     0.000     0.000
 121.5937500    22.000       NaN       NaN    -0.090     0.000     0.000     0.000     0.000     0.000     0.000     0.000     0.000
 121.5937500    21.500       NaN       NaN    -0.090     0.000     0.000     0.000     0.000     0.000     0.000     0.000     0.000
 121.5937500    21.000       NaN       NaN    -0.090     0.000     0.000     0.000     0.000     0.000     0.000     0.000     0.000
 121.5937500    20.500       NaN       NaN    -0.090     0.000     0.000     0.000     0.000     0.000     0.000     0.000     0.000
 121.5937500    20.000       NaN       NaN    -0.090     0.000     0.000     0.000     0.000     0.000     0.000     0.000     0.000
 121.5937500    19.500       NaN       NaN    -0.090     0.000     0.000     0.000     0.000     0.000     0.000     0.000     0.000
 121.5937500    19.000       NaN       NaN    -0.090     0.000     0.000     0.000     0.000     0.000     0.000     0.000     0.000
 121.5937500    18.500       NaN       NaN    -0.090     0.000     0.000     0.000     0.000     0.000     0.000     0.000     0.000
 121.5937500    18.000       NaN       NaN    -0.090     0.000     0.000     0.000     0.000     0.000     0.000     0.000     0.000
 121.5937500    17.500       NaN       NaN    -0.090     0.000     0.000     0.000     0.000     0.000     0.000     0.000     0.000
 121.5937500    17.000       NaN       NaN    -0.090     0.000     0.000     0.000     0.000     0.000     0.000     0.000     0.000
 121.5937500    16.500       NaN       NaN    -0.090     0.000     0.000     0.000     0.000     0.000     0.000     0.000     0.000
 121.5937500    16.000       NaN       NaN    -0.090     0.000     0.000     0.000     0.000     0.000     0.000     0.000     0.000
 121.5937500    15.500       NaN       NaN    -0.090     0.000     0.000     0.000     0.000     0.000     0.000     0.000     0.000
 121.5937500    15.000       NaN       NaN    -0.090     0.000     0.000     0.000     0.000     0.000     0.000     0.000     0.000
 121.5937500    14.500       NaN       NaN    -0.090     0.000     0.000     0.000     0.000     0.000     0.000     0.000     0.000
 121.5937500    14.000       NaN       NaN    -0.090     0.000     0.000     0.000     0.000     0.000     0.000     0.000     0.000
 121.5937500    13.500       NaN       NaN    -0.090     0.000     0.000     0.000     0.000     0.000     0.000     0.000     0.000
 121.5937500    13.000       NaN       NaN    -0.090     0.000     0.000     0.000     0.000     0.000     0.000     0.000     0.000
 121.5937500    12.500       NaN       NaN    -0.090     0.000     0.000     0.000     0.000     0.000     0.000     0.000     0.000
 121.5937500    12.000       NaN       NaN    -0.090     0.000     0.000     0.000     0.000     0.000     0.000     0.000     0.000
 121.5937500    11.500       NaN       NaN    -0.090     0.000     0.000     0.000     0.000     0.000     0.000     0.000     0.000
 121.5937500    11.000       NaN       NaN    -0.090     0.000     0.000     0.000     0.000     0.000     0.000     0.000     0.000
 121.5937500    10.500       NaN       NaN    -0.090     0.000     0.000     0.000     0.000     0.000     0.000     0.000     0.000
 121.5937500    10.000       NaN       NaN    -0.090    31.705    45.203    42.477    28.979     2.912    26.981       NaN       NaN
 121.5937500     9.500       NaN       NaN    -0.066    26.105    37.219    37.194    30.931     2.513    24.481       NaN       NaN
 121.5937500     9.000       NaN       NaN    -0.048    20.042    28.575    31.024    32.232     2.062    21.456       NaN       NaN
 121.5937500     8.500       NaN       NaN    -0.035    15.070    21.485    25.485    32.356     1.673    18.598       NaN       NaN
 121.5937500     8.000       NaN       NaN    -0.025    11.274    16.074    20.845    31.543     1.360    16.047       NaN       NaN
 121.5937500     7.500       NaN       NaN    -0.018     8.468    12.073    17.084    30.130     1.118    13.825       NaN       NaN
 121.5937500     7.000       NaN       NaN    -0.013     6.423     9.157    14.087    28.401     0.934    11.912       NaN       NaN
 121.5937500     6.500       NaN       NaN    -0.010     4.938     7.041    11.721    26.563     0.796    10.272       NaN       NaN
 121.5937500     6.000       NaN       NaN    -0.007     3.861     5.505     9.863    24.751     0.694     8.873       NaN       NaN
 121.5937500     5.500       NaN       NaN    -0.005     3.075     4.385     8.406    23.047     0.620     7.682       NaN       NaN
 121.5937500     5.000       NaN       NaN    -0.004     2.500     3.564     7.265    21.496     0.566     6.672       NaN       NaN
 121.5937500     4.500       NaN       NaN    -0.003     2.075     2.958     6.373    20.117     0.528     5.820       NaN       NaN
 121.5937500     4.000       NaN       NaN    -0.002     1.760     2.510     5.676    18.918     0.501     5.108       NaN       NaN
 121.5937500     3.500       NaN       NaN    -0.001     1.526     2.176     5.134    17.894     0.482     4.520       NaN       NaN
 121.5937500     3.000       NaN       NaN    -0.001     1.353     1.929     4.715    17.038     0.469     4.043       NaN       NaN
 121.5937500     2.500       NaN       NaN    -0.001     1.225     1.747     4.398    16.339     0.459     3.665       NaN       NaN
 121.5937500     2.000       NaN       NaN    -0.001     1.133     1.615     4.162    15.788     0.452     3.377       NaN       NaN
 121.5937500     1.500       NaN       NaN    -0.000     1.069     1.524     3.995    15.373     0.447     3.169       NaN       NaN
 121.5937500     1.000       NaN       NaN    -0.000     1.027     1.464     3.885    15.083     0.443     3.033       NaN       NaN
 121.5937500     0.500       NaN       NaN    -0.000     0.000     0.000     0.000     0.000     0.000     0.000     0.000     0.000
 121.6145833    23.000       NaN       NaN    -0.095     0.000     0.000     0.000     0.000     0.000     0.000     0.000     0.000
 121.6145833    22.500       NaN       NaN    -0.095     0.000     0.000     0.000     0.000     0.000     0.000     0.000     0.000
 121.6145833    22.000       NaN       NaN    -0.095     0.000     0.000     0.000     0.000     0.000     0.000     0.000     0.000
 121.6145833    21.500       NaN       NaN    -0.095     0.000     0.000     0.000     0.000     0.000     0.000     0.000     0.000
 121.6145833    21.000       NaN       NaN    -0.095     0.000     0.000     0.000     0.000     0.000     0.000     0.000     0.000
 121.6145833    20.500       NaN       NaN    -0.095     0.000     0.000     0.000     0.000     0.000     0.000     0.000     0.000
 121.6145833    20.000       NaN       NaN    -0.095     0.000     0.000     0.000     0.000     0.000     0.000     0.000     0.000
 121.6145833    19.500       NaN       NaN    -0.095     0.000     0.000     0.000     0.000     0.000     0.000     0.000     0.000
 121.6145833    19.000       NaN       NaN    -0.095     0.000     0.000     0.000     0.000     0.000     0.000     0.000     0.000
 121.6145833    18.500       NaN       NaN    -0.095     0.000     0.000     0.000     0.000     0.000     0.000     0.000     0.000
 121.6145833    18.000       NaN       NaN    -0.095     0.000     0.000     0.000     0.000     0.000     0.000     0.000     0.000
 121.6145833    17.500       NaN       NaN    -0.095     0.000     0.000     0.000     0.000     0.000     0.000     0.000     0.000
 121.6145833    17.000       NaN       NaN    -0.095     0.000     0.000     0.000     0.000     0.000     0.000     0.000     0.000
 121.6145833    16.500       NaN       NaN    -0.095     0.000     0.000     0.000     0.000     0.000     0.000     0.000     0.000
 121.6145833    16.000       NaN       NaN    -0.095     0.000     0.000     0.000     0.000     0.000     0.000     0.000     0.000
 121.6145833    15.500       NaN       NaN    -0.095     0.000     0.000     0.000     0.000     0.000     0.000     0.000     0.000
 121.6145833    15.000       NaN       NaN    -0.095     0.000     0.000     0.000     0.000     0.000     0.000     0.000     0.000
 121.6145833    14.500       NaN       NaN    -0.095     0.000     0.000     0.000     0.000     0.000     0.000     0.000     0.000
 121.6145833    14.000       NaN       NaN    -0.095     0.000     0.000     0.000     0.000     0.000     0.000     0.000     0.000
 121.6145833    13.500       NaN       NaN    -0.095     0.000     0.000     0.000     0.000     0.000     0.000     0.000     0.000
 121.6145833    13.000       NaN       NaN    -0.095     0.000     0.000     0.000     0.000     0.000     0.000     0.000     0.000
 121.6145833    12.500       NaN       NaN    -0.095     0.000     0.000     0.000     0.000     0.000     0.000     0.000     0.000
 121.6145833    12.000       NaN       NaN    -0.095     0.000     0.000     0.000     0.000     0.000     0.000     0.000     0.000
 121.6145833    11.500       NaN       NaN    -0.095     0.000     0.000     0.000     0.000     0.000     0.000     0.000     0.000
 121.6145833    11.000       NaN       NaN    -0.095     0.000     0.000     0.000     0.000     0.000     0.000     0.000     0.000
 121.6145833    10.500       NaN       NaN    -0.095     0.000     0.000     0.000     0.000     0.000     0.000     0.000     0.000
 121.6145833    10.000       NaN       NaN    -0.095    66.652    90.682    58.331    34.301     4.657    43.631       NaN       NaN
 121.6145833     9.500       NaN       NaN    -0.069    56.764    77.229    51.208    38.809     4.069    40.141       NaN       NaN
 121.6145833     9.000       NaN       NaN    -0.050    45.629    62.080    42.877    42.766     3.393    35.769       NaN       NaN
 121.6145833     8.500       NaN       NaN    -0.036    36.051    49.047    35.382    44.867     2.799    31.482       NaN       NaN
 121.6145833     8.000       NaN       NaN    -0.026    28.366    38.592    29.084    45.297     2.313    27.527       NaN       NaN
 121.6145833     7.500       NaN       NaN    -0.019    22.392    30.465    23.958    44.505     1.931    23.981       NaN       NaN
 121.6145833     7.000       NaN       NaN    -0.014    17.819    24.242    19.858    42.932     1.638    20.852       NaN       NaN
 121.6145833     6.500       NaN       NaN    -0.010    14.341    19.511    16.609    40.925     1.416    18.120       NaN       NaN
 121.6145833     6.000       NaN       NaN    -0.007    11.702    15.920    14.045    38.741     1.251    15.752       NaN       NaN
 121.6145833     5.500       NaN       NaN    -0.005     9.697    13.193    12.028    36.549     1.131    13.711       NaN       NaN
 121.6145833     5.000       NaN       NaN    -0.004     8.170    11.116    10.442    34.461     1.045    11.963       NaN       NaN
 121.6145833     4.500       NaN       NaN    -0.003     7.005     9.531     9.197    32.541     0.985    10.479       NaN       NaN
 121.6145833     4.000       NaN       NaN    -0.002     6.115     8.320     8.221    30.826     0.944     9.231       NaN       NaN
 121.6145833     3.500       NaN       NaN    -0.001     5.436     7.396     7.460    29.332     0.917     8.196       NaN       NaN
 121.6145833     3.000       NaN       NaN    -0.001     4.920     6.694     6.873    28.062     0.899     7.354       NaN       NaN
 121.6145833     2.500       NaN       NaN    -0.001     4.533     6.168     6.425    27.012     0.886     6.686       NaN       NaN
 121.6145833     2.000       NaN       NaN    -0.001     4.249     5.781     6.093    26.174     0.878     6.178       NaN       NaN
 121.6145833     1.500       NaN       NaN    -0.000     4.049     5.508     5.857    25.537     0.871     5.811       NaN       NaN
 121.6145833     1.000       NaN       NaN    -0.000     3.918     5.330     5.702    25.089     0.866     5.572       NaN       NaN
 121.6145833     0.500       NaN       NaN    -0.000     0.000     0.000     0.000     0.000     0.000     0.000     0.000     0.000
 121.6354167    23.000       NaN       NaN    -0.068     0.000     0.000     0.000     0.000     0.000     0.000     0.000     0.000
 121.6354167    22.500       NaN       NaN    -0.068     0.000     0.000     0.000     0.000     0.000     0.000     0.000     0.000
 121.6354167    22.000       NaN       NaN    -0.068     0.000     0.000     0.000     0.000     0.000     0.000     0.000     0.000
 121.6354167    21.500       NaN       NaN    -0.068     0.000     0.000     0.000     0.000     0.000     0.000     0.000     0.000
 121.6354167    21.000       NaN       NaN    -0.068     0.000     0.000     0.000     0.000     0.000     0.000     0.000     0.000
 121.6354167    20.500       NaN       NaN    -0.068     0.000     0.000     0.000     0.000     0.000     0.000     0.000     0.000
 121.6354167    20.000       NaN       NaN    -0.068     0.000     0.000     0.000     0.000     0.000     0.000     0.000     0.000
 121.6354167    19.500       NaN       NaN    -0.068     0.000     0.000     0.000     0.000     0.000     0.000     0.000     0.000
 121.6354167    19.000       NaN       NaN    -0.068     0.000     0.000     0.000     0.000     0.000     0.000     0.000     0.000
 121.6354167    18.500       NaN       NaN    -0.068     0.000     0.000     0.000     0.000     0.000     0.000     0.000     0.000
 121.6354167    18.000       NaN       NaN    -0.068     0.000     0.000     0.000     0.000     0.000     0.000     0.000     0.000
 121.6354167    17.500       NaN       NaN    -0.068     0.000     0.000     0.000     0.000     0.000     0.000     0.000     0.000
 121.6354167    17.000       NaN       NaN    -0.068     0.000     0.000     0.000     0.000     0.000     0.000     0.000     0.000
 121.6354167    16.500       NaN       NaN    -0.068     0.000     0.000     0.000     0.000     0.000     0.000     0.000     0.000
 121.6354167    16.000       NaN       NaN    -0.068     0.000     0.000     0.000     0.000     0.000     0.000     0.000     0.000
 121.6354167    15.500       NaN       NaN    -0.068     0.000     0.000     0.000     0.000     0.000     0.000     0.000     0.000
 121.6354167    15.000       NaN       NaN    -0.068     0.000     0.000     0.000     0.000     0.000     0.000     0.000     0.000
 121.6354167    14.500       NaN       NaN    -0.068     0.000     0.000     0.000     0.000     0.000     0.000     0.000     0.000
 121.6354167    14.000       NaN       NaN    -0.068     0.000     0.000     0.000     0.000     0.000     0.000     0.000     0.000
 121.6354167    13.500       NaN       NaN    -0.068     0.000     0.000     0.000     0.000     0.000     0.000     0.000     0.000
 121.6354167    13.000       NaN       NaN    -0.068     0.000     0.000     0.000     0.000     0.000     0.000     0.000     0.000
 121.6354167    12.500       NaN       NaN    -0.068     0.000     0.000     0.000     0.000     0.000     0.000     0.000     0.000
 121.6354167    12.000       NaN       NaN    -0.068     0.000     0.000     0.000     0.000     0.000     0.000     0.000     0.000
 121.6354167    11.500       NaN       NaN    -0.068     0.000     0.000     0.000     0.000     0.000     0.000     0.000     0.000
 121.6354167    11.000       NaN       NaN    -0.068     0.000     0.000     0.000     0.000     0.000     0.000     0.000     0.000
 121.6354167    10.500       NaN       NaN    -0.068     0.000     0.000     0.000     0.000     0.000     0.000     0.000     0.000
 121.6354167    10.000       NaN       NaN    -0.068   110.624   144.021    68.583    35.186     6.420    60.871       NaN       NaN
 121.6354167     9.500       NaN       NaN    -0.050    95.505   124.338    60.417    42.972     5.649    56.406       NaN       NaN
 121.6354167     9.000       NaN       NaN    -0.036    78.208   101.818    50.834    50.404     4.756    50.712       NaN       NaN
 121.6354167     8.500       NaN       NaN    -0.026    63.038    82.069    42.172    55.198     3.965    45.018       NaN       NaN
 121.6354167     8.000       NaN       NaN    -0.019    50.620    65.903    34.857    57.460     3.314    39.670       NaN       NaN
 121.6354167     7.500       NaN       NaN    -0.014    40.770    53.078    28.875    57.764     2.798    34.799       NaN       NaN
 121.6354167     7.000       NaN       NaN    -0.010    33.079    43.065    24.066    56.719     2.399    30.443       NaN       NaN
 121.6354167     6.500       NaN       NaN    -0.007    27.118    35.305    20.236    54.835     2.098    26.595       NaN       NaN
 121.6354167     6.000       NaN       NaN    -0.005    22.513    29.309    17.200    52.502     1.875    23.227       NaN       NaN
 121.6354167     5.500       NaN       NaN    -0.004    18.955    24.678    14.800    49.995     1.713    20.302       NaN       NaN
 121.6354167     5.000       NaN       NaN    -0.003    16.205    21.098    12.906    47.499     1.600    17.782       NaN       NaN
 121.6354167     4.500       NaN       NaN    -0.002    14.077    18.327    11.414    45.134     1.522    15.631       NaN       NaN
 121.6354167     4.000       NaN       NaN    -0.001    12.431    16.184    10.241    42.976     1.471    13.815       NaN       NaN
 121.6354167     3.500       NaN       NaN    -0.001    11.162    14.531     9.324    41.063     1.439    12.305       NaN       NaN
 121.6354167     3.000       NaN       NaN    -0.001    10.189    13.264     8.614    39.416     1.420    11.073       NaN       NaN
 121.6354167     2.500       NaN       NaN    -0.001     9.453    12.306     8.073    38.040     1.409    10.097       NaN       NaN
 121.6354167     2.000       NaN       NaN    -0.000     8.909    11.599     7.671    36.933     1.402     9.352       NaN       NaN
 121.6354167     1.500       NaN       NaN    -0.000     8.524    11.097     7.386    36.084     1.396     8.816       NaN       NaN
 121.6354167     1.000       NaN       NaN    -0.000     8.271    10.768     7.199    35.484     1.391     8.466       NaN       NaN
 121.6354167     0.500       NaN       NaN    -0.000     0.000     0.000     0.000     0.000     0.000     0.000     0.000     0.000
 121.6562500    23.000       NaN       NaN    -0.034     0.000     0.000     0.000     0.000     0.000     0.000     0.000     0.000
 121.6562500    22.500       NaN       NaN    -0.034     0.000     0.000     0.000     0.000     0.000     0.000     0.000     0.000
 121.6562500    22.000       NaN       NaN    -0.034     0.000     0.000     0.000     0.000     0.000     0.000     0.000     0.000
 121.6562500    21.500       NaN       NaN    -0.034     0.000     0.000     0.000     0.000     0.000     0.000     0.000     0.000
 121.6562500    21.000       NaN       NaN    -0.034     0.000     0.000     0.000     0.000     0.000     0.000     0.000     0.000
 121.6562500    20.500       NaN       NaN    -0.034     0.000     0.000     0.000     0.000     0.000     0.000     0.000     0.000
 121.6562500    20.000       NaN       NaN    -0.034     0.000     0.000     0.000     0.000     0.000     0.000     0.000     0.000
 121.6562500    19.500       NaN       NaN    -0.034     0.000     0.000     0.000     0.000     0.000     0.000     0.000     0.000
 121.6562500    19.000       NaN       NaN    -0.034     0.000     0.000     0.000     0.000     0.000     0.000     0.000     0.000
 121.6562500    18.500       NaN       NaN    -0.034     0.000     0.000     0.000     0.000     0.000     0.000     0.000     0.000
 121.6562500    18.000       NaN       NaN    -0.034     0.000     0.000     0.000     0.000     0.000     0.000     0.000     0.000
 121.6562500    17.500       NaN       NaN    -0.034     0.000     0.000     0.000     0.000     0.000     0.000     0.000     0.000
 121.6562500    17.000       NaN       NaN    -0.034     0.000     0.000     0.000     0.000     0.000     0.000     0.000     0.000
 121.6562500    16.500       NaN       NaN    -0.034     0.000     0.000     0.000     0.000     0.000     0.000     0.000     0.000
 121.6562500    16.000       NaN       NaN    -0.034     0.000     0.000     0.000     0.000     0.000     0.000     0.000     0.000
 121.6562500    15.500       NaN       NaN    -0.034     0.000     0.000     0.000     0.000     0.000     0.000     0.000     0.000
 121.6562500    15.000       NaN       NaN    -0.034     0.000     0.000     0.000     0.000     0.000     0.000     0.000     0.000
 121.6562500    14.500       NaN       NaN    -0.034     0.000     0.000     0.000     0.000     0.000     0.000     0.000     0.000
 121.6562500    14.000       NaN       NaN    -0.034     0.000     0.000     0.000     0.000     0.000     0.000     0.000     0.000
 121.6562500    13.500       NaN       NaN    -0.034     0.000     0.000     0.000     0.000     0.000     0.000     0.000     0.000
 121.6562500    13.000       NaN       NaN    -0.034     0.000     0.000     0.000     0.000     0.000     0.000     0.000     0.000
 121.6562500    12.500       NaN       NaN    -0.034     0.000     0.000     0.000     0.000     0.000     0.000     0.000     0.000
 121.6562500    12.000       NaN       NaN    -0.034     0.000     0.000     0.000     0.000     0.000     0.000     0.000     0.000
 121.6562500    11.500       NaN       NaN    -0.034     0.000     0.000     0.000     0.000     0.000     0.000     0.000     0.000
 121.6562500    11.000       NaN       NaN    -0.034     0.000     0.000     0.000     0.000     0.000     0.000     0.000     0.000
 121.6562500    10.500       NaN       NaN    -0.034     0.000     0.000     0.000     0.000     0.000     0.000     0.000     0.000
 121.6562500    10.000       NaN       NaN    -0.034   156.829   195.934    75.301    36.196     8.081    77.414       NaN       NaN
 121.6562500     9.500       NaN       NaN    -0.025   136.384   170.391    66.565    47.069     7.145    72.051       NaN       NaN
 121.6562500     9.000       NaN       NaN    -0.018   112.792   140.916    56.273    57.783     6.056    65.133       NaN       NaN
 121.6562500     8.500       NaN       NaN    -0.013    91.890   114.802    46.925    65.133     5.087    58.131       NaN       NaN
 121.6562500     8.000       NaN       NaN    -0.009    74.594    93.193    38.992    69.149     4.285    51.479       NaN       NaN
 121.6562500     7.500       NaN       NaN    -0.007    60.725    75.866    32.471    70.514     3.648    45.359       NaN       NaN
 121.6562500     7.000       NaN       NaN    -0.005    49.781    62.194    27.202    69.995     3.155    39.839       NaN       NaN
 121.6562500     6.500       NaN       NaN    -0.004    41.214    51.491    22.985    68.253     2.782    34.927       NaN       NaN
 121.6562500     6.000       NaN       NaN    -0.003    34.531    43.142    19.629    65.801     2.507    30.601       NaN       NaN
 121.6562500     5.500       NaN       NaN    -0.002    29.323    36.635    16.964    63.011     2.310    26.826       NaN       NaN
 121.6562500     5.000       NaN       NaN    -0.001    25.264    31.564    14.853    60.142     2.173    23.559       NaN       NaN
 121.6562500     4.500       NaN       NaN    -0.001    22.100    27.611    13.185    57.366     2.082    20.761       NaN       NaN
 121.6562500     4.000       NaN       NaN    -0.001    19.636    24.533    11.869    54.793     2.025    18.393       NaN       NaN
 121.6562500     3.500       NaN       NaN    -0.001    17.725    22.145    10.839    52.487     1.992    16.420       NaN       NaN
 121.6562500     3.000       NaN       NaN    -0.000    16.253    20.305    10.040    50.485     1.974    14.808       NaN       NaN
 121.6562500     2.500       NaN       NaN    -0.000    15.135    18.909     9.429    48.802     1.966    13.529       NaN       NaN
 121.6562500     2.000       NaN       NaN    -0.000    14.307    17.874     8.976    47.438     1.962    12.554       NaN       NaN
 121.6562500     1.500       NaN       NaN    -0.000    13.718    17.138     8.654    46.389     1.959    11.852       NaN       NaN
 121.6562500     1.000       NaN       NaN    -0.000    13.331    16.655     8.443    45.644     1.956    11.394       NaN       NaN
 121.6562500     0.500       NaN       NaN    -0.000     0.000     0.000     0.000     0.000     0.000     0.000     0.000     0.000
 121.6770833    23.000       NaN       NaN    -0.025     0.000     0.000     0.000     0.000     0.000     0.000     0.000     0.000
 121.6770833    22.500       NaN       NaN    -0.025     0.000     0.000     0.000     0.000     0.000     0.000     0.000     0.000
 121.6770833    22.000       NaN       NaN    -0.025     0.000     0.000     0.000     0.000     0.000     0.000     0.000     0.000
 121.6770833    21.500       NaN       NaN    -0.025     0.000     0.000     0.000     0.000     0.000     0.000     0.000     0.000
 121.6770833    21.000       NaN       NaN    -0.025     0.000     0.000     0.000     0.000     0.000     0.000     0.000     0.000
 121.6770833    20.500       NaN       NaN    -0.025     0.000     0.000     0.000     0.000     0.000     0.000     0.000     0.000
 121.6770833    20.000       NaN       NaN    -0.025     0.000     0.000     0.000     0.000     0.000     0.000     0.000     0.000
 121.6770833    19.500       NaN       NaN    -0.025     0.000     0.000     0.000     0.000     0.000     0.000     0.000     0.000
 121.6770833    19.000       NaN       NaN    -0.025     0.000     0.000     0.000     0.000     0.000     0.000     0.000     0.000
 121.6770833    18.500       NaN       NaN    -0.025     0.000     0.000     0.000     0.000     0.000     0.000     0.000     0.000
 121.6770833    18.000       NaN       NaN    -0.025     0.000     0.000     0.000     0.000     0.000     0.000     0.000     0.000
 121.6770833    17.500       NaN       NaN    -0.025     0.000     0.000     0.000     0.000     0.000     0.000     0.000     0.000
 121.6770833    17.000       NaN       NaN    -0.025     0.000     0.000     0.000     0.000     0.000     0.000     0.000     0.000
 121.6770833    16.500       NaN       NaN    -0.025     0.000     0.000     0.000     0.000     0.000     0.000     0.000     0.000
 121.6770833    16.000       NaN       NaN    -0.025     0.000     0.000     0.000     0.000     0.000     0.000     0.000     0.000
 121.6770833    15.500       NaN       NaN    -0.025     0.000     0.000     0.000     0.000     0.000     0.000     0.000     0.000
 121.6770833    15.000       NaN       NaN    -0.025     0.000     0.000     0.000     0.000     0.000     0.000     0.000     0.000
 121.6770833    14.500       NaN       NaN    -0.025     0.000     0.000     0.000     0.000     0.000     0.000     0.000     0.000
 121.6770833    14.000       NaN       NaN    -0.025     0.000     0.000     0.000     0.000     0.000     0.000     0.000     0.000
 121.6770833    13.500       NaN       NaN    -0.025     0.000     0.000     0.000     0.000     0.000     0.000     0.000     0.000
 121.6770833    13.000       NaN       NaN    -0.025     0.000     0.000     0.000     0.000     0.000     0.000     0.000     0.000
 121.6770833    12.500       NaN       NaN    -0.025     0.000     0.000     0.000     0.000     0.000     0.000     0.000     0.000
 121.6770833    12.000       NaN       NaN    -0.025     0.000     0.000     0.000     0.000     0.000     0.000     0.000     0.000
 121.6770833    11.500       NaN       NaN    -0.025     0.000     0.000     0.000     0.000     0.000     0.000     0.000     0.000
 121.6770833    11.000       NaN       NaN    -0.025     0.000     0.000     0.000     0.000     0.000     0.000     0.000     0.000
 121.6770833    10.500       NaN       NaN    -0.025     0.000     0.000     0.000     0.000     0.000     0.000     0.000     0.000
 121.6770833    10.000       NaN       NaN    -0.025   202.678   243.688    80.615    39.605     9.659    93.347       NaN       NaN
 121.6770833     9.500       NaN       NaN    -0.018   177.041   212.864    71.488    53.094     8.570    87.119       NaN       NaN
 121.6770833     9.000       NaN       NaN    -0.013   147.304   177.110    60.693    66.562     7.300    79.027       NaN       NaN
 121.6770833     8.500       NaN       NaN    -0.010   120.792   145.233    50.844    76.022     6.166    70.771       NaN       NaN
 121.6770833     8.000       NaN       NaN    -0.007    98.709   118.682    42.446    81.442     5.224    62.870       NaN       NaN
 121.6770833     7.500       NaN       NaN    -0.005    80.885    97.251    35.510    83.610     4.474    55.555       NaN       NaN
 121.6770833     7.000       NaN       NaN    -0.004    66.729    80.231    29.881    83.432     3.893    48.920       NaN       NaN
 121.6770833     6.500       NaN       NaN    -0.003    55.579    66.824    25.357    81.701     3.454    42.988       NaN       NaN
 121.6770833     6.000       NaN       NaN    -0.002    46.830    56.305    21.740    79.040     3.131    37.743       NaN       NaN
 121.6770833     5.500       NaN       NaN    -0.001    39.974    48.063    18.860    75.909     2.901    33.150       NaN       NaN
 121.6770833     5.000       NaN       NaN    -0.001    34.605    41.607    16.570    72.629     2.744    29.166       NaN       NaN
 121.6770833     4.500       NaN       NaN    -0.001    30.400    36.551    14.754    69.418     2.642    25.745       NaN       NaN
 121.6770833     4.000       NaN       NaN    -0.001    27.113    32.599    13.320    66.416     2.581    22.845       NaN       NaN
 121.6770833     3.500       NaN       NaN    -0.000    24.554    29.522    12.194    63.710     2.548    20.425       NaN       NaN
 121.6770833     3.000       NaN       NaN    -0.000    22.577    27.145    11.319    61.349     2.534    18.447       NaN       NaN
 121.6770833     2.500       NaN       NaN    -0.000    21.072    25.335    10.650    59.356     2.530    16.876       NaN       NaN
 121.6770833     2.000       NaN       NaN    -0.000    19.954    23.991    10.154    57.737     2.530    15.677       NaN       NaN
 121.6770833     1.500       NaN       NaN    -0.000    19.159    23.035     9.801    56.488     2.531    14.815       NaN       NaN
 121.6770833     1.000       NaN       NaN    -0.000    18.635    22.405     9.570    55.599     2.529    14.253       NaN       NaN
 121.6770833     0.500       NaN       NaN    -0.000     0.000     0.000     0.000     0.000     0.000     0.000     0.000     0.000
 121.6979167    23.000       NaN       NaN    -0.021     0.000     0.000     0.000     0.000     0.000     0.000     0.000     0.000
 121.6979167    22.500       NaN       NaN    -0.021     0.000     0.000     0.000     0.000     0.000     0.000     0.000     0.000
 121.6979167    22.000       NaN       NaN    -0.021     0.000     0.000     0.000     0.000     0.000     0.000     0.000     0.000
 121.6979167    21.500       NaN       NaN    -0.021     0.000     0.000     0.000     0.000     0.000     0.000     0.000     0.000
 121.6979167    21.000       NaN       NaN    -0.021     0.000     0.000     0.000     0.000     0.000     0.000     0.000     0.000
 121.6979167    20.500       NaN       NaN    -0.021     0.000     0.000     0.000     0.000     0.000     0.000     0.000     0.000
 121.6979167    20.000       NaN       NaN    -0.021     0.000     0.000     0.000     0.000     0.000     0.000     0.000     0.000
 121.6979167    19.500       NaN       NaN    -0.021     0.000     0.000     0.000     0.000     0.000     0.000     0.000     0.000
 121.6979167    19.000       NaN       NaN    -0.021     0.000     0.000     0.000     0.000     0.000     0.000     0.000     0.000
 121.6979167    18.500       NaN       NaN    -0.021     0.000     0.000     0.000     0.000     0.000     0.000     0.000     0.000
 121.6979167    18.000       NaN       NaN    -0.021     0.000     0.000     0.000     0.000     0.000     0.000     0.000     0.000
 121.6979167    17.500       NaN       NaN    -0.021     0.000     0.000     0.000     0.000     0.000     0.000     0.000     0.000
 121.6979167    17.000       NaN       NaN    -0.021     0.000     0.000     0.000     0.000     0.000     0.000     0.000     0.000
 121.6979167    16.500       NaN       NaN    -0.021     0.000     0.000     0.000     0.000     0.000     0.000     0.000     0.000
 121.6979167    16.000       NaN       NaN    -0.021     0.000     0.000     0.000     0.000     0.000     0.000     0.000     0.000
 121.6979167    15.500       NaN       NaN    -0.021     0.000     0.000     0.000     0.000     0.000     0.000     0.000     0.000
 121.6979167    15.000       NaN       NaN    -0.021     0.000     0.000     0.000     0.000     0.000     0.000     0.000     0.000
 121.6979167    14.500       NaN       NaN    -0.021     0.000     0.000     0.000     0.000     0.000     0.000     0.000     0.000
 121.6979167    14.000       NaN       NaN    -0.021     0.000     0.000     0.000     0.000     0.000     0.000     0.000     0.000
 121.6979167    13.500       NaN       NaN    -0.021     0.000     0.000     0.000     0.000     0.000     0.000     0.000     0.000
 121.6979167    13.000       NaN       NaN    -0.021     0.000     0.000     0.000     0.000     0.000     0.000     0.000     0.000
 121.6979167    12.500       NaN       NaN    -0.021     0.000     0.000     0.000     0.000     0.000     0.000     0.000     0.000
 121.6979167    12.000       NaN       NaN    -0.021     0.000     0.000     0.000     0.000     0.000     0.000     0.000     0.000
 121.6979167    11.500       NaN       NaN    -0.021     0.000     0.000     0.000     0.000     0.000     0.000     0.000     0.000
 121.6979167    11.000       NaN       NaN    -0.021     0.000     0.000     0.000     0.000     0.000     0.000     0.000     0.000
 121.6979167    10.500       NaN       NaN    -0.021     0.000     0.000     0.000     0.000     0.000     0.000     0.000     0.000
 121.6979167    10.000       NaN       NaN    -0.021   245.894   286.135    85.036    44.795    11.113   108.182       NaN       NaN
 121.6979167     9.500       NaN       NaN    -0.015   215.425   250.680    75.614    60.430     9.886   101.143       NaN       NaN
 121.6979167     9.000       NaN       NaN    -0.011   179.961   209.412    64.431    76.130     8.452    91.951       NaN       NaN
 121.6979167     8.500       NaN       NaN    -0.008   148.210   172.465    54.188    87.262     7.167    82.526       NaN       NaN
 121.6979167     8.000       NaN       NaN    -0.006   121.648   141.557    45.417    93.754     6.099    73.464       NaN       NaN
 121.6979167     7.500       NaN       NaN    -0.004   100.115   116.499    38.143    96.483     5.246    65.038       NaN       NaN
 121.6979167     7.000       NaN       NaN    -0.003    82.940    96.514    32.216    96.478     4.585    57.368       NaN       NaN
 121.6979167     6.500       NaN       NaN    -0.002    69.357    80.707    27.434    94.648     4.087    50.490       NaN       NaN
 121.6979167     6.000       NaN       NaN    -0.002    58.658    68.257    23.600    91.712     3.721    44.392       NaN       NaN
 121.6979167     5.500       NaN       NaN    -0.001    50.244    58.466    20.535    88.201     3.462    39.040       NaN       NaN
 121.6979167     5.000       NaN       NaN    -0.001    43.631    50.772    18.093    84.492     3.287    34.389       NaN       NaN
 121.6979167     4.500       NaN       NaN    -0.001    38.438    44.729    16.152    80.840     3.176    30.391       NaN       NaN
 121.6979167     4.000       NaN       NaN    -0.000    34.368    39.992    14.615    77.412     3.113    26.997       NaN       NaN
 121.6979167     3.500       NaN       NaN    -0.000    31.191    36.295    13.407    74.313     3.082    24.162       NaN       NaN
 121.6979167     3.000       NaN       NaN    -0.000    28.732    33.434    12.466    71.603     3.071    21.844       NaN       NaN
 121.6979167     2.500       NaN       NaN    -0.000    26.857    31.252    11.747    69.311     3.072    20.002       NaN       NaN
 121.6979167     2.000       NaN       NaN    -0.000    25.463    29.630    11.213    67.446     3.077    18.596       NaN       NaN
 121.6979167     1.500       NaN       NaN    -0.000    24.469    28.474    10.833    66.006     3.081    17.585       NaN       NaN
 121.6979167     1.000       NaN       NaN    -0.000    23.814    27.712    10.585    64.978     3.081    16.926       NaN       NaN
 121.6979167     0.500       NaN       NaN    -0.000     0.000     0.000     0.000     0.000     0.000     0.000     0.000     0.000
 121.7187500    23.000       NaN       NaN    -0.029     0.000     0.000     0.000     0.000     0.000     0.000     0.000     0.000
 121.7187500    22.500       NaN       NaN    -0.029     0.000     0.000     0.000     0.000     0.000     0.000     0.000     0.000
 121.7187500    22.000       NaN       NaN    -0.029     0.000     0.000     0.000     0.000     0.000     0.000     0.000     0.000
 121.7187500    21.500       NaN       NaN    -0.029     0.000     0.000     0.000     0.000     0.000     0.000     0.000     0.000
 121.7187500    21.000       NaN       NaN    -0.029     0.000     0.000     0.000     0.000     0.000     0.000     0.000     0.000
 121.7187500    20.500       NaN       NaN    -0.029     0.000     0.000     0.000     0.000     0.000     0.000     0.000     0.000
 121.7187500    20.000       NaN       NaN    -0.029     0.000     0.000     0.000     0.000     0.000     0.000     0.000     0.000
 121.7187500    19.500       NaN       NaN    -0.029     0.000     0.000     0.000     0.000     0.000     0.000     0.000     0.000
 121.7187500    19.000       NaN       NaN    -0.029     0.000     0.000     0.000     0.000     0.000     0.000     0.000     0.000
 121.7187500    18.500       NaN       NaN    -0.029     0.000     0.000     0.000     0.000     0.000     0.000     0.000     0.000
 121.7187500    18.000       NaN       NaN    -0.029     0.000     0.000     0.000     0.000     0.000     0.000     0.000     0.000
 121.7187500    17.500       NaN       NaN    -0.029     0.000     0.000     0.000     0.000     0.000     0.000     0.000     0.000
 121.7187500    17.000       NaN       NaN    -0.029     0.000     0.000     0.000     0.000     0.000     0.000     0.000     0.000
 121.7187500    16.500       NaN       NaN    -0.029     0.000     0.000     0.000     0.000     0.000     0.000     0.000     0.000
 121.7187500    16.000       NaN       NaN    -0.029     0.000     0.000     0.000     0.000     0.000     0.000     0.000     0.000
 121.7187500    15.500       NaN       NaN    -0.029     0.000     0.000     0.000     0.000     0.000     0.000     0.000     0.000
 121.7187500    15.000       NaN       NaN    -0.029     0.000     0.000     0.000     0.000     0.000     0.000     0.000     0.000
 121.7187500    14.500       NaN       NaN    -0.029     0.000     0.000     0.000     0.000     0.000     0.000     0.000     0.000
 121.7187500    14.000       NaN       NaN    -0.029     0.000     0.000     0.000     0.000     0.000     0.000     0.000     0.000
 121.7187500    13.500       NaN       NaN    -0.029     0.000     0.000     0.000     0.000     0.000     0.000     0.000     0.000
 121.7187500    13.000       NaN       NaN    -0.029     0.000     0.000     0.000     0.000     0.000     0.000     0.000     0.000
 121.7187500    12.500       NaN       NaN    -0.029     0.000     0.000     0.000     0.000     0.000     0.000     0.000     0.000
 121.7187500    12.000       NaN       NaN    -0.029     0.000     0.000     0.000     0.000     0.000     0.000     0.000     0.000
 121.7187500    11.500       NaN       NaN    -0.029     0.000     0.000     0.000     0.000     0.000     0.000     0.000     0.000
 121.7187500    11.000       NaN       NaN    -0.029     0.000     0.000     0.000     0.000     0.000     0.000     0.000     0.000
 121.7187500    10.500       NaN       NaN    -0.029     0.000     0.000     0.000     0.000     0.000     0.000     0.000     0.000
 121.7187500    10.000       NaN       NaN    -0.029   288.890   327.531    88.132    49.491    12.505   122.533       NaN       NaN
 121.7187500     9.500       NaN       NaN    -0.021   253.612   287.534    78.588    67.254    11.147   114.704       NaN       NaN
 121.7187500     9.000       NaN       NaN    -0.015   212.451   240.868    67.218    85.169     9.557   104.445       NaN       NaN
 121.7187500     8.500       NaN       NaN    -0.011   175.494   198.967    56.757    97.965     8.129    93.886       NaN       NaN
 121.7187500     8.000       NaN       NaN    -0.008   144.484   163.809    47.759   105.526     6.941    83.698       NaN       NaN
 121.7187500     7.500       NaN       NaN    -0.006   119.267   135.220    40.264   108.824     5.991    74.198       NaN       NaN
 121.7187500     7.000       NaN       NaN    -0.004    99.095   112.349    34.131   109.006     5.254    65.528       NaN       NaN
 121.7187500     6.500       NaN       NaN    -0.003    83.095    94.210    29.165   107.096     4.699    57.735       NaN       NaN
 121.7187500     6.000       NaN       NaN    -0.002    70.459    79.884    25.168   103.904     4.293    50.814       NaN       NaN
 121.7187500     5.500       NaN       NaN    -0.002    60.497    68.589    21.964   100.035     4.008    44.729       NaN       NaN
 121.7187500     5.000       NaN       NaN    -0.001    52.650    59.693    19.403    95.917     3.816    39.435       NaN       NaN
 121.7187500     4.500       NaN       NaN    -0.001    46.475    52.691    17.363    91.843     3.697    34.879       NaN       NaN
 121.7187500     4.000       NaN       NaN    -0.001    41.625    47.193    15.744    88.009     3.632    31.007       NaN       NaN
 121.7187500     3.500       NaN       NaN    -0.000    37.834    42.895    14.469    84.533     3.602    27.772       NaN       NaN
 121.7187500     3.000       NaN       NaN    -0.000    34.896    39.563    13.476    81.488     3.596    25.125       NaN       NaN
 121.7187500     2.500       NaN       NaN    -0.000    32.653    37.020    12.716    78.908     3.602    23.021       NaN       NaN
 121.7187500     2.000       NaN       NaN    -0.000    30.983    35.127    12.151    76.807     3.612    21.415       NaN       NaN
 121.7187500     1.500       NaN       NaN    -0.000    29.793    33.778    11.749    75.182     3.619    20.260       NaN       NaN
 121.7187500     1.000       NaN       NaN    -0.000    29.008    32.887    11.487    74.021     3.622    19.508       NaN       NaN
 121.7187500     0.500       NaN       NaN    -0.000     0.000     0.000     0.000     0.000     0.000     0.000     0.000     0.000
 121.7395833    23.000       NaN       NaN    -0.027     0.000     0.000     0.000     0.000     0.000     0.000     0.000     0.000
 121.7395833    22.500       NaN       NaN    -0.027     0.000     0.000     0.000     0.000     0.000     0.000     0.000     0.000
 121.7395833    22.000       NaN       NaN    -0.027     0.000     0.000     0.000     0.000     0.000     0.000     0.000     0.000
 121.7395833    21.500       NaN       NaN    -0.027     0.000     0.000     0.000     0.000     0.000     0.000     0.000     0.000
 121.7395833    21.000       NaN       NaN    -0.027     0.000     0.000     0.000     0.000     0.000     0.000     0.000     0.000
 121.7395833    20.500       NaN       NaN    -0.027     0.000     0.000     0.000     0.000     0.000     0.000     0.000     0.000
 121.7395833    20.000       NaN       NaN    -0.027     0.000     0.000     0.000     0.000     0.000     0.000     0.000     0.000
 121.7395833    19.500       NaN       NaN    -0.027     0.000     0.000     0.000     0.000     0.000     0.000     0.000     0.000
 121.7395833    19.000       NaN       NaN    -0.027     0.000     0.000     0.000     0.000     0.000     0.000     0.000     0.000
 121.7395833    18.500       NaN       NaN    -0.027     0.000     0.000     0.000     0.000     0.000     0.000     0.000     0.000
 121.7395833    18.000       NaN       NaN    -0.027     0.000     0.000     0.000     0.000     0.000     0.000     0.000     0.000
 121.7395833    17.500       NaN       NaN    -0.027     0.000     0.000     0.000     0.000     0.000     0.000     0.000     0.000
 121.7395833    17.000       NaN       NaN    -0.027     0.000     0.000     0.000     0.000     0.000     0.000     0.000     0.000
 121.7395833    16.500       NaN       NaN    -0.027     0.000     0.000     0.000     0.000     0.000     0.000     0.000     0.000
 121.7395833    16.000       NaN       NaN    -0.027     0.000     0.000     0.000     0.000     0.000     0.000     0.000     0.000
 121.7395833    15.500       NaN       NaN    -0.027     0.000     0.000     0.000     0.000     0.000     0.000     0.000     0.000
 121.7395833    15.000       NaN       NaN    -0.027     0.000     0.000     0.000     0.000     0.000     0.000     0.000     0.000
 121.7395833    14.500       NaN       NaN    -0.027     0.000     0.000     0.000     0.000     0.000     0.000     0.000     0.000
 121.7395833    14.000       NaN       NaN    -0.027     0.000     0.000     0.000     0.000     0.000     0.000     0.000     0.000
 121.7395833    13.500       NaN       NaN    -0.027     0.000     0.000     0.000     0.000     0.000     0.000     0.000     0.000
 121.7395833    13.000       NaN       NaN    -0.027     0.000     0.000     0.000     0.000     0.000     0.000     0.000     0.000
 121.7395833    12.500       NaN       NaN    -0.027     0.000     0.000     0.000     0.000     0.000     0.000     0.000     0.000
 121.7395833    12.000       NaN       NaN    -0.027     0.000     0.000     0.000     0.000     0.000     0.000     0.000     0.000
 121.7395833    11.500       NaN       NaN    -0.027     0.000     0.000     0.000     0.000     0.000     0.000     0.000     0.000
 121.7395833    11.000       NaN       NaN    -0.027     0.000     0.000     0.000     0.000     0.000     0.000     0.000     0.000
 121.7395833    10.500       NaN       NaN    -0.027     0.000     0.000     0.000     0.000     0.000     0.000     0.000     0.000
 121.7395833    10.000       NaN       NaN    -0.027   335.688   373.624    89.114    51.178    13.926   137.356       NaN       NaN
 121.7395833     9.500       NaN       NaN    -0.020   295.126   328.478    79.756    71.597    12.436   128.716       NaN       NaN
 121.7395833     9.000       NaN       NaN    -0.014   247.719   275.713    68.548    92.322    10.687   117.360       NaN       NaN
 121.7395833     8.500       NaN       NaN    -0.010   205.066   228.240    58.171   107.289     9.115   105.634       NaN       NaN
 121.7395833     8.000       NaN       NaN    -0.008   169.198   188.319    49.190   116.324     7.804    94.287       NaN       NaN
 121.7395833     7.500       NaN       NaN    -0.005   139.969   155.787    41.665   120.497     6.755    83.679       NaN       NaN
 121.7395833     7.000       NaN       NaN    -0.004   116.537   129.707    35.474   121.096     5.942    73.975       NaN       NaN
 121.7395833     6.500       NaN       NaN    -0.003    97.915   108.980    30.435   119.273     5.329    65.237       NaN       NaN
 121.7395833     6.000       NaN       NaN    -0.002    83.178    92.578    26.362   115.947     4.883    57.464       NaN       NaN
 121.7395833     5.500       NaN       NaN    -0.002    71.540    79.625    23.083   111.806     4.570    50.622       NaN       NaN
 121.7395833     5.000       NaN       NaN    -0.001    62.358    69.405    20.454   107.341     4.362    44.661       NaN       NaN
 121.7395833     4.500       NaN       NaN    -0.001    55.121    61.350    18.353   102.891     4.235    39.527       NaN       NaN
 121.7395833     4.000       NaN       NaN    -0.001    49.430    55.016    16.682    98.680     4.168    35.161       NaN       NaN
 121.7395833     3.500       NaN       NaN    -0.000    44.976    50.059    15.363    94.849     4.141    31.511       NaN       NaN
 121.7395833     3.000       NaN       NaN    -0.000    41.521    46.213    14.334    91.482     4.140    28.524       NaN       NaN
 121.7395833     2.500       NaN       NaN    -0.000    38.881    43.275    13.546    88.625     4.151    26.148       NaN       NaN
 121.7395833     2.000       NaN       NaN    -0.000    36.914    41.086    12.959    86.294     4.166    24.335       NaN       NaN
 121.7395833     1.500       NaN       NaN    -0.000    35.512    39.525    12.543    84.488     4.177    23.031       NaN       NaN
 121.7395833     1.000       NaN       NaN    -0.000    34.586    38.495    12.271    83.197     4.183    22.181       NaN       NaN
 121.7395833     0.500       NaN       NaN    -0.000     0.000     0.000     0.000     0.000     0.000     0.000     0.000     0.000
 121.7604167    23.000       NaN       NaN    -0.022     0.000     0.000     0.000     0.000     0.000     0.000     0.000     0.000
 121.7604167    22.500       NaN       NaN    -0.022     0.000     0.000     0.000     0.000     0.000     0.000     0.000     0.000
 121.7604167    22.000       NaN       NaN    -0.022     0.000     0.000     0.000     0.000     0.000     0.000     0.000     0.000
 121.7604167    21.500       NaN       NaN    -0.022     0.000     0.000     0.000     0.000     0.000     0.000     0.000     0.000
 121.7604167    21.000       NaN       NaN    -0.022     0.000     0.000     0.000     0.000     0.000     0.000     0.000     0.000
 121.7604167    20.500       NaN       NaN    -0.022     0.000     0.000     0.000     0.000     0.000     0.000     0.000     0.000
 121.7604167    20.000       NaN       NaN    -0.022     0.000     0.000     0.000     0.000     0.000     0.000     0.000     0.000
 121.7604167    19.500       NaN       NaN    -0.022     0.000     0.000     0.000     0.000     0.000     0.000     0.000     0.000
 121.7604167    19.000       NaN       NaN    -0.022     0.000     0.000     0.000     0.000     0.000     0.000     0.000     0.000
 121.7604167    18.500       NaN       NaN    -0.022     0.000     0.000     0.000     0.000     0.000     0.000     0.000     0.000
 121.7604167    18.000       NaN       NaN    -0.022     0.000     0.000     0.000     0.000     0.000     0.000     0.000     0.000
 121.7604167    17.500       NaN       NaN    -0.022     0.000     0.000     0.000     0.000     0.000     0.000     0.000     0.000
 121.7604167    17.000       NaN       NaN    -0.022     0.000     0.000     0.000     0.000     0.000     0.000     0.000     0.000
 121.7604167    16.500       NaN       NaN    -0.022     0.000     0.000     0.000     0.000     0.000     0.000     0.000     0.000
 121.7604167    16.000       NaN       NaN    -0.022     0.000     0.000     0.000     0.000     0.000     0.000     0.000     0.000
 121.7604167    15.500       NaN       NaN    -0.022     0.000     0.000     0.000     0.000     0.000     0.000     0.000     0.000
 121.7604167    15.000       NaN       NaN    -0.022     0.000     0.000     0.000     0.000     0.000     0.000     0.000     0.000
 121.7604167    14.500       NaN       NaN    -0.022     0.000     0.000     0.000     0.000     0.000     0.000     0.000     0.000
 121.7604167    14.000       NaN       NaN    -0.022     0.000     0.000     0.000     0.000     0.000     0.000     0.000     0.000
 121.7604167    13.500       NaN       NaN    -0.022     0.000     0.000     0.000     0.000     0.000     0.000     0.000     0.000
 121.7604167    13.000       NaN       NaN    -0.022     0.000     0.000     0.000     0.000     0.000     0.000     0.000     0.000
 121.7604167    12.500       NaN       NaN    -0.022     0.000     0.000     0.000     0.000     0.000     0.000     0.000     0.000
 121.7604167    12.000       NaN       NaN    -0.022     0.000     0.000     0.000     0.000     0.000     0.000     0.000     0.000
 121.7604167    11.500       NaN       NaN    -0.022     0.000     0.000     0.000     0.000     0.000     0.000     0.000     0.000
 121.7604167    11.000       NaN       NaN    -0.022     0.000     0.000     0.000     0.000     0.000     0.000     0.000     0.000
 121.7604167    10.500       NaN       NaN    -0.022     0.000     0.000     0.000     0.000     0.000     0.000     0.000     0.000
 121.7604167    10.000       NaN       NaN    -0.022   329.126   367.281    88.707    50.552    13.671   134.707       NaN       NaN
 121.7604167     9.500       NaN       NaN    -0.016   289.661   323.240    79.338    70.458    12.216   126.309       NaN       NaN
 121.7604167     9.000       NaN       NaN    -0.012   243.479   271.704    68.132    90.684    10.508   115.251       NaN       NaN
 121.7604167     8.500       NaN       NaN    -0.009   201.866   225.268    57.773   105.315     8.972   103.812       NaN       NaN
 121.7604167     8.000       NaN       NaN    -0.006   166.820   186.159    48.820   114.167     7.690    92.726       NaN       NaN
 121.7604167     7.500       NaN       NaN    -0.004   138.215   154.238    41.327   118.277     6.664    82.344       NaN       NaN
 121.7604167     7.000       NaN       NaN    -0.003   115.249   128.609    35.170   118.893     5.868    72.836       NaN       NaN
 121.7604167     6.500       NaN       NaN    -0.002    96.970   108.211    30.164   117.137     5.268    64.265       NaN       NaN
 121.7604167     6.000       NaN       NaN    -0.002    82.485    92.048    26.119   113.906     4.831    56.633       NaN       NaN
 121.7604167     5.500       NaN       NaN    -0.001    71.032    79.266    22.866   109.870     4.525    49.910       NaN       NaN
 121.7604167     5.000       NaN       NaN    -0.001    61.984    69.169    20.259   105.512     4.323    44.049       NaN       NaN
 121.7604167     4.500       NaN       NaN    -0.001    54.845    61.203    18.176   101.163     4.200    38.997       NaN       NaN
 121.7604167     4.000       NaN       NaN    -0.000    49.227    54.933    16.520    97.044     4.135    34.700       NaN       NaN
 121.7604167     3.500       NaN       NaN    -0.000    44.826    50.022    15.213    93.295     4.110    31.105       NaN       NaN
 121.7604167     3.000       NaN       NaN    -0.000    41.409    46.209    14.194    89.998     4.110    28.163       NaN       NaN
 121.7604167     2.500       NaN       NaN    -0.000    38.797    43.294    13.413    87.199     4.122    25.822       NaN       NaN
 121.7604167     2.000       NaN       NaN    -0.000    36.850    41.122    12.832    84.914     4.137    24.036       NaN       NaN
 121.7604167     1.500       NaN       NaN    -0.000    35.461    39.572    12.420    83.144     4.149    22.751       NaN       NaN
 121.7604167     1.000       NaN       NaN    -0.000    34.544    38.549    12.151    81.877     4.155    21.914       NaN       NaN
 121.7604167     0.500       NaN       NaN    -0.000     0.000     0.000     0.000     0.000     0.000     0.000     0.000     0.000
 121.7812500    23.000       NaN       NaN    -0.017     0.000     0.000     0.000     0.000     0.000     0.000     0.000     0.000
 121.7812500    22.500       NaN       NaN    -0.017     0.000     0.000     0.000     0.000     0.000     0.000     0.000     0.000
 121.7812500    22.000       NaN       NaN    -0.017     0.000     0.000     0.000     0.000     0.000     0.000     0.000     0.000
 121.7812500    21.500       NaN       NaN    -0.017     0.000     0.000     0.000     0.000     0.000     0.000     0.000     0.000
 121.7812500    21.000       NaN       NaN    -0.017     0.000     0.000     0.000     0.000     0.000     0.000     0.000     0.000
 121.7812500    20.500       NaN       NaN    -0.017     0.000     0.000     0.000     0.000     0.000     0.000     0.000     0.000
 121.7812500    20.000       NaN       NaN    -0.017     0.000     0.000     0.000     0.000     0.000     0.000     0.000     0.000
 121.7812500    19.500       NaN       NaN    -0.017     0.000     0.000     0.000     0.000     0.000     0.000     0.000     0.000
 121.7812500    19.000       NaN       NaN    -0.017     0.000     0.000     0.000     0.000     0.000     0.000     0.000     0.000
 121.7812500    18.500       NaN       NaN    -0.017     0.000     0.000     0.000     0.000     0.000     0.000     0.000     0.000
 121.7812500    18.000       NaN       NaN    -0.017     0.000     0.000     0.000     0.000     0.000     0.000     0.000     0.000
 121.7812500    17.500       NaN       NaN    -0.017     0.000     0.000     0.000     0.000     0.000     0.000     0.000     0.000
 121.7812500    17.000       NaN       NaN    -0.017     0.000     0.000     0.000     0.000     0.000     0.000     0.000     0.000
 121.7812500    16.500       NaN       NaN    -0.017     0.000     0.000     0.000     0.000     0.000     0.000     0.000     0.000
 121.7812500    16.000       NaN       NaN    -0.017     0.000     0.000     0.000     0.000     0.000     0.000     0.000     0.000
 121.7812500    15.500       NaN       NaN    -0.017     0.000     0.000     0.000     0.000     0.000     0.000     0.000     0.000
 121.7812500    15.000       NaN       NaN    -0.017     0.000     0.000     0.000     0.000     0.000     0.000     0.000     0.000
 121.7812500    14.500       NaN       NaN    -0.017     0.000     0.000     0.000     0.000     0.000     0.000     0.000     0.000
 121.7812500    14.000       NaN       NaN    -0.017     0.000     0.000     0.000     0.000     0.000     0.000     0.000     0.000
 121.7812500    13.500       NaN       NaN    -0.017     0.000     0.000     0.000     0.000     0.000     0.000     0.000     0.000
 121.7812500    13.000       NaN       NaN    -0.017     0.000     0.000     0.000     0.000     0.000     0.000     0.000     0.000
 121.7812500    12.500       NaN       NaN    -0.017     0.000     0.000     0.000     0.000     0.000     0.000     0.000     0.000
 121.7812500    12.000       NaN       NaN    -0.017     0.000     0.000     0.000     0.000     0.000     0.000     0.000     0.000
 121.7812500    11.500       NaN       NaN    -0.017     0.000     0.000     0.000     0.000     0.000     0.000     0.000     0.000
 121.7812500    11.000       NaN       NaN    -0.017     0.000     0.000     0.000     0.000     0.000     0.000     0.000     0.000
 121.7812500    10.500       NaN       NaN    -0.017     0.000     0.000     0.000     0.000     0.000     0.000     0.000     0.000
 121.7812500    10.000       NaN       NaN    -0.017   262.658   302.488    85.959    46.129    11.516   112.293       NaN       NaN
 121.7812500     9.500       NaN       NaN    -0.012   231.335   266.416    76.467    62.121    10.286   105.311       NaN       NaN
 121.7812500     9.000       NaN       NaN    -0.009   194.649   224.167    65.209    78.310     8.842    96.113       NaN       NaN
 121.7812500     8.500       NaN       NaN    -0.007   161.559   186.058    54.900    89.935     7.543    86.594       NaN       NaN
 121.7812500     8.000       NaN       NaN    -0.005   133.659   153.928    46.073    96.863     6.460    77.364       NaN       NaN
 121.7812500     7.500       NaN       NaN    -0.003   110.862   127.673    38.752    99.943     5.593    68.717       NaN       NaN
 121.7812500     7.000       NaN       NaN    -0.002    92.539   106.572    32.785   100.195     4.921    60.794       NaN       NaN
 121.7812500     6.500       NaN       NaN    -0.002    77.940    89.759    27.968    98.534     4.414    53.649       NaN       NaN
 121.7812500     6.000       NaN       NaN    -0.001    66.361    76.424    24.102    95.692     4.044    47.285       NaN       NaN
 121.7812500     5.500       NaN       NaN    -0.001    57.196    65.869    21.010    92.217     3.784    41.676       NaN       NaN
 121.7812500     5.000       NaN       NaN    -0.001    49.950    57.525    18.544    88.499     3.611    36.786       NaN       NaN
 121.7812500     4.500       NaN       NaN    -0.001    44.229    50.936    16.582    84.810     3.504    32.570       NaN       NaN
 121.7812500     4.000       NaN       NaN    -0.000    39.723    45.747    15.028    81.326     3.447    28.983       NaN       NaN
 121.7812500     3.500       NaN       NaN    -0.000    36.191    41.680    13.805    78.163     3.423    25.982       NaN       NaN
 121.7812500     3.000       NaN       NaN    -0.000    33.448    38.521    12.853    75.386     3.420    23.524       NaN       NaN
 121.7812500     2.500       NaN       NaN    -0.000    31.350    36.104    12.126    73.030     3.428    21.570       NaN       NaN
 121.7812500     2.000       NaN       NaN    -0.000    29.786    34.303    11.584    71.109     3.439    20.077       NaN       NaN
 121.7812500     1.500       NaN       NaN    -0.000    28.670    33.018    11.200    69.621     3.447    19.004       NaN       NaN
 121.7812500     1.000       NaN       NaN    -0.000    27.933    32.169    10.949    68.557     3.451    18.304       NaN       NaN
 121.7812500     0.500       NaN       NaN    -0.000     0.000     0.000     0.000     0.000     0.000     0.000     0.000     0.000
 121.8020833    23.000       NaN       NaN    -0.012     0.000     0.000     0.000     0.000     0.000     0.000     0.000     0.000
 121.8020833    22.500       NaN       NaN    -0.012     0.000     0.000     0.000     0.000     0.000     0.000     0.000     0.000
 121.8020833    22.000       NaN       NaN    -0.012     0.000     0.000     0.000     0.000     0.000     0.000     0.000     0.000
 121.8020833    21.500       NaN       NaN    -0.012     0.000     0.000     0.000     0.000     0.000     0.000     0.000     0.000
 121.8020833    21.000       NaN       NaN    -0.012     0.000     0.000     0.000     0.000     0.000     0.000     0.000     0.000
 121.8020833    20.500       NaN       NaN    -0.012     0.000     0.000     0.000     0.000     0.000     0.000     0.000     0.000
 121.8020833    20.000       NaN       NaN    -0.012     0.000     0.000     0.000     0.000     0.000     0.000     0.000     0.000
 121.8020833    19.500       NaN       NaN    -0.012     0.000     0.000     0.000     0.000     0.000     0.000     0.000     0.000
 121.8020833    19.000       NaN       NaN    -0.012     0.000     0.000     0.000     0.000     0.000     0.000     0.000     0.000
 121.8020833    18.500       NaN       NaN    -0.012     0.000     0.000     0.000     0.000     0.000     0.000     0.000     0.000
 121.8020833    18.000       NaN       NaN    -0.012     0.000     0.000     0.000     0.000     0.000     0.000     0.000     0.000
 121.8020833    17.500       NaN       NaN    -0.012     0.000     0.000     0.000     0.000     0.000     0.000     0.000     0.000
 121.8020833    17.000       NaN       NaN    -0.012     0.000     0.000     0.000     0.000     0.000     0.000     0.000     0.000
 121.8020833    16.500       NaN       NaN    -0.012     0.000     0.000     0.000     0.000     0.000     0.000     0.000     0.000
 121.8020833    16.000       NaN       NaN    -0.012     0.000     0.000     0.000     0.000     0.000     0.000     0.000     0.000
 121.8020833    15.500       NaN       NaN    -0.012     0.000     0.000     0.000     0.000     0.000     0.000     0.000     0.000
 121.8020833    15.000       NaN       NaN    -0.012     0.000     0.000     0.000     0.000     0.000     0.000     0.000     0.000
 121.8020833    14.500       NaN       NaN    -0.012     0.000     0.000     0.000     0.000     0.000     0.000     0.000     0.000
 121.8020833    14.000       NaN       NaN    -0.012     0.000     0.000     0.000     0.000     0.000     0.000     0.000     0.000
 121.8020833    13.500       NaN       NaN    -0.012     0.000     0.000     0.000     0.000     0.000     0.000     0.000     0.000
 121.8020833    13.000       NaN       NaN    -0.012     0.000     0.000     0.000     0.000     0.000     0.000     0.000     0.000
 121.8020833    12.500       NaN       NaN    -0.012     0.000     0.000     0.000     0.000     0.000     0.000     0.000     0.000
 121.8020833    12.000       NaN       NaN    -0.012     0.000     0.000     0.000     0.000     0.000     0.000     0.000     0.000
 121.8020833    11.500       NaN       NaN    -0.012     0.000     0.000     0.000     0.000     0.000     0.000     0.000     0.000
 121.8020833    11.000       NaN       NaN    -0.012     0.000     0.000     0.000     0.000     0.000     0.000     0.000     0.000
 121.8020833    10.500       NaN       NaN    -0.012     0.000     0.000     0.000     0.000     0.000     0.000     0.000     0.000
 121.8020833    10.000       NaN       NaN    -0.012   282.668   321.336    87.572    48.905    12.173   119.087       NaN       NaN
 121.8020833     9.500       NaN       NaN    -0.009   249.085   283.159    78.002    65.837    10.880   111.715       NaN       NaN
 121.8020833     9.000       NaN       NaN    -0.006   209.729   238.418    66.631    82.990     9.361   101.997       NaN       NaN
 121.8020833     8.500       NaN       NaN    -0.005   174.204   198.034    56.198    95.322     7.995    91.930       NaN       NaN
 121.8020833     8.000       NaN       NaN    -0.003   144.229   163.959    47.246   102.685     6.854    82.159       NaN       NaN
 121.8020833     7.500       NaN       NaN    -0.002   119.718   136.095    39.807   105.974     5.941    73.000       NaN       NaN
 121.8020833     7.000       NaN       NaN    -0.002   100.003   113.683    33.731   106.266     5.233    64.603       NaN       NaN
 121.8020833     6.500       NaN       NaN    -0.001    84.285    95.814    28.818   104.528     4.699    57.027       NaN       NaN
 121.8020833     6.000       NaN       NaN    -0.001    71.809    81.632    24.869   101.535     4.310    50.275       NaN       NaN
 121.8020833     5.500       NaN       NaN    -0.001    61.928    70.399    21.706    97.866     4.037    44.322       NaN       NaN
 121.8020833     5.000       NaN       NaN    -0.000    54.112    61.514    19.180    93.938     3.856    39.131       NaN       NaN
 121.8020833     4.500       NaN       NaN    -0.000    47.937    54.495    17.169    90.035     3.746    34.653       NaN       NaN
 121.8020833     4.000       NaN       NaN    -0.000    43.072    48.964    15.574    86.349     3.688    30.844       NaN       NaN
 121.8020833     3.500       NaN       NaN    -0.000    39.257    44.627    14.318    83.000     3.665    27.655       NaN       NaN
 121.8020833     3.000       NaN       NaN    -0.000    36.293    41.258    13.340    80.058     3.664    25.045       NaN       NaN
 121.8020833     2.500       NaN       NaN    -0.000    34.025    38.680    12.591    77.563     3.674    22.968       NaN       NaN
 121.8020833     2.000       NaN       NaN    -0.000    32.334    36.758    12.035    75.527     3.687    21.382       NaN       NaN
 121.8020833     1.500       NaN       NaN    -0.000    31.127    35.385    11.640    73.950     3.697    20.242       NaN       NaN
 121.8020833     1.000       NaN       NaN    -0.000    30.330    34.479    11.382    72.822     3.702    19.499       NaN       NaN
 121.8020833     0.500       NaN       NaN    -0.000     0.000     0.000     0.000     0.000     0.000     0.000     0.000     0.000
 121.8229167    23.000       NaN       NaN    -0.016     0.000     0.000     0.000     0.000     0.000     0.000     0.000     0.000
 121.8229167    22.500       NaN       NaN    -0.016     0.000     0.000     0.000     0.000     0.000     0.000     0.000     0.000
 121.8229167    22.000       NaN       NaN    -0.016     0.000     0.000     0.000     0.000     0.000     0.000     0.000     0.000
 121.8229167    21.500       NaN       NaN    -0.016     0.000     0.000     0.000     0.000     0.000     0.000     0.000     0.000
 121.8229167    21.000       NaN       NaN    -0.016     0.000     0.000     0.000     0.000     0.000     0.000     0.000     0.000
 121.8229167    20.500       NaN       NaN    -0.016     0.000     0.000     0.000     0.000     0.000     0.000     0.000     0.000
 121.8229167    20.000       NaN       NaN    -0.016     0.000     0.000     0.000     0.000     0.000     0.000     0.000     0.000
 121.8229167    19.500       NaN       NaN    -0.016     0.000     0.000     0.000     0.000     0.000     0.000     0.000     0.000
 121.8229167    19.000       NaN       NaN    -0.016     0.000     0.000     0.000     0.000     0.000     0.000     0.000     0.000
 121.8229167    18.500       NaN       NaN    -0.016     0.000     0.000     0.000     0.000     0.000     0.000     0.000     0.000
 121.8229167    18.000       NaN       NaN    -0.016     0.000     0.000     0.000     0.000     0.000     0.000     0.000     0.000
 121.8229167    17.500       NaN       NaN    -0.016     0.000     0.000     0.000     0.000     0.000     0.000     0.000     0.000
 121.8229167    17.000       NaN       NaN    -0.016     0.000     0.000     0.000     0.000     0.000     0.000     0.000     0.000
 121.8229167    16.500       NaN       NaN    -0.016     0.000     0.000     0.000     0.000     0.000     0.000     0.000     0.000
 121.8229167    16.000       NaN       NaN    -0.016     0.000     0.000     0.000     0.000     0.000     0.000     0.000     0.000
 121.8229167    15.500       NaN       NaN    -0.016     0.000     0.000     0.000     0.000     0.000     0.000     0.000     0.000
 121.8229167    15.000       NaN       NaN    -0.016     0.000     0.000     0.000     0.000     0.000     0.000     0.000     0.000
 121.8229167    14.500       NaN       NaN    -0.016     0.000     0.000     0.000     0.000     0.000     0.000     0.000     0.000
 121.8229167    14.000       NaN       NaN    -0.016     0.000     0.000     0.000     0.000     0.000     0.000     0.000     0.000
 121.8229167    13.500       NaN       NaN    -0.016     0.000     0.000     0.000     0.000     0.000     0.000     0.000     0.000
 121.8229167    13.000       NaN       NaN    -0.016     0.000     0.000     0.000     0.000     0.000     0.000     0.000     0.000
 121.8229167    12.500       NaN       NaN    -0.016     0.000     0.000     0.000     0.000     0.000     0.000     0.000     0.000
 121.8229167    12.000       NaN       NaN    -0.016     0.000     0.000     0.000     0.000     0.000     0.000     0.000     0.000
 121.8229167    11.500       NaN       NaN    -0.016     0.000     0.000     0.000     0.000     0.000     0.000     0.000     0.000
 121.8229167    11.000       NaN       NaN    -0.016     0.000     0.000     0.000     0.000     0.000     0.000     0.000     0.000
 121.8229167    10.500       NaN       NaN    -0.016     0.000     0.000     0.000     0.000     0.000     0.000     0.000     0.000
 121.8229167    10.000       NaN       NaN    -0.016   210.507   251.357    81.217    40.367     9.721    93.819       NaN       NaN
 121.8229167     9.500       NaN       NaN    -0.012   185.554   221.561    71.971    53.435     8.679    88.015       NaN       NaN
 121.8229167     9.000       NaN       NaN    -0.009   156.300   186.631    61.066    66.641     7.457    80.362       NaN       NaN
 121.8229167     8.500       NaN       NaN    -0.006   129.884   155.088    51.144    76.093     6.358    72.434       NaN       NaN
 121.8229167     8.000       NaN       NaN    -0.005   107.584   128.461    42.704    81.683     5.442    64.740       NaN       NaN
 121.8229167     7.500       NaN       NaN    -0.003    89.341   106.678    35.747    84.110     4.709    57.526       NaN       NaN
 121.8229167     7.000       NaN       NaN    -0.002    74.661    89.149    30.108    84.215     4.140    50.912       NaN       NaN
 121.8229167     6.500       NaN       NaN    -0.002    62.951    75.167    25.580    82.752     3.711    44.944       NaN       NaN
 121.8229167     6.000       NaN       NaN    -0.001    53.654    64.066    21.963    80.322     3.398    39.624       NaN       NaN
 121.8229167     5.500       NaN       NaN    -0.001    46.288    55.270    19.082    77.378     3.177    34.935       NaN       NaN
 121.8229167     5.000       NaN       NaN    -0.001    40.459    48.310    16.793    74.242     3.030    30.845       NaN       NaN
 121.8229167     4.500       NaN       NaN    -0.000    35.853    42.810    14.977    71.136     2.938    27.317       NaN       NaN
 121.8229167     4.000       NaN       NaN    -0.000    32.222    38.475    13.543    68.208     2.889    24.315       NaN       NaN
 121.8229167     3.500       NaN       NaN    -0.000    29.375    35.075    12.417    65.551     2.867    21.803       NaN       NaN
 121.8229167     3.000       NaN       NaN    -0.000    27.162    32.433    11.542    63.220     2.863    19.746       NaN       NaN
 121.8229167     2.500       NaN       NaN    -0.000    25.469    30.411    10.873    61.243     2.868    18.109       NaN       NaN
 121.8229167     2.000       NaN       NaN    -0.000    24.206    28.904    10.377    59.632     2.876    16.859       NaN       NaN
 121.8229167     1.500       NaN       NaN    -0.000    23.305    27.827    10.024    58.384     2.883    15.960       NaN       NaN
 121.8229167     1.000       NaN       NaN    -0.000    22.710    27.116     9.794    57.492     2.885    15.375       NaN       NaN
 121.8229167     0.500       NaN       NaN    -0.000     0.000     0.000     0.000     0.000     0.000     0.000     0.000     0.000
 121.8437500    23.000       NaN       NaN    -0.029     0.000     0.000     0.000     0.000     0.000     0.000     0.000     0.000
 121.8437500    22.500       NaN       NaN    -0.029     0.000     0.000     0.000     0.000     0.000     0.000     0.000     0.000
 121.8437500    22.000       NaN       NaN    -0.029     0.000     0.000     0.000     0.000     0.000     0.000     0.000     0.000
 121.8437500    21.500       NaN       NaN    -0.029     0.000     0.000     0.000     0.000     0.000     0.000     0.000     0.000
 121.8437500    21.000       NaN       NaN    -0.029     0.000     0.000     0.000     0.000     0.000     0.000     0.000     0.000
 121.8437500    20.500       NaN       NaN    -0.029     0.000     0.000     0.000     0.000     0.000     0.000     0.000     0.000
 121.8437500    20.000       NaN       NaN    -0.029     0.000     0.000     0.000     0.000     0.000     0.000     0.000     0.000
 121.8437500    19.500       NaN       NaN    -0.029     0.000     0.000     0.000     0.000     0.000     0.000     0.000     0.000
 121.8437500    19.000       NaN       NaN    -0.029     0.000     0.000     0.000     0.000     0.000     0.000     0.000     0.000
 121.8437500    18.500       NaN       NaN    -0.029     0.000     0.000     0.000     0.000     0.000     0.000     0.000     0.000
 121.8437500    18.000       NaN       NaN    -0.029     0.000     0.000     0.000     0.000     0.000     0.000     0.000     0.000
 121.8437500    17.500       NaN       NaN    -0.029     0.000     0.000     0.000     0.000     0.000     0.000     0.000     0.000
 121.8437500    17.000       NaN       NaN    -0.029     0.000     0.000     0.000     0.000     0.000     0.000     0.000     0.000
 121.8437500    16.500       NaN       NaN    -0.029     0.000     0.000     0.000     0.000     0.000     0.000     0.000     0.000
 121.8437500    16.000       NaN       NaN    -0.029     0.000     0.000     0.000     0.000     0.000     0.000     0.000     0.000
 121.8437500    15.500       NaN       NaN    -0.029     0.000     0.000     0.000     0.000     0.000     0.000     0.000     0.000
 121.8437500    15.000       NaN       NaN    -0.029     0.000     0.000     0.000     0.000     0.000     0.000     0.000     0.000
 121.8437500    14.500       NaN       NaN    -0.029     0.000     0.000     0.000     0.000     0.000     0.000     0.000     0.000
 121.8437500    14.000       NaN       NaN    -0.029     0.000     0.000     0.000     0.000     0.000     0.000     0.000     0.000
 121.8437500    13.500       NaN       NaN    -0.029     0.000     0.000     0.000     0.000     0.000     0.000     0.000     0.000
 121.8437500    13.000       NaN       NaN    -0.029     0.000     0.000     0.000     0.000     0.000     0.000     0.000     0.000
 121.8437500    12.500       NaN       NaN    -0.029     0.000     0.000     0.000     0.000     0.000     0.000     0.000     0.000
 121.8437500    12.000       NaN       NaN    -0.029     0.000     0.000     0.000     0.000     0.000     0.000     0.000     0.000
 121.8437500    11.500       NaN       NaN    -0.029     0.000     0.000     0.000     0.000     0.000     0.000     0.000     0.000
 121.8437500    11.000       NaN       NaN    -0.029     0.000     0.000     0.000     0.000     0.000     0.000     0.000     0.000
 121.8437500    10.500       NaN       NaN    -0.029     0.000     0.000     0.000     0.000     0.000     0.000     0.000     0.000
 121.8437500    10.000       NaN       NaN    -0.029   180.383   221.268    78.184    37.298     8.683    83.182       NaN       NaN
 121.8437500     9.500       NaN       NaN    -0.021   159.020   195.064    69.125    48.667     7.748    78.031       NaN       NaN
 121.8437500     9.000       NaN       NaN    -0.015   133.973   164.340    58.472    60.129     6.650    71.241       NaN       NaN
 121.8437500     8.500       NaN       NaN    -0.011   111.351   136.590    48.815    68.293     5.665    64.209       NaN       NaN
 121.8437500     8.000       NaN       NaN    -0.008    92.251   113.160    40.631    73.072     4.844    57.385       NaN       NaN
 121.8437500     7.500       NaN       NaN    -0.006    76.622    93.989    33.908    75.085     4.187    50.988       NaN       NaN
 121.8437500     7.000       NaN       NaN    -0.004    64.043    78.559    28.478    75.071     3.677    45.124       NaN       NaN
 121.8437500     6.500       NaN       NaN    -0.003    54.008    66.250    24.131    73.691     3.293    39.833       NaN       NaN
 121.8437500     6.000       NaN       NaN    -0.002    46.039    56.475    20.669    71.474     3.011    35.118       NaN       NaN
 121.8437500     5.500       NaN       NaN    -0.002    39.724    48.728    17.918    68.816     2.813    30.961       NaN       NaN
 121.8437500     5.000       NaN       NaN    -0.001    34.727    42.598    15.737    65.999     2.679    27.336       NaN       NaN
 121.8437500     4.500       NaN       NaN    -0.001    30.777    37.753    14.011    63.217     2.596    24.209       NaN       NaN
 121.8437500     4.000       NaN       NaN    -0.001    27.663    33.934    12.649    60.600     2.550    21.548       NaN       NaN
 121.8437500     3.500       NaN       NaN    -0.000    25.221    30.938    11.582    58.228     2.529    19.321       NaN       NaN
 121.8437500     3.000       NaN       NaN    -0.000    23.323    28.610    10.753    56.149     2.524    17.498       NaN       NaN
 121.8437500     2.500       NaN       NaN    -0.000    21.871    26.828    10.120    54.388     2.527    16.047       NaN       NaN
 121.8437500     2.000       NaN       NaN    -0.000    20.787    25.499     9.650    52.952     2.533    14.939       NaN       NaN
 121.8437500     1.500       NaN       NaN    -0.000    20.014    24.550     9.317    51.841     2.538    14.143       NaN       NaN
 121.8437500     1.000       NaN       NaN    -0.000    19.503    23.924     9.099    51.047     2.539    13.624       NaN       NaN
 121.8437500     0.500       NaN       NaN    -0.000     0.000     0.000     0.000     0.000     0.000     0.000     0.000     0.000
 121.8645833    23.000       NaN       NaN    -0.042     0.000     0.000     0.000     0.000     0.000     0.000     0.000     0.000
 121.8645833    22.500       NaN       NaN    -0.042     0.000     0.000     0.000     0.000     0.000     0.000     0.000     0.000
 121.8645833    22.000       NaN       NaN    -0.042     0.000     0.000     0.000     0.000     0.000     0.000     0.000     0.000
 121.8645833    21.500       NaN       NaN    -0.042     0.000     0.000     0.000     0.000     0.000     0.000     0.000     0.000
 121.8645833    21.000       NaN       NaN    -0.042     0.000     0.000     0.000     0.000     0.000     0.000     0.000     0.000
 121.8645833    20.500       NaN       NaN    -0.042     0.000     0.000     0.000     0.000     0.000     0.000     0.000     0.000
 121.8645833    20.000       NaN       NaN    -0.042     0.000     0.000     0.000     0.000     0.000     0.000     0.000     0.000
 121.8645833    19.500       NaN       NaN    -0.042     0.000     0.000     0.000     0.000     0.000     0.000     0.000     0.000
 121.8645833    19.000       NaN       NaN    -0.042     0.000     0.000     0.000     0.000     0.000     0.000     0.000     0.000
 121.8645833    18.500       NaN       NaN    -0.042     0.000     0.000     0.000     0.000     0.000     0.000     0.000     0.000
 121.8645833    18.000       NaN       NaN    -0.042     0.000     0.000     0.000     0.000     0.000     0.000     0.000     0.000
 121.8645833    17.500       NaN       NaN    -0.042     0.000     0.000     0.000     0.000     0.000     0.000     0.000     0.000
 121.8645833    17.000       NaN       NaN    -0.042     0.000     0.000     0.000     0.000     0.000     0.000     0.000     0.000
 121.8645833    16.500       NaN       NaN    -0.042     0.000     0.000     0.000     0.000     0.000     0.000     0.000     0.000
 121.8645833    16.000       NaN       NaN    -0.042     0.000     0.000     0.000     0.000     0.000     0.000     0.000     0.000
 121.8645833    15.500       NaN       NaN    -0.042     0.000     0.000     0.000     0.000     0.000     0.000     0.000     0.000
 121.8645833    15.000       NaN       NaN    -0.042     0.000     0.000     0.000     0.000     0.000     0.000     0.000     0.000
 121.8645833    14.500       NaN       NaN    -0.042     0.000     0.000     0.000     0.000     0.000     0.000     0.000     0.000
 121.8645833    14.000       NaN       NaN    -0.042     0.000     0.000     0.000     0.000     0.000     0.000     0.000     0.000
 121.8645833    13.500       NaN       NaN    -0.042     0.000     0.000     0.000     0.000     0.000     0.000     0.000     0.000
 121.8645833    13.000       NaN       NaN    -0.042     0.000     0.000     0.000     0.000     0.000     0.000     0.000     0.000
 121.8645833    12.500       NaN       NaN    -0.042     0.000     0.000     0.000     0.000     0.000     0.000     0.000     0.000
 121.8645833    12.000       NaN       NaN    -0.042     0.000     0.000     0.000     0.000     0.000     0.000     0.000     0.000
 121.8645833    11.500       NaN       NaN    -0.042     0.000     0.000     0.000     0.000     0.000     0.000     0.000     0.000
 121.8645833    11.000       NaN       NaN    -0.042     0.000     0.000     0.000     0.000     0.000     0.000     0.000     0.000
 121.8645833    10.500       NaN       NaN    -0.042     0.000     0.000     0.000     0.000     0.000     0.000     0.000     0.000
 121.8645833    10.000       NaN       NaN    -0.042   179.025   219.851    78.027    37.201     8.637    82.709       NaN       NaN
 121.8645833     9.500       NaN       NaN    -0.030   157.817   193.806    68.979    48.491     7.705    77.584       NaN       NaN
 121.8645833     9.000       NaN       NaN    -0.022   132.952   163.270    58.341    59.870     6.614    70.830       NaN       NaN
 121.8645833     8.500       NaN       NaN    -0.016   110.495   135.693    48.699    67.970     5.633    63.836       NaN       NaN
 121.8645833     8.000       NaN       NaN    -0.012    91.536   112.410    40.528    72.708     4.816    57.049       NaN       NaN
 121.8645833     7.500       NaN       NaN    -0.008    76.023    93.360    33.818    74.698     4.162    50.688       NaN       NaN
 121.8645833     7.000       NaN       NaN    -0.006    63.539    78.029    28.398    74.674     3.655    44.857       NaN       NaN
 121.8645833     6.500       NaN       NaN    -0.004    53.580    65.799    24.061    73.294     3.273    39.596       NaN       NaN
 121.8645833     6.000       NaN       NaN    -0.003    45.672    56.087    20.606    71.083     2.992    34.908       NaN       NaN
 121.8645833     5.500       NaN       NaN    -0.002    39.405    48.392    17.862    68.435     2.795    30.775       NaN       NaN
 121.8645833     5.000       NaN       NaN    -0.002    34.446    42.302    15.686    65.630     2.662    27.171       NaN       NaN
 121.8645833     4.500       NaN       NaN    -0.001    30.527    37.489    13.964    62.862     2.580    24.062       NaN       NaN
 121.8645833     4.000       NaN       NaN    -0.001    27.438    33.695    12.606    60.258     2.533    21.417       NaN       NaN
 121.8645833     3.500       NaN       NaN    -0.001    25.015    30.719    11.542    57.898     2.512    19.203       NaN       NaN
 121.8645833     3.000       NaN       NaN    -0.000    23.132    28.407    10.715    55.829     2.507    17.391       NaN       NaN
 121.8645833     2.500       NaN       NaN    -0.000    21.691    26.637    10.084    54.077     2.510    15.949       NaN       NaN
 121.8645833     2.000       NaN       NaN    -0.000    20.616    25.317     9.616    52.649     2.516    14.847       NaN       NaN
 121.8645833     1.500       NaN       NaN    -0.000    19.849    24.375     9.283    51.544     2.520    14.055       NaN       NaN
 121.8645833     1.000       NaN       NaN    -0.000    19.342    23.753     9.066    50.754     2.522    13.539       NaN       NaN
 121.8645833     0.500       NaN       NaN    -0.000     0.000     0.000     0.000     0.000     0.000     0.000     0.000     0.000
 121.8854167    23.000       NaN       NaN    -0.084     0.000     0.000     0.000     0.000     0.000     0.000     0.000     0.000
 121.8854167    22.500       NaN       NaN    -0.084     0.000     0.000     0.000     0.000     0.000     0.000     0.000     0.000
 121.8854167    22.000       NaN       NaN    -0.084     0.000     0.000     0.000     0.000     0.000     0.000     0.000     0.000
 121.8854167    21.500       NaN       NaN    -0.084     0.000     0.000     0.000     0.000     0.000     0.000     0.000     0.000
 121.8854167    21.000       NaN       NaN    -0.084     0.000     0.000     0.000     0.000     0.000     0.000     0.000     0.000
 121.8854167    20.500       NaN       NaN    -0.084     0.000     0.000     0.000     0.000     0.000     0.000     0.000     0.000
 121.8854167    20.000       NaN       NaN    -0.084     0.000     0.000     0.000     0.000     0.000     0.000     0.000     0.000
 121.8854167    19.500       NaN       NaN    -0.084     0.000     0.000     0.000     0.000     0.000     0.000     0.000     0.000
 121.8854167    19.000       NaN       NaN    -0.084     0.000     0.000     0.000     0.000     0.000     0.000     0.000     0.000
 121.8854167    18.500       NaN       NaN    -0.084     0.000     0.000     0.000     0.000     0.000     0.000     0.000     0.000
 121.8854167    18.000       NaN       NaN    -0.084     0.000     0.000     0.000     0.000     0.000     0.000     0.000     0.000
 121.8854167    17.500       NaN       NaN    -0.084     0.000     0.000     0.000     0.000     0.000     0.000     0.000     0.000
 121.8854167    17.000       NaN       NaN    -0.084     0.000     0.000     0.000     0.000     0.000     0.000     0.000     0.000
 121.8854167    16.500       NaN       NaN    -0.084     0.000     0.000     0.000     0.000     0.000     0.000     0.000     0.000
 121.8854167    16.000       NaN       NaN    -0.084     0.000     0.000     0.000     0.000     0.000     0.000     0.000     0.000
 121.8854167    15.500       NaN       NaN    -0.084     0.000     0.000     0.000     0.000     0.000     0.000     0.000     0.000
 121.8854167    15.000       NaN       NaN    -0.084     0.000     0.000     0.000     0.000     0.000     0.000     0.000     0.000
 121.8854167    14.500       NaN       NaN    -0.084     0.000     0.000     0.000     0.000     0.000     0.000     0.000     0.000
 121.8854167    14.000       NaN       NaN    -0.084     0.000     0.000     0.000     0.000     0.000     0.000     0.000     0.000
 121.8854167    13.500       NaN       NaN    -0.084     0.000     0.000     0.000     0.000     0.000     0.000     0.000     0.000
 121.8854167    13.000       NaN       NaN    -0.084     0.000     0.000     0.000     0.000     0.000     0.000     0.000     0.000
 121.8854167    12.500       NaN       NaN    -0.084     0.000     0.000     0.000     0.000     0.000     0.000     0.000     0.000
 121.8854167    12.000       NaN       NaN    -0.084     0.000     0.000     0.000     0.000     0.000     0.000     0.000     0.000
 121.8854167    11.500       NaN       NaN    -0.084     0.000     0.000     0.000     0.000     0.000     0.000     0.000     0.000
 121.8854167    11.000       NaN       NaN    -0.084     0.000     0.000     0.000     0.000     0.000     0.000     0.000     0.000
 121.8854167    10.500       NaN       NaN    -0.084     0.000     0.000     0.000     0.000     0.000     0.000     0.000     0.000
 121.8854167    10.000       NaN       NaN    -0.084   160.562   200.372    75.877    36.068     7.994    76.190       NaN       NaN
 121.8854167     9.500       NaN       NaN    -0.061   141.511   176.597    66.985    46.223     7.127    71.448       NaN       NaN
 121.8854167     9.000       NaN       NaN    -0.044   119.180   148.729    56.548    56.418     6.112    65.204       NaN       NaN
 121.8854167     8.500       NaN       NaN    -0.032    99.018   123.569    47.108    63.621     5.201    58.743       NaN       NaN
 121.8854167     8.000       NaN       NaN    -0.023    82.002   102.333    39.126    67.768     4.441    52.480       NaN       NaN
 121.8854167     7.500       NaN       NaN    -0.017    68.084    84.964    32.585    69.425     3.834    46.615       NaN       NaN
 121.8854167     7.000       NaN       NaN    -0.012    56.886    70.990    27.313    69.263     3.363    41.241       NaN       NaN
 121.8854167     6.500       NaN       NaN    -0.009    47.956    59.846    23.101    67.883     3.008    36.395       NaN       NaN
 121.8854167     6.000       NaN       NaN    -0.006    40.866    50.999    19.753    65.763     2.747    32.078       NaN       NaN
 121.8854167     5.500       NaN       NaN    -0.005    35.251    43.991    17.097    63.258     2.563    28.275       NaN       NaN
 121.8854167     5.000       NaN       NaN    -0.003    30.807    38.446    14.994    60.625     2.439    24.958       NaN       NaN
 121.8854167     4.500       NaN       NaN    -0.002    27.297    34.064    13.332    58.037     2.361    22.098       NaN       NaN
 121.8854167     4.000       NaN       NaN    -0.002    24.530    30.612    12.023    55.609     2.316    19.666       NaN       NaN
 121.8854167     3.500       NaN       NaN    -0.001    22.360    27.904    10.997    53.413     2.296    17.630       NaN       NaN
 121.8854167     3.000       NaN       NaN    -0.001    20.674    25.800    10.202    51.491     2.289    15.963       NaN       NaN
 121.8854167     2.500       NaN       NaN    -0.001    19.384    24.190     9.594    49.865     2.291    14.637       NaN       NaN
 121.8854167     2.000       NaN       NaN    -0.000    18.422    22.989     9.144    48.541     2.295    13.624       NaN       NaN
 121.8854167     1.500       NaN       NaN    -0.000    17.735    22.132     8.824    47.517     2.298    12.896       NaN       NaN
 121.8854167     1.000       NaN       NaN    -0.000    17.282    21.567     8.614    46.785     2.299    12.421       NaN       NaN
 121.8854167     0.500       NaN       NaN    -0.000     0.000     0.000     0.000     0.000     0.000     0.000     0.000     0.000
 121.9062500    23.000       NaN       NaN    -0.110     0.000     0.000     0.000     0.000     0.000     0.000     0.000     0.000
 121.9062500    22.500       NaN       NaN    -0.110     0.000     0.000     0.000     0.000     0.000     0.000     0.000     0.000
 121.9062500    22.000       NaN       NaN    -0.110     0.000     0.000     0.000     0.000     0.000     0.000     0.000     0.000
 121.9062500    21.500       NaN       NaN    -0.110     0.000     0.000     0.000     0.000     0.000     0.000     0.000     0.000
 121.9062500    21.000       NaN       NaN    -0.110     0.000     0.000     0.000     0.000     0.000     0.000     0.000     0.000
 121.9062500    20.500       NaN       NaN    -0.110     0.000     0.000     0.000     0.000     0.000     0.000     0.000     0.000
 121.9062500    20.000       NaN       NaN    -0.110     0.000     0.000     0.000     0.000     0.000     0.000     0.000     0.000
 121.9062500    19.500       NaN       NaN    -0.110     0.000     0.000     0.000     0.000     0.000     0.000     0.000     0.000
 121.9062500    19.000       NaN       NaN    -0.110     0.000     0.000     0.000     0.000     0.000     0.000     0.000     0.000
 121.9062500    18.500       NaN       NaN    -0.110     0.000     0.000     0.000     0.000     0.000     0.000     0.000     0.000
 121.9062500    18.000       NaN       NaN    -0.110     0.000     0.000     0.000     0.000     0.000     0.000     0.000     0.000
 121.9062500    17.500       NaN       NaN    -0.110     0.000     0.000     0.000     0.000     0.000     0.000     0.000     0.000
 121.9062500    17.000       NaN       NaN    -0.110     0.000     0.000     0.000     0.000     0.000     0.000     0.000     0.000
 121.9062500    16.500       NaN       NaN    -0.110     0.000     0.000     0.000     0.000     0.000     0.000     0.000     0.000
 121.9062500    16.000       NaN       NaN    -0.110     0.000     0.000     0.000     0.000     0.000     0.000     0.000     0.000
 121.9062500    15.500       NaN       NaN    -0.110     0.000     0.000     0.000     0.000     0.000     0.000     0.000     0.000
 121.9062500    15.000       NaN       NaN    -0.110     0.000     0.000     0.000     0.000     0.000     0.000     0.000     0.000
 121.9062500    14.500       NaN       NaN    -0.110     0.000     0.000     0.000     0.000     0.000     0.000     0.000     0.000
 121.9062500    14.000       NaN       NaN    -0.110     0.000     0.000     0.000     0.000     0.000     0.000     0.000     0.000
 121.9062500    13.500       NaN       NaN    -0.110     0.000     0.000     0.000     0.000     0.000     0.000     0.000     0.000
 121.9062500    13.000       NaN       NaN    -0.110     0.000     0.000     0.000     0.000     0.000     0.000     0.000     0.000
 121.9062500    12.500       NaN       NaN    -0.110     0.000     0.000     0.000     0.000     0.000     0.000     0.000     0.000
 121.9062500    12.000       NaN       NaN    -0.110     0.000     0.000     0.000     0.000     0.000     0.000     0.000     0.000
 121.9062500    11.500       NaN       NaN    -0.110     0.000     0.000     0.000     0.000     0.000     0.000     0.000     0.000
 121.9062500    11.000       NaN       NaN    -0.110     0.000     0.000     0.000     0.000     0.000     0.000     0.000     0.000
 121.9062500    10.500       NaN       NaN    -0.110     0.000     0.000     0.000     0.000     0.000     0.000     0.000     0.000
 121.9062500    10.000       NaN       NaN    -0.110   144.802   182.407    73.305    35.700     7.418    70.448       NaN       NaN
 121.9062500     9.500       NaN       NaN    -0.080   127.570   160.700    64.644    44.773     6.609    66.032       NaN       NaN
 121.9062500     9.000       NaN       NaN    -0.058   107.380   135.267    54.492    53.826     5.662    60.226       NaN       NaN
 121.9062500     8.500       NaN       NaN    -0.042    89.162   112.317    45.324    60.148     4.813    54.227       NaN       NaN
 121.9062500     8.000       NaN       NaN    -0.031    73.795    92.960    37.585    63.697     4.105    48.420       NaN       NaN
 121.9062500     7.500       NaN       NaN    -0.022    61.234    77.136    31.254    64.997     3.540    42.986       NaN       NaN
 121.9062500     7.000       NaN       NaN    -0.016    51.133    64.412    26.158    64.663     3.101    38.014       NaN       NaN
 121.9062500     6.500       NaN       NaN    -0.012    43.083    54.271    22.093    63.242     2.770    33.534       NaN       NaN
 121.9062500     6.000       NaN       NaN    -0.008    36.695    46.225    18.866    61.169     2.527    29.546       NaN       NaN
 121.9062500     5.500       NaN       NaN    -0.006    31.638    39.854    16.310    58.767     2.355    26.033       NaN       NaN
 121.9062500     5.000       NaN       NaN    -0.004    27.638    34.815    14.288    56.266     2.238    22.972       NaN       NaN
 121.9062500     4.500       NaN       NaN    -0.003    24.479    30.836    12.692    53.822     2.164    20.334       NaN       NaN
 121.9062500     4.000       NaN       NaN    -0.002    21.990    27.701    11.435    51.538     2.122    18.090       NaN       NaN
 121.9062500     3.500       NaN       NaN    -0.002    20.039    25.243    10.451    49.479     2.101    16.213       NaN       NaN
 121.9062500     3.000       NaN       NaN    -0.001    18.524    23.334     9.689    47.681     2.094    14.676       NaN       NaN
 121.9062500     2.500       NaN       NaN    -0.001    17.364    21.874     9.107    46.161     2.094    13.453       NaN       NaN
 121.9062500     2.000       NaN       NaN    -0.001    16.500    20.785     8.675    44.925     2.097    12.519       NaN       NaN
 121.9062500     1.500       NaN       NaN    -0.000    15.883    20.007     8.368    43.970     2.099    11.848       NaN       NaN
 121.9062500     1.000       NaN       NaN    -0.000    15.475    19.494     8.168    43.289     2.099    11.410       NaN       NaN
 121.9062500     0.500       NaN       NaN    -0.000     0.000     0.000     0.000     0.000     0.000     0.000     0.000     0.000
 121.9270833    23.000       NaN       NaN    -0.122     0.000     0.000     0.000     0.000     0.000     0.000     0.000     0.000
 121.9270833    22.500       NaN       NaN    -0.122     0.000     0.000     0.000     0.000     0.000     0.000     0.000     0.000
 121.9270833    22.000       NaN       NaN    -0.122     0.000     0.000     0.000     0.000     0.000     0.000     0.000     0.000
 121.9270833    21.500       NaN       NaN    -0.122     0.000     0.000     0.000     0.000     0.000     0.000     0.000     0.000
 121.9270833    21.000       NaN       NaN    -0.122     0.000     0.000     0.000     0.000     0.000     0.000     0.000     0.000
 121.9270833    20.500       NaN       NaN    -0.122     0.000     0.000     0.000     0.000     0.000     0.000     0.000     0.000
 121.9270833    20.000       NaN       NaN    -0.122     0.000     0.000     0.000     0.000     0.000     0.000     0.000     0.000
 121.9270833    19.500       NaN       NaN    -0.122     0.000     0.000     0.000     0.000     0.000     0.000     0.000     0.000
 121.9270833    19.000       NaN       NaN    -0.122     0.000     0.000     0.000     0.000     0.000     0.000     0.000     0.000
 121.9270833    18.500       NaN       NaN    -0.122     0.000     0.000     0.000     0.000     0.000     0.000     0.000     0.000
 121.9270833    18.000       NaN       NaN    -0.122     0.000     0.000     0.000     0.000     0.000     0.000     0.000     0.000
 121.9270833    17.500       NaN       NaN    -0.122     0.000     0.000     0.000     0.000     0.000     0.000     0.000     0.000
 121.9270833    17.000       NaN       NaN    -0.122     0.000     0.000     0.000     0.000     0.000     0.000     0.000     0.000
 121.9270833    16.500       NaN       NaN    -0.122     0.000     0.000     0.000     0.000     0.000     0.000     0.000     0.000
 121.9270833    16.000       NaN       NaN    -0.122     0.000     0.000     0.000     0.000     0.000     0.000     0.000     0.000
 121.9270833    15.500       NaN       NaN    -0.122     0.000     0.000     0.000     0.000     0.000     0.000     0.000     0.000
 121.9270833    15.000       NaN       NaN    -0.122     0.000     0.000     0.000     0.000     0.000     0.000     0.000     0.000
 121.9270833    14.500       NaN       NaN    -0.122     0.000     0.000     0.000     0.000     0.000     0.000     0.000     0.000
 121.9270833    14.000       NaN       NaN    -0.122     0.000     0.000     0.000     0.000     0.000     0.000     0.000     0.000
 121.9270833    13.500       NaN       NaN    -0.122     0.000     0.000     0.000     0.000     0.000     0.000     0.000     0.000
 121.9270833    13.000       NaN       NaN    -0.122     0.000     0.000     0.000     0.000     0.000     0.000     0.000     0.000
 121.9270833    12.500       NaN       NaN    -0.122     0.000     0.000     0.000     0.000     0.000     0.000     0.000     0.000
 121.9270833    12.000       NaN       NaN    -0.122     0.000     0.000     0.000     0.000     0.000     0.000     0.000     0.000
 121.9270833    11.500       NaN       NaN    -0.122     0.000     0.000     0.000     0.000     0.000     0.000     0.000     0.000
 121.9270833    11.000       NaN       NaN    -0.122     0.000     0.000     0.000     0.000     0.000     0.000     0.000     0.000
 121.9270833    10.500       NaN       NaN    -0.122     0.000     0.000     0.000     0.000     0.000     0.000     0.000     0.000
 121.9270833    10.000       NaN       NaN    -0.122    85.536   113.228    62.721    35.030     5.192    48.349       NaN       NaN
 121.9270833     9.500       NaN       NaN    -0.088    75.310    99.691    55.040    39.790     4.613    45.232       NaN       NaN
 121.9270833     9.000       NaN       NaN    -0.064    63.338    83.843    46.090    44.302     3.937    41.157       NaN       NaN
 121.9270833     8.500       NaN       NaN    -0.047    52.544    69.555    38.066    47.126     3.332    36.973       NaN       NaN
 121.9270833     8.000       NaN       NaN    -0.034    43.448    57.514    31.342    48.308     2.830    32.944       NaN       NaN
 121.9270833     7.500       NaN       NaN    -0.025    36.020    47.680    25.880    48.195     2.428    29.191       NaN       NaN
 121.9270833     7.000       NaN       NaN    -0.018    30.052    39.780    21.515    47.178     2.117    25.771       NaN       NaN
 121.9270833     6.500       NaN       NaN    -0.013    25.299    33.489    18.057    45.592     1.881    22.699       NaN       NaN
 121.9270833     6.000       NaN       NaN    -0.009    21.531    28.502    15.328    43.698     1.708    19.972       NaN       NaN
 121.9270833     5.500       NaN       NaN    -0.007    18.550    24.556    13.179    41.688     1.583    17.575       NaN       NaN
 121.9270833     5.000       NaN       NaN    -0.005    16.194    21.437    11.488    39.696     1.498    15.490       NaN       NaN
 121.9270833     4.500       NaN       NaN    -0.004    14.335    18.976    10.158    37.808     1.442    13.695       NaN       NaN
 121.9270833     4.000       NaN       NaN    -0.003    12.871    17.037     9.115    36.081     1.408    12.171       NaN       NaN
 121.9270833     3.500       NaN       NaN    -0.002    11.723    15.519     8.301    34.546     1.389    10.896       NaN       NaN
 121.9270833     3.000       NaN       NaN    -0.001    10.833    14.340     7.672    33.220     1.380     9.853       NaN       NaN
 121.9270833     2.500       NaN       NaN    -0.001    10.151    13.438     7.192    32.110     1.377     9.023       NaN       NaN
 121.9270833     2.000       NaN       NaN    -0.001     9.644    12.766     6.837    31.213     1.376     8.389       NaN       NaN
 121.9270833     1.500       NaN       NaN    -0.001     9.281    12.286     6.585    30.523     1.375     7.933       NaN       NaN
 121.9270833     1.000       NaN       NaN    -0.000     9.042    11.969     6.419    30.034     1.374     7.636       NaN       NaN
 121.9270833     0.500       NaN       NaN    -0.000     0.000     0.000     0.000     0.000     0.000     0.000     0.000     0.000
 121.9479167    23.000       NaN       NaN    -0.223     0.000     0.000     0.000     0.000     0.000     0.000     0.000     0.000
 121.9479167    22.500       NaN       NaN    -0.223     0.000     0.000     0.000     0.000     0.000     0.000     0.000     0.000
 121.9479167    22.000       NaN       NaN    -0.223     0.000     0.000     0.000     0.000     0.000     0.000     0.000     0.000
 121.9479167    21.500       NaN       NaN    -0.223     0.000     0.000     0.000     0.000     0.000     0.000     0.000     0.000
 121.9479167    21.000       NaN       NaN    -0.223     0.000     0.000     0.000     0.000     0.000     0.000     0.000     0.000
 121.9479167    20.500       NaN       NaN    -0.223     0.000     0.000     0.000     0.000     0.000     0.000     0.000     0.000
 121.9479167    20.000       NaN       NaN    -0.223     0.000     0.000     0.000     0.000     0.000     0.000     0.000     0.000
 121.9479167    19.500       NaN       NaN    -0.223     0.000     0.000     0.000     0.000     0.000     0.000     0.000     0.000
 121.9479167    19.000       NaN       NaN    -0.223     0.000     0.000     0.000     0.000     0.000     0.000     0.000     0.000
 121.9479167    18.500       NaN       NaN    -0.223     0.000     0.000     0.000     0.000     0.000     0.000     0.000     0.000
 121.9479167    18.000       NaN       NaN    -0.223     0.000     0.000     0.000     0.000     0.000     0.000     0.000     0.000
 121.9479167    17.500       NaN       NaN    -0.223     0.000     0.000     0.000     0.000     0.000     0.000     0.000     0.000
 121.9479167    17.000       NaN       NaN    -0.223     0.000     0.000     0.000     0.000     0.000     0.000     0.000     0.000
 121.9479167    16.500       NaN       NaN    -0.223     0.000     0.000     0.000     0.000     0.000     0.000     0.000     0.000
 121.9479167    16.000       NaN       NaN    -0.223     0.000     0.000     0.000     0.000     0.000     0.000     0.000     0.000
 121.9479167    15.500       NaN       NaN    -0.223     0.000     0.000     0.000     0.000     0.000     0.000     0.000     0.000
 121.9479167    15.000       NaN       NaN    -0.223     0.000     0.000     0.000     0.000     0.000     0.000     0.000     0.000
 121.9479167    14.500       NaN       NaN    -0.223     0.000     0.000     0.000     0.000     0.000     0.000     0.000     0.000
 121.9479167    14.000       NaN       NaN    -0.223     0.000     0.000     0.000     0.000     0.000     0.000     0.000     0.000
 121.9479167    13.500       NaN       NaN    -0.223     0.000     0.000     0.000     0.000     0.000     0.000     0.000     0.000
 121.9479167    13.000       NaN       NaN    -0.223     0.000     0.000     0.000     0.000     0.000     0.000     0.000     0.000
 121.9479167    12.500       NaN       NaN    -0.223     0.000     0.000     0.000     0.000     0.000     0.000     0.000     0.000
 121.9479167    12.000       NaN       NaN    -0.223     0.000     0.000     0.000     0.000     0.000     0.000     0.000     0.000
 121.9479167    11.500       NaN       NaN    -0.223     0.000     0.000     0.000     0.000     0.000     0.000     0.000     0.000
 121.9479167    11.000       NaN       NaN    -0.223     0.000     0.000     0.000     0.000     0.000     0.000     0.000     0.000
 121.9479167    10.500       NaN       NaN    -0.223     0.000     0.000     0.000     0.000     0.000     0.000     0.000     0.000
 121.9479167    10.000       NaN       NaN    -0.223   123.296   158.364    70.309    35.241     6.663    62.908       NaN       NaN
 121.9479167     9.500       NaN       NaN    -0.162   108.459   139.307    61.900    42.914     5.927    58.893       NaN       NaN
 121.9479167     9.000       NaN       NaN    -0.117    91.107   117.020    52.062    50.478     5.066    53.632       NaN       NaN
 121.9479167     8.500       NaN       NaN    -0.085    75.483    96.951    43.199    55.638     4.295    48.217       NaN       NaN
 121.9479167     8.000       NaN       NaN    -0.062    62.333    80.062    35.734    58.387     3.654    42.992       NaN       NaN
 121.9479167     7.500       NaN       NaN    -0.045    51.608    66.286    29.642    59.199     3.142    38.119       NaN       NaN
 121.9479167     7.000       NaN       NaN    -0.033    43.003    55.234    24.750    58.617     2.744    33.669       NaN       NaN
 121.9479167     6.500       NaN       NaN    -0.024    36.159    46.443    20.856    57.123     2.444    29.669       NaN       NaN
 121.9479167     6.000       NaN       NaN    -0.017    30.739    39.482    17.771    55.095     2.223    26.114       NaN       NaN
 121.9479167     5.500       NaN       NaN    -0.012    26.456    33.980    15.332    52.813     2.065    22.989       NaN       NaN
 121.9479167     5.000       NaN       NaN    -0.009    23.074    29.637    13.407    50.474     1.958    20.268       NaN       NaN
 121.9479167     4.500       NaN       NaN    -0.007    20.407    26.211    11.889    48.211     1.889    17.925       NaN       NaN
 121.9479167     4.000       NaN       NaN    -0.005    18.309    23.516    10.695    46.111     1.847    15.934       NaN       NaN
 121.9479167     3.500       NaN       NaN    -0.003    16.666    21.406     9.761    44.226     1.826    14.269       NaN       NaN
 121.9479167     3.000       NaN       NaN    -0.003    15.391    19.769     9.038    42.586     1.817    12.907       NaN       NaN
 121.9479167     2.500       NaN       NaN    -0.002    14.417    18.517     8.487    41.204     1.814    11.823       NaN       NaN
 121.9479167     2.000       NaN       NaN    -0.001    13.691    17.585     8.078    40.083     1.815    10.996       NaN       NaN
 121.9479167     1.500       NaN       NaN    -0.001    13.173    16.919     7.787    39.218     1.815    10.401       NaN       NaN
 121.9479167     1.000       NaN       NaN    -0.001    12.831    16.480     7.597    38.602     1.814    10.012       NaN       NaN
 121.9479167     0.500       NaN       NaN    -0.001     0.000     0.000     0.000     0.000     0.000     0.000     0.000     0.000
 121.9687500    23.000       NaN       NaN    -0.290     0.000     0.000     0.000     0.000     0.000     0.000     0.000     0.000
 121.9687500    22.500       NaN       NaN    -0.290     0.000     0.000     0.000     0.000     0.000     0.000     0.000     0.000
 121.9687500    22.000       NaN       NaN    -0.290     0.000     0.000     0.000     0.000     0.000     0.000     0.000     0.000
 121.9687500    21.500       NaN       NaN    -0.290     0.000     0.000     0.000     0.000     0.000     0.000     0.000     0.000
 121.9687500    21.000       NaN       NaN    -0.290     0.000     0.000     0.000     0.000     0.000     0.000     0.000     0.000
 121.9687500    20.500       NaN       NaN    -0.290     0.000     0.000     0.000     0.000     0.000     0.000     0.000     0.000
 121.9687500    20.000       NaN       NaN    -0.290     0.000     0.000     0.000     0.000     0.000     0.000     0.000     0.000
 121.9687500    19.500       NaN       NaN    -0.290     0.000     0.000     0.000     0.000     0.000     0.000     0.000     0.000
 121.9687500    19.000       NaN       NaN    -0.290     0.000     0.000     0.000     0.000     0.000     0.000     0.000     0.000
 121.9687500    18.500       NaN       NaN    -0.290     0.000     0.000     0.000     0.000     0.000     0.000     0.000     0.000
 121.9687500    18.000       NaN       NaN    -0.290     0.000     0.000     0.000     0.000     0.000     0.000     0.000     0.000
 121.9687500    17.500       NaN       NaN    -0.290     0.000     0.000     0.000     0.000     0.000     0.000     0.000     0.000
 121.9687500    17.000       NaN       NaN    -0.290     0.000     0.000     0.000     0.000     0.000     0.000     0.000     0.000
 121.9687500    16.500       NaN       NaN    -0.290     0.000     0.000     0.000     0.000     0.000     0.000     0.000     0.000
 121.9687500    16.000       NaN       NaN    -0.290     0.000     0.000     0.000     0.000     0.000     0.000     0.000     0.000
 121.9687500    15.500       NaN       NaN    -0.290     0.000     0.000     0.000     0.000     0.000     0.000     0.000     0.000
 121.9687500    15.000       NaN       NaN    -0.290     0.000     0.000     0.000     0.000     0.000     0.000     0.000     0.000
 121.9687500    14.500       NaN       NaN    -0.290     0.000     0.000     0.000     0.000     0.000     0.000     0.000     0.000
 121.9687500    14.000       NaN       NaN    -0.290     0.000     0.000     0.000     0.000     0.000     0.000     0.000     0.000
 121.9687500    13.500       NaN       NaN    -0.290     0.000     0.000     0.000     0.000     0.000     0.000     0.000     0.000
 121.9687500    13.000       NaN       NaN    -0.290     0.000     0.000     0.000     0.000     0.000     0.000     0.000     0.000
 121.9687500    12.500       NaN       NaN    -0.290     0.000     0.000     0.000     0.000     0.000     0.000     0.000     0.000
 121.9687500    12.000       NaN       NaN    -0.290     0.000     0.000     0.000     0.000     0.000     0.000     0.000     0.000
 121.9687500    11.500       NaN       NaN    -0.290     0.000     0.000     0.000     0.000     0.000     0.000     0.000     0.000
 121.9687500    11.000       NaN       NaN    -0.290     0.000     0.000     0.000     0.000     0.000     0.000     0.000     0.000
 121.9687500    10.500       NaN       NaN    -0.290     0.000     0.000     0.000     0.000     0.000     0.000     0.000     0.000
 121.9687500    10.000       NaN       NaN    -0.290    88.119   117.279    64.320    35.160     5.357    49.937       NaN       NaN
 121.9687500     9.500       NaN       NaN    -0.211    77.419   103.038    56.456    40.266     4.755    46.673       NaN       NaN
 121.9687500     9.000       NaN       NaN    -0.153    64.924    86.408    47.288    45.118     4.052    42.417       NaN       NaN
 121.9687500     8.500       NaN       NaN    -0.111    53.692    71.460    39.064    48.180     3.423    38.058       NaN       NaN
 121.9687500     8.000       NaN       NaN    -0.081    44.257    58.902    32.169    49.498     2.902    33.871       NaN       NaN
 121.9687500     7.500       NaN       NaN    -0.059    36.575    48.678    26.566    49.445     2.486    29.981       NaN       NaN
 121.9687500     7.000       NaN       NaN    -0.043    30.423    40.490    22.087    48.433     2.163    26.441       NaN       NaN
 121.9687500     6.500       NaN       NaN    -0.031    25.538    33.989    18.537    46.818     1.918    23.268       NaN       NaN
 121.9687500     6.000       NaN       NaN    -0.022    21.676    28.849    15.735    44.877     1.738    20.455       NaN       NaN
 121.9687500     5.500       NaN       NaN    -0.016    18.629    24.793    13.528    42.810     1.608    17.986       NaN       NaN
 121.9687500     5.000       NaN       NaN    -0.012    16.226    21.596    11.791    40.758     1.519    15.839       NaN       NaN
 121.9687500     4.500       NaN       NaN    -0.009    14.334    19.077    10.425    38.813     1.460    13.994       NaN       NaN
 121.9687500     4.000       NaN       NaN    -0.006    12.847    17.098     9.353    37.033     1.423    12.427       NaN       NaN
 121.9687500     3.500       NaN       NaN    -0.005    11.683    15.550     8.517    35.451     1.402    11.118       NaN       NaN
 121.9687500     3.000       NaN       NaN    -0.003    10.781    14.349     7.870    34.085     1.392    10.047       NaN       NaN
 121.9687500     2.500       NaN       NaN    -0.002    10.092    13.432     7.378    32.941     1.388     9.195       NaN       NaN
 121.9687500     2.000       NaN       NaN    -0.002     9.579    12.749     7.012    32.017     1.386     8.545       NaN       NaN
 121.9687500     1.500       NaN       NaN    -0.001     9.213    12.262     6.753    31.307     1.384     8.077       NaN       NaN
 121.9687500     1.000       NaN       NaN    -0.001     8.972    11.941     6.583    30.803     1.382     7.771       NaN       NaN
 121.9687500     0.500       NaN       NaN    -0.001     0.000     0.000     0.000     0.000     0.000     0.000     0.000     0.000
 121.9895833    23.000       NaN       NaN    -0.329     0.000     0.000     0.000     0.000     0.000     0.000     0.000     0.000
 121.9895833    22.500       NaN       NaN    -0.329     0.000     0.000     0.000     0.000     0.000     0.000     0.000     0.000
 121.9895833    22.000       NaN       NaN    -0.329     0.000     0.000     0.000     0.000     0.000     0.000     0.000     0.000
 121.9895833    21.500       NaN       NaN    -0.329     0.000     0.000     0.000     0.000     0.000     0.000     0.000     0.000
 121.9895833    21.000       NaN       NaN    -0.329     0.000     0.000     0.000     0.000     0.000     0.000     0.000     0.000
 121.9895833    20.500       NaN       NaN    -0.329     0.000     0.000     0.000     0.000     0.000     0.000     0.000     0.000
 121.9895833    20.000       NaN       NaN    -0.329     0.000     0.000     0.000     0.000     0.000     0.000     0.000     0.000
 121.9895833    19.500       NaN       NaN    -0.329     0.000     0.000     0.000     0.000     0.000     0.000     0.000     0.000
 121.9895833    19.000       NaN       NaN    -0.329     0.000     0.000     0.000     0.000     0.000     0.000     0.000     0.000
 121.9895833    18.500       NaN       NaN    -0.329     0.000     0.000     0.000     0.000     0.000     0.000     0.000     0.000
 121.9895833    18.000       NaN       NaN    -0.329     0.000     0.000     0.000     0.000     0.000     0.000     0.000     0.000
 121.9895833    17.500       NaN       NaN    -0.329     0.000     0.000     0.000     0.000     0.000     0.000     0.000     0.000
 121.9895833    17.000       NaN       NaN    -0.329     0.000     0.000     0.000     0.000     0.000     0.000     0.000     0.000
 121.9895833    16.500       NaN       NaN    -0.329     0.000     0.000     0.000     0.000     0.000     0.000     0.000     0.000
 121.9895833    16.000       NaN       NaN    -0.329     0.000     0.000     0.000     0.000     0.000     0.000     0.000     0.000
 121.9895833    15.500       NaN       NaN    -0.329     0.000     0.000     0.000     0.000     0.000     0.000     0.000     0.000
 121.9895833    15.000       NaN       NaN    -0.329     0.000     0.000     0.000     0.000     0.000     0.000     0.000     0.000
 121.9895833    14.500       NaN       NaN    -0.329     0.000     0.000     0.000     0.000     0.000     0.000     0.000     0.000
 121.9895833    14.000       NaN       NaN    -0.329     0.000     0.000     0.000     0.000     0.000     0.000     0.000     0.000
 121.9895833    13.500       NaN       NaN    -0.329     0.000     0.000     0.000     0.000     0.000     0.000     0.000     0.000
 121.9895833    13.000       NaN       NaN    -0.329     0.000     0.000     0.000     0.000     0.000     0.000     0.000     0.000
 121.9895833    12.500       NaN       NaN    -0.329     0.000     0.000     0.000     0.000     0.000     0.000     0.000     0.000
 121.9895833    12.000       NaN       NaN    -0.329     0.000     0.000     0.000     0.000     0.000     0.000     0.000     0.000
 121.9895833    11.500       NaN       NaN    -0.329     0.000     0.000     0.000     0.000     0.000     0.000     0.000     0.000
 121.9895833    11.000       NaN       NaN    -0.329     0.000     0.000     0.000     0.000     0.000     0.000     0.000     0.000
 121.9895833    10.500       NaN       NaN    -0.329     0.000     0.000     0.000     0.000     0.000     0.000     0.000     0.000
 121.9895833    10.000       NaN       NaN    -0.329    63.481    87.068    58.306    34.719     4.367    40.268       NaN       NaN
 121.9895833     9.500       NaN       NaN    -0.239    55.677    76.364    51.064    37.966     3.868    37.566       NaN       NaN
 121.9895833     9.000       NaN       NaN    -0.174    46.581    63.889    42.642    40.859     3.286    34.060       NaN       NaN
 121.9895833     8.500       NaN       NaN    -0.126    38.425    52.703    35.111    42.411     2.767    30.490       NaN       NaN
 121.9895833     8.000       NaN       NaN    -0.092    31.591    43.330    28.816    42.707     2.337    27.077       NaN       NaN
 121.9895833     7.500       NaN       NaN    -0.066    26.042    35.718    23.718    42.045     1.994    23.921       NaN       NaN
 121.9895833     7.000       NaN       NaN    -0.048    21.609    29.638    19.655    40.739     1.728    21.059       NaN       NaN
 121.9895833     6.500       NaN       NaN    -0.035    18.097    24.821    16.445    39.055     1.526    18.502       NaN       NaN
 121.9895833     6.000       NaN       NaN    -0.025    15.327    21.022    13.918    37.194     1.377    16.241       NaN       NaN
 121.9895833     5.500       NaN       NaN    -0.018    13.145    18.030    11.932    35.301     1.269    14.262       NaN       NaN
 121.9895833     5.000       NaN       NaN    -0.013    11.429    15.675    10.373    33.473     1.194    12.544       NaN       NaN
 121.9895833     4.500       NaN       NaN    -0.010    10.079    13.824     9.150    31.772     1.143    11.069       NaN       NaN
 121.9895833     4.000       NaN       NaN    -0.007     9.020    12.372     8.192    30.235     1.111     9.818       NaN       NaN
 121.9895833     3.500       NaN       NaN    -0.005     8.193    11.238     7.446    28.884     1.091     8.774       NaN       NaN
 121.9895833     3.000       NaN       NaN    -0.004     7.553    10.359     6.869    27.725     1.081     7.920       NaN       NaN
 121.9895833     2.500       NaN       NaN    -0.003     7.064     9.688     6.430    26.761     1.075     7.241       NaN       NaN
 121.9895833     2.000       NaN       NaN    -0.002     6.700     9.189     6.105    25.985     1.071     6.722       NaN       NaN
 121.9895833     1.500       NaN       NaN    -0.001     6.441     8.834     5.874    25.392     1.069     6.349       NaN       NaN
 121.9895833     1.000       NaN       NaN    -0.001     6.270     8.599     5.723    24.972     1.066     6.105       NaN       NaN
 121.9895833     0.500       NaN       NaN    -0.001     0.000     0.000     0.000     0.000     0.000     0.000     0.000     0.000
