 121.0104167    22.750     0.000     0.000     0.000     0.000  -999.000  -999.000  -999.000  -999.000  -999.000  -999.000  -999.000  -999.000  -999.000  -999.000  -999.000  -999.000  -999.000  -999.000  -999.000  -999.000  -999.000  -999.000     3.417   301.597     5.292     0.247
 121.0104167    22.250     0.000     0.000     0.000     0.000  -999.000  -999.000  -999.000  -999.000  -999.000  -999.000  -999.000  -999.000  -999.000  -999.000  -999.000  -999.000  -999.000  -999.000  -999.000  -999.000  -999.000  -999.000     3.344   301.540     5.368     0.497
 121.0104167    21.750     0.000     0.000     0.000     0.000  -999.000  -999.000  -999.000  -999.000  -999.000  -999.000  -999.000  -999.000  -999.000  -999.000  -999.000  -999.000  -999.000  -999.000  -999.000  -999.000  -999.000  -999.000     3.269   301.483     5.445     0.502
 121.0104167    21.250     0.000     0.000     0.000     0.000  -999.000  -999.000  -999.000  -999.000  -999.000  -999.000  -999.000  -999.000  -999.000  -999.000  -999.000  -999.000  -999.000  -999.000  -999.000  -999.000  -999.000  -999.000     3.194   301.426     5.523     0.507
 121.0104167    20.750     0.000     0.000     0.000     0.000  -999.000  -999.000  -999.000  -999.000  -999.000  -999.000  -999.000  -999.000  -999.000  -999.000  -999.000  -999.000  -999.000  -999.000  -999.000  -999.000  -999.000  -999.000     3.119   301.368     5.602     0.512
 121.0104167    20.250     0.000     0.000     0.000     0.000  -999.000  -999.000  -999.000  -999.000  -999.000  -999.000  -999.000  -999.000  -999.000  -999.000  -999.000  -999.000  -999.000  -999.000  -999.000  -999.000  -999.000  -999.000     3.042   301.309     5.681     0.518
 121.0104167    19.750     0.000     0.000     0.000     0.000  -999.000  -999.000  -999.000  -999.000  -999.000  -999.000  -999.000  -999.000  -999.000  -999.000  -999.000  -999.000  -999.000  -999.000  -999.000  -999.000  -999.000  -999.000     2.964   301.250     5.761     0.524
 121.0104167    19.250     0.000     0.000     0.000     0.000  -999.000  -999.000  -999.000  -999.000  -999.000  -999.000  -999.000  -999.000  -999.000  -999.000  -999.000  -999.000  -999.000  -999.000  -999.000  -999.000  -999.000  -999.000     2.886   301.190     5.842     0.530
 121.0104167    18.750     0.000     0.000     0.000     0.000  -999.000  -999.000  -999.000  -999.000  -999.000  -999.000  -999.000  -999.000  -999.000  -999.000  -999.000  -999.000  -999.000  -999.000  -999.000  -999.000  -999.000  -999.000     2.807   301.130     5.924     0.537
 121.0104167    18.250     0.000     0.000     0.000     0.000  -999.000  -999.000  -999.000  -999.000  -999.000  -999.000  -999.000  -999.000  -999.000  -999.000  -999.000  -999.000  -999.000  -999.000  -999.000  -999.000  -999.000  -999.000     2.727   301.069     6.006     0.544
 121.0104167    17.750     0.000     0.000     0.000     0.000  -999.000  -999.000  -999.000  -999.000  -999.000  -999.000  -999.000  -999.000  -999.000  -999.000  -999.000  -999.000  -999.000  -999.000  -999.000  -999.000  -999.000  -999.000     2.645   301.007     6.090     0.551
 121.0104167    17.250     0.000     0.000     0.000     0.000  -999.000  -999.000  -999.000  -999.000  -999.000  -999.000  -999.000  -999.000  -999.000  -999.000  -999.000  -999.000  -999.000  -999.000  -999.000  -999.000  -999.000  -999.000     2.562   300.944     6.174     0.558
 121.0104167    16.750     0.000     0.000     0.000     0.000  -999.000  -999.000  -999.000  -999.000  -999.000  -999.000  -999.000  -999.000  -999.000  -999.000  -999.000  -999.000  -999.000  -999.000  -999.000  -999.000  -999.000  -999.000     2.479   300.880     6.260     0.566
 121.0104167    16.250     0.000     0.000     0.000     0.000  -999.000  -999.000  -999.000  -999.000  -999.000  -999.000  -999.000  -999.000  -999.000  -999.000  -999.000  -999.000  -999.000  -999.000  -999.000  -999.000  -999.000  -999.000     2.393   300.815     6.347     0.575
 121.0104167    15.750     0.000     0.000     0.000     0.000  -999.000  -999.000  -999.000  -999.000  -999.000  -999.000  -999.000  -999.000  -999.000  -999.000  -999.000  -999.000  -999.000  -999.000  -999.000  -999.000  -999.000  -999.000     2.306   300.750     6.435     0.584
 121.0104167    15.250     0.000     0.000     0.000     0.000  -999.000  -999.000  -999.000  -999.000  -999.000  -999.000  -999.000  -999.000  -999.000  -999.000  -999.000  -999.000  -999.000  -999.000  -999.000  -999.000  -999.000  -999.000     2.217   300.683     6.525     0.594
 121.0104167    14.750     0.000     0.000     0.000     0.000  -999.000  -999.000  -999.000  -999.000  -999.000  -999.000  -999.000  -999.000  -999.000  -999.000  -999.000  -999.000  -999.000  -999.000  -999.000  -999.000  -999.000  -999.000     2.126   300.615     6.616     0.605
 121.0104167    14.250     0.000     0.000     0.000     0.000  -999.000  -999.000  -999.000  -999.000  -999.000  -999.000  -999.000  -999.000  -999.000  -999.000  -999.000  -999.000  -999.000  -999.000  -999.000  -999.000  -999.000  -999.000     2.033   300.546     6.709     0.617
 121.0104167    13.750     0.000     0.000     0.000     0.000  -999.000  -999.000  -999.000  -999.000  -999.000  -999.000  -999.000  -999.000  -999.000  -999.000  -999.000  -999.000  -999.000  -999.000  -999.000  -999.000  -999.000  -999.000     1.937   300.475     6.804     0.630
 121.0104167    13.250     0.000     0.000     0.000     0.000  -999.000  -999.000  -999.000  -999.000  -999.000  -999.000  -999.000  -999.000  -999.000  -999.000  -999.000  -999.000  -999.000  -999.000  -999.000  -999.000  -999.000  -999.000     1.838   300.402     6.901     0.646
 121.0104167    12.750     0.000     0.000     0.000     0.000  -999.000  -999.000  -999.000  -999.000  -999.000  -999.000  -999.000  -999.000  -999.000  -999.000  -999.000  -999.000  -999.000  -999.000  -999.000  -999.000  -999.000  -999.000     1.734   300.328     7.000     0.664
 121.0104167    12.250     0.000     0.000     0.000     0.000  -999.000  -999.000  -999.000  -999.000  -999.000  -999.000  -999.000  -999.000  -999.000  -999.000  -999.000  -999.000  -999.000  -999.000  -999.000  -999.000  -999.000  -999.000     1.626   300.251     7.103     0.685
 121.0104167    11.750     0.000     0.000     0.000     0.000  -999.000  -999.000  -999.000  -999.000  -999.000  -999.000  -999.000  -999.000  -999.000  -999.000  -999.000  -999.000  -999.000  -999.000  -999.000  -999.000  -999.000  -999.000     1.511   300.171     7.210     0.712
 121.0104167    11.250     0.000     0.000     0.000     0.000  -999.000  -999.000  -999.000  -999.000  -999.000  -999.000  -999.000  -999.000  -999.000  -999.000  -999.000  -999.000  -999.000  -999.000  -999.000  -999.000  -999.000  -999.000     1.387   300.087     7.322     0.746
 121.0104167    10.750     0.000     0.000     0.000     0.000  -999.000  -999.000  -999.000  -999.000  -999.000  -999.000  -999.000  -999.000  -999.000  -999.000  -999.000  -999.000  -999.000  -999.000  -999.000  -999.000  -999.000  -999.000     1.251   299.997     7.441     0.792
 121.0104167    10.250     0.000     0.000     0.000     0.000  -999.000  -999.000  -999.000  -999.000  -999.000  -999.000  -999.000  -999.000  -999.000  -999.000  -999.000  -999.000  -999.000  -999.000  -999.000  -999.000  -999.000  -999.000     1.094   299.899     7.573     0.861
 121.0104167     9.750     0.936     0.304     0.285     0.019   183.293    12.496  -120.057  -158.283   304.856   172.604    25.084    14.366   855.717   302.169     0.631     0.312    -1.542    -1.036   297.935   297.163   122.315   121.366     0.913   299.785     7.725     0.985
 121.0104167     9.250     0.800     0.413     0.331     0.083   188.236    17.706  -107.182  -131.201   296.949   150.674    24.116    12.555   813.572   263.707     0.657     0.270    -1.516    -0.939   297.875   297.304   116.103   115.571     0.755   299.671     7.885     1.163
 121.0104167     8.750     0.662     0.446     0.295     0.151   192.256    21.639   -90.739  -104.279   284.508   127.593    22.862    10.540   770.196   222.243     0.662     0.223    -1.471    -0.839   297.919   297.528   109.030   108.686     0.624   299.570     8.042     1.383
 121.0104167     8.250     0.543     0.454     0.247     0.207   194.584    23.724   -71.922   -81.616   267.952   106.919    21.497     8.714   732.092   185.380     0.639     0.182    -1.403    -0.748   298.079   297.756   102.071   101.824     0.516   299.488     8.191     1.645
 121.0104167     7.750     0.446     0.448     0.199     0.248   195.732    24.543   -53.819   -63.026   250.898    89.058    20.164     7.161   700.229   154.510     0.605     0.148    -1.328    -0.669   298.320   297.976    95.538    95.352     0.427   299.428     8.330     1.957
 121.0104167     7.250     0.367     0.432     0.159     0.274   196.173    24.589   -37.768   -48.341   235.170    74.336    18.929     5.890   674.203   129.381     0.570     0.122    -1.258    -0.604   298.606   298.178    89.558    89.416     0.353   299.391     8.458     2.328
 121.0104167     6.750     0.305     0.411     0.125     0.286   196.157    24.114   -23.600   -36.667   220.855    62.098    17.798     4.864   653.186   109.236     0.538     0.100    -1.194    -0.548   298.921   298.391    84.176    84.066     0.292   299.374     8.574     2.768
 121.0104167     6.250     0.256     0.385     0.099     0.286   195.903    23.336   -11.149   -27.498   208.004    52.081    16.773     4.048   636.286    93.231     0.509     0.083    -1.136    -0.503   299.274   298.561    79.392    79.308     0.241   299.377     8.679     3.291
 121.0104167     5.750     0.217     0.356     0.077     0.278   195.675    22.511    -2.467   -20.623   199.005    44.302    15.911     3.409   622.686    80.582     0.475     0.071    -1.101    -0.466   299.492   298.750    75.184    75.119     0.199   299.399     8.774     3.913
 121.0104167     5.250     0.187     0.324     0.061     0.264   195.533    21.687     5.810   -15.018   190.463    37.792    15.140     2.904   611.686    70.620     0.446     0.060    -1.062    -0.434   299.788   298.948    71.516    71.467     0.165   299.436     8.859     4.653
 121.0104167     4.750     0.163     0.291     0.048     0.244   195.417    20.787    13.894   -10.859   182.121    32.664    14.442     2.511   602.703    62.791     0.421     0.052    -1.022    -0.409   300.128   299.115    68.351    68.314     0.136   299.488     8.936     5.531
 121.0104167     4.250     0.145     0.257     0.037     0.220   195.407    19.872    22.178    -7.988   173.671    28.812    13.802     2.209   595.254    56.655     0.399     0.047    -0.983    -0.388   300.507   299.272    65.649    65.622     0.113   299.552     9.008     6.575
 121.0104167     3.750     0.130     0.223     0.029     0.194   195.477    18.881    30.609    -5.546   165.139    25.307    13.211     1.969   588.937    51.855     0.378     0.042    -0.944    -0.369   300.920   299.449    63.371    63.352     0.093   299.626     9.076     7.815
 121.0104167     3.250     0.119     0.189     0.022     0.166   195.875    18.018    39.445    -3.935   156.508    22.785    12.660     1.788   583.408    48.114     0.358     0.039    -0.905    -0.354   301.387   299.563    61.481    61.468     0.077   299.707     9.146     9.288
 121.0104167     2.750     0.110     0.155     0.017     0.138   196.579    17.196    48.914    -1.835   147.523    19.785    12.135     1.636   578.349    45.209     0.339     0.035    -0.864    -0.338   301.919   299.750    59.946    59.937     0.064   299.794     9.223    11.038
 121.0104167     2.250     0.104     0.122     0.013     0.110   197.680    16.402    59.933    -0.553   137.350    17.649    11.597     1.525   573.438    42.961     0.318     0.033    -0.820    -0.325   302.535   299.899    58.735    58.730     0.053   299.884     9.314    13.116
 121.0104167     1.750     0.099     0.091     0.009     0.082   199.488    15.781    73.840     0.899   124.933    15.507    10.986     1.436   568.291    41.225     0.293     0.031    -0.765    -0.311   303.305   300.064    57.818    57.815     0.044   299.977     9.430    15.584
 121.0104167     1.250     0.096     0.062     0.006     0.056   202.469    15.496    92.870     2.839   108.499    13.196    10.200     1.364   562.355    39.869     0.261     0.030    -0.695    -0.296   304.234   300.270    57.168    57.167     0.036   300.071     9.587    18.515
 121.0104167     0.750     0.094     0.036     0.003     0.032   208.310    16.629   122.863     6.943    83.834    10.099     8.979     1.292   554.644    38.754     0.215     0.028    -0.591    -0.279   305.474   300.576    56.757    56.757     0.030   300.164     9.805    21.996
 121.0104167     0.250     0.000     0.000     0.000     0.000  -999.000  -999.000  -999.000  -999.000  -999.000  -999.000  -999.000  -999.000  -999.000  -999.000  -999.000  -999.000  -999.000  -999.000  -999.000  -999.000  -999.000  -999.000     0.025   300.256    10.115    26.129
 121.0312500    22.750     0.000     0.000     0.000     0.000  -999.000  -999.000  -999.000  -999.000  -999.000  -999.000  -999.000  -999.000  -999.000  -999.000  -999.000  -999.000  -999.000  -999.000  -999.000  -999.000  -999.000  -999.000     3.442       NaN       NaN     0.182
 121.0312500    22.250     0.000     0.000     0.000     0.000  -999.000  -999.000  -999.000  -999.000  -999.000  -999.000  -999.000  -999.000  -999.000  -999.000  -999.000  -999.000  -999.000  -999.000  -999.000  -999.000  -999.000  -999.000     3.384       NaN       NaN     0.367
 121.0312500    21.750     0.000     0.000     0.000     0.000  -999.000  -999.000  -999.000  -999.000  -999.000  -999.000  -999.000  -999.000  -999.000  -999.000  -999.000  -999.000  -999.000  -999.000  -999.000  -999.000  -999.000  -999.000     3.326       NaN       NaN     0.372
 121.0312500    21.250     0.000     0.000     0.000     0.000  -999.000  -999.000  -999.000  -999.000  -999.000  -999.000  -999.000  -999.000  -999.000  -999.000  -999.000  -999.000  -999.000  -999.000  -999.000  -999.000  -999.000  -999.000     3.266       NaN       NaN     0.377
 121.0312500    20.750     0.000     0.000     0.000     0.000  -999.000  -999.000  -999.000  -999.000  -999.000  -999.000  -999.000  -999.000  -999.000  -999.000  -999.000  -999.000  -999.000  -999.000  -999.000  -999.000  -999.000  -999.000     3.206       NaN       NaN     0.382
 121.0312500    20.250     0.000     0.000     0.000     0.000  -999.000  -999.000  -999.000  -999.000  -999.000  -999.000  -999.000  -999.000  -999.000  -999.000  -999.000  -999.000  -999.000  -999.000  -999.000  -999.000  -999.000  -999.000     3.144       NaN       NaN     0.387
 121.0312500    19.750     0.000     0.000     0.000     0.000  -999.000  -999.000  -999.000  -999.000  -999.000  -999.000  -999.000  -999.000  -999.000  -999.000  -999.000  -999.000  -999.000  -999.000  -999.000  -999.000  -999.000  -999.000     3.081       NaN       NaN     0.393
 121.0312500    19.250     0.000     0.000     0.000     0.000  -999.000  -999.000  -999.000  -999.000  -999.000  -999.000  -999.000  -999.000  -999.000  -999.000  -999.000  -999.000  -999.000  -999.000  -999.000  -999.000  -999.000  -999.000     3.017       NaN       NaN     0.399
 121.0312500    18.750     0.000     0.000     0.000     0.000  -999.000  -999.000  -999.000  -999.000  -999.000  -999.000  -999.000  -999.000  -999.000  -999.000  -999.000  -999.000  -999.000  -999.000  -999.000  -999.000  -999.000  -999.000     2.951       NaN       NaN     0.406
 121.0312500    18.250     0.000     0.000     0.000     0.000  -999.000  -999.000  -999.000  -999.000  -999.000  -999.000  -999.000  -999.000  -999.000  -999.000  -999.000  -999.000  -999.000  -999.000  -999.000  -999.000  -999.000  -999.000     2.884       NaN       NaN     0.412
 121.0312500    17.750     0.000     0.000     0.000     0.000  -999.000  -999.000  -999.000  -999.000  -999.000  -999.000  -999.000  -999.000  -999.000  -999.000  -999.000  -999.000  -999.000  -999.000  -999.000  -999.000  -999.000  -999.000     2.816       NaN       NaN     0.419
 121.0312500    17.250     0.000     0.000     0.000     0.000  -999.000  -999.000  -999.000  -999.000  -999.000  -999.000  -999.000  -999.000  -999.000  -999.000  -999.000  -999.000  -999.000  -999.000  -999.000  -999.000  -999.000  -999.000     2.745       NaN       NaN     0.427
 121.0312500    16.750     0.000     0.000     0.000     0.000  -999.000  -999.000  -999.000  -999.000  -999.000  -999.000  -999.000  -999.000  -999.000  -999.000  -999.000  -999.000  -999.000  -999.000  -999.000  -999.000  -999.000  -999.000     2.673       NaN       NaN     0.435
 121.0312500    16.250     0.000     0.000     0.000     0.000  -999.000  -999.000  -999.000  -999.000  -999.000  -999.000  -999.000  -999.000  -999.000  -999.000  -999.000  -999.000  -999.000  -999.000  -999.000  -999.000  -999.000  -999.000     2.598       NaN       NaN     0.443
 121.0312500    15.750     0.000     0.000     0.000     0.000  -999.000  -999.000  -999.000  -999.000  -999.000  -999.000  -999.000  -999.000  -999.000  -999.000  -999.000  -999.000  -999.000  -999.000  -999.000  -999.000  -999.000  -999.000     2.521       NaN       NaN     0.452
 121.0312500    15.250     0.000     0.000     0.000     0.000  -999.000  -999.000  -999.000  -999.000  -999.000  -999.000  -999.000  -999.000  -999.000  -999.000  -999.000  -999.000  -999.000  -999.000  -999.000  -999.000  -999.000  -999.000     2.442       NaN       NaN     0.462
 121.0312500    14.750     0.000     0.000     0.000     0.000  -999.000  -999.000  -999.000  -999.000  -999.000  -999.000  -999.000  -999.000  -999.000  -999.000  -999.000  -999.000  -999.000  -999.000  -999.000  -999.000  -999.000  -999.000     2.359       NaN       NaN     0.472
 121.0312500    14.250     0.000     0.000     0.000     0.000  -999.000  -999.000  -999.000  -999.000  -999.000  -999.000  -999.000  -999.000  -999.000  -999.000  -999.000  -999.000  -999.000  -999.000  -999.000  -999.000  -999.000  -999.000     2.274       NaN       NaN     0.484
 121.0312500    13.750     0.000     0.000     0.000     0.000  -999.000  -999.000  -999.000  -999.000  -999.000  -999.000  -999.000  -999.000  -999.000  -999.000  -999.000  -999.000  -999.000  -999.000  -999.000  -999.000  -999.000  -999.000     2.184       NaN       NaN     0.497
 121.0312500    13.250     0.000     0.000     0.000     0.000  -999.000  -999.000  -999.000  -999.000  -999.000  -999.000  -999.000  -999.000  -999.000  -999.000  -999.000  -999.000  -999.000  -999.000  -999.000  -999.000  -999.000  -999.000     2.089       NaN       NaN     0.511
 121.0312500    12.750     0.000     0.000     0.000     0.000  -999.000  -999.000  -999.000  -999.000  -999.000  -999.000  -999.000  -999.000  -999.000  -999.000  -999.000  -999.000  -999.000  -999.000  -999.000  -999.000  -999.000  -999.000     1.990       NaN       NaN     0.527
 121.0312500    12.250     0.000     0.000     0.000     0.000  -999.000  -999.000  -999.000  -999.000  -999.000  -999.000  -999.000  -999.000  -999.000  -999.000  -999.000  -999.000  -999.000  -999.000  -999.000  -999.000  -999.000  -999.000     1.883       NaN       NaN     0.546
 121.0312500    11.750     0.000     0.000     0.000     0.000  -999.000  -999.000  -999.000  -999.000  -999.000  -999.000  -999.000  -999.000  -999.000  -999.000  -999.000  -999.000  -999.000  -999.000  -999.000  -999.000  -999.000  -999.000     1.768       NaN       NaN     0.570
 121.0312500    11.250     0.000     0.000     0.000     0.000  -999.000  -999.000  -999.000  -999.000  -999.000  -999.000  -999.000  -999.000  -999.000  -999.000  -999.000  -999.000  -999.000  -999.000  -999.000  -999.000  -999.000  -999.000     1.642       NaN       NaN     0.599
 121.0312500    10.750     0.000     0.000     0.000     0.000  -999.000  -999.000  -999.000  -999.000  -999.000  -999.000  -999.000  -999.000  -999.000  -999.000  -999.000  -999.000  -999.000  -999.000  -999.000  -999.000  -999.000  -999.000     1.500       NaN       NaN     0.634
 121.0312500    10.250     0.000     0.000     0.000     0.000  -999.000  -999.000  -999.000  -999.000  -999.000  -999.000  -999.000  -999.000  -999.000  -999.000  -999.000  -999.000  -999.000  -999.000  -999.000  -999.000  -999.000  -999.000     1.337       NaN       NaN     0.686
 121.0312500     9.750     0.934     0.304     0.284     0.020       NaN       NaN       NaN       NaN       NaN       NaN       NaN       NaN   670.470   270.759     0.002     0.002       NaN       NaN       NaN       NaN   122.317   121.366     1.147       NaN       NaN     0.779
 121.0312500     9.250     0.795     0.413     0.329     0.085       NaN       NaN       NaN       NaN       NaN       NaN       NaN       NaN   631.739   235.352     0.002     0.002       NaN       NaN       NaN       NaN   116.106   115.572     0.977       NaN       NaN     0.904
 121.0312500     8.750     0.655     0.446     0.292     0.154       NaN       NaN       NaN       NaN       NaN       NaN       NaN       NaN   592.054   197.339     0.002     0.002       NaN       NaN       NaN       NaN   109.034   108.687     0.832       NaN       NaN     1.061
 121.0312500     8.250     0.535     0.454     0.243     0.211       NaN       NaN       NaN       NaN       NaN       NaN       NaN       NaN   557.384   163.707     0.002     0.002       NaN       NaN       NaN       NaN   102.075   101.826     0.709       NaN       NaN     1.245
 121.0312500     7.750     0.436     0.448     0.195     0.252       NaN       NaN       NaN       NaN       NaN       NaN       NaN       NaN   528.560   135.683     0.002     0.002       NaN       NaN       NaN       NaN    95.541    95.353     0.604       NaN       NaN     1.461
 121.0312500     7.250     0.357     0.432     0.155     0.278       NaN       NaN       NaN       NaN       NaN       NaN       NaN       NaN   505.155   112.977     0.002     0.002       NaN       NaN       NaN       NaN    89.561    89.417     0.515       NaN       NaN     1.714
 121.0312500     6.750     0.295     0.411     0.121     0.290       NaN       NaN       NaN       NaN       NaN       NaN       NaN       NaN   486.369    94.854     0.002     0.002       NaN       NaN       NaN       NaN    84.178    84.067     0.439       NaN       NaN     2.012
 121.0312500     6.250     0.247     0.385     0.095     0.290       NaN       NaN       NaN       NaN       NaN       NaN       NaN       NaN   471.358    80.509     0.002     0.002       NaN       NaN       NaN       NaN    79.394    79.308     0.374       NaN       NaN     2.362
 121.0312500     5.750     0.209     0.356     0.074     0.282       NaN       NaN       NaN       NaN       NaN       NaN       NaN       NaN   459.357    69.209     0.002     0.002       NaN       NaN       NaN       NaN    75.185    75.119     0.319       NaN       NaN     2.772
 121.0312500     5.250     0.179     0.324     0.058     0.266       NaN       NaN       NaN       NaN       NaN       NaN       NaN       NaN   449.722    60.330     0.002     0.002       NaN       NaN       NaN       NaN    71.517    71.467     0.271       NaN       NaN     3.253
 121.0312500     4.750     0.156     0.291     0.045     0.246       NaN       NaN       NaN       NaN       NaN       NaN       NaN       NaN   441.920    53.367     0.002     0.002       NaN       NaN       NaN       NaN    68.352    68.314     0.231       NaN       NaN     3.818
 121.0312500     4.250     0.137     0.257     0.035     0.222       NaN       NaN       NaN       NaN       NaN       NaN       NaN       NaN   435.518    47.916     0.002     0.002       NaN       NaN       NaN       NaN    65.650    65.622     0.197       NaN       NaN     4.480
 121.0312500     3.750     0.123     0.223     0.027     0.195       NaN       NaN       NaN       NaN       NaN       NaN       NaN       NaN   430.163    43.656     0.002     0.002       NaN       NaN       NaN       NaN    63.371    63.352     0.168       NaN       NaN     5.258
 121.0312500     3.250     0.112     0.189     0.021     0.167       NaN       NaN       NaN       NaN       NaN       NaN       NaN       NaN   425.554    40.336     0.002     0.002       NaN       NaN       NaN       NaN    61.482    61.468     0.143       NaN       NaN     6.172
 121.0312500     2.750     0.104     0.155     0.016     0.139       NaN       NaN       NaN       NaN       NaN       NaN       NaN       NaN   421.427    37.760     0.002     0.002       NaN       NaN       NaN       NaN    59.946    59.938     0.122       NaN       NaN     7.243
 121.0312500     2.250     0.098     0.122     0.012     0.111       NaN       NaN       NaN       NaN       NaN       NaN       NaN       NaN   417.519    35.771     0.002     0.002       NaN       NaN       NaN       NaN    58.735    58.730     0.104       NaN       NaN     8.501
 121.0312500     1.750     0.093     0.091     0.009     0.083       NaN       NaN       NaN       NaN       NaN       NaN       NaN       NaN   413.531    34.239     0.002     0.002       NaN       NaN       NaN       NaN    57.818    57.815     0.088       NaN       NaN     9.977
 121.0312500     1.250     0.090     0.062     0.006     0.057       NaN       NaN       NaN       NaN       NaN       NaN       NaN       NaN   409.048    33.051     0.002     0.002       NaN       NaN       NaN       NaN    57.168    57.167     0.075       NaN       NaN    11.709
 121.0312500     0.750     0.088     0.036     0.003     0.033       NaN       NaN       NaN       NaN       NaN       NaN       NaN       NaN   403.336    32.087     0.002     0.002       NaN       NaN       NaN       NaN    56.757    56.757     0.064       NaN       NaN    13.742
 121.0312500     0.250     0.000     0.000     0.000     0.000  -999.000  -999.000  -999.000  -999.000  -999.000  -999.000  -999.000  -999.000  -999.000  -999.000  -999.000  -999.000  -999.000  -999.000  -999.000  -999.000  -999.000  -999.000     0.055       NaN       NaN    16.128
 121.0520833    22.750     0.000     0.000     0.000     0.000  -999.000  -999.000  -999.000  -999.000  -999.000  -999.000  -999.000  -999.000  -999.000  -999.000  -999.000  -999.000  -999.000  -999.000  -999.000  -999.000  -999.000  -999.000     4.096       NaN       NaN     0.148
 121.0520833    22.250     0.000     0.000     0.000     0.000  -999.000  -999.000  -999.000  -999.000  -999.000  -999.000  -999.000  -999.000  -999.000  -999.000  -999.000  -999.000  -999.000  -999.000  -999.000  -999.000  -999.000  -999.000     4.027       NaN       NaN     0.298
 121.0520833    21.750     0.000     0.000     0.000     0.000  -999.000  -999.000  -999.000  -999.000  -999.000  -999.000  -999.000  -999.000  -999.000  -999.000  -999.000  -999.000  -999.000  -999.000  -999.000  -999.000  -999.000  -999.000     3.958       NaN       NaN     0.302
 121.0520833    21.250     0.000     0.000     0.000     0.000  -999.000  -999.000  -999.000  -999.000  -999.000  -999.000  -999.000  -999.000  -999.000  -999.000  -999.000  -999.000  -999.000  -999.000  -999.000  -999.000  -999.000  -999.000     3.887       NaN       NaN     0.306
 121.0520833    20.750     0.000     0.000     0.000     0.000  -999.000  -999.000  -999.000  -999.000  -999.000  -999.000  -999.000  -999.000  -999.000  -999.000  -999.000  -999.000  -999.000  -999.000  -999.000  -999.000  -999.000  -999.000     3.815       NaN       NaN     0.311
 121.0520833    20.250     0.000     0.000     0.000     0.000  -999.000  -999.000  -999.000  -999.000  -999.000  -999.000  -999.000  -999.000  -999.000  -999.000  -999.000  -999.000  -999.000  -999.000  -999.000  -999.000  -999.000  -999.000     3.741       NaN       NaN     0.315
 121.0520833    19.750     0.000     0.000     0.000     0.000  -999.000  -999.000  -999.000  -999.000  -999.000  -999.000  -999.000  -999.000  -999.000  -999.000  -999.000  -999.000  -999.000  -999.000  -999.000  -999.000  -999.000  -999.000     3.667       NaN       NaN     0.320
 121.0520833    19.250     0.000     0.000     0.000     0.000  -999.000  -999.000  -999.000  -999.000  -999.000  -999.000  -999.000  -999.000  -999.000  -999.000  -999.000  -999.000  -999.000  -999.000  -999.000  -999.000  -999.000  -999.000     3.590       NaN       NaN     0.325
 121.0520833    18.750     0.000     0.000     0.000     0.000  -999.000  -999.000  -999.000  -999.000  -999.000  -999.000  -999.000  -999.000  -999.000  -999.000  -999.000  -999.000  -999.000  -999.000  -999.000  -999.000  -999.000  -999.000     3.512       NaN       NaN     0.330
 121.0520833    18.250     0.000     0.000     0.000     0.000  -999.000  -999.000  -999.000  -999.000  -999.000  -999.000  -999.000  -999.000  -999.000  -999.000  -999.000  -999.000  -999.000  -999.000  -999.000  -999.000  -999.000  -999.000     3.432       NaN       NaN     0.335
 121.0520833    17.750     0.000     0.000     0.000     0.000  -999.000  -999.000  -999.000  -999.000  -999.000  -999.000  -999.000  -999.000  -999.000  -999.000  -999.000  -999.000  -999.000  -999.000  -999.000  -999.000  -999.000  -999.000     3.351       NaN       NaN     0.341
 121.0520833    17.250     0.000     0.000     0.000     0.000  -999.000  -999.000  -999.000  -999.000  -999.000  -999.000  -999.000  -999.000  -999.000  -999.000  -999.000  -999.000  -999.000  -999.000  -999.000  -999.000  -999.000  -999.000     3.267       NaN       NaN     0.347
 121.0520833    16.750     0.000     0.000     0.000     0.000  -999.000  -999.000  -999.000  -999.000  -999.000  -999.000  -999.000  -999.000  -999.000  -999.000  -999.000  -999.000  -999.000  -999.000  -999.000  -999.000  -999.000  -999.000     3.181       NaN       NaN     0.354
 121.0520833    16.250     0.000     0.000     0.000     0.000  -999.000  -999.000  -999.000  -999.000  -999.000  -999.000  -999.000  -999.000  -999.000  -999.000  -999.000  -999.000  -999.000  -999.000  -999.000  -999.000  -999.000  -999.000     3.092       NaN       NaN     0.360
 121.0520833    15.750     0.000     0.000     0.000     0.000  -999.000  -999.000  -999.000  -999.000  -999.000  -999.000  -999.000  -999.000  -999.000  -999.000  -999.000  -999.000  -999.000  -999.000  -999.000  -999.000  -999.000  -999.000     3.001       NaN       NaN     0.368
 121.0520833    15.250     0.000     0.000     0.000     0.000  -999.000  -999.000  -999.000  -999.000  -999.000  -999.000  -999.000  -999.000  -999.000  -999.000  -999.000  -999.000  -999.000  -999.000  -999.000  -999.000  -999.000  -999.000     2.906       NaN       NaN     0.376
 121.0520833    14.750     0.000     0.000     0.000     0.000  -999.000  -999.000  -999.000  -999.000  -999.000  -999.000  -999.000  -999.000  -999.000  -999.000  -999.000  -999.000  -999.000  -999.000  -999.000  -999.000  -999.000  -999.000     2.808       NaN       NaN     0.384
 121.0520833    14.250     0.000     0.000     0.000     0.000  -999.000  -999.000  -999.000  -999.000  -999.000  -999.000  -999.000  -999.000  -999.000  -999.000  -999.000  -999.000  -999.000  -999.000  -999.000  -999.000  -999.000  -999.000     2.706       NaN       NaN     0.394
 121.0520833    13.750     0.000     0.000     0.000     0.000  -999.000  -999.000  -999.000  -999.000  -999.000  -999.000  -999.000  -999.000  -999.000  -999.000  -999.000  -999.000  -999.000  -999.000  -999.000  -999.000  -999.000  -999.000     2.599       NaN       NaN     0.404
 121.0520833    13.250     0.000     0.000     0.000     0.000  -999.000  -999.000  -999.000  -999.000  -999.000  -999.000  -999.000  -999.000  -999.000  -999.000  -999.000  -999.000  -999.000  -999.000  -999.000  -999.000  -999.000  -999.000     2.487       NaN       NaN     0.416
 121.0520833    12.750     0.000     0.000     0.000     0.000  -999.000  -999.000  -999.000  -999.000  -999.000  -999.000  -999.000  -999.000  -999.000  -999.000  -999.000  -999.000  -999.000  -999.000  -999.000  -999.000  -999.000  -999.000     2.368       NaN       NaN     0.429
 121.0520833    12.250     0.000     0.000     0.000     0.000  -999.000  -999.000  -999.000  -999.000  -999.000  -999.000  -999.000  -999.000  -999.000  -999.000  -999.000  -999.000  -999.000  -999.000  -999.000  -999.000  -999.000  -999.000     2.241       NaN       NaN     0.444
 121.0520833    11.750     0.000     0.000     0.000     0.000  -999.000  -999.000  -999.000  -999.000  -999.000  -999.000  -999.000  -999.000  -999.000  -999.000  -999.000  -999.000  -999.000  -999.000  -999.000  -999.000  -999.000  -999.000     2.104       NaN       NaN     0.463
 121.0520833    11.250     0.000     0.000     0.000     0.000  -999.000  -999.000  -999.000  -999.000  -999.000  -999.000  -999.000  -999.000  -999.000  -999.000  -999.000  -999.000  -999.000  -999.000  -999.000  -999.000  -999.000  -999.000     1.954       NaN       NaN     0.487
 121.0520833    10.750     0.000     0.000     0.000     0.000  -999.000  -999.000  -999.000  -999.000  -999.000  -999.000  -999.000  -999.000  -999.000  -999.000  -999.000  -999.000  -999.000  -999.000  -999.000  -999.000  -999.000  -999.000     1.786       NaN       NaN     0.516
 121.0520833    10.250     0.000     0.000     0.000     0.000  -999.000  -999.000  -999.000  -999.000  -999.000  -999.000  -999.000  -999.000  -999.000  -999.000  -999.000  -999.000  -999.000  -999.000  -999.000  -999.000  -999.000  -999.000     1.591       NaN       NaN     0.558
 121.0520833     9.750     0.932     0.304     0.283     0.021       NaN       NaN       NaN       NaN       NaN       NaN       NaN       NaN   481.968   226.737     0.002     0.002       NaN       NaN       NaN       NaN   122.319   121.367     1.365       NaN       NaN     0.633
 121.0520833     9.250     0.788     0.413     0.326     0.088       NaN       NaN       NaN       NaN       NaN       NaN       NaN       NaN   448.745   196.316     0.002     0.002       NaN       NaN       NaN       NaN   116.111   115.574     1.163       NaN       NaN     0.735
 121.0520833     8.750     0.644     0.446     0.287     0.159       NaN       NaN       NaN       NaN       NaN       NaN       NaN       NaN   414.844   163.780     0.002     0.002       NaN       NaN       NaN       NaN   109.039   108.689     0.991       NaN       NaN     0.863
 121.0520833     8.250     0.521     0.454     0.236     0.217       NaN       NaN       NaN       NaN       NaN       NaN       NaN       NaN   385.380   135.127     0.002     0.002       NaN       NaN       NaN       NaN   102.079   101.827     0.844       NaN       NaN     1.012
 121.0520833     7.750     0.421     0.448     0.189     0.259       NaN       NaN       NaN       NaN       NaN       NaN       NaN       NaN   361.022   111.364     0.002     0.002       NaN       NaN       NaN       NaN    95.545    95.355     0.719       NaN       NaN     1.188
 121.0520833     7.250     0.342     0.432     0.148     0.284       NaN       NaN       NaN       NaN       NaN       NaN       NaN       NaN   341.359    92.199     0.002     0.002       NaN       NaN       NaN       NaN    89.564    89.418     0.613       NaN       NaN     1.394
 121.0520833     6.750     0.281     0.411     0.115     0.296       NaN       NaN       NaN       NaN       NaN       NaN       NaN       NaN   325.669    76.967     0.002     0.002       NaN       NaN       NaN       NaN    84.182    84.068     0.522       NaN       NaN     1.637
 121.0520833     6.250     0.233     0.385     0.090     0.295       NaN       NaN       NaN       NaN       NaN       NaN       NaN       NaN   313.211    64.957     0.002     0.002       NaN       NaN       NaN       NaN    79.397    79.309     0.445       NaN       NaN     1.921
 121.0520833     5.750     0.196     0.356     0.070     0.286       NaN       NaN       NaN       NaN       NaN       NaN       NaN       NaN   303.318    55.525     0.002     0.002       NaN       NaN       NaN       NaN    75.187    75.119     0.379       NaN       NaN     2.254
 121.0520833     5.250     0.167     0.324     0.054     0.270       NaN       NaN       NaN       NaN       NaN       NaN       NaN       NaN   295.435    48.134     0.002     0.002       NaN       NaN       NaN       NaN    71.519    71.467     0.323       NaN       NaN     2.646
 121.0520833     4.750     0.144     0.291     0.042     0.249       NaN       NaN       NaN       NaN       NaN       NaN       NaN       NaN   289.109    42.350     0.002     0.002       NaN       NaN       NaN       NaN    68.353    68.315     0.275       NaN       NaN     3.105
 121.0520833     4.250     0.127     0.257     0.033     0.225       NaN       NaN       NaN       NaN       NaN       NaN       NaN       NaN   283.977    37.826     0.002     0.002       NaN       NaN       NaN       NaN    65.651    65.622     0.234       NaN       NaN     3.644
 121.0520833     3.750     0.113     0.223     0.025     0.198       NaN       NaN       NaN       NaN       NaN       NaN       NaN       NaN   279.746    34.295     0.002     0.002       NaN       NaN       NaN       NaN    63.372    63.352     0.200       NaN       NaN     4.277
 121.0520833     3.250     0.103     0.189     0.019     0.169       NaN       NaN       NaN       NaN       NaN       NaN       NaN       NaN   276.175    31.545     0.002     0.002       NaN       NaN       NaN       NaN    61.482    61.468     0.170       NaN       NaN     5.019
 121.0520833     2.750     0.095     0.155     0.015     0.140       NaN       NaN       NaN       NaN       NaN       NaN       NaN       NaN   273.055    29.413     0.002     0.002       NaN       NaN       NaN       NaN    59.947    59.938     0.145       NaN       NaN     5.891
 121.0520833     2.250     0.089     0.122     0.011     0.112       NaN       NaN       NaN       NaN       NaN       NaN       NaN       NaN   270.191    27.768     0.002     0.002       NaN       NaN       NaN       NaN    58.735    58.730     0.124       NaN       NaN     6.914
 121.0520833     1.750     0.084     0.091     0.008     0.084       NaN       NaN       NaN       NaN       NaN       NaN       NaN       NaN   267.369    26.506     0.002     0.002       NaN       NaN       NaN       NaN    57.818    57.815     0.105       NaN       NaN     8.114
 121.0520833     1.250     0.081     0.062     0.005     0.057       NaN       NaN       NaN       NaN       NaN       NaN       NaN       NaN   264.304    25.534     0.002     0.002       NaN       NaN       NaN       NaN    57.168    57.167     0.090       NaN       NaN     9.523
 121.0520833     0.750     0.079     0.036     0.003     0.033       NaN       NaN       NaN       NaN       NaN       NaN       NaN       NaN   260.511    24.756     0.002     0.002       NaN       NaN       NaN       NaN    56.757    56.757     0.076       NaN       NaN    11.177
 121.0520833     0.250     0.000     0.000     0.000     0.000  -999.000  -999.000  -999.000  -999.000  -999.000  -999.000  -999.000  -999.000  -999.000  -999.000  -999.000  -999.000  -999.000  -999.000  -999.000  -999.000  -999.000  -999.000     0.065       NaN       NaN    13.117
 121.0729167    22.750     0.000     0.000     0.000     0.000  -999.000  -999.000  -999.000  -999.000  -999.000  -999.000  -999.000  -999.000  -999.000  -999.000  -999.000  -999.000  -999.000  -999.000  -999.000  -999.000  -999.000  -999.000     4.351       NaN       NaN     0.140
 121.0729167    22.250     0.000     0.000     0.000     0.000  -999.000  -999.000  -999.000  -999.000  -999.000  -999.000  -999.000  -999.000  -999.000  -999.000  -999.000  -999.000  -999.000  -999.000  -999.000  -999.000  -999.000  -999.000     4.278       NaN       NaN     0.282
 121.0729167    21.750     0.000     0.000     0.000     0.000  -999.000  -999.000  -999.000  -999.000  -999.000  -999.000  -999.000  -999.000  -999.000  -999.000  -999.000  -999.000  -999.000  -999.000  -999.000  -999.000  -999.000  -999.000     4.204       NaN       NaN     0.286
 121.0729167    21.250     0.000     0.000     0.000     0.000  -999.000  -999.000  -999.000  -999.000  -999.000  -999.000  -999.000  -999.000  -999.000  -999.000  -999.000  -999.000  -999.000  -999.000  -999.000  -999.000  -999.000  -999.000     4.129       NaN       NaN     0.290
 121.0729167    20.750     0.000     0.000     0.000     0.000  -999.000  -999.000  -999.000  -999.000  -999.000  -999.000  -999.000  -999.000  -999.000  -999.000  -999.000  -999.000  -999.000  -999.000  -999.000  -999.000  -999.000  -999.000     4.053       NaN       NaN     0.294
 121.0729167    20.250     0.000     0.000     0.000     0.000  -999.000  -999.000  -999.000  -999.000  -999.000  -999.000  -999.000  -999.000  -999.000  -999.000  -999.000  -999.000  -999.000  -999.000  -999.000  -999.000  -999.000  -999.000     3.975       NaN       NaN     0.298
 121.0729167    19.750     0.000     0.000     0.000     0.000  -999.000  -999.000  -999.000  -999.000  -999.000  -999.000  -999.000  -999.000  -999.000  -999.000  -999.000  -999.000  -999.000  -999.000  -999.000  -999.000  -999.000  -999.000     3.895       NaN       NaN     0.302
 121.0729167    19.250     0.000     0.000     0.000     0.000  -999.000  -999.000  -999.000  -999.000  -999.000  -999.000  -999.000  -999.000  -999.000  -999.000  -999.000  -999.000  -999.000  -999.000  -999.000  -999.000  -999.000  -999.000     3.814       NaN       NaN     0.307
 121.0729167    18.750     0.000     0.000     0.000     0.000  -999.000  -999.000  -999.000  -999.000  -999.000  -999.000  -999.000  -999.000  -999.000  -999.000  -999.000  -999.000  -999.000  -999.000  -999.000  -999.000  -999.000  -999.000     3.731       NaN       NaN     0.312
 121.0729167    18.250     0.000     0.000     0.000     0.000  -999.000  -999.000  -999.000  -999.000  -999.000  -999.000  -999.000  -999.000  -999.000  -999.000  -999.000  -999.000  -999.000  -999.000  -999.000  -999.000  -999.000  -999.000     3.646       NaN       NaN     0.317
 121.0729167    17.750     0.000     0.000     0.000     0.000  -999.000  -999.000  -999.000  -999.000  -999.000  -999.000  -999.000  -999.000  -999.000  -999.000  -999.000  -999.000  -999.000  -999.000  -999.000  -999.000  -999.000  -999.000     3.560       NaN       NaN     0.322
 121.0729167    17.250     0.000     0.000     0.000     0.000  -999.000  -999.000  -999.000  -999.000  -999.000  -999.000  -999.000  -999.000  -999.000  -999.000  -999.000  -999.000  -999.000  -999.000  -999.000  -999.000  -999.000  -999.000     3.470       NaN       NaN     0.328
 121.0729167    16.750     0.000     0.000     0.000     0.000  -999.000  -999.000  -999.000  -999.000  -999.000  -999.000  -999.000  -999.000  -999.000  -999.000  -999.000  -999.000  -999.000  -999.000  -999.000  -999.000  -999.000  -999.000     3.379       NaN       NaN     0.334
 121.0729167    16.250     0.000     0.000     0.000     0.000  -999.000  -999.000  -999.000  -999.000  -999.000  -999.000  -999.000  -999.000  -999.000  -999.000  -999.000  -999.000  -999.000  -999.000  -999.000  -999.000  -999.000  -999.000     3.285       NaN       NaN     0.341
 121.0729167    15.750     0.000     0.000     0.000     0.000  -999.000  -999.000  -999.000  -999.000  -999.000  -999.000  -999.000  -999.000  -999.000  -999.000  -999.000  -999.000  -999.000  -999.000  -999.000  -999.000  -999.000  -999.000     3.188       NaN       NaN     0.348
 121.0729167    15.250     0.000     0.000     0.000     0.000  -999.000  -999.000  -999.000  -999.000  -999.000  -999.000  -999.000  -999.000  -999.000  -999.000  -999.000  -999.000  -999.000  -999.000  -999.000  -999.000  -999.000  -999.000     3.087       NaN       NaN     0.355
 121.0729167    14.750     0.000     0.000     0.000     0.000  -999.000  -999.000  -999.000  -999.000  -999.000  -999.000  -999.000  -999.000  -999.000  -999.000  -999.000  -999.000  -999.000  -999.000  -999.000  -999.000  -999.000  -999.000     2.983       NaN       NaN     0.363
 121.0729167    14.250     0.000     0.000     0.000     0.000  -999.000  -999.000  -999.000  -999.000  -999.000  -999.000  -999.000  -999.000  -999.000  -999.000  -999.000  -999.000  -999.000  -999.000  -999.000  -999.000  -999.000  -999.000     2.874       NaN       NaN     0.372
 121.0729167    13.750     0.000     0.000     0.000     0.000  -999.000  -999.000  -999.000  -999.000  -999.000  -999.000  -999.000  -999.000  -999.000  -999.000  -999.000  -999.000  -999.000  -999.000  -999.000  -999.000  -999.000  -999.000     2.761       NaN       NaN     0.382
 121.0729167    13.250     0.000     0.000     0.000     0.000  -999.000  -999.000  -999.000  -999.000  -999.000  -999.000  -999.000  -999.000  -999.000  -999.000  -999.000  -999.000  -999.000  -999.000  -999.000  -999.000  -999.000  -999.000     2.642       NaN       NaN     0.393
 121.0729167    12.750     0.000     0.000     0.000     0.000  -999.000  -999.000  -999.000  -999.000  -999.000  -999.000  -999.000  -999.000  -999.000  -999.000  -999.000  -999.000  -999.000  -999.000  -999.000  -999.000  -999.000  -999.000     2.515       NaN       NaN     0.405
 121.0729167    12.250     0.000     0.000     0.000     0.000  -999.000  -999.000  -999.000  -999.000  -999.000  -999.000  -999.000  -999.000  -999.000  -999.000  -999.000  -999.000  -999.000  -999.000  -999.000  -999.000  -999.000  -999.000     2.381       NaN       NaN     0.420
 121.0729167    11.750     0.000     0.000     0.000     0.000  -999.000  -999.000  -999.000  -999.000  -999.000  -999.000  -999.000  -999.000  -999.000  -999.000  -999.000  -999.000  -999.000  -999.000  -999.000  -999.000  -999.000  -999.000     2.235       NaN       NaN     0.438
 121.0729167    11.250     0.000     0.000     0.000     0.000  -999.000  -999.000  -999.000  -999.000  -999.000  -999.000  -999.000  -999.000  -999.000  -999.000  -999.000  -999.000  -999.000  -999.000  -999.000  -999.000  -999.000  -999.000     2.075       NaN       NaN     0.461
 121.0729167    10.750     0.000     0.000     0.000     0.000  -999.000  -999.000  -999.000  -999.000  -999.000  -999.000  -999.000  -999.000  -999.000  -999.000  -999.000  -999.000  -999.000  -999.000  -999.000  -999.000  -999.000  -999.000     1.897       NaN       NaN     0.488
 121.0729167    10.250     0.000     0.000     0.000     0.000  -999.000  -999.000  -999.000  -999.000  -999.000  -999.000  -999.000  -999.000  -999.000  -999.000  -999.000  -999.000  -999.000  -999.000  -999.000  -999.000  -999.000  -999.000     1.690       NaN       NaN     0.528
 121.0729167     9.750     0.927     0.304     0.282     0.022       NaN       NaN       NaN       NaN       NaN       NaN       NaN       NaN   288.931   161.079     0.002     0.002       NaN       NaN       NaN       NaN   122.324   121.368     1.450       NaN       NaN     0.599
 121.0729167     9.250     0.775     0.413     0.320     0.093       NaN       NaN       NaN       NaN       NaN       NaN       NaN       NaN   264.809   138.958     0.002     0.002       NaN       NaN       NaN       NaN   116.119   115.578     1.235       NaN       NaN     0.695
 121.0729167     8.750     0.624     0.446     0.278     0.168       NaN       NaN       NaN       NaN       NaN       NaN       NaN       NaN   240.282   115.376     0.002     0.002       NaN       NaN       NaN       NaN   109.047   108.693     1.052       NaN       NaN     0.815
 121.0729167     8.250     0.498     0.454     0.226     0.228       NaN       NaN       NaN       NaN       NaN       NaN       NaN       NaN   219.066    94.697     0.002     0.002       NaN       NaN       NaN       NaN   102.088   101.831     0.897       NaN       NaN     0.957
 121.0729167     7.750     0.397     0.448     0.178     0.270       NaN       NaN       NaN       NaN       NaN       NaN       NaN       NaN   201.618    77.623     0.002     0.002       NaN       NaN       NaN       NaN    95.553    95.358     0.764       NaN       NaN     1.123
 121.0729167     7.250     0.318     0.432     0.138     0.295       NaN       NaN       NaN       NaN       NaN       NaN       NaN       NaN   187.609    63.912     0.002     0.002       NaN       NaN       NaN       NaN    89.571    89.420     0.651       NaN       NaN     1.318
 121.0729167     6.750     0.257     0.411     0.106     0.305       NaN       NaN       NaN       NaN       NaN       NaN       NaN       NaN   176.496    53.059     0.002     0.002       NaN       NaN       NaN       NaN    84.187    84.070     0.555       NaN       NaN     1.547
 121.0729167     6.250     0.211     0.385     0.081     0.304       NaN       NaN       NaN       NaN       NaN       NaN       NaN       NaN   167.724    44.532     0.002     0.002       NaN       NaN       NaN       NaN    79.402    79.310     0.473       NaN       NaN     1.816
 121.0729167     5.750     0.175     0.356     0.062     0.294       NaN       NaN       NaN       NaN       NaN       NaN       NaN       NaN   160.805    37.857     0.002     0.002       NaN       NaN       NaN       NaN    75.191    75.120     0.403       NaN       NaN     2.131
 121.0729167     5.250     0.147     0.324     0.048     0.277       NaN       NaN       NaN       NaN       NaN       NaN       NaN       NaN   155.334    32.641     0.002     0.002       NaN       NaN       NaN       NaN    71.522    71.468     0.343       NaN       NaN     2.501
 121.0729167     4.750     0.126     0.291     0.037     0.254       NaN       NaN       NaN       NaN       NaN       NaN       NaN       NaN   150.983    28.565     0.002     0.002       NaN       NaN       NaN       NaN    68.356    68.315     0.292       NaN       NaN     2.935
 121.0729167     4.250     0.110     0.257     0.028     0.229       NaN       NaN       NaN       NaN       NaN       NaN       NaN       NaN   147.494    25.384     0.002     0.002       NaN       NaN       NaN       NaN    65.652    65.622     0.249       NaN       NaN     3.445
 121.0729167     3.750     0.097     0.223     0.022     0.201       NaN       NaN       NaN       NaN       NaN       NaN       NaN       NaN   144.662    22.902     0.002     0.002       NaN       NaN       NaN       NaN    63.373    63.352     0.212       NaN       NaN     4.043
 121.0729167     3.250     0.088     0.189     0.017     0.172       NaN       NaN       NaN       NaN       NaN       NaN       NaN       NaN   142.321    20.972     0.002     0.002       NaN       NaN       NaN       NaN    61.483    61.468     0.181       NaN       NaN     4.745
 121.0729167     2.750     0.080     0.155     0.012     0.143       NaN       NaN       NaN       NaN       NaN       NaN       NaN       NaN   140.334    19.476     0.002     0.002       NaN       NaN       NaN       NaN    59.947    59.938     0.154       NaN       NaN     5.569
 121.0729167     2.250     0.075     0.122     0.009     0.113       NaN       NaN       NaN       NaN       NaN       NaN       NaN       NaN   138.576    18.324     0.002     0.002       NaN       NaN       NaN       NaN    58.735    58.730     0.131       NaN       NaN     6.536
 121.0729167     1.750     0.071     0.091     0.006     0.085       NaN       NaN       NaN       NaN       NaN       NaN       NaN       NaN   136.920    17.442     0.002     0.002       NaN       NaN       NaN       NaN    57.818    57.815     0.112       NaN       NaN     7.671
 121.0729167     1.250     0.068     0.062     0.004     0.058       NaN       NaN       NaN       NaN       NaN       NaN       NaN       NaN   135.206    16.768     0.002     0.002       NaN       NaN       NaN       NaN    57.168    57.167     0.095       NaN       NaN     9.003
 121.0729167     0.750     0.067     0.036     0.002     0.033       NaN       NaN       NaN       NaN       NaN       NaN       NaN       NaN   133.178    16.235     0.002     0.002       NaN       NaN       NaN       NaN    56.757    56.757     0.081       NaN       NaN    10.566
 121.0729167     0.250     0.000     0.000     0.000     0.000  -999.000  -999.000  -999.000  -999.000  -999.000  -999.000  -999.000  -999.000  -999.000  -999.000  -999.000  -999.000  -999.000  -999.000  -999.000  -999.000  -999.000  -999.000     0.069       NaN       NaN    12.401
 121.0937500    22.750     0.000     0.000     0.000     0.000  -999.000  -999.000  -999.000  -999.000  -999.000  -999.000  -999.000  -999.000  -999.000  -999.000  -999.000  -999.000  -999.000  -999.000  -999.000  -999.000  -999.000  -999.000     4.396       NaN       NaN     0.129
 121.0937500    22.250     0.000     0.000     0.000     0.000  -999.000  -999.000  -999.000  -999.000  -999.000  -999.000  -999.000  -999.000  -999.000  -999.000  -999.000  -999.000  -999.000  -999.000  -999.000  -999.000  -999.000  -999.000     4.322       NaN       NaN     0.260
 121.0937500    21.750     0.000     0.000     0.000     0.000  -999.000  -999.000  -999.000  -999.000  -999.000  -999.000  -999.000  -999.000  -999.000  -999.000  -999.000  -999.000  -999.000  -999.000  -999.000  -999.000  -999.000  -999.000     4.248       NaN       NaN     0.263
 121.0937500    21.250     0.000     0.000     0.000     0.000  -999.000  -999.000  -999.000  -999.000  -999.000  -999.000  -999.000  -999.000  -999.000  -999.000  -999.000  -999.000  -999.000  -999.000  -999.000  -999.000  -999.000  -999.000     4.172       NaN       NaN     0.267
 121.0937500    20.750     0.000     0.000     0.000     0.000  -999.000  -999.000  -999.000  -999.000  -999.000  -999.000  -999.000  -999.000  -999.000  -999.000  -999.000  -999.000  -999.000  -999.000  -999.000  -999.000  -999.000  -999.000     4.094       NaN       NaN     0.271
 121.0937500    20.250     0.000     0.000     0.000     0.000  -999.000  -999.000  -999.000  -999.000  -999.000  -999.000  -999.000  -999.000  -999.000  -999.000  -999.000  -999.000  -999.000  -999.000  -999.000  -999.000  -999.000  -999.000     4.015       NaN       NaN     0.275
 121.0937500    19.750     0.000     0.000     0.000     0.000  -999.000  -999.000  -999.000  -999.000  -999.000  -999.000  -999.000  -999.000  -999.000  -999.000  -999.000  -999.000  -999.000  -999.000  -999.000  -999.000  -999.000  -999.000     3.935       NaN       NaN     0.279
 121.0937500    19.250     0.000     0.000     0.000     0.000  -999.000  -999.000  -999.000  -999.000  -999.000  -999.000  -999.000  -999.000  -999.000  -999.000  -999.000  -999.000  -999.000  -999.000  -999.000  -999.000  -999.000  -999.000     3.853       NaN       NaN     0.283
 121.0937500    18.750     0.000     0.000     0.000     0.000  -999.000  -999.000  -999.000  -999.000  -999.000  -999.000  -999.000  -999.000  -999.000  -999.000  -999.000  -999.000  -999.000  -999.000  -999.000  -999.000  -999.000  -999.000     3.769       NaN       NaN     0.288
 121.0937500    18.250     0.000     0.000     0.000     0.000  -999.000  -999.000  -999.000  -999.000  -999.000  -999.000  -999.000  -999.000  -999.000  -999.000  -999.000  -999.000  -999.000  -999.000  -999.000  -999.000  -999.000  -999.000     3.684       NaN       NaN     0.292
 121.0937500    17.750     0.000     0.000     0.000     0.000  -999.000  -999.000  -999.000  -999.000  -999.000  -999.000  -999.000  -999.000  -999.000  -999.000  -999.000  -999.000  -999.000  -999.000  -999.000  -999.000  -999.000  -999.000     3.596       NaN       NaN     0.297
 121.0937500    17.250     0.000     0.000     0.000     0.000  -999.000  -999.000  -999.000  -999.000  -999.000  -999.000  -999.000  -999.000  -999.000  -999.000  -999.000  -999.000  -999.000  -999.000  -999.000  -999.000  -999.000  -999.000     3.506       NaN       NaN     0.303
 121.0937500    16.750     0.000     0.000     0.000     0.000  -999.000  -999.000  -999.000  -999.000  -999.000  -999.000  -999.000  -999.000  -999.000  -999.000  -999.000  -999.000  -999.000  -999.000  -999.000  -999.000  -999.000  -999.000     3.414       NaN       NaN     0.308
 121.0937500    16.250     0.000     0.000     0.000     0.000  -999.000  -999.000  -999.000  -999.000  -999.000  -999.000  -999.000  -999.000  -999.000  -999.000  -999.000  -999.000  -999.000  -999.000  -999.000  -999.000  -999.000  -999.000     3.318       NaN       NaN     0.314
 121.0937500    15.750     0.000     0.000     0.000     0.000  -999.000  -999.000  -999.000  -999.000  -999.000  -999.000  -999.000  -999.000  -999.000  -999.000  -999.000  -999.000  -999.000  -999.000  -999.000  -999.000  -999.000  -999.000     3.220       NaN       NaN     0.321
 121.0937500    15.250     0.000     0.000     0.000     0.000  -999.000  -999.000  -999.000  -999.000  -999.000  -999.000  -999.000  -999.000  -999.000  -999.000  -999.000  -999.000  -999.000  -999.000  -999.000  -999.000  -999.000  -999.000     3.119       NaN       NaN     0.327
 121.0937500    14.750     0.000     0.000     0.000     0.000  -999.000  -999.000  -999.000  -999.000  -999.000  -999.000  -999.000  -999.000  -999.000  -999.000  -999.000  -999.000  -999.000  -999.000  -999.000  -999.000  -999.000  -999.000     3.013       NaN       NaN     0.335
 121.0937500    14.250     0.000     0.000     0.000     0.000  -999.000  -999.000  -999.000  -999.000  -999.000  -999.000  -999.000  -999.000  -999.000  -999.000  -999.000  -999.000  -999.000  -999.000  -999.000  -999.000  -999.000  -999.000     2.904       NaN       NaN     0.343
 121.0937500    13.750     0.000     0.000     0.000     0.000  -999.000  -999.000  -999.000  -999.000  -999.000  -999.000  -999.000  -999.000  -999.000  -999.000  -999.000  -999.000  -999.000  -999.000  -999.000  -999.000  -999.000  -999.000     2.789       NaN       NaN     0.352
 121.0937500    13.250     0.000     0.000     0.000     0.000  -999.000  -999.000  -999.000  -999.000  -999.000  -999.000  -999.000  -999.000  -999.000  -999.000  -999.000  -999.000  -999.000  -999.000  -999.000  -999.000  -999.000  -999.000     2.669       NaN       NaN     0.362
 121.0937500    12.750     0.000     0.000     0.000     0.000  -999.000  -999.000  -999.000  -999.000  -999.000  -999.000  -999.000  -999.000  -999.000  -999.000  -999.000  -999.000  -999.000  -999.000  -999.000  -999.000  -999.000  -999.000     2.541       NaN       NaN     0.374
 121.0937500    12.250     0.000     0.000     0.000     0.000  -999.000  -999.000  -999.000  -999.000  -999.000  -999.000  -999.000  -999.000  -999.000  -999.000  -999.000  -999.000  -999.000  -999.000  -999.000  -999.000  -999.000  -999.000     2.405       NaN       NaN     0.388
 121.0937500    11.750     0.000     0.000     0.000     0.000  -999.000  -999.000  -999.000  -999.000  -999.000  -999.000  -999.000  -999.000  -999.000  -999.000  -999.000  -999.000  -999.000  -999.000  -999.000  -999.000  -999.000  -999.000     2.258       NaN       NaN     0.404
 121.0937500    11.250     0.000     0.000     0.000     0.000  -999.000  -999.000  -999.000  -999.000  -999.000  -999.000  -999.000  -999.000  -999.000  -999.000  -999.000  -999.000  -999.000  -999.000  -999.000  -999.000  -999.000  -999.000     2.097       NaN       NaN     0.425
 121.0937500    10.750     0.000     0.000     0.000     0.000  -999.000  -999.000  -999.000  -999.000  -999.000  -999.000  -999.000  -999.000  -999.000  -999.000  -999.000  -999.000  -999.000  -999.000  -999.000  -999.000  -999.000  -999.000     1.916       NaN       NaN     0.450
 121.0937500    10.250     0.000     0.000     0.000     0.000  -999.000  -999.000  -999.000  -999.000  -999.000  -999.000  -999.000  -999.000  -999.000  -999.000  -999.000  -999.000  -999.000  -999.000  -999.000  -999.000  -999.000  -999.000     1.708       NaN       NaN     0.487
 121.0937500     9.750     0.918     0.304     0.279     0.025       NaN       NaN       NaN       NaN       NaN       NaN       NaN       NaN   124.971    78.958     0.002     0.002       NaN       NaN       NaN       NaN   122.333   121.372     1.465       NaN       NaN     0.552
 121.0937500     9.250     0.749     0.413     0.309     0.104       NaN       NaN       NaN       NaN       NaN       NaN       NaN       NaN   112.981    67.950     0.002     0.002       NaN       NaN       NaN       NaN   116.135   115.585     1.248       NaN       NaN     0.641
 121.0937500     8.750     0.586     0.446     0.261     0.185       NaN       NaN       NaN       NaN       NaN       NaN       NaN       NaN   100.808    56.233     0.002     0.002       NaN       NaN       NaN       NaN   109.065   108.700     1.063       NaN       NaN     0.752
 121.0937500     8.250     0.453     0.454     0.206     0.248       NaN       NaN       NaN       NaN       NaN       NaN       NaN       NaN    90.307    45.985     0.002     0.002       NaN       NaN       NaN       NaN   102.105   101.837     0.906       NaN       NaN     0.883
 121.0937500     7.750     0.350     0.448     0.157     0.291       NaN       NaN       NaN       NaN       NaN       NaN       NaN       NaN    81.699    37.546     0.002     0.002       NaN       NaN       NaN       NaN    95.569    95.363     0.772       NaN       NaN     1.036
 121.0937500     7.250     0.272     0.432     0.118     0.315       NaN       NaN       NaN       NaN       NaN       NaN       NaN       NaN    74.812    30.790     0.002     0.002       NaN       NaN       NaN       NaN    89.585    89.424     0.658       NaN       NaN     1.216
 121.0937500     6.750     0.214     0.411     0.088     0.323       NaN       NaN       NaN       NaN       NaN       NaN       NaN       NaN    69.370    25.457     0.002     0.002       NaN       NaN       NaN       NaN    84.199    84.073     0.560       NaN       NaN     1.427
 121.0937500     6.250     0.170     0.385     0.066     0.319       NaN       NaN       NaN       NaN       NaN       NaN       NaN       NaN    65.093    21.278     0.002     0.002       NaN       NaN       NaN       NaN    79.411    79.312     0.477       NaN       NaN     1.675
 121.0937500     5.750     0.138     0.356     0.049     0.307       NaN       NaN       NaN       NaN       NaN       NaN       NaN       NaN    61.734    18.014     0.002     0.002       NaN       NaN       NaN       NaN    75.199    75.122     0.407       NaN       NaN     1.965
 121.0937500     5.250     0.113     0.324     0.037     0.287       NaN       NaN       NaN       NaN       NaN       NaN       NaN       NaN    59.092    15.468     0.002     0.002       NaN       NaN       NaN       NaN    71.528    71.469     0.347       NaN       NaN     2.307
 121.0937500     4.750     0.095     0.291     0.028     0.263       NaN       NaN       NaN       NaN       NaN       NaN       NaN       NaN    57.004    13.483     0.002     0.002       NaN       NaN       NaN       NaN    68.361    68.316     0.295       NaN       NaN     2.707
 121.0937500     4.250     0.081     0.257     0.021     0.236       NaN       NaN       NaN       NaN       NaN       NaN       NaN       NaN    55.344    11.934     0.002     0.002       NaN       NaN       NaN       NaN    65.656    65.623     0.252       NaN       NaN     3.177
 121.0937500     3.750     0.071     0.223     0.016     0.207       NaN       NaN       NaN       NaN       NaN       NaN       NaN       NaN    54.011    10.728     0.002     0.002       NaN       NaN       NaN       NaN    63.376    63.352     0.214       NaN       NaN     3.729
 121.0937500     3.250     0.063     0.189     0.012     0.177       NaN       NaN       NaN       NaN       NaN       NaN       NaN       NaN    52.925     9.790     0.002     0.002       NaN       NaN       NaN       NaN    61.485    61.468     0.183       NaN       NaN     4.377
 121.0937500     2.750     0.057     0.155     0.009     0.146       NaN       NaN       NaN       NaN       NaN       NaN       NaN       NaN    52.023     9.063     0.002     0.002       NaN       NaN       NaN       NaN    59.949    59.938     0.156       NaN       NaN     5.136
 121.0937500     2.250     0.053     0.122     0.006     0.116       NaN       NaN       NaN       NaN       NaN       NaN       NaN       NaN    51.249     8.505     0.002     0.002       NaN       NaN       NaN       NaN    58.736    58.730     0.133       NaN       NaN     6.028
 121.0937500     1.750     0.050     0.091     0.005     0.087       NaN       NaN       NaN       NaN       NaN       NaN       NaN       NaN    50.546     8.078     0.002     0.002       NaN       NaN       NaN       NaN    57.819    57.815     0.113       NaN       NaN     7.075
 121.0937500     1.250     0.047     0.062     0.003     0.059       NaN       NaN       NaN       NaN       NaN       NaN       NaN       NaN    49.852     7.753     0.002     0.002       NaN       NaN       NaN       NaN    57.168    57.167     0.096       NaN       NaN     8.303
 121.0937500     0.750     0.046     0.036     0.002     0.034       NaN       NaN       NaN       NaN       NaN       NaN       NaN       NaN    49.066     7.499     0.002     0.002       NaN       NaN       NaN       NaN    56.758    56.757     0.082       NaN       NaN     9.745
 121.0937500     0.250     0.000     0.000     0.000     0.000  -999.000  -999.000  -999.000  -999.000  -999.000  -999.000  -999.000  -999.000  -999.000  -999.000  -999.000  -999.000  -999.000  -999.000  -999.000  -999.000  -999.000  -999.000     0.070       NaN       NaN    11.437
 121.1145833    22.750     0.000     0.000     0.000     0.000  -999.000  -999.000  -999.000  -999.000  -999.000  -999.000  -999.000  -999.000  -999.000  -999.000  -999.000  -999.000  -999.000  -999.000  -999.000  -999.000  -999.000  -999.000     3.937       NaN       NaN     0.144
 121.1145833    22.250     0.000     0.000     0.000     0.000  -999.000  -999.000  -999.000  -999.000  -999.000  -999.000  -999.000  -999.000  -999.000  -999.000  -999.000  -999.000  -999.000  -999.000  -999.000  -999.000  -999.000  -999.000     3.871       NaN       NaN     0.290
 121.1145833    21.750     0.000     0.000     0.000     0.000  -999.000  -999.000  -999.000  -999.000  -999.000  -999.000  -999.000  -999.000  -999.000  -999.000  -999.000  -999.000  -999.000  -999.000  -999.000  -999.000  -999.000  -999.000     3.804       NaN       NaN     0.294
 121.1145833    21.250     0.000     0.000     0.000     0.000  -999.000  -999.000  -999.000  -999.000  -999.000  -999.000  -999.000  -999.000  -999.000  -999.000  -999.000  -999.000  -999.000  -999.000  -999.000  -999.000  -999.000  -999.000     3.736       NaN       NaN     0.298
 121.1145833    20.750     0.000     0.000     0.000     0.000  -999.000  -999.000  -999.000  -999.000  -999.000  -999.000  -999.000  -999.000  -999.000  -999.000  -999.000  -999.000  -999.000  -999.000  -999.000  -999.000  -999.000  -999.000     3.667       NaN       NaN     0.303
 121.1145833    20.250     0.000     0.000     0.000     0.000  -999.000  -999.000  -999.000  -999.000  -999.000  -999.000  -999.000  -999.000  -999.000  -999.000  -999.000  -999.000  -999.000  -999.000  -999.000  -999.000  -999.000  -999.000     3.596       NaN       NaN     0.307
 121.1145833    19.750     0.000     0.000     0.000     0.000  -999.000  -999.000  -999.000  -999.000  -999.000  -999.000  -999.000  -999.000  -999.000  -999.000  -999.000  -999.000  -999.000  -999.000  -999.000  -999.000  -999.000  -999.000     3.524       NaN       NaN     0.311
 121.1145833    19.250     0.000     0.000     0.000     0.000  -999.000  -999.000  -999.000  -999.000  -999.000  -999.000  -999.000  -999.000  -999.000  -999.000  -999.000  -999.000  -999.000  -999.000  -999.000  -999.000  -999.000  -999.000     3.451       NaN       NaN     0.316
 121.1145833    18.750     0.000     0.000     0.000     0.000  -999.000  -999.000  -999.000  -999.000  -999.000  -999.000  -999.000  -999.000  -999.000  -999.000  -999.000  -999.000  -999.000  -999.000  -999.000  -999.000  -999.000  -999.000     3.376       NaN       NaN     0.321
 121.1145833    18.250     0.000     0.000     0.000     0.000  -999.000  -999.000  -999.000  -999.000  -999.000  -999.000  -999.000  -999.000  -999.000  -999.000  -999.000  -999.000  -999.000  -999.000  -999.000  -999.000  -999.000  -999.000     3.299       NaN       NaN     0.327
 121.1145833    17.750     0.000     0.000     0.000     0.000  -999.000  -999.000  -999.000  -999.000  -999.000  -999.000  -999.000  -999.000  -999.000  -999.000  -999.000  -999.000  -999.000  -999.000  -999.000  -999.000  -999.000  -999.000     3.221       NaN       NaN     0.332
 121.1145833    17.250     0.000     0.000     0.000     0.000  -999.000  -999.000  -999.000  -999.000  -999.000  -999.000  -999.000  -999.000  -999.000  -999.000  -999.000  -999.000  -999.000  -999.000  -999.000  -999.000  -999.000  -999.000     3.140       NaN       NaN     0.338
 121.1145833    16.750     0.000     0.000     0.000     0.000  -999.000  -999.000  -999.000  -999.000  -999.000  -999.000  -999.000  -999.000  -999.000  -999.000  -999.000  -999.000  -999.000  -999.000  -999.000  -999.000  -999.000  -999.000     3.057       NaN       NaN     0.344
 121.1145833    16.250     0.000     0.000     0.000     0.000  -999.000  -999.000  -999.000  -999.000  -999.000  -999.000  -999.000  -999.000  -999.000  -999.000  -999.000  -999.000  -999.000  -999.000  -999.000  -999.000  -999.000  -999.000     2.972       NaN       NaN     0.351
 121.1145833    15.750     0.000     0.000     0.000     0.000  -999.000  -999.000  -999.000  -999.000  -999.000  -999.000  -999.000  -999.000  -999.000  -999.000  -999.000  -999.000  -999.000  -999.000  -999.000  -999.000  -999.000  -999.000     2.884       NaN       NaN     0.358
 121.1145833    15.250     0.000     0.000     0.000     0.000  -999.000  -999.000  -999.000  -999.000  -999.000  -999.000  -999.000  -999.000  -999.000  -999.000  -999.000  -999.000  -999.000  -999.000  -999.000  -999.000  -999.000  -999.000     2.793       NaN       NaN     0.366
 121.1145833    14.750     0.000     0.000     0.000     0.000  -999.000  -999.000  -999.000  -999.000  -999.000  -999.000  -999.000  -999.000  -999.000  -999.000  -999.000  -999.000  -999.000  -999.000  -999.000  -999.000  -999.000  -999.000     2.699       NaN       NaN     0.374
 121.1145833    14.250     0.000     0.000     0.000     0.000  -999.000  -999.000  -999.000  -999.000  -999.000  -999.000  -999.000  -999.000  -999.000  -999.000  -999.000  -999.000  -999.000  -999.000  -999.000  -999.000  -999.000  -999.000     2.601       NaN       NaN     0.383
 121.1145833    13.750     0.000     0.000     0.000     0.000  -999.000  -999.000  -999.000  -999.000  -999.000  -999.000  -999.000  -999.000  -999.000  -999.000  -999.000  -999.000  -999.000  -999.000  -999.000  -999.000  -999.000  -999.000     2.498       NaN       NaN     0.394
 121.1145833    13.250     0.000     0.000     0.000     0.000  -999.000  -999.000  -999.000  -999.000  -999.000  -999.000  -999.000  -999.000  -999.000  -999.000  -999.000  -999.000  -999.000  -999.000  -999.000  -999.000  -999.000  -999.000     2.390       NaN       NaN     0.405
 121.1145833    12.750     0.000     0.000     0.000     0.000  -999.000  -999.000  -999.000  -999.000  -999.000  -999.000  -999.000  -999.000  -999.000  -999.000  -999.000  -999.000  -999.000  -999.000  -999.000  -999.000  -999.000  -999.000     2.276       NaN       NaN     0.418
 121.1145833    12.250     0.000     0.000     0.000     0.000  -999.000  -999.000  -999.000  -999.000  -999.000  -999.000  -999.000  -999.000  -999.000  -999.000  -999.000  -999.000  -999.000  -999.000  -999.000  -999.000  -999.000  -999.000     2.154       NaN       NaN     0.433
 121.1145833    11.750     0.000     0.000     0.000     0.000  -999.000  -999.000  -999.000  -999.000  -999.000  -999.000  -999.000  -999.000  -999.000  -999.000  -999.000  -999.000  -999.000  -999.000  -999.000  -999.000  -999.000  -999.000     2.022       NaN       NaN     0.451
 121.1145833    11.250     0.000     0.000     0.000     0.000  -999.000  -999.000  -999.000  -999.000  -999.000  -999.000  -999.000  -999.000  -999.000  -999.000  -999.000  -999.000  -999.000  -999.000  -999.000  -999.000  -999.000  -999.000     1.878       NaN       NaN     0.475
 121.1145833    10.750     0.000     0.000     0.000     0.000  -999.000  -999.000  -999.000  -999.000  -999.000  -999.000  -999.000  -999.000  -999.000  -999.000  -999.000  -999.000  -999.000  -999.000  -999.000  -999.000  -999.000  -999.000     1.716       NaN       NaN     0.502
 121.1145833    10.250     0.000     0.000     0.000     0.000  -999.000  -999.000  -999.000  -999.000  -999.000  -999.000  -999.000  -999.000  -999.000  -999.000  -999.000  -999.000  -999.000  -999.000  -999.000  -999.000  -999.000  -999.000     1.529       NaN       NaN     0.544
 121.1145833     9.750     0.887     0.304     0.270     0.034       NaN       NaN       NaN       NaN       NaN       NaN       NaN       NaN    23.032    15.591     0.002     0.002       NaN       NaN       NaN       NaN   122.365   121.382     1.312       NaN       NaN     0.617
 121.1145833     9.250     0.667     0.413     0.276     0.138       NaN       NaN       NaN       NaN       NaN       NaN       NaN       NaN    20.645    13.397     0.002     0.002       NaN       NaN       NaN       NaN   116.191   115.608     1.118       NaN       NaN     0.716
 121.1145833     8.750     0.473     0.446     0.211     0.235       NaN       NaN       NaN       NaN       NaN       NaN       NaN       NaN    18.217    11.058     0.002     0.002       NaN       NaN       NaN       NaN   109.126   108.724     0.952       NaN       NaN     0.840
 121.1145833     8.250     0.330     0.454     0.150     0.304       NaN       NaN       NaN       NaN       NaN       NaN       NaN       NaN    16.124     9.015     0.002     0.002       NaN       NaN       NaN       NaN   102.164   101.858     0.811       NaN       NaN     0.986
 121.1145833     7.750     0.230     0.448     0.103     0.345       NaN       NaN       NaN       NaN       NaN       NaN       NaN       NaN    14.411     7.336     0.002     0.002       NaN       NaN       NaN       NaN    95.622    95.379     0.691       NaN       NaN     1.157
 121.1145833     7.250     0.161     0.432     0.070     0.363       NaN       NaN       NaN       NaN       NaN       NaN       NaN       NaN    13.045     5.995     0.002     0.002       NaN       NaN       NaN       NaN    89.632    89.437     0.589       NaN       NaN     1.358
 121.1145833     6.750     0.115     0.411     0.047     0.364       NaN       NaN       NaN       NaN       NaN       NaN       NaN       NaN    11.968     4.939     0.002     0.002       NaN       NaN       NaN       NaN    84.239    84.082     0.502       NaN       NaN     1.594
 121.1145833     6.250     0.083     0.385     0.032     0.353       NaN       NaN       NaN       NaN       NaN       NaN       NaN       NaN    11.124     4.114     0.002     0.002       NaN       NaN       NaN       NaN    79.444    79.319     0.428       NaN       NaN     1.871
 121.1145833     5.750     0.062     0.356     0.022     0.334       NaN       NaN       NaN       NaN       NaN       NaN       NaN       NaN    10.464     3.471     0.002     0.002       NaN       NaN       NaN       NaN    75.226    75.127     0.364       NaN       NaN     2.195
 121.1145833     5.250     0.047     0.324     0.015     0.309       NaN       NaN       NaN       NaN       NaN       NaN       NaN       NaN     9.947     2.971     0.002     0.002       NaN       NaN       NaN       NaN    71.550    71.472     0.310       NaN       NaN     2.576
 121.1145833     4.750     0.037     0.291     0.011     0.280       NaN       NaN       NaN       NaN       NaN       NaN       NaN       NaN     9.540     2.581     0.002     0.002       NaN       NaN       NaN       NaN    68.377    68.318     0.265       NaN       NaN     3.024
 121.1145833     4.250     0.030     0.257     0.008     0.250       NaN       NaN       NaN       NaN       NaN       NaN       NaN       NaN     9.218     2.278     0.002     0.002       NaN       NaN       NaN       NaN    65.668    65.624     0.225       NaN       NaN     3.549
 121.1145833     3.750     0.024     0.223     0.005     0.217       NaN       NaN       NaN       NaN       NaN       NaN       NaN       NaN     8.961     2.042     0.002     0.002       NaN       NaN       NaN       NaN    63.385    63.353     0.192       NaN       NaN     4.165
 121.1145833     3.250     0.021     0.189     0.004     0.185       NaN       NaN       NaN       NaN       NaN       NaN       NaN       NaN     8.753     1.858     0.002     0.002       NaN       NaN       NaN       NaN    61.491    61.469     0.164       NaN       NaN     4.888
 121.1145833     2.750     0.018     0.155     0.003     0.152       NaN       NaN       NaN       NaN       NaN       NaN       NaN       NaN     8.583     1.716     0.002     0.002       NaN       NaN       NaN       NaN    59.953    59.938     0.139       NaN       NaN     5.737
 121.1145833     2.250     0.016     0.122     0.002     0.121       NaN       NaN       NaN       NaN       NaN       NaN       NaN       NaN     8.439     1.608     0.002     0.002       NaN       NaN       NaN       NaN    58.739    58.730     0.119       NaN       NaN     6.733
 121.1145833     1.750     0.015     0.091     0.001     0.090       NaN       NaN       NaN       NaN       NaN       NaN       NaN       NaN     8.312     1.524     0.002     0.002       NaN       NaN       NaN       NaN    57.820    57.815     0.101       NaN       NaN     7.902
 121.1145833     1.250     0.014     0.062     0.001     0.061       NaN       NaN       NaN       NaN       NaN       NaN       NaN       NaN     8.190     1.461     0.002     0.002       NaN       NaN       NaN       NaN    57.169    57.167     0.086       NaN       NaN     9.275
 121.1145833     0.750     0.013     0.036     0.000     0.035       NaN       NaN       NaN       NaN       NaN       NaN       NaN       NaN     8.056     1.412     0.002     0.002       NaN       NaN       NaN       NaN    56.758    56.757     0.073       NaN       NaN    10.885
 121.1145833     0.250     0.000     0.000     0.000     0.000  -999.000  -999.000  -999.000  -999.000  -999.000  -999.000  -999.000  -999.000  -999.000  -999.000  -999.000  -999.000  -999.000  -999.000  -999.000  -999.000  -999.000  -999.000     0.063       NaN       NaN    12.775
 121.1354167    22.750     0.000     0.000     0.000     0.000  -999.000  -999.000  -999.000  -999.000  -999.000  -999.000  -999.000  -999.000  -999.000  -999.000  -999.000  -999.000  -999.000  -999.000  -999.000  -999.000  -999.000  -999.000     3.898       NaN       NaN     0.150
 121.1354167    22.250     0.000     0.000     0.000     0.000  -999.000  -999.000  -999.000  -999.000  -999.000  -999.000  -999.000  -999.000  -999.000  -999.000  -999.000  -999.000  -999.000  -999.000  -999.000  -999.000  -999.000  -999.000     3.833       NaN       NaN     0.302
 121.1354167    21.750     0.000     0.000     0.000     0.000  -999.000  -999.000  -999.000  -999.000  -999.000  -999.000  -999.000  -999.000  -999.000  -999.000  -999.000  -999.000  -999.000  -999.000  -999.000  -999.000  -999.000  -999.000     3.767       NaN       NaN     0.306
 121.1354167    21.250     0.000     0.000     0.000     0.000  -999.000  -999.000  -999.000  -999.000  -999.000  -999.000  -999.000  -999.000  -999.000  -999.000  -999.000  -999.000  -999.000  -999.000  -999.000  -999.000  -999.000  -999.000     3.700       NaN       NaN     0.311
 121.1354167    20.750     0.000     0.000     0.000     0.000  -999.000  -999.000  -999.000  -999.000  -999.000  -999.000  -999.000  -999.000  -999.000  -999.000  -999.000  -999.000  -999.000  -999.000  -999.000  -999.000  -999.000  -999.000     3.631       NaN       NaN     0.315
 121.1354167    20.250     0.000     0.000     0.000     0.000  -999.000  -999.000  -999.000  -999.000  -999.000  -999.000  -999.000  -999.000  -999.000  -999.000  -999.000  -999.000  -999.000  -999.000  -999.000  -999.000  -999.000  -999.000     3.561       NaN       NaN     0.319
 121.1354167    19.750     0.000     0.000     0.000     0.000  -999.000  -999.000  -999.000  -999.000  -999.000  -999.000  -999.000  -999.000  -999.000  -999.000  -999.000  -999.000  -999.000  -999.000  -999.000  -999.000  -999.000  -999.000     3.490       NaN       NaN     0.324
 121.1354167    19.250     0.000     0.000     0.000     0.000  -999.000  -999.000  -999.000  -999.000  -999.000  -999.000  -999.000  -999.000  -999.000  -999.000  -999.000  -999.000  -999.000  -999.000  -999.000  -999.000  -999.000  -999.000     3.417       NaN       NaN     0.329
 121.1354167    18.750     0.000     0.000     0.000     0.000  -999.000  -999.000  -999.000  -999.000  -999.000  -999.000  -999.000  -999.000  -999.000  -999.000  -999.000  -999.000  -999.000  -999.000  -999.000  -999.000  -999.000  -999.000     3.343       NaN       NaN     0.334
 121.1354167    18.250     0.000     0.000     0.000     0.000  -999.000  -999.000  -999.000  -999.000  -999.000  -999.000  -999.000  -999.000  -999.000  -999.000  -999.000  -999.000  -999.000  -999.000  -999.000  -999.000  -999.000  -999.000     3.267       NaN       NaN     0.340
 121.1354167    17.750     0.000     0.000     0.000     0.000  -999.000  -999.000  -999.000  -999.000  -999.000  -999.000  -999.000  -999.000  -999.000  -999.000  -999.000  -999.000  -999.000  -999.000  -999.000  -999.000  -999.000  -999.000     3.189       NaN       NaN     0.346
 121.1354167    17.250     0.000     0.000     0.000     0.000  -999.000  -999.000  -999.000  -999.000  -999.000  -999.000  -999.000  -999.000  -999.000  -999.000  -999.000  -999.000  -999.000  -999.000  -999.000  -999.000  -999.000  -999.000     3.109       NaN       NaN     0.352
 121.1354167    16.750     0.000     0.000     0.000     0.000  -999.000  -999.000  -999.000  -999.000  -999.000  -999.000  -999.000  -999.000  -999.000  -999.000  -999.000  -999.000  -999.000  -999.000  -999.000  -999.000  -999.000  -999.000     3.027       NaN       NaN     0.358
 121.1354167    16.250     0.000     0.000     0.000     0.000  -999.000  -999.000  -999.000  -999.000  -999.000  -999.000  -999.000  -999.000  -999.000  -999.000  -999.000  -999.000  -999.000  -999.000  -999.000  -999.000  -999.000  -999.000     2.943       NaN       NaN     0.365
 121.1354167    15.750     0.000     0.000     0.000     0.000  -999.000  -999.000  -999.000  -999.000  -999.000  -999.000  -999.000  -999.000  -999.000  -999.000  -999.000  -999.000  -999.000  -999.000  -999.000  -999.000  -999.000  -999.000     2.856       NaN       NaN     0.373
 121.1354167    15.250     0.000     0.000     0.000     0.000  -999.000  -999.000  -999.000  -999.000  -999.000  -999.000  -999.000  -999.000  -999.000  -999.000  -999.000  -999.000  -999.000  -999.000  -999.000  -999.000  -999.000  -999.000     2.766       NaN       NaN     0.381
 121.1354167    14.750     0.000     0.000     0.000     0.000  -999.000  -999.000  -999.000  -999.000  -999.000  -999.000  -999.000  -999.000  -999.000  -999.000  -999.000  -999.000  -999.000  -999.000  -999.000  -999.000  -999.000  -999.000     2.672       NaN       NaN     0.389
 121.1354167    14.250     0.000     0.000     0.000     0.000  -999.000  -999.000  -999.000  -999.000  -999.000  -999.000  -999.000  -999.000  -999.000  -999.000  -999.000  -999.000  -999.000  -999.000  -999.000  -999.000  -999.000  -999.000     2.575       NaN       NaN     0.399
 121.1354167    13.750     0.000     0.000     0.000     0.000  -999.000  -999.000  -999.000  -999.000  -999.000  -999.000  -999.000  -999.000  -999.000  -999.000  -999.000  -999.000  -999.000  -999.000  -999.000  -999.000  -999.000  -999.000     2.473       NaN       NaN     0.410
 121.1354167    13.250     0.000     0.000     0.000     0.000  -999.000  -999.000  -999.000  -999.000  -999.000  -999.000  -999.000  -999.000  -999.000  -999.000  -999.000  -999.000  -999.000  -999.000  -999.000  -999.000  -999.000  -999.000     2.367       NaN       NaN     0.421
 121.1354167    12.750     0.000     0.000     0.000     0.000  -999.000  -999.000  -999.000  -999.000  -999.000  -999.000  -999.000  -999.000  -999.000  -999.000  -999.000  -999.000  -999.000  -999.000  -999.000  -999.000  -999.000  -999.000     2.254       NaN       NaN     0.435
 121.1354167    12.250     0.000     0.000     0.000     0.000  -999.000  -999.000  -999.000  -999.000  -999.000  -999.000  -999.000  -999.000  -999.000  -999.000  -999.000  -999.000  -999.000  -999.000  -999.000  -999.000  -999.000  -999.000     2.133       NaN       NaN     0.451
 121.1354167    11.750     0.000     0.000     0.000     0.000  -999.000  -999.000  -999.000  -999.000  -999.000  -999.000  -999.000  -999.000  -999.000  -999.000  -999.000  -999.000  -999.000  -999.000  -999.000  -999.000  -999.000  -999.000     2.002       NaN       NaN     0.470
 121.1354167    11.250     0.000     0.000     0.000     0.000  -999.000  -999.000  -999.000  -999.000  -999.000  -999.000  -999.000  -999.000  -999.000  -999.000  -999.000  -999.000  -999.000  -999.000  -999.000  -999.000  -999.000  -999.000     1.859       NaN       NaN     0.494
 121.1354167    10.750     0.000     0.000     0.000     0.000  -999.000  -999.000  -999.000  -999.000  -999.000  -999.000  -999.000  -999.000  -999.000  -999.000  -999.000  -999.000  -999.000  -999.000  -999.000  -999.000  -999.000  -999.000     1.700       NaN       NaN     0.523
 121.1354167    10.250     0.000     0.000     0.000     0.000  -999.000  -999.000  -999.000  -999.000  -999.000  -999.000  -999.000  -999.000  -999.000  -999.000  -999.000  -999.000  -999.000  -999.000  -999.000  -999.000  -999.000  -999.000     1.514       NaN       NaN     0.566
 121.1354167     9.750     0.581     0.304     0.177     0.127       NaN       NaN       NaN       NaN       NaN       NaN       NaN       NaN     0.000     0.000     0.002     0.002       NaN       NaN       NaN       NaN   122.789   121.512     1.299       NaN       NaN     0.642
 121.1354167     9.250     0.147     0.413     0.061     0.352       NaN       NaN       NaN       NaN       NaN       NaN       NaN       NaN     0.000     0.000     0.002     0.002       NaN       NaN       NaN       NaN   116.918   115.838     1.107       NaN       NaN     0.745
 121.1354167     8.750     0.027     0.446     0.012     0.434       NaN       NaN       NaN       NaN       NaN       NaN       NaN       NaN     0.000     0.000     0.002     0.002       NaN       NaN       NaN       NaN   109.915   108.886     0.943       NaN       NaN     0.874
 121.1354167     8.250     0.005     0.454     0.002     0.452       NaN       NaN       NaN       NaN       NaN       NaN       NaN       NaN     0.000     0.000     0.002     0.002       NaN       NaN       NaN       NaN   102.927   101.954     0.803       NaN       NaN     1.026
 121.1354167     7.750     0.001     0.448     0.000     0.447       NaN       NaN       NaN       NaN       NaN       NaN       NaN       NaN     0.000     0.000     0.002     0.002       NaN       NaN       NaN       NaN    96.318    95.434     0.685       NaN       NaN     1.205
 121.1354167     7.250     0.000     0.432     0.000     0.432       NaN       NaN       NaN       NaN       NaN       NaN       NaN       NaN     0.000     0.000     0.002     0.002       NaN       NaN       NaN       NaN    90.243    89.468     0.583       NaN       NaN     1.414
 121.1354167     6.750     0.000     0.411     0.000     0.411       NaN       NaN       NaN       NaN       NaN       NaN       NaN       NaN     0.000     0.000     0.002     0.002       NaN       NaN       NaN       NaN    84.761    84.100     0.497       NaN       NaN     1.659
 121.1354167     6.250     0.000     0.385     0.000     0.385       NaN       NaN       NaN       NaN       NaN       NaN       NaN       NaN     0.000     0.000     0.002     0.002       NaN       NaN       NaN       NaN    79.879    79.329     0.423       NaN       NaN     1.947
 121.1354167     5.750     0.000     0.356     0.000     0.356       NaN       NaN       NaN       NaN       NaN       NaN       NaN       NaN     0.000     0.000     0.002     0.002       NaN       NaN       NaN       NaN    75.580    75.133     0.361       NaN       NaN     2.285
 121.1354167     5.250     0.000     0.324     0.000     0.324       NaN       NaN       NaN       NaN       NaN       NaN       NaN       NaN     0.000     0.000     0.002     0.002       NaN       NaN       NaN       NaN    71.831    71.476     0.307       NaN       NaN     2.682
 121.1354167     4.750     0.000     0.291     0.000     0.291       NaN       NaN       NaN       NaN       NaN       NaN       NaN       NaN     0.000     0.000     0.002     0.002       NaN       NaN       NaN       NaN    68.595    68.320     0.262       NaN       NaN     3.148
 121.1354167     4.250     0.000     0.257     0.000     0.257       NaN       NaN       NaN       NaN       NaN       NaN       NaN       NaN     0.000     0.000     0.002     0.002       NaN       NaN       NaN       NaN    65.833    65.626     0.223       NaN       NaN     3.694
 121.1354167     3.750     0.000     0.223     0.000     0.223       NaN       NaN       NaN       NaN       NaN       NaN       NaN       NaN     0.000     0.000     0.002     0.002       NaN       NaN       NaN       NaN    63.505    63.354     0.190       NaN       NaN     4.336
 121.1354167     3.250     0.000     0.189     0.000     0.189       NaN       NaN       NaN       NaN       NaN       NaN       NaN       NaN     0.000     0.000     0.002     0.002       NaN       NaN       NaN       NaN    61.575    61.469     0.162       NaN       NaN     5.089
 121.1354167     2.750     0.000     0.155     0.000     0.155       NaN       NaN       NaN       NaN       NaN       NaN       NaN       NaN     0.000     0.000     0.002     0.002       NaN       NaN       NaN       NaN    60.008    59.938     0.138       NaN       NaN     5.972
 121.1354167     2.250     0.000     0.122     0.000     0.122       NaN       NaN       NaN       NaN       NaN       NaN       NaN       NaN     0.000     0.000     0.002     0.002       NaN       NaN       NaN       NaN    58.773    58.730     0.118       NaN       NaN     7.009
 121.1354167     1.750     0.000     0.091     0.000     0.091       NaN       NaN       NaN       NaN       NaN       NaN       NaN       NaN     0.000     0.000     0.002     0.002       NaN       NaN       NaN       NaN    57.839    57.815     0.100       NaN       NaN     8.226
 121.1354167     1.250     0.000     0.062     0.000     0.062       NaN       NaN       NaN       NaN       NaN       NaN       NaN       NaN     0.000     0.000     0.002     0.002       NaN       NaN       NaN       NaN    57.178    57.167     0.085       NaN       NaN     9.655
 121.1354167     0.750     0.000     0.036     0.000     0.036       NaN       NaN       NaN       NaN       NaN       NaN       NaN       NaN     0.000     0.000     0.002     0.002       NaN       NaN       NaN       NaN    56.761    56.757     0.073       NaN       NaN    11.331
 121.1354167     0.250     0.000     0.000     0.000     0.000  -999.000  -999.000  -999.000  -999.000  -999.000  -999.000  -999.000  -999.000  -999.000  -999.000  -999.000  -999.000  -999.000  -999.000  -999.000  -999.000  -999.000  -999.000     0.062       NaN       NaN    13.299
 121.1562500    22.750     0.000     0.000     0.000     0.000  -999.000  -999.000  -999.000  -999.000  -999.000  -999.000  -999.000  -999.000  -999.000  -999.000  -999.000  -999.000  -999.000  -999.000  -999.000  -999.000  -999.000  -999.000     3.943       NaN       NaN     0.149
 121.1562500    22.250     0.000     0.000     0.000     0.000  -999.000  -999.000  -999.000  -999.000  -999.000  -999.000  -999.000  -999.000  -999.000  -999.000  -999.000  -999.000  -999.000  -999.000  -999.000  -999.000  -999.000  -999.000     3.877       NaN       NaN     0.300
 121.1562500    21.750     0.000     0.000     0.000     0.000  -999.000  -999.000  -999.000  -999.000  -999.000  -999.000  -999.000  -999.000  -999.000  -999.000  -999.000  -999.000  -999.000  -999.000  -999.000  -999.000  -999.000  -999.000     3.810       NaN       NaN     0.304
 121.1562500    21.250     0.000     0.000     0.000     0.000  -999.000  -999.000  -999.000  -999.000  -999.000  -999.000  -999.000  -999.000  -999.000  -999.000  -999.000  -999.000  -999.000  -999.000  -999.000  -999.000  -999.000  -999.000     3.742       NaN       NaN     0.309
 121.1562500    20.750     0.000     0.000     0.000     0.000  -999.000  -999.000  -999.000  -999.000  -999.000  -999.000  -999.000  -999.000  -999.000  -999.000  -999.000  -999.000  -999.000  -999.000  -999.000  -999.000  -999.000  -999.000     3.672       NaN       NaN     0.313
 121.1562500    20.250     0.000     0.000     0.000     0.000  -999.000  -999.000  -999.000  -999.000  -999.000  -999.000  -999.000  -999.000  -999.000  -999.000  -999.000  -999.000  -999.000  -999.000  -999.000  -999.000  -999.000  -999.000     3.601       NaN       NaN     0.317
 121.1562500    19.750     0.000     0.000     0.000     0.000  -999.000  -999.000  -999.000  -999.000  -999.000  -999.000  -999.000  -999.000  -999.000  -999.000  -999.000  -999.000  -999.000  -999.000  -999.000  -999.000  -999.000  -999.000     3.529       NaN       NaN     0.322
 121.1562500    19.250     0.000     0.000     0.000     0.000  -999.000  -999.000  -999.000  -999.000  -999.000  -999.000  -999.000  -999.000  -999.000  -999.000  -999.000  -999.000  -999.000  -999.000  -999.000  -999.000  -999.000  -999.000     3.456       NaN       NaN     0.327
 121.1562500    18.750     0.000     0.000     0.000     0.000  -999.000  -999.000  -999.000  -999.000  -999.000  -999.000  -999.000  -999.000  -999.000  -999.000  -999.000  -999.000  -999.000  -999.000  -999.000  -999.000  -999.000  -999.000     3.381       NaN       NaN     0.332
 121.1562500    18.250     0.000     0.000     0.000     0.000  -999.000  -999.000  -999.000  -999.000  -999.000  -999.000  -999.000  -999.000  -999.000  -999.000  -999.000  -999.000  -999.000  -999.000  -999.000  -999.000  -999.000  -999.000     3.304       NaN       NaN     0.338
 121.1562500    17.750     0.000     0.000     0.000     0.000  -999.000  -999.000  -999.000  -999.000  -999.000  -999.000  -999.000  -999.000  -999.000  -999.000  -999.000  -999.000  -999.000  -999.000  -999.000  -999.000  -999.000  -999.000     3.225       NaN       NaN     0.343
 121.1562500    17.250     0.000     0.000     0.000     0.000  -999.000  -999.000  -999.000  -999.000  -999.000  -999.000  -999.000  -999.000  -999.000  -999.000  -999.000  -999.000  -999.000  -999.000  -999.000  -999.000  -999.000  -999.000     3.145       NaN       NaN     0.350
 121.1562500    16.750     0.000     0.000     0.000     0.000  -999.000  -999.000  -999.000  -999.000  -999.000  -999.000  -999.000  -999.000  -999.000  -999.000  -999.000  -999.000  -999.000  -999.000  -999.000  -999.000  -999.000  -999.000     3.062       NaN       NaN     0.356
 121.1562500    16.250     0.000     0.000     0.000     0.000  -999.000  -999.000  -999.000  -999.000  -999.000  -999.000  -999.000  -999.000  -999.000  -999.000  -999.000  -999.000  -999.000  -999.000  -999.000  -999.000  -999.000  -999.000     2.976       NaN       NaN     0.363
 121.1562500    15.750     0.000     0.000     0.000     0.000  -999.000  -999.000  -999.000  -999.000  -999.000  -999.000  -999.000  -999.000  -999.000  -999.000  -999.000  -999.000  -999.000  -999.000  -999.000  -999.000  -999.000  -999.000     2.888       NaN       NaN     0.370
 121.1562500    15.250     0.000     0.000     0.000     0.000  -999.000  -999.000  -999.000  -999.000  -999.000  -999.000  -999.000  -999.000  -999.000  -999.000  -999.000  -999.000  -999.000  -999.000  -999.000  -999.000  -999.000  -999.000     2.797       NaN       NaN     0.378
 121.1562500    14.750     0.000     0.000     0.000     0.000  -999.000  -999.000  -999.000  -999.000  -999.000  -999.000  -999.000  -999.000  -999.000  -999.000  -999.000  -999.000  -999.000  -999.000  -999.000  -999.000  -999.000  -999.000     2.703       NaN       NaN     0.387
 121.1562500    14.250     0.000     0.000     0.000     0.000  -999.000  -999.000  -999.000  -999.000  -999.000  -999.000  -999.000  -999.000  -999.000  -999.000  -999.000  -999.000  -999.000  -999.000  -999.000  -999.000  -999.000  -999.000     2.604       NaN       NaN     0.396
 121.1562500    13.750     0.000     0.000     0.000     0.000  -999.000  -999.000  -999.000  -999.000  -999.000  -999.000  -999.000  -999.000  -999.000  -999.000  -999.000  -999.000  -999.000  -999.000  -999.000  -999.000  -999.000  -999.000     2.502       NaN       NaN     0.407
 121.1562500    13.250     0.000     0.000     0.000     0.000  -999.000  -999.000  -999.000  -999.000  -999.000  -999.000  -999.000  -999.000  -999.000  -999.000  -999.000  -999.000  -999.000  -999.000  -999.000  -999.000  -999.000  -999.000     2.393       NaN       NaN     0.419
 121.1562500    12.750     0.000     0.000     0.000     0.000  -999.000  -999.000  -999.000  -999.000  -999.000  -999.000  -999.000  -999.000  -999.000  -999.000  -999.000  -999.000  -999.000  -999.000  -999.000  -999.000  -999.000  -999.000     2.279       NaN       NaN     0.432
 121.1562500    12.250     0.000     0.000     0.000     0.000  -999.000  -999.000  -999.000  -999.000  -999.000  -999.000  -999.000  -999.000  -999.000  -999.000  -999.000  -999.000  -999.000  -999.000  -999.000  -999.000  -999.000  -999.000     2.157       NaN       NaN     0.448
 121.1562500    11.750     0.000     0.000     0.000     0.000  -999.000  -999.000  -999.000  -999.000  -999.000  -999.000  -999.000  -999.000  -999.000  -999.000  -999.000  -999.000  -999.000  -999.000  -999.000  -999.000  -999.000  -999.000     2.025       NaN       NaN     0.467
 121.1562500    11.250     0.000     0.000     0.000     0.000  -999.000  -999.000  -999.000  -999.000  -999.000  -999.000  -999.000  -999.000  -999.000  -999.000  -999.000  -999.000  -999.000  -999.000  -999.000  -999.000  -999.000  -999.000     1.881       NaN       NaN     0.491
 121.1562500    10.750     0.000     0.000     0.000     0.000  -999.000  -999.000  -999.000  -999.000  -999.000  -999.000  -999.000  -999.000  -999.000  -999.000  -999.000  -999.000  -999.000  -999.000  -999.000  -999.000  -999.000  -999.000     1.719       NaN       NaN     0.520
 121.1562500    10.250     0.000     0.000     0.000     0.000  -999.000  -999.000  -999.000  -999.000  -999.000  -999.000  -999.000  -999.000  -999.000  -999.000  -999.000  -999.000  -999.000  -999.000  -999.000  -999.000  -999.000  -999.000     1.532       NaN       NaN     0.562
 121.1562500     9.750     0.581     0.304     0.177     0.127       NaN       NaN       NaN       NaN       NaN       NaN       NaN       NaN     0.000     0.000     0.002     0.002       NaN       NaN       NaN       NaN   122.789   121.512     1.314       NaN       NaN     0.638
 121.1562500     9.250     0.147     0.413     0.061     0.352       NaN       NaN       NaN       NaN       NaN       NaN       NaN       NaN     0.000     0.000     0.002     0.002       NaN       NaN       NaN       NaN   116.918   115.838     1.119       NaN       NaN     0.740
 121.1562500     8.750     0.027     0.446     0.012     0.434       NaN       NaN       NaN       NaN       NaN       NaN       NaN       NaN     0.000     0.000     0.002     0.002       NaN       NaN       NaN       NaN   109.915   108.886     0.954       NaN       NaN     0.869
 121.1562500     8.250     0.005     0.454     0.002     0.452       NaN       NaN       NaN       NaN       NaN       NaN       NaN       NaN     0.000     0.000     0.002     0.002       NaN       NaN       NaN       NaN   102.927   101.954     0.813       NaN       NaN     1.020
 121.1562500     7.750     0.001     0.448     0.000     0.447       NaN       NaN       NaN       NaN       NaN       NaN       NaN       NaN     0.000     0.000     0.002     0.002       NaN       NaN       NaN       NaN    96.318    95.434     0.692       NaN       NaN     1.197
 121.1562500     7.250     0.000     0.432     0.000     0.432       NaN       NaN       NaN       NaN       NaN       NaN       NaN       NaN     0.000     0.000     0.002     0.002       NaN       NaN       NaN       NaN    90.243    89.468     0.590       NaN       NaN     1.404
 121.1562500     6.750     0.000     0.411     0.000     0.411       NaN       NaN       NaN       NaN       NaN       NaN       NaN       NaN     0.000     0.000     0.002     0.002       NaN       NaN       NaN       NaN    84.761    84.100     0.503       NaN       NaN     1.648
 121.1562500     6.250     0.000     0.385     0.000     0.385       NaN       NaN       NaN       NaN       NaN       NaN       NaN       NaN     0.000     0.000     0.002     0.002       NaN       NaN       NaN       NaN    79.879    79.329     0.428       NaN       NaN     1.935
 121.1562500     5.750     0.000     0.356     0.000     0.356       NaN       NaN       NaN       NaN       NaN       NaN       NaN       NaN     0.000     0.000     0.002     0.002       NaN       NaN       NaN       NaN    75.580    75.133     0.365       NaN       NaN     2.270
 121.1562500     5.250     0.000     0.324     0.000     0.324       NaN       NaN       NaN       NaN       NaN       NaN       NaN       NaN     0.000     0.000     0.002     0.002       NaN       NaN       NaN       NaN    71.831    71.476     0.311       NaN       NaN     2.665
 121.1562500     4.750     0.000     0.291     0.000     0.291       NaN       NaN       NaN       NaN       NaN       NaN       NaN       NaN     0.000     0.000     0.002     0.002       NaN       NaN       NaN       NaN    68.595    68.320     0.265       NaN       NaN     3.127
 121.1562500     4.250     0.000     0.257     0.000     0.257       NaN       NaN       NaN       NaN       NaN       NaN       NaN       NaN     0.000     0.000     0.002     0.002       NaN       NaN       NaN       NaN    65.833    65.626     0.226       NaN       NaN     3.670
 121.1562500     3.750     0.000     0.223     0.000     0.223       NaN       NaN       NaN       NaN       NaN       NaN       NaN       NaN     0.000     0.000     0.002     0.002       NaN       NaN       NaN       NaN    63.505    63.354     0.192       NaN       NaN     4.308
 121.1562500     3.250     0.000     0.189     0.000     0.189       NaN       NaN       NaN       NaN       NaN       NaN       NaN       NaN     0.000     0.000     0.002     0.002       NaN       NaN       NaN       NaN    61.575    61.469     0.164       NaN       NaN     5.056
 121.1562500     2.750     0.000     0.155     0.000     0.155       NaN       NaN       NaN       NaN       NaN       NaN       NaN       NaN     0.000     0.000     0.002     0.002       NaN       NaN       NaN       NaN    60.008    59.938     0.140       NaN       NaN     5.933
 121.1562500     2.250     0.000     0.122     0.000     0.122       NaN       NaN       NaN       NaN       NaN       NaN       NaN       NaN     0.000     0.000     0.002     0.002       NaN       NaN       NaN       NaN    58.773    58.730     0.119       NaN       NaN     6.964
 121.1562500     1.750     0.000     0.091     0.000     0.091       NaN       NaN       NaN       NaN       NaN       NaN       NaN       NaN     0.000     0.000     0.002     0.002       NaN       NaN       NaN       NaN    57.839    57.815     0.101       NaN       NaN     8.173
 121.1562500     1.250     0.000     0.062     0.000     0.062       NaN       NaN       NaN       NaN       NaN       NaN       NaN       NaN     0.000     0.000     0.002     0.002       NaN       NaN       NaN       NaN    57.178    57.167     0.086       NaN       NaN     9.592
 121.1562500     0.750     0.000     0.036     0.000     0.036       NaN       NaN       NaN       NaN       NaN       NaN       NaN       NaN     0.000     0.000     0.002     0.002       NaN       NaN       NaN       NaN    56.761    56.757     0.074       NaN       NaN    11.257
 121.1562500     0.250     0.000     0.000     0.000     0.000  -999.000  -999.000  -999.000  -999.000  -999.000  -999.000  -999.000  -999.000  -999.000  -999.000  -999.000  -999.000  -999.000  -999.000  -999.000  -999.000  -999.000  -999.000     0.063       NaN       NaN    13.212
 121.1770833    22.750     0.000     0.000     0.000     0.000  -999.000  -999.000  -999.000  -999.000  -999.000  -999.000  -999.000  -999.000  -999.000  -999.000  -999.000  -999.000  -999.000  -999.000  -999.000  -999.000  -999.000  -999.000     3.995       NaN       NaN     0.147
 121.1770833    22.250     0.000     0.000     0.000     0.000  -999.000  -999.000  -999.000  -999.000  -999.000  -999.000  -999.000  -999.000  -999.000  -999.000  -999.000  -999.000  -999.000  -999.000  -999.000  -999.000  -999.000  -999.000     3.928       NaN       NaN     0.297
 121.1770833    21.750     0.000     0.000     0.000     0.000  -999.000  -999.000  -999.000  -999.000  -999.000  -999.000  -999.000  -999.000  -999.000  -999.000  -999.000  -999.000  -999.000  -999.000  -999.000  -999.000  -999.000  -999.000     3.860       NaN       NaN     0.301
 121.1770833    21.250     0.000     0.000     0.000     0.000  -999.000  -999.000  -999.000  -999.000  -999.000  -999.000  -999.000  -999.000  -999.000  -999.000  -999.000  -999.000  -999.000  -999.000  -999.000  -999.000  -999.000  -999.000     3.791       NaN       NaN     0.306
 121.1770833    20.750     0.000     0.000     0.000     0.000  -999.000  -999.000  -999.000  -999.000  -999.000  -999.000  -999.000  -999.000  -999.000  -999.000  -999.000  -999.000  -999.000  -999.000  -999.000  -999.000  -999.000  -999.000     3.721       NaN       NaN     0.310
 121.1770833    20.250     0.000     0.000     0.000     0.000  -999.000  -999.000  -999.000  -999.000  -999.000  -999.000  -999.000  -999.000  -999.000  -999.000  -999.000  -999.000  -999.000  -999.000  -999.000  -999.000  -999.000  -999.000     3.649       NaN       NaN     0.314
 121.1770833    19.750     0.000     0.000     0.000     0.000  -999.000  -999.000  -999.000  -999.000  -999.000  -999.000  -999.000  -999.000  -999.000  -999.000  -999.000  -999.000  -999.000  -999.000  -999.000  -999.000  -999.000  -999.000     3.576       NaN       NaN     0.319
 121.1770833    19.250     0.000     0.000     0.000     0.000  -999.000  -999.000  -999.000  -999.000  -999.000  -999.000  -999.000  -999.000  -999.000  -999.000  -999.000  -999.000  -999.000  -999.000  -999.000  -999.000  -999.000  -999.000     3.502       NaN       NaN     0.324
 121.1770833    18.750     0.000     0.000     0.000     0.000  -999.000  -999.000  -999.000  -999.000  -999.000  -999.000  -999.000  -999.000  -999.000  -999.000  -999.000  -999.000  -999.000  -999.000  -999.000  -999.000  -999.000  -999.000     3.426       NaN       NaN     0.329
 121.1770833    18.250     0.000     0.000     0.000     0.000  -999.000  -999.000  -999.000  -999.000  -999.000  -999.000  -999.000  -999.000  -999.000  -999.000  -999.000  -999.000  -999.000  -999.000  -999.000  -999.000  -999.000  -999.000     3.348       NaN       NaN     0.335
 121.1770833    17.750     0.000     0.000     0.000     0.000  -999.000  -999.000  -999.000  -999.000  -999.000  -999.000  -999.000  -999.000  -999.000  -999.000  -999.000  -999.000  -999.000  -999.000  -999.000  -999.000  -999.000  -999.000     3.268       NaN       NaN     0.340
 121.1770833    17.250     0.000     0.000     0.000     0.000  -999.000  -999.000  -999.000  -999.000  -999.000  -999.000  -999.000  -999.000  -999.000  -999.000  -999.000  -999.000  -999.000  -999.000  -999.000  -999.000  -999.000  -999.000     3.186       NaN       NaN     0.346
 121.1770833    16.750     0.000     0.000     0.000     0.000  -999.000  -999.000  -999.000  -999.000  -999.000  -999.000  -999.000  -999.000  -999.000  -999.000  -999.000  -999.000  -999.000  -999.000  -999.000  -999.000  -999.000  -999.000     3.102       NaN       NaN     0.353
 121.1770833    16.250     0.000     0.000     0.000     0.000  -999.000  -999.000  -999.000  -999.000  -999.000  -999.000  -999.000  -999.000  -999.000  -999.000  -999.000  -999.000  -999.000  -999.000  -999.000  -999.000  -999.000  -999.000     3.016       NaN       NaN     0.360
 121.1770833    15.750     0.000     0.000     0.000     0.000  -999.000  -999.000  -999.000  -999.000  -999.000  -999.000  -999.000  -999.000  -999.000  -999.000  -999.000  -999.000  -999.000  -999.000  -999.000  -999.000  -999.000  -999.000     2.927       NaN       NaN     0.367
 121.1770833    15.250     0.000     0.000     0.000     0.000  -999.000  -999.000  -999.000  -999.000  -999.000  -999.000  -999.000  -999.000  -999.000  -999.000  -999.000  -999.000  -999.000  -999.000  -999.000  -999.000  -999.000  -999.000     2.834       NaN       NaN     0.375
 121.1770833    14.750     0.000     0.000     0.000     0.000  -999.000  -999.000  -999.000  -999.000  -999.000  -999.000  -999.000  -999.000  -999.000  -999.000  -999.000  -999.000  -999.000  -999.000  -999.000  -999.000  -999.000  -999.000     2.739       NaN       NaN     0.383
 121.1770833    14.250     0.000     0.000     0.000     0.000  -999.000  -999.000  -999.000  -999.000  -999.000  -999.000  -999.000  -999.000  -999.000  -999.000  -999.000  -999.000  -999.000  -999.000  -999.000  -999.000  -999.000  -999.000     2.639       NaN       NaN     0.393
 121.1770833    13.750     0.000     0.000     0.000     0.000  -999.000  -999.000  -999.000  -999.000  -999.000  -999.000  -999.000  -999.000  -999.000  -999.000  -999.000  -999.000  -999.000  -999.000  -999.000  -999.000  -999.000  -999.000     2.535       NaN       NaN     0.403
 121.1770833    13.250     0.000     0.000     0.000     0.000  -999.000  -999.000  -999.000  -999.000  -999.000  -999.000  -999.000  -999.000  -999.000  -999.000  -999.000  -999.000  -999.000  -999.000  -999.000  -999.000  -999.000  -999.000     2.425       NaN       NaN     0.415
 121.1770833    12.750     0.000     0.000     0.000     0.000  -999.000  -999.000  -999.000  -999.000  -999.000  -999.000  -999.000  -999.000  -999.000  -999.000  -999.000  -999.000  -999.000  -999.000  -999.000  -999.000  -999.000  -999.000     2.309       NaN       NaN     0.428
 121.1770833    12.250     0.000     0.000     0.000     0.000  -999.000  -999.000  -999.000  -999.000  -999.000  -999.000  -999.000  -999.000  -999.000  -999.000  -999.000  -999.000  -999.000  -999.000  -999.000  -999.000  -999.000  -999.000     2.186       NaN       NaN     0.443
 121.1770833    11.750     0.000     0.000     0.000     0.000  -999.000  -999.000  -999.000  -999.000  -999.000  -999.000  -999.000  -999.000  -999.000  -999.000  -999.000  -999.000  -999.000  -999.000  -999.000  -999.000  -999.000  -999.000     2.052       NaN       NaN     0.462
 121.1770833    11.250     0.000     0.000     0.000     0.000  -999.000  -999.000  -999.000  -999.000  -999.000  -999.000  -999.000  -999.000  -999.000  -999.000  -999.000  -999.000  -999.000  -999.000  -999.000  -999.000  -999.000  -999.000     1.906       NaN       NaN     0.486
 121.1770833    10.750     0.000     0.000     0.000     0.000  -999.000  -999.000  -999.000  -999.000  -999.000  -999.000  -999.000  -999.000  -999.000  -999.000  -999.000  -999.000  -999.000  -999.000  -999.000  -999.000  -999.000  -999.000     1.742       NaN       NaN     0.515
 121.1770833    10.250     0.000     0.000     0.000     0.000  -999.000  -999.000  -999.000  -999.000  -999.000  -999.000  -999.000  -999.000  -999.000  -999.000  -999.000  -999.000  -999.000  -999.000  -999.000  -999.000  -999.000  -999.000     1.552       NaN       NaN     0.557
 121.1770833     9.750     0.581     0.304     0.177     0.127       NaN       NaN       NaN       NaN       NaN       NaN       NaN       NaN     0.000     0.000     0.002     0.002       NaN       NaN       NaN       NaN   122.789   121.512     1.331       NaN       NaN     0.632
 121.1770833     9.250     0.147     0.413     0.061     0.352       NaN       NaN       NaN       NaN       NaN       NaN       NaN       NaN     0.000     0.000     0.002     0.002       NaN       NaN       NaN       NaN   116.918   115.838     1.134       NaN       NaN     0.733
 121.1770833     8.750     0.027     0.446     0.012     0.434       NaN       NaN       NaN       NaN       NaN       NaN       NaN       NaN     0.000     0.000     0.002     0.002       NaN       NaN       NaN       NaN   109.915   108.886     0.966       NaN       NaN     0.861
 121.1770833     8.250     0.005     0.454     0.002     0.452       NaN       NaN       NaN       NaN       NaN       NaN       NaN       NaN     0.000     0.000     0.002     0.002       NaN       NaN       NaN       NaN   102.927   101.954     0.823       NaN       NaN     1.010
 121.1770833     7.750     0.001     0.448     0.000     0.447       NaN       NaN       NaN       NaN       NaN       NaN       NaN       NaN     0.000     0.000     0.002     0.002       NaN       NaN       NaN       NaN    96.318    95.434     0.702       NaN       NaN     1.185
 121.1770833     7.250     0.000     0.432     0.000     0.432       NaN       NaN       NaN       NaN       NaN       NaN       NaN       NaN     0.000     0.000     0.002     0.002       NaN       NaN       NaN       NaN    90.243    89.468     0.598       NaN       NaN     1.391
 121.1770833     6.750     0.000     0.411     0.000     0.411       NaN       NaN       NaN       NaN       NaN       NaN       NaN       NaN     0.000     0.000     0.002     0.002       NaN       NaN       NaN       NaN    84.761    84.100     0.509       NaN       NaN     1.633
 121.1770833     6.250     0.000     0.385     0.000     0.385       NaN       NaN       NaN       NaN       NaN       NaN       NaN       NaN     0.000     0.000     0.002     0.002       NaN       NaN       NaN       NaN    79.879    79.329     0.434       NaN       NaN     1.916
 121.1770833     5.750     0.000     0.356     0.000     0.356       NaN       NaN       NaN       NaN       NaN       NaN       NaN       NaN     0.000     0.000     0.002     0.002       NaN       NaN       NaN       NaN    75.580    75.133     0.370       NaN       NaN     2.249
 121.1770833     5.250     0.000     0.324     0.000     0.324       NaN       NaN       NaN       NaN       NaN       NaN       NaN       NaN     0.000     0.000     0.002     0.002       NaN       NaN       NaN       NaN    71.831    71.476     0.315       NaN       NaN     2.639
 121.1770833     4.750     0.000     0.291     0.000     0.291       NaN       NaN       NaN       NaN       NaN       NaN       NaN       NaN     0.000     0.000     0.002     0.002       NaN       NaN       NaN       NaN    68.595    68.320     0.268       NaN       NaN     3.098
 121.1770833     4.250     0.000     0.257     0.000     0.257       NaN       NaN       NaN       NaN       NaN       NaN       NaN       NaN     0.000     0.000     0.002     0.002       NaN       NaN       NaN       NaN    65.833    65.626     0.229       NaN       NaN     3.636
 121.1770833     3.750     0.000     0.223     0.000     0.223       NaN       NaN       NaN       NaN       NaN       NaN       NaN       NaN     0.000     0.000     0.002     0.002       NaN       NaN       NaN       NaN    63.505    63.354     0.195       NaN       NaN     4.267
 121.1770833     3.250     0.000     0.189     0.000     0.189       NaN       NaN       NaN       NaN       NaN       NaN       NaN       NaN     0.000     0.000     0.002     0.002       NaN       NaN       NaN       NaN    61.575    61.469     0.166       NaN       NaN     5.008
 121.1770833     2.750     0.000     0.155     0.000     0.155       NaN       NaN       NaN       NaN       NaN       NaN       NaN       NaN     0.000     0.000     0.002     0.002       NaN       NaN       NaN       NaN    60.008    59.938     0.141       NaN       NaN     5.877
 121.1770833     2.250     0.000     0.122     0.000     0.122       NaN       NaN       NaN       NaN       NaN       NaN       NaN       NaN     0.000     0.000     0.002     0.002       NaN       NaN       NaN       NaN    58.773    58.730     0.121       NaN       NaN     6.898
 121.1770833     1.750     0.000     0.091     0.000     0.091       NaN       NaN       NaN       NaN       NaN       NaN       NaN       NaN     0.000     0.000     0.002     0.002       NaN       NaN       NaN       NaN    57.839    57.815     0.103       NaN       NaN     8.095
 121.1770833     1.250     0.000     0.062     0.000     0.062       NaN       NaN       NaN       NaN       NaN       NaN       NaN       NaN     0.000     0.000     0.002     0.002       NaN       NaN       NaN       NaN    57.178    57.167     0.088       NaN       NaN     9.501
 121.1770833     0.750     0.000     0.036     0.000     0.036       NaN       NaN       NaN       NaN       NaN       NaN       NaN       NaN     0.000     0.000     0.002     0.002       NaN       NaN       NaN       NaN    56.761    56.757     0.075       NaN       NaN    11.151
 121.1770833     0.250     0.000     0.000     0.000     0.000  -999.000  -999.000  -999.000  -999.000  -999.000  -999.000  -999.000  -999.000  -999.000  -999.000  -999.000  -999.000  -999.000  -999.000  -999.000  -999.000  -999.000  -999.000     0.064       NaN       NaN    13.087
 121.1979167    22.750     0.000     0.000     0.000     0.000  -999.000  -999.000  -999.000  -999.000  -999.000  -999.000  -999.000  -999.000  -999.000  -999.000  -999.000  -999.000  -999.000  -999.000  -999.000  -999.000  -999.000  -999.000     3.600       NaN       NaN     0.150
 121.1979167    22.250     0.000     0.000     0.000     0.000  -999.000  -999.000  -999.000  -999.000  -999.000  -999.000  -999.000  -999.000  -999.000  -999.000  -999.000  -999.000  -999.000  -999.000  -999.000  -999.000  -999.000  -999.000     3.540       NaN       NaN     0.302
 121.1979167    21.750     0.000     0.000     0.000     0.000  -999.000  -999.000  -999.000  -999.000  -999.000  -999.000  -999.000  -999.000  -999.000  -999.000  -999.000  -999.000  -999.000  -999.000  -999.000  -999.000  -999.000  -999.000     3.479       NaN       NaN     0.306
 121.1979167    21.250     0.000     0.000     0.000     0.000  -999.000  -999.000  -999.000  -999.000  -999.000  -999.000  -999.000  -999.000  -999.000  -999.000  -999.000  -999.000  -999.000  -999.000  -999.000  -999.000  -999.000  -999.000     3.417       NaN       NaN     0.311
 121.1979167    20.750     0.000     0.000     0.000     0.000  -999.000  -999.000  -999.000  -999.000  -999.000  -999.000  -999.000  -999.000  -999.000  -999.000  -999.000  -999.000  -999.000  -999.000  -999.000  -999.000  -999.000  -999.000     3.353       NaN       NaN     0.315
 121.1979167    20.250     0.000     0.000     0.000     0.000  -999.000  -999.000  -999.000  -999.000  -999.000  -999.000  -999.000  -999.000  -999.000  -999.000  -999.000  -999.000  -999.000  -999.000  -999.000  -999.000  -999.000  -999.000     3.289       NaN       NaN     0.319
 121.1979167    19.750     0.000     0.000     0.000     0.000  -999.000  -999.000  -999.000  -999.000  -999.000  -999.000  -999.000  -999.000  -999.000  -999.000  -999.000  -999.000  -999.000  -999.000  -999.000  -999.000  -999.000  -999.000     3.223       NaN       NaN     0.324
 121.1979167    19.250     0.000     0.000     0.000     0.000  -999.000  -999.000  -999.000  -999.000  -999.000  -999.000  -999.000  -999.000  -999.000  -999.000  -999.000  -999.000  -999.000  -999.000  -999.000  -999.000  -999.000  -999.000     3.156       NaN       NaN     0.329
 121.1979167    18.750     0.000     0.000     0.000     0.000  -999.000  -999.000  -999.000  -999.000  -999.000  -999.000  -999.000  -999.000  -999.000  -999.000  -999.000  -999.000  -999.000  -999.000  -999.000  -999.000  -999.000  -999.000     3.087       NaN       NaN     0.335
 121.1979167    18.250     0.000     0.000     0.000     0.000  -999.000  -999.000  -999.000  -999.000  -999.000  -999.000  -999.000  -999.000  -999.000  -999.000  -999.000  -999.000  -999.000  -999.000  -999.000  -999.000  -999.000  -999.000     3.017       NaN       NaN     0.340
 121.1979167    17.750     0.000     0.000     0.000     0.000  -999.000  -999.000  -999.000  -999.000  -999.000  -999.000  -999.000  -999.000  -999.000  -999.000  -999.000  -999.000  -999.000  -999.000  -999.000  -999.000  -999.000  -999.000     2.945       NaN       NaN     0.346
 121.1979167    17.250     0.000     0.000     0.000     0.000  -999.000  -999.000  -999.000  -999.000  -999.000  -999.000  -999.000  -999.000  -999.000  -999.000  -999.000  -999.000  -999.000  -999.000  -999.000  -999.000  -999.000  -999.000     2.872       NaN       NaN     0.352
 121.1979167    16.750     0.000     0.000     0.000     0.000  -999.000  -999.000  -999.000  -999.000  -999.000  -999.000  -999.000  -999.000  -999.000  -999.000  -999.000  -999.000  -999.000  -999.000  -999.000  -999.000  -999.000  -999.000     2.796       NaN       NaN     0.359
 121.1979167    16.250     0.000     0.000     0.000     0.000  -999.000  -999.000  -999.000  -999.000  -999.000  -999.000  -999.000  -999.000  -999.000  -999.000  -999.000  -999.000  -999.000  -999.000  -999.000  -999.000  -999.000  -999.000     2.718       NaN       NaN     0.366
 121.1979167    15.750     0.000     0.000     0.000     0.000  -999.000  -999.000  -999.000  -999.000  -999.000  -999.000  -999.000  -999.000  -999.000  -999.000  -999.000  -999.000  -999.000  -999.000  -999.000  -999.000  -999.000  -999.000     2.638       NaN       NaN     0.373
 121.1979167    15.250     0.000     0.000     0.000     0.000  -999.000  -999.000  -999.000  -999.000  -999.000  -999.000  -999.000  -999.000  -999.000  -999.000  -999.000  -999.000  -999.000  -999.000  -999.000  -999.000  -999.000  -999.000     2.554       NaN       NaN     0.381
 121.1979167    14.750     0.000     0.000     0.000     0.000  -999.000  -999.000  -999.000  -999.000  -999.000  -999.000  -999.000  -999.000  -999.000  -999.000  -999.000  -999.000  -999.000  -999.000  -999.000  -999.000  -999.000  -999.000     2.468       NaN       NaN     0.390
 121.1979167    14.250     0.000     0.000     0.000     0.000  -999.000  -999.000  -999.000  -999.000  -999.000  -999.000  -999.000  -999.000  -999.000  -999.000  -999.000  -999.000  -999.000  -999.000  -999.000  -999.000  -999.000  -999.000     2.378       NaN       NaN     0.399
 121.1979167    13.750     0.000     0.000     0.000     0.000  -999.000  -999.000  -999.000  -999.000  -999.000  -999.000  -999.000  -999.000  -999.000  -999.000  -999.000  -999.000  -999.000  -999.000  -999.000  -999.000  -999.000  -999.000     2.284       NaN       NaN     0.410
 121.1979167    13.250     0.000     0.000     0.000     0.000  -999.000  -999.000  -999.000  -999.000  -999.000  -999.000  -999.000  -999.000  -999.000  -999.000  -999.000  -999.000  -999.000  -999.000  -999.000  -999.000  -999.000  -999.000     2.186       NaN       NaN     0.421
 121.1979167    12.750     0.000     0.000     0.000     0.000  -999.000  -999.000  -999.000  -999.000  -999.000  -999.000  -999.000  -999.000  -999.000  -999.000  -999.000  -999.000  -999.000  -999.000  -999.000  -999.000  -999.000  -999.000     2.081       NaN       NaN     0.435
 121.1979167    12.250     0.000     0.000     0.000     0.000  -999.000  -999.000  -999.000  -999.000  -999.000  -999.000  -999.000  -999.000  -999.000  -999.000  -999.000  -999.000  -999.000  -999.000  -999.000  -999.000  -999.000  -999.000     1.970       NaN       NaN     0.451
 121.1979167    11.750     0.000     0.000     0.000     0.000  -999.000  -999.000  -999.000  -999.000  -999.000  -999.000  -999.000  -999.000  -999.000  -999.000  -999.000  -999.000  -999.000  -999.000  -999.000  -999.000  -999.000  -999.000     1.849       NaN       NaN     0.470
 121.1979167    11.250     0.000     0.000     0.000     0.000  -999.000  -999.000  -999.000  -999.000  -999.000  -999.000  -999.000  -999.000  -999.000  -999.000  -999.000  -999.000  -999.000  -999.000  -999.000  -999.000  -999.000  -999.000     1.717       NaN       NaN     0.494
 121.1979167    10.750     0.000     0.000     0.000     0.000  -999.000  -999.000  -999.000  -999.000  -999.000  -999.000  -999.000  -999.000  -999.000  -999.000  -999.000  -999.000  -999.000  -999.000  -999.000  -999.000  -999.000  -999.000     1.570       NaN       NaN     0.523
 121.1979167    10.250     0.000     0.000     0.000     0.000  -999.000  -999.000  -999.000  -999.000  -999.000  -999.000  -999.000  -999.000  -999.000  -999.000  -999.000  -999.000  -999.000  -999.000  -999.000  -999.000  -999.000  -999.000     1.399       NaN       NaN     0.566
 121.1979167     9.750     0.581     0.304     0.177     0.127       NaN       NaN       NaN       NaN       NaN       NaN       NaN       NaN     0.000     0.000     0.002     0.002       NaN       NaN       NaN       NaN   122.789   121.512     1.199       NaN       NaN     0.642
 121.1979167     9.250     0.147     0.413     0.061     0.352       NaN       NaN       NaN       NaN       NaN       NaN       NaN       NaN     0.000     0.000     0.002     0.002       NaN       NaN       NaN       NaN   116.918   115.838     1.022       NaN       NaN     0.745
 121.1979167     8.750     0.027     0.446     0.012     0.434       NaN       NaN       NaN       NaN       NaN       NaN       NaN       NaN     0.000     0.000     0.002     0.002       NaN       NaN       NaN       NaN   109.915   108.886     0.871       NaN       NaN     0.875
 121.1979167     8.250     0.005     0.454     0.002     0.452       NaN       NaN       NaN       NaN       NaN       NaN       NaN       NaN     0.000     0.000     0.002     0.002       NaN       NaN       NaN       NaN   102.927   101.954     0.742       NaN       NaN     1.027
 121.1979167     7.750     0.001     0.448     0.000     0.447       NaN       NaN       NaN       NaN       NaN       NaN       NaN       NaN     0.000     0.000     0.002     0.002       NaN       NaN       NaN       NaN    96.318    95.434     0.632       NaN       NaN     1.205
 121.1979167     7.250     0.000     0.432     0.000     0.432       NaN       NaN       NaN       NaN       NaN       NaN       NaN       NaN     0.000     0.000     0.002     0.002       NaN       NaN       NaN       NaN    90.243    89.468     0.539       NaN       NaN     1.414
 121.1979167     6.750     0.000     0.411     0.000     0.411       NaN       NaN       NaN       NaN       NaN       NaN       NaN       NaN     0.000     0.000     0.002     0.002       NaN       NaN       NaN       NaN    84.761    84.100     0.459       NaN       NaN     1.660
 121.1979167     6.250     0.000     0.385     0.000     0.385       NaN       NaN       NaN       NaN       NaN       NaN       NaN       NaN     0.000     0.000     0.002     0.002       NaN       NaN       NaN       NaN    79.879    79.329     0.391       NaN       NaN     1.948
 121.1979167     5.750     0.000     0.356     0.000     0.356       NaN       NaN       NaN       NaN       NaN       NaN       NaN       NaN     0.000     0.000     0.002     0.002       NaN       NaN       NaN       NaN    75.580    75.133     0.333       NaN       NaN     2.286
 121.1979167     5.250     0.000     0.324     0.000     0.324       NaN       NaN       NaN       NaN       NaN       NaN       NaN       NaN     0.000     0.000     0.002     0.002       NaN       NaN       NaN       NaN    71.831    71.476     0.284       NaN       NaN     2.683
 121.1979167     4.750     0.000     0.291     0.000     0.291       NaN       NaN       NaN       NaN       NaN       NaN       NaN       NaN     0.000     0.000     0.002     0.002       NaN       NaN       NaN       NaN    68.595    68.320     0.242       NaN       NaN     3.149
 121.1979167     4.250     0.000     0.257     0.000     0.257       NaN       NaN       NaN       NaN       NaN       NaN       NaN       NaN     0.000     0.000     0.002     0.002       NaN       NaN       NaN       NaN    65.833    65.626     0.206       NaN       NaN     3.695
 121.1979167     3.750     0.000     0.223     0.000     0.223       NaN       NaN       NaN       NaN       NaN       NaN       NaN       NaN     0.000     0.000     0.002     0.002       NaN       NaN       NaN       NaN    63.505    63.354     0.176       NaN       NaN     4.337
 121.1979167     3.250     0.000     0.189     0.000     0.189       NaN       NaN       NaN       NaN       NaN       NaN       NaN       NaN     0.000     0.000     0.002     0.002       NaN       NaN       NaN       NaN    61.575    61.469     0.150       NaN       NaN     5.090
 121.1979167     2.750     0.000     0.155     0.000     0.155       NaN       NaN       NaN       NaN       NaN       NaN       NaN       NaN     0.000     0.000     0.002     0.002       NaN       NaN       NaN       NaN    60.008    59.938     0.128       NaN       NaN     5.974
 121.1979167     2.250     0.000     0.122     0.000     0.122       NaN       NaN       NaN       NaN       NaN       NaN       NaN       NaN     0.000     0.000     0.002     0.002       NaN       NaN       NaN       NaN    58.773    58.730     0.109       NaN       NaN     7.011
 121.1979167     1.750     0.000     0.091     0.000     0.091       NaN       NaN       NaN       NaN       NaN       NaN       NaN       NaN     0.000     0.000     0.002     0.002       NaN       NaN       NaN       NaN    57.839    57.815     0.093       NaN       NaN     8.228
 121.1979167     1.250     0.000     0.062     0.000     0.062       NaN       NaN       NaN       NaN       NaN       NaN       NaN       NaN     0.000     0.000     0.002     0.002       NaN       NaN       NaN       NaN    57.178    57.167     0.079       NaN       NaN     9.657
 121.1979167     0.750     0.000     0.036     0.000     0.036       NaN       NaN       NaN       NaN       NaN       NaN       NaN       NaN     0.000     0.000     0.002     0.002       NaN       NaN       NaN       NaN    56.761    56.757     0.067       NaN       NaN    11.334
 121.1979167     0.250     0.000     0.000     0.000     0.000  -999.000  -999.000  -999.000  -999.000  -999.000  -999.000  -999.000  -999.000  -999.000  -999.000  -999.000  -999.000  -999.000  -999.000  -999.000  -999.000  -999.000  -999.000     0.057       NaN       NaN    13.302
 121.2187500    22.750     0.000     0.000     0.000     0.000  -999.000  -999.000  -999.000  -999.000  -999.000  -999.000  -999.000  -999.000  -999.000  -999.000  -999.000  -999.000  -999.000  -999.000  -999.000  -999.000  -999.000  -999.000     3.417       NaN       NaN     0.180
 121.2187500    22.250     0.000     0.000     0.000     0.000  -999.000  -999.000  -999.000  -999.000  -999.000  -999.000  -999.000  -999.000  -999.000  -999.000  -999.000  -999.000  -999.000  -999.000  -999.000  -999.000  -999.000  -999.000     3.360       NaN       NaN     0.363
 121.2187500    21.750     0.000     0.000     0.000     0.000  -999.000  -999.000  -999.000  -999.000  -999.000  -999.000  -999.000  -999.000  -999.000  -999.000  -999.000  -999.000  -999.000  -999.000  -999.000  -999.000  -999.000  -999.000     3.302       NaN       NaN     0.368
 121.2187500    21.250     0.000     0.000     0.000     0.000  -999.000  -999.000  -999.000  -999.000  -999.000  -999.000  -999.000  -999.000  -999.000  -999.000  -999.000  -999.000  -999.000  -999.000  -999.000  -999.000  -999.000  -999.000     3.243       NaN       NaN     0.373
 121.2187500    20.750     0.000     0.000     0.000     0.000  -999.000  -999.000  -999.000  -999.000  -999.000  -999.000  -999.000  -999.000  -999.000  -999.000  -999.000  -999.000  -999.000  -999.000  -999.000  -999.000  -999.000  -999.000     3.182       NaN       NaN     0.378
 121.2187500    20.250     0.000     0.000     0.000     0.000  -999.000  -999.000  -999.000  -999.000  -999.000  -999.000  -999.000  -999.000  -999.000  -999.000  -999.000  -999.000  -999.000  -999.000  -999.000  -999.000  -999.000  -999.000     3.121       NaN       NaN     0.383
 121.2187500    19.750     0.000     0.000     0.000     0.000  -999.000  -999.000  -999.000  -999.000  -999.000  -999.000  -999.000  -999.000  -999.000  -999.000  -999.000  -999.000  -999.000  -999.000  -999.000  -999.000  -999.000  -999.000     3.059       NaN       NaN     0.389
 121.2187500    19.250     0.000     0.000     0.000     0.000  -999.000  -999.000  -999.000  -999.000  -999.000  -999.000  -999.000  -999.000  -999.000  -999.000  -999.000  -999.000  -999.000  -999.000  -999.000  -999.000  -999.000  -999.000     2.995       NaN       NaN     0.395
 121.2187500    18.750     0.000     0.000     0.000     0.000  -999.000  -999.000  -999.000  -999.000  -999.000  -999.000  -999.000  -999.000  -999.000  -999.000  -999.000  -999.000  -999.000  -999.000  -999.000  -999.000  -999.000  -999.000     2.930       NaN       NaN     0.401
 121.2187500    18.250     0.000     0.000     0.000     0.000  -999.000  -999.000  -999.000  -999.000  -999.000  -999.000  -999.000  -999.000  -999.000  -999.000  -999.000  -999.000  -999.000  -999.000  -999.000  -999.000  -999.000  -999.000     2.863       NaN       NaN     0.408
 121.2187500    17.750     0.000     0.000     0.000     0.000  -999.000  -999.000  -999.000  -999.000  -999.000  -999.000  -999.000  -999.000  -999.000  -999.000  -999.000  -999.000  -999.000  -999.000  -999.000  -999.000  -999.000  -999.000     2.795       NaN       NaN     0.415
 121.2187500    17.250     0.000     0.000     0.000     0.000  -999.000  -999.000  -999.000  -999.000  -999.000  -999.000  -999.000  -999.000  -999.000  -999.000  -999.000  -999.000  -999.000  -999.000  -999.000  -999.000  -999.000  -999.000     2.725       NaN       NaN     0.422
 121.2187500    16.750     0.000     0.000     0.000     0.000  -999.000  -999.000  -999.000  -999.000  -999.000  -999.000  -999.000  -999.000  -999.000  -999.000  -999.000  -999.000  -999.000  -999.000  -999.000  -999.000  -999.000  -999.000     2.653       NaN       NaN     0.430
 121.2187500    16.250     0.000     0.000     0.000     0.000  -999.000  -999.000  -999.000  -999.000  -999.000  -999.000  -999.000  -999.000  -999.000  -999.000  -999.000  -999.000  -999.000  -999.000  -999.000  -999.000  -999.000  -999.000     2.579       NaN       NaN     0.439
 121.2187500    15.750     0.000     0.000     0.000     0.000  -999.000  -999.000  -999.000  -999.000  -999.000  -999.000  -999.000  -999.000  -999.000  -999.000  -999.000  -999.000  -999.000  -999.000  -999.000  -999.000  -999.000  -999.000     2.503       NaN       NaN     0.448
 121.2187500    15.250     0.000     0.000     0.000     0.000  -999.000  -999.000  -999.000  -999.000  -999.000  -999.000  -999.000  -999.000  -999.000  -999.000  -999.000  -999.000  -999.000  -999.000  -999.000  -999.000  -999.000  -999.000     2.424       NaN       NaN     0.457
 121.2187500    14.750     0.000     0.000     0.000     0.000  -999.000  -999.000  -999.000  -999.000  -999.000  -999.000  -999.000  -999.000  -999.000  -999.000  -999.000  -999.000  -999.000  -999.000  -999.000  -999.000  -999.000  -999.000     2.342       NaN       NaN     0.468
 121.2187500    14.250     0.000     0.000     0.000     0.000  -999.000  -999.000  -999.000  -999.000  -999.000  -999.000  -999.000  -999.000  -999.000  -999.000  -999.000  -999.000  -999.000  -999.000  -999.000  -999.000  -999.000  -999.000     2.257       NaN       NaN     0.479
 121.2187500    13.750     0.000     0.000     0.000     0.000  -999.000  -999.000  -999.000  -999.000  -999.000  -999.000  -999.000  -999.000  -999.000  -999.000  -999.000  -999.000  -999.000  -999.000  -999.000  -999.000  -999.000  -999.000     2.168       NaN       NaN     0.492
 121.2187500    13.250     0.000     0.000     0.000     0.000  -999.000  -999.000  -999.000  -999.000  -999.000  -999.000  -999.000  -999.000  -999.000  -999.000  -999.000  -999.000  -999.000  -999.000  -999.000  -999.000  -999.000  -999.000     2.074       NaN       NaN     0.506
 121.2187500    12.750     0.000     0.000     0.000     0.000  -999.000  -999.000  -999.000  -999.000  -999.000  -999.000  -999.000  -999.000  -999.000  -999.000  -999.000  -999.000  -999.000  -999.000  -999.000  -999.000  -999.000  -999.000     1.975       NaN       NaN     0.522
 121.2187500    12.250     0.000     0.000     0.000     0.000  -999.000  -999.000  -999.000  -999.000  -999.000  -999.000  -999.000  -999.000  -999.000  -999.000  -999.000  -999.000  -999.000  -999.000  -999.000  -999.000  -999.000  -999.000     1.869       NaN       NaN     0.541
 121.2187500    11.750     0.000     0.000     0.000     0.000  -999.000  -999.000  -999.000  -999.000  -999.000  -999.000  -999.000  -999.000  -999.000  -999.000  -999.000  -999.000  -999.000  -999.000  -999.000  -999.000  -999.000  -999.000     1.755       NaN       NaN     0.564
 121.2187500    11.250     0.000     0.000     0.000     0.000  -999.000  -999.000  -999.000  -999.000  -999.000  -999.000  -999.000  -999.000  -999.000  -999.000  -999.000  -999.000  -999.000  -999.000  -999.000  -999.000  -999.000  -999.000     1.630       NaN       NaN     0.593
 121.2187500    10.750     0.000     0.000     0.000     0.000  -999.000  -999.000  -999.000  -999.000  -999.000  -999.000  -999.000  -999.000  -999.000  -999.000  -999.000  -999.000  -999.000  -999.000  -999.000  -999.000  -999.000  -999.000     1.490       NaN       NaN     0.628
 121.2187500    10.250     0.000     0.000     0.000     0.000  -999.000  -999.000  -999.000  -999.000  -999.000  -999.000  -999.000  -999.000  -999.000  -999.000  -999.000  -999.000  -999.000  -999.000  -999.000  -999.000  -999.000  -999.000     1.327       NaN       NaN     0.679
 121.2187500     9.750     0.581     0.304     0.177     0.127       NaN       NaN       NaN       NaN       NaN       NaN       NaN       NaN     0.000     0.000     0.002     0.002       NaN       NaN       NaN       NaN   122.789   121.512     1.138       NaN       NaN     0.771
 121.2187500     9.250     0.147     0.413     0.061     0.352       NaN       NaN       NaN       NaN       NaN       NaN       NaN       NaN     0.000     0.000     0.002     0.002       NaN       NaN       NaN       NaN   116.918   115.838     0.970       NaN       NaN     0.894
 121.2187500     8.750     0.027     0.446     0.012     0.434       NaN       NaN       NaN       NaN       NaN       NaN       NaN       NaN     0.000     0.000     0.002     0.002       NaN       NaN       NaN       NaN   109.915   108.886     0.826       NaN       NaN     1.050
 121.2187500     8.250     0.005     0.454     0.002     0.452       NaN       NaN       NaN       NaN       NaN       NaN       NaN       NaN     0.000     0.000     0.002     0.002       NaN       NaN       NaN       NaN   102.927   101.954     0.704       NaN       NaN     1.232
 121.2187500     7.750     0.001     0.448     0.000     0.447       NaN       NaN       NaN       NaN       NaN       NaN       NaN       NaN     0.000     0.000     0.002     0.002       NaN       NaN       NaN       NaN    96.318    95.434     0.600       NaN       NaN     1.446
 121.2187500     7.250     0.000     0.432     0.000     0.432       NaN       NaN       NaN       NaN       NaN       NaN       NaN       NaN     0.000     0.000     0.002     0.002       NaN       NaN       NaN       NaN    90.243    89.468     0.511       NaN       NaN     1.697
 121.2187500     6.750     0.000     0.411     0.000     0.411       NaN       NaN       NaN       NaN       NaN       NaN       NaN       NaN     0.000     0.000     0.002     0.002       NaN       NaN       NaN       NaN    84.761    84.100     0.436       NaN       NaN     1.992
 121.2187500     6.250     0.000     0.385     0.000     0.385       NaN       NaN       NaN       NaN       NaN       NaN       NaN       NaN     0.000     0.000     0.002     0.002       NaN       NaN       NaN       NaN    79.879    79.329     0.371       NaN       NaN     2.338
 121.2187500     5.750     0.000     0.356     0.000     0.356       NaN       NaN       NaN       NaN       NaN       NaN       NaN       NaN     0.000     0.000     0.002     0.002       NaN       NaN       NaN       NaN    75.580    75.133     0.316       NaN       NaN     2.743
 121.2187500     5.250     0.000     0.324     0.000     0.324       NaN       NaN       NaN       NaN       NaN       NaN       NaN       NaN     0.000     0.000     0.002     0.002       NaN       NaN       NaN       NaN    71.831    71.476     0.269       NaN       NaN     3.220
 121.2187500     4.750     0.000     0.291     0.000     0.291       NaN       NaN       NaN       NaN       NaN       NaN       NaN       NaN     0.000     0.000     0.002     0.002       NaN       NaN       NaN       NaN    68.595    68.320     0.230       NaN       NaN     3.779
 121.2187500     4.250     0.000     0.257     0.000     0.257       NaN       NaN       NaN       NaN       NaN       NaN       NaN       NaN     0.000     0.000     0.002     0.002       NaN       NaN       NaN       NaN    65.833    65.626     0.196       NaN       NaN     4.435
 121.2187500     3.750     0.000     0.223     0.000     0.223       NaN       NaN       NaN       NaN       NaN       NaN       NaN       NaN     0.000     0.000     0.002     0.002       NaN       NaN       NaN       NaN    63.505    63.354     0.167       NaN       NaN     5.205
 121.2187500     3.250     0.000     0.189     0.000     0.189       NaN       NaN       NaN       NaN       NaN       NaN       NaN       NaN     0.000     0.000     0.002     0.002       NaN       NaN       NaN       NaN    61.575    61.469     0.142       NaN       NaN     6.109
 121.2187500     2.750     0.000     0.155     0.000     0.155       NaN       NaN       NaN       NaN       NaN       NaN       NaN       NaN     0.000     0.000     0.002     0.002       NaN       NaN       NaN       NaN    60.008    59.938     0.121       NaN       NaN     7.169
 121.2187500     2.250     0.000     0.122     0.000     0.122       NaN       NaN       NaN       NaN       NaN       NaN       NaN       NaN     0.000     0.000     0.002     0.002       NaN       NaN       NaN       NaN    58.773    58.730     0.103       NaN       NaN     8.414
 121.2187500     1.750     0.000     0.091     0.000     0.091       NaN       NaN       NaN       NaN       NaN       NaN       NaN       NaN     0.000     0.000     0.002     0.002       NaN       NaN       NaN       NaN    57.839    57.815     0.088       NaN       NaN     9.875
 121.2187500     1.250     0.000     0.062     0.000     0.062       NaN       NaN       NaN       NaN       NaN       NaN       NaN       NaN     0.000     0.000     0.002     0.002       NaN       NaN       NaN       NaN    57.178    57.167     0.075       NaN       NaN    11.590
 121.2187500     0.750     0.000     0.036     0.000     0.036       NaN       NaN       NaN       NaN       NaN       NaN       NaN       NaN     0.000     0.000     0.002     0.002       NaN       NaN       NaN       NaN    56.761    56.757     0.064       NaN       NaN    13.603
 121.2187500     0.250     0.000     0.000     0.000     0.000  -999.000  -999.000  -999.000  -999.000  -999.000  -999.000  -999.000  -999.000  -999.000  -999.000  -999.000  -999.000  -999.000  -999.000  -999.000  -999.000  -999.000  -999.000     0.054       NaN       NaN    15.964
 121.2395833    22.750     0.000     0.000     0.000     0.000  -999.000  -999.000  -999.000  -999.000  -999.000  -999.000  -999.000  -999.000  -999.000  -999.000  -999.000  -999.000  -999.000  -999.000  -999.000  -999.000  -999.000  -999.000     4.021       NaN       NaN     0.150
 121.2395833    22.250     0.000     0.000     0.000     0.000  -999.000  -999.000  -999.000  -999.000  -999.000  -999.000  -999.000  -999.000  -999.000  -999.000  -999.000  -999.000  -999.000  -999.000  -999.000  -999.000  -999.000  -999.000     3.954       NaN       NaN     0.302
 121.2395833    21.750     0.000     0.000     0.000     0.000  -999.000  -999.000  -999.000  -999.000  -999.000  -999.000  -999.000  -999.000  -999.000  -999.000  -999.000  -999.000  -999.000  -999.000  -999.000  -999.000  -999.000  -999.000     3.885       NaN       NaN     0.306
 121.2395833    21.250     0.000     0.000     0.000     0.000  -999.000  -999.000  -999.000  -999.000  -999.000  -999.000  -999.000  -999.000  -999.000  -999.000  -999.000  -999.000  -999.000  -999.000  -999.000  -999.000  -999.000  -999.000     3.816       NaN       NaN     0.311
 121.2395833    20.750     0.000     0.000     0.000     0.000  -999.000  -999.000  -999.000  -999.000  -999.000  -999.000  -999.000  -999.000  -999.000  -999.000  -999.000  -999.000  -999.000  -999.000  -999.000  -999.000  -999.000  -999.000     3.745       NaN       NaN     0.315
 121.2395833    20.250     0.000     0.000     0.000     0.000  -999.000  -999.000  -999.000  -999.000  -999.000  -999.000  -999.000  -999.000  -999.000  -999.000  -999.000  -999.000  -999.000  -999.000  -999.000  -999.000  -999.000  -999.000     3.673       NaN       NaN     0.319
 121.2395833    19.750     0.000     0.000     0.000     0.000  -999.000  -999.000  -999.000  -999.000  -999.000  -999.000  -999.000  -999.000  -999.000  -999.000  -999.000  -999.000  -999.000  -999.000  -999.000  -999.000  -999.000  -999.000     3.599       NaN       NaN     0.324
 121.2395833    19.250     0.000     0.000     0.000     0.000  -999.000  -999.000  -999.000  -999.000  -999.000  -999.000  -999.000  -999.000  -999.000  -999.000  -999.000  -999.000  -999.000  -999.000  -999.000  -999.000  -999.000  -999.000     3.525       NaN       NaN     0.329
 121.2395833    18.750     0.000     0.000     0.000     0.000  -999.000  -999.000  -999.000  -999.000  -999.000  -999.000  -999.000  -999.000  -999.000  -999.000  -999.000  -999.000  -999.000  -999.000  -999.000  -999.000  -999.000  -999.000     3.448       NaN       NaN     0.334
 121.2395833    18.250     0.000     0.000     0.000     0.000  -999.000  -999.000  -999.000  -999.000  -999.000  -999.000  -999.000  -999.000  -999.000  -999.000  -999.000  -999.000  -999.000  -999.000  -999.000  -999.000  -999.000  -999.000     3.370       NaN       NaN     0.340
 121.2395833    17.750     0.000     0.000     0.000     0.000  -999.000  -999.000  -999.000  -999.000  -999.000  -999.000  -999.000  -999.000  -999.000  -999.000  -999.000  -999.000  -999.000  -999.000  -999.000  -999.000  -999.000  -999.000     3.289       NaN       NaN     0.346
 121.2395833    17.250     0.000     0.000     0.000     0.000  -999.000  -999.000  -999.000  -999.000  -999.000  -999.000  -999.000  -999.000  -999.000  -999.000  -999.000  -999.000  -999.000  -999.000  -999.000  -999.000  -999.000  -999.000     3.207       NaN       NaN     0.352
 121.2395833    16.750     0.000     0.000     0.000     0.000  -999.000  -999.000  -999.000  -999.000  -999.000  -999.000  -999.000  -999.000  -999.000  -999.000  -999.000  -999.000  -999.000  -999.000  -999.000  -999.000  -999.000  -999.000     3.122       NaN       NaN     0.358
 121.2395833    16.250     0.000     0.000     0.000     0.000  -999.000  -999.000  -999.000  -999.000  -999.000  -999.000  -999.000  -999.000  -999.000  -999.000  -999.000  -999.000  -999.000  -999.000  -999.000  -999.000  -999.000  -999.000     3.035       NaN       NaN     0.365
 121.2395833    15.750     0.000     0.000     0.000     0.000  -999.000  -999.000  -999.000  -999.000  -999.000  -999.000  -999.000  -999.000  -999.000  -999.000  -999.000  -999.000  -999.000  -999.000  -999.000  -999.000  -999.000  -999.000     2.946       NaN       NaN     0.373
 121.2395833    15.250     0.000     0.000     0.000     0.000  -999.000  -999.000  -999.000  -999.000  -999.000  -999.000  -999.000  -999.000  -999.000  -999.000  -999.000  -999.000  -999.000  -999.000  -999.000  -999.000  -999.000  -999.000     2.853       NaN       NaN     0.381
 121.2395833    14.750     0.000     0.000     0.000     0.000  -999.000  -999.000  -999.000  -999.000  -999.000  -999.000  -999.000  -999.000  -999.000  -999.000  -999.000  -999.000  -999.000  -999.000  -999.000  -999.000  -999.000  -999.000     2.756       NaN       NaN     0.389
 121.2395833    14.250     0.000     0.000     0.000     0.000  -999.000  -999.000  -999.000  -999.000  -999.000  -999.000  -999.000  -999.000  -999.000  -999.000  -999.000  -999.000  -999.000  -999.000  -999.000  -999.000  -999.000  -999.000     2.656       NaN       NaN     0.399
 121.2395833    13.750     0.000     0.000     0.000     0.000  -999.000  -999.000  -999.000  -999.000  -999.000  -999.000  -999.000  -999.000  -999.000  -999.000  -999.000  -999.000  -999.000  -999.000  -999.000  -999.000  -999.000  -999.000     2.551       NaN       NaN     0.410
 121.2395833    13.250     0.000     0.000     0.000     0.000  -999.000  -999.000  -999.000  -999.000  -999.000  -999.000  -999.000  -999.000  -999.000  -999.000  -999.000  -999.000  -999.000  -999.000  -999.000  -999.000  -999.000  -999.000     2.441       NaN       NaN     0.421
 121.2395833    12.750     0.000     0.000     0.000     0.000  -999.000  -999.000  -999.000  -999.000  -999.000  -999.000  -999.000  -999.000  -999.000  -999.000  -999.000  -999.000  -999.000  -999.000  -999.000  -999.000  -999.000  -999.000     2.324       NaN       NaN     0.435
 121.2395833    12.250     0.000     0.000     0.000     0.000  -999.000  -999.000  -999.000  -999.000  -999.000  -999.000  -999.000  -999.000  -999.000  -999.000  -999.000  -999.000  -999.000  -999.000  -999.000  -999.000  -999.000  -999.000     2.200       NaN       NaN     0.451
 121.2395833    11.750     0.000     0.000     0.000     0.000  -999.000  -999.000  -999.000  -999.000  -999.000  -999.000  -999.000  -999.000  -999.000  -999.000  -999.000  -999.000  -999.000  -999.000  -999.000  -999.000  -999.000  -999.000     2.065       NaN       NaN     0.470
 121.2395833    11.250     0.000     0.000     0.000     0.000  -999.000  -999.000  -999.000  -999.000  -999.000  -999.000  -999.000  -999.000  -999.000  -999.000  -999.000  -999.000  -999.000  -999.000  -999.000  -999.000  -999.000  -999.000     1.918       NaN       NaN     0.494
 121.2395833    10.750     0.000     0.000     0.000     0.000  -999.000  -999.000  -999.000  -999.000  -999.000  -999.000  -999.000  -999.000  -999.000  -999.000  -999.000  -999.000  -999.000  -999.000  -999.000  -999.000  -999.000  -999.000     1.753       NaN       NaN     0.523
 121.2395833    10.250     0.000     0.000     0.000     0.000  -999.000  -999.000  -999.000  -999.000  -999.000  -999.000  -999.000  -999.000  -999.000  -999.000  -999.000  -999.000  -999.000  -999.000  -999.000  -999.000  -999.000  -999.000     1.562       NaN       NaN     0.566
 121.2395833     9.750     0.581     0.304     0.177     0.127       NaN       NaN       NaN       NaN       NaN       NaN       NaN       NaN     0.000     0.000     0.002     0.002       NaN       NaN       NaN       NaN   122.789   121.512     1.340       NaN       NaN     0.642
 121.2395833     9.250     0.147     0.413     0.061     0.352       NaN       NaN       NaN       NaN       NaN       NaN       NaN       NaN     0.000     0.000     0.002     0.002       NaN       NaN       NaN       NaN   116.918   115.838     1.141       NaN       NaN     0.745
 121.2395833     8.750     0.027     0.446     0.012     0.434       NaN       NaN       NaN       NaN       NaN       NaN       NaN       NaN     0.000     0.000     0.002     0.002       NaN       NaN       NaN       NaN   109.915   108.886     0.973       NaN       NaN     0.874
 121.2395833     8.250     0.005     0.454     0.002     0.452       NaN       NaN       NaN       NaN       NaN       NaN       NaN       NaN     0.000     0.000     0.002     0.002       NaN       NaN       NaN       NaN   102.927   101.954     0.829       NaN       NaN     1.026
 121.2395833     7.750     0.001     0.448     0.000     0.447       NaN       NaN       NaN       NaN       NaN       NaN       NaN       NaN     0.000     0.000     0.002     0.002       NaN       NaN       NaN       NaN    96.318    95.434     0.706       NaN       NaN     1.204
 121.2395833     7.250     0.000     0.432     0.000     0.432       NaN       NaN       NaN       NaN       NaN       NaN       NaN       NaN     0.000     0.000     0.002     0.002       NaN       NaN       NaN       NaN    90.243    89.468     0.602       NaN       NaN     1.414
 121.2395833     6.750     0.000     0.411     0.000     0.411       NaN       NaN       NaN       NaN       NaN       NaN       NaN       NaN     0.000     0.000     0.002     0.002       NaN       NaN       NaN       NaN    84.761    84.100     0.513       NaN       NaN     1.659
 121.2395833     6.250     0.000     0.385     0.000     0.385       NaN       NaN       NaN       NaN       NaN       NaN       NaN       NaN     0.000     0.000     0.002     0.002       NaN       NaN       NaN       NaN    79.879    79.329     0.437       NaN       NaN     1.947
 121.2395833     5.750     0.000     0.356     0.000     0.356       NaN       NaN       NaN       NaN       NaN       NaN       NaN       NaN     0.000     0.000     0.002     0.002       NaN       NaN       NaN       NaN    75.580    75.133     0.372       NaN       NaN     2.285
 121.2395833     5.250     0.000     0.324     0.000     0.324       NaN       NaN       NaN       NaN       NaN       NaN       NaN       NaN     0.000     0.000     0.002     0.002       NaN       NaN       NaN       NaN    71.831    71.476     0.317       NaN       NaN     2.682
 121.2395833     4.750     0.000     0.291     0.000     0.291       NaN       NaN       NaN       NaN       NaN       NaN       NaN       NaN     0.000     0.000     0.002     0.002       NaN       NaN       NaN       NaN    68.595    68.320     0.270       NaN       NaN     3.148
 121.2395833     4.250     0.000     0.257     0.000     0.257       NaN       NaN       NaN       NaN       NaN       NaN       NaN       NaN     0.000     0.000     0.002     0.002       NaN       NaN       NaN       NaN    65.833    65.626     0.230       NaN       NaN     3.694
 121.2395833     3.750     0.000     0.223     0.000     0.223       NaN       NaN       NaN       NaN       NaN       NaN       NaN       NaN     0.000     0.000     0.002     0.002       NaN       NaN       NaN       NaN    63.505    63.354     0.196       NaN       NaN     4.336
 121.2395833     3.250     0.000     0.189     0.000     0.189       NaN       NaN       NaN       NaN       NaN       NaN       NaN       NaN     0.000     0.000     0.002     0.002       NaN       NaN       NaN       NaN    61.575    61.469     0.167       NaN       NaN     5.089
 121.2395833     2.750     0.000     0.155     0.000     0.155       NaN       NaN       NaN       NaN       NaN       NaN       NaN       NaN     0.000     0.000     0.002     0.002       NaN       NaN       NaN       NaN    60.008    59.938     0.142       NaN       NaN     5.972
 121.2395833     2.250     0.000     0.122     0.000     0.122       NaN       NaN       NaN       NaN       NaN       NaN       NaN       NaN     0.000     0.000     0.002     0.002       NaN       NaN       NaN       NaN    58.773    58.730     0.121       NaN       NaN     7.009
 121.2395833     1.750     0.000     0.091     0.000     0.091       NaN       NaN       NaN       NaN       NaN       NaN       NaN       NaN     0.000     0.000     0.002     0.002       NaN       NaN       NaN       NaN    57.839    57.815     0.103       NaN       NaN     8.226
 121.2395833     1.250     0.000     0.062     0.000     0.062       NaN       NaN       NaN       NaN       NaN       NaN       NaN       NaN     0.000     0.000     0.002     0.002       NaN       NaN       NaN       NaN    57.178    57.167     0.088       NaN       NaN     9.654
 121.2395833     0.750     0.000     0.036     0.000     0.036       NaN       NaN       NaN       NaN       NaN       NaN       NaN       NaN     0.000     0.000     0.002     0.002       NaN       NaN       NaN       NaN    56.761    56.757     0.075       NaN       NaN    11.331
 121.2395833     0.250     0.000     0.000     0.000     0.000  -999.000  -999.000  -999.000  -999.000  -999.000  -999.000  -999.000  -999.000  -999.000  -999.000  -999.000  -999.000  -999.000  -999.000  -999.000  -999.000  -999.000  -999.000     0.064       NaN       NaN    13.298
 121.2604167    22.750     0.000     0.000     0.000     0.000  -999.000  -999.000  -999.000  -999.000  -999.000  -999.000  -999.000  -999.000  -999.000  -999.000  -999.000  -999.000  -999.000  -999.000  -999.000  -999.000  -999.000  -999.000     3.800       NaN       NaN     0.148
 121.2604167    22.250     0.000     0.000     0.000     0.000  -999.000  -999.000  -999.000  -999.000  -999.000  -999.000  -999.000  -999.000  -999.000  -999.000  -999.000  -999.000  -999.000  -999.000  -999.000  -999.000  -999.000  -999.000     3.737       NaN       NaN     0.298
 121.2604167    21.750     0.000     0.000     0.000     0.000  -999.000  -999.000  -999.000  -999.000  -999.000  -999.000  -999.000  -999.000  -999.000  -999.000  -999.000  -999.000  -999.000  -999.000  -999.000  -999.000  -999.000  -999.000     3.672       NaN       NaN     0.302
 121.2604167    21.250     0.000     0.000     0.000     0.000  -999.000  -999.000  -999.000  -999.000  -999.000  -999.000  -999.000  -999.000  -999.000  -999.000  -999.000  -999.000  -999.000  -999.000  -999.000  -999.000  -999.000  -999.000     3.606       NaN       NaN     0.306
 121.2604167    20.750     0.000     0.000     0.000     0.000  -999.000  -999.000  -999.000  -999.000  -999.000  -999.000  -999.000  -999.000  -999.000  -999.000  -999.000  -999.000  -999.000  -999.000  -999.000  -999.000  -999.000  -999.000     3.539       NaN       NaN     0.310
 121.2604167    20.250     0.000     0.000     0.000     0.000  -999.000  -999.000  -999.000  -999.000  -999.000  -999.000  -999.000  -999.000  -999.000  -999.000  -999.000  -999.000  -999.000  -999.000  -999.000  -999.000  -999.000  -999.000     3.471       NaN       NaN     0.315
 121.2604167    19.750     0.000     0.000     0.000     0.000  -999.000  -999.000  -999.000  -999.000  -999.000  -999.000  -999.000  -999.000  -999.000  -999.000  -999.000  -999.000  -999.000  -999.000  -999.000  -999.000  -999.000  -999.000     3.402       NaN       NaN     0.320
 121.2604167    19.250     0.000     0.000     0.000     0.000  -999.000  -999.000  -999.000  -999.000  -999.000  -999.000  -999.000  -999.000  -999.000  -999.000  -999.000  -999.000  -999.000  -999.000  -999.000  -999.000  -999.000  -999.000     3.331       NaN       NaN     0.324
 121.2604167    18.750     0.000     0.000     0.000     0.000  -999.000  -999.000  -999.000  -999.000  -999.000  -999.000  -999.000  -999.000  -999.000  -999.000  -999.000  -999.000  -999.000  -999.000  -999.000  -999.000  -999.000  -999.000     3.259       NaN       NaN     0.330
 121.2604167    18.250     0.000     0.000     0.000     0.000  -999.000  -999.000  -999.000  -999.000  -999.000  -999.000  -999.000  -999.000  -999.000  -999.000  -999.000  -999.000  -999.000  -999.000  -999.000  -999.000  -999.000  -999.000     3.185       NaN       NaN     0.335
 121.2604167    17.750     0.000     0.000     0.000     0.000  -999.000  -999.000  -999.000  -999.000  -999.000  -999.000  -999.000  -999.000  -999.000  -999.000  -999.000  -999.000  -999.000  -999.000  -999.000  -999.000  -999.000  -999.000     3.109       NaN       NaN     0.341
 121.2604167    17.250     0.000     0.000     0.000     0.000  -999.000  -999.000  -999.000  -999.000  -999.000  -999.000  -999.000  -999.000  -999.000  -999.000  -999.000  -999.000  -999.000  -999.000  -999.000  -999.000  -999.000  -999.000     3.031       NaN       NaN     0.347
 121.2604167    16.750     0.000     0.000     0.000     0.000  -999.000  -999.000  -999.000  -999.000  -999.000  -999.000  -999.000  -999.000  -999.000  -999.000  -999.000  -999.000  -999.000  -999.000  -999.000  -999.000  -999.000  -999.000     2.951       NaN       NaN     0.353
 121.2604167    16.250     0.000     0.000     0.000     0.000  -999.000  -999.000  -999.000  -999.000  -999.000  -999.000  -999.000  -999.000  -999.000  -999.000  -999.000  -999.000  -999.000  -999.000  -999.000  -999.000  -999.000  -999.000     2.869       NaN       NaN     0.360
 121.2604167    15.750     0.000     0.000     0.000     0.000  -999.000  -999.000  -999.000  -999.000  -999.000  -999.000  -999.000  -999.000  -999.000  -999.000  -999.000  -999.000  -999.000  -999.000  -999.000  -999.000  -999.000  -999.000     2.784       NaN       NaN     0.367
 121.2604167    15.250     0.000     0.000     0.000     0.000  -999.000  -999.000  -999.000  -999.000  -999.000  -999.000  -999.000  -999.000  -999.000  -999.000  -999.000  -999.000  -999.000  -999.000  -999.000  -999.000  -999.000  -999.000     2.696       NaN       NaN     0.375
 121.2604167    14.750     0.000     0.000     0.000     0.000  -999.000  -999.000  -999.000  -999.000  -999.000  -999.000  -999.000  -999.000  -999.000  -999.000  -999.000  -999.000  -999.000  -999.000  -999.000  -999.000  -999.000  -999.000     2.605       NaN       NaN     0.384
 121.2604167    14.250     0.000     0.000     0.000     0.000  -999.000  -999.000  -999.000  -999.000  -999.000  -999.000  -999.000  -999.000  -999.000  -999.000  -999.000  -999.000  -999.000  -999.000  -999.000  -999.000  -999.000  -999.000     2.510       NaN       NaN     0.393
 121.2604167    13.750     0.000     0.000     0.000     0.000  -999.000  -999.000  -999.000  -999.000  -999.000  -999.000  -999.000  -999.000  -999.000  -999.000  -999.000  -999.000  -999.000  -999.000  -999.000  -999.000  -999.000  -999.000     2.411       NaN       NaN     0.404
 121.2604167    13.250     0.000     0.000     0.000     0.000  -999.000  -999.000  -999.000  -999.000  -999.000  -999.000  -999.000  -999.000  -999.000  -999.000  -999.000  -999.000  -999.000  -999.000  -999.000  -999.000  -999.000  -999.000     2.307       NaN       NaN     0.415
 121.2604167    12.750     0.000     0.000     0.000     0.000  -999.000  -999.000  -999.000  -999.000  -999.000  -999.000  -999.000  -999.000  -999.000  -999.000  -999.000  -999.000  -999.000  -999.000  -999.000  -999.000  -999.000  -999.000     2.197       NaN       NaN     0.428
 121.2604167    12.250     0.000     0.000     0.000     0.000  -999.000  -999.000  -999.000  -999.000  -999.000  -999.000  -999.000  -999.000  -999.000  -999.000  -999.000  -999.000  -999.000  -999.000  -999.000  -999.000  -999.000  -999.000     2.079       NaN       NaN     0.444
 121.2604167    11.750     0.000     0.000     0.000     0.000  -999.000  -999.000  -999.000  -999.000  -999.000  -999.000  -999.000  -999.000  -999.000  -999.000  -999.000  -999.000  -999.000  -999.000  -999.000  -999.000  -999.000  -999.000     1.952       NaN       NaN     0.463
 121.2604167    11.250     0.000     0.000     0.000     0.000  -999.000  -999.000  -999.000  -999.000  -999.000  -999.000  -999.000  -999.000  -999.000  -999.000  -999.000  -999.000  -999.000  -999.000  -999.000  -999.000  -999.000  -999.000     1.813       NaN       NaN     0.487
 121.2604167    10.750     0.000     0.000     0.000     0.000  -999.000  -999.000  -999.000  -999.000  -999.000  -999.000  -999.000  -999.000  -999.000  -999.000  -999.000  -999.000  -999.000  -999.000  -999.000  -999.000  -999.000  -999.000     1.657       NaN       NaN     0.516
 121.2604167    10.250     0.000     0.000     0.000     0.000  -999.000  -999.000  -999.000  -999.000  -999.000  -999.000  -999.000  -999.000  -999.000  -999.000  -999.000  -999.000  -999.000  -999.000  -999.000  -999.000  -999.000  -999.000     1.476       NaN       NaN     0.558
 121.2604167     9.750     0.581     0.304     0.177     0.127       NaN       NaN       NaN       NaN       NaN       NaN       NaN       NaN     0.000     0.000     0.002     0.002       NaN       NaN       NaN       NaN   122.789   121.512     1.266       NaN       NaN     0.633
 121.2604167     9.250     0.147     0.413     0.061     0.352       NaN       NaN       NaN       NaN       NaN       NaN       NaN       NaN     0.000     0.000     0.002     0.002       NaN       NaN       NaN       NaN   116.918   115.838     1.079       NaN       NaN     0.734
 121.2604167     8.750     0.027     0.446     0.012     0.434       NaN       NaN       NaN       NaN       NaN       NaN       NaN       NaN     0.000     0.000     0.002     0.002       NaN       NaN       NaN       NaN   109.915   108.886     0.919       NaN       NaN     0.862
 121.2604167     8.250     0.005     0.454     0.002     0.452       NaN       NaN       NaN       NaN       NaN       NaN       NaN       NaN     0.000     0.000     0.002     0.002       NaN       NaN       NaN       NaN   102.927   101.954     0.783       NaN       NaN     1.012
 121.2604167     7.750     0.001     0.448     0.000     0.447       NaN       NaN       NaN       NaN       NaN       NaN       NaN       NaN     0.000     0.000     0.002     0.002       NaN       NaN       NaN       NaN    96.318    95.434     0.667       NaN       NaN     1.187
 121.2604167     7.250     0.000     0.432     0.000     0.432       NaN       NaN       NaN       NaN       NaN       NaN       NaN       NaN     0.000     0.000     0.002     0.002       NaN       NaN       NaN       NaN    90.243    89.468     0.569       NaN       NaN     1.393
 121.2604167     6.750     0.000     0.411     0.000     0.411       NaN       NaN       NaN       NaN       NaN       NaN       NaN       NaN     0.000     0.000     0.002     0.002       NaN       NaN       NaN       NaN    84.761    84.100     0.484       NaN       NaN     1.635
 121.2604167     6.250     0.000     0.385     0.000     0.385       NaN       NaN       NaN       NaN       NaN       NaN       NaN       NaN     0.000     0.000     0.002     0.002       NaN       NaN       NaN       NaN    79.879    79.329     0.413       NaN       NaN     1.919
 121.2604167     5.750     0.000     0.356     0.000     0.356       NaN       NaN       NaN       NaN       NaN       NaN       NaN       NaN     0.000     0.000     0.002     0.002       NaN       NaN       NaN       NaN    75.580    75.133     0.352       NaN       NaN     2.253
 121.2604167     5.250     0.000     0.324     0.000     0.324       NaN       NaN       NaN       NaN       NaN       NaN       NaN       NaN     0.000     0.000     0.002     0.002       NaN       NaN       NaN       NaN    71.831    71.476     0.300       NaN       NaN     2.644
 121.2604167     4.750     0.000     0.291     0.000     0.291       NaN       NaN       NaN       NaN       NaN       NaN       NaN       NaN     0.000     0.000     0.002     0.002       NaN       NaN       NaN       NaN    68.595    68.320     0.255       NaN       NaN     3.103
 121.2604167     4.250     0.000     0.257     0.000     0.257       NaN       NaN       NaN       NaN       NaN       NaN       NaN       NaN     0.000     0.000     0.002     0.002       NaN       NaN       NaN       NaN    65.833    65.626     0.218       NaN       NaN     3.642
 121.2604167     3.750     0.000     0.223     0.000     0.223       NaN       NaN       NaN       NaN       NaN       NaN       NaN       NaN     0.000     0.000     0.002     0.002       NaN       NaN       NaN       NaN    63.505    63.354     0.185       NaN       NaN     4.274
 121.2604167     3.250     0.000     0.189     0.000     0.189       NaN       NaN       NaN       NaN       NaN       NaN       NaN       NaN     0.000     0.000     0.002     0.002       NaN       NaN       NaN       NaN    61.575    61.469     0.158       NaN       NaN     5.016
 121.2604167     2.750     0.000     0.155     0.000     0.155       NaN       NaN       NaN       NaN       NaN       NaN       NaN       NaN     0.000     0.000     0.002     0.002       NaN       NaN       NaN       NaN    60.008    59.938     0.135       NaN       NaN     5.887
 121.2604167     2.250     0.000     0.122     0.000     0.122       NaN       NaN       NaN       NaN       NaN       NaN       NaN       NaN     0.000     0.000     0.002     0.002       NaN       NaN       NaN       NaN    58.773    58.730     0.115       NaN       NaN     6.909
 121.2604167     1.750     0.000     0.091     0.000     0.091       NaN       NaN       NaN       NaN       NaN       NaN       NaN       NaN     0.000     0.000     0.002     0.002       NaN       NaN       NaN       NaN    57.839    57.815     0.098       NaN       NaN     8.109
 121.2604167     1.250     0.000     0.062     0.000     0.062       NaN       NaN       NaN       NaN       NaN       NaN       NaN       NaN     0.000     0.000     0.002     0.002       NaN       NaN       NaN       NaN    57.178    57.167     0.083       NaN       NaN     9.517
 121.2604167     0.750     0.000     0.036     0.000     0.036       NaN       NaN       NaN       NaN       NaN       NaN       NaN       NaN     0.000     0.000     0.002     0.002       NaN       NaN       NaN       NaN    56.761    56.757     0.071       NaN       NaN    11.169
 121.2604167     0.250     0.000     0.000     0.000     0.000  -999.000  -999.000  -999.000  -999.000  -999.000  -999.000  -999.000  -999.000  -999.000  -999.000  -999.000  -999.000  -999.000  -999.000  -999.000  -999.000  -999.000  -999.000     0.060       NaN       NaN    13.109
 121.2812500    22.750     0.000     0.000     0.000     0.000  -999.000  -999.000  -999.000  -999.000  -999.000  -999.000  -999.000  -999.000  -999.000  -999.000  -999.000  -999.000  -999.000  -999.000  -999.000  -999.000  -999.000  -999.000     3.713       NaN       NaN     0.161
 121.2812500    22.250     0.000     0.000     0.000     0.000  -999.000  -999.000  -999.000  -999.000  -999.000  -999.000  -999.000  -999.000  -999.000  -999.000  -999.000  -999.000  -999.000  -999.000  -999.000  -999.000  -999.000  -999.000     3.651       NaN       NaN     0.325
 121.2812500    21.750     0.000     0.000     0.000     0.000  -999.000  -999.000  -999.000  -999.000  -999.000  -999.000  -999.000  -999.000  -999.000  -999.000  -999.000  -999.000  -999.000  -999.000  -999.000  -999.000  -999.000  -999.000     3.588       NaN       NaN     0.329
 121.2812500    21.250     0.000     0.000     0.000     0.000  -999.000  -999.000  -999.000  -999.000  -999.000  -999.000  -999.000  -999.000  -999.000  -999.000  -999.000  -999.000  -999.000  -999.000  -999.000  -999.000  -999.000  -999.000     3.524       NaN       NaN     0.333
 121.2812500    20.750     0.000     0.000     0.000     0.000  -999.000  -999.000  -999.000  -999.000  -999.000  -999.000  -999.000  -999.000  -999.000  -999.000  -999.000  -999.000  -999.000  -999.000  -999.000  -999.000  -999.000  -999.000     3.459       NaN       NaN     0.338
 121.2812500    20.250     0.000     0.000     0.000     0.000  -999.000  -999.000  -999.000  -999.000  -999.000  -999.000  -999.000  -999.000  -999.000  -999.000  -999.000  -999.000  -999.000  -999.000  -999.000  -999.000  -999.000  -999.000     3.392       NaN       NaN     0.343
 121.2812500    19.750     0.000     0.000     0.000     0.000  -999.000  -999.000  -999.000  -999.000  -999.000  -999.000  -999.000  -999.000  -999.000  -999.000  -999.000  -999.000  -999.000  -999.000  -999.000  -999.000  -999.000  -999.000     3.324       NaN       NaN     0.348
 121.2812500    19.250     0.000     0.000     0.000     0.000  -999.000  -999.000  -999.000  -999.000  -999.000  -999.000  -999.000  -999.000  -999.000  -999.000  -999.000  -999.000  -999.000  -999.000  -999.000  -999.000  -999.000  -999.000     3.255       NaN       NaN     0.353
 121.2812500    18.750     0.000     0.000     0.000     0.000  -999.000  -999.000  -999.000  -999.000  -999.000  -999.000  -999.000  -999.000  -999.000  -999.000  -999.000  -999.000  -999.000  -999.000  -999.000  -999.000  -999.000  -999.000     3.184       NaN       NaN     0.359
 121.2812500    18.250     0.000     0.000     0.000     0.000  -999.000  -999.000  -999.000  -999.000  -999.000  -999.000  -999.000  -999.000  -999.000  -999.000  -999.000  -999.000  -999.000  -999.000  -999.000  -999.000  -999.000  -999.000     3.112       NaN       NaN     0.365
 121.2812500    17.750     0.000     0.000     0.000     0.000  -999.000  -999.000  -999.000  -999.000  -999.000  -999.000  -999.000  -999.000  -999.000  -999.000  -999.000  -999.000  -999.000  -999.000  -999.000  -999.000  -999.000  -999.000     3.038       NaN       NaN     0.371
 121.2812500    17.250     0.000     0.000     0.000     0.000  -999.000  -999.000  -999.000  -999.000  -999.000  -999.000  -999.000  -999.000  -999.000  -999.000  -999.000  -999.000  -999.000  -999.000  -999.000  -999.000  -999.000  -999.000     2.962       NaN       NaN     0.378
 121.2812500    16.750     0.000     0.000     0.000     0.000  -999.000  -999.000  -999.000  -999.000  -999.000  -999.000  -999.000  -999.000  -999.000  -999.000  -999.000  -999.000  -999.000  -999.000  -999.000  -999.000  -999.000  -999.000     2.884       NaN       NaN     0.385
 121.2812500    16.250     0.000     0.000     0.000     0.000  -999.000  -999.000  -999.000  -999.000  -999.000  -999.000  -999.000  -999.000  -999.000  -999.000  -999.000  -999.000  -999.000  -999.000  -999.000  -999.000  -999.000  -999.000     2.803       NaN       NaN     0.392
 121.2812500    15.750     0.000     0.000     0.000     0.000  -999.000  -999.000  -999.000  -999.000  -999.000  -999.000  -999.000  -999.000  -999.000  -999.000  -999.000  -999.000  -999.000  -999.000  -999.000  -999.000  -999.000  -999.000     2.720       NaN       NaN     0.400
 121.2812500    15.250     0.000     0.000     0.000     0.000  -999.000  -999.000  -999.000  -999.000  -999.000  -999.000  -999.000  -999.000  -999.000  -999.000  -999.000  -999.000  -999.000  -999.000  -999.000  -999.000  -999.000  -999.000     2.635       NaN       NaN     0.409
 121.2812500    14.750     0.000     0.000     0.000     0.000  -999.000  -999.000  -999.000  -999.000  -999.000  -999.000  -999.000  -999.000  -999.000  -999.000  -999.000  -999.000  -999.000  -999.000  -999.000  -999.000  -999.000  -999.000     2.546       NaN       NaN     0.418
 121.2812500    14.250     0.000     0.000     0.000     0.000  -999.000  -999.000  -999.000  -999.000  -999.000  -999.000  -999.000  -999.000  -999.000  -999.000  -999.000  -999.000  -999.000  -999.000  -999.000  -999.000  -999.000  -999.000     2.453       NaN       NaN     0.428
 121.2812500    13.750     0.000     0.000     0.000     0.000  -999.000  -999.000  -999.000  -999.000  -999.000  -999.000  -999.000  -999.000  -999.000  -999.000  -999.000  -999.000  -999.000  -999.000  -999.000  -999.000  -999.000  -999.000     2.356       NaN       NaN     0.440
 121.2812500    13.250     0.000     0.000     0.000     0.000  -999.000  -999.000  -999.000  -999.000  -999.000  -999.000  -999.000  -999.000  -999.000  -999.000  -999.000  -999.000  -999.000  -999.000  -999.000  -999.000  -999.000  -999.000     2.254       NaN       NaN     0.452
 121.2812500    12.750     0.000     0.000     0.000     0.000  -999.000  -999.000  -999.000  -999.000  -999.000  -999.000  -999.000  -999.000  -999.000  -999.000  -999.000  -999.000  -999.000  -999.000  -999.000  -999.000  -999.000  -999.000     2.147       NaN       NaN     0.467
 121.2812500    12.250     0.000     0.000     0.000     0.000  -999.000  -999.000  -999.000  -999.000  -999.000  -999.000  -999.000  -999.000  -999.000  -999.000  -999.000  -999.000  -999.000  -999.000  -999.000  -999.000  -999.000  -999.000     2.032       NaN       NaN     0.484
 121.2812500    11.750     0.000     0.000     0.000     0.000  -999.000  -999.000  -999.000  -999.000  -999.000  -999.000  -999.000  -999.000  -999.000  -999.000  -999.000  -999.000  -999.000  -999.000  -999.000  -999.000  -999.000  -999.000     1.908       NaN       NaN     0.504
 121.2812500    11.250     0.000     0.000     0.000     0.000  -999.000  -999.000  -999.000  -999.000  -999.000  -999.000  -999.000  -999.000  -999.000  -999.000  -999.000  -999.000  -999.000  -999.000  -999.000  -999.000  -999.000  -999.000     1.771       NaN       NaN     0.531
 121.2812500    10.750     0.000     0.000     0.000     0.000  -999.000  -999.000  -999.000  -999.000  -999.000  -999.000  -999.000  -999.000  -999.000  -999.000  -999.000  -999.000  -999.000  -999.000  -999.000  -999.000  -999.000  -999.000     1.619       NaN       NaN     0.561
 121.2812500    10.250     0.000     0.000     0.000     0.000  -999.000  -999.000  -999.000  -999.000  -999.000  -999.000  -999.000  -999.000  -999.000  -999.000  -999.000  -999.000  -999.000  -999.000  -999.000  -999.000  -999.000  -999.000     1.443       NaN       NaN     0.607
 121.2812500     9.750     0.581     0.304     0.177     0.127       NaN       NaN       NaN       NaN       NaN       NaN       NaN       NaN     0.000     0.000     0.002     0.002       NaN       NaN       NaN       NaN   122.789   121.512     1.237       NaN       NaN     0.689
 121.2812500     9.250     0.147     0.413     0.061     0.352       NaN       NaN       NaN       NaN       NaN       NaN       NaN       NaN     0.000     0.000     0.002     0.002       NaN       NaN       NaN       NaN   116.918   115.838     1.054       NaN       NaN     0.800
 121.2812500     8.750     0.027     0.446     0.012     0.434       NaN       NaN       NaN       NaN       NaN       NaN       NaN       NaN     0.000     0.000     0.002     0.002       NaN       NaN       NaN       NaN   109.915   108.886     0.898       NaN       NaN     0.939
 121.2812500     8.250     0.005     0.454     0.002     0.452       NaN       NaN       NaN       NaN       NaN       NaN       NaN       NaN     0.000     0.000     0.002     0.002       NaN       NaN       NaN       NaN   102.927   101.954     0.765       NaN       NaN     1.102
 121.2812500     7.750     0.001     0.448     0.000     0.447       NaN       NaN       NaN       NaN       NaN       NaN       NaN       NaN     0.000     0.000     0.002     0.002       NaN       NaN       NaN       NaN    96.318    95.434     0.652       NaN       NaN     1.293
 121.2812500     7.250     0.000     0.432     0.000     0.432       NaN       NaN       NaN       NaN       NaN       NaN       NaN       NaN     0.000     0.000     0.002     0.002       NaN       NaN       NaN       NaN    90.243    89.468     0.556       NaN       NaN     1.518
 121.2812500     6.750     0.000     0.411     0.000     0.411       NaN       NaN       NaN       NaN       NaN       NaN       NaN       NaN     0.000     0.000     0.002     0.002       NaN       NaN       NaN       NaN    84.761    84.100     0.473       NaN       NaN     1.781
 121.2812500     6.250     0.000     0.385     0.000     0.385       NaN       NaN       NaN       NaN       NaN       NaN       NaN       NaN     0.000     0.000     0.002     0.002       NaN       NaN       NaN       NaN    79.879    79.329     0.403       NaN       NaN     2.090
 121.2812500     5.750     0.000     0.356     0.000     0.356       NaN       NaN       NaN       NaN       NaN       NaN       NaN       NaN     0.000     0.000     0.002     0.002       NaN       NaN       NaN       NaN    75.580    75.133     0.344       NaN       NaN     2.453
 121.2812500     5.250     0.000     0.324     0.000     0.324       NaN       NaN       NaN       NaN       NaN       NaN       NaN       NaN     0.000     0.000     0.002     0.002       NaN       NaN       NaN       NaN    71.831    71.476     0.293       NaN       NaN     2.879
 121.2812500     4.750     0.000     0.291     0.000     0.291       NaN       NaN       NaN       NaN       NaN       NaN       NaN       NaN     0.000     0.000     0.002     0.002       NaN       NaN       NaN       NaN    68.595    68.320     0.250       NaN       NaN     3.379
 121.2812500     4.250     0.000     0.257     0.000     0.257       NaN       NaN       NaN       NaN       NaN       NaN       NaN       NaN     0.000     0.000     0.002     0.002       NaN       NaN       NaN       NaN    65.833    65.626     0.213       NaN       NaN     3.966
 121.2812500     3.750     0.000     0.223     0.000     0.223       NaN       NaN       NaN       NaN       NaN       NaN       NaN       NaN     0.000     0.000     0.002     0.002       NaN       NaN       NaN       NaN    63.505    63.354     0.181       NaN       NaN     4.655
 121.2812500     3.250     0.000     0.189     0.000     0.189       NaN       NaN       NaN       NaN       NaN       NaN       NaN       NaN     0.000     0.000     0.002     0.002       NaN       NaN       NaN       NaN    61.575    61.469     0.154       NaN       NaN     5.463
 121.2812500     2.750     0.000     0.155     0.000     0.155       NaN       NaN       NaN       NaN       NaN       NaN       NaN       NaN     0.000     0.000     0.002     0.002       NaN       NaN       NaN       NaN    60.008    59.938     0.132       NaN       NaN     6.412
 121.2812500     2.250     0.000     0.122     0.000     0.122       NaN       NaN       NaN       NaN       NaN       NaN       NaN       NaN     0.000     0.000     0.002     0.002       NaN       NaN       NaN       NaN    58.773    58.730     0.112       NaN       NaN     7.525
 121.2812500     1.750     0.000     0.091     0.000     0.091       NaN       NaN       NaN       NaN       NaN       NaN       NaN       NaN     0.000     0.000     0.002     0.002       NaN       NaN       NaN       NaN    57.839    57.815     0.095       NaN       NaN     8.831
 121.2812500     1.250     0.000     0.062     0.000     0.062       NaN       NaN       NaN       NaN       NaN       NaN       NaN       NaN     0.000     0.000     0.002     0.002       NaN       NaN       NaN       NaN    57.178    57.167     0.081       NaN       NaN    10.365
 121.2812500     0.750     0.000     0.036     0.000     0.036       NaN       NaN       NaN       NaN       NaN       NaN       NaN       NaN     0.000     0.000     0.002     0.002       NaN       NaN       NaN       NaN    56.761    56.757     0.069       NaN       NaN    12.164
 121.2812500     0.250     0.000     0.000     0.000     0.000  -999.000  -999.000  -999.000  -999.000  -999.000  -999.000  -999.000  -999.000  -999.000  -999.000  -999.000  -999.000  -999.000  -999.000  -999.000  -999.000  -999.000  -999.000     0.059       NaN       NaN    14.277
 121.3020833    22.750     0.000     0.000     0.000     0.000  -999.000  -999.000  -999.000  -999.000  -999.000  -999.000  -999.000  -999.000  -999.000  -999.000  -999.000  -999.000  -999.000  -999.000  -999.000  -999.000  -999.000  -999.000     3.991       NaN       NaN     0.148
 121.3020833    22.250     0.000     0.000     0.000     0.000  -999.000  -999.000  -999.000  -999.000  -999.000  -999.000  -999.000  -999.000  -999.000  -999.000  -999.000  -999.000  -999.000  -999.000  -999.000  -999.000  -999.000  -999.000     3.925       NaN       NaN     0.299
 121.3020833    21.750     0.000     0.000     0.000     0.000  -999.000  -999.000  -999.000  -999.000  -999.000  -999.000  -999.000  -999.000  -999.000  -999.000  -999.000  -999.000  -999.000  -999.000  -999.000  -999.000  -999.000  -999.000     3.857       NaN       NaN     0.303
 121.3020833    21.250     0.000     0.000     0.000     0.000  -999.000  -999.000  -999.000  -999.000  -999.000  -999.000  -999.000  -999.000  -999.000  -999.000  -999.000  -999.000  -999.000  -999.000  -999.000  -999.000  -999.000  -999.000     3.788       NaN       NaN     0.307
 121.3020833    20.750     0.000     0.000     0.000     0.000  -999.000  -999.000  -999.000  -999.000  -999.000  -999.000  -999.000  -999.000  -999.000  -999.000  -999.000  -999.000  -999.000  -999.000  -999.000  -999.000  -999.000  -999.000     3.718       NaN       NaN     0.311
 121.3020833    20.250     0.000     0.000     0.000     0.000  -999.000  -999.000  -999.000  -999.000  -999.000  -999.000  -999.000  -999.000  -999.000  -999.000  -999.000  -999.000  -999.000  -999.000  -999.000  -999.000  -999.000  -999.000     3.646       NaN       NaN     0.315
 121.3020833    19.750     0.000     0.000     0.000     0.000  -999.000  -999.000  -999.000  -999.000  -999.000  -999.000  -999.000  -999.000  -999.000  -999.000  -999.000  -999.000  -999.000  -999.000  -999.000  -999.000  -999.000  -999.000     3.573       NaN       NaN     0.320
 121.3020833    19.250     0.000     0.000     0.000     0.000  -999.000  -999.000  -999.000  -999.000  -999.000  -999.000  -999.000  -999.000  -999.000  -999.000  -999.000  -999.000  -999.000  -999.000  -999.000  -999.000  -999.000  -999.000     3.499       NaN       NaN     0.325
 121.3020833    18.750     0.000     0.000     0.000     0.000  -999.000  -999.000  -999.000  -999.000  -999.000  -999.000  -999.000  -999.000  -999.000  -999.000  -999.000  -999.000  -999.000  -999.000  -999.000  -999.000  -999.000  -999.000     3.423       NaN       NaN     0.330
 121.3020833    18.250     0.000     0.000     0.000     0.000  -999.000  -999.000  -999.000  -999.000  -999.000  -999.000  -999.000  -999.000  -999.000  -999.000  -999.000  -999.000  -999.000  -999.000  -999.000  -999.000  -999.000  -999.000     3.345       NaN       NaN     0.336
 121.3020833    17.750     0.000     0.000     0.000     0.000  -999.000  -999.000  -999.000  -999.000  -999.000  -999.000  -999.000  -999.000  -999.000  -999.000  -999.000  -999.000  -999.000  -999.000  -999.000  -999.000  -999.000  -999.000     3.265       NaN       NaN     0.341
 121.3020833    17.250     0.000     0.000     0.000     0.000  -999.000  -999.000  -999.000  -999.000  -999.000  -999.000  -999.000  -999.000  -999.000  -999.000  -999.000  -999.000  -999.000  -999.000  -999.000  -999.000  -999.000  -999.000     3.183       NaN       NaN     0.348
 121.3020833    16.750     0.000     0.000     0.000     0.000  -999.000  -999.000  -999.000  -999.000  -999.000  -999.000  -999.000  -999.000  -999.000  -999.000  -999.000  -999.000  -999.000  -999.000  -999.000  -999.000  -999.000  -999.000     3.100       NaN       NaN     0.354
 121.3020833    16.250     0.000     0.000     0.000     0.000  -999.000  -999.000  -999.000  -999.000  -999.000  -999.000  -999.000  -999.000  -999.000  -999.000  -999.000  -999.000  -999.000  -999.000  -999.000  -999.000  -999.000  -999.000     3.013       NaN       NaN     0.361
 121.3020833    15.750     0.000     0.000     0.000     0.000  -999.000  -999.000  -999.000  -999.000  -999.000  -999.000  -999.000  -999.000  -999.000  -999.000  -999.000  -999.000  -999.000  -999.000  -999.000  -999.000  -999.000  -999.000     2.924       NaN       NaN     0.368
 121.3020833    15.250     0.000     0.000     0.000     0.000  -999.000  -999.000  -999.000  -999.000  -999.000  -999.000  -999.000  -999.000  -999.000  -999.000  -999.000  -999.000  -999.000  -999.000  -999.000  -999.000  -999.000  -999.000     2.832       NaN       NaN     0.376
 121.3020833    14.750     0.000     0.000     0.000     0.000  -999.000  -999.000  -999.000  -999.000  -999.000  -999.000  -999.000  -999.000  -999.000  -999.000  -999.000  -999.000  -999.000  -999.000  -999.000  -999.000  -999.000  -999.000     2.736       NaN       NaN     0.385
 121.3020833    14.250     0.000     0.000     0.000     0.000  -999.000  -999.000  -999.000  -999.000  -999.000  -999.000  -999.000  -999.000  -999.000  -999.000  -999.000  -999.000  -999.000  -999.000  -999.000  -999.000  -999.000  -999.000     2.637       NaN       NaN     0.394
 121.3020833    13.750     0.000     0.000     0.000     0.000  -999.000  -999.000  -999.000  -999.000  -999.000  -999.000  -999.000  -999.000  -999.000  -999.000  -999.000  -999.000  -999.000  -999.000  -999.000  -999.000  -999.000  -999.000     2.532       NaN       NaN     0.405
 121.3020833    13.250     0.000     0.000     0.000     0.000  -999.000  -999.000  -999.000  -999.000  -999.000  -999.000  -999.000  -999.000  -999.000  -999.000  -999.000  -999.000  -999.000  -999.000  -999.000  -999.000  -999.000  -999.000     2.423       NaN       NaN     0.416
 121.3020833    12.750     0.000     0.000     0.000     0.000  -999.000  -999.000  -999.000  -999.000  -999.000  -999.000  -999.000  -999.000  -999.000  -999.000  -999.000  -999.000  -999.000  -999.000  -999.000  -999.000  -999.000  -999.000     2.307       NaN       NaN     0.429
 121.3020833    12.250     0.000     0.000     0.000     0.000  -999.000  -999.000  -999.000  -999.000  -999.000  -999.000  -999.000  -999.000  -999.000  -999.000  -999.000  -999.000  -999.000  -999.000  -999.000  -999.000  -999.000  -999.000     2.184       NaN       NaN     0.445
 121.3020833    11.750     0.000     0.000     0.000     0.000  -999.000  -999.000  -999.000  -999.000  -999.000  -999.000  -999.000  -999.000  -999.000  -999.000  -999.000  -999.000  -999.000  -999.000  -999.000  -999.000  -999.000  -999.000     2.050       NaN       NaN     0.464
 121.3020833    11.250     0.000     0.000     0.000     0.000  -999.000  -999.000  -999.000  -999.000  -999.000  -999.000  -999.000  -999.000  -999.000  -999.000  -999.000  -999.000  -999.000  -999.000  -999.000  -999.000  -999.000  -999.000     1.904       NaN       NaN     0.488
 121.3020833    10.750     0.000     0.000     0.000     0.000  -999.000  -999.000  -999.000  -999.000  -999.000  -999.000  -999.000  -999.000  -999.000  -999.000  -999.000  -999.000  -999.000  -999.000  -999.000  -999.000  -999.000  -999.000     1.740       NaN       NaN     0.517
 121.3020833    10.250     0.000     0.000     0.000     0.000  -999.000  -999.000  -999.000  -999.000  -999.000  -999.000  -999.000  -999.000  -999.000  -999.000  -999.000  -999.000  -999.000  -999.000  -999.000  -999.000  -999.000  -999.000     1.550       NaN       NaN     0.559
 121.3020833     9.750     0.581     0.304     0.177     0.127       NaN       NaN       NaN       NaN       NaN       NaN       NaN       NaN     0.000     0.000     0.002     0.002       NaN       NaN       NaN       NaN   122.789   121.512     1.330       NaN       NaN     0.634
 121.3020833     9.250     0.147     0.413     0.061     0.352       NaN       NaN       NaN       NaN       NaN       NaN       NaN       NaN     0.000     0.000     0.002     0.002       NaN       NaN       NaN       NaN   116.918   115.838     1.133       NaN       NaN     0.736
 121.3020833     8.750     0.027     0.446     0.012     0.434       NaN       NaN       NaN       NaN       NaN       NaN       NaN       NaN     0.000     0.000     0.002     0.002       NaN       NaN       NaN       NaN   109.915   108.886     0.965       NaN       NaN     0.864
 121.3020833     8.250     0.005     0.454     0.002     0.452       NaN       NaN       NaN       NaN       NaN       NaN       NaN       NaN     0.000     0.000     0.002     0.002       NaN       NaN       NaN       NaN   102.927   101.954     0.823       NaN       NaN     1.014
 121.3020833     7.750     0.001     0.448     0.000     0.447       NaN       NaN       NaN       NaN       NaN       NaN       NaN       NaN     0.000     0.000     0.002     0.002       NaN       NaN       NaN       NaN    96.318    95.434     0.701       NaN       NaN     1.190
 121.3020833     7.250     0.000     0.432     0.000     0.432       NaN       NaN       NaN       NaN       NaN       NaN       NaN       NaN     0.000     0.000     0.002     0.002       NaN       NaN       NaN       NaN    90.243    89.468     0.597       NaN       NaN     1.396
 121.3020833     6.750     0.000     0.411     0.000     0.411       NaN       NaN       NaN       NaN       NaN       NaN       NaN       NaN     0.000     0.000     0.002     0.002       NaN       NaN       NaN       NaN    84.761    84.100     0.509       NaN       NaN     1.639
 121.3020833     6.250     0.000     0.385     0.000     0.385       NaN       NaN       NaN       NaN       NaN       NaN       NaN       NaN     0.000     0.000     0.002     0.002       NaN       NaN       NaN       NaN    79.879    79.329     0.434       NaN       NaN     1.923
 121.3020833     5.750     0.000     0.356     0.000     0.356       NaN       NaN       NaN       NaN       NaN       NaN       NaN       NaN     0.000     0.000     0.002     0.002       NaN       NaN       NaN       NaN    75.580    75.133     0.369       NaN       NaN     2.257
 121.3020833     5.250     0.000     0.324     0.000     0.324       NaN       NaN       NaN       NaN       NaN       NaN       NaN       NaN     0.000     0.000     0.002     0.002       NaN       NaN       NaN       NaN    71.831    71.476     0.315       NaN       NaN     2.649
 121.3020833     4.750     0.000     0.291     0.000     0.291       NaN       NaN       NaN       NaN       NaN       NaN       NaN       NaN     0.000     0.000     0.002     0.002       NaN       NaN       NaN       NaN    68.595    68.320     0.268       NaN       NaN     3.109
 121.3020833     4.250     0.000     0.257     0.000     0.257       NaN       NaN       NaN       NaN       NaN       NaN       NaN       NaN     0.000     0.000     0.002     0.002       NaN       NaN       NaN       NaN    65.833    65.626     0.229       NaN       NaN     3.649
 121.3020833     3.750     0.000     0.223     0.000     0.223       NaN       NaN       NaN       NaN       NaN       NaN       NaN       NaN     0.000     0.000     0.002     0.002       NaN       NaN       NaN       NaN    63.505    63.354     0.195       NaN       NaN     4.283
 121.3020833     3.250     0.000     0.189     0.000     0.189       NaN       NaN       NaN       NaN       NaN       NaN       NaN       NaN     0.000     0.000     0.002     0.002       NaN       NaN       NaN       NaN    61.575    61.469     0.166       NaN       NaN     5.026
 121.3020833     2.750     0.000     0.155     0.000     0.155       NaN       NaN       NaN       NaN       NaN       NaN       NaN       NaN     0.000     0.000     0.002     0.002       NaN       NaN       NaN       NaN    60.008    59.938     0.141       NaN       NaN     5.899
 121.3020833     2.250     0.000     0.122     0.000     0.122       NaN       NaN       NaN       NaN       NaN       NaN       NaN       NaN     0.000     0.000     0.002     0.002       NaN       NaN       NaN       NaN    58.773    58.730     0.120       NaN       NaN     6.924
 121.3020833     1.750     0.000     0.091     0.000     0.091       NaN       NaN       NaN       NaN       NaN       NaN       NaN       NaN     0.000     0.000     0.002     0.002       NaN       NaN       NaN       NaN    57.839    57.815     0.103       NaN       NaN     8.126
 121.3020833     1.250     0.000     0.062     0.000     0.062       NaN       NaN       NaN       NaN       NaN       NaN       NaN       NaN     0.000     0.000     0.002     0.002       NaN       NaN       NaN       NaN    57.178    57.167     0.087       NaN       NaN     9.537
 121.3020833     0.750     0.000     0.036     0.000     0.036       NaN       NaN       NaN       NaN       NaN       NaN       NaN       NaN     0.000     0.000     0.002     0.002       NaN       NaN       NaN       NaN    56.761    56.757     0.075       NaN       NaN    11.193
 121.3020833     0.250     0.000     0.000     0.000     0.000  -999.000  -999.000  -999.000  -999.000  -999.000  -999.000  -999.000  -999.000  -999.000  -999.000  -999.000  -999.000  -999.000  -999.000  -999.000  -999.000  -999.000  -999.000     0.063       NaN       NaN    13.136
 121.3229167    22.750     0.000     0.000     0.000     0.000  -999.000  -999.000  -999.000  -999.000  -999.000  -999.000  -999.000  -999.000  -999.000  -999.000  -999.000  -999.000  -999.000  -999.000  -999.000  -999.000  -999.000  -999.000     3.303       NaN       NaN     0.155
 121.3229167    22.250     0.000     0.000     0.000     0.000  -999.000  -999.000  -999.000  -999.000  -999.000  -999.000  -999.000  -999.000  -999.000  -999.000  -999.000  -999.000  -999.000  -999.000  -999.000  -999.000  -999.000  -999.000     3.248       NaN       NaN     0.313
 121.3229167    21.750     0.000     0.000     0.000     0.000  -999.000  -999.000  -999.000  -999.000  -999.000  -999.000  -999.000  -999.000  -999.000  -999.000  -999.000  -999.000  -999.000  -999.000  -999.000  -999.000  -999.000  -999.000     3.192       NaN       NaN     0.317
 121.3229167    21.250     0.000     0.000     0.000     0.000  -999.000  -999.000  -999.000  -999.000  -999.000  -999.000  -999.000  -999.000  -999.000  -999.000  -999.000  -999.000  -999.000  -999.000  -999.000  -999.000  -999.000  -999.000     3.134       NaN       NaN     0.321
 121.3229167    20.750     0.000     0.000     0.000     0.000  -999.000  -999.000  -999.000  -999.000  -999.000  -999.000  -999.000  -999.000  -999.000  -999.000  -999.000  -999.000  -999.000  -999.000  -999.000  -999.000  -999.000  -999.000     3.076       NaN       NaN     0.326
 121.3229167    20.250     0.000     0.000     0.000     0.000  -999.000  -999.000  -999.000  -999.000  -999.000  -999.000  -999.000  -999.000  -999.000  -999.000  -999.000  -999.000  -999.000  -999.000  -999.000  -999.000  -999.000  -999.000     3.017       NaN       NaN     0.331
 121.3229167    19.750     0.000     0.000     0.000     0.000  -999.000  -999.000  -999.000  -999.000  -999.000  -999.000  -999.000  -999.000  -999.000  -999.000  -999.000  -999.000  -999.000  -999.000  -999.000  -999.000  -999.000  -999.000     2.957       NaN       NaN     0.336
 121.3229167    19.250     0.000     0.000     0.000     0.000  -999.000  -999.000  -999.000  -999.000  -999.000  -999.000  -999.000  -999.000  -999.000  -999.000  -999.000  -999.000  -999.000  -999.000  -999.000  -999.000  -999.000  -999.000     2.895       NaN       NaN     0.341
 121.3229167    18.750     0.000     0.000     0.000     0.000  -999.000  -999.000  -999.000  -999.000  -999.000  -999.000  -999.000  -999.000  -999.000  -999.000  -999.000  -999.000  -999.000  -999.000  -999.000  -999.000  -999.000  -999.000     2.832       NaN       NaN     0.346
 121.3229167    18.250     0.000     0.000     0.000     0.000  -999.000  -999.000  -999.000  -999.000  -999.000  -999.000  -999.000  -999.000  -999.000  -999.000  -999.000  -999.000  -999.000  -999.000  -999.000  -999.000  -999.000  -999.000     2.768       NaN       NaN     0.352
 121.3229167    17.750     0.000     0.000     0.000     0.000  -999.000  -999.000  -999.000  -999.000  -999.000  -999.000  -999.000  -999.000  -999.000  -999.000  -999.000  -999.000  -999.000  -999.000  -999.000  -999.000  -999.000  -999.000     2.702       NaN       NaN     0.358
 121.3229167    17.250     0.000     0.000     0.000     0.000  -999.000  -999.000  -999.000  -999.000  -999.000  -999.000  -999.000  -999.000  -999.000  -999.000  -999.000  -999.000  -999.000  -999.000  -999.000  -999.000  -999.000  -999.000     2.634       NaN       NaN     0.364
 121.3229167    16.750     0.000     0.000     0.000     0.000  -999.000  -999.000  -999.000  -999.000  -999.000  -999.000  -999.000  -999.000  -999.000  -999.000  -999.000  -999.000  -999.000  -999.000  -999.000  -999.000  -999.000  -999.000     2.565       NaN       NaN     0.371
 121.3229167    16.250     0.000     0.000     0.000     0.000  -999.000  -999.000  -999.000  -999.000  -999.000  -999.000  -999.000  -999.000  -999.000  -999.000  -999.000  -999.000  -999.000  -999.000  -999.000  -999.000  -999.000  -999.000     2.493       NaN       NaN     0.378
 121.3229167    15.750     0.000     0.000     0.000     0.000  -999.000  -999.000  -999.000  -999.000  -999.000  -999.000  -999.000  -999.000  -999.000  -999.000  -999.000  -999.000  -999.000  -999.000  -999.000  -999.000  -999.000  -999.000     2.420       NaN       NaN     0.386
 121.3229167    15.250     0.000     0.000     0.000     0.000  -999.000  -999.000  -999.000  -999.000  -999.000  -999.000  -999.000  -999.000  -999.000  -999.000  -999.000  -999.000  -999.000  -999.000  -999.000  -999.000  -999.000  -999.000     2.343       NaN       NaN     0.394
 121.3229167    14.750     0.000     0.000     0.000     0.000  -999.000  -999.000  -999.000  -999.000  -999.000  -999.000  -999.000  -999.000  -999.000  -999.000  -999.000  -999.000  -999.000  -999.000  -999.000  -999.000  -999.000  -999.000     2.264       NaN       NaN     0.403
 121.3229167    14.250     0.000     0.000     0.000     0.000  -999.000  -999.000  -999.000  -999.000  -999.000  -999.000  -999.000  -999.000  -999.000  -999.000  -999.000  -999.000  -999.000  -999.000  -999.000  -999.000  -999.000  -999.000     2.182       NaN       NaN     0.413
 121.3229167    13.750     0.000     0.000     0.000     0.000  -999.000  -999.000  -999.000  -999.000  -999.000  -999.000  -999.000  -999.000  -999.000  -999.000  -999.000  -999.000  -999.000  -999.000  -999.000  -999.000  -999.000  -999.000     2.096       NaN       NaN     0.424
 121.3229167    13.250     0.000     0.000     0.000     0.000  -999.000  -999.000  -999.000  -999.000  -999.000  -999.000  -999.000  -999.000  -999.000  -999.000  -999.000  -999.000  -999.000  -999.000  -999.000  -999.000  -999.000  -999.000     2.005       NaN       NaN     0.436
 121.3229167    12.750     0.000     0.000     0.000     0.000  -999.000  -999.000  -999.000  -999.000  -999.000  -999.000  -999.000  -999.000  -999.000  -999.000  -999.000  -999.000  -999.000  -999.000  -999.000  -999.000  -999.000  -999.000     1.909       NaN       NaN     0.450
 121.3229167    12.250     0.000     0.000     0.000     0.000  -999.000  -999.000  -999.000  -999.000  -999.000  -999.000  -999.000  -999.000  -999.000  -999.000  -999.000  -999.000  -999.000  -999.000  -999.000  -999.000  -999.000  -999.000     1.807       NaN       NaN     0.466
 121.3229167    11.750     0.000     0.000     0.000     0.000  -999.000  -999.000  -999.000  -999.000  -999.000  -999.000  -999.000  -999.000  -999.000  -999.000  -999.000  -999.000  -999.000  -999.000  -999.000  -999.000  -999.000  -999.000     1.697       NaN       NaN     0.486
 121.3229167    11.250     0.000     0.000     0.000     0.000  -999.000  -999.000  -999.000  -999.000  -999.000  -999.000  -999.000  -999.000  -999.000  -999.000  -999.000  -999.000  -999.000  -999.000  -999.000  -999.000  -999.000  -999.000     1.575       NaN       NaN     0.511
 121.3229167    10.750     0.000     0.000     0.000     0.000  -999.000  -999.000  -999.000  -999.000  -999.000  -999.000  -999.000  -999.000  -999.000  -999.000  -999.000  -999.000  -999.000  -999.000  -999.000  -999.000  -999.000  -999.000     1.440       NaN       NaN     0.541
 121.3229167    10.250     0.000     0.000     0.000     0.000  -999.000  -999.000  -999.000  -999.000  -999.000  -999.000  -999.000  -999.000  -999.000  -999.000  -999.000  -999.000  -999.000  -999.000  -999.000  -999.000  -999.000  -999.000     1.283       NaN       NaN     0.586
 121.3229167     9.750     0.581     0.304     0.177     0.127       NaN       NaN       NaN       NaN       NaN       NaN       NaN       NaN     0.000     0.000     0.002     0.002       NaN       NaN       NaN       NaN   122.789   121.512     1.100       NaN       NaN     0.664
 121.3229167     9.250     0.147     0.413     0.061     0.352       NaN       NaN       NaN       NaN       NaN       NaN       NaN       NaN     0.000     0.000     0.002     0.002       NaN       NaN       NaN       NaN   116.918   115.838     0.938       NaN       NaN     0.771
 121.3229167     8.750     0.027     0.446     0.012     0.434       NaN       NaN       NaN       NaN       NaN       NaN       NaN       NaN     0.000     0.000     0.002     0.002       NaN       NaN       NaN       NaN   109.915   108.886     0.799       NaN       NaN     0.905
 121.3229167     8.250     0.005     0.454     0.002     0.452       NaN       NaN       NaN       NaN       NaN       NaN       NaN       NaN     0.000     0.000     0.002     0.002       NaN       NaN       NaN       NaN   102.927   101.954     0.681       NaN       NaN     1.062
 121.3229167     7.750     0.001     0.448     0.000     0.447       NaN       NaN       NaN       NaN       NaN       NaN       NaN       NaN     0.000     0.000     0.002     0.002       NaN       NaN       NaN       NaN    96.318    95.434     0.580       NaN       NaN     1.247
 121.3229167     7.250     0.000     0.432     0.000     0.432       NaN       NaN       NaN       NaN       NaN       NaN       NaN       NaN     0.000     0.000     0.002     0.002       NaN       NaN       NaN       NaN    90.243    89.468     0.494       NaN       NaN     1.463
 121.3229167     6.750     0.000     0.411     0.000     0.411       NaN       NaN       NaN       NaN       NaN       NaN       NaN       NaN     0.000     0.000     0.002     0.002       NaN       NaN       NaN       NaN    84.761    84.100     0.421       NaN       NaN     1.717
 121.3229167     6.250     0.000     0.385     0.000     0.385       NaN       NaN       NaN       NaN       NaN       NaN       NaN       NaN     0.000     0.000     0.002     0.002       NaN       NaN       NaN       NaN    79.879    79.329     0.359       NaN       NaN     2.015
 121.3229167     5.750     0.000     0.356     0.000     0.356       NaN       NaN       NaN       NaN       NaN       NaN       NaN       NaN     0.000     0.000     0.002     0.002       NaN       NaN       NaN       NaN    75.580    75.133     0.306       NaN       NaN     2.365
 121.3229167     5.250     0.000     0.324     0.000     0.324       NaN       NaN       NaN       NaN       NaN       NaN       NaN       NaN     0.000     0.000     0.002     0.002       NaN       NaN       NaN       NaN    71.831    71.476     0.260       NaN       NaN     2.776
 121.3229167     4.750     0.000     0.291     0.000     0.291       NaN       NaN       NaN       NaN       NaN       NaN       NaN       NaN     0.000     0.000     0.002     0.002       NaN       NaN       NaN       NaN    68.595    68.320     0.222       NaN       NaN     3.258
 121.3229167     4.250     0.000     0.257     0.000     0.257       NaN       NaN       NaN       NaN       NaN       NaN       NaN       NaN     0.000     0.000     0.002     0.002       NaN       NaN       NaN       NaN    65.833    65.626     0.189       NaN       NaN     3.824
 121.3229167     3.750     0.000     0.223     0.000     0.223       NaN       NaN       NaN       NaN       NaN       NaN       NaN       NaN     0.000     0.000     0.002     0.002       NaN       NaN       NaN       NaN    63.505    63.354     0.161       NaN       NaN     4.488
 121.3229167     3.250     0.000     0.189     0.000     0.189       NaN       NaN       NaN       NaN       NaN       NaN       NaN       NaN     0.000     0.000     0.002     0.002       NaN       NaN       NaN       NaN    61.575    61.469     0.137       NaN       NaN     5.267
 121.3229167     2.750     0.000     0.155     0.000     0.155       NaN       NaN       NaN       NaN       NaN       NaN       NaN       NaN     0.000     0.000     0.002     0.002       NaN       NaN       NaN       NaN    60.008    59.938     0.117       NaN       NaN     6.181
 121.3229167     2.250     0.000     0.122     0.000     0.122       NaN       NaN       NaN       NaN       NaN       NaN       NaN       NaN     0.000     0.000     0.002     0.002       NaN       NaN       NaN       NaN    58.773    58.730     0.100       NaN       NaN     7.255
 121.3229167     1.750     0.000     0.091     0.000     0.091       NaN       NaN       NaN       NaN       NaN       NaN       NaN       NaN     0.000     0.000     0.002     0.002       NaN       NaN       NaN       NaN    57.839    57.815     0.085       NaN       NaN     8.514
 121.3229167     1.250     0.000     0.062     0.000     0.062       NaN       NaN       NaN       NaN       NaN       NaN       NaN       NaN     0.000     0.000     0.002     0.002       NaN       NaN       NaN       NaN    57.178    57.167     0.072       NaN       NaN     9.993
 121.3229167     0.750     0.000     0.036     0.000     0.036       NaN       NaN       NaN       NaN       NaN       NaN       NaN       NaN     0.000     0.000     0.002     0.002       NaN       NaN       NaN       NaN    56.761    56.757     0.062       NaN       NaN    11.728
 121.3229167     0.250     0.000     0.000     0.000     0.000  -999.000  -999.000  -999.000  -999.000  -999.000  -999.000  -999.000  -999.000  -999.000  -999.000  -999.000  -999.000  -999.000  -999.000  -999.000  -999.000  -999.000  -999.000     0.053       NaN       NaN    13.764
 121.3437500    22.750     0.000     0.000     0.000     0.000  -999.000  -999.000  -999.000  -999.000  -999.000  -999.000  -999.000  -999.000  -999.000  -999.000  -999.000  -999.000  -999.000  -999.000  -999.000  -999.000  -999.000  -999.000     2.070       NaN       NaN     0.234
 121.3437500    22.250     0.000     0.000     0.000     0.000  -999.000  -999.000  -999.000  -999.000  -999.000  -999.000  -999.000  -999.000  -999.000  -999.000  -999.000  -999.000  -999.000  -999.000  -999.000  -999.000  -999.000  -999.000     2.035       NaN       NaN     0.473
 121.3437500    21.750     0.000     0.000     0.000     0.000  -999.000  -999.000  -999.000  -999.000  -999.000  -999.000  -999.000  -999.000  -999.000  -999.000  -999.000  -999.000  -999.000  -999.000  -999.000  -999.000  -999.000  -999.000     2.000       NaN       NaN     0.479
 121.3437500    21.250     0.000     0.000     0.000     0.000  -999.000  -999.000  -999.000  -999.000  -999.000  -999.000  -999.000  -999.000  -999.000  -999.000  -999.000  -999.000  -999.000  -999.000  -999.000  -999.000  -999.000  -999.000     1.964       NaN       NaN     0.486
 121.3437500    20.750     0.000     0.000     0.000     0.000  -999.000  -999.000  -999.000  -999.000  -999.000  -999.000  -999.000  -999.000  -999.000  -999.000  -999.000  -999.000  -999.000  -999.000  -999.000  -999.000  -999.000  -999.000     1.928       NaN       NaN     0.493
 121.3437500    20.250     0.000     0.000     0.000     0.000  -999.000  -999.000  -999.000  -999.000  -999.000  -999.000  -999.000  -999.000  -999.000  -999.000  -999.000  -999.000  -999.000  -999.000  -999.000  -999.000  -999.000  -999.000     1.891       NaN       NaN     0.500
 121.3437500    19.750     0.000     0.000     0.000     0.000  -999.000  -999.000  -999.000  -999.000  -999.000  -999.000  -999.000  -999.000  -999.000  -999.000  -999.000  -999.000  -999.000  -999.000  -999.000  -999.000  -999.000  -999.000     1.853       NaN       NaN     0.507
 121.3437500    19.250     0.000     0.000     0.000     0.000  -999.000  -999.000  -999.000  -999.000  -999.000  -999.000  -999.000  -999.000  -999.000  -999.000  -999.000  -999.000  -999.000  -999.000  -999.000  -999.000  -999.000  -999.000     1.814       NaN       NaN     0.515
 121.3437500    18.750     0.000     0.000     0.000     0.000  -999.000  -999.000  -999.000  -999.000  -999.000  -999.000  -999.000  -999.000  -999.000  -999.000  -999.000  -999.000  -999.000  -999.000  -999.000  -999.000  -999.000  -999.000     1.775       NaN       NaN     0.523
 121.3437500    18.250     0.000     0.000     0.000     0.000  -999.000  -999.000  -999.000  -999.000  -999.000  -999.000  -999.000  -999.000  -999.000  -999.000  -999.000  -999.000  -999.000  -999.000  -999.000  -999.000  -999.000  -999.000     1.735       NaN       NaN     0.532
 121.3437500    17.750     0.000     0.000     0.000     0.000  -999.000  -999.000  -999.000  -999.000  -999.000  -999.000  -999.000  -999.000  -999.000  -999.000  -999.000  -999.000  -999.000  -999.000  -999.000  -999.000  -999.000  -999.000     1.693       NaN       NaN     0.541
 121.3437500    17.250     0.000     0.000     0.000     0.000  -999.000  -999.000  -999.000  -999.000  -999.000  -999.000  -999.000  -999.000  -999.000  -999.000  -999.000  -999.000  -999.000  -999.000  -999.000  -999.000  -999.000  -999.000     1.651       NaN       NaN     0.551
 121.3437500    16.750     0.000     0.000     0.000     0.000  -999.000  -999.000  -999.000  -999.000  -999.000  -999.000  -999.000  -999.000  -999.000  -999.000  -999.000  -999.000  -999.000  -999.000  -999.000  -999.000  -999.000  -999.000     1.607       NaN       NaN     0.561
 121.3437500    16.250     0.000     0.000     0.000     0.000  -999.000  -999.000  -999.000  -999.000  -999.000  -999.000  -999.000  -999.000  -999.000  -999.000  -999.000  -999.000  -999.000  -999.000  -999.000  -999.000  -999.000  -999.000     1.563       NaN       NaN     0.572
 121.3437500    15.750     0.000     0.000     0.000     0.000  -999.000  -999.000  -999.000  -999.000  -999.000  -999.000  -999.000  -999.000  -999.000  -999.000  -999.000  -999.000  -999.000  -999.000  -999.000  -999.000  -999.000  -999.000     1.516       NaN       NaN     0.583
 121.3437500    15.250     0.000     0.000     0.000     0.000  -999.000  -999.000  -999.000  -999.000  -999.000  -999.000  -999.000  -999.000  -999.000  -999.000  -999.000  -999.000  -999.000  -999.000  -999.000  -999.000  -999.000  -999.000     1.469       NaN       NaN     0.596
 121.3437500    14.750     0.000     0.000     0.000     0.000  -999.000  -999.000  -999.000  -999.000  -999.000  -999.000  -999.000  -999.000  -999.000  -999.000  -999.000  -999.000  -999.000  -999.000  -999.000  -999.000  -999.000  -999.000     1.419       NaN       NaN     0.610
 121.3437500    14.250     0.000     0.000     0.000     0.000  -999.000  -999.000  -999.000  -999.000  -999.000  -999.000  -999.000  -999.000  -999.000  -999.000  -999.000  -999.000  -999.000  -999.000  -999.000  -999.000  -999.000  -999.000     1.367       NaN       NaN     0.625
 121.3437500    13.750     0.000     0.000     0.000     0.000  -999.000  -999.000  -999.000  -999.000  -999.000  -999.000  -999.000  -999.000  -999.000  -999.000  -999.000  -999.000  -999.000  -999.000  -999.000  -999.000  -999.000  -999.000     1.313       NaN       NaN     0.641
 121.3437500    13.250     0.000     0.000     0.000     0.000  -999.000  -999.000  -999.000  -999.000  -999.000  -999.000  -999.000  -999.000  -999.000  -999.000  -999.000  -999.000  -999.000  -999.000  -999.000  -999.000  -999.000  -999.000     1.257       NaN       NaN     0.659
 121.3437500    12.750     0.000     0.000     0.000     0.000  -999.000  -999.000  -999.000  -999.000  -999.000  -999.000  -999.000  -999.000  -999.000  -999.000  -999.000  -999.000  -999.000  -999.000  -999.000  -999.000  -999.000  -999.000     1.197       NaN       NaN     0.680
 121.3437500    12.250     0.000     0.000     0.000     0.000  -999.000  -999.000  -999.000  -999.000  -999.000  -999.000  -999.000  -999.000  -999.000  -999.000  -999.000  -999.000  -999.000  -999.000  -999.000  -999.000  -999.000  -999.000     1.132       NaN       NaN     0.705
 121.3437500    11.750     0.000     0.000     0.000     0.000  -999.000  -999.000  -999.000  -999.000  -999.000  -999.000  -999.000  -999.000  -999.000  -999.000  -999.000  -999.000  -999.000  -999.000  -999.000  -999.000  -999.000  -999.000     1.063       NaN       NaN     0.735
 121.3437500    11.250     0.000     0.000     0.000     0.000  -999.000  -999.000  -999.000  -999.000  -999.000  -999.000  -999.000  -999.000  -999.000  -999.000  -999.000  -999.000  -999.000  -999.000  -999.000  -999.000  -999.000  -999.000     0.987       NaN       NaN     0.773
 121.3437500    10.750     0.000     0.000     0.000     0.000  -999.000  -999.000  -999.000  -999.000  -999.000  -999.000  -999.000  -999.000  -999.000  -999.000  -999.000  -999.000  -999.000  -999.000  -999.000  -999.000  -999.000  -999.000     0.902       NaN       NaN     0.819
 121.3437500    10.250     0.000     0.000     0.000     0.000  -999.000  -999.000  -999.000  -999.000  -999.000  -999.000  -999.000  -999.000  -999.000  -999.000  -999.000  -999.000  -999.000  -999.000  -999.000  -999.000  -999.000  -999.000     0.804       NaN       NaN     0.885
 121.3437500     9.750     0.581     0.304     0.177     0.127       NaN       NaN       NaN       NaN       NaN       NaN       NaN       NaN     0.000     0.000     0.002     0.002       NaN       NaN       NaN       NaN   122.789   121.512     0.690       NaN       NaN     1.005
 121.3437500     9.250     0.147     0.413     0.061     0.352       NaN       NaN       NaN       NaN       NaN       NaN       NaN       NaN     0.000     0.000     0.002     0.002       NaN       NaN       NaN       NaN   116.918   115.838     0.588       NaN       NaN     1.166
 121.3437500     8.750     0.027     0.446     0.012     0.434       NaN       NaN       NaN       NaN       NaN       NaN       NaN       NaN     0.000     0.000     0.002     0.002       NaN       NaN       NaN       NaN   109.915   108.886     0.501       NaN       NaN     1.369
 121.3437500     8.250     0.005     0.454     0.002     0.452       NaN       NaN       NaN       NaN       NaN       NaN       NaN       NaN     0.000     0.000     0.002     0.002       NaN       NaN       NaN       NaN   102.927   101.954     0.427       NaN       NaN     1.606
 121.3437500     7.750     0.001     0.448     0.000     0.447       NaN       NaN       NaN       NaN       NaN       NaN       NaN       NaN     0.000     0.000     0.002     0.002       NaN       NaN       NaN       NaN    96.318    95.434     0.363       NaN       NaN     1.885
 121.3437500     7.250     0.000     0.432     0.000     0.432       NaN       NaN       NaN       NaN       NaN       NaN       NaN       NaN     0.000     0.000     0.002     0.002       NaN       NaN       NaN       NaN    90.243    89.468     0.310       NaN       NaN     2.212
 121.3437500     6.750     0.000     0.411     0.000     0.411       NaN       NaN       NaN       NaN       NaN       NaN       NaN       NaN     0.000     0.000     0.002     0.002       NaN       NaN       NaN       NaN    84.761    84.100     0.264       NaN       NaN     2.596
 121.3437500     6.250     0.000     0.385     0.000     0.385       NaN       NaN       NaN       NaN       NaN       NaN       NaN       NaN     0.000     0.000     0.002     0.002       NaN       NaN       NaN       NaN    79.879    79.329     0.225       NaN       NaN     3.047
 121.3437500     5.750     0.000     0.356     0.000     0.356       NaN       NaN       NaN       NaN       NaN       NaN       NaN       NaN     0.000     0.000     0.002     0.002       NaN       NaN       NaN       NaN    75.580    75.133     0.192       NaN       NaN     3.576
 121.3437500     5.250     0.000     0.324     0.000     0.324       NaN       NaN       NaN       NaN       NaN       NaN       NaN       NaN     0.000     0.000     0.002     0.002       NaN       NaN       NaN       NaN    71.831    71.476     0.163       NaN       NaN     4.197
 121.3437500     4.750     0.000     0.291     0.000     0.291       NaN       NaN       NaN       NaN       NaN       NaN       NaN       NaN     0.000     0.000     0.002     0.002       NaN       NaN       NaN       NaN    68.595    68.320     0.139       NaN       NaN     4.926
 121.3437500     4.250     0.000     0.257     0.000     0.257       NaN       NaN       NaN       NaN       NaN       NaN       NaN       NaN     0.000     0.000     0.002     0.002       NaN       NaN       NaN       NaN    65.833    65.626     0.119       NaN       NaN     5.782
 121.3437500     3.750     0.000     0.223     0.000     0.223       NaN       NaN       NaN       NaN       NaN       NaN       NaN       NaN     0.000     0.000     0.002     0.002       NaN       NaN       NaN       NaN    63.505    63.354     0.101       NaN       NaN     6.786
 121.3437500     3.250     0.000     0.189     0.000     0.189       NaN       NaN       NaN       NaN       NaN       NaN       NaN       NaN     0.000     0.000     0.002     0.002       NaN       NaN       NaN       NaN    61.575    61.469     0.086       NaN       NaN     7.964
 121.3437500     2.750     0.000     0.155     0.000     0.155       NaN       NaN       NaN       NaN       NaN       NaN       NaN       NaN     0.000     0.000     0.002     0.002       NaN       NaN       NaN       NaN    60.008    59.938     0.073       NaN       NaN     9.346
 121.3437500     2.250     0.000     0.122     0.000     0.122       NaN       NaN       NaN       NaN       NaN       NaN       NaN       NaN     0.000     0.000     0.002     0.002       NaN       NaN       NaN       NaN    58.773    58.730     0.062       NaN       NaN    10.969
 121.3437500     1.750     0.000     0.091     0.000     0.091       NaN       NaN       NaN       NaN       NaN       NaN       NaN       NaN     0.000     0.000     0.002     0.002       NaN       NaN       NaN       NaN    57.839    57.815     0.053       NaN       NaN    12.874
 121.3437500     1.250     0.000     0.062     0.000     0.062       NaN       NaN       NaN       NaN       NaN       NaN       NaN       NaN     0.000     0.000     0.002     0.002       NaN       NaN       NaN       NaN    57.178    57.167     0.045       NaN       NaN    15.109
 121.3437500     0.750     0.000     0.036     0.000     0.036       NaN       NaN       NaN       NaN       NaN       NaN       NaN       NaN     0.000     0.000     0.002     0.002       NaN       NaN       NaN       NaN    56.761    56.757     0.039       NaN       NaN    17.733
 121.3437500     0.250     0.000     0.000     0.000     0.000  -999.000  -999.000  -999.000  -999.000  -999.000  -999.000  -999.000  -999.000  -999.000  -999.000  -999.000  -999.000  -999.000  -999.000  -999.000  -999.000  -999.000  -999.000     0.033       NaN       NaN    20.812
 121.3645833    22.750     0.000     0.000     0.000     0.000  -999.000  -999.000  -999.000  -999.000  -999.000  -999.000  -999.000  -999.000  -999.000  -999.000  -999.000  -999.000  -999.000  -999.000  -999.000  -999.000  -999.000  -999.000     2.261       NaN       NaN     0.305
 121.3645833    22.250     0.000     0.000     0.000     0.000  -999.000  -999.000  -999.000  -999.000  -999.000  -999.000  -999.000  -999.000  -999.000  -999.000  -999.000  -999.000  -999.000  -999.000  -999.000  -999.000  -999.000  -999.000     2.223       NaN       NaN     0.617
 121.3645833    21.750     0.000     0.000     0.000     0.000  -999.000  -999.000  -999.000  -999.000  -999.000  -999.000  -999.000  -999.000  -999.000  -999.000  -999.000  -999.000  -999.000  -999.000  -999.000  -999.000  -999.000  -999.000     2.185       NaN       NaN     0.625
 121.3645833    21.250     0.000     0.000     0.000     0.000  -999.000  -999.000  -999.000  -999.000  -999.000  -999.000  -999.000  -999.000  -999.000  -999.000  -999.000  -999.000  -999.000  -999.000  -999.000  -999.000  -999.000  -999.000     2.146       NaN       NaN     0.633
 121.3645833    20.750     0.000     0.000     0.000     0.000  -999.000  -999.000  -999.000  -999.000  -999.000  -999.000  -999.000  -999.000  -999.000  -999.000  -999.000  -999.000  -999.000  -999.000  -999.000  -999.000  -999.000  -999.000     2.106       NaN       NaN     0.642
 121.3645833    20.250     0.000     0.000     0.000     0.000  -999.000  -999.000  -999.000  -999.000  -999.000  -999.000  -999.000  -999.000  -999.000  -999.000  -999.000  -999.000  -999.000  -999.000  -999.000  -999.000  -999.000  -999.000     2.065       NaN       NaN     0.651
 121.3645833    19.750     0.000     0.000     0.000     0.000  -999.000  -999.000  -999.000  -999.000  -999.000  -999.000  -999.000  -999.000  -999.000  -999.000  -999.000  -999.000  -999.000  -999.000  -999.000  -999.000  -999.000  -999.000     2.024       NaN       NaN     0.661
 121.3645833    19.250     0.000     0.000     0.000     0.000  -999.000  -999.000  -999.000  -999.000  -999.000  -999.000  -999.000  -999.000  -999.000  -999.000  -999.000  -999.000  -999.000  -999.000  -999.000  -999.000  -999.000  -999.000     1.982       NaN       NaN     0.671
 121.3645833    18.750     0.000     0.000     0.000     0.000  -999.000  -999.000  -999.000  -999.000  -999.000  -999.000  -999.000  -999.000  -999.000  -999.000  -999.000  -999.000  -999.000  -999.000  -999.000  -999.000  -999.000  -999.000     1.939       NaN       NaN     0.682
 121.3645833    18.250     0.000     0.000     0.000     0.000  -999.000  -999.000  -999.000  -999.000  -999.000  -999.000  -999.000  -999.000  -999.000  -999.000  -999.000  -999.000  -999.000  -999.000  -999.000  -999.000  -999.000  -999.000     1.895       NaN       NaN     0.693
 121.3645833    17.750     0.000     0.000     0.000     0.000  -999.000  -999.000  -999.000  -999.000  -999.000  -999.000  -999.000  -999.000  -999.000  -999.000  -999.000  -999.000  -999.000  -999.000  -999.000  -999.000  -999.000  -999.000     1.850       NaN       NaN     0.705
 121.3645833    17.250     0.000     0.000     0.000     0.000  -999.000  -999.000  -999.000  -999.000  -999.000  -999.000  -999.000  -999.000  -999.000  -999.000  -999.000  -999.000  -999.000  -999.000  -999.000  -999.000  -999.000  -999.000     1.803       NaN       NaN     0.718
 121.3645833    16.750     0.000     0.000     0.000     0.000  -999.000  -999.000  -999.000  -999.000  -999.000  -999.000  -999.000  -999.000  -999.000  -999.000  -999.000  -999.000  -999.000  -999.000  -999.000  -999.000  -999.000  -999.000     1.756       NaN       NaN     0.731
 121.3645833    16.250     0.000     0.000     0.000     0.000  -999.000  -999.000  -999.000  -999.000  -999.000  -999.000  -999.000  -999.000  -999.000  -999.000  -999.000  -999.000  -999.000  -999.000  -999.000  -999.000  -999.000  -999.000     1.707       NaN       NaN     0.745
 121.3645833    15.750     0.000     0.000     0.000     0.000  -999.000  -999.000  -999.000  -999.000  -999.000  -999.000  -999.000  -999.000  -999.000  -999.000  -999.000  -999.000  -999.000  -999.000  -999.000  -999.000  -999.000  -999.000     1.656       NaN       NaN     0.760
 121.3645833    15.250     0.000     0.000     0.000     0.000  -999.000  -999.000  -999.000  -999.000  -999.000  -999.000  -999.000  -999.000  -999.000  -999.000  -999.000  -999.000  -999.000  -999.000  -999.000  -999.000  -999.000  -999.000     1.604       NaN       NaN     0.777
 121.3645833    14.750     0.000     0.000     0.000     0.000  -999.000  -999.000  -999.000  -999.000  -999.000  -999.000  -999.000  -999.000  -999.000  -999.000  -999.000  -999.000  -999.000  -999.000  -999.000  -999.000  -999.000  -999.000     1.550       NaN       NaN     0.794
 121.3645833    14.250     0.000     0.000     0.000     0.000  -999.000  -999.000  -999.000  -999.000  -999.000  -999.000  -999.000  -999.000  -999.000  -999.000  -999.000  -999.000  -999.000  -999.000  -999.000  -999.000  -999.000  -999.000     1.493       NaN       NaN     0.814
 121.3645833    13.750     0.000     0.000     0.000     0.000  -999.000  -999.000  -999.000  -999.000  -999.000  -999.000  -999.000  -999.000  -999.000  -999.000  -999.000  -999.000  -999.000  -999.000  -999.000  -999.000  -999.000  -999.000     1.435       NaN       NaN     0.836
 121.3645833    13.250     0.000     0.000     0.000     0.000  -999.000  -999.000  -999.000  -999.000  -999.000  -999.000  -999.000  -999.000  -999.000  -999.000  -999.000  -999.000  -999.000  -999.000  -999.000  -999.000  -999.000  -999.000     1.373       NaN       NaN     0.859
 121.3645833    12.750     0.000     0.000     0.000     0.000  -999.000  -999.000  -999.000  -999.000  -999.000  -999.000  -999.000  -999.000  -999.000  -999.000  -999.000  -999.000  -999.000  -999.000  -999.000  -999.000  -999.000  -999.000     1.307       NaN       NaN     0.887
 121.3645833    12.250     0.000     0.000     0.000     0.000  -999.000  -999.000  -999.000  -999.000  -999.000  -999.000  -999.000  -999.000  -999.000  -999.000  -999.000  -999.000  -999.000  -999.000  -999.000  -999.000  -999.000  -999.000     1.237       NaN       NaN     0.919
 121.3645833    11.750     0.000     0.000     0.000     0.000  -999.000  -999.000  -999.000  -999.000  -999.000  -999.000  -999.000  -999.000  -999.000  -999.000  -999.000  -999.000  -999.000  -999.000  -999.000  -999.000  -999.000  -999.000     1.161       NaN       NaN     0.958
 121.3645833    11.250     0.000     0.000     0.000     0.000  -999.000  -999.000  -999.000  -999.000  -999.000  -999.000  -999.000  -999.000  -999.000  -999.000  -999.000  -999.000  -999.000  -999.000  -999.000  -999.000  -999.000  -999.000     1.078       NaN       NaN     1.008
 121.3645833    10.750     0.000     0.000     0.000     0.000  -999.000  -999.000  -999.000  -999.000  -999.000  -999.000  -999.000  -999.000  -999.000  -999.000  -999.000  -999.000  -999.000  -999.000  -999.000  -999.000  -999.000  -999.000     0.986       NaN       NaN     1.067
 121.3645833    10.250     0.000     0.000     0.000     0.000  -999.000  -999.000  -999.000  -999.000  -999.000  -999.000  -999.000  -999.000  -999.000  -999.000  -999.000  -999.000  -999.000  -999.000  -999.000  -999.000  -999.000  -999.000     0.878       NaN       NaN     1.154
 121.3645833     9.750     0.581     0.304     0.177     0.127       NaN       NaN       NaN       NaN       NaN       NaN       NaN       NaN     0.000     0.000     0.002     0.002       NaN       NaN       NaN       NaN   122.789   121.512     0.753       NaN       NaN     1.309
 121.3645833     9.250     0.147     0.413     0.061     0.352       NaN       NaN       NaN       NaN       NaN       NaN       NaN       NaN     0.000     0.000     0.002     0.002       NaN       NaN       NaN       NaN   116.918   115.838     0.642       NaN       NaN     1.520
 121.3645833     8.750     0.027     0.446     0.012     0.434       NaN       NaN       NaN       NaN       NaN       NaN       NaN       NaN     0.000     0.000     0.002     0.002       NaN       NaN       NaN       NaN   109.915   108.886     0.547       NaN       NaN     1.784
 121.3645833     8.250     0.005     0.454     0.002     0.452       NaN       NaN       NaN       NaN       NaN       NaN       NaN       NaN     0.000     0.000     0.002     0.002       NaN       NaN       NaN       NaN   102.927   101.954     0.466       NaN       NaN     2.093
 121.3645833     7.750     0.001     0.448     0.000     0.447       NaN       NaN       NaN       NaN       NaN       NaN       NaN       NaN     0.000     0.000     0.002     0.002       NaN       NaN       NaN       NaN    96.318    95.434     0.397       NaN       NaN     2.457
 121.3645833     7.250     0.000     0.432     0.000     0.432       NaN       NaN       NaN       NaN       NaN       NaN       NaN       NaN     0.000     0.000     0.002     0.002       NaN       NaN       NaN       NaN    90.243    89.468     0.338       NaN       NaN     2.883
 121.3645833     6.750     0.000     0.411     0.000     0.411       NaN       NaN       NaN       NaN       NaN       NaN       NaN       NaN     0.000     0.000     0.002     0.002       NaN       NaN       NaN       NaN    84.761    84.100     0.288       NaN       NaN     3.384
 121.3645833     6.250     0.000     0.385     0.000     0.385       NaN       NaN       NaN       NaN       NaN       NaN       NaN       NaN     0.000     0.000     0.002     0.002       NaN       NaN       NaN       NaN    79.879    79.329     0.246       NaN       NaN     3.972
 121.3645833     5.750     0.000     0.356     0.000     0.356       NaN       NaN       NaN       NaN       NaN       NaN       NaN       NaN     0.000     0.000     0.002     0.002       NaN       NaN       NaN       NaN    75.580    75.133     0.209       NaN       NaN     4.661
 121.3645833     5.250     0.000     0.324     0.000     0.324       NaN       NaN       NaN       NaN       NaN       NaN       NaN       NaN     0.000     0.000     0.002     0.002       NaN       NaN       NaN       NaN    71.831    71.476     0.178       NaN       NaN     5.470
 121.3645833     4.750     0.000     0.291     0.000     0.291       NaN       NaN       NaN       NaN       NaN       NaN       NaN       NaN     0.000     0.000     0.002     0.002       NaN       NaN       NaN       NaN    68.595    68.320     0.152       NaN       NaN     6.420
 121.3645833     4.250     0.000     0.257     0.000     0.257       NaN       NaN       NaN       NaN       NaN       NaN       NaN       NaN     0.000     0.000     0.002     0.002       NaN       NaN       NaN       NaN    65.833    65.626     0.129       NaN       NaN     7.535
 121.3645833     3.750     0.000     0.223     0.000     0.223       NaN       NaN       NaN       NaN       NaN       NaN       NaN       NaN     0.000     0.000     0.002     0.002       NaN       NaN       NaN       NaN    63.505    63.354     0.110       NaN       NaN     8.843
 121.3645833     3.250     0.000     0.189     0.000     0.189       NaN       NaN       NaN       NaN       NaN       NaN       NaN       NaN     0.000     0.000     0.002     0.002       NaN       NaN       NaN       NaN    61.575    61.469     0.094       NaN       NaN    10.379
 121.3645833     2.750     0.000     0.155     0.000     0.155       NaN       NaN       NaN       NaN       NaN       NaN       NaN       NaN     0.000     0.000     0.002     0.002       NaN       NaN       NaN       NaN    60.008    59.938     0.080       NaN       NaN    12.181
 121.3645833     2.250     0.000     0.122     0.000     0.122       NaN       NaN       NaN       NaN       NaN       NaN       NaN       NaN     0.000     0.000     0.002     0.002       NaN       NaN       NaN       NaN    58.773    58.730     0.068       NaN       NaN    14.296
 121.3645833     1.750     0.000     0.091     0.000     0.091       NaN       NaN       NaN       NaN       NaN       NaN       NaN       NaN     0.000     0.000     0.002     0.002       NaN       NaN       NaN       NaN    57.839    57.815     0.058       NaN       NaN    16.778
 121.3645833     1.250     0.000     0.062     0.000     0.062       NaN       NaN       NaN       NaN       NaN       NaN       NaN       NaN     0.000     0.000     0.002     0.002       NaN       NaN       NaN       NaN    57.178    57.167     0.050       NaN       NaN    19.692
 121.3645833     0.750     0.000     0.036     0.000     0.036       NaN       NaN       NaN       NaN       NaN       NaN       NaN       NaN     0.000     0.000     0.002     0.002       NaN       NaN       NaN       NaN    56.761    56.757     0.042       NaN       NaN    23.111
 121.3645833     0.250     0.000     0.000     0.000     0.000  -999.000  -999.000  -999.000  -999.000  -999.000  -999.000  -999.000  -999.000  -999.000  -999.000  -999.000  -999.000  -999.000  -999.000  -999.000  -999.000  -999.000  -999.000     0.036       NaN       NaN    27.124
 121.3854167    22.750     0.000     0.000     0.000     0.000  -999.000  -999.000  -999.000  -999.000  -999.000  -999.000  -999.000  -999.000  -999.000  -999.000  -999.000  -999.000  -999.000  -999.000  -999.000  -999.000  -999.000  -999.000     3.449       NaN       NaN     0.191
 121.3854167    22.250     0.000     0.000     0.000     0.000  -999.000  -999.000  -999.000  -999.000  -999.000  -999.000  -999.000  -999.000  -999.000  -999.000  -999.000  -999.000  -999.000  -999.000  -999.000  -999.000  -999.000  -999.000     3.391       NaN       NaN     0.386
 121.3854167    21.750     0.000     0.000     0.000     0.000  -999.000  -999.000  -999.000  -999.000  -999.000  -999.000  -999.000  -999.000  -999.000  -999.000  -999.000  -999.000  -999.000  -999.000  -999.000  -999.000  -999.000  -999.000     3.333       NaN       NaN     0.391
 121.3854167    21.250     0.000     0.000     0.000     0.000  -999.000  -999.000  -999.000  -999.000  -999.000  -999.000  -999.000  -999.000  -999.000  -999.000  -999.000  -999.000  -999.000  -999.000  -999.000  -999.000  -999.000  -999.000     3.273       NaN       NaN     0.396
 121.3854167    20.750     0.000     0.000     0.000     0.000  -999.000  -999.000  -999.000  -999.000  -999.000  -999.000  -999.000  -999.000  -999.000  -999.000  -999.000  -999.000  -999.000  -999.000  -999.000  -999.000  -999.000  -999.000     3.212       NaN       NaN     0.402
 121.3854167    20.250     0.000     0.000     0.000     0.000  -999.000  -999.000  -999.000  -999.000  -999.000  -999.000  -999.000  -999.000  -999.000  -999.000  -999.000  -999.000  -999.000  -999.000  -999.000  -999.000  -999.000  -999.000     3.151       NaN       NaN     0.408
 121.3854167    19.750     0.000     0.000     0.000     0.000  -999.000  -999.000  -999.000  -999.000  -999.000  -999.000  -999.000  -999.000  -999.000  -999.000  -999.000  -999.000  -999.000  -999.000  -999.000  -999.000  -999.000  -999.000     3.088       NaN       NaN     0.414
 121.3854167    19.250     0.000     0.000     0.000     0.000  -999.000  -999.000  -999.000  -999.000  -999.000  -999.000  -999.000  -999.000  -999.000  -999.000  -999.000  -999.000  -999.000  -999.000  -999.000  -999.000  -999.000  -999.000     3.023       NaN       NaN     0.420
 121.3854167    18.750     0.000     0.000     0.000     0.000  -999.000  -999.000  -999.000  -999.000  -999.000  -999.000  -999.000  -999.000  -999.000  -999.000  -999.000  -999.000  -999.000  -999.000  -999.000  -999.000  -999.000  -999.000     2.958       NaN       NaN     0.427
 121.3854167    18.250     0.000     0.000     0.000     0.000  -999.000  -999.000  -999.000  -999.000  -999.000  -999.000  -999.000  -999.000  -999.000  -999.000  -999.000  -999.000  -999.000  -999.000  -999.000  -999.000  -999.000  -999.000     2.890       NaN       NaN     0.434
 121.3854167    17.750     0.000     0.000     0.000     0.000  -999.000  -999.000  -999.000  -999.000  -999.000  -999.000  -999.000  -999.000  -999.000  -999.000  -999.000  -999.000  -999.000  -999.000  -999.000  -999.000  -999.000  -999.000     2.822       NaN       NaN     0.441
 121.3854167    17.250     0.000     0.000     0.000     0.000  -999.000  -999.000  -999.000  -999.000  -999.000  -999.000  -999.000  -999.000  -999.000  -999.000  -999.000  -999.000  -999.000  -999.000  -999.000  -999.000  -999.000  -999.000     2.751       NaN       NaN     0.449
 121.3854167    16.750     0.000     0.000     0.000     0.000  -999.000  -999.000  -999.000  -999.000  -999.000  -999.000  -999.000  -999.000  -999.000  -999.000  -999.000  -999.000  -999.000  -999.000  -999.000  -999.000  -999.000  -999.000     2.678       NaN       NaN     0.457
 121.3854167    16.250     0.000     0.000     0.000     0.000  -999.000  -999.000  -999.000  -999.000  -999.000  -999.000  -999.000  -999.000  -999.000  -999.000  -999.000  -999.000  -999.000  -999.000  -999.000  -999.000  -999.000  -999.000     2.604       NaN       NaN     0.466
 121.3854167    15.750     0.000     0.000     0.000     0.000  -999.000  -999.000  -999.000  -999.000  -999.000  -999.000  -999.000  -999.000  -999.000  -999.000  -999.000  -999.000  -999.000  -999.000  -999.000  -999.000  -999.000  -999.000     2.527       NaN       NaN     0.476
 121.3854167    15.250     0.000     0.000     0.000     0.000  -999.000  -999.000  -999.000  -999.000  -999.000  -999.000  -999.000  -999.000  -999.000  -999.000  -999.000  -999.000  -999.000  -999.000  -999.000  -999.000  -999.000  -999.000     2.447       NaN       NaN     0.486
 121.3854167    14.750     0.000     0.000     0.000     0.000  -999.000  -999.000  -999.000  -999.000  -999.000  -999.000  -999.000  -999.000  -999.000  -999.000  -999.000  -999.000  -999.000  -999.000  -999.000  -999.000  -999.000  -999.000     2.364       NaN       NaN     0.497
 121.3854167    14.250     0.000     0.000     0.000     0.000  -999.000  -999.000  -999.000  -999.000  -999.000  -999.000  -999.000  -999.000  -999.000  -999.000  -999.000  -999.000  -999.000  -999.000  -999.000  -999.000  -999.000  -999.000     2.278       NaN       NaN     0.509
 121.3854167    13.750     0.000     0.000     0.000     0.000  -999.000  -999.000  -999.000  -999.000  -999.000  -999.000  -999.000  -999.000  -999.000  -999.000  -999.000  -999.000  -999.000  -999.000  -999.000  -999.000  -999.000  -999.000     2.188       NaN       NaN     0.523
 121.3854167    13.250     0.000     0.000     0.000     0.000  -999.000  -999.000  -999.000  -999.000  -999.000  -999.000  -999.000  -999.000  -999.000  -999.000  -999.000  -999.000  -999.000  -999.000  -999.000  -999.000  -999.000  -999.000     2.094       NaN       NaN     0.538
 121.3854167    12.750     0.000     0.000     0.000     0.000  -999.000  -999.000  -999.000  -999.000  -999.000  -999.000  -999.000  -999.000  -999.000  -999.000  -999.000  -999.000  -999.000  -999.000  -999.000  -999.000  -999.000  -999.000     1.994       NaN       NaN     0.555
 121.3854167    12.250     0.000     0.000     0.000     0.000  -999.000  -999.000  -999.000  -999.000  -999.000  -999.000  -999.000  -999.000  -999.000  -999.000  -999.000  -999.000  -999.000  -999.000  -999.000  -999.000  -999.000  -999.000     1.887       NaN       NaN     0.575
 121.3854167    11.750     0.000     0.000     0.000     0.000  -999.000  -999.000  -999.000  -999.000  -999.000  -999.000  -999.000  -999.000  -999.000  -999.000  -999.000  -999.000  -999.000  -999.000  -999.000  -999.000  -999.000  -999.000     1.772       NaN       NaN     0.600
 121.3854167    11.250     0.000     0.000     0.000     0.000  -999.000  -999.000  -999.000  -999.000  -999.000  -999.000  -999.000  -999.000  -999.000  -999.000  -999.000  -999.000  -999.000  -999.000  -999.000  -999.000  -999.000  -999.000     1.645       NaN       NaN     0.631
 121.3854167    10.750     0.000     0.000     0.000     0.000  -999.000  -999.000  -999.000  -999.000  -999.000  -999.000  -999.000  -999.000  -999.000  -999.000  -999.000  -999.000  -999.000  -999.000  -999.000  -999.000  -999.000  -999.000     1.504       NaN       NaN     0.667
 121.3854167    10.250     0.000     0.000     0.000     0.000  -999.000  -999.000  -999.000  -999.000  -999.000  -999.000  -999.000  -999.000  -999.000  -999.000  -999.000  -999.000  -999.000  -999.000  -999.000  -999.000  -999.000  -999.000     1.340       NaN       NaN     0.722
 121.3854167     9.750     0.581     0.304     0.177     0.127       NaN       NaN       NaN       NaN       NaN       NaN       NaN       NaN     0.000     0.000     0.002     0.002       NaN       NaN       NaN       NaN   122.789   121.512     1.149       NaN       NaN     0.819
 121.3854167     9.250     0.147     0.413     0.061     0.352       NaN       NaN       NaN       NaN       NaN       NaN       NaN       NaN     0.000     0.000     0.002     0.002       NaN       NaN       NaN       NaN   116.918   115.838     0.979       NaN       NaN     0.951
 121.3854167     8.750     0.027     0.446     0.012     0.434       NaN       NaN       NaN       NaN       NaN       NaN       NaN       NaN     0.000     0.000     0.002     0.002       NaN       NaN       NaN       NaN   109.915   108.886     0.834       NaN       NaN     1.116
 121.3854167     8.250     0.005     0.454     0.002     0.452       NaN       NaN       NaN       NaN       NaN       NaN       NaN       NaN     0.000     0.000     0.002     0.002       NaN       NaN       NaN       NaN   102.927   101.954     0.711       NaN       NaN     1.310
 121.3854167     7.750     0.001     0.448     0.000     0.447       NaN       NaN       NaN       NaN       NaN       NaN       NaN       NaN     0.000     0.000     0.002     0.002       NaN       NaN       NaN       NaN    96.318    95.434     0.606       NaN       NaN     1.537
 121.3854167     7.250     0.000     0.432     0.000     0.432       NaN       NaN       NaN       NaN       NaN       NaN       NaN       NaN     0.000     0.000     0.002     0.002       NaN       NaN       NaN       NaN    90.243    89.468     0.516       NaN       NaN     1.804
 121.3854167     6.750     0.000     0.411     0.000     0.411       NaN       NaN       NaN       NaN       NaN       NaN       NaN       NaN     0.000     0.000     0.002     0.002       NaN       NaN       NaN       NaN    84.761    84.100     0.440       NaN       NaN     2.117
 121.3854167     6.250     0.000     0.385     0.000     0.385       NaN       NaN       NaN       NaN       NaN       NaN       NaN       NaN     0.000     0.000     0.002     0.002       NaN       NaN       NaN       NaN    79.879    79.329     0.375       NaN       NaN     2.485
 121.3854167     5.750     0.000     0.356     0.000     0.356       NaN       NaN       NaN       NaN       NaN       NaN       NaN       NaN     0.000     0.000     0.002     0.002       NaN       NaN       NaN       NaN    75.580    75.133     0.319       NaN       NaN     2.916
 121.3854167     5.250     0.000     0.324     0.000     0.324       NaN       NaN       NaN       NaN       NaN       NaN       NaN       NaN     0.000     0.000     0.002     0.002       NaN       NaN       NaN       NaN    71.831    71.476     0.272       NaN       NaN     3.423
 121.3854167     4.750     0.000     0.291     0.000     0.291       NaN       NaN       NaN       NaN       NaN       NaN       NaN       NaN     0.000     0.000     0.002     0.002       NaN       NaN       NaN       NaN    68.595    68.320     0.232       NaN       NaN     4.017
 121.3854167     4.250     0.000     0.257     0.000     0.257       NaN       NaN       NaN       NaN       NaN       NaN       NaN       NaN     0.000     0.000     0.002     0.002       NaN       NaN       NaN       NaN    65.833    65.626     0.197       NaN       NaN     4.715
 121.3854167     3.750     0.000     0.223     0.000     0.223       NaN       NaN       NaN       NaN       NaN       NaN       NaN       NaN     0.000     0.000     0.002     0.002       NaN       NaN       NaN       NaN    63.505    63.354     0.168       NaN       NaN     5.533
 121.3854167     3.250     0.000     0.189     0.000     0.189       NaN       NaN       NaN       NaN       NaN       NaN       NaN       NaN     0.000     0.000     0.002     0.002       NaN       NaN       NaN       NaN    61.575    61.469     0.143       NaN       NaN     6.494
 121.3854167     2.750     0.000     0.155     0.000     0.155       NaN       NaN       NaN       NaN       NaN       NaN       NaN       NaN     0.000     0.000     0.002     0.002       NaN       NaN       NaN       NaN    60.008    59.938     0.122       NaN       NaN     7.622
 121.3854167     2.250     0.000     0.122     0.000     0.122       NaN       NaN       NaN       NaN       NaN       NaN       NaN       NaN     0.000     0.000     0.002     0.002       NaN       NaN       NaN       NaN    58.773    58.730     0.104       NaN       NaN     8.945
 121.3854167     1.750     0.000     0.091     0.000     0.091       NaN       NaN       NaN       NaN       NaN       NaN       NaN       NaN     0.000     0.000     0.002     0.002       NaN       NaN       NaN       NaN    57.839    57.815     0.089       NaN       NaN    10.498
 121.3854167     1.250     0.000     0.062     0.000     0.062       NaN       NaN       NaN       NaN       NaN       NaN       NaN       NaN     0.000     0.000     0.002     0.002       NaN       NaN       NaN       NaN    57.178    57.167     0.076       NaN       NaN    12.321
 121.3854167     0.750     0.000     0.036     0.000     0.036       NaN       NaN       NaN       NaN       NaN       NaN       NaN       NaN     0.000     0.000     0.002     0.002       NaN       NaN       NaN       NaN    56.761    56.757     0.064       NaN       NaN    14.460
 121.3854167     0.250     0.000     0.000     0.000     0.000  -999.000  -999.000  -999.000  -999.000  -999.000  -999.000  -999.000  -999.000  -999.000  -999.000  -999.000  -999.000  -999.000  -999.000  -999.000  -999.000  -999.000  -999.000     0.055       NaN       NaN    16.971
 121.4062500    22.750     0.000     0.000     0.000     0.000  -999.000  -999.000  -999.000  -999.000  -999.000  -999.000  -999.000  -999.000  -999.000  -999.000  -999.000  -999.000  -999.000  -999.000  -999.000  -999.000  -999.000  -999.000     3.748       NaN       NaN     0.156
 121.4062500    22.250     0.000     0.000     0.000     0.000  -999.000  -999.000  -999.000  -999.000  -999.000  -999.000  -999.000  -999.000  -999.000  -999.000  -999.000  -999.000  -999.000  -999.000  -999.000  -999.000  -999.000  -999.000     3.686       NaN       NaN     0.315
 121.4062500    21.750     0.000     0.000     0.000     0.000  -999.000  -999.000  -999.000  -999.000  -999.000  -999.000  -999.000  -999.000  -999.000  -999.000  -999.000  -999.000  -999.000  -999.000  -999.000  -999.000  -999.000  -999.000     3.622       NaN       NaN     0.319
 121.4062500    21.250     0.000     0.000     0.000     0.000  -999.000  -999.000  -999.000  -999.000  -999.000  -999.000  -999.000  -999.000  -999.000  -999.000  -999.000  -999.000  -999.000  -999.000  -999.000  -999.000  -999.000  -999.000     3.557       NaN       NaN     0.323
 121.4062500    20.750     0.000     0.000     0.000     0.000  -999.000  -999.000  -999.000  -999.000  -999.000  -999.000  -999.000  -999.000  -999.000  -999.000  -999.000  -999.000  -999.000  -999.000  -999.000  -999.000  -999.000  -999.000     3.491       NaN       NaN     0.328
 121.4062500    20.250     0.000     0.000     0.000     0.000  -999.000  -999.000  -999.000  -999.000  -999.000  -999.000  -999.000  -999.000  -999.000  -999.000  -999.000  -999.000  -999.000  -999.000  -999.000  -999.000  -999.000  -999.000     3.424       NaN       NaN     0.333
 121.4062500    19.750     0.000     0.000     0.000     0.000  -999.000  -999.000  -999.000  -999.000  -999.000  -999.000  -999.000  -999.000  -999.000  -999.000  -999.000  -999.000  -999.000  -999.000  -999.000  -999.000  -999.000  -999.000     3.356       NaN       NaN     0.338
 121.4062500    19.250     0.000     0.000     0.000     0.000  -999.000  -999.000  -999.000  -999.000  -999.000  -999.000  -999.000  -999.000  -999.000  -999.000  -999.000  -999.000  -999.000  -999.000  -999.000  -999.000  -999.000  -999.000     3.286       NaN       NaN     0.343
 121.4062500    18.750     0.000     0.000     0.000     0.000  -999.000  -999.000  -999.000  -999.000  -999.000  -999.000  -999.000  -999.000  -999.000  -999.000  -999.000  -999.000  -999.000  -999.000  -999.000  -999.000  -999.000  -999.000     3.214       NaN       NaN     0.348
 121.4062500    18.250     0.000     0.000     0.000     0.000  -999.000  -999.000  -999.000  -999.000  -999.000  -999.000  -999.000  -999.000  -999.000  -999.000  -999.000  -999.000  -999.000  -999.000  -999.000  -999.000  -999.000  -999.000     3.141       NaN       NaN     0.354
 121.4062500    17.750     0.000     0.000     0.000     0.000  -999.000  -999.000  -999.000  -999.000  -999.000  -999.000  -999.000  -999.000  -999.000  -999.000  -999.000  -999.000  -999.000  -999.000  -999.000  -999.000  -999.000  -999.000     3.067       NaN       NaN     0.360
 121.4062500    17.250     0.000     0.000     0.000     0.000  -999.000  -999.000  -999.000  -999.000  -999.000  -999.000  -999.000  -999.000  -999.000  -999.000  -999.000  -999.000  -999.000  -999.000  -999.000  -999.000  -999.000  -999.000     2.990       NaN       NaN     0.366
 121.4062500    16.750     0.000     0.000     0.000     0.000  -999.000  -999.000  -999.000  -999.000  -999.000  -999.000  -999.000  -999.000  -999.000  -999.000  -999.000  -999.000  -999.000  -999.000  -999.000  -999.000  -999.000  -999.000     2.911       NaN       NaN     0.373
 121.4062500    16.250     0.000     0.000     0.000     0.000  -999.000  -999.000  -999.000  -999.000  -999.000  -999.000  -999.000  -999.000  -999.000  -999.000  -999.000  -999.000  -999.000  -999.000  -999.000  -999.000  -999.000  -999.000     2.830       NaN       NaN     0.381
 121.4062500    15.750     0.000     0.000     0.000     0.000  -999.000  -999.000  -999.000  -999.000  -999.000  -999.000  -999.000  -999.000  -999.000  -999.000  -999.000  -999.000  -999.000  -999.000  -999.000  -999.000  -999.000  -999.000     2.746       NaN       NaN     0.388
 121.4062500    15.250     0.000     0.000     0.000     0.000  -999.000  -999.000  -999.000  -999.000  -999.000  -999.000  -999.000  -999.000  -999.000  -999.000  -999.000  -999.000  -999.000  -999.000  -999.000  -999.000  -999.000  -999.000     2.660       NaN       NaN     0.397
 121.4062500    14.750     0.000     0.000     0.000     0.000  -999.000  -999.000  -999.000  -999.000  -999.000  -999.000  -999.000  -999.000  -999.000  -999.000  -999.000  -999.000  -999.000  -999.000  -999.000  -999.000  -999.000  -999.000     2.570       NaN       NaN     0.406
 121.4062500    14.250     0.000     0.000     0.000     0.000  -999.000  -999.000  -999.000  -999.000  -999.000  -999.000  -999.000  -999.000  -999.000  -999.000  -999.000  -999.000  -999.000  -999.000  -999.000  -999.000  -999.000  -999.000     2.476       NaN       NaN     0.416
 121.4062500    13.750     0.000     0.000     0.000     0.000  -999.000  -999.000  -999.000  -999.000  -999.000  -999.000  -999.000  -999.000  -999.000  -999.000  -999.000  -999.000  -999.000  -999.000  -999.000  -999.000  -999.000  -999.000     2.378       NaN       NaN     0.427
 121.4062500    13.250     0.000     0.000     0.000     0.000  -999.000  -999.000  -999.000  -999.000  -999.000  -999.000  -999.000  -999.000  -999.000  -999.000  -999.000  -999.000  -999.000  -999.000  -999.000  -999.000  -999.000  -999.000     2.276       NaN       NaN     0.439
 121.4062500    12.750     0.000     0.000     0.000     0.000  -999.000  -999.000  -999.000  -999.000  -999.000  -999.000  -999.000  -999.000  -999.000  -999.000  -999.000  -999.000  -999.000  -999.000  -999.000  -999.000  -999.000  -999.000     2.167       NaN       NaN     0.453
 121.4062500    12.250     0.000     0.000     0.000     0.000  -999.000  -999.000  -999.000  -999.000  -999.000  -999.000  -999.000  -999.000  -999.000  -999.000  -999.000  -999.000  -999.000  -999.000  -999.000  -999.000  -999.000  -999.000     2.051       NaN       NaN     0.469
 121.4062500    11.750     0.000     0.000     0.000     0.000  -999.000  -999.000  -999.000  -999.000  -999.000  -999.000  -999.000  -999.000  -999.000  -999.000  -999.000  -999.000  -999.000  -999.000  -999.000  -999.000  -999.000  -999.000     1.926       NaN       NaN     0.489
 121.4062500    11.250     0.000     0.000     0.000     0.000  -999.000  -999.000  -999.000  -999.000  -999.000  -999.000  -999.000  -999.000  -999.000  -999.000  -999.000  -999.000  -999.000  -999.000  -999.000  -999.000  -999.000  -999.000     1.788       NaN       NaN     0.515
 121.4062500    10.750     0.000     0.000     0.000     0.000  -999.000  -999.000  -999.000  -999.000  -999.000  -999.000  -999.000  -999.000  -999.000  -999.000  -999.000  -999.000  -999.000  -999.000  -999.000  -999.000  -999.000  -999.000     1.634       NaN       NaN     0.545
 121.4062500    10.250     0.000     0.000     0.000     0.000  -999.000  -999.000  -999.000  -999.000  -999.000  -999.000  -999.000  -999.000  -999.000  -999.000  -999.000  -999.000  -999.000  -999.000  -999.000  -999.000  -999.000  -999.000     1.456       NaN       NaN     0.589
 121.4062500     9.750     0.581     0.304     0.177     0.127       NaN       NaN       NaN       NaN       NaN       NaN       NaN       NaN     0.000     0.000     0.002     0.002       NaN       NaN       NaN       NaN   122.789   121.512     1.249       NaN       NaN     0.669
 121.4062500     9.250     0.147     0.413     0.061     0.352       NaN       NaN       NaN       NaN       NaN       NaN       NaN       NaN     0.000     0.000     0.002     0.002       NaN       NaN       NaN       NaN   116.918   115.838     1.064       NaN       NaN     0.776
 121.4062500     8.750     0.027     0.446     0.012     0.434       NaN       NaN       NaN       NaN       NaN       NaN       NaN       NaN     0.000     0.000     0.002     0.002       NaN       NaN       NaN       NaN   109.915   108.886     0.907       NaN       NaN     0.911
 121.4062500     8.250     0.005     0.454     0.002     0.452       NaN       NaN       NaN       NaN       NaN       NaN       NaN       NaN     0.000     0.000     0.002     0.002       NaN       NaN       NaN       NaN   102.927   101.954     0.773       NaN       NaN     1.069
 121.4062500     7.750     0.001     0.448     0.000     0.447       NaN       NaN       NaN       NaN       NaN       NaN       NaN       NaN     0.000     0.000     0.002     0.002       NaN       NaN       NaN       NaN    96.318    95.434     0.658       NaN       NaN     1.255
 121.4062500     7.250     0.000     0.432     0.000     0.432       NaN       NaN       NaN       NaN       NaN       NaN       NaN       NaN     0.000     0.000     0.002     0.002       NaN       NaN       NaN       NaN    90.243    89.468     0.561       NaN       NaN     1.472
 121.4062500     6.750     0.000     0.411     0.000     0.411       NaN       NaN       NaN       NaN       NaN       NaN       NaN       NaN     0.000     0.000     0.002     0.002       NaN       NaN       NaN       NaN    84.761    84.100     0.478       NaN       NaN     1.728
 121.4062500     6.250     0.000     0.385     0.000     0.385       NaN       NaN       NaN       NaN       NaN       NaN       NaN       NaN     0.000     0.000     0.002     0.002       NaN       NaN       NaN       NaN    79.879    79.329     0.407       NaN       NaN     2.028
 121.4062500     5.750     0.000     0.356     0.000     0.356       NaN       NaN       NaN       NaN       NaN       NaN       NaN       NaN     0.000     0.000     0.002     0.002       NaN       NaN       NaN       NaN    75.580    75.133     0.347       NaN       NaN     2.380
 121.4062500     5.250     0.000     0.324     0.000     0.324       NaN       NaN       NaN       NaN       NaN       NaN       NaN       NaN     0.000     0.000     0.002     0.002       NaN       NaN       NaN       NaN    71.831    71.476     0.296       NaN       NaN     2.793
 121.4062500     4.750     0.000     0.291     0.000     0.291       NaN       NaN       NaN       NaN       NaN       NaN       NaN       NaN     0.000     0.000     0.002     0.002       NaN       NaN       NaN       NaN    68.595    68.320     0.252       NaN       NaN     3.279
 121.4062500     4.250     0.000     0.257     0.000     0.257       NaN       NaN       NaN       NaN       NaN       NaN       NaN       NaN     0.000     0.000     0.002     0.002       NaN       NaN       NaN       NaN    65.833    65.626     0.215       NaN       NaN     3.848
 121.4062500     3.750     0.000     0.223     0.000     0.223       NaN       NaN       NaN       NaN       NaN       NaN       NaN       NaN     0.000     0.000     0.002     0.002       NaN       NaN       NaN       NaN    63.505    63.354     0.183       NaN       NaN     4.516
 121.4062500     3.250     0.000     0.189     0.000     0.189       NaN       NaN       NaN       NaN       NaN       NaN       NaN       NaN     0.000     0.000     0.002     0.002       NaN       NaN       NaN       NaN    61.575    61.469     0.156       NaN       NaN     5.300
 121.4062500     2.750     0.000     0.155     0.000     0.155       NaN       NaN       NaN       NaN       NaN       NaN       NaN       NaN     0.000     0.000     0.002     0.002       NaN       NaN       NaN       NaN    60.008    59.938     0.133       NaN       NaN     6.220
 121.4062500     2.250     0.000     0.122     0.000     0.122       NaN       NaN       NaN       NaN       NaN       NaN       NaN       NaN     0.000     0.000     0.002     0.002       NaN       NaN       NaN       NaN    58.773    58.730     0.113       NaN       NaN     7.300
 121.4062500     1.750     0.000     0.091     0.000     0.091       NaN       NaN       NaN       NaN       NaN       NaN       NaN       NaN     0.000     0.000     0.002     0.002       NaN       NaN       NaN       NaN    57.839    57.815     0.096       NaN       NaN     8.568
 121.4062500     1.250     0.000     0.062     0.000     0.062       NaN       NaN       NaN       NaN       NaN       NaN       NaN       NaN     0.000     0.000     0.002     0.002       NaN       NaN       NaN       NaN    57.178    57.167     0.082       NaN       NaN    10.056
 121.4062500     0.750     0.000     0.036     0.000     0.036       NaN       NaN       NaN       NaN       NaN       NaN       NaN       NaN     0.000     0.000     0.002     0.002       NaN       NaN       NaN       NaN    56.761    56.757     0.070       NaN       NaN    11.802
 121.4062500     0.250     0.000     0.000     0.000     0.000  -999.000  -999.000  -999.000  -999.000  -999.000  -999.000  -999.000  -999.000  -999.000  -999.000  -999.000  -999.000  -999.000  -999.000  -999.000  -999.000  -999.000  -999.000     0.060       NaN       NaN    13.851
 121.4270833    22.750     0.000     0.000     0.000     0.000  -999.000  -999.000  -999.000  -999.000  -999.000  -999.000  -999.000  -999.000  -999.000  -999.000  -999.000  -999.000  -999.000  -999.000  -999.000  -999.000  -999.000  -999.000     3.082       NaN       NaN     0.168
 121.4270833    22.250     0.000     0.000     0.000     0.000  -999.000  -999.000  -999.000  -999.000  -999.000  -999.000  -999.000  -999.000  -999.000  -999.000  -999.000  -999.000  -999.000  -999.000  -999.000  -999.000  -999.000  -999.000     3.031       NaN       NaN     0.339
 121.4270833    21.750     0.000     0.000     0.000     0.000  -999.000  -999.000  -999.000  -999.000  -999.000  -999.000  -999.000  -999.000  -999.000  -999.000  -999.000  -999.000  -999.000  -999.000  -999.000  -999.000  -999.000  -999.000     2.978       NaN       NaN     0.344
 121.4270833    21.250     0.000     0.000     0.000     0.000  -999.000  -999.000  -999.000  -999.000  -999.000  -999.000  -999.000  -999.000  -999.000  -999.000  -999.000  -999.000  -999.000  -999.000  -999.000  -999.000  -999.000  -999.000     2.925       NaN       NaN     0.348
 121.4270833    20.750     0.000     0.000     0.000     0.000  -999.000  -999.000  -999.000  -999.000  -999.000  -999.000  -999.000  -999.000  -999.000  -999.000  -999.000  -999.000  -999.000  -999.000  -999.000  -999.000  -999.000  -999.000     2.871       NaN       NaN     0.353
 121.4270833    20.250     0.000     0.000     0.000     0.000  -999.000  -999.000  -999.000  -999.000  -999.000  -999.000  -999.000  -999.000  -999.000  -999.000  -999.000  -999.000  -999.000  -999.000  -999.000  -999.000  -999.000  -999.000     2.816       NaN       NaN     0.358
 121.4270833    19.750     0.000     0.000     0.000     0.000  -999.000  -999.000  -999.000  -999.000  -999.000  -999.000  -999.000  -999.000  -999.000  -999.000  -999.000  -999.000  -999.000  -999.000  -999.000  -999.000  -999.000  -999.000     2.759       NaN       NaN     0.364
 121.4270833    19.250     0.000     0.000     0.000     0.000  -999.000  -999.000  -999.000  -999.000  -999.000  -999.000  -999.000  -999.000  -999.000  -999.000  -999.000  -999.000  -999.000  -999.000  -999.000  -999.000  -999.000  -999.000     2.702       NaN       NaN     0.369
 121.4270833    18.750     0.000     0.000     0.000     0.000  -999.000  -999.000  -999.000  -999.000  -999.000  -999.000  -999.000  -999.000  -999.000  -999.000  -999.000  -999.000  -999.000  -999.000  -999.000  -999.000  -999.000  -999.000     2.643       NaN       NaN     0.375
 121.4270833    18.250     0.000     0.000     0.000     0.000  -999.000  -999.000  -999.000  -999.000  -999.000  -999.000  -999.000  -999.000  -999.000  -999.000  -999.000  -999.000  -999.000  -999.000  -999.000  -999.000  -999.000  -999.000     2.583       NaN       NaN     0.381
 121.4270833    17.750     0.000     0.000     0.000     0.000  -999.000  -999.000  -999.000  -999.000  -999.000  -999.000  -999.000  -999.000  -999.000  -999.000  -999.000  -999.000  -999.000  -999.000  -999.000  -999.000  -999.000  -999.000     2.522       NaN       NaN     0.388
 121.4270833    17.250     0.000     0.000     0.000     0.000  -999.000  -999.000  -999.000  -999.000  -999.000  -999.000  -999.000  -999.000  -999.000  -999.000  -999.000  -999.000  -999.000  -999.000  -999.000  -999.000  -999.000  -999.000     2.459       NaN       NaN     0.395
 121.4270833    16.750     0.000     0.000     0.000     0.000  -999.000  -999.000  -999.000  -999.000  -999.000  -999.000  -999.000  -999.000  -999.000  -999.000  -999.000  -999.000  -999.000  -999.000  -999.000  -999.000  -999.000  -999.000     2.394       NaN       NaN     0.402
 121.4270833    16.250     0.000     0.000     0.000     0.000  -999.000  -999.000  -999.000  -999.000  -999.000  -999.000  -999.000  -999.000  -999.000  -999.000  -999.000  -999.000  -999.000  -999.000  -999.000  -999.000  -999.000  -999.000     2.327       NaN       NaN     0.410
 121.4270833    15.750     0.000     0.000     0.000     0.000  -999.000  -999.000  -999.000  -999.000  -999.000  -999.000  -999.000  -999.000  -999.000  -999.000  -999.000  -999.000  -999.000  -999.000  -999.000  -999.000  -999.000  -999.000     2.258       NaN       NaN     0.418
 121.4270833    15.250     0.000     0.000     0.000     0.000  -999.000  -999.000  -999.000  -999.000  -999.000  -999.000  -999.000  -999.000  -999.000  -999.000  -999.000  -999.000  -999.000  -999.000  -999.000  -999.000  -999.000  -999.000     2.187       NaN       NaN     0.427
 121.4270833    14.750     0.000     0.000     0.000     0.000  -999.000  -999.000  -999.000  -999.000  -999.000  -999.000  -999.000  -999.000  -999.000  -999.000  -999.000  -999.000  -999.000  -999.000  -999.000  -999.000  -999.000  -999.000     2.113       NaN       NaN     0.437
 121.4270833    14.250     0.000     0.000     0.000     0.000  -999.000  -999.000  -999.000  -999.000  -999.000  -999.000  -999.000  -999.000  -999.000  -999.000  -999.000  -999.000  -999.000  -999.000  -999.000  -999.000  -999.000  -999.000     2.036       NaN       NaN     0.448
 121.4270833    13.750     0.000     0.000     0.000     0.000  -999.000  -999.000  -999.000  -999.000  -999.000  -999.000  -999.000  -999.000  -999.000  -999.000  -999.000  -999.000  -999.000  -999.000  -999.000  -999.000  -999.000  -999.000     1.956       NaN       NaN     0.460
 121.4270833    13.250     0.000     0.000     0.000     0.000  -999.000  -999.000  -999.000  -999.000  -999.000  -999.000  -999.000  -999.000  -999.000  -999.000  -999.000  -999.000  -999.000  -999.000  -999.000  -999.000  -999.000  -999.000     1.871       NaN       NaN     0.472
 121.4270833    12.750     0.000     0.000     0.000     0.000  -999.000  -999.000  -999.000  -999.000  -999.000  -999.000  -999.000  -999.000  -999.000  -999.000  -999.000  -999.000  -999.000  -999.000  -999.000  -999.000  -999.000  -999.000     1.782       NaN       NaN     0.487
 121.4270833    12.250     0.000     0.000     0.000     0.000  -999.000  -999.000  -999.000  -999.000  -999.000  -999.000  -999.000  -999.000  -999.000  -999.000  -999.000  -999.000  -999.000  -999.000  -999.000  -999.000  -999.000  -999.000     1.686       NaN       NaN     0.505
 121.4270833    11.750     0.000     0.000     0.000     0.000  -999.000  -999.000  -999.000  -999.000  -999.000  -999.000  -999.000  -999.000  -999.000  -999.000  -999.000  -999.000  -999.000  -999.000  -999.000  -999.000  -999.000  -999.000     1.583       NaN       NaN     0.527
 121.4270833    11.250     0.000     0.000     0.000     0.000  -999.000  -999.000  -999.000  -999.000  -999.000  -999.000  -999.000  -999.000  -999.000  -999.000  -999.000  -999.000  -999.000  -999.000  -999.000  -999.000  -999.000  -999.000     1.470       NaN       NaN     0.554
 121.4270833    10.750     0.000     0.000     0.000     0.000  -999.000  -999.000  -999.000  -999.000  -999.000  -999.000  -999.000  -999.000  -999.000  -999.000  -999.000  -999.000  -999.000  -999.000  -999.000  -999.000  -999.000  -999.000     1.344       NaN       NaN     0.587
 121.4270833    10.250     0.000     0.000     0.000     0.000  -999.000  -999.000  -999.000  -999.000  -999.000  -999.000  -999.000  -999.000  -999.000  -999.000  -999.000  -999.000  -999.000  -999.000  -999.000  -999.000  -999.000  -999.000     1.197       NaN       NaN     0.634
 121.4270833     9.750     0.581     0.304     0.177     0.127       NaN       NaN       NaN       NaN       NaN       NaN       NaN       NaN     0.000     0.000     0.002     0.002       NaN       NaN       NaN       NaN   122.789   121.512     1.027       NaN       NaN     0.720
 121.4270833     9.250     0.147     0.413     0.061     0.352       NaN       NaN       NaN       NaN       NaN       NaN       NaN       NaN     0.000     0.000     0.002     0.002       NaN       NaN       NaN       NaN   116.918   115.838     0.875       NaN       NaN     0.836
 121.4270833     8.750     0.027     0.446     0.012     0.434       NaN       NaN       NaN       NaN       NaN       NaN       NaN       NaN     0.000     0.000     0.002     0.002       NaN       NaN       NaN       NaN   109.915   108.886     0.746       NaN       NaN     0.981
 121.4270833     8.250     0.005     0.454     0.002     0.452       NaN       NaN       NaN       NaN       NaN       NaN       NaN       NaN     0.000     0.000     0.002     0.002       NaN       NaN       NaN       NaN   102.927   101.954     0.635       NaN       NaN     1.151
 121.4270833     7.750     0.001     0.448     0.000     0.447       NaN       NaN       NaN       NaN       NaN       NaN       NaN       NaN     0.000     0.000     0.002     0.002       NaN       NaN       NaN       NaN    96.318    95.434     0.541       NaN       NaN     1.351
 121.4270833     7.250     0.000     0.432     0.000     0.432       NaN       NaN       NaN       NaN       NaN       NaN       NaN       NaN     0.000     0.000     0.002     0.002       NaN       NaN       NaN       NaN    90.243    89.468     0.461       NaN       NaN     1.585
 121.4270833     6.750     0.000     0.411     0.000     0.411       NaN       NaN       NaN       NaN       NaN       NaN       NaN       NaN     0.000     0.000     0.002     0.002       NaN       NaN       NaN       NaN    84.761    84.100     0.393       NaN       NaN     1.861
 121.4270833     6.250     0.000     0.385     0.000     0.385       NaN       NaN       NaN       NaN       NaN       NaN       NaN       NaN     0.000     0.000     0.002     0.002       NaN       NaN       NaN       NaN    79.879    79.329     0.335       NaN       NaN     2.184
 121.4270833     5.750     0.000     0.356     0.000     0.356       NaN       NaN       NaN       NaN       NaN       NaN       NaN       NaN     0.000     0.000     0.002     0.002       NaN       NaN       NaN       NaN    75.580    75.133     0.285       NaN       NaN     2.563
 121.4270833     5.250     0.000     0.324     0.000     0.324       NaN       NaN       NaN       NaN       NaN       NaN       NaN       NaN     0.000     0.000     0.002     0.002       NaN       NaN       NaN       NaN    71.831    71.476     0.243       NaN       NaN     3.008
 121.4270833     4.750     0.000     0.291     0.000     0.291       NaN       NaN       NaN       NaN       NaN       NaN       NaN       NaN     0.000     0.000     0.002     0.002       NaN       NaN       NaN       NaN    68.595    68.320     0.207       NaN       NaN     3.530
 121.4270833     4.250     0.000     0.257     0.000     0.257       NaN       NaN       NaN       NaN       NaN       NaN       NaN       NaN     0.000     0.000     0.002     0.002       NaN       NaN       NaN       NaN    65.833    65.626     0.176       NaN       NaN     4.143
 121.4270833     3.750     0.000     0.223     0.000     0.223       NaN       NaN       NaN       NaN       NaN       NaN       NaN       NaN     0.000     0.000     0.002     0.002       NaN       NaN       NaN       NaN    63.505    63.354     0.150       NaN       NaN     4.862
 121.4270833     3.250     0.000     0.189     0.000     0.189       NaN       NaN       NaN       NaN       NaN       NaN       NaN       NaN     0.000     0.000     0.002     0.002       NaN       NaN       NaN       NaN    61.575    61.469     0.128       NaN       NaN     5.707
 121.4270833     2.750     0.000     0.155     0.000     0.155       NaN       NaN       NaN       NaN       NaN       NaN       NaN       NaN     0.000     0.000     0.002     0.002       NaN       NaN       NaN       NaN    60.008    59.938     0.109       NaN       NaN     6.697
 121.4270833     2.250     0.000     0.122     0.000     0.122       NaN       NaN       NaN       NaN       NaN       NaN       NaN       NaN     0.000     0.000     0.002     0.002       NaN       NaN       NaN       NaN    58.773    58.730     0.093       NaN       NaN     7.860
 121.4270833     1.750     0.000     0.091     0.000     0.091       NaN       NaN       NaN       NaN       NaN       NaN       NaN       NaN     0.000     0.000     0.002     0.002       NaN       NaN       NaN       NaN    57.839    57.815     0.079       NaN       NaN     9.225
 121.4270833     1.250     0.000     0.062     0.000     0.062       NaN       NaN       NaN       NaN       NaN       NaN       NaN       NaN     0.000     0.000     0.002     0.002       NaN       NaN       NaN       NaN    57.178    57.167     0.068       NaN       NaN    10.827
 121.4270833     0.750     0.000     0.036     0.000     0.036       NaN       NaN       NaN       NaN       NaN       NaN       NaN       NaN     0.000     0.000     0.002     0.002       NaN       NaN       NaN       NaN    56.761    56.757     0.058       NaN       NaN    12.707
 121.4270833     0.250     0.000     0.000     0.000     0.000  -999.000  -999.000  -999.000  -999.000  -999.000  -999.000  -999.000  -999.000  -999.000  -999.000  -999.000  -999.000  -999.000  -999.000  -999.000  -999.000  -999.000  -999.000     0.049       NaN       NaN    14.913
 121.4479167    22.750     0.000     0.000     0.000     0.000  -999.000  -999.000  -999.000  -999.000  -999.000  -999.000  -999.000  -999.000  -999.000  -999.000  -999.000  -999.000  -999.000  -999.000  -999.000  -999.000  -999.000  -999.000     2.956       NaN       NaN     0.216
 121.4479167    22.250     0.000     0.000     0.000     0.000  -999.000  -999.000  -999.000  -999.000  -999.000  -999.000  -999.000  -999.000  -999.000  -999.000  -999.000  -999.000  -999.000  -999.000  -999.000  -999.000  -999.000  -999.000     2.907       NaN       NaN     0.436
 121.4479167    21.750     0.000     0.000     0.000     0.000  -999.000  -999.000  -999.000  -999.000  -999.000  -999.000  -999.000  -999.000  -999.000  -999.000  -999.000  -999.000  -999.000  -999.000  -999.000  -999.000  -999.000  -999.000     2.856       NaN       NaN     0.442
 121.4479167    21.250     0.000     0.000     0.000     0.000  -999.000  -999.000  -999.000  -999.000  -999.000  -999.000  -999.000  -999.000  -999.000  -999.000  -999.000  -999.000  -999.000  -999.000  -999.000  -999.000  -999.000  -999.000     2.805       NaN       NaN     0.448
 121.4479167    20.750     0.000     0.000     0.000     0.000  -999.000  -999.000  -999.000  -999.000  -999.000  -999.000  -999.000  -999.000  -999.000  -999.000  -999.000  -999.000  -999.000  -999.000  -999.000  -999.000  -999.000  -999.000     2.753       NaN       NaN     0.454
 121.4479167    20.250     0.000     0.000     0.000     0.000  -999.000  -999.000  -999.000  -999.000  -999.000  -999.000  -999.000  -999.000  -999.000  -999.000  -999.000  -999.000  -999.000  -999.000  -999.000  -999.000  -999.000  -999.000     2.700       NaN       NaN     0.461
 121.4479167    19.750     0.000     0.000     0.000     0.000  -999.000  -999.000  -999.000  -999.000  -999.000  -999.000  -999.000  -999.000  -999.000  -999.000  -999.000  -999.000  -999.000  -999.000  -999.000  -999.000  -999.000  -999.000     2.646       NaN       NaN     0.467
 121.4479167    19.250     0.000     0.000     0.000     0.000  -999.000  -999.000  -999.000  -999.000  -999.000  -999.000  -999.000  -999.000  -999.000  -999.000  -999.000  -999.000  -999.000  -999.000  -999.000  -999.000  -999.000  -999.000     2.591       NaN       NaN     0.475
 121.4479167    18.750     0.000     0.000     0.000     0.000  -999.000  -999.000  -999.000  -999.000  -999.000  -999.000  -999.000  -999.000  -999.000  -999.000  -999.000  -999.000  -999.000  -999.000  -999.000  -999.000  -999.000  -999.000     2.535       NaN       NaN     0.482
 121.4479167    18.250     0.000     0.000     0.000     0.000  -999.000  -999.000  -999.000  -999.000  -999.000  -999.000  -999.000  -999.000  -999.000  -999.000  -999.000  -999.000  -999.000  -999.000  -999.000  -999.000  -999.000  -999.000     2.477       NaN       NaN     0.490
 121.4479167    17.750     0.000     0.000     0.000     0.000  -999.000  -999.000  -999.000  -999.000  -999.000  -999.000  -999.000  -999.000  -999.000  -999.000  -999.000  -999.000  -999.000  -999.000  -999.000  -999.000  -999.000  -999.000     2.418       NaN       NaN     0.498
 121.4479167    17.250     0.000     0.000     0.000     0.000  -999.000  -999.000  -999.000  -999.000  -999.000  -999.000  -999.000  -999.000  -999.000  -999.000  -999.000  -999.000  -999.000  -999.000  -999.000  -999.000  -999.000  -999.000     2.358       NaN       NaN     0.507
 121.4479167    16.750     0.000     0.000     0.000     0.000  -999.000  -999.000  -999.000  -999.000  -999.000  -999.000  -999.000  -999.000  -999.000  -999.000  -999.000  -999.000  -999.000  -999.000  -999.000  -999.000  -999.000  -999.000     2.296       NaN       NaN     0.517
 121.4479167    16.250     0.000     0.000     0.000     0.000  -999.000  -999.000  -999.000  -999.000  -999.000  -999.000  -999.000  -999.000  -999.000  -999.000  -999.000  -999.000  -999.000  -999.000  -999.000  -999.000  -999.000  -999.000     2.232       NaN       NaN     0.527
 121.4479167    15.750     0.000     0.000     0.000     0.000  -999.000  -999.000  -999.000  -999.000  -999.000  -999.000  -999.000  -999.000  -999.000  -999.000  -999.000  -999.000  -999.000  -999.000  -999.000  -999.000  -999.000  -999.000     2.166       NaN       NaN     0.538
 121.4479167    15.250     0.000     0.000     0.000     0.000  -999.000  -999.000  -999.000  -999.000  -999.000  -999.000  -999.000  -999.000  -999.000  -999.000  -999.000  -999.000  -999.000  -999.000  -999.000  -999.000  -999.000  -999.000     2.097       NaN       NaN     0.549
 121.4479167    14.750     0.000     0.000     0.000     0.000  -999.000  -999.000  -999.000  -999.000  -999.000  -999.000  -999.000  -999.000  -999.000  -999.000  -999.000  -999.000  -999.000  -999.000  -999.000  -999.000  -999.000  -999.000     2.026       NaN       NaN     0.562
 121.4479167    14.250     0.000     0.000     0.000     0.000  -999.000  -999.000  -999.000  -999.000  -999.000  -999.000  -999.000  -999.000  -999.000  -999.000  -999.000  -999.000  -999.000  -999.000  -999.000  -999.000  -999.000  -999.000     1.953       NaN       NaN     0.575
 121.4479167    13.750     0.000     0.000     0.000     0.000  -999.000  -999.000  -999.000  -999.000  -999.000  -999.000  -999.000  -999.000  -999.000  -999.000  -999.000  -999.000  -999.000  -999.000  -999.000  -999.000  -999.000  -999.000     1.876       NaN       NaN     0.591
 121.4479167    13.250     0.000     0.000     0.000     0.000  -999.000  -999.000  -999.000  -999.000  -999.000  -999.000  -999.000  -999.000  -999.000  -999.000  -999.000  -999.000  -999.000  -999.000  -999.000  -999.000  -999.000  -999.000     1.795       NaN       NaN     0.608
 121.4479167    12.750     0.000     0.000     0.000     0.000  -999.000  -999.000  -999.000  -999.000  -999.000  -999.000  -999.000  -999.000  -999.000  -999.000  -999.000  -999.000  -999.000  -999.000  -999.000  -999.000  -999.000  -999.000     1.709       NaN       NaN     0.627
 121.4479167    12.250     0.000     0.000     0.000     0.000  -999.000  -999.000  -999.000  -999.000  -999.000  -999.000  -999.000  -999.000  -999.000  -999.000  -999.000  -999.000  -999.000  -999.000  -999.000  -999.000  -999.000  -999.000     1.617       NaN       NaN     0.650
 121.4479167    11.750     0.000     0.000     0.000     0.000  -999.000  -999.000  -999.000  -999.000  -999.000  -999.000  -999.000  -999.000  -999.000  -999.000  -999.000  -999.000  -999.000  -999.000  -999.000  -999.000  -999.000  -999.000     1.518       NaN       NaN     0.677
 121.4479167    11.250     0.000     0.000     0.000     0.000  -999.000  -999.000  -999.000  -999.000  -999.000  -999.000  -999.000  -999.000  -999.000  -999.000  -999.000  -999.000  -999.000  -999.000  -999.000  -999.000  -999.000  -999.000     1.410       NaN       NaN     0.713
 121.4479167    10.750     0.000     0.000     0.000     0.000  -999.000  -999.000  -999.000  -999.000  -999.000  -999.000  -999.000  -999.000  -999.000  -999.000  -999.000  -999.000  -999.000  -999.000  -999.000  -999.000  -999.000  -999.000     1.289       NaN       NaN     0.754
 121.4479167    10.250     0.000     0.000     0.000     0.000  -999.000  -999.000  -999.000  -999.000  -999.000  -999.000  -999.000  -999.000  -999.000  -999.000  -999.000  -999.000  -999.000  -999.000  -999.000  -999.000  -999.000  -999.000     1.148       NaN       NaN     0.816
 121.4479167     9.750     0.581     0.304     0.177     0.127       NaN       NaN       NaN       NaN       NaN       NaN       NaN       NaN     0.000     0.000     0.002     0.002       NaN       NaN       NaN       NaN   122.789   121.512     0.985       NaN       NaN     0.926
 121.4479167     9.250     0.147     0.413     0.061     0.352       NaN       NaN       NaN       NaN       NaN       NaN       NaN       NaN     0.000     0.000     0.002     0.002       NaN       NaN       NaN       NaN   116.918   115.838     0.839       NaN       NaN     1.074
 121.4479167     8.750     0.027     0.446     0.012     0.434       NaN       NaN       NaN       NaN       NaN       NaN       NaN       NaN     0.000     0.000     0.002     0.002       NaN       NaN       NaN       NaN   109.915   108.886     0.715       NaN       NaN     1.261
 121.4479167     8.250     0.005     0.454     0.002     0.452       NaN       NaN       NaN       NaN       NaN       NaN       NaN       NaN     0.000     0.000     0.002     0.002       NaN       NaN       NaN       NaN   102.927   101.954     0.609       NaN       NaN     1.480
 121.4479167     7.750     0.001     0.448     0.000     0.447       NaN       NaN       NaN       NaN       NaN       NaN       NaN       NaN     0.000     0.000     0.002     0.002       NaN       NaN       NaN       NaN    96.318    95.434     0.519       NaN       NaN     1.737
 121.4479167     7.250     0.000     0.432     0.000     0.432       NaN       NaN       NaN       NaN       NaN       NaN       NaN       NaN     0.000     0.000     0.002     0.002       NaN       NaN       NaN       NaN    90.243    89.468     0.442       NaN       NaN     2.038
 121.4479167     6.750     0.000     0.411     0.000     0.411       NaN       NaN       NaN       NaN       NaN       NaN       NaN       NaN     0.000     0.000     0.002     0.002       NaN       NaN       NaN       NaN    84.761    84.100     0.377       NaN       NaN     2.392
 121.4479167     6.250     0.000     0.385     0.000     0.385       NaN       NaN       NaN       NaN       NaN       NaN       NaN       NaN     0.000     0.000     0.002     0.002       NaN       NaN       NaN       NaN    79.879    79.329     0.321       NaN       NaN     2.808
 121.4479167     5.750     0.000     0.356     0.000     0.356       NaN       NaN       NaN       NaN       NaN       NaN       NaN       NaN     0.000     0.000     0.002     0.002       NaN       NaN       NaN       NaN    75.580    75.133     0.274       NaN       NaN     3.295
 121.4479167     5.250     0.000     0.324     0.000     0.324       NaN       NaN       NaN       NaN       NaN       NaN       NaN       NaN     0.000     0.000     0.002     0.002       NaN       NaN       NaN       NaN    71.831    71.476     0.233       NaN       NaN     3.868
 121.4479167     4.750     0.000     0.291     0.000     0.291       NaN       NaN       NaN       NaN       NaN       NaN       NaN       NaN     0.000     0.000     0.002     0.002       NaN       NaN       NaN       NaN    68.595    68.320     0.199       NaN       NaN     4.539
 121.4479167     4.250     0.000     0.257     0.000     0.257       NaN       NaN       NaN       NaN       NaN       NaN       NaN       NaN     0.000     0.000     0.002     0.002       NaN       NaN       NaN       NaN    65.833    65.626     0.169       NaN       NaN     5.327
 121.4479167     3.750     0.000     0.223     0.000     0.223       NaN       NaN       NaN       NaN       NaN       NaN       NaN       NaN     0.000     0.000     0.002     0.002       NaN       NaN       NaN       NaN    63.505    63.354     0.144       NaN       NaN     6.252
 121.4479167     3.250     0.000     0.189     0.000     0.189       NaN       NaN       NaN       NaN       NaN       NaN       NaN       NaN     0.000     0.000     0.002     0.002       NaN       NaN       NaN       NaN    61.575    61.469     0.123       NaN       NaN     7.338
 121.4479167     2.750     0.000     0.155     0.000     0.155       NaN       NaN       NaN       NaN       NaN       NaN       NaN       NaN     0.000     0.000     0.002     0.002       NaN       NaN       NaN       NaN    60.008    59.938     0.105       NaN       NaN     8.612
 121.4479167     2.250     0.000     0.122     0.000     0.122       NaN       NaN       NaN       NaN       NaN       NaN       NaN       NaN     0.000     0.000     0.002     0.002       NaN       NaN       NaN       NaN    58.773    58.730     0.089       NaN       NaN    10.107
 121.4479167     1.750     0.000     0.091     0.000     0.091       NaN       NaN       NaN       NaN       NaN       NaN       NaN       NaN     0.000     0.000     0.002     0.002       NaN       NaN       NaN       NaN    57.839    57.815     0.076       NaN       NaN    11.862
 121.4479167     1.250     0.000     0.062     0.000     0.062       NaN       NaN       NaN       NaN       NaN       NaN       NaN       NaN     0.000     0.000     0.002     0.002       NaN       NaN       NaN       NaN    57.178    57.167     0.065       NaN       NaN    13.922
 121.4479167     0.750     0.000     0.036     0.000     0.036       NaN       NaN       NaN       NaN       NaN       NaN       NaN       NaN     0.000     0.000     0.002     0.002       NaN       NaN       NaN       NaN    56.761    56.757     0.055       NaN       NaN    16.339
 121.4479167     0.250     0.000     0.000     0.000     0.000  -999.000  -999.000  -999.000  -999.000  -999.000  -999.000  -999.000  -999.000  -999.000  -999.000  -999.000  -999.000  -999.000  -999.000  -999.000  -999.000  -999.000  -999.000     0.047       NaN       NaN    19.176
 121.4687500    22.750     0.000     0.000     0.000     0.000  -999.000  -999.000  -999.000  -999.000  -999.000  -999.000  -999.000  -999.000  -999.000  -999.000  -999.000  -999.000  -999.000  -999.000  -999.000  -999.000  -999.000  -999.000     3.864       NaN       NaN     0.161
 121.4687500    22.250     0.000     0.000     0.000     0.000  -999.000  -999.000  -999.000  -999.000  -999.000  -999.000  -999.000  -999.000  -999.000  -999.000  -999.000  -999.000  -999.000  -999.000  -999.000  -999.000  -999.000  -999.000     3.800       NaN       NaN     0.324
 121.4687500    21.750     0.000     0.000     0.000     0.000  -999.000  -999.000  -999.000  -999.000  -999.000  -999.000  -999.000  -999.000  -999.000  -999.000  -999.000  -999.000  -999.000  -999.000  -999.000  -999.000  -999.000  -999.000     3.734       NaN       NaN     0.329
 121.4687500    21.250     0.000     0.000     0.000     0.000  -999.000  -999.000  -999.000  -999.000  -999.000  -999.000  -999.000  -999.000  -999.000  -999.000  -999.000  -999.000  -999.000  -999.000  -999.000  -999.000  -999.000  -999.000     3.667       NaN       NaN     0.333
 121.4687500    20.750     0.000     0.000     0.000     0.000  -999.000  -999.000  -999.000  -999.000  -999.000  -999.000  -999.000  -999.000  -999.000  -999.000  -999.000  -999.000  -999.000  -999.000  -999.000  -999.000  -999.000  -999.000     3.599       NaN       NaN     0.338
 121.4687500    20.250     0.000     0.000     0.000     0.000  -999.000  -999.000  -999.000  -999.000  -999.000  -999.000  -999.000  -999.000  -999.000  -999.000  -999.000  -999.000  -999.000  -999.000  -999.000  -999.000  -999.000  -999.000     3.530       NaN       NaN     0.343
 121.4687500    19.750     0.000     0.000     0.000     0.000  -999.000  -999.000  -999.000  -999.000  -999.000  -999.000  -999.000  -999.000  -999.000  -999.000  -999.000  -999.000  -999.000  -999.000  -999.000  -999.000  -999.000  -999.000     3.459       NaN       NaN     0.348
 121.4687500    19.250     0.000     0.000     0.000     0.000  -999.000  -999.000  -999.000  -999.000  -999.000  -999.000  -999.000  -999.000  -999.000  -999.000  -999.000  -999.000  -999.000  -999.000  -999.000  -999.000  -999.000  -999.000     3.387       NaN       NaN     0.353
 121.4687500    18.750     0.000     0.000     0.000     0.000  -999.000  -999.000  -999.000  -999.000  -999.000  -999.000  -999.000  -999.000  -999.000  -999.000  -999.000  -999.000  -999.000  -999.000  -999.000  -999.000  -999.000  -999.000     3.314       NaN       NaN     0.359
 121.4687500    18.250     0.000     0.000     0.000     0.000  -999.000  -999.000  -999.000  -999.000  -999.000  -999.000  -999.000  -999.000  -999.000  -999.000  -999.000  -999.000  -999.000  -999.000  -999.000  -999.000  -999.000  -999.000     3.238       NaN       NaN     0.365
 121.4687500    17.750     0.000     0.000     0.000     0.000  -999.000  -999.000  -999.000  -999.000  -999.000  -999.000  -999.000  -999.000  -999.000  -999.000  -999.000  -999.000  -999.000  -999.000  -999.000  -999.000  -999.000  -999.000     3.161       NaN       NaN     0.371
 121.4687500    17.250     0.000     0.000     0.000     0.000  -999.000  -999.000  -999.000  -999.000  -999.000  -999.000  -999.000  -999.000  -999.000  -999.000  -999.000  -999.000  -999.000  -999.000  -999.000  -999.000  -999.000  -999.000     3.082       NaN       NaN     0.378
 121.4687500    16.750     0.000     0.000     0.000     0.000  -999.000  -999.000  -999.000  -999.000  -999.000  -999.000  -999.000  -999.000  -999.000  -999.000  -999.000  -999.000  -999.000  -999.000  -999.000  -999.000  -999.000  -999.000     3.001       NaN       NaN     0.385
 121.4687500    16.250     0.000     0.000     0.000     0.000  -999.000  -999.000  -999.000  -999.000  -999.000  -999.000  -999.000  -999.000  -999.000  -999.000  -999.000  -999.000  -999.000  -999.000  -999.000  -999.000  -999.000  -999.000     2.917       NaN       NaN     0.392
 121.4687500    15.750     0.000     0.000     0.000     0.000  -999.000  -999.000  -999.000  -999.000  -999.000  -999.000  -999.000  -999.000  -999.000  -999.000  -999.000  -999.000  -999.000  -999.000  -999.000  -999.000  -999.000  -999.000     2.831       NaN       NaN     0.400
 121.4687500    15.250     0.000     0.000     0.000     0.000  -999.000  -999.000  -999.000  -999.000  -999.000  -999.000  -999.000  -999.000  -999.000  -999.000  -999.000  -999.000  -999.000  -999.000  -999.000  -999.000  -999.000  -999.000     2.742       NaN       NaN     0.409
 121.4687500    14.750     0.000     0.000     0.000     0.000  -999.000  -999.000  -999.000  -999.000  -999.000  -999.000  -999.000  -999.000  -999.000  -999.000  -999.000  -999.000  -999.000  -999.000  -999.000  -999.000  -999.000  -999.000     2.649       NaN       NaN     0.418
 121.4687500    14.250     0.000     0.000     0.000     0.000  -999.000  -999.000  -999.000  -999.000  -999.000  -999.000  -999.000  -999.000  -999.000  -999.000  -999.000  -999.000  -999.000  -999.000  -999.000  -999.000  -999.000  -999.000     2.553       NaN       NaN     0.428
 121.4687500    13.750     0.000     0.000     0.000     0.000  -999.000  -999.000  -999.000  -999.000  -999.000  -999.000  -999.000  -999.000  -999.000  -999.000  -999.000  -999.000  -999.000  -999.000  -999.000  -999.000  -999.000  -999.000     2.452       NaN       NaN     0.440
 121.4687500    13.250     0.000     0.000     0.000     0.000  -999.000  -999.000  -999.000  -999.000  -999.000  -999.000  -999.000  -999.000  -999.000  -999.000  -999.000  -999.000  -999.000  -999.000  -999.000  -999.000  -999.000  -999.000     2.346       NaN       NaN     0.452
 121.4687500    12.750     0.000     0.000     0.000     0.000  -999.000  -999.000  -999.000  -999.000  -999.000  -999.000  -999.000  -999.000  -999.000  -999.000  -999.000  -999.000  -999.000  -999.000  -999.000  -999.000  -999.000  -999.000     2.234       NaN       NaN     0.466
 121.4687500    12.250     0.000     0.000     0.000     0.000  -999.000  -999.000  -999.000  -999.000  -999.000  -999.000  -999.000  -999.000  -999.000  -999.000  -999.000  -999.000  -999.000  -999.000  -999.000  -999.000  -999.000  -999.000     2.114       NaN       NaN     0.484
 121.4687500    11.750     0.000     0.000     0.000     0.000  -999.000  -999.000  -999.000  -999.000  -999.000  -999.000  -999.000  -999.000  -999.000  -999.000  -999.000  -999.000  -999.000  -999.000  -999.000  -999.000  -999.000  -999.000     1.985       NaN       NaN     0.504
 121.4687500    11.250     0.000     0.000     0.000     0.000  -999.000  -999.000  -999.000  -999.000  -999.000  -999.000  -999.000  -999.000  -999.000  -999.000  -999.000  -999.000  -999.000  -999.000  -999.000  -999.000  -999.000  -999.000     1.843       NaN       NaN     0.530
 121.4687500    10.750     0.000     0.000     0.000     0.000  -999.000  -999.000  -999.000  -999.000  -999.000  -999.000  -999.000  -999.000  -999.000  -999.000  -999.000  -999.000  -999.000  -999.000  -999.000  -999.000  -999.000  -999.000     1.685       NaN       NaN     0.561
 121.4687500    10.250     0.000     0.000     0.000     0.000  -999.000  -999.000  -999.000  -999.000  -999.000  -999.000  -999.000  -999.000  -999.000  -999.000  -999.000  -999.000  -999.000  -999.000  -999.000  -999.000  -999.000  -999.000     1.501       NaN       NaN     0.607
 121.4687500     9.750     0.581     0.304     0.177     0.127       NaN       NaN       NaN       NaN       NaN       NaN       NaN       NaN     0.000     0.000     0.002     0.002       NaN       NaN       NaN       NaN   122.789   121.512     1.287       NaN       NaN     0.689
 121.4687500     9.250     0.147     0.413     0.061     0.352       NaN       NaN       NaN       NaN       NaN       NaN       NaN       NaN     0.000     0.000     0.002     0.002       NaN       NaN       NaN       NaN   116.918   115.838     1.097       NaN       NaN     0.800
 121.4687500     8.750     0.027     0.446     0.012     0.434       NaN       NaN       NaN       NaN       NaN       NaN       NaN       NaN     0.000     0.000     0.002     0.002       NaN       NaN       NaN       NaN   109.915   108.886     0.935       NaN       NaN     0.938
 121.4687500     8.250     0.005     0.454     0.002     0.452       NaN       NaN       NaN       NaN       NaN       NaN       NaN       NaN     0.000     0.000     0.002     0.002       NaN       NaN       NaN       NaN   102.927   101.954     0.796       NaN       NaN     1.101
 121.4687500     7.750     0.001     0.448     0.000     0.447       NaN       NaN       NaN       NaN       NaN       NaN       NaN       NaN     0.000     0.000     0.002     0.002       NaN       NaN       NaN       NaN    96.318    95.434     0.679       NaN       NaN     1.293
 121.4687500     7.250     0.000     0.432     0.000     0.432       NaN       NaN       NaN       NaN       NaN       NaN       NaN       NaN     0.000     0.000     0.002     0.002       NaN       NaN       NaN       NaN    90.243    89.468     0.578       NaN       NaN     1.517
 121.4687500     6.750     0.000     0.411     0.000     0.411       NaN       NaN       NaN       NaN       NaN       NaN       NaN       NaN     0.000     0.000     0.002     0.002       NaN       NaN       NaN       NaN    84.761    84.100     0.493       NaN       NaN     1.780
 121.4687500     6.250     0.000     0.385     0.000     0.385       NaN       NaN       NaN       NaN       NaN       NaN       NaN       NaN     0.000     0.000     0.002     0.002       NaN       NaN       NaN       NaN    79.879    79.329     0.420       NaN       NaN     2.090
 121.4687500     5.750     0.000     0.356     0.000     0.356       NaN       NaN       NaN       NaN       NaN       NaN       NaN       NaN     0.000     0.000     0.002     0.002       NaN       NaN       NaN       NaN    75.580    75.133     0.358       NaN       NaN     2.452
 121.4687500     5.250     0.000     0.324     0.000     0.324       NaN       NaN       NaN       NaN       NaN       NaN       NaN       NaN     0.000     0.000     0.002     0.002       NaN       NaN       NaN       NaN    71.831    71.476     0.305       NaN       NaN     2.878
 121.4687500     4.750     0.000     0.291     0.000     0.291       NaN       NaN       NaN       NaN       NaN       NaN       NaN       NaN     0.000     0.000     0.002     0.002       NaN       NaN       NaN       NaN    68.595    68.320     0.260       NaN       NaN     3.378
 121.4687500     4.250     0.000     0.257     0.000     0.257       NaN       NaN       NaN       NaN       NaN       NaN       NaN       NaN     0.000     0.000     0.002     0.002       NaN       NaN       NaN       NaN    65.833    65.626     0.221       NaN       NaN     3.964
 121.4687500     3.750     0.000     0.223     0.000     0.223       NaN       NaN       NaN       NaN       NaN       NaN       NaN       NaN     0.000     0.000     0.002     0.002       NaN       NaN       NaN       NaN    63.505    63.354     0.189       NaN       NaN     4.653
 121.4687500     3.250     0.000     0.189     0.000     0.189       NaN       NaN       NaN       NaN       NaN       NaN       NaN       NaN     0.000     0.000     0.002     0.002       NaN       NaN       NaN       NaN    61.575    61.469     0.161       NaN       NaN     5.461
 121.4687500     2.750     0.000     0.155     0.000     0.155       NaN       NaN       NaN       NaN       NaN       NaN       NaN       NaN     0.000     0.000     0.002     0.002       NaN       NaN       NaN       NaN    60.008    59.938     0.137       NaN       NaN     6.409
 121.4687500     2.250     0.000     0.122     0.000     0.122       NaN       NaN       NaN       NaN       NaN       NaN       NaN       NaN     0.000     0.000     0.002     0.002       NaN       NaN       NaN       NaN    58.773    58.730     0.117       NaN       NaN     7.522
 121.4687500     1.750     0.000     0.091     0.000     0.091       NaN       NaN       NaN       NaN       NaN       NaN       NaN       NaN     0.000     0.000     0.002     0.002       NaN       NaN       NaN       NaN    57.839    57.815     0.099       NaN       NaN     8.828
 121.4687500     1.250     0.000     0.062     0.000     0.062       NaN       NaN       NaN       NaN       NaN       NaN       NaN       NaN     0.000     0.000     0.002     0.002       NaN       NaN       NaN       NaN    57.178    57.167     0.085       NaN       NaN    10.361
 121.4687500     0.750     0.000     0.036     0.000     0.036       NaN       NaN       NaN       NaN       NaN       NaN       NaN       NaN     0.000     0.000     0.002     0.002       NaN       NaN       NaN       NaN    56.761    56.757     0.072       NaN       NaN    12.159
 121.4687500     0.250     0.000     0.000     0.000     0.000  -999.000  -999.000  -999.000  -999.000  -999.000  -999.000  -999.000  -999.000  -999.000  -999.000  -999.000  -999.000  -999.000  -999.000  -999.000  -999.000  -999.000  -999.000     0.061       NaN       NaN    14.271
 121.4895833    22.750     0.000     0.000     0.000     0.000  -999.000  -999.000  -999.000  -999.000  -999.000  -999.000  -999.000  -999.000  -999.000  -999.000  -999.000  -999.000  -999.000  -999.000  -999.000  -999.000  -999.000  -999.000     4.134       NaN       NaN     0.146
 121.4895833    22.250     0.000     0.000     0.000     0.000  -999.000  -999.000  -999.000  -999.000  -999.000  -999.000  -999.000  -999.000  -999.000  -999.000  -999.000  -999.000  -999.000  -999.000  -999.000  -999.000  -999.000  -999.000     4.065       NaN       NaN     0.294
 121.4895833    21.750     0.000     0.000     0.000     0.000  -999.000  -999.000  -999.000  -999.000  -999.000  -999.000  -999.000  -999.000  -999.000  -999.000  -999.000  -999.000  -999.000  -999.000  -999.000  -999.000  -999.000  -999.000     3.995       NaN       NaN     0.298
 121.4895833    21.250     0.000     0.000     0.000     0.000  -999.000  -999.000  -999.000  -999.000  -999.000  -999.000  -999.000  -999.000  -999.000  -999.000  -999.000  -999.000  -999.000  -999.000  -999.000  -999.000  -999.000  -999.000     3.923       NaN       NaN     0.302
 121.4895833    20.750     0.000     0.000     0.000     0.000  -999.000  -999.000  -999.000  -999.000  -999.000  -999.000  -999.000  -999.000  -999.000  -999.000  -999.000  -999.000  -999.000  -999.000  -999.000  -999.000  -999.000  -999.000     3.850       NaN       NaN     0.306
 121.4895833    20.250     0.000     0.000     0.000     0.000  -999.000  -999.000  -999.000  -999.000  -999.000  -999.000  -999.000  -999.000  -999.000  -999.000  -999.000  -999.000  -999.000  -999.000  -999.000  -999.000  -999.000  -999.000     3.776       NaN       NaN     0.310
 121.4895833    19.750     0.000     0.000     0.000     0.000  -999.000  -999.000  -999.000  -999.000  -999.000  -999.000  -999.000  -999.000  -999.000  -999.000  -999.000  -999.000  -999.000  -999.000  -999.000  -999.000  -999.000  -999.000     3.701       NaN       NaN     0.315
 121.4895833    19.250     0.000     0.000     0.000     0.000  -999.000  -999.000  -999.000  -999.000  -999.000  -999.000  -999.000  -999.000  -999.000  -999.000  -999.000  -999.000  -999.000  -999.000  -999.000  -999.000  -999.000  -999.000     3.624       NaN       NaN     0.320
 121.4895833    18.750     0.000     0.000     0.000     0.000  -999.000  -999.000  -999.000  -999.000  -999.000  -999.000  -999.000  -999.000  -999.000  -999.000  -999.000  -999.000  -999.000  -999.000  -999.000  -999.000  -999.000  -999.000     3.545       NaN       NaN     0.325
 121.4895833    18.250     0.000     0.000     0.000     0.000  -999.000  -999.000  -999.000  -999.000  -999.000  -999.000  -999.000  -999.000  -999.000  -999.000  -999.000  -999.000  -999.000  -999.000  -999.000  -999.000  -999.000  -999.000     3.464       NaN       NaN     0.330
 121.4895833    17.750     0.000     0.000     0.000     0.000  -999.000  -999.000  -999.000  -999.000  -999.000  -999.000  -999.000  -999.000  -999.000  -999.000  -999.000  -999.000  -999.000  -999.000  -999.000  -999.000  -999.000  -999.000     3.382       NaN       NaN     0.336
 121.4895833    17.250     0.000     0.000     0.000     0.000  -999.000  -999.000  -999.000  -999.000  -999.000  -999.000  -999.000  -999.000  -999.000  -999.000  -999.000  -999.000  -999.000  -999.000  -999.000  -999.000  -999.000  -999.000     3.297       NaN       NaN     0.342
 121.4895833    16.750     0.000     0.000     0.000     0.000  -999.000  -999.000  -999.000  -999.000  -999.000  -999.000  -999.000  -999.000  -999.000  -999.000  -999.000  -999.000  -999.000  -999.000  -999.000  -999.000  -999.000  -999.000     3.210       NaN       NaN     0.348
 121.4895833    16.250     0.000     0.000     0.000     0.000  -999.000  -999.000  -999.000  -999.000  -999.000  -999.000  -999.000  -999.000  -999.000  -999.000  -999.000  -999.000  -999.000  -999.000  -999.000  -999.000  -999.000  -999.000     3.121       NaN       NaN     0.355
 121.4895833    15.750     0.000     0.000     0.000     0.000  -999.000  -999.000  -999.000  -999.000  -999.000  -999.000  -999.000  -999.000  -999.000  -999.000  -999.000  -999.000  -999.000  -999.000  -999.000  -999.000  -999.000  -999.000     3.029       NaN       NaN     0.362
 121.4895833    15.250     0.000     0.000     0.000     0.000  -999.000  -999.000  -999.000  -999.000  -999.000  -999.000  -999.000  -999.000  -999.000  -999.000  -999.000  -999.000  -999.000  -999.000  -999.000  -999.000  -999.000  -999.000     2.933       NaN       NaN     0.370
 121.4895833    14.750     0.000     0.000     0.000     0.000  -999.000  -999.000  -999.000  -999.000  -999.000  -999.000  -999.000  -999.000  -999.000  -999.000  -999.000  -999.000  -999.000  -999.000  -999.000  -999.000  -999.000  -999.000     2.834       NaN       NaN     0.379
 121.4895833    14.250     0.000     0.000     0.000     0.000  -999.000  -999.000  -999.000  -999.000  -999.000  -999.000  -999.000  -999.000  -999.000  -999.000  -999.000  -999.000  -999.000  -999.000  -999.000  -999.000  -999.000  -999.000     2.731       NaN       NaN     0.388
 121.4895833    13.750     0.000     0.000     0.000     0.000  -999.000  -999.000  -999.000  -999.000  -999.000  -999.000  -999.000  -999.000  -999.000  -999.000  -999.000  -999.000  -999.000  -999.000  -999.000  -999.000  -999.000  -999.000     2.623       NaN       NaN     0.398
 121.4895833    13.250     0.000     0.000     0.000     0.000  -999.000  -999.000  -999.000  -999.000  -999.000  -999.000  -999.000  -999.000  -999.000  -999.000  -999.000  -999.000  -999.000  -999.000  -999.000  -999.000  -999.000  -999.000     2.510       NaN       NaN     0.410
 121.4895833    12.750     0.000     0.000     0.000     0.000  -999.000  -999.000  -999.000  -999.000  -999.000  -999.000  -999.000  -999.000  -999.000  -999.000  -999.000  -999.000  -999.000  -999.000  -999.000  -999.000  -999.000  -999.000     2.390       NaN       NaN     0.423
 121.4895833    12.250     0.000     0.000     0.000     0.000  -999.000  -999.000  -999.000  -999.000  -999.000  -999.000  -999.000  -999.000  -999.000  -999.000  -999.000  -999.000  -999.000  -999.000  -999.000  -999.000  -999.000  -999.000     2.262       NaN       NaN     0.438
 121.4895833    11.750     0.000     0.000     0.000     0.000  -999.000  -999.000  -999.000  -999.000  -999.000  -999.000  -999.000  -999.000  -999.000  -999.000  -999.000  -999.000  -999.000  -999.000  -999.000  -999.000  -999.000  -999.000     2.124       NaN       NaN     0.457
 121.4895833    11.250     0.000     0.000     0.000     0.000  -999.000  -999.000  -999.000  -999.000  -999.000  -999.000  -999.000  -999.000  -999.000  -999.000  -999.000  -999.000  -999.000  -999.000  -999.000  -999.000  -999.000  -999.000     1.972       NaN       NaN     0.480
 121.4895833    10.750     0.000     0.000     0.000     0.000  -999.000  -999.000  -999.000  -999.000  -999.000  -999.000  -999.000  -999.000  -999.000  -999.000  -999.000  -999.000  -999.000  -999.000  -999.000  -999.000  -999.000  -999.000     1.802       NaN       NaN     0.508
 121.4895833    10.250     0.000     0.000     0.000     0.000  -999.000  -999.000  -999.000  -999.000  -999.000  -999.000  -999.000  -999.000  -999.000  -999.000  -999.000  -999.000  -999.000  -999.000  -999.000  -999.000  -999.000  -999.000     1.606       NaN       NaN     0.550
 121.4895833     9.750     0.581     0.304     0.177     0.127       NaN       NaN       NaN       NaN       NaN       NaN       NaN       NaN     0.000     0.000     0.002     0.002       NaN       NaN       NaN       NaN   122.789   121.512     1.377       NaN       NaN     0.624
 121.4895833     9.250     0.147     0.413     0.061     0.352       NaN       NaN       NaN       NaN       NaN       NaN       NaN       NaN     0.000     0.000     0.002     0.002       NaN       NaN       NaN       NaN   116.918   115.838     1.174       NaN       NaN     0.724
 121.4895833     8.750     0.027     0.446     0.012     0.434       NaN       NaN       NaN       NaN       NaN       NaN       NaN       NaN     0.000     0.000     0.002     0.002       NaN       NaN       NaN       NaN   109.915   108.886     1.000       NaN       NaN     0.850
 121.4895833     8.250     0.005     0.454     0.002     0.452       NaN       NaN       NaN       NaN       NaN       NaN       NaN       NaN     0.000     0.000     0.002     0.002       NaN       NaN       NaN       NaN   102.927   101.954     0.852       NaN       NaN     0.998
 121.4895833     7.750     0.001     0.448     0.000     0.447       NaN       NaN       NaN       NaN       NaN       NaN       NaN       NaN     0.000     0.000     0.002     0.002       NaN       NaN       NaN       NaN    96.318    95.434     0.726       NaN       NaN     1.171
 121.4895833     7.250     0.000     0.432     0.000     0.432       NaN       NaN       NaN       NaN       NaN       NaN       NaN       NaN     0.000     0.000     0.002     0.002       NaN       NaN       NaN       NaN    90.243    89.468     0.619       NaN       NaN     1.374
 121.4895833     6.750     0.000     0.411     0.000     0.411       NaN       NaN       NaN       NaN       NaN       NaN       NaN       NaN     0.000     0.000     0.002     0.002       NaN       NaN       NaN       NaN    84.761    84.100     0.527       NaN       NaN     1.613
 121.4895833     6.250     0.000     0.385     0.000     0.385       NaN       NaN       NaN       NaN       NaN       NaN       NaN       NaN     0.000     0.000     0.002     0.002       NaN       NaN       NaN       NaN    79.879    79.329     0.449       NaN       NaN     1.893
 121.4895833     5.750     0.000     0.356     0.000     0.356       NaN       NaN       NaN       NaN       NaN       NaN       NaN       NaN     0.000     0.000     0.002     0.002       NaN       NaN       NaN       NaN    75.580    75.133     0.383       NaN       NaN     2.222
 121.4895833     5.250     0.000     0.324     0.000     0.324       NaN       NaN       NaN       NaN       NaN       NaN       NaN       NaN     0.000     0.000     0.002     0.002       NaN       NaN       NaN       NaN    71.831    71.476     0.326       NaN       NaN     2.607
 121.4895833     4.750     0.000     0.291     0.000     0.291       NaN       NaN       NaN       NaN       NaN       NaN       NaN       NaN     0.000     0.000     0.002     0.002       NaN       NaN       NaN       NaN    68.595    68.320     0.278       NaN       NaN     3.060
 121.4895833     4.250     0.000     0.257     0.000     0.257       NaN       NaN       NaN       NaN       NaN       NaN       NaN       NaN     0.000     0.000     0.002     0.002       NaN       NaN       NaN       NaN    65.833    65.626     0.237       NaN       NaN     3.591
 121.4895833     3.750     0.000     0.223     0.000     0.223       NaN       NaN       NaN       NaN       NaN       NaN       NaN       NaN     0.000     0.000     0.002     0.002       NaN       NaN       NaN       NaN    63.505    63.354     0.202       NaN       NaN     4.215
 121.4895833     3.250     0.000     0.189     0.000     0.189       NaN       NaN       NaN       NaN       NaN       NaN       NaN       NaN     0.000     0.000     0.002     0.002       NaN       NaN       NaN       NaN    61.575    61.469     0.172       NaN       NaN     4.947
 121.4895833     2.750     0.000     0.155     0.000     0.155       NaN       NaN       NaN       NaN       NaN       NaN       NaN       NaN     0.000     0.000     0.002     0.002       NaN       NaN       NaN       NaN    60.008    59.938     0.146       NaN       NaN     5.806
 121.4895833     2.250     0.000     0.122     0.000     0.122       NaN       NaN       NaN       NaN       NaN       NaN       NaN       NaN     0.000     0.000     0.002     0.002       NaN       NaN       NaN       NaN    58.773    58.730     0.125       NaN       NaN     6.814
 121.4895833     1.750     0.000     0.091     0.000     0.091       NaN       NaN       NaN       NaN       NaN       NaN       NaN       NaN     0.000     0.000     0.002     0.002       NaN       NaN       NaN       NaN    57.839    57.815     0.106       NaN       NaN     7.997
 121.4895833     1.250     0.000     0.062     0.000     0.062       NaN       NaN       NaN       NaN       NaN       NaN       NaN       NaN     0.000     0.000     0.002     0.002       NaN       NaN       NaN       NaN    57.178    57.167     0.091       NaN       NaN     9.385
 121.4895833     0.750     0.000     0.036     0.000     0.036       NaN       NaN       NaN       NaN       NaN       NaN       NaN       NaN     0.000     0.000     0.002     0.002       NaN       NaN       NaN       NaN    56.761    56.757     0.077       NaN       NaN    11.015
 121.4895833     0.250     0.000     0.000     0.000     0.000  -999.000  -999.000  -999.000  -999.000  -999.000  -999.000  -999.000  -999.000  -999.000  -999.000  -999.000  -999.000  -999.000  -999.000  -999.000  -999.000  -999.000  -999.000     0.066       NaN       NaN    12.928
 121.5104167    22.750     0.000     0.000     0.000     0.000  -999.000  -999.000  -999.000  -999.000  -999.000  -999.000  -999.000  -999.000  -999.000  -999.000  -999.000  -999.000  -999.000  -999.000  -999.000  -999.000  -999.000  -999.000     4.163       NaN       NaN     0.137
 121.5104167    22.250     0.000     0.000     0.000     0.000  -999.000  -999.000  -999.000  -999.000  -999.000  -999.000  -999.000  -999.000  -999.000  -999.000  -999.000  -999.000  -999.000  -999.000  -999.000  -999.000  -999.000  -999.000     4.093       NaN       NaN     0.277
 121.5104167    21.750     0.000     0.000     0.000     0.000  -999.000  -999.000  -999.000  -999.000  -999.000  -999.000  -999.000  -999.000  -999.000  -999.000  -999.000  -999.000  -999.000  -999.000  -999.000  -999.000  -999.000  -999.000     4.022       NaN       NaN     0.281
 121.5104167    21.250     0.000     0.000     0.000     0.000  -999.000  -999.000  -999.000  -999.000  -999.000  -999.000  -999.000  -999.000  -999.000  -999.000  -999.000  -999.000  -999.000  -999.000  -999.000  -999.000  -999.000  -999.000     3.950       NaN       NaN     0.285
 121.5104167    20.750     0.000     0.000     0.000     0.000  -999.000  -999.000  -999.000  -999.000  -999.000  -999.000  -999.000  -999.000  -999.000  -999.000  -999.000  -999.000  -999.000  -999.000  -999.000  -999.000  -999.000  -999.000     3.877       NaN       NaN     0.289
 121.5104167    20.250     0.000     0.000     0.000     0.000  -999.000  -999.000  -999.000  -999.000  -999.000  -999.000  -999.000  -999.000  -999.000  -999.000  -999.000  -999.000  -999.000  -999.000  -999.000  -999.000  -999.000  -999.000     3.803       NaN       NaN     0.293
 121.5104167    19.750     0.000     0.000     0.000     0.000  -999.000  -999.000  -999.000  -999.000  -999.000  -999.000  -999.000  -999.000  -999.000  -999.000  -999.000  -999.000  -999.000  -999.000  -999.000  -999.000  -999.000  -999.000     3.727       NaN       NaN     0.297
 121.5104167    19.250     0.000     0.000     0.000     0.000  -999.000  -999.000  -999.000  -999.000  -999.000  -999.000  -999.000  -999.000  -999.000  -999.000  -999.000  -999.000  -999.000  -999.000  -999.000  -999.000  -999.000  -999.000     3.649       NaN       NaN     0.302
 121.5104167    18.750     0.000     0.000     0.000     0.000  -999.000  -999.000  -999.000  -999.000  -999.000  -999.000  -999.000  -999.000  -999.000  -999.000  -999.000  -999.000  -999.000  -999.000  -999.000  -999.000  -999.000  -999.000     3.570       NaN       NaN     0.307
 121.5104167    18.250     0.000     0.000     0.000     0.000  -999.000  -999.000  -999.000  -999.000  -999.000  -999.000  -999.000  -999.000  -999.000  -999.000  -999.000  -999.000  -999.000  -999.000  -999.000  -999.000  -999.000  -999.000     3.488       NaN       NaN     0.312
 121.5104167    17.750     0.000     0.000     0.000     0.000  -999.000  -999.000  -999.000  -999.000  -999.000  -999.000  -999.000  -999.000  -999.000  -999.000  -999.000  -999.000  -999.000  -999.000  -999.000  -999.000  -999.000  -999.000     3.405       NaN       NaN     0.317
 121.5104167    17.250     0.000     0.000     0.000     0.000  -999.000  -999.000  -999.000  -999.000  -999.000  -999.000  -999.000  -999.000  -999.000  -999.000  -999.000  -999.000  -999.000  -999.000  -999.000  -999.000  -999.000  -999.000     3.320       NaN       NaN     0.323
 121.5104167    16.750     0.000     0.000     0.000     0.000  -999.000  -999.000  -999.000  -999.000  -999.000  -999.000  -999.000  -999.000  -999.000  -999.000  -999.000  -999.000  -999.000  -999.000  -999.000  -999.000  -999.000  -999.000     3.233       NaN       NaN     0.329
 121.5104167    16.250     0.000     0.000     0.000     0.000  -999.000  -999.000  -999.000  -999.000  -999.000  -999.000  -999.000  -999.000  -999.000  -999.000  -999.000  -999.000  -999.000  -999.000  -999.000  -999.000  -999.000  -999.000     3.142       NaN       NaN     0.335
 121.5104167    15.750     0.000     0.000     0.000     0.000  -999.000  -999.000  -999.000  -999.000  -999.000  -999.000  -999.000  -999.000  -999.000  -999.000  -999.000  -999.000  -999.000  -999.000  -999.000  -999.000  -999.000  -999.000     3.050       NaN       NaN     0.342
 121.5104167    15.250     0.000     0.000     0.000     0.000  -999.000  -999.000  -999.000  -999.000  -999.000  -999.000  -999.000  -999.000  -999.000  -999.000  -999.000  -999.000  -999.000  -999.000  -999.000  -999.000  -999.000  -999.000     2.953       NaN       NaN     0.349
 121.5104167    14.750     0.000     0.000     0.000     0.000  -999.000  -999.000  -999.000  -999.000  -999.000  -999.000  -999.000  -999.000  -999.000  -999.000  -999.000  -999.000  -999.000  -999.000  -999.000  -999.000  -999.000  -999.000     2.854       NaN       NaN     0.357
 121.5104167    14.250     0.000     0.000     0.000     0.000  -999.000  -999.000  -999.000  -999.000  -999.000  -999.000  -999.000  -999.000  -999.000  -999.000  -999.000  -999.000  -999.000  -999.000  -999.000  -999.000  -999.000  -999.000     2.750       NaN       NaN     0.366
 121.5104167    13.750     0.000     0.000     0.000     0.000  -999.000  -999.000  -999.000  -999.000  -999.000  -999.000  -999.000  -999.000  -999.000  -999.000  -999.000  -999.000  -999.000  -999.000  -999.000  -999.000  -999.000  -999.000     2.641       NaN       NaN     0.376
 121.5104167    13.250     0.000     0.000     0.000     0.000  -999.000  -999.000  -999.000  -999.000  -999.000  -999.000  -999.000  -999.000  -999.000  -999.000  -999.000  -999.000  -999.000  -999.000  -999.000  -999.000  -999.000  -999.000     2.527       NaN       NaN     0.386
 121.5104167    12.750     0.000     0.000     0.000     0.000  -999.000  -999.000  -999.000  -999.000  -999.000  -999.000  -999.000  -999.000  -999.000  -999.000  -999.000  -999.000  -999.000  -999.000  -999.000  -999.000  -999.000  -999.000     2.406       NaN       NaN     0.399
 121.5104167    12.250     0.000     0.000     0.000     0.000  -999.000  -999.000  -999.000  -999.000  -999.000  -999.000  -999.000  -999.000  -999.000  -999.000  -999.000  -999.000  -999.000  -999.000  -999.000  -999.000  -999.000  -999.000     2.277       NaN       NaN     0.413
 121.5104167    11.750     0.000     0.000     0.000     0.000  -999.000  -999.000  -999.000  -999.000  -999.000  -999.000  -999.000  -999.000  -999.000  -999.000  -999.000  -999.000  -999.000  -999.000  -999.000  -999.000  -999.000  -999.000     2.138       NaN       NaN     0.431
 121.5104167    11.250     0.000     0.000     0.000     0.000  -999.000  -999.000  -999.000  -999.000  -999.000  -999.000  -999.000  -999.000  -999.000  -999.000  -999.000  -999.000  -999.000  -999.000  -999.000  -999.000  -999.000  -999.000     1.986       NaN       NaN     0.453
 121.5104167    10.750     0.000     0.000     0.000     0.000  -999.000  -999.000  -999.000  -999.000  -999.000  -999.000  -999.000  -999.000  -999.000  -999.000  -999.000  -999.000  -999.000  -999.000  -999.000  -999.000  -999.000  -999.000     1.815       NaN       NaN     0.480
 121.5104167    10.250     0.000     0.000     0.000     0.000  -999.000  -999.000  -999.000  -999.000  -999.000  -999.000  -999.000  -999.000  -999.000  -999.000  -999.000  -999.000  -999.000  -999.000  -999.000  -999.000  -999.000  -999.000     1.617       NaN       NaN     0.519
 121.5104167     9.750     0.581     0.304     0.177     0.127       NaN       NaN       NaN       NaN       NaN       NaN       NaN       NaN     0.000     0.000     0.002     0.002       NaN       NaN       NaN       NaN   122.789   121.512     1.387       NaN       NaN     0.589
 121.5104167     9.250     0.147     0.413     0.061     0.352       NaN       NaN       NaN       NaN       NaN       NaN       NaN       NaN     0.000     0.000     0.002     0.002       NaN       NaN       NaN       NaN   116.918   115.838     1.182       NaN       NaN     0.683
 121.5104167     8.750     0.027     0.446     0.012     0.434       NaN       NaN       NaN       NaN       NaN       NaN       NaN       NaN     0.000     0.000     0.002     0.002       NaN       NaN       NaN       NaN   109.915   108.886     1.007       NaN       NaN     0.802
 121.5104167     8.250     0.005     0.454     0.002     0.452       NaN       NaN       NaN       NaN       NaN       NaN       NaN       NaN     0.000     0.000     0.002     0.002       NaN       NaN       NaN       NaN   102.927   101.954     0.858       NaN       NaN     0.941
 121.5104167     7.750     0.001     0.448     0.000     0.447       NaN       NaN       NaN       NaN       NaN       NaN       NaN       NaN     0.000     0.000     0.002     0.002       NaN       NaN       NaN       NaN    96.318    95.434     0.731       NaN       NaN     1.105
 121.5104167     7.250     0.000     0.432     0.000     0.432       NaN       NaN       NaN       NaN       NaN       NaN       NaN       NaN     0.000     0.000     0.002     0.002       NaN       NaN       NaN       NaN    90.243    89.468     0.623       NaN       NaN     1.297
 121.5104167     6.750     0.000     0.411     0.000     0.411       NaN       NaN       NaN       NaN       NaN       NaN       NaN       NaN     0.000     0.000     0.002     0.002       NaN       NaN       NaN       NaN    84.761    84.100     0.531       NaN       NaN     1.522
 121.5104167     6.250     0.000     0.385     0.000     0.385       NaN       NaN       NaN       NaN       NaN       NaN       NaN       NaN     0.000     0.000     0.002     0.002       NaN       NaN       NaN       NaN    79.879    79.329     0.452       NaN       NaN     1.786
 121.5104167     5.750     0.000     0.356     0.000     0.356       NaN       NaN       NaN       NaN       NaN       NaN       NaN       NaN     0.000     0.000     0.002     0.002       NaN       NaN       NaN       NaN    75.580    75.133     0.385       NaN       NaN     2.096
 121.5104167     5.250     0.000     0.324     0.000     0.324       NaN       NaN       NaN       NaN       NaN       NaN       NaN       NaN     0.000     0.000     0.002     0.002       NaN       NaN       NaN       NaN    71.831    71.476     0.328       NaN       NaN     2.460
 121.5104167     4.750     0.000     0.291     0.000     0.291       NaN       NaN       NaN       NaN       NaN       NaN       NaN       NaN     0.000     0.000     0.002     0.002       NaN       NaN       NaN       NaN    68.595    68.320     0.280       NaN       NaN     2.887
 121.5104167     4.250     0.000     0.257     0.000     0.257       NaN       NaN       NaN       NaN       NaN       NaN       NaN       NaN     0.000     0.000     0.002     0.002       NaN       NaN       NaN       NaN    65.833    65.626     0.238       NaN       NaN     3.389
 121.5104167     3.750     0.000     0.223     0.000     0.223       NaN       NaN       NaN       NaN       NaN       NaN       NaN       NaN     0.000     0.000     0.002     0.002       NaN       NaN       NaN       NaN    63.505    63.354     0.203       NaN       NaN     3.977
 121.5104167     3.250     0.000     0.189     0.000     0.189       NaN       NaN       NaN       NaN       NaN       NaN       NaN       NaN     0.000     0.000     0.002     0.002       NaN       NaN       NaN       NaN    61.575    61.469     0.173       NaN       NaN     4.668
 121.5104167     2.750     0.000     0.155     0.000     0.155       NaN       NaN       NaN       NaN       NaN       NaN       NaN       NaN     0.000     0.000     0.002     0.002       NaN       NaN       NaN       NaN    60.008    59.938     0.147       NaN       NaN     5.478
 121.5104167     2.250     0.000     0.122     0.000     0.122       NaN       NaN       NaN       NaN       NaN       NaN       NaN       NaN     0.000     0.000     0.002     0.002       NaN       NaN       NaN       NaN    58.773    58.730     0.126       NaN       NaN     6.429
 121.5104167     1.750     0.000     0.091     0.000     0.091       NaN       NaN       NaN       NaN       NaN       NaN       NaN       NaN     0.000     0.000     0.002     0.002       NaN       NaN       NaN       NaN    57.839    57.815     0.107       NaN       NaN     7.546
 121.5104167     1.250     0.000     0.062     0.000     0.062       NaN       NaN       NaN       NaN       NaN       NaN       NaN       NaN     0.000     0.000     0.002     0.002       NaN       NaN       NaN       NaN    57.178    57.167     0.091       NaN       NaN     8.856
 121.5104167     0.750     0.000     0.036     0.000     0.036       NaN       NaN       NaN       NaN       NaN       NaN       NaN       NaN     0.000     0.000     0.002     0.002       NaN       NaN       NaN       NaN    56.761    56.757     0.078       NaN       NaN    10.394
 121.5104167     0.250     0.000     0.000     0.000     0.000  -999.000  -999.000  -999.000  -999.000  -999.000  -999.000  -999.000  -999.000  -999.000  -999.000  -999.000  -999.000  -999.000  -999.000  -999.000  -999.000  -999.000  -999.000     0.066       NaN       NaN    12.199
 121.5312500    22.750     0.000     0.000     0.000     0.000  -999.000  -999.000  -999.000  -999.000  -999.000  -999.000  -999.000  -999.000  -999.000  -999.000  -999.000  -999.000  -999.000  -999.000  -999.000  -999.000  -999.000  -999.000     3.229       NaN       NaN     0.155
 121.5312500    22.250     0.000     0.000     0.000     0.000  -999.000  -999.000  -999.000  -999.000  -999.000  -999.000  -999.000  -999.000  -999.000  -999.000  -999.000  -999.000  -999.000  -999.000  -999.000  -999.000  -999.000  -999.000     3.175       NaN       NaN     0.313
 121.5312500    21.750     0.000     0.000     0.000     0.000  -999.000  -999.000  -999.000  -999.000  -999.000  -999.000  -999.000  -999.000  -999.000  -999.000  -999.000  -999.000  -999.000  -999.000  -999.000  -999.000  -999.000  -999.000     3.120       NaN       NaN     0.317
 121.5312500    21.250     0.000     0.000     0.000     0.000  -999.000  -999.000  -999.000  -999.000  -999.000  -999.000  -999.000  -999.000  -999.000  -999.000  -999.000  -999.000  -999.000  -999.000  -999.000  -999.000  -999.000  -999.000     3.064       NaN       NaN     0.321
 121.5312500    20.750     0.000     0.000     0.000     0.000  -999.000  -999.000  -999.000  -999.000  -999.000  -999.000  -999.000  -999.000  -999.000  -999.000  -999.000  -999.000  -999.000  -999.000  -999.000  -999.000  -999.000  -999.000     3.008       NaN       NaN     0.326
 121.5312500    20.250     0.000     0.000     0.000     0.000  -999.000  -999.000  -999.000  -999.000  -999.000  -999.000  -999.000  -999.000  -999.000  -999.000  -999.000  -999.000  -999.000  -999.000  -999.000  -999.000  -999.000  -999.000     2.950       NaN       NaN     0.331
 121.5312500    19.750     0.000     0.000     0.000     0.000  -999.000  -999.000  -999.000  -999.000  -999.000  -999.000  -999.000  -999.000  -999.000  -999.000  -999.000  -999.000  -999.000  -999.000  -999.000  -999.000  -999.000  -999.000     2.891       NaN       NaN     0.335
 121.5312500    19.250     0.000     0.000     0.000     0.000  -999.000  -999.000  -999.000  -999.000  -999.000  -999.000  -999.000  -999.000  -999.000  -999.000  -999.000  -999.000  -999.000  -999.000  -999.000  -999.000  -999.000  -999.000     2.830       NaN       NaN     0.341
 121.5312500    18.750     0.000     0.000     0.000     0.000  -999.000  -999.000  -999.000  -999.000  -999.000  -999.000  -999.000  -999.000  -999.000  -999.000  -999.000  -999.000  -999.000  -999.000  -999.000  -999.000  -999.000  -999.000     2.769       NaN       NaN     0.346
 121.5312500    18.250     0.000     0.000     0.000     0.000  -999.000  -999.000  -999.000  -999.000  -999.000  -999.000  -999.000  -999.000  -999.000  -999.000  -999.000  -999.000  -999.000  -999.000  -999.000  -999.000  -999.000  -999.000     2.706       NaN       NaN     0.352
 121.5312500    17.750     0.000     0.000     0.000     0.000  -999.000  -999.000  -999.000  -999.000  -999.000  -999.000  -999.000  -999.000  -999.000  -999.000  -999.000  -999.000  -999.000  -999.000  -999.000  -999.000  -999.000  -999.000     2.642       NaN       NaN     0.358
 121.5312500    17.250     0.000     0.000     0.000     0.000  -999.000  -999.000  -999.000  -999.000  -999.000  -999.000  -999.000  -999.000  -999.000  -999.000  -999.000  -999.000  -999.000  -999.000  -999.000  -999.000  -999.000  -999.000     2.576       NaN       NaN     0.364
 121.5312500    16.750     0.000     0.000     0.000     0.000  -999.000  -999.000  -999.000  -999.000  -999.000  -999.000  -999.000  -999.000  -999.000  -999.000  -999.000  -999.000  -999.000  -999.000  -999.000  -999.000  -999.000  -999.000     2.508       NaN       NaN     0.371
 121.5312500    16.250     0.000     0.000     0.000     0.000  -999.000  -999.000  -999.000  -999.000  -999.000  -999.000  -999.000  -999.000  -999.000  -999.000  -999.000  -999.000  -999.000  -999.000  -999.000  -999.000  -999.000  -999.000     2.438       NaN       NaN     0.378
 121.5312500    15.750     0.000     0.000     0.000     0.000  -999.000  -999.000  -999.000  -999.000  -999.000  -999.000  -999.000  -999.000  -999.000  -999.000  -999.000  -999.000  -999.000  -999.000  -999.000  -999.000  -999.000  -999.000     2.366       NaN       NaN     0.386
 121.5312500    15.250     0.000     0.000     0.000     0.000  -999.000  -999.000  -999.000  -999.000  -999.000  -999.000  -999.000  -999.000  -999.000  -999.000  -999.000  -999.000  -999.000  -999.000  -999.000  -999.000  -999.000  -999.000     2.291       NaN       NaN     0.394
 121.5312500    14.750     0.000     0.000     0.000     0.000  -999.000  -999.000  -999.000  -999.000  -999.000  -999.000  -999.000  -999.000  -999.000  -999.000  -999.000  -999.000  -999.000  -999.000  -999.000  -999.000  -999.000  -999.000     2.214       NaN       NaN     0.403
 121.5312500    14.250     0.000     0.000     0.000     0.000  -999.000  -999.000  -999.000  -999.000  -999.000  -999.000  -999.000  -999.000  -999.000  -999.000  -999.000  -999.000  -999.000  -999.000  -999.000  -999.000  -999.000  -999.000     2.133       NaN       NaN     0.413
 121.5312500    13.750     0.000     0.000     0.000     0.000  -999.000  -999.000  -999.000  -999.000  -999.000  -999.000  -999.000  -999.000  -999.000  -999.000  -999.000  -999.000  -999.000  -999.000  -999.000  -999.000  -999.000  -999.000     2.049       NaN       NaN     0.424
 121.5312500    13.250     0.000     0.000     0.000     0.000  -999.000  -999.000  -999.000  -999.000  -999.000  -999.000  -999.000  -999.000  -999.000  -999.000  -999.000  -999.000  -999.000  -999.000  -999.000  -999.000  -999.000  -999.000     1.960       NaN       NaN     0.436
 121.5312500    12.750     0.000     0.000     0.000     0.000  -999.000  -999.000  -999.000  -999.000  -999.000  -999.000  -999.000  -999.000  -999.000  -999.000  -999.000  -999.000  -999.000  -999.000  -999.000  -999.000  -999.000  -999.000     1.867       NaN       NaN     0.450
 121.5312500    12.250     0.000     0.000     0.000     0.000  -999.000  -999.000  -999.000  -999.000  -999.000  -999.000  -999.000  -999.000  -999.000  -999.000  -999.000  -999.000  -999.000  -999.000  -999.000  -999.000  -999.000  -999.000     1.767       NaN       NaN     0.466
 121.5312500    11.750     0.000     0.000     0.000     0.000  -999.000  -999.000  -999.000  -999.000  -999.000  -999.000  -999.000  -999.000  -999.000  -999.000  -999.000  -999.000  -999.000  -999.000  -999.000  -999.000  -999.000  -999.000     1.659       NaN       NaN     0.486
 121.5312500    11.250     0.000     0.000     0.000     0.000  -999.000  -999.000  -999.000  -999.000  -999.000  -999.000  -999.000  -999.000  -999.000  -999.000  -999.000  -999.000  -999.000  -999.000  -999.000  -999.000  -999.000  -999.000     1.540       NaN       NaN     0.511
 121.5312500    10.750     0.000     0.000     0.000     0.000  -999.000  -999.000  -999.000  -999.000  -999.000  -999.000  -999.000  -999.000  -999.000  -999.000  -999.000  -999.000  -999.000  -999.000  -999.000  -999.000  -999.000  -999.000     1.408       NaN       NaN     0.541
 121.5312500    10.250     0.000     0.000     0.000     0.000  -999.000  -999.000  -999.000  -999.000  -999.000  -999.000  -999.000  -999.000  -999.000  -999.000  -999.000  -999.000  -999.000  -999.000  -999.000  -999.000  -999.000  -999.000     1.254       NaN       NaN     0.586
 121.5312500     9.750     0.581     0.304     0.177     0.127       NaN       NaN       NaN       NaN       NaN       NaN       NaN       NaN    14.405     4.795     0.002     0.002       NaN       NaN       NaN       NaN   122.789   121.512     1.076       NaN       NaN     0.664
 121.5312500     9.250     0.147     0.413     0.061     0.352       NaN       NaN       NaN       NaN       NaN       NaN       NaN       NaN    13.691     4.125     0.002     0.002       NaN       NaN       NaN       NaN   116.918   115.838     0.917       NaN       NaN     0.771
 121.5312500     8.750     0.027     0.446     0.012     0.434       NaN       NaN       NaN       NaN       NaN       NaN       NaN       NaN    12.927     3.390     0.002     0.002       NaN       NaN       NaN       NaN   109.915   108.886     0.781       NaN       NaN     0.905
 121.5312500     8.250     0.005     0.454     0.002     0.452       NaN       NaN       NaN       NaN       NaN       NaN       NaN       NaN    12.260     2.751     0.002     0.002       NaN       NaN       NaN       NaN   102.927   101.954     0.665       NaN       NaN     1.062
 121.5312500     7.750     0.001     0.448     0.000     0.447       NaN       NaN       NaN       NaN       NaN       NaN       NaN       NaN    11.712     2.230     0.002     0.002       NaN       NaN       NaN       NaN    96.318    95.434     0.567       NaN       NaN     1.247
 121.5312500     7.250     0.000     0.432     0.000     0.432       NaN       NaN       NaN       NaN       NaN       NaN       NaN       NaN    11.272     1.817     0.002     0.002       NaN       NaN       NaN       NaN    90.243    89.468     0.483       NaN       NaN     1.463
 121.5312500     6.750     0.000     0.411     0.000     0.411       NaN       NaN       NaN       NaN       NaN       NaN       NaN       NaN    10.923     1.493     0.002     0.002       NaN       NaN       NaN       NaN    84.761    84.100     0.412       NaN       NaN     1.717
 121.5312500     6.250     0.000     0.385     0.000     0.385       NaN       NaN       NaN       NaN       NaN       NaN       NaN       NaN    10.648     1.241     0.002     0.002       NaN       NaN       NaN       NaN    79.879    79.329     0.351       NaN       NaN     2.015
 121.5312500     5.750     0.000     0.356     0.000     0.356       NaN       NaN       NaN       NaN       NaN       NaN       NaN       NaN    10.430     1.046     0.002     0.002       NaN       NaN       NaN       NaN    75.580    75.133     0.299       NaN       NaN     2.365
 121.5312500     5.250     0.000     0.324     0.000     0.324       NaN       NaN       NaN       NaN       NaN       NaN       NaN       NaN    10.256     0.894     0.002     0.002       NaN       NaN       NaN       NaN    71.831    71.476     0.255       NaN       NaN     2.776
 121.5312500     4.750     0.000     0.291     0.000     0.291       NaN       NaN       NaN       NaN       NaN       NaN       NaN       NaN    10.114     0.776     0.002     0.002       NaN       NaN       NaN       NaN    68.595    68.320     0.217       NaN       NaN     3.258
 121.5312500     4.250     0.000     0.257     0.000     0.257       NaN       NaN       NaN       NaN       NaN       NaN       NaN       NaN     9.997     0.684     0.002     0.002       NaN       NaN       NaN       NaN    65.833    65.626     0.185       NaN       NaN     3.823
 121.5312500     3.750     0.000     0.223     0.000     0.223       NaN       NaN       NaN       NaN       NaN       NaN       NaN       NaN     9.898     0.613     0.002     0.002       NaN       NaN       NaN       NaN    63.505    63.354     0.158       NaN       NaN     4.487
 121.5312500     3.250     0.000     0.189     0.000     0.189       NaN       NaN       NaN       NaN       NaN       NaN       NaN       NaN     9.810     0.557     0.002     0.002       NaN       NaN       NaN       NaN    61.575    61.469     0.134       NaN       NaN     5.266
 121.5312500     2.750     0.000     0.155     0.000     0.155       NaN       NaN       NaN       NaN       NaN       NaN       NaN       NaN     9.729     0.515     0.002     0.002       NaN       NaN       NaN       NaN    60.008    59.938     0.114       NaN       NaN     6.181
 121.5312500     2.250     0.000     0.122     0.000     0.122       NaN       NaN       NaN       NaN       NaN       NaN       NaN       NaN     9.650     0.482     0.002     0.002       NaN       NaN       NaN       NaN    58.773    58.730     0.097       NaN       NaN     7.254
 121.5312500     1.750     0.000     0.091     0.000     0.091       NaN       NaN       NaN       NaN       NaN       NaN       NaN       NaN     9.565     0.457     0.002     0.002       NaN       NaN       NaN       NaN    57.839    57.815     0.083       NaN       NaN     8.513
 121.5312500     1.250     0.000     0.062     0.000     0.062       NaN       NaN       NaN       NaN       NaN       NaN       NaN       NaN     9.467     0.438     0.002     0.002       NaN       NaN       NaN       NaN    57.178    57.167     0.071       NaN       NaN     9.991
 121.5312500     0.750     0.000     0.036     0.000     0.036       NaN       NaN       NaN       NaN       NaN       NaN       NaN       NaN     9.338     0.423     0.002     0.002       NaN       NaN       NaN       NaN    56.761    56.757     0.060       NaN       NaN    11.726
 121.5312500     0.250     0.000     0.000     0.000     0.000  -999.000  -999.000  -999.000  -999.000  -999.000  -999.000  -999.000  -999.000  -999.000  -999.000  -999.000  -999.000  -999.000  -999.000  -999.000  -999.000  -999.000  -999.000     0.051       NaN       NaN    13.762
 121.5520833    22.750     0.000     0.000     0.000     0.000  -999.000  -999.000  -999.000  -999.000  -999.000  -999.000  -999.000  -999.000  -999.000  -999.000  -999.000  -999.000  -999.000  -999.000  -999.000  -999.000  -999.000  -999.000     2.793       NaN       NaN     0.221
 121.5520833    22.250     0.000     0.000     0.000     0.000  -999.000  -999.000  -999.000  -999.000  -999.000  -999.000  -999.000  -999.000  -999.000  -999.000  -999.000  -999.000  -999.000  -999.000  -999.000  -999.000  -999.000  -999.000     2.746       NaN       NaN     0.446
 121.5520833    21.750     0.000     0.000     0.000     0.000  -999.000  -999.000  -999.000  -999.000  -999.000  -999.000  -999.000  -999.000  -999.000  -999.000  -999.000  -999.000  -999.000  -999.000  -999.000  -999.000  -999.000  -999.000     2.698       NaN       NaN     0.452
 121.5520833    21.250     0.000     0.000     0.000     0.000  -999.000  -999.000  -999.000  -999.000  -999.000  -999.000  -999.000  -999.000  -999.000  -999.000  -999.000  -999.000  -999.000  -999.000  -999.000  -999.000  -999.000  -999.000     2.650       NaN       NaN     0.459
 121.5520833    20.750     0.000     0.000     0.000     0.000  -999.000  -999.000  -999.000  -999.000  -999.000  -999.000  -999.000  -999.000  -999.000  -999.000  -999.000  -999.000  -999.000  -999.000  -999.000  -999.000  -999.000  -999.000     2.601       NaN       NaN     0.465
 121.5520833    20.250     0.000     0.000     0.000     0.000  -999.000  -999.000  -999.000  -999.000  -999.000  -999.000  -999.000  -999.000  -999.000  -999.000  -999.000  -999.000  -999.000  -999.000  -999.000  -999.000  -999.000  -999.000     2.551       NaN       NaN     0.472
 121.5520833    19.750     0.000     0.000     0.000     0.000  -999.000  -999.000  -999.000  -999.000  -999.000  -999.000  -999.000  -999.000  -999.000  -999.000  -999.000  -999.000  -999.000  -999.000  -999.000  -999.000  -999.000  -999.000     2.500       NaN       NaN     0.479
 121.5520833    19.250     0.000     0.000     0.000     0.000  -999.000  -999.000  -999.000  -999.000  -999.000  -999.000  -999.000  -999.000  -999.000  -999.000  -999.000  -999.000  -999.000  -999.000  -999.000  -999.000  -999.000  -999.000     2.448       NaN       NaN     0.486
 121.5520833    18.750     0.000     0.000     0.000     0.000  -999.000  -999.000  -999.000  -999.000  -999.000  -999.000  -999.000  -999.000  -999.000  -999.000  -999.000  -999.000  -999.000  -999.000  -999.000  -999.000  -999.000  -999.000     2.395       NaN       NaN     0.494
 121.5520833    18.250     0.000     0.000     0.000     0.000  -999.000  -999.000  -999.000  -999.000  -999.000  -999.000  -999.000  -999.000  -999.000  -999.000  -999.000  -999.000  -999.000  -999.000  -999.000  -999.000  -999.000  -999.000     2.340       NaN       NaN     0.502
 121.5520833    17.750     0.000     0.000     0.000     0.000  -999.000  -999.000  -999.000  -999.000  -999.000  -999.000  -999.000  -999.000  -999.000  -999.000  -999.000  -999.000  -999.000  -999.000  -999.000  -999.000  -999.000  -999.000     2.284       NaN       NaN     0.511
 121.5520833    17.250     0.000     0.000     0.000     0.000  -999.000  -999.000  -999.000  -999.000  -999.000  -999.000  -999.000  -999.000  -999.000  -999.000  -999.000  -999.000  -999.000  -999.000  -999.000  -999.000  -999.000  -999.000     2.227       NaN       NaN     0.520
 121.5520833    16.750     0.000     0.000     0.000     0.000  -999.000  -999.000  -999.000  -999.000  -999.000  -999.000  -999.000  -999.000  -999.000  -999.000  -999.000  -999.000  -999.000  -999.000  -999.000  -999.000  -999.000  -999.000     2.169       NaN       NaN     0.529
 121.5520833    16.250     0.000     0.000     0.000     0.000  -999.000  -999.000  -999.000  -999.000  -999.000  -999.000  -999.000  -999.000  -999.000  -999.000  -999.000  -999.000  -999.000  -999.000  -999.000  -999.000  -999.000  -999.000     2.108       NaN       NaN     0.540
 121.5520833    15.750     0.000     0.000     0.000     0.000  -999.000  -999.000  -999.000  -999.000  -999.000  -999.000  -999.000  -999.000  -999.000  -999.000  -999.000  -999.000  -999.000  -999.000  -999.000  -999.000  -999.000  -999.000     2.046       NaN       NaN     0.551
 121.5520833    15.250     0.000     0.000     0.000     0.000  -999.000  -999.000  -999.000  -999.000  -999.000  -999.000  -999.000  -999.000  -999.000  -999.000  -999.000  -999.000  -999.000  -999.000  -999.000  -999.000  -999.000  -999.000     1.981       NaN       NaN     0.562
 121.5520833    14.750     0.000     0.000     0.000     0.000  -999.000  -999.000  -999.000  -999.000  -999.000  -999.000  -999.000  -999.000  -999.000  -999.000  -999.000  -999.000  -999.000  -999.000  -999.000  -999.000  -999.000  -999.000     1.914       NaN       NaN     0.575
 121.5520833    14.250     0.000     0.000     0.000     0.000  -999.000  -999.000  -999.000  -999.000  -999.000  -999.000  -999.000  -999.000  -999.000  -999.000  -999.000  -999.000  -999.000  -999.000  -999.000  -999.000  -999.000  -999.000     1.845       NaN       NaN     0.589
 121.5520833    13.750     0.000     0.000     0.000     0.000  -999.000  -999.000  -999.000  -999.000  -999.000  -999.000  -999.000  -999.000  -999.000  -999.000  -999.000  -999.000  -999.000  -999.000  -999.000  -999.000  -999.000  -999.000     1.772       NaN       NaN     0.605
 121.5520833    13.250     0.000     0.000     0.000     0.000  -999.000  -999.000  -999.000  -999.000  -999.000  -999.000  -999.000  -999.000  -999.000  -999.000  -999.000  -999.000  -999.000  -999.000  -999.000  -999.000  -999.000  -999.000     1.695       NaN       NaN     0.622
 121.5520833    12.750     0.000     0.000     0.000     0.000  -999.000  -999.000  -999.000  -999.000  -999.000  -999.000  -999.000  -999.000  -999.000  -999.000  -999.000  -999.000  -999.000  -999.000  -999.000  -999.000  -999.000  -999.000     1.614       NaN       NaN     0.642
 121.5520833    12.250     0.000     0.000     0.000     0.000  -999.000  -999.000  -999.000  -999.000  -999.000  -999.000  -999.000  -999.000  -999.000  -999.000  -999.000  -999.000  -999.000  -999.000  -999.000  -999.000  -999.000  -999.000     1.528       NaN       NaN     0.666
 121.5520833    11.750     0.000     0.000     0.000     0.000  -999.000  -999.000  -999.000  -999.000  -999.000  -999.000  -999.000  -999.000  -999.000  -999.000  -999.000  -999.000  -999.000  -999.000  -999.000  -999.000  -999.000  -999.000     1.434       NaN       NaN     0.694
 121.5520833    11.250     0.000     0.000     0.000     0.000  -999.000  -999.000  -999.000  -999.000  -999.000  -999.000  -999.000  -999.000  -999.000  -999.000  -999.000  -999.000  -999.000  -999.000  -999.000  -999.000  -999.000  -999.000     1.332       NaN       NaN     0.730
 121.5520833    10.750     0.000     0.000     0.000     0.000  -999.000  -999.000  -999.000  -999.000  -999.000  -999.000  -999.000  -999.000  -999.000  -999.000  -999.000  -999.000  -999.000  -999.000  -999.000  -999.000  -999.000  -999.000     1.217       NaN       NaN     0.772
 121.5520833    10.250     0.000     0.000     0.000     0.000  -999.000  -999.000  -999.000  -999.000  -999.000  -999.000  -999.000  -999.000  -999.000  -999.000  -999.000  -999.000  -999.000  -999.000  -999.000  -999.000  -999.000  -999.000     1.085       NaN       NaN     0.836
 121.5520833     9.750     0.581     0.304     0.177     0.127       NaN       NaN       NaN       NaN       NaN       NaN       NaN       NaN   168.936    41.315     0.002     0.002       NaN       NaN       NaN       NaN   122.789   121.512     0.930       NaN       NaN     0.948
 121.5520833     9.250     0.147     0.413     0.061     0.352       NaN       NaN       NaN       NaN       NaN       NaN       NaN       NaN   162.787    35.573     0.002     0.002       NaN       NaN       NaN       NaN   116.918   115.838     0.793       NaN       NaN     1.100
 121.5520833     8.750     0.027     0.446     0.012     0.434       NaN       NaN       NaN       NaN       NaN       NaN       NaN       NaN   156.175    29.243     0.002     0.002       NaN       NaN       NaN       NaN   109.915   108.886     0.675       NaN       NaN     1.292
 121.5520833     8.250     0.005     0.454     0.002     0.452       NaN       NaN       NaN       NaN       NaN       NaN       NaN       NaN   150.382    23.730     0.002     0.002       NaN       NaN       NaN       NaN   102.927   101.954     0.576       NaN       NaN     1.516
 121.5520833     7.750     0.001     0.448     0.000     0.447       NaN       NaN       NaN       NaN       NaN       NaN       NaN       NaN   145.601    19.236     0.002     0.002       NaN       NaN       NaN       NaN    96.318    95.434     0.490       NaN       NaN     1.779
 121.5520833     7.250     0.000     0.432     0.000     0.432       NaN       NaN       NaN       NaN       NaN       NaN       NaN       NaN   141.756    15.672     0.002     0.002       NaN       NaN       NaN       NaN    90.243    89.468     0.418       NaN       NaN     2.088
 121.5520833     6.750     0.000     0.411     0.000     0.411       NaN       NaN       NaN       NaN       NaN       NaN       NaN       NaN   138.694    12.881     0.002     0.002       NaN       NaN       NaN       NaN    84.761    84.100     0.356       NaN       NaN     2.450
 121.5520833     6.250     0.000     0.385     0.000     0.385       NaN       NaN       NaN       NaN       NaN       NaN       NaN       NaN   136.256    10.709     0.002     0.002       NaN       NaN       NaN       NaN    79.879    79.329     0.303       NaN       NaN     2.876
 121.5520833     5.750     0.000     0.356     0.000     0.356       NaN       NaN       NaN       NaN       NaN       NaN       NaN       NaN   134.303     9.021     0.002     0.002       NaN       NaN       NaN       NaN    75.580    75.133     0.258       NaN       NaN     3.375
 121.5520833     5.250     0.000     0.324     0.000     0.324       NaN       NaN       NaN       NaN       NaN       NaN       NaN       NaN   132.718     7.711     0.002     0.002       NaN       NaN       NaN       NaN    71.831    71.476     0.220       NaN       NaN     3.961
 121.5520833     4.750     0.000     0.291     0.000     0.291       NaN       NaN       NaN       NaN       NaN       NaN       NaN       NaN   131.406     6.693     0.002     0.002       NaN       NaN       NaN       NaN    68.595    68.320     0.188       NaN       NaN     4.649
 121.5520833     4.250     0.000     0.257     0.000     0.257       NaN       NaN       NaN       NaN       NaN       NaN       NaN       NaN   130.292     5.901     0.002     0.002       NaN       NaN       NaN       NaN    65.833    65.626     0.160       NaN       NaN     5.456
 121.5520833     3.750     0.000     0.223     0.000     0.223       NaN       NaN       NaN       NaN       NaN       NaN       NaN       NaN   129.312     5.286     0.002     0.002       NaN       NaN       NaN       NaN    63.505    63.354     0.136       NaN       NaN     6.404
 121.5520833     3.250     0.000     0.189     0.000     0.189       NaN       NaN       NaN       NaN       NaN       NaN       NaN       NaN   128.411     4.808     0.002     0.002       NaN       NaN       NaN       NaN    61.575    61.469     0.116       NaN       NaN     7.516
 121.5520833     2.750     0.000     0.155     0.000     0.155       NaN       NaN       NaN       NaN       NaN       NaN       NaN       NaN   127.538     4.439     0.002     0.002       NaN       NaN       NaN       NaN    60.008    59.938     0.099       NaN       NaN     8.821
 121.5520833     2.250     0.000     0.122     0.000     0.122       NaN       NaN       NaN       NaN       NaN       NaN       NaN       NaN   126.634     4.155     0.002     0.002       NaN       NaN       NaN       NaN    58.773    58.730     0.084       NaN       NaN    10.352
 121.5520833     1.750     0.000     0.091     0.000     0.091       NaN       NaN       NaN       NaN       NaN       NaN       NaN       NaN   125.628     3.940     0.002     0.002       NaN       NaN       NaN       NaN    57.839    57.815     0.072       NaN       NaN    12.150
 121.5520833     1.250     0.000     0.062     0.000     0.062       NaN       NaN       NaN       NaN       NaN       NaN       NaN       NaN   124.405     3.776     0.002     0.002       NaN       NaN       NaN       NaN    57.178    57.167     0.061       NaN       NaN    14.260
 121.5520833     0.750     0.000     0.036     0.000     0.036       NaN       NaN       NaN       NaN       NaN       NaN       NaN       NaN   122.754     3.649     0.002     0.002       NaN       NaN       NaN       NaN    56.761    56.757     0.052       NaN       NaN    16.735
 121.5520833     0.250     0.000     0.000     0.000     0.000  -999.000  -999.000  -999.000  -999.000  -999.000  -999.000  -999.000  -999.000  -999.000  -999.000  -999.000  -999.000  -999.000  -999.000  -999.000  -999.000  -999.000  -999.000     0.044       NaN       NaN    19.641
 121.5729167    22.750     0.000     0.000     0.000     0.000  -999.000  -999.000  -999.000  -999.000  -999.000  -999.000  -999.000  -999.000  -999.000  -999.000  -999.000  -999.000  -999.000  -999.000  -999.000  -999.000  -999.000  -999.000     3.042       NaN       NaN     0.181
 121.5729167    22.250     0.000     0.000     0.000     0.000  -999.000  -999.000  -999.000  -999.000  -999.000  -999.000  -999.000  -999.000  -999.000  -999.000  -999.000  -999.000  -999.000  -999.000  -999.000  -999.000  -999.000  -999.000     2.991       NaN       NaN     0.365
 121.5729167    21.750     0.000     0.000     0.000     0.000  -999.000  -999.000  -999.000  -999.000  -999.000  -999.000  -999.000  -999.000  -999.000  -999.000  -999.000  -999.000  -999.000  -999.000  -999.000  -999.000  -999.000  -999.000     2.940       NaN       NaN     0.370
 121.5729167    21.250     0.000     0.000     0.000     0.000  -999.000  -999.000  -999.000  -999.000  -999.000  -999.000  -999.000  -999.000  -999.000  -999.000  -999.000  -999.000  -999.000  -999.000  -999.000  -999.000  -999.000  -999.000     2.887       NaN       NaN     0.375
 121.5729167    20.750     0.000     0.000     0.000     0.000  -999.000  -999.000  -999.000  -999.000  -999.000  -999.000  -999.000  -999.000  -999.000  -999.000  -999.000  -999.000  -999.000  -999.000  -999.000  -999.000  -999.000  -999.000     2.834       NaN       NaN     0.380
 121.5729167    20.250     0.000     0.000     0.000     0.000  -999.000  -999.000  -999.000  -999.000  -999.000  -999.000  -999.000  -999.000  -999.000  -999.000  -999.000  -999.000  -999.000  -999.000  -999.000  -999.000  -999.000  -999.000     2.779       NaN       NaN     0.385
 121.5729167    19.750     0.000     0.000     0.000     0.000  -999.000  -999.000  -999.000  -999.000  -999.000  -999.000  -999.000  -999.000  -999.000  -999.000  -999.000  -999.000  -999.000  -999.000  -999.000  -999.000  -999.000  -999.000     2.723       NaN       NaN     0.391
 121.5729167    19.250     0.000     0.000     0.000     0.000  -999.000  -999.000  -999.000  -999.000  -999.000  -999.000  -999.000  -999.000  -999.000  -999.000  -999.000  -999.000  -999.000  -999.000  -999.000  -999.000  -999.000  -999.000     2.667       NaN       NaN     0.397
 121.5729167    18.750     0.000     0.000     0.000     0.000  -999.000  -999.000  -999.000  -999.000  -999.000  -999.000  -999.000  -999.000  -999.000  -999.000  -999.000  -999.000  -999.000  -999.000  -999.000  -999.000  -999.000  -999.000     2.609       NaN       NaN     0.404
 121.5729167    18.250     0.000     0.000     0.000     0.000  -999.000  -999.000  -999.000  -999.000  -999.000  -999.000  -999.000  -999.000  -999.000  -999.000  -999.000  -999.000  -999.000  -999.000  -999.000  -999.000  -999.000  -999.000     2.549       NaN       NaN     0.410
 121.5729167    17.750     0.000     0.000     0.000     0.000  -999.000  -999.000  -999.000  -999.000  -999.000  -999.000  -999.000  -999.000  -999.000  -999.000  -999.000  -999.000  -999.000  -999.000  -999.000  -999.000  -999.000  -999.000     2.489       NaN       NaN     0.417
 121.5729167    17.250     0.000     0.000     0.000     0.000  -999.000  -999.000  -999.000  -999.000  -999.000  -999.000  -999.000  -999.000  -999.000  -999.000  -999.000  -999.000  -999.000  -999.000  -999.000  -999.000  -999.000  -999.000     2.426       NaN       NaN     0.425
 121.5729167    16.750     0.000     0.000     0.000     0.000  -999.000  -999.000  -999.000  -999.000  -999.000  -999.000  -999.000  -999.000  -999.000  -999.000  -999.000  -999.000  -999.000  -999.000  -999.000  -999.000  -999.000  -999.000     2.362       NaN       NaN     0.433
 121.5729167    16.250     0.000     0.000     0.000     0.000  -999.000  -999.000  -999.000  -999.000  -999.000  -999.000  -999.000  -999.000  -999.000  -999.000  -999.000  -999.000  -999.000  -999.000  -999.000  -999.000  -999.000  -999.000     2.297       NaN       NaN     0.441
 121.5729167    15.750     0.000     0.000     0.000     0.000  -999.000  -999.000  -999.000  -999.000  -999.000  -999.000  -999.000  -999.000  -999.000  -999.000  -999.000  -999.000  -999.000  -999.000  -999.000  -999.000  -999.000  -999.000     2.229       NaN       NaN     0.450
 121.5729167    15.250     0.000     0.000     0.000     0.000  -999.000  -999.000  -999.000  -999.000  -999.000  -999.000  -999.000  -999.000  -999.000  -999.000  -999.000  -999.000  -999.000  -999.000  -999.000  -999.000  -999.000  -999.000     2.158       NaN       NaN     0.459
 121.5729167    14.750     0.000     0.000     0.000     0.000  -999.000  -999.000  -999.000  -999.000  -999.000  -999.000  -999.000  -999.000  -999.000  -999.000  -999.000  -999.000  -999.000  -999.000  -999.000  -999.000  -999.000  -999.000     2.086       NaN       NaN     0.470
 121.5729167    14.250     0.000     0.000     0.000     0.000  -999.000  -999.000  -999.000  -999.000  -999.000  -999.000  -999.000  -999.000  -999.000  -999.000  -999.000  -999.000  -999.000  -999.000  -999.000  -999.000  -999.000  -999.000     2.010       NaN       NaN     0.482
 121.5729167    13.750     0.000     0.000     0.000     0.000  -999.000  -999.000  -999.000  -999.000  -999.000  -999.000  -999.000  -999.000  -999.000  -999.000  -999.000  -999.000  -999.000  -999.000  -999.000  -999.000  -999.000  -999.000     1.930       NaN       NaN     0.495
 121.5729167    13.250     0.000     0.000     0.000     0.000  -999.000  -999.000  -999.000  -999.000  -999.000  -999.000  -999.000  -999.000  -999.000  -999.000  -999.000  -999.000  -999.000  -999.000  -999.000  -999.000  -999.000  -999.000     1.847       NaN       NaN     0.508
 121.5729167    12.750     0.000     0.000     0.000     0.000  -999.000  -999.000  -999.000  -999.000  -999.000  -999.000  -999.000  -999.000  -999.000  -999.000  -999.000  -999.000  -999.000  -999.000  -999.000  -999.000  -999.000  -999.000     1.759       NaN       NaN     0.525
 121.5729167    12.250     0.000     0.000     0.000     0.000  -999.000  -999.000  -999.000  -999.000  -999.000  -999.000  -999.000  -999.000  -999.000  -999.000  -999.000  -999.000  -999.000  -999.000  -999.000  -999.000  -999.000  -999.000     1.664       NaN       NaN     0.544
 121.5729167    11.750     0.000     0.000     0.000     0.000  -999.000  -999.000  -999.000  -999.000  -999.000  -999.000  -999.000  -999.000  -999.000  -999.000  -999.000  -999.000  -999.000  -999.000  -999.000  -999.000  -999.000  -999.000     1.563       NaN       NaN     0.567
 121.5729167    11.250     0.000     0.000     0.000     0.000  -999.000  -999.000  -999.000  -999.000  -999.000  -999.000  -999.000  -999.000  -999.000  -999.000  -999.000  -999.000  -999.000  -999.000  -999.000  -999.000  -999.000  -999.000     1.451       NaN       NaN     0.596
 121.5729167    10.750     0.000     0.000     0.000     0.000  -999.000  -999.000  -999.000  -999.000  -999.000  -999.000  -999.000  -999.000  -999.000  -999.000  -999.000  -999.000  -999.000  -999.000  -999.000  -999.000  -999.000  -999.000     1.326       NaN       NaN     0.631
 121.5729167    10.250     0.000     0.000     0.000     0.000  -999.000  -999.000  -999.000  -999.000  -999.000  -999.000  -999.000  -999.000  -999.000  -999.000  -999.000  -999.000  -999.000  -999.000  -999.000  -999.000  -999.000  -999.000     1.182       NaN       NaN     0.683
 121.5729167     9.750     0.822     0.304     0.250     0.054       NaN       NaN       NaN       NaN       NaN       NaN       NaN       NaN   309.040   118.349     0.002     0.002       NaN       NaN       NaN       NaN   122.438   121.405     1.014       NaN       NaN     0.775
 121.5729167     9.250     0.513     0.413     0.212     0.201       NaN       NaN       NaN       NaN       NaN       NaN       NaN       NaN   291.345   102.091     0.002     0.002       NaN       NaN       NaN       NaN   116.318   115.658     0.864       NaN       NaN     0.899
 121.5729167     8.750     0.290     0.446     0.129     0.317       NaN       NaN       NaN       NaN       NaN       NaN       NaN       NaN   272.955    84.467     0.002     0.002       NaN       NaN       NaN       NaN   109.265   108.771     0.736       NaN       NaN     1.055
 121.5729167     8.250     0.159     0.454     0.072     0.381       NaN       NaN       NaN       NaN       NaN       NaN       NaN       NaN   256.891    68.921     0.002     0.002       NaN       NaN       NaN       NaN   102.299   101.894     0.627       NaN       NaN     1.239
 121.5729167     7.750     0.087     0.448     0.039     0.409       NaN       NaN       NaN       NaN       NaN       NaN       NaN       NaN   243.625    56.080     0.002     0.002       NaN       NaN       NaN       NaN    95.745    95.405     0.534       NaN       NaN     1.454
 121.5729167     7.250     0.049     0.432     0.021     0.411       NaN       NaN       NaN       NaN       NaN       NaN       NaN       NaN   232.962    45.801     0.002     0.002       NaN       NaN       NaN       NaN    89.739    89.454     0.455       NaN       NaN     1.706
 121.5729167     6.750     0.028     0.411     0.011     0.400       NaN       NaN       NaN       NaN       NaN       NaN       NaN       NaN   224.500    37.703     0.002     0.002       NaN       NaN       NaN       NaN    84.330    84.093     0.388       NaN       NaN     2.002
 121.5729167     6.250     0.016     0.385     0.006     0.379       NaN       NaN       NaN       NaN       NaN       NaN       NaN       NaN   217.814    31.376     0.002     0.002       NaN       NaN       NaN       NaN    79.520    79.326     0.330       NaN       NaN     2.350
 121.5729167     5.750     0.010     0.356     0.004     0.352       NaN       NaN       NaN       NaN       NaN       NaN       NaN       NaN   212.521    26.450     0.002     0.002       NaN       NaN       NaN       NaN    75.287    75.131     0.282       NaN       NaN     2.758
 121.5729167     5.250     0.006     0.324     0.002     0.322       NaN       NaN       NaN       NaN       NaN       NaN       NaN       NaN   208.303    22.618     0.002     0.002       NaN       NaN       NaN       NaN    71.598    71.475     0.240       NaN       NaN     3.237
 121.5729167     4.750     0.004     0.291     0.001     0.290       NaN       NaN       NaN       NaN       NaN       NaN       NaN       NaN   204.904    19.638     0.002     0.002       NaN       NaN       NaN       NaN    68.414    68.320     0.204       NaN       NaN     3.799
 121.5729167     4.250     0.003     0.257     0.001     0.256       NaN       NaN       NaN       NaN       NaN       NaN       NaN       NaN   202.118    17.319     0.002     0.002       NaN       NaN       NaN       NaN    65.696    65.625     0.174       NaN       NaN     4.458
 121.5729167     3.750     0.002     0.223     0.000     0.222       NaN       NaN       NaN       NaN       NaN       NaN       NaN       NaN   199.782    15.515     0.002     0.002       NaN       NaN       NaN       NaN    63.405    63.354     0.148       NaN       NaN     5.232
 121.5729167     3.250     0.002     0.189     0.000     0.188       NaN       NaN       NaN       NaN       NaN       NaN       NaN       NaN   197.760    14.115     0.002     0.002       NaN       NaN       NaN       NaN    61.505    61.469     0.126       NaN       NaN     6.141
 121.5729167     2.750     0.001     0.155     0.000     0.155       NaN       NaN       NaN       NaN       NaN       NaN       NaN       NaN   195.932    13.033     0.002     0.002       NaN       NaN       NaN       NaN    59.962    59.938     0.108       NaN       NaN     7.207
 121.5729167     2.250     0.001     0.122     0.000     0.122       NaN       NaN       NaN       NaN       NaN       NaN       NaN       NaN   194.183    12.202     0.002     0.002       NaN       NaN       NaN       NaN    58.744    58.730     0.092       NaN       NaN     8.459
 121.5729167     1.750     0.001     0.091     0.000     0.091       NaN       NaN       NaN       NaN       NaN       NaN       NaN       NaN   192.378    11.569     0.002     0.002       NaN       NaN       NaN       NaN    57.823    57.815     0.078       NaN       NaN     9.927
 121.5729167     1.250     0.001     0.062     0.000     0.062       NaN       NaN       NaN       NaN       NaN       NaN       NaN       NaN   190.325    11.089     0.002     0.002       NaN       NaN       NaN       NaN    57.170    57.167     0.067       NaN       NaN    11.651
 121.5729167     0.750     0.001     0.036     0.000     0.036       NaN       NaN       NaN       NaN       NaN       NaN       NaN       NaN   187.688    10.715     0.002     0.002       NaN       NaN       NaN       NaN    56.758    56.757     0.057       NaN       NaN    13.674
 121.5729167     0.250     0.000     0.000     0.000     0.000  -999.000  -999.000  -999.000  -999.000  -999.000  -999.000  -999.000  -999.000  -999.000  -999.000  -999.000  -999.000  -999.000  -999.000  -999.000  -999.000  -999.000  -999.000     0.048       NaN       NaN    16.048
 121.5937500    22.750     0.000     0.000     0.000     0.000  -999.000  -999.000  -999.000  -999.000  -999.000  -999.000  -999.000  -999.000  -999.000  -999.000  -999.000  -999.000  -999.000  -999.000  -999.000  -999.000  -999.000  -999.000     2.521       NaN       NaN     0.227
 121.5937500    22.250     0.000     0.000     0.000     0.000  -999.000  -999.000  -999.000  -999.000  -999.000  -999.000  -999.000  -999.000  -999.000  -999.000  -999.000  -999.000  -999.000  -999.000  -999.000  -999.000  -999.000  -999.000     2.479       NaN       NaN     0.459
 121.5937500    21.750     0.000     0.000     0.000     0.000  -999.000  -999.000  -999.000  -999.000  -999.000  -999.000  -999.000  -999.000  -999.000  -999.000  -999.000  -999.000  -999.000  -999.000  -999.000  -999.000  -999.000  -999.000     2.436       NaN       NaN     0.465
 121.5937500    21.250     0.000     0.000     0.000     0.000  -999.000  -999.000  -999.000  -999.000  -999.000  -999.000  -999.000  -999.000  -999.000  -999.000  -999.000  -999.000  -999.000  -999.000  -999.000  -999.000  -999.000  -999.000     2.393       NaN       NaN     0.472
 121.5937500    20.750     0.000     0.000     0.000     0.000  -999.000  -999.000  -999.000  -999.000  -999.000  -999.000  -999.000  -999.000  -999.000  -999.000  -999.000  -999.000  -999.000  -999.000  -999.000  -999.000  -999.000  -999.000     2.348       NaN       NaN     0.478
 121.5937500    20.250     0.000     0.000     0.000     0.000  -999.000  -999.000  -999.000  -999.000  -999.000  -999.000  -999.000  -999.000  -999.000  -999.000  -999.000  -999.000  -999.000  -999.000  -999.000  -999.000  -999.000  -999.000     2.303       NaN       NaN     0.485
 121.5937500    19.750     0.000     0.000     0.000     0.000  -999.000  -999.000  -999.000  -999.000  -999.000  -999.000  -999.000  -999.000  -999.000  -999.000  -999.000  -999.000  -999.000  -999.000  -999.000  -999.000  -999.000  -999.000     2.257       NaN       NaN     0.492
 121.5937500    19.250     0.000     0.000     0.000     0.000  -999.000  -999.000  -999.000  -999.000  -999.000  -999.000  -999.000  -999.000  -999.000  -999.000  -999.000  -999.000  -999.000  -999.000  -999.000  -999.000  -999.000  -999.000     2.210       NaN       NaN     0.500
 121.5937500    18.750     0.000     0.000     0.000     0.000  -999.000  -999.000  -999.000  -999.000  -999.000  -999.000  -999.000  -999.000  -999.000  -999.000  -999.000  -999.000  -999.000  -999.000  -999.000  -999.000  -999.000  -999.000     2.162       NaN       NaN     0.508
 121.5937500    18.250     0.000     0.000     0.000     0.000  -999.000  -999.000  -999.000  -999.000  -999.000  -999.000  -999.000  -999.000  -999.000  -999.000  -999.000  -999.000  -999.000  -999.000  -999.000  -999.000  -999.000  -999.000     2.113       NaN       NaN     0.516
 121.5937500    17.750     0.000     0.000     0.000     0.000  -999.000  -999.000  -999.000  -999.000  -999.000  -999.000  -999.000  -999.000  -999.000  -999.000  -999.000  -999.000  -999.000  -999.000  -999.000  -999.000  -999.000  -999.000     2.063       NaN       NaN     0.525
 121.5937500    17.250     0.000     0.000     0.000     0.000  -999.000  -999.000  -999.000  -999.000  -999.000  -999.000  -999.000  -999.000  -999.000  -999.000  -999.000  -999.000  -999.000  -999.000  -999.000  -999.000  -999.000  -999.000     2.011       NaN       NaN     0.534
 121.5937500    16.750     0.000     0.000     0.000     0.000  -999.000  -999.000  -999.000  -999.000  -999.000  -999.000  -999.000  -999.000  -999.000  -999.000  -999.000  -999.000  -999.000  -999.000  -999.000  -999.000  -999.000  -999.000     1.958       NaN       NaN     0.544
 121.5937500    16.250     0.000     0.000     0.000     0.000  -999.000  -999.000  -999.000  -999.000  -999.000  -999.000  -999.000  -999.000  -999.000  -999.000  -999.000  -999.000  -999.000  -999.000  -999.000  -999.000  -999.000  -999.000     1.903       NaN       NaN     0.555
 121.5937500    15.750     0.000     0.000     0.000     0.000  -999.000  -999.000  -999.000  -999.000  -999.000  -999.000  -999.000  -999.000  -999.000  -999.000  -999.000  -999.000  -999.000  -999.000  -999.000  -999.000  -999.000  -999.000     1.847       NaN       NaN     0.566
 121.5937500    15.250     0.000     0.000     0.000     0.000  -999.000  -999.000  -999.000  -999.000  -999.000  -999.000  -999.000  -999.000  -999.000  -999.000  -999.000  -999.000  -999.000  -999.000  -999.000  -999.000  -999.000  -999.000     1.789       NaN       NaN     0.578
 121.5937500    14.750     0.000     0.000     0.000     0.000  -999.000  -999.000  -999.000  -999.000  -999.000  -999.000  -999.000  -999.000  -999.000  -999.000  -999.000  -999.000  -999.000  -999.000  -999.000  -999.000  -999.000  -999.000     1.728       NaN       NaN     0.592
 121.5937500    14.250     0.000     0.000     0.000     0.000  -999.000  -999.000  -999.000  -999.000  -999.000  -999.000  -999.000  -999.000  -999.000  -999.000  -999.000  -999.000  -999.000  -999.000  -999.000  -999.000  -999.000  -999.000     1.666       NaN       NaN     0.606
 121.5937500    13.750     0.000     0.000     0.000     0.000  -999.000  -999.000  -999.000  -999.000  -999.000  -999.000  -999.000  -999.000  -999.000  -999.000  -999.000  -999.000  -999.000  -999.000  -999.000  -999.000  -999.000  -999.000     1.600       NaN       NaN     0.623
 121.5937500    13.250     0.000     0.000     0.000     0.000  -999.000  -999.000  -999.000  -999.000  -999.000  -999.000  -999.000  -999.000  -999.000  -999.000  -999.000  -999.000  -999.000  -999.000  -999.000  -999.000  -999.000  -999.000     1.531       NaN       NaN     0.640
 121.5937500    12.750     0.000     0.000     0.000     0.000  -999.000  -999.000  -999.000  -999.000  -999.000  -999.000  -999.000  -999.000  -999.000  -999.000  -999.000  -999.000  -999.000  -999.000  -999.000  -999.000  -999.000  -999.000     1.458       NaN       NaN     0.660
 121.5937500    12.250     0.000     0.000     0.000     0.000  -999.000  -999.000  -999.000  -999.000  -999.000  -999.000  -999.000  -999.000  -999.000  -999.000  -999.000  -999.000  -999.000  -999.000  -999.000  -999.000  -999.000  -999.000     1.379       NaN       NaN     0.684
 121.5937500    11.750     0.000     0.000     0.000     0.000  -999.000  -999.000  -999.000  -999.000  -999.000  -999.000  -999.000  -999.000  -999.000  -999.000  -999.000  -999.000  -999.000  -999.000  -999.000  -999.000  -999.000  -999.000     1.295       NaN       NaN     0.714
 121.5937500    11.250     0.000     0.000     0.000     0.000  -999.000  -999.000  -999.000  -999.000  -999.000  -999.000  -999.000  -999.000  -999.000  -999.000  -999.000  -999.000  -999.000  -999.000  -999.000  -999.000  -999.000  -999.000     1.203       NaN       NaN     0.751
 121.5937500    10.750     0.000     0.000     0.000     0.000  -999.000  -999.000  -999.000  -999.000  -999.000  -999.000  -999.000  -999.000  -999.000  -999.000  -999.000  -999.000  -999.000  -999.000  -999.000  -999.000  -999.000  -999.000     1.099       NaN       NaN     0.794
 121.5937500    10.250     0.000     0.000     0.000     0.000  -999.000  -999.000  -999.000  -999.000  -999.000  -999.000  -999.000  -999.000  -999.000  -999.000  -999.000  -999.000  -999.000  -999.000  -999.000  -999.000  -999.000  -999.000     0.979       NaN       NaN     0.859
 121.5937500     9.750     0.909     0.304     0.276     0.028       NaN       NaN       NaN       NaN       NaN       NaN       NaN       NaN   430.460   194.323     0.002     0.002       NaN       NaN       NaN       NaN   122.342   121.375     0.840       NaN       NaN     0.975
 121.5937500     9.250     0.724     0.413     0.299     0.114       NaN       NaN       NaN       NaN       NaN       NaN       NaN       NaN   401.759   168.025     0.002     0.002       NaN       NaN       NaN       NaN   116.152   115.592     0.716       NaN       NaN     1.132
 121.5937500     8.750     0.550     0.446     0.245     0.201       NaN       NaN       NaN       NaN       NaN       NaN       NaN       NaN   372.337   139.796     0.002     0.002       NaN       NaN       NaN       NaN   109.083   108.707     0.610       NaN       NaN     1.328
 121.5937500     8.250     0.413     0.454     0.187     0.267       NaN       NaN       NaN       NaN       NaN       NaN       NaN       NaN   346.709   114.895     0.002     0.002       NaN       NaN       NaN       NaN   102.123   101.844     0.520       NaN       NaN     1.559
 121.5937500     7.750     0.309     0.448     0.138     0.309       NaN       NaN       NaN       NaN       NaN       NaN       NaN       NaN   325.504    94.236     0.002     0.002       NaN       NaN       NaN       NaN    95.584    95.368     0.443       NaN       NaN     1.830
 121.5937500     7.250     0.233     0.432     0.101     0.332       NaN       NaN       NaN       NaN       NaN       NaN       NaN       NaN   308.386    77.583     0.002     0.002       NaN       NaN       NaN       NaN    89.599    89.428     0.377       NaN       NaN     2.147
 121.5937500     6.750     0.178     0.411     0.073     0.338       NaN       NaN       NaN       NaN       NaN       NaN       NaN       NaN   294.736    64.363     0.002     0.002       NaN       NaN       NaN       NaN    84.211    84.076     0.321       NaN       NaN     2.520
 121.5937500     6.250     0.138     0.385     0.053     0.332       NaN       NaN       NaN       NaN       NaN       NaN       NaN       NaN   283.906    53.955     0.002     0.002       NaN       NaN       NaN       NaN    79.421    79.315     0.274       NaN       NaN     2.958
 121.5937500     5.750     0.109     0.356     0.039     0.317       NaN       NaN       NaN       NaN       NaN       NaN       NaN       NaN   275.313    45.794     0.002     0.002       NaN       NaN       NaN       NaN    75.207    75.124     0.233       NaN       NaN     3.471
 121.5937500     5.250     0.088     0.324     0.028     0.296       NaN       NaN       NaN       NaN       NaN       NaN       NaN       NaN   268.465    39.407     0.002     0.002       NaN       NaN       NaN       NaN    71.535    71.470     0.199       NaN       NaN     4.074
 121.5937500     4.750     0.072     0.291     0.021     0.270       NaN       NaN       NaN       NaN       NaN       NaN       NaN       NaN   262.967    34.413     0.002     0.002       NaN       NaN       NaN       NaN    68.365    68.317     0.169       NaN       NaN     4.781
 121.5937500     4.250     0.060     0.257     0.016     0.242       NaN       NaN       NaN       NaN       NaN       NaN       NaN       NaN   258.497    30.511     0.002     0.002       NaN       NaN       NaN       NaN    65.660    65.623     0.144       NaN       NaN     5.612
 121.5937500     3.750     0.052     0.223     0.012     0.211       NaN       NaN       NaN       NaN       NaN       NaN       NaN       NaN   254.802    27.465     0.002     0.002       NaN       NaN       NaN       NaN    63.379    63.353     0.123       NaN       NaN     6.586
 121.5937500     3.250     0.045     0.189     0.009     0.180       NaN       NaN       NaN       NaN       NaN       NaN       NaN       NaN   251.668    25.094     0.002     0.002       NaN       NaN       NaN       NaN    61.487    61.469     0.105       NaN       NaN     7.729
 121.5937500     2.750     0.041     0.155     0.006     0.149       NaN       NaN       NaN       NaN       NaN       NaN       NaN       NaN   248.914    23.256     0.002     0.002       NaN       NaN       NaN       NaN    59.950    59.938     0.089       NaN       NaN     9.071
 121.5937500     2.250     0.037     0.122     0.005     0.118       NaN       NaN       NaN       NaN       NaN       NaN       NaN       NaN   246.369    21.841     0.002     0.002       NaN       NaN       NaN       NaN    58.737    58.730     0.076       NaN       NaN    10.647
 121.5937500     1.750     0.035     0.091     0.003     0.088       NaN       NaN       NaN       NaN       NaN       NaN       NaN       NaN   243.842    20.760     0.002     0.002       NaN       NaN       NaN       NaN    57.819    57.815     0.065       NaN       NaN    12.495
 121.5937500     1.250     0.033     0.062     0.002     0.060       NaN       NaN       NaN       NaN       NaN       NaN       NaN       NaN   241.078    19.935     0.002     0.002       NaN       NaN       NaN       NaN    57.168    57.167     0.055       NaN       NaN    14.665
 121.5937500     0.750     0.032     0.036     0.001     0.035       NaN       NaN       NaN       NaN       NaN       NaN       NaN       NaN   237.637    19.286     0.002     0.002       NaN       NaN       NaN       NaN    56.758    56.757     0.047       NaN       NaN    17.211
 121.5937500     0.250     0.000     0.000     0.000     0.000  -999.000  -999.000  -999.000  -999.000  -999.000  -999.000  -999.000  -999.000  -999.000  -999.000  -999.000  -999.000  -999.000  -999.000  -999.000  -999.000  -999.000  -999.000     0.040       NaN       NaN    20.200
 121.6145833    22.750     0.000     0.000     0.000     0.000  -999.000  -999.000  -999.000  -999.000  -999.000  -999.000  -999.000  -999.000  -999.000  -999.000  -999.000  -999.000  -999.000  -999.000  -999.000  -999.000  -999.000  -999.000     2.535       NaN       NaN     0.221
 121.6145833    22.250     0.000     0.000     0.000     0.000  -999.000  -999.000  -999.000  -999.000  -999.000  -999.000  -999.000  -999.000  -999.000  -999.000  -999.000  -999.000  -999.000  -999.000  -999.000  -999.000  -999.000  -999.000     2.493       NaN       NaN     0.447
 121.6145833    21.750     0.000     0.000     0.000     0.000  -999.000  -999.000  -999.000  -999.000  -999.000  -999.000  -999.000  -999.000  -999.000  -999.000  -999.000  -999.000  -999.000  -999.000  -999.000  -999.000  -999.000  -999.000     2.450       NaN       NaN     0.453
 121.6145833    21.250     0.000     0.000     0.000     0.000  -999.000  -999.000  -999.000  -999.000  -999.000  -999.000  -999.000  -999.000  -999.000  -999.000  -999.000  -999.000  -999.000  -999.000  -999.000  -999.000  -999.000  -999.000     2.406       NaN       NaN     0.459
 121.6145833    20.750     0.000     0.000     0.000     0.000  -999.000  -999.000  -999.000  -999.000  -999.000  -999.000  -999.000  -999.000  -999.000  -999.000  -999.000  -999.000  -999.000  -999.000  -999.000  -999.000  -999.000  -999.000     2.362       NaN       NaN     0.466
 121.6145833    20.250     0.000     0.000     0.000     0.000  -999.000  -999.000  -999.000  -999.000  -999.000  -999.000  -999.000  -999.000  -999.000  -999.000  -999.000  -999.000  -999.000  -999.000  -999.000  -999.000  -999.000  -999.000     2.316       NaN       NaN     0.472
 121.6145833    19.750     0.000     0.000     0.000     0.000  -999.000  -999.000  -999.000  -999.000  -999.000  -999.000  -999.000  -999.000  -999.000  -999.000  -999.000  -999.000  -999.000  -999.000  -999.000  -999.000  -999.000  -999.000     2.270       NaN       NaN     0.479
 121.6145833    19.250     0.000     0.000     0.000     0.000  -999.000  -999.000  -999.000  -999.000  -999.000  -999.000  -999.000  -999.000  -999.000  -999.000  -999.000  -999.000  -999.000  -999.000  -999.000  -999.000  -999.000  -999.000     2.222       NaN       NaN     0.487
 121.6145833    18.750     0.000     0.000     0.000     0.000  -999.000  -999.000  -999.000  -999.000  -999.000  -999.000  -999.000  -999.000  -999.000  -999.000  -999.000  -999.000  -999.000  -999.000  -999.000  -999.000  -999.000  -999.000     2.174       NaN       NaN     0.494
 121.6145833    18.250     0.000     0.000     0.000     0.000  -999.000  -999.000  -999.000  -999.000  -999.000  -999.000  -999.000  -999.000  -999.000  -999.000  -999.000  -999.000  -999.000  -999.000  -999.000  -999.000  -999.000  -999.000     2.125       NaN       NaN     0.503
 121.6145833    17.750     0.000     0.000     0.000     0.000  -999.000  -999.000  -999.000  -999.000  -999.000  -999.000  -999.000  -999.000  -999.000  -999.000  -999.000  -999.000  -999.000  -999.000  -999.000  -999.000  -999.000  -999.000     2.074       NaN       NaN     0.511
 121.6145833    17.250     0.000     0.000     0.000     0.000  -999.000  -999.000  -999.000  -999.000  -999.000  -999.000  -999.000  -999.000  -999.000  -999.000  -999.000  -999.000  -999.000  -999.000  -999.000  -999.000  -999.000  -999.000     2.022       NaN       NaN     0.520
 121.6145833    16.750     0.000     0.000     0.000     0.000  -999.000  -999.000  -999.000  -999.000  -999.000  -999.000  -999.000  -999.000  -999.000  -999.000  -999.000  -999.000  -999.000  -999.000  -999.000  -999.000  -999.000  -999.000     1.969       NaN       NaN     0.530
 121.6145833    16.250     0.000     0.000     0.000     0.000  -999.000  -999.000  -999.000  -999.000  -999.000  -999.000  -999.000  -999.000  -999.000  -999.000  -999.000  -999.000  -999.000  -999.000  -999.000  -999.000  -999.000  -999.000     1.914       NaN       NaN     0.540
 121.6145833    15.750     0.000     0.000     0.000     0.000  -999.000  -999.000  -999.000  -999.000  -999.000  -999.000  -999.000  -999.000  -999.000  -999.000  -999.000  -999.000  -999.000  -999.000  -999.000  -999.000  -999.000  -999.000     1.857       NaN       NaN     0.551
 121.6145833    15.250     0.000     0.000     0.000     0.000  -999.000  -999.000  -999.000  -999.000  -999.000  -999.000  -999.000  -999.000  -999.000  -999.000  -999.000  -999.000  -999.000  -999.000  -999.000  -999.000  -999.000  -999.000     1.799       NaN       NaN     0.563
 121.6145833    14.750     0.000     0.000     0.000     0.000  -999.000  -999.000  -999.000  -999.000  -999.000  -999.000  -999.000  -999.000  -999.000  -999.000  -999.000  -999.000  -999.000  -999.000  -999.000  -999.000  -999.000  -999.000     1.738       NaN       NaN     0.576
 121.6145833    14.250     0.000     0.000     0.000     0.000  -999.000  -999.000  -999.000  -999.000  -999.000  -999.000  -999.000  -999.000  -999.000  -999.000  -999.000  -999.000  -999.000  -999.000  -999.000  -999.000  -999.000  -999.000     1.675       NaN       NaN     0.590
 121.6145833    13.750     0.000     0.000     0.000     0.000  -999.000  -999.000  -999.000  -999.000  -999.000  -999.000  -999.000  -999.000  -999.000  -999.000  -999.000  -999.000  -999.000  -999.000  -999.000  -999.000  -999.000  -999.000     1.609       NaN       NaN     0.606
 121.6145833    13.250     0.000     0.000     0.000     0.000  -999.000  -999.000  -999.000  -999.000  -999.000  -999.000  -999.000  -999.000  -999.000  -999.000  -999.000  -999.000  -999.000  -999.000  -999.000  -999.000  -999.000  -999.000     1.539       NaN       NaN     0.623
 121.6145833    12.750     0.000     0.000     0.000     0.000  -999.000  -999.000  -999.000  -999.000  -999.000  -999.000  -999.000  -999.000  -999.000  -999.000  -999.000  -999.000  -999.000  -999.000  -999.000  -999.000  -999.000  -999.000     1.466       NaN       NaN     0.643
 121.6145833    12.250     0.000     0.000     0.000     0.000  -999.000  -999.000  -999.000  -999.000  -999.000  -999.000  -999.000  -999.000  -999.000  -999.000  -999.000  -999.000  -999.000  -999.000  -999.000  -999.000  -999.000  -999.000     1.387       NaN       NaN     0.666
 121.6145833    11.750     0.000     0.000     0.000     0.000  -999.000  -999.000  -999.000  -999.000  -999.000  -999.000  -999.000  -999.000  -999.000  -999.000  -999.000  -999.000  -999.000  -999.000  -999.000  -999.000  -999.000  -999.000     1.302       NaN       NaN     0.695
 121.6145833    11.250     0.000     0.000     0.000     0.000  -999.000  -999.000  -999.000  -999.000  -999.000  -999.000  -999.000  -999.000  -999.000  -999.000  -999.000  -999.000  -999.000  -999.000  -999.000  -999.000  -999.000  -999.000     1.209       NaN       NaN     0.731
 121.6145833    10.750     0.000     0.000     0.000     0.000  -999.000  -999.000  -999.000  -999.000  -999.000  -999.000  -999.000  -999.000  -999.000  -999.000  -999.000  -999.000  -999.000  -999.000  -999.000  -999.000  -999.000  -999.000     1.105       NaN       NaN     0.773
 121.6145833    10.250     0.000     0.000     0.000     0.000  -999.000  -999.000  -999.000  -999.000  -999.000  -999.000  -999.000  -999.000  -999.000  -999.000  -999.000  -999.000  -999.000  -999.000  -999.000  -999.000  -999.000  -999.000     0.985       NaN       NaN     0.836
 121.6145833     9.750     0.924     0.304     0.281     0.023       NaN       NaN       NaN       NaN       NaN       NaN       NaN       NaN   615.562   249.892     0.002     0.002       NaN       NaN       NaN       NaN   122.327   121.370     0.845       NaN       NaN     0.949
 121.6145833     9.250     0.765     0.413     0.316     0.097       NaN       NaN       NaN       NaN       NaN       NaN       NaN       NaN   579.454   216.864     0.002     0.002       NaN       NaN       NaN       NaN   116.125   115.580     0.720       NaN       NaN     1.101
 121.6145833     8.750     0.610     0.446     0.272     0.174       NaN       NaN       NaN       NaN       NaN       NaN       NaN       NaN   542.394   181.357     0.002     0.002       NaN       NaN       NaN       NaN   109.054   108.695     0.613       NaN       NaN     1.293
 121.6145833     8.250     0.481     0.454     0.218     0.236       NaN       NaN       NaN       NaN       NaN       NaN       NaN       NaN   510.001   149.934     0.002     0.002       NaN       NaN       NaN       NaN   102.094   101.833     0.523       NaN       NaN     1.517
 121.6145833     7.750     0.379     0.448     0.170     0.278       NaN       NaN       NaN       NaN       NaN       NaN       NaN       NaN   483.078   123.757     0.002     0.002       NaN       NaN       NaN       NaN    95.558    95.360     0.445       NaN       NaN     1.781
 121.6145833     7.250     0.300     0.432     0.130     0.303       NaN       NaN       NaN       NaN       NaN       NaN       NaN       NaN   461.232   102.564     0.002     0.002       NaN       NaN       NaN       NaN    89.576    89.422     0.379       NaN       NaN     2.090
 121.6145833     6.750     0.240     0.411     0.099     0.312       NaN       NaN       NaN       NaN       NaN       NaN       NaN       NaN   443.717    85.665     0.002     0.002       NaN       NaN       NaN       NaN    84.192    84.071     0.323       NaN       NaN     2.453
 121.6145833     6.250     0.195     0.385     0.075     0.310       NaN       NaN       NaN       NaN       NaN       NaN       NaN       NaN   429.737    72.305     0.002     0.002       NaN       NaN       NaN       NaN    79.405    79.311     0.275       NaN       NaN     2.878
 121.6145833     5.750     0.160     0.356     0.057     0.299       NaN       NaN       NaN       NaN       NaN       NaN       NaN       NaN   418.575    61.789     0.002     0.002       NaN       NaN       NaN       NaN    75.194    75.121     0.235       NaN       NaN     3.378
 121.6145833     5.250     0.134     0.324     0.043     0.281       NaN       NaN       NaN       NaN       NaN       NaN       NaN       NaN   409.621    53.533     0.002     0.002       NaN       NaN       NaN       NaN    71.524    71.468     0.200       NaN       NaN     3.965
 121.6145833     4.750     0.114     0.291     0.033     0.258       NaN       NaN       NaN       NaN       NaN       NaN       NaN       NaN   402.377    47.060     0.002     0.002       NaN       NaN       NaN       NaN    68.358    68.315     0.170       NaN       NaN     4.653
 121.6145833     4.250     0.098     0.257     0.025     0.232       NaN       NaN       NaN       NaN       NaN       NaN       NaN       NaN   396.437    41.991     0.002     0.002       NaN       NaN       NaN       NaN    65.654    65.623     0.145       NaN       NaN     5.461
 121.6145833     3.750     0.087     0.223     0.019     0.204       NaN       NaN       NaN       NaN       NaN       NaN       NaN       NaN   391.472    38.029     0.002     0.002       NaN       NaN       NaN       NaN    63.374    63.352     0.124       NaN       NaN     6.410
 121.6145833     3.250     0.078     0.189     0.015     0.174       NaN       NaN       NaN       NaN       NaN       NaN       NaN       NaN   387.203    34.941     0.002     0.002       NaN       NaN       NaN       NaN    61.484    61.468     0.105       NaN       NaN     7.522
 121.6145833     2.750     0.071     0.155     0.011     0.144       NaN       NaN       NaN       NaN       NaN       NaN       NaN       NaN   383.386    32.544     0.002     0.002       NaN       NaN       NaN       NaN    59.948    59.938     0.090       NaN       NaN     8.829
 121.6145833     2.250     0.066     0.122     0.008     0.114       NaN       NaN       NaN       NaN       NaN       NaN       NaN       NaN   379.782    30.695     0.002     0.002       NaN       NaN       NaN       NaN    58.736    58.730     0.077       NaN       NaN    10.362
 121.6145833     1.750     0.062     0.091     0.006     0.086       NaN       NaN       NaN       NaN       NaN       NaN       NaN       NaN   376.117    29.276     0.002     0.002       NaN       NaN       NaN       NaN    57.818    57.815     0.065       NaN       NaN    12.161
 121.6145833     1.250     0.060     0.062     0.004     0.059       NaN       NaN       NaN       NaN       NaN       NaN       NaN       NaN   372.012    28.185     0.002     0.002       NaN       NaN       NaN       NaN    57.168    57.167     0.056       NaN       NaN    14.272
 121.6145833     0.750     0.058     0.036     0.002     0.034       NaN       NaN       NaN       NaN       NaN       NaN       NaN       NaN   366.801    27.315     0.002     0.002       NaN       NaN       NaN       NaN    56.757    56.757     0.047       NaN       NaN    16.750
 121.6145833     0.250     0.000     0.000     0.000     0.000  -999.000  -999.000  -999.000  -999.000  -999.000  -999.000  -999.000  -999.000  -999.000  -999.000  -999.000  -999.000  -999.000  -999.000  -999.000  -999.000  -999.000  -999.000     0.040       NaN       NaN    19.659
 121.6354167    22.750     0.000     0.000     0.000     0.000  -999.000  -999.000  -999.000  -999.000  -999.000  -999.000  -999.000  -999.000  -999.000  -999.000  -999.000  -999.000  -999.000  -999.000  -999.000  -999.000  -999.000  -999.000     1.938       NaN       NaN     0.261
 121.6354167    22.250     0.000     0.000     0.000     0.000  -999.000  -999.000  -999.000  -999.000  -999.000  -999.000  -999.000  -999.000  -999.000  -999.000  -999.000  -999.000  -999.000  -999.000  -999.000  -999.000  -999.000  -999.000     1.905       NaN       NaN     0.528
 121.6354167    21.750     0.000     0.000     0.000     0.000  -999.000  -999.000  -999.000  -999.000  -999.000  -999.000  -999.000  -999.000  -999.000  -999.000  -999.000  -999.000  -999.000  -999.000  -999.000  -999.000  -999.000  -999.000     1.873       NaN       NaN     0.535
 121.6354167    21.250     0.000     0.000     0.000     0.000  -999.000  -999.000  -999.000  -999.000  -999.000  -999.000  -999.000  -999.000  -999.000  -999.000  -999.000  -999.000  -999.000  -999.000  -999.000  -999.000  -999.000  -999.000     1.839       NaN       NaN     0.542
 121.6354167    20.750     0.000     0.000     0.000     0.000  -999.000  -999.000  -999.000  -999.000  -999.000  -999.000  -999.000  -999.000  -999.000  -999.000  -999.000  -999.000  -999.000  -999.000  -999.000  -999.000  -999.000  -999.000     1.805       NaN       NaN     0.550
 121.6354167    20.250     0.000     0.000     0.000     0.000  -999.000  -999.000  -999.000  -999.000  -999.000  -999.000  -999.000  -999.000  -999.000  -999.000  -999.000  -999.000  -999.000  -999.000  -999.000  -999.000  -999.000  -999.000     1.770       NaN       NaN     0.558
 121.6354167    19.750     0.000     0.000     0.000     0.000  -999.000  -999.000  -999.000  -999.000  -999.000  -999.000  -999.000  -999.000  -999.000  -999.000  -999.000  -999.000  -999.000  -999.000  -999.000  -999.000  -999.000  -999.000     1.735       NaN       NaN     0.566
 121.6354167    19.250     0.000     0.000     0.000     0.000  -999.000  -999.000  -999.000  -999.000  -999.000  -999.000  -999.000  -999.000  -999.000  -999.000  -999.000  -999.000  -999.000  -999.000  -999.000  -999.000  -999.000  -999.000     1.699       NaN       NaN     0.575
 121.6354167    18.750     0.000     0.000     0.000     0.000  -999.000  -999.000  -999.000  -999.000  -999.000  -999.000  -999.000  -999.000  -999.000  -999.000  -999.000  -999.000  -999.000  -999.000  -999.000  -999.000  -999.000  -999.000     1.662       NaN       NaN     0.584
 121.6354167    18.250     0.000     0.000     0.000     0.000  -999.000  -999.000  -999.000  -999.000  -999.000  -999.000  -999.000  -999.000  -999.000  -999.000  -999.000  -999.000  -999.000  -999.000  -999.000  -999.000  -999.000  -999.000     1.624       NaN       NaN     0.594
 121.6354167    17.750     0.000     0.000     0.000     0.000  -999.000  -999.000  -999.000  -999.000  -999.000  -999.000  -999.000  -999.000  -999.000  -999.000  -999.000  -999.000  -999.000  -999.000  -999.000  -999.000  -999.000  -999.000     1.585       NaN       NaN     0.604
 121.6354167    17.250     0.000     0.000     0.000     0.000  -999.000  -999.000  -999.000  -999.000  -999.000  -999.000  -999.000  -999.000  -999.000  -999.000  -999.000  -999.000  -999.000  -999.000  -999.000  -999.000  -999.000  -999.000     1.546       NaN       NaN     0.614
 121.6354167    16.750     0.000     0.000     0.000     0.000  -999.000  -999.000  -999.000  -999.000  -999.000  -999.000  -999.000  -999.000  -999.000  -999.000  -999.000  -999.000  -999.000  -999.000  -999.000  -999.000  -999.000  -999.000     1.505       NaN       NaN     0.626
 121.6354167    16.250     0.000     0.000     0.000     0.000  -999.000  -999.000  -999.000  -999.000  -999.000  -999.000  -999.000  -999.000  -999.000  -999.000  -999.000  -999.000  -999.000  -999.000  -999.000  -999.000  -999.000  -999.000     1.463       NaN       NaN     0.638
 121.6354167    15.750     0.000     0.000     0.000     0.000  -999.000  -999.000  -999.000  -999.000  -999.000  -999.000  -999.000  -999.000  -999.000  -999.000  -999.000  -999.000  -999.000  -999.000  -999.000  -999.000  -999.000  -999.000     1.420       NaN       NaN     0.651
 121.6354167    15.250     0.000     0.000     0.000     0.000  -999.000  -999.000  -999.000  -999.000  -999.000  -999.000  -999.000  -999.000  -999.000  -999.000  -999.000  -999.000  -999.000  -999.000  -999.000  -999.000  -999.000  -999.000     1.375       NaN       NaN     0.665
 121.6354167    14.750     0.000     0.000     0.000     0.000  -999.000  -999.000  -999.000  -999.000  -999.000  -999.000  -999.000  -999.000  -999.000  -999.000  -999.000  -999.000  -999.000  -999.000  -999.000  -999.000  -999.000  -999.000     1.328       NaN       NaN     0.680
 121.6354167    14.250     0.000     0.000     0.000     0.000  -999.000  -999.000  -999.000  -999.000  -999.000  -999.000  -999.000  -999.000  -999.000  -999.000  -999.000  -999.000  -999.000  -999.000  -999.000  -999.000  -999.000  -999.000     1.280       NaN       NaN     0.697
 121.6354167    13.750     0.000     0.000     0.000     0.000  -999.000  -999.000  -999.000  -999.000  -999.000  -999.000  -999.000  -999.000  -999.000  -999.000  -999.000  -999.000  -999.000  -999.000  -999.000  -999.000  -999.000  -999.000     1.230       NaN       NaN     0.716
 121.6354167    13.250     0.000     0.000     0.000     0.000  -999.000  -999.000  -999.000  -999.000  -999.000  -999.000  -999.000  -999.000  -999.000  -999.000  -999.000  -999.000  -999.000  -999.000  -999.000  -999.000  -999.000  -999.000     1.176       NaN       NaN     0.736
 121.6354167    12.750     0.000     0.000     0.000     0.000  -999.000  -999.000  -999.000  -999.000  -999.000  -999.000  -999.000  -999.000  -999.000  -999.000  -999.000  -999.000  -999.000  -999.000  -999.000  -999.000  -999.000  -999.000     1.120       NaN       NaN     0.759
 121.6354167    12.250     0.000     0.000     0.000     0.000  -999.000  -999.000  -999.000  -999.000  -999.000  -999.000  -999.000  -999.000  -999.000  -999.000  -999.000  -999.000  -999.000  -999.000  -999.000  -999.000  -999.000  -999.000     1.060       NaN       NaN     0.787
 121.6354167    11.750     0.000     0.000     0.000     0.000  -999.000  -999.000  -999.000  -999.000  -999.000  -999.000  -999.000  -999.000  -999.000  -999.000  -999.000  -999.000  -999.000  -999.000  -999.000  -999.000  -999.000  -999.000     0.995       NaN       NaN     0.821
 121.6354167    11.250     0.000     0.000     0.000     0.000  -999.000  -999.000  -999.000  -999.000  -999.000  -999.000  -999.000  -999.000  -999.000  -999.000  -999.000  -999.000  -999.000  -999.000  -999.000  -999.000  -999.000  -999.000     0.924       NaN       NaN     0.863
 121.6354167    10.750     0.000     0.000     0.000     0.000  -999.000  -999.000  -999.000  -999.000  -999.000  -999.000  -999.000  -999.000  -999.000  -999.000  -999.000  -999.000  -999.000  -999.000  -999.000  -999.000  -999.000  -999.000     0.845       NaN       NaN     0.914
 121.6354167    10.250     0.000     0.000     0.000     0.000  -999.000  -999.000  -999.000  -999.000  -999.000  -999.000  -999.000  -999.000  -999.000  -999.000  -999.000  -999.000  -999.000  -999.000  -999.000  -999.000  -999.000  -999.000     0.753       NaN       NaN     0.988
 121.6354167     9.750     0.930     0.304     0.283     0.021       NaN       NaN       NaN       NaN       NaN       NaN       NaN       NaN   801.695   287.697     0.002     0.002       NaN       NaN       NaN       NaN   122.321   121.368     0.646       NaN       NaN     1.121
 121.6354167     9.250     0.783     0.413     0.323     0.090       NaN       NaN       NaN       NaN       NaN       NaN       NaN       NaN   761.151   250.674     0.002     0.002       NaN       NaN       NaN       NaN   116.114   115.576     0.550       NaN       NaN     1.301
 121.6354167     8.750     0.636     0.446     0.284     0.162       NaN       NaN       NaN       NaN       NaN       NaN       NaN       NaN   719.395   210.745     0.002     0.002       NaN       NaN       NaN       NaN   109.042   108.690     0.469       NaN       NaN     1.527
 121.6354167     8.250     0.512     0.454     0.232     0.222       NaN       NaN       NaN       NaN       NaN       NaN       NaN       NaN   682.724   175.253     0.002     0.002       NaN       NaN       NaN       NaN   102.083   101.829     0.399       NaN       NaN     1.793
 121.6354167     7.750     0.411     0.448     0.184     0.263       NaN       NaN       NaN       NaN       NaN       NaN       NaN       NaN   652.080   145.551     0.002     0.002       NaN       NaN       NaN       NaN    95.548    95.356     0.340       NaN       NaN     2.104
 121.6354167     7.250     0.333     0.432     0.144     0.289       NaN       NaN       NaN       NaN       NaN       NaN       NaN       NaN   627.074   121.392     0.002     0.002       NaN       NaN       NaN       NaN    89.567    89.419     0.290       NaN       NaN     2.469
 121.6354167     6.750     0.271     0.411     0.111     0.300       NaN       NaN       NaN       NaN       NaN       NaN       NaN       NaN   606.907   102.046     0.002     0.002       NaN       NaN       NaN       NaN    84.184    84.069     0.247       NaN       NaN     2.898
 121.6354167     6.250     0.224     0.385     0.086     0.299       NaN       NaN       NaN       NaN       NaN       NaN       NaN       NaN   590.711    86.690     0.002     0.002       NaN       NaN       NaN       NaN    79.399    79.309     0.211       NaN       NaN     3.401
 121.6354167     5.750     0.187     0.356     0.067     0.289       NaN       NaN       NaN       NaN       NaN       NaN       NaN       NaN   577.696    74.563     0.002     0.002       NaN       NaN       NaN       NaN    75.189    75.120     0.179       NaN       NaN     3.991
 121.6354167     5.250     0.159     0.324     0.051     0.273       NaN       NaN       NaN       NaN       NaN       NaN       NaN       NaN   567.182    65.015     0.002     0.002       NaN       NaN       NaN       NaN    71.520    71.468     0.153       NaN       NaN     4.684
 121.6354167     4.750     0.137     0.291     0.040     0.251       NaN       NaN       NaN       NaN       NaN       NaN       NaN       NaN   558.605    57.514     0.002     0.002       NaN       NaN       NaN       NaN    68.354    68.315     0.130       NaN       NaN     5.498
 121.6354167     4.250     0.120     0.257     0.031     0.226       NaN       NaN       NaN       NaN       NaN       NaN       NaN       NaN   551.503    51.632     0.002     0.002       NaN       NaN       NaN       NaN    65.651    65.622     0.111       NaN       NaN     6.452
 121.6354167     3.750     0.107     0.223     0.024     0.199       NaN       NaN       NaN       NaN       NaN       NaN       NaN       NaN   545.491    47.030     0.002     0.002       NaN       NaN       NaN       NaN    63.373    63.352     0.095       NaN       NaN     7.573
 121.6354167     3.250     0.096     0.189     0.018     0.170       NaN       NaN       NaN       NaN       NaN       NaN       NaN       NaN   540.241    43.441     0.002     0.002       NaN       NaN       NaN       NaN    61.482    61.468     0.081       NaN       NaN     8.888
 121.6354167     2.750     0.089     0.155     0.014     0.141       NaN       NaN       NaN       NaN       NaN       NaN       NaN       NaN   535.453    40.653     0.002     0.002       NaN       NaN       NaN       NaN    59.947    59.938     0.069       NaN       NaN    10.431
 121.6354167     2.250     0.083     0.122     0.010     0.112       NaN       NaN       NaN       NaN       NaN       NaN       NaN       NaN   530.825    38.498     0.002     0.002       NaN       NaN       NaN       NaN    58.735    58.730     0.058       NaN       NaN    12.242
 121.6354167     1.750     0.079     0.091     0.007     0.084       NaN       NaN       NaN       NaN       NaN       NaN       NaN       NaN   526.000    36.838     0.002     0.002       NaN       NaN       NaN       NaN    57.818    57.815     0.050       NaN       NaN    14.368
 121.6354167     1.250     0.076     0.062     0.005     0.058       NaN       NaN       NaN       NaN       NaN       NaN       NaN       NaN   520.463    35.552     0.002     0.002       NaN       NaN       NaN       NaN    57.168    57.167     0.042       NaN       NaN    16.863
 121.6354167     0.750     0.074     0.036     0.003     0.033       NaN       NaN       NaN       NaN       NaN       NaN       NaN       NaN   513.299    34.510     0.002     0.002       NaN       NaN       NaN       NaN    56.757    56.757     0.036       NaN       NaN    19.790
 121.6354167     0.250     0.000     0.000     0.000     0.000  -999.000  -999.000  -999.000  -999.000  -999.000  -999.000  -999.000  -999.000  -999.000  -999.000  -999.000  -999.000  -999.000  -999.000  -999.000  -999.000  -999.000  -999.000     0.031       NaN       NaN    23.227
 121.6562500    22.750     0.000     0.000     0.000     0.000  -999.000  -999.000  -999.000  -999.000  -999.000  -999.000  -999.000  -999.000  -999.000  -999.000  -999.000  -999.000  -999.000  -999.000  -999.000  -999.000  -999.000  -999.000     1.435       NaN       NaN     0.371
 121.6562500    22.250     0.000     0.000     0.000     0.000  -999.000  -999.000  -999.000  -999.000  -999.000  -999.000  -999.000  -999.000  -999.000  -999.000  -999.000  -999.000  -999.000  -999.000  -999.000  -999.000  -999.000  -999.000     1.411       NaN       NaN     0.749
 121.6562500    21.750     0.000     0.000     0.000     0.000  -999.000  -999.000  -999.000  -999.000  -999.000  -999.000  -999.000  -999.000  -999.000  -999.000  -999.000  -999.000  -999.000  -999.000  -999.000  -999.000  -999.000  -999.000     1.387       NaN       NaN     0.759
 121.6562500    21.250     0.000     0.000     0.000     0.000  -999.000  -999.000  -999.000  -999.000  -999.000  -999.000  -999.000  -999.000  -999.000  -999.000  -999.000  -999.000  -999.000  -999.000  -999.000  -999.000  -999.000  -999.000     1.362       NaN       NaN     0.769
 121.6562500    20.750     0.000     0.000     0.000     0.000  -999.000  -999.000  -999.000  -999.000  -999.000  -999.000  -999.000  -999.000  -999.000  -999.000  -999.000  -999.000  -999.000  -999.000  -999.000  -999.000  -999.000  -999.000     1.337       NaN       NaN     0.780
 121.6562500    20.250     0.000     0.000     0.000     0.000  -999.000  -999.000  -999.000  -999.000  -999.000  -999.000  -999.000  -999.000  -999.000  -999.000  -999.000  -999.000  -999.000  -999.000  -999.000  -999.000  -999.000  -999.000     1.311       NaN       NaN     0.791
 121.6562500    19.750     0.000     0.000     0.000     0.000  -999.000  -999.000  -999.000  -999.000  -999.000  -999.000  -999.000  -999.000  -999.000  -999.000  -999.000  -999.000  -999.000  -999.000  -999.000  -999.000  -999.000  -999.000     1.285       NaN       NaN     0.803
 121.6562500    19.250     0.000     0.000     0.000     0.000  -999.000  -999.000  -999.000  -999.000  -999.000  -999.000  -999.000  -999.000  -999.000  -999.000  -999.000  -999.000  -999.000  -999.000  -999.000  -999.000  -999.000  -999.000     1.258       NaN       NaN     0.815
 121.6562500    18.750     0.000     0.000     0.000     0.000  -999.000  -999.000  -999.000  -999.000  -999.000  -999.000  -999.000  -999.000  -999.000  -999.000  -999.000  -999.000  -999.000  -999.000  -999.000  -999.000  -999.000  -999.000     1.231       NaN       NaN     0.828
 121.6562500    18.250     0.000     0.000     0.000     0.000  -999.000  -999.000  -999.000  -999.000  -999.000  -999.000  -999.000  -999.000  -999.000  -999.000  -999.000  -999.000  -999.000  -999.000  -999.000  -999.000  -999.000  -999.000     1.203       NaN       NaN     0.842
 121.6562500    17.750     0.000     0.000     0.000     0.000  -999.000  -999.000  -999.000  -999.000  -999.000  -999.000  -999.000  -999.000  -999.000  -999.000  -999.000  -999.000  -999.000  -999.000  -999.000  -999.000  -999.000  -999.000     1.174       NaN       NaN     0.856
 121.6562500    17.250     0.000     0.000     0.000     0.000  -999.000  -999.000  -999.000  -999.000  -999.000  -999.000  -999.000  -999.000  -999.000  -999.000  -999.000  -999.000  -999.000  -999.000  -999.000  -999.000  -999.000  -999.000     1.145       NaN       NaN     0.871
 121.6562500    16.750     0.000     0.000     0.000     0.000  -999.000  -999.000  -999.000  -999.000  -999.000  -999.000  -999.000  -999.000  -999.000  -999.000  -999.000  -999.000  -999.000  -999.000  -999.000  -999.000  -999.000  -999.000     1.115       NaN       NaN     0.888
 121.6562500    16.250     0.000     0.000     0.000     0.000  -999.000  -999.000  -999.000  -999.000  -999.000  -999.000  -999.000  -999.000  -999.000  -999.000  -999.000  -999.000  -999.000  -999.000  -999.000  -999.000  -999.000  -999.000     1.084       NaN       NaN     0.905
 121.6562500    15.750     0.000     0.000     0.000     0.000  -999.000  -999.000  -999.000  -999.000  -999.000  -999.000  -999.000  -999.000  -999.000  -999.000  -999.000  -999.000  -999.000  -999.000  -999.000  -999.000  -999.000  -999.000     1.052       NaN       NaN     0.923
 121.6562500    15.250     0.000     0.000     0.000     0.000  -999.000  -999.000  -999.000  -999.000  -999.000  -999.000  -999.000  -999.000  -999.000  -999.000  -999.000  -999.000  -999.000  -999.000  -999.000  -999.000  -999.000  -999.000     1.018       NaN       NaN     0.943
 121.6562500    14.750     0.000     0.000     0.000     0.000  -999.000  -999.000  -999.000  -999.000  -999.000  -999.000  -999.000  -999.000  -999.000  -999.000  -999.000  -999.000  -999.000  -999.000  -999.000  -999.000  -999.000  -999.000     0.984       NaN       NaN     0.965
 121.6562500    14.250     0.000     0.000     0.000     0.000  -999.000  -999.000  -999.000  -999.000  -999.000  -999.000  -999.000  -999.000  -999.000  -999.000  -999.000  -999.000  -999.000  -999.000  -999.000  -999.000  -999.000  -999.000     0.948       NaN       NaN     0.988
 121.6562500    13.750     0.000     0.000     0.000     0.000  -999.000  -999.000  -999.000  -999.000  -999.000  -999.000  -999.000  -999.000  -999.000  -999.000  -999.000  -999.000  -999.000  -999.000  -999.000  -999.000  -999.000  -999.000     0.911       NaN       NaN     1.015
 121.6562500    13.250     0.000     0.000     0.000     0.000  -999.000  -999.000  -999.000  -999.000  -999.000  -999.000  -999.000  -999.000  -999.000  -999.000  -999.000  -999.000  -999.000  -999.000  -999.000  -999.000  -999.000  -999.000     0.871       NaN       NaN     1.043
 121.6562500    12.750     0.000     0.000     0.000     0.000  -999.000  -999.000  -999.000  -999.000  -999.000  -999.000  -999.000  -999.000  -999.000  -999.000  -999.000  -999.000  -999.000  -999.000  -999.000  -999.000  -999.000  -999.000     0.830       NaN       NaN     1.076
 121.6562500    12.250     0.000     0.000     0.000     0.000  -999.000  -999.000  -999.000  -999.000  -999.000  -999.000  -999.000  -999.000  -999.000  -999.000  -999.000  -999.000  -999.000  -999.000  -999.000  -999.000  -999.000  -999.000     0.785       NaN       NaN     1.116
 121.6562500    11.750     0.000     0.000     0.000     0.000  -999.000  -999.000  -999.000  -999.000  -999.000  -999.000  -999.000  -999.000  -999.000  -999.000  -999.000  -999.000  -999.000  -999.000  -999.000  -999.000  -999.000  -999.000     0.737       NaN       NaN     1.164
 121.6562500    11.250     0.000     0.000     0.000     0.000  -999.000  -999.000  -999.000  -999.000  -999.000  -999.000  -999.000  -999.000  -999.000  -999.000  -999.000  -999.000  -999.000  -999.000  -999.000  -999.000  -999.000  -999.000     0.685       NaN       NaN     1.224
 121.6562500    10.750     0.000     0.000     0.000     0.000  -999.000  -999.000  -999.000  -999.000  -999.000  -999.000  -999.000  -999.000  -999.000  -999.000  -999.000  -999.000  -999.000  -999.000  -999.000  -999.000  -999.000  -999.000     0.626       NaN       NaN     1.295
 121.6562500    10.250     0.000     0.000     0.000     0.000  -999.000  -999.000  -999.000  -999.000  -999.000  -999.000  -999.000  -999.000  -999.000  -999.000  -999.000  -999.000  -999.000  -999.000  -999.000  -999.000  -999.000  -999.000     0.558       NaN       NaN     1.401
 121.6562500     9.750     0.933     0.304     0.284     0.020       NaN       NaN       NaN       NaN       NaN       NaN       NaN       NaN   977.490   315.968     0.002     0.002       NaN       NaN       NaN       NaN   122.318   121.366     0.478       NaN       NaN     1.590
 121.6562500     9.250     0.792     0.413     0.327     0.086       NaN       NaN       NaN       NaN       NaN       NaN       NaN       NaN   934.016   276.334     0.002     0.002       NaN       NaN       NaN       NaN   116.108   115.573     0.407       NaN       NaN     1.845
 121.6562500     8.750     0.650     0.446     0.290     0.156       NaN       NaN       NaN       NaN       NaN       NaN       NaN       NaN   889.079   233.442     0.002     0.002       NaN       NaN       NaN       NaN   109.036   108.688     0.347       NaN       NaN     2.166
 121.6562500     8.250     0.529     0.454     0.240     0.214       NaN       NaN       NaN       NaN       NaN       NaN       NaN       NaN   849.425   195.153     0.002     0.002       NaN       NaN       NaN       NaN   102.077   101.826     0.296       NaN       NaN     2.542
 121.6562500     7.750     0.430     0.448     0.192     0.255       NaN       NaN       NaN       NaN       NaN       NaN       NaN       NaN   816.119   162.970     0.002     0.002       NaN       NaN       NaN       NaN    95.542    95.354     0.252       NaN       NaN     2.983
 121.6562500     7.250     0.351     0.432     0.152     0.281       NaN       NaN       NaN       NaN       NaN       NaN       NaN       NaN   788.798   136.683     0.002     0.002       NaN       NaN       NaN       NaN    89.562    89.417     0.215       NaN       NaN     3.501
 121.6562500     6.750     0.289     0.411     0.119     0.292       NaN       NaN       NaN       NaN       NaN       NaN       NaN       NaN   766.644   115.549     0.002     0.002       NaN       NaN       NaN       NaN    84.180    84.067     0.183       NaN       NaN     4.109
 121.6562500     6.250     0.241     0.385     0.093     0.292       NaN       NaN       NaN       NaN       NaN       NaN       NaN       NaN   748.754    98.715     0.002     0.002       NaN       NaN       NaN       NaN    79.395    79.308     0.156       NaN       NaN     4.823
 121.6562500     5.750     0.203     0.356     0.072     0.283       NaN       NaN       NaN       NaN       NaN       NaN       NaN       NaN   734.295    85.382     0.002     0.002       NaN       NaN       NaN       NaN    75.186    75.119     0.133       NaN       NaN     5.660
 121.6562500     5.250     0.174     0.324     0.056     0.268       NaN       NaN       NaN       NaN       NaN       NaN       NaN       NaN   722.540    74.862     0.002     0.002       NaN       NaN       NaN       NaN    71.518    71.467     0.113       NaN       NaN     6.643
 121.6562500     4.750     0.151     0.291     0.044     0.247       NaN       NaN       NaN       NaN       NaN       NaN       NaN       NaN   712.883    66.583     0.002     0.002       NaN       NaN       NaN       NaN    68.353    68.314     0.096       NaN       NaN     7.796
 121.6562500     4.250     0.133     0.257     0.034     0.223       NaN       NaN       NaN       NaN       NaN       NaN       NaN       NaN   704.817    60.085     0.002     0.002       NaN       NaN       NaN       NaN    65.650    65.622     0.082       NaN       NaN     9.150
 121.6562500     3.750     0.119     0.223     0.027     0.196       NaN       NaN       NaN       NaN       NaN       NaN       NaN       NaN   697.916    54.998     0.002     0.002       NaN       NaN       NaN       NaN    63.372    63.352     0.070       NaN       NaN    10.738
 121.6562500     3.250     0.108     0.189     0.020     0.168       NaN       NaN       NaN       NaN       NaN       NaN       NaN       NaN   691.808    51.028     0.002     0.002       NaN       NaN       NaN       NaN    61.482    61.468     0.060       NaN       NaN    12.603
 121.6562500     2.750     0.100     0.155     0.016     0.140       NaN       NaN       NaN       NaN       NaN       NaN       NaN       NaN   686.146    47.943     0.002     0.002       NaN       NaN       NaN       NaN    59.947    59.938     0.051       NaN       NaN    14.791
 121.6562500     2.250     0.094     0.122     0.011     0.111       NaN       NaN       NaN       NaN       NaN       NaN       NaN       NaN   680.570    45.556     0.002     0.002       NaN       NaN       NaN       NaN    58.735    58.730     0.043       NaN       NaN    17.359
 121.6562500     1.750     0.089     0.091     0.008     0.083       NaN       NaN       NaN       NaN       NaN       NaN       NaN       NaN   674.642    43.711     0.002     0.002       NaN       NaN       NaN       NaN    57.818    57.815     0.037       NaN       NaN    20.374
 121.6562500     1.250     0.086     0.062     0.005     0.057       NaN       NaN       NaN       NaN       NaN       NaN       NaN       NaN   667.720    42.270     0.002     0.002       NaN       NaN       NaN       NaN    57.168    57.167     0.031       NaN       NaN    23.911
 121.6562500     0.750     0.084     0.036     0.003     0.033       NaN       NaN       NaN       NaN       NaN       NaN       NaN       NaN   658.639    41.085     0.002     0.002       NaN       NaN       NaN       NaN    56.757    56.757     0.027       NaN       NaN    28.063
 121.6562500     0.250     0.000     0.000     0.000     0.000  -999.000  -999.000  -999.000  -999.000  -999.000  -999.000  -999.000  -999.000  -999.000  -999.000  -999.000  -999.000  -999.000  -999.000  -999.000  -999.000  -999.000  -999.000     0.023       NaN       NaN    32.936
 121.6770833    22.750     0.000     0.000     0.000     0.000  -999.000  -999.000  -999.000  -999.000  -999.000  -999.000  -999.000  -999.000  -999.000  -999.000  -999.000  -999.000  -999.000  -999.000  -999.000  -999.000  -999.000  -999.000     1.289       NaN       NaN     0.428
 121.6770833    22.250     0.000     0.000     0.000     0.000  -999.000  -999.000  -999.000  -999.000  -999.000  -999.000  -999.000  -999.000  -999.000  -999.000  -999.000  -999.000  -999.000  -999.000  -999.000  -999.000  -999.000  -999.000     1.268       NaN       NaN     0.865
 121.6770833    21.750     0.000     0.000     0.000     0.000  -999.000  -999.000  -999.000  -999.000  -999.000  -999.000  -999.000  -999.000  -999.000  -999.000  -999.000  -999.000  -999.000  -999.000  -999.000  -999.000  -999.000  -999.000     1.246       NaN       NaN     0.876
 121.6770833    21.250     0.000     0.000     0.000     0.000  -999.000  -999.000  -999.000  -999.000  -999.000  -999.000  -999.000  -999.000  -999.000  -999.000  -999.000  -999.000  -999.000  -999.000  -999.000  -999.000  -999.000  -999.000     1.224       NaN       NaN     0.888
 121.6770833    20.750     0.000     0.000     0.000     0.000  -999.000  -999.000  -999.000  -999.000  -999.000  -999.000  -999.000  -999.000  -999.000  -999.000  -999.000  -999.000  -999.000  -999.000  -999.000  -999.000  -999.000  -999.000     1.201       NaN       NaN     0.901
 121.6770833    20.250     0.000     0.000     0.000     0.000  -999.000  -999.000  -999.000  -999.000  -999.000  -999.000  -999.000  -999.000  -999.000  -999.000  -999.000  -999.000  -999.000  -999.000  -999.000  -999.000  -999.000  -999.000     1.178       NaN       NaN     0.914
 121.6770833    19.750     0.000     0.000     0.000     0.000  -999.000  -999.000  -999.000  -999.000  -999.000  -999.000  -999.000  -999.000  -999.000  -999.000  -999.000  -999.000  -999.000  -999.000  -999.000  -999.000  -999.000  -999.000     1.154       NaN       NaN     0.928
 121.6770833    19.250     0.000     0.000     0.000     0.000  -999.000  -999.000  -999.000  -999.000  -999.000  -999.000  -999.000  -999.000  -999.000  -999.000  -999.000  -999.000  -999.000  -999.000  -999.000  -999.000  -999.000  -999.000     1.130       NaN       NaN     0.942
 121.6770833    18.750     0.000     0.000     0.000     0.000  -999.000  -999.000  -999.000  -999.000  -999.000  -999.000  -999.000  -999.000  -999.000  -999.000  -999.000  -999.000  -999.000  -999.000  -999.000  -999.000  -999.000  -999.000     1.106       NaN       NaN     0.957
 121.6770833    18.250     0.000     0.000     0.000     0.000  -999.000  -999.000  -999.000  -999.000  -999.000  -999.000  -999.000  -999.000  -999.000  -999.000  -999.000  -999.000  -999.000  -999.000  -999.000  -999.000  -999.000  -999.000     1.080       NaN       NaN     0.973
 121.6770833    17.750     0.000     0.000     0.000     0.000  -999.000  -999.000  -999.000  -999.000  -999.000  -999.000  -999.000  -999.000  -999.000  -999.000  -999.000  -999.000  -999.000  -999.000  -999.000  -999.000  -999.000  -999.000     1.055       NaN       NaN     0.989
 121.6770833    17.250     0.000     0.000     0.000     0.000  -999.000  -999.000  -999.000  -999.000  -999.000  -999.000  -999.000  -999.000  -999.000  -999.000  -999.000  -999.000  -999.000  -999.000  -999.000  -999.000  -999.000  -999.000     1.028       NaN       NaN     1.007
 121.6770833    16.750     0.000     0.000     0.000     0.000  -999.000  -999.000  -999.000  -999.000  -999.000  -999.000  -999.000  -999.000  -999.000  -999.000  -999.000  -999.000  -999.000  -999.000  -999.000  -999.000  -999.000  -999.000     1.001       NaN       NaN     1.026
 121.6770833    16.250     0.000     0.000     0.000     0.000  -999.000  -999.000  -999.000  -999.000  -999.000  -999.000  -999.000  -999.000  -999.000  -999.000  -999.000  -999.000  -999.000  -999.000  -999.000  -999.000  -999.000  -999.000     0.973       NaN       NaN     1.046
 121.6770833    15.750     0.000     0.000     0.000     0.000  -999.000  -999.000  -999.000  -999.000  -999.000  -999.000  -999.000  -999.000  -999.000  -999.000  -999.000  -999.000  -999.000  -999.000  -999.000  -999.000  -999.000  -999.000     0.945       NaN       NaN     1.067
 121.6770833    15.250     0.000     0.000     0.000     0.000  -999.000  -999.000  -999.000  -999.000  -999.000  -999.000  -999.000  -999.000  -999.000  -999.000  -999.000  -999.000  -999.000  -999.000  -999.000  -999.000  -999.000  -999.000     0.915       NaN       NaN     1.089
 121.6770833    14.750     0.000     0.000     0.000     0.000  -999.000  -999.000  -999.000  -999.000  -999.000  -999.000  -999.000  -999.000  -999.000  -999.000  -999.000  -999.000  -999.000  -999.000  -999.000  -999.000  -999.000  -999.000     0.884       NaN       NaN     1.114
 121.6770833    14.250     0.000     0.000     0.000     0.000  -999.000  -999.000  -999.000  -999.000  -999.000  -999.000  -999.000  -999.000  -999.000  -999.000  -999.000  -999.000  -999.000  -999.000  -999.000  -999.000  -999.000  -999.000     0.852       NaN       NaN     1.142
 121.6770833    13.750     0.000     0.000     0.000     0.000  -999.000  -999.000  -999.000  -999.000  -999.000  -999.000  -999.000  -999.000  -999.000  -999.000  -999.000  -999.000  -999.000  -999.000  -999.000  -999.000  -999.000  -999.000     0.818       NaN       NaN     1.173
 121.6770833    13.250     0.000     0.000     0.000     0.000  -999.000  -999.000  -999.000  -999.000  -999.000  -999.000  -999.000  -999.000  -999.000  -999.000  -999.000  -999.000  -999.000  -999.000  -999.000  -999.000  -999.000  -999.000     0.783       NaN       NaN     1.205
 121.6770833    12.750     0.000     0.000     0.000     0.000  -999.000  -999.000  -999.000  -999.000  -999.000  -999.000  -999.000  -999.000  -999.000  -999.000  -999.000  -999.000  -999.000  -999.000  -999.000  -999.000  -999.000  -999.000     0.745       NaN       NaN     1.244
 121.6770833    12.250     0.000     0.000     0.000     0.000  -999.000  -999.000  -999.000  -999.000  -999.000  -999.000  -999.000  -999.000  -999.000  -999.000  -999.000  -999.000  -999.000  -999.000  -999.000  -999.000  -999.000  -999.000     0.705       NaN       NaN     1.289
 121.6770833    11.750     0.000     0.000     0.000     0.000  -999.000  -999.000  -999.000  -999.000  -999.000  -999.000  -999.000  -999.000  -999.000  -999.000  -999.000  -999.000  -999.000  -999.000  -999.000  -999.000  -999.000  -999.000     0.662       NaN       NaN     1.344
 121.6770833    11.250     0.000     0.000     0.000     0.000  -999.000  -999.000  -999.000  -999.000  -999.000  -999.000  -999.000  -999.000  -999.000  -999.000  -999.000  -999.000  -999.000  -999.000  -999.000  -999.000  -999.000  -999.000     0.615       NaN       NaN     1.414
 121.6770833    10.750     0.000     0.000     0.000     0.000  -999.000  -999.000  -999.000  -999.000  -999.000  -999.000  -999.000  -999.000  -999.000  -999.000  -999.000  -999.000  -999.000  -999.000  -999.000  -999.000  -999.000  -999.000     0.562       NaN       NaN     1.496
 121.6770833    10.250     0.000     0.000     0.000     0.000  -999.000  -999.000  -999.000  -999.000  -999.000  -999.000  -999.000  -999.000  -999.000  -999.000  -999.000  -999.000  -999.000  -999.000  -999.000  -999.000  -999.000  -999.000     0.501       NaN       NaN     1.619
 121.6770833     9.750     0.935     0.304     0.284     0.020       NaN       NaN       NaN       NaN       NaN       NaN       NaN       NaN  1142.931   340.250     0.002     0.002       NaN       NaN       NaN       NaN   122.316   121.366     0.430       NaN       NaN     1.837
 121.6770833     9.250     0.798     0.413     0.330     0.084       NaN       NaN       NaN       NaN       NaN       NaN       NaN       NaN  1097.101   298.527     0.002     0.002       NaN       NaN       NaN       NaN   116.104   115.571     0.366       NaN       NaN     2.132
 121.6770833     8.750     0.659     0.446     0.294     0.152       NaN       NaN       NaN       NaN       NaN       NaN       NaN       NaN  1049.566   253.232     0.002     0.002       NaN       NaN       NaN       NaN   109.032   108.686     0.312       NaN       NaN     2.502
 121.6770833     8.250     0.540     0.454     0.245     0.209       NaN       NaN       NaN       NaN       NaN       NaN       NaN       NaN  1007.442   212.645     0.002     0.002       NaN       NaN       NaN       NaN   102.073   101.825     0.266       NaN       NaN     2.936
 121.6770833     7.750     0.442     0.448     0.198     0.250       NaN       NaN       NaN       NaN       NaN       NaN       NaN       NaN   971.903   178.398     0.002     0.002       NaN       NaN       NaN       NaN    95.539    95.353     0.226       NaN       NaN     3.446
 121.6770833     7.250     0.363     0.432     0.157     0.275       NaN       NaN       NaN       NaN       NaN       NaN       NaN       NaN   942.616   150.322     0.002     0.002       NaN       NaN       NaN       NaN    89.559    89.416     0.193       NaN       NaN     4.045
 121.6770833     6.750     0.301     0.411     0.124     0.287       NaN       NaN       NaN       NaN       NaN       NaN       NaN       NaN   918.758   127.674     0.002     0.002       NaN       NaN       NaN       NaN    84.177    84.067     0.164       NaN       NaN     4.747
 121.6770833     6.250     0.252     0.385     0.097     0.288       NaN       NaN       NaN       NaN       NaN       NaN       NaN       NaN   899.404   109.581     0.002     0.002       NaN       NaN       NaN       NaN    79.393    79.308     0.140       NaN       NaN     5.571
 121.6770833     5.750     0.214     0.356     0.076     0.280       NaN       NaN       NaN       NaN       NaN       NaN       NaN       NaN   883.685    95.217     0.002     0.002       NaN       NaN       NaN       NaN    75.184    75.119     0.119       NaN       NaN     6.539
 121.6770833     5.250     0.184     0.324     0.060     0.265       NaN       NaN       NaN       NaN       NaN       NaN       NaN       NaN   870.840    83.862     0.002     0.002       NaN       NaN       NaN       NaN    71.517    71.467     0.102       NaN       NaN     7.674
 121.6770833     4.750     0.160     0.291     0.047     0.245       NaN       NaN       NaN       NaN       NaN       NaN       NaN       NaN   860.225    74.916     0.002     0.002       NaN       NaN       NaN       NaN    68.352    68.314     0.087       NaN       NaN     9.006
 121.6770833     4.250     0.142     0.257     0.036     0.221       NaN       NaN       NaN       NaN       NaN       NaN       NaN       NaN   851.297    67.888     0.002     0.002       NaN       NaN       NaN       NaN    65.649    65.622     0.074       NaN       NaN    10.570
 121.6770833     3.750     0.127     0.223     0.028     0.194       NaN       NaN       NaN       NaN       NaN       NaN       NaN       NaN   843.593    62.384     0.002     0.002       NaN       NaN       NaN       NaN    63.371    63.352     0.063       NaN       NaN    12.406
 121.6770833     3.250     0.116     0.189     0.022     0.167       NaN       NaN       NaN       NaN       NaN       NaN       NaN       NaN   836.701    58.089     0.002     0.002       NaN       NaN       NaN       NaN    61.481    61.468     0.054       NaN       NaN    14.560
 121.6770833     2.750     0.108     0.155     0.017     0.138       NaN       NaN       NaN       NaN       NaN       NaN       NaN       NaN   830.232    54.749     0.002     0.002       NaN       NaN       NaN       NaN    59.946    59.938     0.046       NaN       NaN    17.088
 121.6770833     2.250     0.101     0.122     0.012     0.110       NaN       NaN       NaN       NaN       NaN       NaN       NaN       NaN   823.771    52.162     0.002     0.002       NaN       NaN       NaN       NaN    58.735    58.730     0.039       NaN       NaN    20.055
 121.6770833     1.750     0.096     0.091     0.009     0.083       NaN       NaN       NaN       NaN       NaN       NaN       NaN       NaN   816.806    50.156     0.002     0.002       NaN       NaN       NaN       NaN    57.818    57.815     0.033       NaN       NaN    23.537
 121.6770833     1.250     0.093     0.062     0.006     0.057       NaN       NaN       NaN       NaN       NaN       NaN       NaN       NaN   808.569    48.580     0.002     0.002       NaN       NaN       NaN       NaN    57.168    57.167     0.028       NaN       NaN    27.624
 121.6770833     0.750     0.091     0.036     0.003     0.032       NaN       NaN       NaN       NaN       NaN       NaN       NaN       NaN   797.662    47.267     0.002     0.002       NaN       NaN       NaN       NaN    56.757    56.757     0.024       NaN       NaN    32.420
 121.6770833     0.250     0.000     0.000     0.000     0.000  -999.000  -999.000  -999.000  -999.000  -999.000  -999.000  -999.000  -999.000  -999.000  -999.000  -999.000  -999.000  -999.000  -999.000  -999.000  -999.000  -999.000  -999.000     0.021       NaN       NaN    38.049
 121.6979167    22.750     0.000     0.000     0.000     0.000  -999.000  -999.000  -999.000  -999.000  -999.000  -999.000  -999.000  -999.000  -999.000  -999.000  -999.000  -999.000  -999.000  -999.000  -999.000  -999.000  -999.000  -999.000     1.313       NaN       NaN     0.467
 121.6979167    22.250     0.000     0.000     0.000     0.000  -999.000  -999.000  -999.000  -999.000  -999.000  -999.000  -999.000  -999.000  -999.000  -999.000  -999.000  -999.000  -999.000  -999.000  -999.000  -999.000  -999.000  -999.000     1.291       NaN       NaN     0.943
 121.6979167    21.750     0.000     0.000     0.000     0.000  -999.000  -999.000  -999.000  -999.000  -999.000  -999.000  -999.000  -999.000  -999.000  -999.000  -999.000  -999.000  -999.000  -999.000  -999.000  -999.000  -999.000  -999.000     1.269       NaN       NaN     0.956
 121.6979167    21.250     0.000     0.000     0.000     0.000  -999.000  -999.000  -999.000  -999.000  -999.000  -999.000  -999.000  -999.000  -999.000  -999.000  -999.000  -999.000  -999.000  -999.000  -999.000  -999.000  -999.000  -999.000     1.246       NaN       NaN     0.969
 121.6979167    20.750     0.000     0.000     0.000     0.000  -999.000  -999.000  -999.000  -999.000  -999.000  -999.000  -999.000  -999.000  -999.000  -999.000  -999.000  -999.000  -999.000  -999.000  -999.000  -999.000  -999.000  -999.000     1.223       NaN       NaN     0.982
 121.6979167    20.250     0.000     0.000     0.000     0.000  -999.000  -999.000  -999.000  -999.000  -999.000  -999.000  -999.000  -999.000  -999.000  -999.000  -999.000  -999.000  -999.000  -999.000  -999.000  -999.000  -999.000  -999.000     1.200       NaN       NaN     0.996
 121.6979167    19.750     0.000     0.000     0.000     0.000  -999.000  -999.000  -999.000  -999.000  -999.000  -999.000  -999.000  -999.000  -999.000  -999.000  -999.000  -999.000  -999.000  -999.000  -999.000  -999.000  -999.000  -999.000     1.176       NaN       NaN     1.011
 121.6979167    19.250     0.000     0.000     0.000     0.000  -999.000  -999.000  -999.000  -999.000  -999.000  -999.000  -999.000  -999.000  -999.000  -999.000  -999.000  -999.000  -999.000  -999.000  -999.000  -999.000  -999.000  -999.000     1.151       NaN       NaN     1.027
 121.6979167    18.750     0.000     0.000     0.000     0.000  -999.000  -999.000  -999.000  -999.000  -999.000  -999.000  -999.000  -999.000  -999.000  -999.000  -999.000  -999.000  -999.000  -999.000  -999.000  -999.000  -999.000  -999.000     1.126       NaN       NaN     1.043
 121.6979167    18.250     0.000     0.000     0.000     0.000  -999.000  -999.000  -999.000  -999.000  -999.000  -999.000  -999.000  -999.000  -999.000  -999.000  -999.000  -999.000  -999.000  -999.000  -999.000  -999.000  -999.000  -999.000     1.101       NaN       NaN     1.060
 121.6979167    17.750     0.000     0.000     0.000     0.000  -999.000  -999.000  -999.000  -999.000  -999.000  -999.000  -999.000  -999.000  -999.000  -999.000  -999.000  -999.000  -999.000  -999.000  -999.000  -999.000  -999.000  -999.000     1.074       NaN       NaN     1.078
 121.6979167    17.250     0.000     0.000     0.000     0.000  -999.000  -999.000  -999.000  -999.000  -999.000  -999.000  -999.000  -999.000  -999.000  -999.000  -999.000  -999.000  -999.000  -999.000  -999.000  -999.000  -999.000  -999.000     1.048       NaN       NaN     1.097
 121.6979167    16.750     0.000     0.000     0.000     0.000  -999.000  -999.000  -999.000  -999.000  -999.000  -999.000  -999.000  -999.000  -999.000  -999.000  -999.000  -999.000  -999.000  -999.000  -999.000  -999.000  -999.000  -999.000     1.020       NaN       NaN     1.118
 121.6979167    16.250     0.000     0.000     0.000     0.000  -999.000  -999.000  -999.000  -999.000  -999.000  -999.000  -999.000  -999.000  -999.000  -999.000  -999.000  -999.000  -999.000  -999.000  -999.000  -999.000  -999.000  -999.000     0.992       NaN       NaN     1.140
 121.6979167    15.750     0.000     0.000     0.000     0.000  -999.000  -999.000  -999.000  -999.000  -999.000  -999.000  -999.000  -999.000  -999.000  -999.000  -999.000  -999.000  -999.000  -999.000  -999.000  -999.000  -999.000  -999.000     0.962       NaN       NaN     1.163
 121.6979167    15.250     0.000     0.000     0.000     0.000  -999.000  -999.000  -999.000  -999.000  -999.000  -999.000  -999.000  -999.000  -999.000  -999.000  -999.000  -999.000  -999.000  -999.000  -999.000  -999.000  -999.000  -999.000     0.932       NaN       NaN     1.188
 121.6979167    14.750     0.000     0.000     0.000     0.000  -999.000  -999.000  -999.000  -999.000  -999.000  -999.000  -999.000  -999.000  -999.000  -999.000  -999.000  -999.000  -999.000  -999.000  -999.000  -999.000  -999.000  -999.000     0.900       NaN       NaN     1.215
 121.6979167    14.250     0.000     0.000     0.000     0.000  -999.000  -999.000  -999.000  -999.000  -999.000  -999.000  -999.000  -999.000  -999.000  -999.000  -999.000  -999.000  -999.000  -999.000  -999.000  -999.000  -999.000  -999.000     0.868       NaN       NaN     1.245
 121.6979167    13.750     0.000     0.000     0.000     0.000  -999.000  -999.000  -999.000  -999.000  -999.000  -999.000  -999.000  -999.000  -999.000  -999.000  -999.000  -999.000  -999.000  -999.000  -999.000  -999.000  -999.000  -999.000     0.833       NaN       NaN     1.278
 121.6979167    13.250     0.000     0.000     0.000     0.000  -999.000  -999.000  -999.000  -999.000  -999.000  -999.000  -999.000  -999.000  -999.000  -999.000  -999.000  -999.000  -999.000  -999.000  -999.000  -999.000  -999.000  -999.000     0.797       NaN       NaN     1.314
 121.6979167    12.750     0.000     0.000     0.000     0.000  -999.000  -999.000  -999.000  -999.000  -999.000  -999.000  -999.000  -999.000  -999.000  -999.000  -999.000  -999.000  -999.000  -999.000  -999.000  -999.000  -999.000  -999.000     0.759       NaN       NaN     1.356
 121.6979167    12.250     0.000     0.000     0.000     0.000  -999.000  -999.000  -999.000  -999.000  -999.000  -999.000  -999.000  -999.000  -999.000  -999.000  -999.000  -999.000  -999.000  -999.000  -999.000  -999.000  -999.000  -999.000     0.719       NaN       NaN     1.406
 121.6979167    11.750     0.000     0.000     0.000     0.000  -999.000  -999.000  -999.000  -999.000  -999.000  -999.000  -999.000  -999.000  -999.000  -999.000  -999.000  -999.000  -999.000  -999.000  -999.000  -999.000  -999.000  -999.000     0.675       NaN       NaN     1.466
 121.6979167    11.250     0.000     0.000     0.000     0.000  -999.000  -999.000  -999.000  -999.000  -999.000  -999.000  -999.000  -999.000  -999.000  -999.000  -999.000  -999.000  -999.000  -999.000  -999.000  -999.000  -999.000  -999.000     0.626       NaN       NaN     1.541
 121.6979167    10.750     0.000     0.000     0.000     0.000  -999.000  -999.000  -999.000  -999.000  -999.000  -999.000  -999.000  -999.000  -999.000  -999.000  -999.000  -999.000  -999.000  -999.000  -999.000  -999.000  -999.000  -999.000     0.573       NaN       NaN     1.631
 121.6979167    10.250     0.000     0.000     0.000     0.000  -999.000  -999.000  -999.000  -999.000  -999.000  -999.000  -999.000  -999.000  -999.000  -999.000  -999.000  -999.000  -999.000  -999.000  -999.000  -999.000  -999.000  -999.000     0.510       NaN       NaN     1.765
 121.6979167     9.750     0.937     0.304     0.285     0.019       NaN       NaN       NaN       NaN       NaN       NaN       NaN       NaN  1294.548   360.501     0.002     0.002       NaN       NaN       NaN       NaN   122.314   121.365     0.438       NaN       NaN     2.003
 121.6979167     9.250     0.802     0.413     0.331     0.082       NaN       NaN       NaN       NaN       NaN       NaN       NaN       NaN  1246.899   317.180     0.002     0.002       NaN       NaN       NaN       NaN   116.102   115.570     0.373       NaN       NaN     2.324
 121.6979167     8.750     0.665     0.446     0.297     0.149       NaN       NaN       NaN       NaN       NaN       NaN       NaN       NaN  1197.324   270.012     0.002     0.002       NaN       NaN       NaN       NaN   109.029   108.685     0.318       NaN       NaN     2.728
 121.6979167     8.250     0.547     0.454     0.248     0.206       NaN       NaN       NaN       NaN       NaN       NaN       NaN       NaN  1153.224   227.602     0.002     0.002       NaN       NaN       NaN       NaN   102.070   101.824     0.271       NaN       NaN     3.201
 121.6979167     7.750     0.450     0.448     0.201     0.246       NaN       NaN       NaN       NaN       NaN       NaN       NaN       NaN  1115.870   191.694     0.002     0.002       NaN       NaN       NaN       NaN    95.537    95.352     0.231       NaN       NaN     3.757
 121.6979167     7.250     0.371     0.432     0.160     0.272       NaN       NaN       NaN       NaN       NaN       NaN       NaN       NaN  1084.964   162.161     0.002     0.002       NaN       NaN       NaN       NaN    89.557    89.416     0.197       NaN       NaN     4.410
 121.6979167     6.750     0.309     0.411     0.127     0.284       NaN       NaN       NaN       NaN       NaN       NaN       NaN       NaN  1059.686   138.268     0.002     0.002       NaN       NaN       NaN       NaN    84.175    84.066     0.167       NaN       NaN     5.175
 121.6979167     6.250     0.260     0.385     0.100     0.285       NaN       NaN       NaN       NaN       NaN       NaN       NaN       NaN  1039.098   119.133     0.002     0.002       NaN       NaN       NaN       NaN    79.392    79.307     0.143       NaN       NaN     6.074
 121.6979167     5.750     0.221     0.356     0.079     0.277       NaN       NaN       NaN       NaN       NaN       NaN       NaN       NaN  1022.308   103.911     0.002     0.002       NaN       NaN       NaN       NaN    75.183    75.118     0.122       NaN       NaN     7.129
 121.6979167     5.250     0.191     0.324     0.062     0.262       NaN       NaN       NaN       NaN       NaN       NaN       NaN       NaN  1008.528    91.859     0.002     0.002       NaN       NaN       NaN       NaN    71.516    71.467     0.104       NaN       NaN     8.366
 121.6979167     4.750     0.167     0.291     0.049     0.243       NaN       NaN       NaN       NaN       NaN       NaN       NaN       NaN   997.084    82.353     0.002     0.002       NaN       NaN       NaN       NaN    68.351    68.314     0.088       NaN       NaN     9.819
 121.6979167     4.250     0.148     0.257     0.038     0.219       NaN       NaN       NaN       NaN       NaN       NaN       NaN       NaN   987.404    74.882     0.002     0.002       NaN       NaN       NaN       NaN    65.649    65.622     0.075       NaN       NaN    11.524
 121.6979167     3.750     0.133     0.223     0.030     0.193       NaN       NaN       NaN       NaN       NaN       NaN       NaN       NaN   978.990    69.029     0.002     0.002       NaN       NaN       NaN       NaN    63.371    63.351     0.064       NaN       NaN    13.525
 121.6979167     3.250     0.122     0.189     0.023     0.166       NaN       NaN       NaN       NaN       NaN       NaN       NaN       NaN   971.400    64.462     0.002     0.002       NaN       NaN       NaN       NaN    61.481    61.468     0.055       NaN       NaN    15.873
 121.6979167     2.750     0.113     0.155     0.018     0.138       NaN       NaN       NaN       NaN       NaN       NaN       NaN       NaN   964.204    60.910     0.002     0.002       NaN       NaN       NaN       NaN    59.946    59.937     0.047       NaN       NaN    18.629
 121.6979167     2.250     0.106     0.122     0.013     0.109       NaN       NaN       NaN       NaN       NaN       NaN       NaN       NaN   956.938    58.155     0.002     0.002       NaN       NaN       NaN       NaN    58.735    58.730     0.040       NaN       NaN    21.864
 121.6979167     1.750     0.102     0.091     0.009     0.082       NaN       NaN       NaN       NaN       NaN       NaN       NaN       NaN   949.021    56.014     0.002     0.002       NaN       NaN       NaN       NaN    57.818    57.815     0.034       NaN       NaN    25.660
 121.6979167     1.250     0.098     0.062     0.006     0.056       NaN       NaN       NaN       NaN       NaN       NaN       NaN       NaN   939.571    54.322     0.002     0.002       NaN       NaN       NaN       NaN    57.168    57.167     0.029       NaN       NaN    30.116
 121.6979167     0.750     0.096     0.036     0.003     0.032       NaN       NaN       NaN       NaN       NaN       NaN       NaN       NaN   926.971    52.897     0.002     0.002       NaN       NaN       NaN       NaN    56.757    56.757     0.025       NaN       NaN    35.345
 121.6979167     0.250     0.000     0.000     0.000     0.000  -999.000  -999.000  -999.000  -999.000  -999.000  -999.000  -999.000  -999.000  -999.000  -999.000  -999.000  -999.000  -999.000  -999.000  -999.000  -999.000  -999.000  -999.000     0.021       NaN       NaN    41.482
 121.7187500    22.750     0.000     0.000     0.000     0.000  -999.000  -999.000  -999.000  -999.000  -999.000  -999.000  -999.000  -999.000  -999.000  -999.000  -999.000  -999.000  -999.000  -999.000  -999.000  -999.000  -999.000  -999.000     1.459       NaN       NaN     0.403
 121.7187500    22.250     0.000     0.000     0.000     0.000  -999.000  -999.000  -999.000  -999.000  -999.000  -999.000  -999.000  -999.000  -999.000  -999.000  -999.000  -999.000  -999.000  -999.000  -999.000  -999.000  -999.000  -999.000     1.435       NaN       NaN     0.813
 121.7187500    21.750     0.000     0.000     0.000     0.000  -999.000  -999.000  -999.000  -999.000  -999.000  -999.000  -999.000  -999.000  -999.000  -999.000  -999.000  -999.000  -999.000  -999.000  -999.000  -999.000  -999.000  -999.000     1.410       NaN       NaN     0.824
 121.7187500    21.250     0.000     0.000     0.000     0.000  -999.000  -999.000  -999.000  -999.000  -999.000  -999.000  -999.000  -999.000  -999.000  -999.000  -999.000  -999.000  -999.000  -999.000  -999.000  -999.000  -999.000  -999.000     1.385       NaN       NaN     0.835
 121.7187500    20.750     0.000     0.000     0.000     0.000  -999.000  -999.000  -999.000  -999.000  -999.000  -999.000  -999.000  -999.000  -999.000  -999.000  -999.000  -999.000  -999.000  -999.000  -999.000  -999.000  -999.000  -999.000     1.359       NaN       NaN     0.847
 121.7187500    20.250     0.000     0.000     0.000     0.000  -999.000  -999.000  -999.000  -999.000  -999.000  -999.000  -999.000  -999.000  -999.000  -999.000  -999.000  -999.000  -999.000  -999.000  -999.000  -999.000  -999.000  -999.000     1.333       NaN       NaN     0.859
 121.7187500    19.750     0.000     0.000     0.000     0.000  -999.000  -999.000  -999.000  -999.000  -999.000  -999.000  -999.000  -999.000  -999.000  -999.000  -999.000  -999.000  -999.000  -999.000  -999.000  -999.000  -999.000  -999.000     1.306       NaN       NaN     0.872
 121.7187500    19.250     0.000     0.000     0.000     0.000  -999.000  -999.000  -999.000  -999.000  -999.000  -999.000  -999.000  -999.000  -999.000  -999.000  -999.000  -999.000  -999.000  -999.000  -999.000  -999.000  -999.000  -999.000     1.279       NaN       NaN     0.885
 121.7187500    18.750     0.000     0.000     0.000     0.000  -999.000  -999.000  -999.000  -999.000  -999.000  -999.000  -999.000  -999.000  -999.000  -999.000  -999.000  -999.000  -999.000  -999.000  -999.000  -999.000  -999.000  -999.000     1.251       NaN       NaN     0.899
 121.7187500    18.250     0.000     0.000     0.000     0.000  -999.000  -999.000  -999.000  -999.000  -999.000  -999.000  -999.000  -999.000  -999.000  -999.000  -999.000  -999.000  -999.000  -999.000  -999.000  -999.000  -999.000  -999.000     1.223       NaN       NaN     0.914
 121.7187500    17.750     0.000     0.000     0.000     0.000  -999.000  -999.000  -999.000  -999.000  -999.000  -999.000  -999.000  -999.000  -999.000  -999.000  -999.000  -999.000  -999.000  -999.000  -999.000  -999.000  -999.000  -999.000     1.194       NaN       NaN     0.929
 121.7187500    17.250     0.000     0.000     0.000     0.000  -999.000  -999.000  -999.000  -999.000  -999.000  -999.000  -999.000  -999.000  -999.000  -999.000  -999.000  -999.000  -999.000  -999.000  -999.000  -999.000  -999.000  -999.000     1.164       NaN       NaN     0.946
 121.7187500    16.750     0.000     0.000     0.000     0.000  -999.000  -999.000  -999.000  -999.000  -999.000  -999.000  -999.000  -999.000  -999.000  -999.000  -999.000  -999.000  -999.000  -999.000  -999.000  -999.000  -999.000  -999.000     1.133       NaN       NaN     0.964
 121.7187500    16.250     0.000     0.000     0.000     0.000  -999.000  -999.000  -999.000  -999.000  -999.000  -999.000  -999.000  -999.000  -999.000  -999.000  -999.000  -999.000  -999.000  -999.000  -999.000  -999.000  -999.000  -999.000     1.101       NaN       NaN     0.983
 121.7187500    15.750     0.000     0.000     0.000     0.000  -999.000  -999.000  -999.000  -999.000  -999.000  -999.000  -999.000  -999.000  -999.000  -999.000  -999.000  -999.000  -999.000  -999.000  -999.000  -999.000  -999.000  -999.000     1.069       NaN       NaN     1.002
 121.7187500    15.250     0.000     0.000     0.000     0.000  -999.000  -999.000  -999.000  -999.000  -999.000  -999.000  -999.000  -999.000  -999.000  -999.000  -999.000  -999.000  -999.000  -999.000  -999.000  -999.000  -999.000  -999.000     1.035       NaN       NaN     1.024
 121.7187500    14.750     0.000     0.000     0.000     0.000  -999.000  -999.000  -999.000  -999.000  -999.000  -999.000  -999.000  -999.000  -999.000  -999.000  -999.000  -999.000  -999.000  -999.000  -999.000  -999.000  -999.000  -999.000     1.000       NaN       NaN     1.047
 121.7187500    14.250     0.000     0.000     0.000     0.000  -999.000  -999.000  -999.000  -999.000  -999.000  -999.000  -999.000  -999.000  -999.000  -999.000  -999.000  -999.000  -999.000  -999.000  -999.000  -999.000  -999.000  -999.000     0.964       NaN       NaN     1.073
 121.7187500    13.750     0.000     0.000     0.000     0.000  -999.000  -999.000  -999.000  -999.000  -999.000  -999.000  -999.000  -999.000  -999.000  -999.000  -999.000  -999.000  -999.000  -999.000  -999.000  -999.000  -999.000  -999.000     0.926       NaN       NaN     1.102
 121.7187500    13.250     0.000     0.000     0.000     0.000  -999.000  -999.000  -999.000  -999.000  -999.000  -999.000  -999.000  -999.000  -999.000  -999.000  -999.000  -999.000  -999.000  -999.000  -999.000  -999.000  -999.000  -999.000     0.886       NaN       NaN     1.133
 121.7187500    12.750     0.000     0.000     0.000     0.000  -999.000  -999.000  -999.000  -999.000  -999.000  -999.000  -999.000  -999.000  -999.000  -999.000  -999.000  -999.000  -999.000  -999.000  -999.000  -999.000  -999.000  -999.000     0.843       NaN       NaN     1.169
 121.7187500    12.250     0.000     0.000     0.000     0.000  -999.000  -999.000  -999.000  -999.000  -999.000  -999.000  -999.000  -999.000  -999.000  -999.000  -999.000  -999.000  -999.000  -999.000  -999.000  -999.000  -999.000  -999.000     0.798       NaN       NaN     1.211
 121.7187500    11.750     0.000     0.000     0.000     0.000  -999.000  -999.000  -999.000  -999.000  -999.000  -999.000  -999.000  -999.000  -999.000  -999.000  -999.000  -999.000  -999.000  -999.000  -999.000  -999.000  -999.000  -999.000     0.749       NaN       NaN     1.263
 121.7187500    11.250     0.000     0.000     0.000     0.000  -999.000  -999.000  -999.000  -999.000  -999.000  -999.000  -999.000  -999.000  -999.000  -999.000  -999.000  -999.000  -999.000  -999.000  -999.000  -999.000  -999.000  -999.000     0.696       NaN       NaN     1.329
 121.7187500    10.750     0.000     0.000     0.000     0.000  -999.000  -999.000  -999.000  -999.000  -999.000  -999.000  -999.000  -999.000  -999.000  -999.000  -999.000  -999.000  -999.000  -999.000  -999.000  -999.000  -999.000  -999.000     0.636       NaN       NaN     1.406
 121.7187500    10.250     0.000     0.000     0.000     0.000  -999.000  -999.000  -999.000  -999.000  -999.000  -999.000  -999.000  -999.000  -999.000  -999.000  -999.000  -999.000  -999.000  -999.000  -999.000  -999.000  -999.000  -999.000     0.567       NaN       NaN     1.521
 121.7187500     9.750     0.938     0.304     0.285     0.019       NaN       NaN       NaN       NaN       NaN       NaN       NaN       NaN  1457.863   374.830     0.002     0.002       NaN       NaN       NaN       NaN   122.313   121.365     0.486       NaN       NaN     1.726
 121.7187500     9.250     0.805     0.413     0.333     0.081       NaN       NaN       NaN       NaN       NaN       NaN       NaN       NaN  1409.487   330.922     0.002     0.002       NaN       NaN       NaN       NaN   116.101   115.570     0.414       NaN       NaN     2.003
 121.7187500     8.750     0.669     0.446     0.299     0.147       NaN       NaN       NaN       NaN       NaN       NaN       NaN       NaN  1358.936   282.921     0.002     0.002       NaN       NaN       NaN       NaN   109.027   108.684     0.353       NaN       NaN     2.351
 121.7187500     8.250     0.552     0.454     0.251     0.203       NaN       NaN       NaN       NaN       NaN       NaN       NaN       NaN  1313.737   239.564     0.002     0.002       NaN       NaN       NaN       NaN   102.069   101.823     0.301       NaN       NaN     2.759
 121.7187500     7.750     0.455     0.448     0.204     0.244       NaN       NaN       NaN       NaN       NaN       NaN       NaN       NaN  1275.251   202.687     0.002     0.002       NaN       NaN       NaN       NaN    95.535    95.351     0.256       NaN       NaN     3.238
 121.7187500     7.250     0.377     0.432     0.163     0.269       NaN       NaN       NaN       NaN       NaN       NaN       NaN       NaN  1243.243   172.229     0.002     0.002       NaN       NaN       NaN       NaN    89.556    89.415     0.218       NaN       NaN     3.801
 121.7187500     6.750     0.315     0.411     0.129     0.282       NaN       NaN       NaN       NaN       NaN       NaN       NaN       NaN  1216.931   147.496     0.002     0.002       NaN       NaN       NaN       NaN    84.174    84.066     0.186       NaN       NaN     4.461
 121.7187500     6.250     0.265     0.385     0.102     0.283       NaN       NaN       NaN       NaN       NaN       NaN       NaN       NaN  1195.392   127.625     0.002     0.002       NaN       NaN       NaN       NaN    79.391    79.307     0.158       NaN       NaN     5.235
 121.7187500     5.750     0.226     0.356     0.080     0.275       NaN       NaN       NaN       NaN       NaN       NaN       NaN       NaN  1177.736   111.776     0.002     0.002       NaN       NaN       NaN       NaN    75.183    75.118     0.135       NaN       NaN     6.144
 121.7187500     5.250     0.196     0.324     0.063     0.261       NaN       NaN       NaN       NaN       NaN       NaN       NaN       NaN  1163.166    99.203     0.002     0.002       NaN       NaN       NaN       NaN    71.515    71.466     0.115       NaN       NaN     7.211
 121.7187500     4.750     0.171     0.291     0.050     0.241       NaN       NaN       NaN       NaN       NaN       NaN       NaN       NaN  1150.993    89.272     0.002     0.002       NaN       NaN       NaN       NaN    68.350    68.314     0.098       NaN       NaN     8.463
 121.7187500     4.250     0.152     0.257     0.039     0.218       NaN       NaN       NaN       NaN       NaN       NaN       NaN       NaN  1140.621    81.460     0.002     0.002       NaN       NaN       NaN       NaN    65.648    65.621     0.084       NaN       NaN     9.933
 121.7187500     3.750     0.137     0.223     0.031     0.192       NaN       NaN       NaN       NaN       NaN       NaN       NaN       NaN  1131.530    75.339     0.002     0.002       NaN       NaN       NaN       NaN    63.371    63.351     0.071       NaN       NaN    11.657
 121.7187500     3.250     0.126     0.189     0.024     0.165       NaN       NaN       NaN       NaN       NaN       NaN       NaN       NaN  1123.245    70.560     0.002     0.002       NaN       NaN       NaN       NaN    61.481    61.468     0.061       NaN       NaN    13.682
 121.7187500     2.750     0.117     0.155     0.018     0.137       NaN       NaN       NaN       NaN       NaN       NaN       NaN       NaN  1115.299    66.842     0.002     0.002       NaN       NaN       NaN       NaN    59.946    59.937     0.052       NaN       NaN    16.057
 121.7187500     2.250     0.110     0.122     0.013     0.109       NaN       NaN       NaN       NaN       NaN       NaN       NaN       NaN  1107.177    63.955     0.002     0.002       NaN       NaN       NaN       NaN    58.735    58.729     0.044       NaN       NaN    18.845
 121.7187500     1.750     0.105     0.091     0.010     0.082       NaN       NaN       NaN       NaN       NaN       NaN       NaN       NaN  1098.223    61.706     0.002     0.002       NaN       NaN       NaN       NaN    57.818    57.815     0.038       NaN       NaN    22.117
 121.7187500     1.250     0.102     0.062     0.006     0.056       NaN       NaN       NaN       NaN       NaN       NaN       NaN       NaN  1087.429    59.916     0.002     0.002       NaN       NaN       NaN       NaN    57.168    57.167     0.032       NaN       NaN    25.958
 121.7187500     0.750     0.100     0.036     0.004     0.032       NaN       NaN       NaN       NaN       NaN       NaN       NaN       NaN  1072.934    58.392     0.002     0.002       NaN       NaN       NaN       NaN    56.757    56.757     0.027       NaN       NaN    30.465
 121.7187500     0.250     0.000     0.000     0.000     0.000  -999.000  -999.000  -999.000  -999.000  -999.000  -999.000  -999.000  -999.000  -999.000  -999.000  -999.000  -999.000  -999.000  -999.000  -999.000  -999.000  -999.000  -999.000     0.023       NaN       NaN    35.755
 121.7395833    22.750     0.000     0.000     0.000     0.000  -999.000  -999.000  -999.000  -999.000  -999.000  -999.000  -999.000  -999.000  -999.000  -999.000  -999.000  -999.000  -999.000  -999.000  -999.000  -999.000  -999.000  -999.000     1.354       NaN       NaN     0.415
 121.7395833    22.250     0.000     0.000     0.000     0.000  -999.000  -999.000  -999.000  -999.000  -999.000  -999.000  -999.000  -999.000  -999.000  -999.000  -999.000  -999.000  -999.000  -999.000  -999.000  -999.000  -999.000  -999.000     1.331       NaN       NaN     0.837
 121.7395833    21.750     0.000     0.000     0.000     0.000  -999.000  -999.000  -999.000  -999.000  -999.000  -999.000  -999.000  -999.000  -999.000  -999.000  -999.000  -999.000  -999.000  -999.000  -999.000  -999.000  -999.000  -999.000     1.308       NaN       NaN     0.848
 121.7395833    21.250     0.000     0.000     0.000     0.000  -999.000  -999.000  -999.000  -999.000  -999.000  -999.000  -999.000  -999.000  -999.000  -999.000  -999.000  -999.000  -999.000  -999.000  -999.000  -999.000  -999.000  -999.000     1.285       NaN       NaN     0.860
 121.7395833    20.750     0.000     0.000     0.000     0.000  -999.000  -999.000  -999.000  -999.000  -999.000  -999.000  -999.000  -999.000  -999.000  -999.000  -999.000  -999.000  -999.000  -999.000  -999.000  -999.000  -999.000  -999.000     1.261       NaN       NaN     0.872
 121.7395833    20.250     0.000     0.000     0.000     0.000  -999.000  -999.000  -999.000  -999.000  -999.000  -999.000  -999.000  -999.000  -999.000  -999.000  -999.000  -999.000  -999.000  -999.000  -999.000  -999.000  -999.000  -999.000     1.237       NaN       NaN     0.885
 121.7395833    19.750     0.000     0.000     0.000     0.000  -999.000  -999.000  -999.000  -999.000  -999.000  -999.000  -999.000  -999.000  -999.000  -999.000  -999.000  -999.000  -999.000  -999.000  -999.000  -999.000  -999.000  -999.000     1.212       NaN       NaN     0.898
 121.7395833    19.250     0.000     0.000     0.000     0.000  -999.000  -999.000  -999.000  -999.000  -999.000  -999.000  -999.000  -999.000  -999.000  -999.000  -999.000  -999.000  -999.000  -999.000  -999.000  -999.000  -999.000  -999.000     1.187       NaN       NaN     0.912
 121.7395833    18.750     0.000     0.000     0.000     0.000  -999.000  -999.000  -999.000  -999.000  -999.000  -999.000  -999.000  -999.000  -999.000  -999.000  -999.000  -999.000  -999.000  -999.000  -999.000  -999.000  -999.000  -999.000     1.161       NaN       NaN     0.926
 121.7395833    18.250     0.000     0.000     0.000     0.000  -999.000  -999.000  -999.000  -999.000  -999.000  -999.000  -999.000  -999.000  -999.000  -999.000  -999.000  -999.000  -999.000  -999.000  -999.000  -999.000  -999.000  -999.000     1.134       NaN       NaN     0.942
 121.7395833    17.750     0.000     0.000     0.000     0.000  -999.000  -999.000  -999.000  -999.000  -999.000  -999.000  -999.000  -999.000  -999.000  -999.000  -999.000  -999.000  -999.000  -999.000  -999.000  -999.000  -999.000  -999.000     1.107       NaN       NaN     0.958
 121.7395833    17.250     0.000     0.000     0.000     0.000  -999.000  -999.000  -999.000  -999.000  -999.000  -999.000  -999.000  -999.000  -999.000  -999.000  -999.000  -999.000  -999.000  -999.000  -999.000  -999.000  -999.000  -999.000     1.080       NaN       NaN     0.974
 121.7395833    16.750     0.000     0.000     0.000     0.000  -999.000  -999.000  -999.000  -999.000  -999.000  -999.000  -999.000  -999.000  -999.000  -999.000  -999.000  -999.000  -999.000  -999.000  -999.000  -999.000  -999.000  -999.000     1.051       NaN       NaN     0.993
 121.7395833    16.250     0.000     0.000     0.000     0.000  -999.000  -999.000  -999.000  -999.000  -999.000  -999.000  -999.000  -999.000  -999.000  -999.000  -999.000  -999.000  -999.000  -999.000  -999.000  -999.000  -999.000  -999.000     1.022       NaN       NaN     1.012
 121.7395833    15.750     0.000     0.000     0.000     0.000  -999.000  -999.000  -999.000  -999.000  -999.000  -999.000  -999.000  -999.000  -999.000  -999.000  -999.000  -999.000  -999.000  -999.000  -999.000  -999.000  -999.000  -999.000     0.992       NaN       NaN     1.033
 121.7395833    15.250     0.000     0.000     0.000     0.000  -999.000  -999.000  -999.000  -999.000  -999.000  -999.000  -999.000  -999.000  -999.000  -999.000  -999.000  -999.000  -999.000  -999.000  -999.000  -999.000  -999.000  -999.000     0.960       NaN       NaN     1.054
 121.7395833    14.750     0.000     0.000     0.000     0.000  -999.000  -999.000  -999.000  -999.000  -999.000  -999.000  -999.000  -999.000  -999.000  -999.000  -999.000  -999.000  -999.000  -999.000  -999.000  -999.000  -999.000  -999.000     0.928       NaN       NaN     1.079
 121.7395833    14.250     0.000     0.000     0.000     0.000  -999.000  -999.000  -999.000  -999.000  -999.000  -999.000  -999.000  -999.000  -999.000  -999.000  -999.000  -999.000  -999.000  -999.000  -999.000  -999.000  -999.000  -999.000     0.894       NaN       NaN     1.105
 121.7395833    13.750     0.000     0.000     0.000     0.000  -999.000  -999.000  -999.000  -999.000  -999.000  -999.000  -999.000  -999.000  -999.000  -999.000  -999.000  -999.000  -999.000  -999.000  -999.000  -999.000  -999.000  -999.000     0.859       NaN       NaN     1.135
 121.7395833    13.250     0.000     0.000     0.000     0.000  -999.000  -999.000  -999.000  -999.000  -999.000  -999.000  -999.000  -999.000  -999.000  -999.000  -999.000  -999.000  -999.000  -999.000  -999.000  -999.000  -999.000  -999.000     0.822       NaN       NaN     1.167
 121.7395833    12.750     0.000     0.000     0.000     0.000  -999.000  -999.000  -999.000  -999.000  -999.000  -999.000  -999.000  -999.000  -999.000  -999.000  -999.000  -999.000  -999.000  -999.000  -999.000  -999.000  -999.000  -999.000     0.783       NaN       NaN     1.204
 121.7395833    12.250     0.000     0.000     0.000     0.000  -999.000  -999.000  -999.000  -999.000  -999.000  -999.000  -999.000  -999.000  -999.000  -999.000  -999.000  -999.000  -999.000  -999.000  -999.000  -999.000  -999.000  -999.000     0.741       NaN       NaN     1.248
 121.7395833    11.750     0.000     0.000     0.000     0.000  -999.000  -999.000  -999.000  -999.000  -999.000  -999.000  -999.000  -999.000  -999.000  -999.000  -999.000  -999.000  -999.000  -999.000  -999.000  -999.000  -999.000  -999.000     0.695       NaN       NaN     1.301
 121.7395833    11.250     0.000     0.000     0.000     0.000  -999.000  -999.000  -999.000  -999.000  -999.000  -999.000  -999.000  -999.000  -999.000  -999.000  -999.000  -999.000  -999.000  -999.000  -999.000  -999.000  -999.000  -999.000     0.646       NaN       NaN     1.369
 121.7395833    10.750     0.000     0.000     0.000     0.000  -999.000  -999.000  -999.000  -999.000  -999.000  -999.000  -999.000  -999.000  -999.000  -999.000  -999.000  -999.000  -999.000  -999.000  -999.000  -999.000  -999.000  -999.000     0.590       NaN       NaN     1.449
 121.7395833    10.250     0.000     0.000     0.000     0.000  -999.000  -999.000  -999.000  -999.000  -999.000  -999.000  -999.000  -999.000  -999.000  -999.000  -999.000  -999.000  -999.000  -999.000  -999.000  -999.000  -999.000  -999.000     0.526       NaN       NaN     1.567
 121.7395833     9.750     0.938     0.304     0.285     0.019       NaN       NaN       NaN       NaN       NaN       NaN       NaN       NaN  1560.841   380.589     0.002     0.002       NaN       NaN       NaN       NaN   122.313   121.365     0.451       NaN       NaN     1.778
 121.7395833     9.250     0.806     0.413     0.333     0.080       NaN       NaN       NaN       NaN       NaN       NaN       NaN       NaN  1512.579   336.839     0.002     0.002       NaN       NaN       NaN       NaN   116.099   115.569     0.384       NaN       NaN     2.064
 121.7395833     8.750     0.672     0.446     0.300     0.146       NaN       NaN       NaN       NaN       NaN       NaN       NaN       NaN  1461.986   288.870     0.002     0.002       NaN       NaN       NaN       NaN   109.026   108.684     0.327       NaN       NaN     2.422
 121.7395833     8.250     0.556     0.454     0.252     0.202       NaN       NaN       NaN       NaN       NaN       NaN       NaN       NaN  1416.581   245.395     0.002     0.002       NaN       NaN       NaN       NaN   102.067   101.823     0.279       NaN       NaN     2.843
 121.7395833     7.750     0.459     0.448     0.206     0.242       NaN       NaN       NaN       NaN       NaN       NaN       NaN       NaN  1377.772   208.296     0.002     0.002       NaN       NaN       NaN       NaN    95.534    95.351     0.238       NaN       NaN     3.336
 121.7395833     7.250     0.381     0.432     0.165     0.268       NaN       NaN       NaN       NaN       NaN       NaN       NaN       NaN  1345.376   177.562     0.002     0.002       NaN       NaN       NaN       NaN    89.555    89.415     0.203       NaN       NaN     3.916
 121.7395833     6.750     0.319     0.411     0.131     0.280       NaN       NaN       NaN       NaN       NaN       NaN       NaN       NaN  1318.648   152.537     0.002     0.002       NaN       NaN       NaN       NaN    84.173    84.066     0.173       NaN       NaN     4.595
 121.7395833     6.250     0.269     0.385     0.104     0.281       NaN       NaN       NaN       NaN       NaN       NaN       NaN       NaN  1296.690   132.386     0.002     0.002       NaN       NaN       NaN       NaN    79.390    79.307     0.147       NaN       NaN     5.393
 121.7395833     5.750     0.230     0.356     0.082     0.274       NaN       NaN       NaN       NaN       NaN       NaN       NaN       NaN  1278.625   116.284     0.002     0.002       NaN       NaN       NaN       NaN    75.182    75.118     0.125       NaN       NaN     6.330
 121.7395833     5.250     0.199     0.324     0.065     0.260       NaN       NaN       NaN       NaN       NaN       NaN       NaN       NaN  1263.662   103.492     0.002     0.002       NaN       NaN       NaN       NaN    71.515    71.466     0.107       NaN       NaN     7.429
 121.7395833     4.750     0.175     0.291     0.051     0.240       NaN       NaN       NaN       NaN       NaN       NaN       NaN       NaN  1251.108    93.379     0.002     0.002       NaN       NaN       NaN       NaN    68.350    68.314     0.091       NaN       NaN     8.719
 121.7395833     4.250     0.156     0.257     0.040     0.217       NaN       NaN       NaN       NaN       NaN       NaN       NaN       NaN  1240.359    85.419     0.002     0.002       NaN       NaN       NaN       NaN    65.648    65.621     0.078       NaN       NaN    10.233
 121.7395833     3.750     0.141     0.223     0.031     0.192       NaN       NaN       NaN       NaN       NaN       NaN       NaN       NaN  1230.884    79.180     0.002     0.002       NaN       NaN       NaN       NaN    63.370    63.351     0.066       NaN       NaN    12.009
 121.7395833     3.250     0.129     0.189     0.024     0.164       NaN       NaN       NaN       NaN       NaN       NaN       NaN       NaN  1222.191    74.309     0.002     0.002       NaN       NaN       NaN       NaN    61.481    61.468     0.056       NaN       NaN    14.094
 121.7395833     2.750     0.120     0.155     0.019     0.136       NaN       NaN       NaN       NaN       NaN       NaN       NaN       NaN  1213.791    70.518     0.002     0.002       NaN       NaN       NaN       NaN    59.946    59.937     0.048       NaN       NaN    16.542
 121.7395833     2.250     0.113     0.122     0.014     0.109       NaN       NaN       NaN       NaN       NaN       NaN       NaN       NaN  1205.137    67.572     0.002     0.002       NaN       NaN       NaN       NaN    58.735    58.729     0.041       NaN       NaN    19.414
 121.7395833     1.750     0.108     0.091     0.010     0.082       NaN       NaN       NaN       NaN       NaN       NaN       NaN       NaN  1195.526    65.272     0.002     0.002       NaN       NaN       NaN       NaN    57.818    57.815     0.035       NaN       NaN    22.785
 121.7395833     1.250     0.104     0.062     0.007     0.056       NaN       NaN       NaN       NaN       NaN       NaN       NaN       NaN  1183.870    63.433     0.002     0.002       NaN       NaN       NaN       NaN    57.168    57.167     0.030       NaN       NaN    26.741
 121.7395833     0.750     0.102     0.036     0.004     0.032       NaN       NaN       NaN       NaN       NaN       NaN       NaN       NaN  1168.147    61.854     0.002     0.002       NaN       NaN       NaN       NaN    56.757    56.757     0.025       NaN       NaN    31.384
 121.7395833     0.250     0.000     0.000     0.000     0.000  -999.000  -999.000  -999.000  -999.000  -999.000  -999.000  -999.000  -999.000  -999.000  -999.000  -999.000  -999.000  -999.000  -999.000  -999.000  -999.000  -999.000  -999.000     0.022       NaN       NaN    36.834
 121.7604167    22.750     0.000     0.000     0.000     0.000  -999.000  -999.000  -999.000  -999.000  -999.000  -999.000  -999.000  -999.000  -999.000  -999.000  -999.000  -999.000  -999.000  -999.000  -999.000  -999.000  -999.000  -999.000     1.213       NaN       NaN     0.457
 121.7604167    22.250     0.000     0.000     0.000     0.000  -999.000  -999.000  -999.000  -999.000  -999.000  -999.000  -999.000  -999.000  -999.000  -999.000  -999.000  -999.000  -999.000  -999.000  -999.000  -999.000  -999.000  -999.000     1.193       NaN       NaN     0.922
 121.7604167    21.750     0.000     0.000     0.000     0.000  -999.000  -999.000  -999.000  -999.000  -999.000  -999.000  -999.000  -999.000  -999.000  -999.000  -999.000  -999.000  -999.000  -999.000  -999.000  -999.000  -999.000  -999.000     1.172       NaN       NaN     0.935
 121.7604167    21.250     0.000     0.000     0.000     0.000  -999.000  -999.000  -999.000  -999.000  -999.000  -999.000  -999.000  -999.000  -999.000  -999.000  -999.000  -999.000  -999.000  -999.000  -999.000  -999.000  -999.000  -999.000     1.151       NaN       NaN     0.948
 121.7604167    20.750     0.000     0.000     0.000     0.000  -999.000  -999.000  -999.000  -999.000  -999.000  -999.000  -999.000  -999.000  -999.000  -999.000  -999.000  -999.000  -999.000  -999.000  -999.000  -999.000  -999.000  -999.000     1.130       NaN       NaN     0.961
 121.7604167    20.250     0.000     0.000     0.000     0.000  -999.000  -999.000  -999.000  -999.000  -999.000  -999.000  -999.000  -999.000  -999.000  -999.000  -999.000  -999.000  -999.000  -999.000  -999.000  -999.000  -999.000  -999.000     1.108       NaN       NaN     0.975
 121.7604167    19.750     0.000     0.000     0.000     0.000  -999.000  -999.000  -999.000  -999.000  -999.000  -999.000  -999.000  -999.000  -999.000  -999.000  -999.000  -999.000  -999.000  -999.000  -999.000  -999.000  -999.000  -999.000     1.086       NaN       NaN     0.989
 121.7604167    19.250     0.000     0.000     0.000     0.000  -999.000  -999.000  -999.000  -999.000  -999.000  -999.000  -999.000  -999.000  -999.000  -999.000  -999.000  -999.000  -999.000  -999.000  -999.000  -999.000  -999.000  -999.000     1.064       NaN       NaN     1.004
 121.7604167    18.750     0.000     0.000     0.000     0.000  -999.000  -999.000  -999.000  -999.000  -999.000  -999.000  -999.000  -999.000  -999.000  -999.000  -999.000  -999.000  -999.000  -999.000  -999.000  -999.000  -999.000  -999.000     1.040       NaN       NaN     1.020
 121.7604167    18.250     0.000     0.000     0.000     0.000  -999.000  -999.000  -999.000  -999.000  -999.000  -999.000  -999.000  -999.000  -999.000  -999.000  -999.000  -999.000  -999.000  -999.000  -999.000  -999.000  -999.000  -999.000     1.017       NaN       NaN     1.037
 121.7604167    17.750     0.000     0.000     0.000     0.000  -999.000  -999.000  -999.000  -999.000  -999.000  -999.000  -999.000  -999.000  -999.000  -999.000  -999.000  -999.000  -999.000  -999.000  -999.000  -999.000  -999.000  -999.000     0.993       NaN       NaN     1.055
 121.7604167    17.250     0.000     0.000     0.000     0.000  -999.000  -999.000  -999.000  -999.000  -999.000  -999.000  -999.000  -999.000  -999.000  -999.000  -999.000  -999.000  -999.000  -999.000  -999.000  -999.000  -999.000  -999.000     0.968       NaN       NaN     1.074
 121.7604167    16.750     0.000     0.000     0.000     0.000  -999.000  -999.000  -999.000  -999.000  -999.000  -999.000  -999.000  -999.000  -999.000  -999.000  -999.000  -999.000  -999.000  -999.000  -999.000  -999.000  -999.000  -999.000     0.942       NaN       NaN     1.094
 121.7604167    16.250     0.000     0.000     0.000     0.000  -999.000  -999.000  -999.000  -999.000  -999.000  -999.000  -999.000  -999.000  -999.000  -999.000  -999.000  -999.000  -999.000  -999.000  -999.000  -999.000  -999.000  -999.000     0.916       NaN       NaN     1.115
 121.7604167    15.750     0.000     0.000     0.000     0.000  -999.000  -999.000  -999.000  -999.000  -999.000  -999.000  -999.000  -999.000  -999.000  -999.000  -999.000  -999.000  -999.000  -999.000  -999.000  -999.000  -999.000  -999.000     0.889       NaN       NaN     1.137
 121.7604167    15.250     0.000     0.000     0.000     0.000  -999.000  -999.000  -999.000  -999.000  -999.000  -999.000  -999.000  -999.000  -999.000  -999.000  -999.000  -999.000  -999.000  -999.000  -999.000  -999.000  -999.000  -999.000     0.861       NaN       NaN     1.162
 121.7604167    14.750     0.000     0.000     0.000     0.000  -999.000  -999.000  -999.000  -999.000  -999.000  -999.000  -999.000  -999.000  -999.000  -999.000  -999.000  -999.000  -999.000  -999.000  -999.000  -999.000  -999.000  -999.000     0.832       NaN       NaN     1.188
 121.7604167    14.250     0.000     0.000     0.000     0.000  -999.000  -999.000  -999.000  -999.000  -999.000  -999.000  -999.000  -999.000  -999.000  -999.000  -999.000  -999.000  -999.000  -999.000  -999.000  -999.000  -999.000  -999.000     0.801       NaN       NaN     1.218
 121.7604167    13.750     0.000     0.000     0.000     0.000  -999.000  -999.000  -999.000  -999.000  -999.000  -999.000  -999.000  -999.000  -999.000  -999.000  -999.000  -999.000  -999.000  -999.000  -999.000  -999.000  -999.000  -999.000     0.770       NaN       NaN     1.251
 121.7604167    13.250     0.000     0.000     0.000     0.000  -999.000  -999.000  -999.000  -999.000  -999.000  -999.000  -999.000  -999.000  -999.000  -999.000  -999.000  -999.000  -999.000  -999.000  -999.000  -999.000  -999.000  -999.000     0.737       NaN       NaN     1.286
 121.7604167    12.750     0.000     0.000     0.000     0.000  -999.000  -999.000  -999.000  -999.000  -999.000  -999.000  -999.000  -999.000  -999.000  -999.000  -999.000  -999.000  -999.000  -999.000  -999.000  -999.000  -999.000  -999.000     0.701       NaN       NaN     1.326
 121.7604167    12.250     0.000     0.000     0.000     0.000  -999.000  -999.000  -999.000  -999.000  -999.000  -999.000  -999.000  -999.000  -999.000  -999.000  -999.000  -999.000  -999.000  -999.000  -999.000  -999.000  -999.000  -999.000     0.664       NaN       NaN     1.375
 121.7604167    11.750     0.000     0.000     0.000     0.000  -999.000  -999.000  -999.000  -999.000  -999.000  -999.000  -999.000  -999.000  -999.000  -999.000  -999.000  -999.000  -999.000  -999.000  -999.000  -999.000  -999.000  -999.000     0.623       NaN       NaN     1.434
 121.7604167    11.250     0.000     0.000     0.000     0.000  -999.000  -999.000  -999.000  -999.000  -999.000  -999.000  -999.000  -999.000  -999.000  -999.000  -999.000  -999.000  -999.000  -999.000  -999.000  -999.000  -999.000  -999.000     0.579       NaN       NaN     1.508
 121.7604167    10.750     0.000     0.000     0.000     0.000  -999.000  -999.000  -999.000  -999.000  -999.000  -999.000  -999.000  -999.000  -999.000  -999.000  -999.000  -999.000  -999.000  -999.000  -999.000  -999.000  -999.000  -999.000     0.529       NaN       NaN     1.596
 121.7604167    10.250     0.000     0.000     0.000     0.000  -999.000  -999.000  -999.000  -999.000  -999.000  -999.000  -999.000  -999.000  -999.000  -999.000  -999.000  -999.000  -999.000  -999.000  -999.000  -999.000  -999.000  -999.000     0.471       NaN       NaN     1.726
 121.7604167     9.750     0.939     0.304     0.285     0.019       NaN       NaN       NaN       NaN       NaN       NaN       NaN       NaN  1396.156   368.146     0.002     0.002       NaN       NaN       NaN       NaN   122.312   121.365     0.404       NaN       NaN     1.959
 121.7604167     9.250     0.808     0.413     0.334     0.079       NaN       NaN       NaN       NaN       NaN       NaN       NaN       NaN  1348.432   324.811     0.002     0.002       NaN       NaN       NaN       NaN   116.099   115.569     0.344       NaN       NaN     2.274
 121.7604167     8.750     0.675     0.446     0.301     0.145       NaN       NaN       NaN       NaN       NaN       NaN       NaN       NaN  1298.653   277.517     0.002     0.002       NaN       NaN       NaN       NaN   109.025   108.683     0.293       NaN       NaN     2.668
 121.7604167     8.250     0.558     0.454     0.253     0.200       NaN       NaN       NaN       NaN       NaN       NaN       NaN       NaN  1254.227   234.869     0.002     0.002       NaN       NaN       NaN       NaN   102.066   101.822     0.250       NaN       NaN     3.132
 121.7604167     7.750     0.462     0.448     0.207     0.241       NaN       NaN       NaN       NaN       NaN       NaN       NaN       NaN  1216.466   198.651     0.002     0.002       NaN       NaN       NaN       NaN    95.533    95.351     0.213       NaN       NaN     3.675
 121.7604167     7.250     0.384     0.432     0.166     0.266       NaN       NaN       NaN       NaN       NaN       NaN       NaN       NaN  1185.111   168.777     0.002     0.002       NaN       NaN       NaN       NaN    89.554    89.415     0.182       NaN       NaN     4.314
 121.7604167     6.750     0.322     0.411     0.132     0.279       NaN       NaN       NaN       NaN       NaN       NaN       NaN       NaN  1159.375   144.546     0.002     0.002       NaN       NaN       NaN       NaN    84.173    84.065     0.155       NaN       NaN     5.063
 121.7604167     6.250     0.272     0.385     0.105     0.280       NaN       NaN       NaN       NaN       NaN       NaN       NaN       NaN  1138.339   125.096     0.002     0.002       NaN       NaN       NaN       NaN    79.390    79.307     0.132       NaN       NaN     5.942
 121.7604167     5.750     0.233     0.356     0.083     0.273       NaN       NaN       NaN       NaN       NaN       NaN       NaN       NaN  1121.122   109.596     0.002     0.002       NaN       NaN       NaN       NaN    75.182    75.118     0.112       NaN       NaN     6.973
 121.7604167     5.250     0.202     0.324     0.065     0.259       NaN       NaN       NaN       NaN       NaN       NaN       NaN       NaN  1106.939    97.309     0.002     0.002       NaN       NaN       NaN       NaN    71.515    71.466     0.096       NaN       NaN     8.184
 121.7604167     4.750     0.177     0.291     0.052     0.240       NaN       NaN       NaN       NaN       NaN       NaN       NaN       NaN  1095.112    87.611     0.002     0.002       NaN       NaN       NaN       NaN    68.350    68.314     0.082       NaN       NaN     9.605
 121.7604167     4.250     0.158     0.257     0.041     0.217       NaN       NaN       NaN       NaN       NaN       NaN       NaN       NaN  1085.058    79.987     0.002     0.002       NaN       NaN       NaN       NaN    65.648    65.621     0.069       NaN       NaN    11.273
 121.7604167     3.750     0.143     0.223     0.032     0.191       NaN       NaN       NaN       NaN       NaN       NaN       NaN       NaN  1076.269    74.016     0.002     0.002       NaN       NaN       NaN       NaN    63.370    63.351     0.059       NaN       NaN    13.230
 121.7604167     3.250     0.131     0.189     0.025     0.164       NaN       NaN       NaN       NaN       NaN       NaN       NaN       NaN  1068.283    69.357     0.002     0.002       NaN       NaN       NaN       NaN    61.481    61.468     0.050       NaN       NaN    15.527
 121.7604167     2.750     0.122     0.155     0.019     0.136       NaN       NaN       NaN       NaN       NaN       NaN       NaN       NaN  1060.647    65.735     0.002     0.002       NaN       NaN       NaN       NaN    59.946    59.937     0.043       NaN       NaN    18.223
 121.7604167     2.250     0.115     0.122     0.014     0.108       NaN       NaN       NaN       NaN       NaN       NaN       NaN       NaN  1052.867    62.922     0.002     0.002       NaN       NaN       NaN       NaN    58.735    58.729     0.037       NaN       NaN    21.387
 121.7604167     1.750     0.110     0.091     0.010     0.081       NaN       NaN       NaN       NaN       NaN       NaN       NaN       NaN  1044.312    60.729     0.002     0.002       NaN       NaN       NaN       NaN    57.818    57.815     0.031       NaN       NaN    25.101
 121.7604167     1.250     0.106     0.062     0.007     0.056       NaN       NaN       NaN       NaN       NaN       NaN       NaN       NaN  1034.022    58.983     0.002     0.002       NaN       NaN       NaN       NaN    57.168    57.167     0.027       NaN       NaN    29.459
 121.7604167     0.750     0.104     0.036     0.004     0.032       NaN       NaN       NaN       NaN       NaN       NaN       NaN       NaN  1020.222    57.492     0.002     0.002       NaN       NaN       NaN       NaN    56.757    56.757     0.023       NaN       NaN    34.575
 121.7604167     0.250     0.000     0.000     0.000     0.000  -999.000  -999.000  -999.000  -999.000  -999.000  -999.000  -999.000  -999.000  -999.000  -999.000  -999.000  -999.000  -999.000  -999.000  -999.000  -999.000  -999.000  -999.000     0.019       NaN       NaN    40.578
 121.7812500    22.750     0.000     0.000     0.000     0.000  -999.000  -999.000  -999.000  -999.000  -999.000  -999.000  -999.000  -999.000  -999.000  -999.000  -999.000  -999.000  -999.000  -999.000  -999.000  -999.000  -999.000  -999.000     1.022       NaN       NaN     0.523
 121.7812500    22.250     0.000     0.000     0.000     0.000  -999.000  -999.000  -999.000  -999.000  -999.000  -999.000  -999.000  -999.000  -999.000  -999.000  -999.000  -999.000  -999.000  -999.000  -999.000  -999.000  -999.000  -999.000     1.005       NaN       NaN     1.056
 121.7812500    21.750     0.000     0.000     0.000     0.000  -999.000  -999.000  -999.000  -999.000  -999.000  -999.000  -999.000  -999.000  -999.000  -999.000  -999.000  -999.000  -999.000  -999.000  -999.000  -999.000  -999.000  -999.000     0.988       NaN       NaN     1.070
 121.7812500    21.250     0.000     0.000     0.000     0.000  -999.000  -999.000  -999.000  -999.000  -999.000  -999.000  -999.000  -999.000  -999.000  -999.000  -999.000  -999.000  -999.000  -999.000  -999.000  -999.000  -999.000  -999.000     0.970       NaN       NaN     1.085
 121.7812500    20.750     0.000     0.000     0.000     0.000  -999.000  -999.000  -999.000  -999.000  -999.000  -999.000  -999.000  -999.000  -999.000  -999.000  -999.000  -999.000  -999.000  -999.000  -999.000  -999.000  -999.000  -999.000     0.952       NaN       NaN     1.100
 121.7812500    20.250     0.000     0.000     0.000     0.000  -999.000  -999.000  -999.000  -999.000  -999.000  -999.000  -999.000  -999.000  -999.000  -999.000  -999.000  -999.000  -999.000  -999.000  -999.000  -999.000  -999.000  -999.000     0.934       NaN       NaN     1.116
 121.7812500    19.750     0.000     0.000     0.000     0.000  -999.000  -999.000  -999.000  -999.000  -999.000  -999.000  -999.000  -999.000  -999.000  -999.000  -999.000  -999.000  -999.000  -999.000  -999.000  -999.000  -999.000  -999.000     0.915       NaN       NaN     1.132
 121.7812500    19.250     0.000     0.000     0.000     0.000  -999.000  -999.000  -999.000  -999.000  -999.000  -999.000  -999.000  -999.000  -999.000  -999.000  -999.000  -999.000  -999.000  -999.000  -999.000  -999.000  -999.000  -999.000     0.896       NaN       NaN     1.150
 121.7812500    18.750     0.000     0.000     0.000     0.000  -999.000  -999.000  -999.000  -999.000  -999.000  -999.000  -999.000  -999.000  -999.000  -999.000  -999.000  -999.000  -999.000  -999.000  -999.000  -999.000  -999.000  -999.000     0.876       NaN       NaN     1.168
 121.7812500    18.250     0.000     0.000     0.000     0.000  -999.000  -999.000  -999.000  -999.000  -999.000  -999.000  -999.000  -999.000  -999.000  -999.000  -999.000  -999.000  -999.000  -999.000  -999.000  -999.000  -999.000  -999.000     0.856       NaN       NaN     1.187
 121.7812500    17.750     0.000     0.000     0.000     0.000  -999.000  -999.000  -999.000  -999.000  -999.000  -999.000  -999.000  -999.000  -999.000  -999.000  -999.000  -999.000  -999.000  -999.000  -999.000  -999.000  -999.000  -999.000     0.836       NaN       NaN     1.208
 121.7812500    17.250     0.000     0.000     0.000     0.000  -999.000  -999.000  -999.000  -999.000  -999.000  -999.000  -999.000  -999.000  -999.000  -999.000  -999.000  -999.000  -999.000  -999.000  -999.000  -999.000  -999.000  -999.000     0.815       NaN       NaN     1.229
 121.7812500    16.750     0.000     0.000     0.000     0.000  -999.000  -999.000  -999.000  -999.000  -999.000  -999.000  -999.000  -999.000  -999.000  -999.000  -999.000  -999.000  -999.000  -999.000  -999.000  -999.000  -999.000  -999.000     0.794       NaN       NaN     1.252
 121.7812500    16.250     0.000     0.000     0.000     0.000  -999.000  -999.000  -999.000  -999.000  -999.000  -999.000  -999.000  -999.000  -999.000  -999.000  -999.000  -999.000  -999.000  -999.000  -999.000  -999.000  -999.000  -999.000     0.772       NaN       NaN     1.277
 121.7812500    15.750     0.000     0.000     0.000     0.000  -999.000  -999.000  -999.000  -999.000  -999.000  -999.000  -999.000  -999.000  -999.000  -999.000  -999.000  -999.000  -999.000  -999.000  -999.000  -999.000  -999.000  -999.000     0.749       NaN       NaN     1.302
 121.7812500    15.250     0.000     0.000     0.000     0.000  -999.000  -999.000  -999.000  -999.000  -999.000  -999.000  -999.000  -999.000  -999.000  -999.000  -999.000  -999.000  -999.000  -999.000  -999.000  -999.000  -999.000  -999.000     0.725       NaN       NaN     1.330
 121.7812500    14.750     0.000     0.000     0.000     0.000  -999.000  -999.000  -999.000  -999.000  -999.000  -999.000  -999.000  -999.000  -999.000  -999.000  -999.000  -999.000  -999.000  -999.000  -999.000  -999.000  -999.000  -999.000     0.701       NaN       NaN     1.360
 121.7812500    14.250     0.000     0.000     0.000     0.000  -999.000  -999.000  -999.000  -999.000  -999.000  -999.000  -999.000  -999.000  -999.000  -999.000  -999.000  -999.000  -999.000  -999.000  -999.000  -999.000  -999.000  -999.000     0.675       NaN       NaN     1.394
 121.7812500    13.750     0.000     0.000     0.000     0.000  -999.000  -999.000  -999.000  -999.000  -999.000  -999.000  -999.000  -999.000  -999.000  -999.000  -999.000  -999.000  -999.000  -999.000  -999.000  -999.000  -999.000  -999.000     0.648       NaN       NaN     1.432
 121.7812500    13.250     0.000     0.000     0.000     0.000  -999.000  -999.000  -999.000  -999.000  -999.000  -999.000  -999.000  -999.000  -999.000  -999.000  -999.000  -999.000  -999.000  -999.000  -999.000  -999.000  -999.000  -999.000     0.620       NaN       NaN     1.472
 121.7812500    12.750     0.000     0.000     0.000     0.000  -999.000  -999.000  -999.000  -999.000  -999.000  -999.000  -999.000  -999.000  -999.000  -999.000  -999.000  -999.000  -999.000  -999.000  -999.000  -999.000  -999.000  -999.000     0.591       NaN       NaN     1.518
 121.7812500    12.250     0.000     0.000     0.000     0.000  -999.000  -999.000  -999.000  -999.000  -999.000  -999.000  -999.000  -999.000  -999.000  -999.000  -999.000  -999.000  -999.000  -999.000  -999.000  -999.000  -999.000  -999.000     0.559       NaN       NaN     1.574
 121.7812500    11.750     0.000     0.000     0.000     0.000  -999.000  -999.000  -999.000  -999.000  -999.000  -999.000  -999.000  -999.000  -999.000  -999.000  -999.000  -999.000  -999.000  -999.000  -999.000  -999.000  -999.000  -999.000     0.525       NaN       NaN     1.641
 121.7812500    11.250     0.000     0.000     0.000     0.000  -999.000  -999.000  -999.000  -999.000  -999.000  -999.000  -999.000  -999.000  -999.000  -999.000  -999.000  -999.000  -999.000  -999.000  -999.000  -999.000  -999.000  -999.000     0.488       NaN       NaN     1.726
 121.7812500    10.750     0.000     0.000     0.000     0.000  -999.000  -999.000  -999.000  -999.000  -999.000  -999.000  -999.000  -999.000  -999.000  -999.000  -999.000  -999.000  -999.000  -999.000  -999.000  -999.000  -999.000  -999.000     0.446       NaN       NaN     1.827
 121.7812500    10.250     0.000     0.000     0.000     0.000  -999.000  -999.000  -999.000  -999.000  -999.000  -999.000  -999.000  -999.000  -999.000  -999.000  -999.000  -999.000  -999.000  -999.000  -999.000  -999.000  -999.000  -999.000     0.397       NaN       NaN     1.976
 121.7812500     9.750     0.939     0.304     0.285     0.019       NaN       NaN       NaN       NaN       NaN       NaN       NaN       NaN  1273.746   360.948     0.002     0.002       NaN       NaN       NaN       NaN   122.312   121.365     0.341       NaN       NaN     2.243
 121.7812500     9.250     0.809     0.413     0.334     0.079       NaN       NaN       NaN       NaN       NaN       NaN       NaN       NaN  1226.068   317.595     0.002     0.002       NaN       NaN       NaN       NaN   116.098   115.569     0.290       NaN       NaN     2.603
 121.7812500     8.750     0.676     0.446     0.302     0.144       NaN       NaN       NaN       NaN       NaN       NaN       NaN       NaN  1176.541   270.459     0.002     0.002       NaN       NaN       NaN       NaN   109.025   108.683     0.247       NaN       NaN     3.055
 121.7812500     8.250     0.560     0.454     0.254     0.200       NaN       NaN       NaN       NaN       NaN       NaN       NaN       NaN  1132.544   228.131     0.002     0.002       NaN       NaN       NaN       NaN   102.066   101.822     0.211       NaN       NaN     3.585
 121.7812500     7.750     0.464     0.448     0.208     0.240       NaN       NaN       NaN       NaN       NaN       NaN       NaN       NaN  1095.320   192.329     0.002     0.002       NaN       NaN       NaN       NaN    95.533    95.350     0.179       NaN       NaN     4.208
 121.7812500     7.250     0.386     0.432     0.167     0.265       NaN       NaN       NaN       NaN       NaN       NaN       NaN       NaN  1064.552   162.906     0.002     0.002       NaN       NaN       NaN       NaN    89.554    89.414     0.153       NaN       NaN     4.938
 121.7812500     6.750     0.324     0.411     0.133     0.278       NaN       NaN       NaN       NaN       NaN       NaN       NaN       NaN  1039.408   139.118     0.002     0.002       NaN       NaN       NaN       NaN    84.172    84.065     0.130       NaN       NaN     5.796
 121.7812500     6.250     0.274     0.385     0.106     0.279       NaN       NaN       NaN       NaN       NaN       NaN       NaN       NaN  1018.947   120.077     0.002     0.002       NaN       NaN       NaN       NaN    79.389    79.307     0.111       NaN       NaN     6.802
 121.7812500     5.750     0.235     0.356     0.084     0.272       NaN       NaN       NaN       NaN       NaN       NaN       NaN       NaN  1002.275   104.938     0.002     0.002       NaN       NaN       NaN       NaN    75.181    75.118     0.095       NaN       NaN     7.983
 121.7812500     5.250     0.204     0.324     0.066     0.258       NaN       NaN       NaN       NaN       NaN       NaN       NaN       NaN   988.608    92.958     0.002     0.002       NaN       NaN       NaN       NaN    71.514    71.466     0.081       NaN       NaN     9.369
 121.7812500     4.750     0.179     0.291     0.052     0.239       NaN       NaN       NaN       NaN       NaN       NaN       NaN       NaN   977.273    83.517     0.002     0.002       NaN       NaN       NaN       NaN    68.350    68.314     0.069       NaN       NaN    10.996
 121.7812500     4.250     0.160     0.257     0.041     0.216       NaN       NaN       NaN       NaN       NaN       NaN       NaN       NaN   967.699    76.101     0.002     0.002       NaN       NaN       NaN       NaN    65.648    65.621     0.059       NaN       NaN    12.905
 121.7812500     3.750     0.144     0.223     0.032     0.191       NaN       NaN       NaN       NaN       NaN       NaN       NaN       NaN   959.394    70.298     0.002     0.002       NaN       NaN       NaN       NaN    63.370    63.351     0.050       NaN       NaN    15.146
 121.7812500     3.250     0.132     0.189     0.025     0.164       NaN       NaN       NaN       NaN       NaN       NaN       NaN       NaN   951.916    65.773     0.002     0.002       NaN       NaN       NaN       NaN    61.481    61.468     0.042       NaN       NaN    17.775
 121.7812500     2.750     0.123     0.155     0.019     0.136       NaN       NaN       NaN       NaN       NaN       NaN       NaN       NaN   944.837    62.255     0.002     0.002       NaN       NaN       NaN       NaN    59.946    59.937     0.036       NaN       NaN    20.862
 121.7812500     2.250     0.116     0.122     0.014     0.108       NaN       NaN       NaN       NaN       NaN       NaN       NaN       NaN   937.702    59.527     0.002     0.002       NaN       NaN       NaN       NaN    58.735    58.729     0.031       NaN       NaN    24.484
 121.7812500     1.750     0.111     0.091     0.010     0.081       NaN       NaN       NaN       NaN       NaN       NaN       NaN       NaN   929.934    57.403     0.002     0.002       NaN       NaN       NaN       NaN    57.818    57.815     0.026       NaN       NaN    28.735
 121.7812500     1.250     0.108     0.062     0.007     0.056       NaN       NaN       NaN       NaN       NaN       NaN       NaN       NaN   920.669    55.718     0.002     0.002       NaN       NaN       NaN       NaN    57.168    57.167     0.022       NaN       NaN    33.725
 121.7812500     0.750     0.106     0.036     0.004     0.032       NaN       NaN       NaN       NaN       NaN       NaN       NaN       NaN   908.320    54.288     0.002     0.002       NaN       NaN       NaN       NaN    56.757    56.757     0.019       NaN       NaN    39.581
 121.7812500     0.250     0.000     0.000     0.000     0.000  -999.000  -999.000  -999.000  -999.000  -999.000  -999.000  -999.000  -999.000  -999.000  -999.000  -999.000  -999.000  -999.000  -999.000  -999.000  -999.000  -999.000  -999.000     0.016       NaN       NaN    46.453
 121.8020833    22.750     0.000     0.000     0.000     0.000  -999.000  -999.000  -999.000  -999.000  -999.000  -999.000  -999.000  -999.000  -999.000  -999.000  -999.000  -999.000  -999.000  -999.000  -999.000  -999.000  -999.000  -999.000     0.954       NaN       NaN     0.624
 121.8020833    22.250     0.000     0.000     0.000     0.000  -999.000  -999.000  -999.000  -999.000  -999.000  -999.000  -999.000  -999.000  -999.000  -999.000  -999.000  -999.000  -999.000  -999.000  -999.000  -999.000  -999.000  -999.000     0.938       NaN       NaN     1.261
 121.8020833    21.750     0.000     0.000     0.000     0.000  -999.000  -999.000  -999.000  -999.000  -999.000  -999.000  -999.000  -999.000  -999.000  -999.000  -999.000  -999.000  -999.000  -999.000  -999.000  -999.000  -999.000  -999.000     0.922       NaN       NaN     1.277
 121.8020833    21.250     0.000     0.000     0.000     0.000  -999.000  -999.000  -999.000  -999.000  -999.000  -999.000  -999.000  -999.000  -999.000  -999.000  -999.000  -999.000  -999.000  -999.000  -999.000  -999.000  -999.000  -999.000     0.906       NaN       NaN     1.295
 121.8020833    20.750     0.000     0.000     0.000     0.000  -999.000  -999.000  -999.000  -999.000  -999.000  -999.000  -999.000  -999.000  -999.000  -999.000  -999.000  -999.000  -999.000  -999.000  -999.000  -999.000  -999.000  -999.000     0.889       NaN       NaN     1.313
 121.8020833    20.250     0.000     0.000     0.000     0.000  -999.000  -999.000  -999.000  -999.000  -999.000  -999.000  -999.000  -999.000  -999.000  -999.000  -999.000  -999.000  -999.000  -999.000  -999.000  -999.000  -999.000  -999.000     0.872       NaN       NaN     1.332
 121.8020833    19.750     0.000     0.000     0.000     0.000  -999.000  -999.000  -999.000  -999.000  -999.000  -999.000  -999.000  -999.000  -999.000  -999.000  -999.000  -999.000  -999.000  -999.000  -999.000  -999.000  -999.000  -999.000     0.854       NaN       NaN     1.352
 121.8020833    19.250     0.000     0.000     0.000     0.000  -999.000  -999.000  -999.000  -999.000  -999.000  -999.000  -999.000  -999.000  -999.000  -999.000  -999.000  -999.000  -999.000  -999.000  -999.000  -999.000  -999.000  -999.000     0.837       NaN       NaN     1.373
 121.8020833    18.750     0.000     0.000     0.000     0.000  -999.000  -999.000  -999.000  -999.000  -999.000  -999.000  -999.000  -999.000  -999.000  -999.000  -999.000  -999.000  -999.000  -999.000  -999.000  -999.000  -999.000  -999.000     0.818       NaN       NaN     1.395
 121.8020833    18.250     0.000     0.000     0.000     0.000  -999.000  -999.000  -999.000  -999.000  -999.000  -999.000  -999.000  -999.000  -999.000  -999.000  -999.000  -999.000  -999.000  -999.000  -999.000  -999.000  -999.000  -999.000     0.800       NaN       NaN     1.418
 121.8020833    17.750     0.000     0.000     0.000     0.000  -999.000  -999.000  -999.000  -999.000  -999.000  -999.000  -999.000  -999.000  -999.000  -999.000  -999.000  -999.000  -999.000  -999.000  -999.000  -999.000  -999.000  -999.000     0.781       NaN       NaN     1.442
 121.8020833    17.250     0.000     0.000     0.000     0.000  -999.000  -999.000  -999.000  -999.000  -999.000  -999.000  -999.000  -999.000  -999.000  -999.000  -999.000  -999.000  -999.000  -999.000  -999.000  -999.000  -999.000  -999.000     0.761       NaN       NaN     1.467
 121.8020833    16.750     0.000     0.000     0.000     0.000  -999.000  -999.000  -999.000  -999.000  -999.000  -999.000  -999.000  -999.000  -999.000  -999.000  -999.000  -999.000  -999.000  -999.000  -999.000  -999.000  -999.000  -999.000     0.741       NaN       NaN     1.495
 121.8020833    16.250     0.000     0.000     0.000     0.000  -999.000  -999.000  -999.000  -999.000  -999.000  -999.000  -999.000  -999.000  -999.000  -999.000  -999.000  -999.000  -999.000  -999.000  -999.000  -999.000  -999.000  -999.000     0.720       NaN       NaN     1.524
 121.8020833    15.750     0.000     0.000     0.000     0.000  -999.000  -999.000  -999.000  -999.000  -999.000  -999.000  -999.000  -999.000  -999.000  -999.000  -999.000  -999.000  -999.000  -999.000  -999.000  -999.000  -999.000  -999.000     0.699       NaN       NaN     1.555
 121.8020833    15.250     0.000     0.000     0.000     0.000  -999.000  -999.000  -999.000  -999.000  -999.000  -999.000  -999.000  -999.000  -999.000  -999.000  -999.000  -999.000  -999.000  -999.000  -999.000  -999.000  -999.000  -999.000     0.677       NaN       NaN     1.588
 121.8020833    14.750     0.000     0.000     0.000     0.000  -999.000  -999.000  -999.000  -999.000  -999.000  -999.000  -999.000  -999.000  -999.000  -999.000  -999.000  -999.000  -999.000  -999.000  -999.000  -999.000  -999.000  -999.000     0.654       NaN       NaN     1.624
 121.8020833    14.250     0.000     0.000     0.000     0.000  -999.000  -999.000  -999.000  -999.000  -999.000  -999.000  -999.000  -999.000  -999.000  -999.000  -999.000  -999.000  -999.000  -999.000  -999.000  -999.000  -999.000  -999.000     0.630       NaN       NaN     1.664
 121.8020833    13.750     0.000     0.000     0.000     0.000  -999.000  -999.000  -999.000  -999.000  -999.000  -999.000  -999.000  -999.000  -999.000  -999.000  -999.000  -999.000  -999.000  -999.000  -999.000  -999.000  -999.000  -999.000     0.606       NaN       NaN     1.709
 121.8020833    13.250     0.000     0.000     0.000     0.000  -999.000  -999.000  -999.000  -999.000  -999.000  -999.000  -999.000  -999.000  -999.000  -999.000  -999.000  -999.000  -999.000  -999.000  -999.000  -999.000  -999.000  -999.000     0.579       NaN       NaN     1.757
 121.8020833    12.750     0.000     0.000     0.000     0.000  -999.000  -999.000  -999.000  -999.000  -999.000  -999.000  -999.000  -999.000  -999.000  -999.000  -999.000  -999.000  -999.000  -999.000  -999.000  -999.000  -999.000  -999.000     0.552       NaN       NaN     1.812
 121.8020833    12.250     0.000     0.000     0.000     0.000  -999.000  -999.000  -999.000  -999.000  -999.000  -999.000  -999.000  -999.000  -999.000  -999.000  -999.000  -999.000  -999.000  -999.000  -999.000  -999.000  -999.000  -999.000     0.522       NaN       NaN     1.879
 121.8020833    11.750     0.000     0.000     0.000     0.000  -999.000  -999.000  -999.000  -999.000  -999.000  -999.000  -999.000  -999.000  -999.000  -999.000  -999.000  -999.000  -999.000  -999.000  -999.000  -999.000  -999.000  -999.000     0.490       NaN       NaN     1.959
 121.8020833    11.250     0.000     0.000     0.000     0.000  -999.000  -999.000  -999.000  -999.000  -999.000  -999.000  -999.000  -999.000  -999.000  -999.000  -999.000  -999.000  -999.000  -999.000  -999.000  -999.000  -999.000  -999.000     0.455       NaN       NaN     2.061
 121.8020833    10.750     0.000     0.000     0.000     0.000  -999.000  -999.000  -999.000  -999.000  -999.000  -999.000  -999.000  -999.000  -999.000  -999.000  -999.000  -999.000  -999.000  -999.000  -999.000  -999.000  -999.000  -999.000     0.416       NaN       NaN     2.181
 121.8020833    10.250     0.000     0.000     0.000     0.000  -999.000  -999.000  -999.000  -999.000  -999.000  -999.000  -999.000  -999.000  -999.000  -999.000  -999.000  -999.000  -999.000  -999.000  -999.000  -999.000  -999.000  -999.000     0.371       NaN       NaN     2.359
 121.8020833     9.750     0.939     0.304     0.286     0.018       NaN       NaN       NaN       NaN       NaN       NaN       NaN       NaN  1239.516   355.719     0.002     0.002       NaN       NaN       NaN       NaN   122.312   121.365     0.318       NaN       NaN     2.677
 121.8020833     9.250     0.810     0.413     0.335     0.079       NaN       NaN       NaN       NaN       NaN       NaN       NaN       NaN  1192.399   312.867     0.002     0.002       NaN       NaN       NaN       NaN   116.098   115.568     0.271       NaN       NaN     3.107
 121.8020833     8.750     0.677     0.446     0.302     0.144       NaN       NaN       NaN       NaN       NaN       NaN       NaN       NaN  1143.489   266.306     0.002     0.002       NaN       NaN       NaN       NaN   109.024   108.683     0.231       NaN       NaN     3.647
 121.8020833     8.250     0.562     0.454     0.255     0.199       NaN       NaN       NaN       NaN       NaN       NaN       NaN       NaN  1100.076   224.525     0.002     0.002       NaN       NaN       NaN       NaN   102.065   101.822     0.197       NaN       NaN     4.280
 121.8020833     7.750     0.466     0.448     0.208     0.239       NaN       NaN       NaN       NaN       NaN       NaN       NaN       NaN  1063.374   189.208     0.002     0.002       NaN       NaN       NaN       NaN    95.532    95.350     0.168       NaN       NaN     5.023
 121.8020833     7.250     0.388     0.432     0.168     0.265       NaN       NaN       NaN       NaN       NaN       NaN       NaN       NaN  1033.061   160.204     0.002     0.002       NaN       NaN       NaN       NaN    89.553    89.414     0.143       NaN       NaN     5.895
 121.8020833     6.750     0.325     0.411     0.134     0.277       NaN       NaN       NaN       NaN       NaN       NaN       NaN       NaN  1008.308   136.766     0.002     0.002       NaN       NaN       NaN       NaN    84.172    84.065     0.122       NaN       NaN     6.919
 121.8020833     6.250     0.276     0.385     0.106     0.279       NaN       NaN       NaN       NaN       NaN       NaN       NaN       NaN   988.179   118.015     0.002     0.002       NaN       NaN       NaN       NaN    79.389    79.307     0.104       NaN       NaN     8.120
 121.8020833     5.750     0.236     0.356     0.084     0.272       NaN       NaN       NaN       NaN       NaN       NaN       NaN       NaN   971.792   103.112     0.002     0.002       NaN       NaN       NaN       NaN    75.181    75.118     0.088       NaN       NaN     9.530
 121.8020833     5.250     0.205     0.324     0.066     0.258       NaN       NaN       NaN       NaN       NaN       NaN       NaN       NaN   958.368    91.324     0.002     0.002       NaN       NaN       NaN       NaN    71.514    71.466     0.075       NaN       NaN    11.185
 121.8020833     4.750     0.180     0.291     0.052     0.239       NaN       NaN       NaN       NaN       NaN       NaN       NaN       NaN   947.247    82.036     0.002     0.002       NaN       NaN       NaN       NaN    68.350    68.314     0.064       NaN       NaN    13.127
 121.8020833     4.250     0.161     0.257     0.041     0.216       NaN       NaN       NaN       NaN       NaN       NaN       NaN       NaN   937.864    74.743     0.002     0.002       NaN       NaN       NaN       NaN    65.648    65.621     0.055       NaN       NaN    15.406
 121.8020833     3.750     0.146     0.223     0.032     0.190       NaN       NaN       NaN       NaN       NaN       NaN       NaN       NaN   929.736    69.037     0.002     0.002       NaN       NaN       NaN       NaN    63.370    63.351     0.047       NaN       NaN    18.081
 121.8020833     3.250     0.134     0.189     0.025     0.163       NaN       NaN       NaN       NaN       NaN       NaN       NaN       NaN   922.428    64.588     0.002     0.002       NaN       NaN       NaN       NaN    61.481    61.468     0.040       NaN       NaN    21.220
 121.8020833     2.750     0.124     0.155     0.019     0.136       NaN       NaN       NaN       NaN       NaN       NaN       NaN       NaN   915.524    61.131     0.002     0.002       NaN       NaN       NaN       NaN    59.946    59.937     0.034       NaN       NaN    24.905
 121.8020833     2.250     0.117     0.122     0.014     0.108       NaN       NaN       NaN       NaN       NaN       NaN       NaN       NaN   908.576    58.449     0.002     0.002       NaN       NaN       NaN       NaN    58.735    58.729     0.029       NaN       NaN    29.229
 121.8020833     1.750     0.112     0.091     0.010     0.081       NaN       NaN       NaN       NaN       NaN       NaN       NaN       NaN   901.025    56.363     0.002     0.002       NaN       NaN       NaN       NaN    57.818    57.815     0.025       NaN       NaN    34.304
 121.8020833     1.250     0.109     0.062     0.007     0.056       NaN       NaN       NaN       NaN       NaN       NaN       NaN       NaN   892.032    54.707     0.002     0.002       NaN       NaN       NaN       NaN    57.168    57.167     0.021       NaN       NaN    40.261
 121.8020833     0.750     0.107     0.036     0.004     0.032       NaN       NaN       NaN       NaN       NaN       NaN       NaN       NaN   880.057    53.302     0.002     0.002       NaN       NaN       NaN       NaN    56.757    56.757     0.018       NaN       NaN    47.251
 121.8020833     0.250     0.000     0.000     0.000     0.000  -999.000  -999.000  -999.000  -999.000  -999.000  -999.000  -999.000  -999.000  -999.000  -999.000  -999.000  -999.000  -999.000  -999.000  -999.000  -999.000  -999.000  -999.000     0.015       NaN       NaN    55.456
 121.8229167    22.750     0.000     0.000     0.000     0.000  -999.000  -999.000  -999.000  -999.000  -999.000  -999.000  -999.000  -999.000  -999.000  -999.000  -999.000  -999.000  -999.000  -999.000  -999.000  -999.000  -999.000  -999.000     1.239       NaN       NaN     0.533
 121.8229167    22.250     0.000     0.000     0.000     0.000  -999.000  -999.000  -999.000  -999.000  -999.000  -999.000  -999.000  -999.000  -999.000  -999.000  -999.000  -999.000  -999.000  -999.000  -999.000  -999.000  -999.000  -999.000     1.218       NaN       NaN     1.077
 121.8229167    21.750     0.000     0.000     0.000     0.000  -999.000  -999.000  -999.000  -999.000  -999.000  -999.000  -999.000  -999.000  -999.000  -999.000  -999.000  -999.000  -999.000  -999.000  -999.000  -999.000  -999.000  -999.000     1.197       NaN       NaN     1.091
 121.8229167    21.250     0.000     0.000     0.000     0.000  -999.000  -999.000  -999.000  -999.000  -999.000  -999.000  -999.000  -999.000  -999.000  -999.000  -999.000  -999.000  -999.000  -999.000  -999.000  -999.000  -999.000  -999.000     1.176       NaN       NaN     1.106
 121.8229167    20.750     0.000     0.000     0.000     0.000  -999.000  -999.000  -999.000  -999.000  -999.000  -999.000  -999.000  -999.000  -999.000  -999.000  -999.000  -999.000  -999.000  -999.000  -999.000  -999.000  -999.000  -999.000     1.154       NaN       NaN     1.122
 121.8229167    20.250     0.000     0.000     0.000     0.000  -999.000  -999.000  -999.000  -999.000  -999.000  -999.000  -999.000  -999.000  -999.000  -999.000  -999.000  -999.000  -999.000  -999.000  -999.000  -999.000  -999.000  -999.000     1.132       NaN       NaN     1.138
 121.8229167    19.750     0.000     0.000     0.000     0.000  -999.000  -999.000  -999.000  -999.000  -999.000  -999.000  -999.000  -999.000  -999.000  -999.000  -999.000  -999.000  -999.000  -999.000  -999.000  -999.000  -999.000  -999.000     1.109       NaN       NaN     1.155
 121.8229167    19.250     0.000     0.000     0.000     0.000  -999.000  -999.000  -999.000  -999.000  -999.000  -999.000  -999.000  -999.000  -999.000  -999.000  -999.000  -999.000  -999.000  -999.000  -999.000  -999.000  -999.000  -999.000     1.086       NaN       NaN     1.173
 121.8229167    18.750     0.000     0.000     0.000     0.000  -999.000  -999.000  -999.000  -999.000  -999.000  -999.000  -999.000  -999.000  -999.000  -999.000  -999.000  -999.000  -999.000  -999.000  -999.000  -999.000  -999.000  -999.000     1.062       NaN       NaN     1.191
 121.8229167    18.250     0.000     0.000     0.000     0.000  -999.000  -999.000  -999.000  -999.000  -999.000  -999.000  -999.000  -999.000  -999.000  -999.000  -999.000  -999.000  -999.000  -999.000  -999.000  -999.000  -999.000  -999.000     1.038       NaN       NaN     1.211
 121.8229167    17.750     0.000     0.000     0.000     0.000  -999.000  -999.000  -999.000  -999.000  -999.000  -999.000  -999.000  -999.000  -999.000  -999.000  -999.000  -999.000  -999.000  -999.000  -999.000  -999.000  -999.000  -999.000     1.013       NaN       NaN     1.232
 121.8229167    17.250     0.000     0.000     0.000     0.000  -999.000  -999.000  -999.000  -999.000  -999.000  -999.000  -999.000  -999.000  -999.000  -999.000  -999.000  -999.000  -999.000  -999.000  -999.000  -999.000  -999.000  -999.000     0.988       NaN       NaN     1.253
 121.8229167    16.750     0.000     0.000     0.000     0.000  -999.000  -999.000  -999.000  -999.000  -999.000  -999.000  -999.000  -999.000  -999.000  -999.000  -999.000  -999.000  -999.000  -999.000  -999.000  -999.000  -999.000  -999.000     0.962       NaN       NaN     1.277
 121.8229167    16.250     0.000     0.000     0.000     0.000  -999.000  -999.000  -999.000  -999.000  -999.000  -999.000  -999.000  -999.000  -999.000  -999.000  -999.000  -999.000  -999.000  -999.000  -999.000  -999.000  -999.000  -999.000     0.935       NaN       NaN     1.302
 121.8229167    15.750     0.000     0.000     0.000     0.000  -999.000  -999.000  -999.000  -999.000  -999.000  -999.000  -999.000  -999.000  -999.000  -999.000  -999.000  -999.000  -999.000  -999.000  -999.000  -999.000  -999.000  -999.000     0.907       NaN       NaN     1.328
 121.8229167    15.250     0.000     0.000     0.000     0.000  -999.000  -999.000  -999.000  -999.000  -999.000  -999.000  -999.000  -999.000  -999.000  -999.000  -999.000  -999.000  -999.000  -999.000  -999.000  -999.000  -999.000  -999.000     0.879       NaN       NaN     1.356
 121.8229167    14.750     0.000     0.000     0.000     0.000  -999.000  -999.000  -999.000  -999.000  -999.000  -999.000  -999.000  -999.000  -999.000  -999.000  -999.000  -999.000  -999.000  -999.000  -999.000  -999.000  -999.000  -999.000     0.849       NaN       NaN     1.387
 121.8229167    14.250     0.000     0.000     0.000     0.000  -999.000  -999.000  -999.000  -999.000  -999.000  -999.000  -999.000  -999.000  -999.000  -999.000  -999.000  -999.000  -999.000  -999.000  -999.000  -999.000  -999.000  -999.000     0.818       NaN       NaN     1.422
 121.8229167    13.750     0.000     0.000     0.000     0.000  -999.000  -999.000  -999.000  -999.000  -999.000  -999.000  -999.000  -999.000  -999.000  -999.000  -999.000  -999.000  -999.000  -999.000  -999.000  -999.000  -999.000  -999.000     0.786       NaN       NaN     1.460
 121.8229167    13.250     0.000     0.000     0.000     0.000  -999.000  -999.000  -999.000  -999.000  -999.000  -999.000  -999.000  -999.000  -999.000  -999.000  -999.000  -999.000  -999.000  -999.000  -999.000  -999.000  -999.000  -999.000     0.752       NaN       NaN     1.501
 121.8229167    12.750     0.000     0.000     0.000     0.000  -999.000  -999.000  -999.000  -999.000  -999.000  -999.000  -999.000  -999.000  -999.000  -999.000  -999.000  -999.000  -999.000  -999.000  -999.000  -999.000  -999.000  -999.000     0.716       NaN       NaN     1.548
 121.8229167    12.250     0.000     0.000     0.000     0.000  -999.000  -999.000  -999.000  -999.000  -999.000  -999.000  -999.000  -999.000  -999.000  -999.000  -999.000  -999.000  -999.000  -999.000  -999.000  -999.000  -999.000  -999.000     0.678       NaN       NaN     1.605
 121.8229167    11.750     0.000     0.000     0.000     0.000  -999.000  -999.000  -999.000  -999.000  -999.000  -999.000  -999.000  -999.000  -999.000  -999.000  -999.000  -999.000  -999.000  -999.000  -999.000  -999.000  -999.000  -999.000     0.636       NaN       NaN     1.674
 121.8229167    11.250     0.000     0.000     0.000     0.000  -999.000  -999.000  -999.000  -999.000  -999.000  -999.000  -999.000  -999.000  -999.000  -999.000  -999.000  -999.000  -999.000  -999.000  -999.000  -999.000  -999.000  -999.000     0.591       NaN       NaN     1.760
 121.8229167    10.750     0.000     0.000     0.000     0.000  -999.000  -999.000  -999.000  -999.000  -999.000  -999.000  -999.000  -999.000  -999.000  -999.000  -999.000  -999.000  -999.000  -999.000  -999.000  -999.000  -999.000  -999.000     0.540       NaN       NaN     1.863
 121.8229167    10.250     0.000     0.000     0.000     0.000  -999.000  -999.000  -999.000  -999.000  -999.000  -999.000  -999.000  -999.000  -999.000  -999.000  -999.000  -999.000  -999.000  -999.000  -999.000  -999.000  -999.000  -999.000     0.481       NaN       NaN     2.016
 121.8229167     9.750     0.939     0.304     0.286     0.018       NaN       NaN       NaN       NaN       NaN       NaN       NaN       NaN   970.367   323.139     0.002     0.002       NaN       NaN       NaN       NaN   122.311   121.364     0.413       NaN       NaN     2.287
 121.8229167     9.250     0.810     0.413     0.335     0.079       NaN       NaN       NaN       NaN       NaN       NaN       NaN       NaN   926.057   282.743     0.002     0.002       NaN       NaN       NaN       NaN   116.097   115.568     0.352       NaN       NaN     2.654
 121.8229167     8.750     0.678     0.446     0.302     0.144       NaN       NaN       NaN       NaN       NaN       NaN       NaN       NaN   880.381   239.130     0.002     0.002       NaN       NaN       NaN       NaN   109.024   108.683     0.300       NaN       NaN     3.115
 121.8229167     8.250     0.562     0.454     0.255     0.199       NaN       NaN       NaN       NaN       NaN       NaN       NaN       NaN   840.164   200.274     0.002     0.002       NaN       NaN       NaN       NaN   102.065   101.822     0.255       NaN       NaN     3.656
 121.8229167     7.750     0.466     0.448     0.209     0.239       NaN       NaN       NaN       NaN       NaN       NaN       NaN       NaN   806.444   167.663     0.002     0.002       NaN       NaN       NaN       NaN    95.532    95.350     0.218       NaN       NaN     4.291
 121.8229167     7.250     0.388     0.432     0.168     0.264       NaN       NaN       NaN       NaN       NaN       NaN       NaN       NaN   778.821   141.056     0.002     0.002       NaN       NaN       NaN       NaN    89.553    89.414     0.185       NaN       NaN     5.036
 121.8229167     6.750     0.326     0.411     0.134     0.277       NaN       NaN       NaN       NaN       NaN       NaN       NaN       NaN   756.449   119.683     0.002     0.002       NaN       NaN       NaN       NaN    84.172    84.065     0.158       NaN       NaN     5.910
 121.8229167     6.250     0.276     0.385     0.106     0.279       NaN       NaN       NaN       NaN       NaN       NaN       NaN       NaN   738.406   102.672     0.002     0.002       NaN       NaN       NaN       NaN    79.389    79.306     0.135       NaN       NaN     6.937
 121.8229167     5.750     0.237     0.356     0.084     0.271       NaN       NaN       NaN       NaN       NaN       NaN       NaN       NaN   723.841    89.209     0.002     0.002       NaN       NaN       NaN       NaN    75.181    75.118     0.115       NaN       NaN     8.141
 121.8229167     5.250     0.206     0.324     0.067     0.258       NaN       NaN       NaN       NaN       NaN       NaN       NaN       NaN   712.022    78.596     0.002     0.002       NaN       NaN       NaN       NaN    71.514    71.466     0.098       NaN       NaN     9.555
 121.8229167     4.750     0.181     0.291     0.053     0.238       NaN       NaN       NaN       NaN       NaN       NaN       NaN       NaN   702.334    70.255     0.002     0.002       NaN       NaN       NaN       NaN    68.350    68.314     0.083       NaN       NaN    11.214
 121.8229167     4.250     0.162     0.257     0.042     0.216       NaN       NaN       NaN       NaN       NaN       NaN       NaN       NaN   694.265    63.718     0.002     0.002       NaN       NaN       NaN       NaN    65.648    65.621     0.071       NaN       NaN    13.161
 121.8229167     3.750     0.146     0.223     0.033     0.190       NaN       NaN       NaN       NaN       NaN       NaN       NaN       NaN   687.383    58.609     0.002     0.002       NaN       NaN       NaN       NaN    63.370    63.351     0.060       NaN       NaN    15.446
 121.8229167     3.250     0.134     0.189     0.025     0.163       NaN       NaN       NaN       NaN       NaN       NaN       NaN       NaN   681.312    54.629     0.002     0.002       NaN       NaN       NaN       NaN    61.481    61.468     0.051       NaN       NaN    18.128
 121.8229167     2.750     0.125     0.155     0.019     0.136       NaN       NaN       NaN       NaN       NaN       NaN       NaN       NaN   675.702    51.540     0.002     0.002       NaN       NaN       NaN       NaN    59.946    59.937     0.044       NaN       NaN    21.275
 121.8229167     2.250     0.118     0.122     0.014     0.108       NaN       NaN       NaN       NaN       NaN       NaN       NaN       NaN   670.192    49.148     0.002     0.002       NaN       NaN       NaN       NaN    58.735    58.729     0.037       NaN       NaN    24.969
 121.8229167     1.750     0.113     0.091     0.010     0.081       NaN       NaN       NaN       NaN       NaN       NaN       NaN       NaN   664.346    47.294     0.002     0.002       NaN       NaN       NaN       NaN    57.818    57.815     0.032       NaN       NaN    29.305
 121.8229167     1.250     0.109     0.062     0.007     0.056       NaN       NaN       NaN       NaN       NaN       NaN       NaN       NaN   657.525    45.834     0.002     0.002       NaN       NaN       NaN       NaN    57.168    57.167     0.027       NaN       NaN    34.393
 121.8229167     0.750     0.107     0.036     0.004     0.032       NaN       NaN       NaN       NaN       NaN       NaN       NaN       NaN   648.581    44.612     0.002     0.002       NaN       NaN       NaN       NaN    56.757    56.757     0.023       NaN       NaN    40.365
 121.8229167     0.250     0.000     0.000     0.000     0.000  -999.000  -999.000  -999.000  -999.000  -999.000  -999.000  -999.000  -999.000  -999.000  -999.000  -999.000  -999.000  -999.000  -999.000  -999.000  -999.000  -999.000  -999.000     0.020       NaN       NaN    47.374
 121.8437500    22.750     0.000     0.000     0.000     0.000  -999.000  -999.000  -999.000  -999.000  -999.000  -999.000  -999.000  -999.000  -999.000  -999.000  -999.000  -999.000  -999.000  -999.000  -999.000  -999.000  -999.000  -999.000     1.556       NaN       NaN     0.400
 121.8437500    22.250     0.000     0.000     0.000     0.000  -999.000  -999.000  -999.000  -999.000  -999.000  -999.000  -999.000  -999.000  -999.000  -999.000  -999.000  -999.000  -999.000  -999.000  -999.000  -999.000  -999.000  -999.000     1.530       NaN       NaN     0.808
 121.8437500    21.750     0.000     0.000     0.000     0.000  -999.000  -999.000  -999.000  -999.000  -999.000  -999.000  -999.000  -999.000  -999.000  -999.000  -999.000  -999.000  -999.000  -999.000  -999.000  -999.000  -999.000  -999.000     1.504       NaN       NaN     0.819
 121.8437500    21.250     0.000     0.000     0.000     0.000  -999.000  -999.000  -999.000  -999.000  -999.000  -999.000  -999.000  -999.000  -999.000  -999.000  -999.000  -999.000  -999.000  -999.000  -999.000  -999.000  -999.000  -999.000     1.477       NaN       NaN     0.830
 121.8437500    20.750     0.000     0.000     0.000     0.000  -999.000  -999.000  -999.000  -999.000  -999.000  -999.000  -999.000  -999.000  -999.000  -999.000  -999.000  -999.000  -999.000  -999.000  -999.000  -999.000  -999.000  -999.000     1.450       NaN       NaN     0.842
 121.8437500    20.250     0.000     0.000     0.000     0.000  -999.000  -999.000  -999.000  -999.000  -999.000  -999.000  -999.000  -999.000  -999.000  -999.000  -999.000  -999.000  -999.000  -999.000  -999.000  -999.000  -999.000  -999.000     1.422       NaN       NaN     0.854
 121.8437500    19.750     0.000     0.000     0.000     0.000  -999.000  -999.000  -999.000  -999.000  -999.000  -999.000  -999.000  -999.000  -999.000  -999.000  -999.000  -999.000  -999.000  -999.000  -999.000  -999.000  -999.000  -999.000     1.393       NaN       NaN     0.867
 121.8437500    19.250     0.000     0.000     0.000     0.000  -999.000  -999.000  -999.000  -999.000  -999.000  -999.000  -999.000  -999.000  -999.000  -999.000  -999.000  -999.000  -999.000  -999.000  -999.000  -999.000  -999.000  -999.000     1.364       NaN       NaN     0.880
 121.8437500    18.750     0.000     0.000     0.000     0.000  -999.000  -999.000  -999.000  -999.000  -999.000  -999.000  -999.000  -999.000  -999.000  -999.000  -999.000  -999.000  -999.000  -999.000  -999.000  -999.000  -999.000  -999.000     1.335       NaN       NaN     0.894
 121.8437500    18.250     0.000     0.000     0.000     0.000  -999.000  -999.000  -999.000  -999.000  -999.000  -999.000  -999.000  -999.000  -999.000  -999.000  -999.000  -999.000  -999.000  -999.000  -999.000  -999.000  -999.000  -999.000     1.304       NaN       NaN     0.909
 121.8437500    17.750     0.000     0.000     0.000     0.000  -999.000  -999.000  -999.000  -999.000  -999.000  -999.000  -999.000  -999.000  -999.000  -999.000  -999.000  -999.000  -999.000  -999.000  -999.000  -999.000  -999.000  -999.000     1.273       NaN       NaN     0.924
 121.8437500    17.250     0.000     0.000     0.000     0.000  -999.000  -999.000  -999.000  -999.000  -999.000  -999.000  -999.000  -999.000  -999.000  -999.000  -999.000  -999.000  -999.000  -999.000  -999.000  -999.000  -999.000  -999.000     1.241       NaN       NaN     0.940
 121.8437500    16.750     0.000     0.000     0.000     0.000  -999.000  -999.000  -999.000  -999.000  -999.000  -999.000  -999.000  -999.000  -999.000  -999.000  -999.000  -999.000  -999.000  -999.000  -999.000  -999.000  -999.000  -999.000     1.209       NaN       NaN     0.958
 121.8437500    16.250     0.000     0.000     0.000     0.000  -999.000  -999.000  -999.000  -999.000  -999.000  -999.000  -999.000  -999.000  -999.000  -999.000  -999.000  -999.000  -999.000  -999.000  -999.000  -999.000  -999.000  -999.000     1.175       NaN       NaN     0.977
 121.8437500    15.750     0.000     0.000     0.000     0.000  -999.000  -999.000  -999.000  -999.000  -999.000  -999.000  -999.000  -999.000  -999.000  -999.000  -999.000  -999.000  -999.000  -999.000  -999.000  -999.000  -999.000  -999.000     1.140       NaN       NaN     0.996
 121.8437500    15.250     0.000     0.000     0.000     0.000  -999.000  -999.000  -999.000  -999.000  -999.000  -999.000  -999.000  -999.000  -999.000  -999.000  -999.000  -999.000  -999.000  -999.000  -999.000  -999.000  -999.000  -999.000     1.104       NaN       NaN     1.018
 121.8437500    14.750     0.000     0.000     0.000     0.000  -999.000  -999.000  -999.000  -999.000  -999.000  -999.000  -999.000  -999.000  -999.000  -999.000  -999.000  -999.000  -999.000  -999.000  -999.000  -999.000  -999.000  -999.000     1.067       NaN       NaN     1.041
 121.8437500    14.250     0.000     0.000     0.000     0.000  -999.000  -999.000  -999.000  -999.000  -999.000  -999.000  -999.000  -999.000  -999.000  -999.000  -999.000  -999.000  -999.000  -999.000  -999.000  -999.000  -999.000  -999.000     1.028       NaN       NaN     1.067
 121.8437500    13.750     0.000     0.000     0.000     0.000  -999.000  -999.000  -999.000  -999.000  -999.000  -999.000  -999.000  -999.000  -999.000  -999.000  -999.000  -999.000  -999.000  -999.000  -999.000  -999.000  -999.000  -999.000     0.987       NaN       NaN     1.096
 121.8437500    13.250     0.000     0.000     0.000     0.000  -999.000  -999.000  -999.000  -999.000  -999.000  -999.000  -999.000  -999.000  -999.000  -999.000  -999.000  -999.000  -999.000  -999.000  -999.000  -999.000  -999.000  -999.000     0.945       NaN       NaN     1.126
 121.8437500    12.750     0.000     0.000     0.000     0.000  -999.000  -999.000  -999.000  -999.000  -999.000  -999.000  -999.000  -999.000  -999.000  -999.000  -999.000  -999.000  -999.000  -999.000  -999.000  -999.000  -999.000  -999.000     0.900       NaN       NaN     1.162
 121.8437500    12.250     0.000     0.000     0.000     0.000  -999.000  -999.000  -999.000  -999.000  -999.000  -999.000  -999.000  -999.000  -999.000  -999.000  -999.000  -999.000  -999.000  -999.000  -999.000  -999.000  -999.000  -999.000     0.851       NaN       NaN     1.204
 121.8437500    11.750     0.000     0.000     0.000     0.000  -999.000  -999.000  -999.000  -999.000  -999.000  -999.000  -999.000  -999.000  -999.000  -999.000  -999.000  -999.000  -999.000  -999.000  -999.000  -999.000  -999.000  -999.000     0.799       NaN       NaN     1.256
 121.8437500    11.250     0.000     0.000     0.000     0.000  -999.000  -999.000  -999.000  -999.000  -999.000  -999.000  -999.000  -999.000  -999.000  -999.000  -999.000  -999.000  -999.000  -999.000  -999.000  -999.000  -999.000  -999.000     0.742       NaN       NaN     1.321
 121.8437500    10.750     0.000     0.000     0.000     0.000  -999.000  -999.000  -999.000  -999.000  -999.000  -999.000  -999.000  -999.000  -999.000  -999.000  -999.000  -999.000  -999.000  -999.000  -999.000  -999.000  -999.000  -999.000     0.678       NaN       NaN     1.398
 121.8437500    10.250     0.000     0.000     0.000     0.000  -999.000  -999.000  -999.000  -999.000  -999.000  -999.000  -999.000  -999.000  -999.000  -999.000  -999.000  -999.000  -999.000  -999.000  -999.000  -999.000  -999.000  -999.000     0.605       NaN       NaN     1.512
 121.8437500     9.750     0.940     0.304     0.286     0.018       NaN       NaN       NaN       NaN       NaN       NaN       NaN       NaN   924.997   316.843     0.002     0.002       NaN       NaN       NaN       NaN   122.311   121.364     0.518       NaN       NaN     1.716
 121.8437500     9.250     0.810     0.413     0.335     0.078       NaN       NaN       NaN       NaN       NaN       NaN       NaN       NaN   881.296   276.986     0.002     0.002       NaN       NaN       NaN       NaN   116.097   115.568     0.442       NaN       NaN     1.992
 121.8437500     8.750     0.678     0.446     0.302     0.144       NaN       NaN       NaN       NaN       NaN       NaN       NaN       NaN   836.300   234.001     0.002     0.002       NaN       NaN       NaN       NaN   109.024   108.683     0.376       NaN       NaN     2.337
 121.8437500     8.250     0.563     0.454     0.255     0.198       NaN       NaN       NaN       NaN       NaN       NaN       NaN       NaN   796.736   195.751     0.002     0.002       NaN       NaN       NaN       NaN   102.065   101.822     0.321       NaN       NaN     2.743
 121.8437500     7.750     0.467     0.448     0.209     0.239       NaN       NaN       NaN       NaN       NaN       NaN       NaN       NaN   763.610   163.688     0.002     0.002       NaN       NaN       NaN       NaN    95.532    95.350     0.273       NaN       NaN     3.220
 121.8437500     7.250     0.389     0.432     0.168     0.264       NaN       NaN       NaN       NaN       NaN       NaN       NaN       NaN   736.512   137.556     0.002     0.002       NaN       NaN       NaN       NaN    89.553    89.414     0.233       NaN       NaN     3.779
 121.8437500     6.750     0.326     0.411     0.134     0.277       NaN       NaN       NaN       NaN       NaN       NaN       NaN       NaN   714.596   116.587     0.002     0.002       NaN       NaN       NaN       NaN    84.172    84.065     0.198       NaN       NaN     4.435
 121.8437500     6.250     0.277     0.385     0.107     0.278       NaN       NaN       NaN       NaN       NaN       NaN       NaN       NaN   696.947    99.912     0.002     0.002       NaN       NaN       NaN       NaN    79.389    79.306     0.169       NaN       NaN     5.205
 121.8437500     5.750     0.237     0.356     0.084     0.271       NaN       NaN       NaN       NaN       NaN       NaN       NaN       NaN   682.721    86.725     0.002     0.002       NaN       NaN       NaN       NaN    75.181    75.118     0.144       NaN       NaN     6.109
 121.8437500     5.250     0.206     0.324     0.067     0.257       NaN       NaN       NaN       NaN       NaN       NaN       NaN       NaN   671.197    76.336     0.002     0.002       NaN       NaN       NaN       NaN    71.514    71.466     0.123       NaN       NaN     7.169
 121.8437500     4.750     0.181     0.291     0.053     0.238       NaN       NaN       NaN       NaN       NaN       NaN       NaN       NaN   661.769    68.174     0.002     0.002       NaN       NaN       NaN       NaN    68.349    68.314     0.105       NaN       NaN     8.414
 121.8437500     4.250     0.162     0.257     0.042     0.216       NaN       NaN       NaN       NaN       NaN       NaN       NaN       NaN   653.935    61.780     0.002     0.002       NaN       NaN       NaN       NaN    65.648    65.621     0.089       NaN       NaN     9.875
 121.8437500     3.750     0.146     0.223     0.033     0.190       NaN       NaN       NaN       NaN       NaN       NaN       NaN       NaN   647.272    56.784     0.002     0.002       NaN       NaN       NaN       NaN    63.370    63.351     0.076       NaN       NaN    11.590
 121.8437500     3.250     0.134     0.189     0.025     0.163       NaN       NaN       NaN       NaN       NaN       NaN       NaN       NaN   641.417    52.892     0.002     0.002       NaN       NaN       NaN       NaN    61.481    61.468     0.065       NaN       NaN    13.602
 121.8437500     2.750     0.125     0.155     0.019     0.136       NaN       NaN       NaN       NaN       NaN       NaN       NaN       NaN   636.029    49.872     0.002     0.002       NaN       NaN       NaN       NaN    59.946    59.937     0.055       NaN       NaN    15.964
 121.8437500     2.250     0.118     0.122     0.014     0.108       NaN       NaN       NaN       NaN       NaN       NaN       NaN       NaN   630.764    47.534     0.002     0.002       NaN       NaN       NaN       NaN    58.735    58.729     0.047       NaN       NaN    18.736
 121.8437500     1.750     0.113     0.091     0.010     0.081       NaN       NaN       NaN       NaN       NaN       NaN       NaN       NaN   625.203    45.724     0.002     0.002       NaN       NaN       NaN       NaN    57.818    57.815     0.040       NaN       NaN    21.989
 121.8437500     1.250     0.110     0.062     0.007     0.056       NaN       NaN       NaN       NaN       NaN       NaN       NaN       NaN   618.745    44.300     0.002     0.002       NaN       NaN       NaN       NaN    57.168    57.167     0.034       NaN       NaN    25.807
 121.8437500     0.750     0.107     0.036     0.004     0.032       NaN       NaN       NaN       NaN       NaN       NaN       NaN       NaN   610.304    43.111     0.002     0.002       NaN       NaN       NaN       NaN    56.757    56.757     0.029       NaN       NaN    30.288
 121.8437500     0.250     0.000     0.000     0.000     0.000  -999.000  -999.000  -999.000  -999.000  -999.000  -999.000  -999.000  -999.000  -999.000  -999.000  -999.000  -999.000  -999.000  -999.000  -999.000  -999.000  -999.000  -999.000     0.025       NaN       NaN    35.547
 121.8645833    22.750     0.000     0.000     0.000     0.000  -999.000  -999.000  -999.000  -999.000  -999.000  -999.000  -999.000  -999.000  -999.000  -999.000  -999.000  -999.000  -999.000  -999.000  -999.000  -999.000  -999.000  -999.000     2.018       NaN       NaN     0.335
 121.8645833    22.250     0.000     0.000     0.000     0.000  -999.000  -999.000  -999.000  -999.000  -999.000  -999.000  -999.000  -999.000  -999.000  -999.000  -999.000  -999.000  -999.000  -999.000  -999.000  -999.000  -999.000  -999.000     1.984       NaN       NaN     0.676
 121.8645833    21.750     0.000     0.000     0.000     0.000  -999.000  -999.000  -999.000  -999.000  -999.000  -999.000  -999.000  -999.000  -999.000  -999.000  -999.000  -999.000  -999.000  -999.000  -999.000  -999.000  -999.000  -999.000     1.950       NaN       NaN     0.685
 121.8645833    21.250     0.000     0.000     0.000     0.000  -999.000  -999.000  -999.000  -999.000  -999.000  -999.000  -999.000  -999.000  -999.000  -999.000  -999.000  -999.000  -999.000  -999.000  -999.000  -999.000  -999.000  -999.000     1.915       NaN       NaN     0.694
 121.8645833    20.750     0.000     0.000     0.000     0.000  -999.000  -999.000  -999.000  -999.000  -999.000  -999.000  -999.000  -999.000  -999.000  -999.000  -999.000  -999.000  -999.000  -999.000  -999.000  -999.000  -999.000  -999.000     1.880       NaN       NaN     0.704
 121.8645833    20.250     0.000     0.000     0.000     0.000  -999.000  -999.000  -999.000  -999.000  -999.000  -999.000  -999.000  -999.000  -999.000  -999.000  -999.000  -999.000  -999.000  -999.000  -999.000  -999.000  -999.000  -999.000     1.844       NaN       NaN     0.714
 121.8645833    19.750     0.000     0.000     0.000     0.000  -999.000  -999.000  -999.000  -999.000  -999.000  -999.000  -999.000  -999.000  -999.000  -999.000  -999.000  -999.000  -999.000  -999.000  -999.000  -999.000  -999.000  -999.000     1.807       NaN       NaN     0.724
 121.8645833    19.250     0.000     0.000     0.000     0.000  -999.000  -999.000  -999.000  -999.000  -999.000  -999.000  -999.000  -999.000  -999.000  -999.000  -999.000  -999.000  -999.000  -999.000  -999.000  -999.000  -999.000  -999.000     1.769       NaN       NaN     0.736
 121.8645833    18.750     0.000     0.000     0.000     0.000  -999.000  -999.000  -999.000  -999.000  -999.000  -999.000  -999.000  -999.000  -999.000  -999.000  -999.000  -999.000  -999.000  -999.000  -999.000  -999.000  -999.000  -999.000     1.731       NaN       NaN     0.747
 121.8645833    18.250     0.000     0.000     0.000     0.000  -999.000  -999.000  -999.000  -999.000  -999.000  -999.000  -999.000  -999.000  -999.000  -999.000  -999.000  -999.000  -999.000  -999.000  -999.000  -999.000  -999.000  -999.000     1.691       NaN       NaN     0.760
 121.8645833    17.750     0.000     0.000     0.000     0.000  -999.000  -999.000  -999.000  -999.000  -999.000  -999.000  -999.000  -999.000  -999.000  -999.000  -999.000  -999.000  -999.000  -999.000  -999.000  -999.000  -999.000  -999.000     1.651       NaN       NaN     0.772
 121.8645833    17.250     0.000     0.000     0.000     0.000  -999.000  -999.000  -999.000  -999.000  -999.000  -999.000  -999.000  -999.000  -999.000  -999.000  -999.000  -999.000  -999.000  -999.000  -999.000  -999.000  -999.000  -999.000     1.610       NaN       NaN     0.786
 121.8645833    16.750     0.000     0.000     0.000     0.000  -999.000  -999.000  -999.000  -999.000  -999.000  -999.000  -999.000  -999.000  -999.000  -999.000  -999.000  -999.000  -999.000  -999.000  -999.000  -999.000  -999.000  -999.000     1.567       NaN       NaN     0.801
 121.8645833    16.250     0.000     0.000     0.000     0.000  -999.000  -999.000  -999.000  -999.000  -999.000  -999.000  -999.000  -999.000  -999.000  -999.000  -999.000  -999.000  -999.000  -999.000  -999.000  -999.000  -999.000  -999.000     1.523       NaN       NaN     0.817
 121.8645833    15.750     0.000     0.000     0.000     0.000  -999.000  -999.000  -999.000  -999.000  -999.000  -999.000  -999.000  -999.000  -999.000  -999.000  -999.000  -999.000  -999.000  -999.000  -999.000  -999.000  -999.000  -999.000     1.478       NaN       NaN     0.833
 121.8645833    15.250     0.000     0.000     0.000     0.000  -999.000  -999.000  -999.000  -999.000  -999.000  -999.000  -999.000  -999.000  -999.000  -999.000  -999.000  -999.000  -999.000  -999.000  -999.000  -999.000  -999.000  -999.000     1.432       NaN       NaN     0.851
 121.8645833    14.750     0.000     0.000     0.000     0.000  -999.000  -999.000  -999.000  -999.000  -999.000  -999.000  -999.000  -999.000  -999.000  -999.000  -999.000  -999.000  -999.000  -999.000  -999.000  -999.000  -999.000  -999.000     1.383       NaN       NaN     0.870
 121.8645833    14.250     0.000     0.000     0.000     0.000  -999.000  -999.000  -999.000  -999.000  -999.000  -999.000  -999.000  -999.000  -999.000  -999.000  -999.000  -999.000  -999.000  -999.000  -999.000  -999.000  -999.000  -999.000     1.333       NaN       NaN     0.892
 121.8645833    13.750     0.000     0.000     0.000     0.000  -999.000  -999.000  -999.000  -999.000  -999.000  -999.000  -999.000  -999.000  -999.000  -999.000  -999.000  -999.000  -999.000  -999.000  -999.000  -999.000  -999.000  -999.000     1.280       NaN       NaN     0.916
 121.8645833    13.250     0.000     0.000     0.000     0.000  -999.000  -999.000  -999.000  -999.000  -999.000  -999.000  -999.000  -999.000  -999.000  -999.000  -999.000  -999.000  -999.000  -999.000  -999.000  -999.000  -999.000  -999.000     1.225       NaN       NaN     0.941
 121.8645833    12.750     0.000     0.000     0.000     0.000  -999.000  -999.000  -999.000  -999.000  -999.000  -999.000  -999.000  -999.000  -999.000  -999.000  -999.000  -999.000  -999.000  -999.000  -999.000  -999.000  -999.000  -999.000     1.167       NaN       NaN     0.971
 121.8645833    12.250     0.000     0.000     0.000     0.000  -999.000  -999.000  -999.000  -999.000  -999.000  -999.000  -999.000  -999.000  -999.000  -999.000  -999.000  -999.000  -999.000  -999.000  -999.000  -999.000  -999.000  -999.000     1.104       NaN       NaN     1.007
 121.8645833    11.750     0.000     0.000     0.000     0.000  -999.000  -999.000  -999.000  -999.000  -999.000  -999.000  -999.000  -999.000  -999.000  -999.000  -999.000  -999.000  -999.000  -999.000  -999.000  -999.000  -999.000  -999.000     1.037       NaN       NaN     1.050
 121.8645833    11.250     0.000     0.000     0.000     0.000  -999.000  -999.000  -999.000  -999.000  -999.000  -999.000  -999.000  -999.000  -999.000  -999.000  -999.000  -999.000  -999.000  -999.000  -999.000  -999.000  -999.000  -999.000     0.963       NaN       NaN     1.104
 121.8645833    10.750     0.000     0.000     0.000     0.000  -999.000  -999.000  -999.000  -999.000  -999.000  -999.000  -999.000  -999.000  -999.000  -999.000  -999.000  -999.000  -999.000  -999.000  -999.000  -999.000  -999.000  -999.000     0.880       NaN       NaN     1.169
 121.8645833    10.250     0.000     0.000     0.000     0.000  -999.000  -999.000  -999.000  -999.000  -999.000  -999.000  -999.000  -999.000  -999.000  -999.000  -999.000  -999.000  -999.000  -999.000  -999.000  -999.000  -999.000  -999.000     0.784       NaN       NaN     1.264
 121.8645833     9.750     0.940     0.304     0.286     0.018       NaN       NaN       NaN       NaN       NaN       NaN       NaN       NaN   898.325   312.933     0.002     0.002       NaN       NaN       NaN       NaN   122.311   121.364     0.672       NaN       NaN     1.435
 121.8645833     9.250     0.810     0.413     0.335     0.078       NaN       NaN       NaN       NaN       NaN       NaN       NaN       NaN   855.012   273.421     0.002     0.002       NaN       NaN       NaN       NaN   116.097   115.568     0.573       NaN       NaN     1.665
 121.8645833     8.750     0.678     0.446     0.302     0.144       NaN       NaN       NaN       NaN       NaN       NaN       NaN       NaN   810.447   230.835     0.002     0.002       NaN       NaN       NaN       NaN   109.024   108.683     0.488       NaN       NaN     1.954
 121.8645833     8.250     0.563     0.454     0.255     0.198       NaN       NaN       NaN       NaN       NaN       NaN       NaN       NaN   771.291   192.966     0.002     0.002       NaN       NaN       NaN       NaN   102.065   101.822     0.416       NaN       NaN     2.293
 121.8645833     7.750     0.467     0.448     0.209     0.239       NaN       NaN       NaN       NaN       NaN       NaN       NaN       NaN   738.534   161.243     0.002     0.002       NaN       NaN       NaN       NaN    95.532    95.350     0.354       NaN       NaN     2.692
 121.8645833     7.250     0.389     0.432     0.168     0.264       NaN       NaN       NaN       NaN       NaN       NaN       NaN       NaN   711.760   135.407     0.002     0.002       NaN       NaN       NaN       NaN    89.553    89.414     0.302       NaN       NaN     3.159
 121.8645833     6.750     0.326     0.411     0.134     0.277       NaN       NaN       NaN       NaN       NaN       NaN       NaN       NaN   690.124   114.687     0.002     0.002       NaN       NaN       NaN       NaN    84.172    84.065     0.257       NaN       NaN     3.707
 121.8645833     6.250     0.277     0.385     0.106     0.278       NaN       NaN       NaN       NaN       NaN       NaN       NaN       NaN   672.715    98.218     0.002     0.002       NaN       NaN       NaN       NaN    79.389    79.306     0.219       NaN       NaN     4.351
 121.8645833     5.750     0.237     0.356     0.084     0.271       NaN       NaN       NaN       NaN       NaN       NaN       NaN       NaN   658.695    85.200     0.002     0.002       NaN       NaN       NaN       NaN    75.181    75.118     0.187       NaN       NaN     5.107
 121.8645833     5.250     0.206     0.324     0.067     0.257       NaN       NaN       NaN       NaN       NaN       NaN       NaN       NaN   647.349    74.948     0.002     0.002       NaN       NaN       NaN       NaN    71.514    71.466     0.159       NaN       NaN     5.993
 121.8645833     4.750     0.181     0.291     0.053     0.238       NaN       NaN       NaN       NaN       NaN       NaN       NaN       NaN   638.077    66.896     0.002     0.002       NaN       NaN       NaN       NaN    68.349    68.314     0.136       NaN       NaN     7.034
 121.8645833     4.250     0.162     0.257     0.042     0.216       NaN       NaN       NaN       NaN       NaN       NaN       NaN       NaN   630.383    60.588     0.002     0.002       NaN       NaN       NaN       NaN    65.648    65.621     0.116       NaN       NaN     8.255
 121.8645833     3.750     0.146     0.223     0.033     0.190       NaN       NaN       NaN       NaN       NaN       NaN       NaN       NaN   623.852    55.660     0.002     0.002       NaN       NaN       NaN       NaN    63.370    63.351     0.098       NaN       NaN     9.689
 121.8645833     3.250     0.134     0.189     0.025     0.163       NaN       NaN       NaN       NaN       NaN       NaN       NaN       NaN   618.123    51.822     0.002     0.002       NaN       NaN       NaN       NaN    61.481    61.468     0.084       NaN       NaN    11.371
 121.8645833     2.750     0.125     0.155     0.019     0.136       NaN       NaN       NaN       NaN       NaN       NaN       NaN       NaN   612.867    48.844     0.002     0.002       NaN       NaN       NaN       NaN    59.946    59.937     0.071       NaN       NaN    13.346
 121.8645833     2.250     0.118     0.122     0.014     0.108       NaN       NaN       NaN       NaN       NaN       NaN       NaN       NaN   607.744    46.539     0.002     0.002       NaN       NaN       NaN       NaN    58.735    58.729     0.061       NaN       NaN    15.663
 121.8645833     1.750     0.113     0.091     0.010     0.081       NaN       NaN       NaN       NaN       NaN       NaN       NaN       NaN   602.352    44.754     0.002     0.002       NaN       NaN       NaN       NaN    57.818    57.815     0.052       NaN       NaN    18.382
 121.8645833     1.250     0.109     0.062     0.007     0.056       NaN       NaN       NaN       NaN       NaN       NaN       NaN       NaN   596.105    43.352     0.002     0.002       NaN       NaN       NaN       NaN    57.168    57.167     0.044       NaN       NaN    21.574
 121.8645833     0.750     0.107     0.036     0.004     0.032       NaN       NaN       NaN       NaN       NaN       NaN       NaN       NaN   587.958    42.183     0.002     0.002       NaN       NaN       NaN       NaN    56.757    56.757     0.038       NaN       NaN    25.320
 121.8645833     0.250     0.000     0.000     0.000     0.000  -999.000  -999.000  -999.000  -999.000  -999.000  -999.000  -999.000  -999.000  -999.000  -999.000  -999.000  -999.000  -999.000  -999.000  -999.000  -999.000  -999.000  -999.000     0.032       NaN       NaN    29.717
 121.8854167    22.750     0.000     0.000     0.000     0.000  -999.000  -999.000  -999.000  -999.000  -999.000  -999.000  -999.000  -999.000  -999.000  -999.000  -999.000  -999.000  -999.000  -999.000  -999.000  -999.000  -999.000  -999.000     2.677       NaN       NaN     0.236
 121.8854167    22.250     0.000     0.000     0.000     0.000  -999.000  -999.000  -999.000  -999.000  -999.000  -999.000  -999.000  -999.000  -999.000  -999.000  -999.000  -999.000  -999.000  -999.000  -999.000  -999.000  -999.000  -999.000     2.633       NaN       NaN     0.477
 121.8854167    21.750     0.000     0.000     0.000     0.000  -999.000  -999.000  -999.000  -999.000  -999.000  -999.000  -999.000  -999.000  -999.000  -999.000  -999.000  -999.000  -999.000  -999.000  -999.000  -999.000  -999.000  -999.000     2.587       NaN       NaN     0.484
 121.8854167    21.250     0.000     0.000     0.000     0.000  -999.000  -999.000  -999.000  -999.000  -999.000  -999.000  -999.000  -999.000  -999.000  -999.000  -999.000  -999.000  -999.000  -999.000  -999.000  -999.000  -999.000  -999.000     2.541       NaN       NaN     0.490
 121.8854167    20.750     0.000     0.000     0.000     0.000  -999.000  -999.000  -999.000  -999.000  -999.000  -999.000  -999.000  -999.000  -999.000  -999.000  -999.000  -999.000  -999.000  -999.000  -999.000  -999.000  -999.000  -999.000     2.494       NaN       NaN     0.497
 121.8854167    20.250     0.000     0.000     0.000     0.000  -999.000  -999.000  -999.000  -999.000  -999.000  -999.000  -999.000  -999.000  -999.000  -999.000  -999.000  -999.000  -999.000  -999.000  -999.000  -999.000  -999.000  -999.000     2.446       NaN       NaN     0.504
 121.8854167    19.750     0.000     0.000     0.000     0.000  -999.000  -999.000  -999.000  -999.000  -999.000  -999.000  -999.000  -999.000  -999.000  -999.000  -999.000  -999.000  -999.000  -999.000  -999.000  -999.000  -999.000  -999.000     2.397       NaN       NaN     0.512
 121.8854167    19.250     0.000     0.000     0.000     0.000  -999.000  -999.000  -999.000  -999.000  -999.000  -999.000  -999.000  -999.000  -999.000  -999.000  -999.000  -999.000  -999.000  -999.000  -999.000  -999.000  -999.000  -999.000     2.347       NaN       NaN     0.520
 121.8854167    18.750     0.000     0.000     0.000     0.000  -999.000  -999.000  -999.000  -999.000  -999.000  -999.000  -999.000  -999.000  -999.000  -999.000  -999.000  -999.000  -999.000  -999.000  -999.000  -999.000  -999.000  -999.000     2.296       NaN       NaN     0.528
 121.8854167    18.250     0.000     0.000     0.000     0.000  -999.000  -999.000  -999.000  -999.000  -999.000  -999.000  -999.000  -999.000  -999.000  -999.000  -999.000  -999.000  -999.000  -999.000  -999.000  -999.000  -999.000  -999.000     2.244       NaN       NaN     0.537
 121.8854167    17.750     0.000     0.000     0.000     0.000  -999.000  -999.000  -999.000  -999.000  -999.000  -999.000  -999.000  -999.000  -999.000  -999.000  -999.000  -999.000  -999.000  -999.000  -999.000  -999.000  -999.000  -999.000     2.190       NaN       NaN     0.546
 121.8854167    17.250     0.000     0.000     0.000     0.000  -999.000  -999.000  -999.000  -999.000  -999.000  -999.000  -999.000  -999.000  -999.000  -999.000  -999.000  -999.000  -999.000  -999.000  -999.000  -999.000  -999.000  -999.000     2.136       NaN       NaN     0.555
 121.8854167    16.750     0.000     0.000     0.000     0.000  -999.000  -999.000  -999.000  -999.000  -999.000  -999.000  -999.000  -999.000  -999.000  -999.000  -999.000  -999.000  -999.000  -999.000  -999.000  -999.000  -999.000  -999.000     2.079       NaN       NaN     0.566
 121.8854167    16.250     0.000     0.000     0.000     0.000  -999.000  -999.000  -999.000  -999.000  -999.000  -999.000  -999.000  -999.000  -999.000  -999.000  -999.000  -999.000  -999.000  -999.000  -999.000  -999.000  -999.000  -999.000     2.021       NaN       NaN     0.577
 121.8854167    15.750     0.000     0.000     0.000     0.000  -999.000  -999.000  -999.000  -999.000  -999.000  -999.000  -999.000  -999.000  -999.000  -999.000  -999.000  -999.000  -999.000  -999.000  -999.000  -999.000  -999.000  -999.000     1.961       NaN       NaN     0.588
 121.8854167    15.250     0.000     0.000     0.000     0.000  -999.000  -999.000  -999.000  -999.000  -999.000  -999.000  -999.000  -999.000  -999.000  -999.000  -999.000  -999.000  -999.000  -999.000  -999.000  -999.000  -999.000  -999.000     1.900       NaN       NaN     0.601
 121.8854167    14.750     0.000     0.000     0.000     0.000  -999.000  -999.000  -999.000  -999.000  -999.000  -999.000  -999.000  -999.000  -999.000  -999.000  -999.000  -999.000  -999.000  -999.000  -999.000  -999.000  -999.000  -999.000     1.835       NaN       NaN     0.615
 121.8854167    14.250     0.000     0.000     0.000     0.000  -999.000  -999.000  -999.000  -999.000  -999.000  -999.000  -999.000  -999.000  -999.000  -999.000  -999.000  -999.000  -999.000  -999.000  -999.000  -999.000  -999.000  -999.000     1.769       NaN       NaN     0.630
 121.8854167    13.750     0.000     0.000     0.000     0.000  -999.000  -999.000  -999.000  -999.000  -999.000  -999.000  -999.000  -999.000  -999.000  -999.000  -999.000  -999.000  -999.000  -999.000  -999.000  -999.000  -999.000  -999.000     1.699       NaN       NaN     0.647
 121.8854167    13.250     0.000     0.000     0.000     0.000  -999.000  -999.000  -999.000  -999.000  -999.000  -999.000  -999.000  -999.000  -999.000  -999.000  -999.000  -999.000  -999.000  -999.000  -999.000  -999.000  -999.000  -999.000     1.625       NaN       NaN     0.665
 121.8854167    12.750     0.000     0.000     0.000     0.000  -999.000  -999.000  -999.000  -999.000  -999.000  -999.000  -999.000  -999.000  -999.000  -999.000  -999.000  -999.000  -999.000  -999.000  -999.000  -999.000  -999.000  -999.000     1.548       NaN       NaN     0.686
 121.8854167    12.250     0.000     0.000     0.000     0.000  -999.000  -999.000  -999.000  -999.000  -999.000  -999.000  -999.000  -999.000  -999.000  -999.000  -999.000  -999.000  -999.000  -999.000  -999.000  -999.000  -999.000  -999.000     1.465       NaN       NaN     0.711
 121.8854167    11.750     0.000     0.000     0.000     0.000  -999.000  -999.000  -999.000  -999.000  -999.000  -999.000  -999.000  -999.000  -999.000  -999.000  -999.000  -999.000  -999.000  -999.000  -999.000  -999.000  -999.000  -999.000     1.375       NaN       NaN     0.742
 121.8854167    11.250     0.000     0.000     0.000     0.000  -999.000  -999.000  -999.000  -999.000  -999.000  -999.000  -999.000  -999.000  -999.000  -999.000  -999.000  -999.000  -999.000  -999.000  -999.000  -999.000  -999.000  -999.000     1.277       NaN       NaN     0.780
 121.8854167    10.750     0.000     0.000     0.000     0.000  -999.000  -999.000  -999.000  -999.000  -999.000  -999.000  -999.000  -999.000  -999.000  -999.000  -999.000  -999.000  -999.000  -999.000  -999.000  -999.000  -999.000  -999.000     1.167       NaN       NaN     0.826
 121.8854167    10.250     0.000     0.000     0.000     0.000  -999.000  -999.000  -999.000  -999.000  -999.000  -999.000  -999.000  -999.000  -999.000  -999.000  -999.000  -999.000  -999.000  -999.000  -999.000  -999.000  -999.000  -999.000     1.040       NaN       NaN     0.893
 121.8854167     9.750     0.939     0.304     0.286     0.018       NaN       NaN       NaN       NaN       NaN       NaN       NaN       NaN   838.324   304.143     0.002     0.002       NaN       NaN       NaN       NaN   122.311   121.364     0.892       NaN       NaN     1.013
 121.8854167     9.250     0.810     0.413     0.335     0.079       NaN       NaN       NaN       NaN       NaN       NaN       NaN       NaN   795.882   265.404     0.002     0.002       NaN       NaN       NaN       NaN   116.097   115.568     0.760       NaN       NaN     1.176
 121.8854167     8.750     0.678     0.446     0.302     0.144       NaN       NaN       NaN       NaN       NaN       NaN       NaN       NaN   752.279   223.709     0.002     0.002       NaN       NaN       NaN       NaN   109.024   108.683     0.648       NaN       NaN     1.380
 121.8854167     8.250     0.562     0.454     0.255     0.199       NaN       NaN       NaN       NaN       NaN       NaN       NaN       NaN   714.039   186.694     0.002     0.002       NaN       NaN       NaN       NaN   102.065   101.822     0.552       NaN       NaN     1.620
 121.8854167     7.750     0.466     0.448     0.209     0.239       NaN       NaN       NaN       NaN       NaN       NaN       NaN       NaN   682.109   155.735     0.002     0.002       NaN       NaN       NaN       NaN    95.532    95.350     0.470       NaN       NaN     1.901
 121.8854167     7.250     0.388     0.432     0.168     0.265       NaN       NaN       NaN       NaN       NaN       NaN       NaN       NaN   656.061   130.560     0.002     0.002       NaN       NaN       NaN       NaN    89.553    89.414     0.401       NaN       NaN     2.232
 121.8854167     6.750     0.326     0.411     0.134     0.277       NaN       NaN       NaN       NaN       NaN       NaN       NaN       NaN   635.052   110.398     0.002     0.002       NaN       NaN       NaN       NaN    84.172    84.065     0.341       NaN       NaN     2.619
 121.8854167     6.250     0.276     0.385     0.106     0.279       NaN       NaN       NaN       NaN       NaN       NaN       NaN       NaN   618.180    94.392     0.002     0.002       NaN       NaN       NaN       NaN    79.389    79.306     0.291       NaN       NaN     3.074
 121.8854167     5.750     0.237     0.356     0.084     0.272       NaN       NaN       NaN       NaN       NaN       NaN       NaN       NaN   604.623    81.752     0.002     0.002       NaN       NaN       NaN       NaN    75.181    75.118     0.248       NaN       NaN     3.607
 121.8854167     5.250     0.205     0.324     0.067     0.258       NaN       NaN       NaN       NaN       NaN       NaN       NaN       NaN   593.676    71.806     0.002     0.002       NaN       NaN       NaN       NaN    71.514    71.466     0.211       NaN       NaN     4.234
 121.8854167     4.750     0.181     0.291     0.053     0.239       NaN       NaN       NaN       NaN       NaN       NaN       NaN       NaN   584.754    63.999     0.002     0.002       NaN       NaN       NaN       NaN    68.350    68.314     0.180       NaN       NaN     4.969
 121.8854167     4.250     0.161     0.257     0.041     0.216       NaN       NaN       NaN       NaN       NaN       NaN       NaN       NaN   577.375    57.885     0.002     0.002       NaN       NaN       NaN       NaN    65.648    65.621     0.153       NaN       NaN     5.832
 121.8854167     3.750     0.146     0.223     0.033     0.190       NaN       NaN       NaN       NaN       NaN       NaN       NaN       NaN   571.137    53.110     0.002     0.002       NaN       NaN       NaN       NaN    63.370    63.351     0.131       NaN       NaN     6.844
 121.8854167     3.250     0.134     0.189     0.025     0.163       NaN       NaN       NaN       NaN       NaN       NaN       NaN       NaN   565.695    49.392     0.002     0.002       NaN       NaN       NaN       NaN    61.481    61.468     0.111       NaN       NaN     8.033
 121.8854167     2.750     0.125     0.155     0.019     0.136       NaN       NaN       NaN       NaN       NaN       NaN       NaN       NaN   560.732    46.507     0.002     0.002       NaN       NaN       NaN       NaN    59.946    59.937     0.095       NaN       NaN     9.428
 121.8854167     2.250     0.118     0.122     0.014     0.108       NaN       NaN       NaN       NaN       NaN       NaN       NaN       NaN   555.931    44.276     0.002     0.002       NaN       NaN       NaN       NaN    58.735    58.729     0.081       NaN       NaN    11.064
 121.8854167     1.750     0.113     0.091     0.010     0.081       NaN       NaN       NaN       NaN       NaN       NaN       NaN       NaN   550.916    42.550     0.002     0.002       NaN       NaN       NaN       NaN    57.818    57.815     0.069       NaN       NaN    12.986
 121.8854167     1.250     0.109     0.062     0.007     0.056       NaN       NaN       NaN       NaN       NaN       NaN       NaN       NaN   545.145    41.197     0.002     0.002       NaN       NaN       NaN       NaN    57.168    57.167     0.059       NaN       NaN    15.240
 121.8854167     0.750     0.107     0.036     0.004     0.032       NaN       NaN       NaN       NaN       NaN       NaN       NaN       NaN   537.660    40.073     0.002     0.002       NaN       NaN       NaN       NaN    56.757    56.757     0.050       NaN       NaN    17.887
 121.8854167     0.250     0.000     0.000     0.000     0.000  -999.000  -999.000  -999.000  -999.000  -999.000  -999.000  -999.000  -999.000  -999.000  -999.000  -999.000  -999.000  -999.000  -999.000  -999.000  -999.000  -999.000  -999.000     0.043       NaN       NaN    20.992
 121.9062500    22.750     0.000     0.000     0.000     0.000  -999.000  -999.000  -999.000  -999.000  -999.000  -999.000  -999.000  -999.000  -999.000  -999.000  -999.000  -999.000  -999.000  -999.000  -999.000  -999.000  -999.000  -999.000     2.846       NaN       NaN     0.206
 121.9062500    22.250     0.000     0.000     0.000     0.000  -999.000  -999.000  -999.000  -999.000  -999.000  -999.000  -999.000  -999.000  -999.000  -999.000  -999.000  -999.000  -999.000  -999.000  -999.000  -999.000  -999.000  -999.000     2.799       NaN       NaN     0.416
 121.9062500    21.750     0.000     0.000     0.000     0.000  -999.000  -999.000  -999.000  -999.000  -999.000  -999.000  -999.000  -999.000  -999.000  -999.000  -999.000  -999.000  -999.000  -999.000  -999.000  -999.000  -999.000  -999.000     2.750       NaN       NaN     0.422
 121.9062500    21.250     0.000     0.000     0.000     0.000  -999.000  -999.000  -999.000  -999.000  -999.000  -999.000  -999.000  -999.000  -999.000  -999.000  -999.000  -999.000  -999.000  -999.000  -999.000  -999.000  -999.000  -999.000     2.701       NaN       NaN     0.428
 121.9062500    20.750     0.000     0.000     0.000     0.000  -999.000  -999.000  -999.000  -999.000  -999.000  -999.000  -999.000  -999.000  -999.000  -999.000  -999.000  -999.000  -999.000  -999.000  -999.000  -999.000  -999.000  -999.000     2.651       NaN       NaN     0.434
 121.9062500    20.250     0.000     0.000     0.000     0.000  -999.000  -999.000  -999.000  -999.000  -999.000  -999.000  -999.000  -999.000  -999.000  -999.000  -999.000  -999.000  -999.000  -999.000  -999.000  -999.000  -999.000  -999.000     2.600       NaN       NaN     0.440
 121.9062500    19.750     0.000     0.000     0.000     0.000  -999.000  -999.000  -999.000  -999.000  -999.000  -999.000  -999.000  -999.000  -999.000  -999.000  -999.000  -999.000  -999.000  -999.000  -999.000  -999.000  -999.000  -999.000     2.548       NaN       NaN     0.446
 121.9062500    19.250     0.000     0.000     0.000     0.000  -999.000  -999.000  -999.000  -999.000  -999.000  -999.000  -999.000  -999.000  -999.000  -999.000  -999.000  -999.000  -999.000  -999.000  -999.000  -999.000  -999.000  -999.000     2.495       NaN       NaN     0.453
 121.9062500    18.750     0.000     0.000     0.000     0.000  -999.000  -999.000  -999.000  -999.000  -999.000  -999.000  -999.000  -999.000  -999.000  -999.000  -999.000  -999.000  -999.000  -999.000  -999.000  -999.000  -999.000  -999.000     2.441       NaN       NaN     0.461
 121.9062500    18.250     0.000     0.000     0.000     0.000  -999.000  -999.000  -999.000  -999.000  -999.000  -999.000  -999.000  -999.000  -999.000  -999.000  -999.000  -999.000  -999.000  -999.000  -999.000  -999.000  -999.000  -999.000     2.385       NaN       NaN     0.468
 121.9062500    17.750     0.000     0.000     0.000     0.000  -999.000  -999.000  -999.000  -999.000  -999.000  -999.000  -999.000  -999.000  -999.000  -999.000  -999.000  -999.000  -999.000  -999.000  -999.000  -999.000  -999.000  -999.000     2.329       NaN       NaN     0.476
 121.9062500    17.250     0.000     0.000     0.000     0.000  -999.000  -999.000  -999.000  -999.000  -999.000  -999.000  -999.000  -999.000  -999.000  -999.000  -999.000  -999.000  -999.000  -999.000  -999.000  -999.000  -999.000  -999.000     2.270       NaN       NaN     0.485
 121.9062500    16.750     0.000     0.000     0.000     0.000  -999.000  -999.000  -999.000  -999.000  -999.000  -999.000  -999.000  -999.000  -999.000  -999.000  -999.000  -999.000  -999.000  -999.000  -999.000  -999.000  -999.000  -999.000     2.210       NaN       NaN     0.494
 121.9062500    16.250     0.000     0.000     0.000     0.000  -999.000  -999.000  -999.000  -999.000  -999.000  -999.000  -999.000  -999.000  -999.000  -999.000  -999.000  -999.000  -999.000  -999.000  -999.000  -999.000  -999.000  -999.000     2.149       NaN       NaN     0.503
 121.9062500    15.750     0.000     0.000     0.000     0.000  -999.000  -999.000  -999.000  -999.000  -999.000  -999.000  -999.000  -999.000  -999.000  -999.000  -999.000  -999.000  -999.000  -999.000  -999.000  -999.000  -999.000  -999.000     2.085       NaN       NaN     0.513
 121.9062500    15.250     0.000     0.000     0.000     0.000  -999.000  -999.000  -999.000  -999.000  -999.000  -999.000  -999.000  -999.000  -999.000  -999.000  -999.000  -999.000  -999.000  -999.000  -999.000  -999.000  -999.000  -999.000     2.019       NaN       NaN     0.524
 121.9062500    14.750     0.000     0.000     0.000     0.000  -999.000  -999.000  -999.000  -999.000  -999.000  -999.000  -999.000  -999.000  -999.000  -999.000  -999.000  -999.000  -999.000  -999.000  -999.000  -999.000  -999.000  -999.000     1.951       NaN       NaN     0.536
 121.9062500    14.250     0.000     0.000     0.000     0.000  -999.000  -999.000  -999.000  -999.000  -999.000  -999.000  -999.000  -999.000  -999.000  -999.000  -999.000  -999.000  -999.000  -999.000  -999.000  -999.000  -999.000  -999.000     1.880       NaN       NaN     0.550
 121.9062500    13.750     0.000     0.000     0.000     0.000  -999.000  -999.000  -999.000  -999.000  -999.000  -999.000  -999.000  -999.000  -999.000  -999.000  -999.000  -999.000  -999.000  -999.000  -999.000  -999.000  -999.000  -999.000     1.806       NaN       NaN     0.564
 121.9062500    13.250     0.000     0.000     0.000     0.000  -999.000  -999.000  -999.000  -999.000  -999.000  -999.000  -999.000  -999.000  -999.000  -999.000  -999.000  -999.000  -999.000  -999.000  -999.000  -999.000  -999.000  -999.000     1.728       NaN       NaN     0.580
 121.9062500    12.750     0.000     0.000     0.000     0.000  -999.000  -999.000  -999.000  -999.000  -999.000  -999.000  -999.000  -999.000  -999.000  -999.000  -999.000  -999.000  -999.000  -999.000  -999.000  -999.000  -999.000  -999.000     1.645       NaN       NaN     0.599
 121.9062500    12.250     0.000     0.000     0.000     0.000  -999.000  -999.000  -999.000  -999.000  -999.000  -999.000  -999.000  -999.000  -999.000  -999.000  -999.000  -999.000  -999.000  -999.000  -999.000  -999.000  -999.000  -999.000     1.557       NaN       NaN     0.621
 121.9062500    11.750     0.000     0.000     0.000     0.000  -999.000  -999.000  -999.000  -999.000  -999.000  -999.000  -999.000  -999.000  -999.000  -999.000  -999.000  -999.000  -999.000  -999.000  -999.000  -999.000  -999.000  -999.000     1.462       NaN       NaN     0.647
 121.9062500    11.250     0.000     0.000     0.000     0.000  -999.000  -999.000  -999.000  -999.000  -999.000  -999.000  -999.000  -999.000  -999.000  -999.000  -999.000  -999.000  -999.000  -999.000  -999.000  -999.000  -999.000  -999.000     1.358       NaN       NaN     0.681
 121.9062500    10.750     0.000     0.000     0.000     0.000  -999.000  -999.000  -999.000  -999.000  -999.000  -999.000  -999.000  -999.000  -999.000  -999.000  -999.000  -999.000  -999.000  -999.000  -999.000  -999.000  -999.000  -999.000     1.241       NaN       NaN     0.720
 121.9062500    10.250     0.000     0.000     0.000     0.000  -999.000  -999.000  -999.000  -999.000  -999.000  -999.000  -999.000  -999.000  -999.000  -999.000  -999.000  -999.000  -999.000  -999.000  -999.000  -999.000  -999.000  -999.000     1.106       NaN       NaN     0.779
 121.9062500     9.750     0.939     0.304     0.285     0.018       NaN       NaN       NaN       NaN       NaN       NaN       NaN       NaN   676.885   272.838     0.002     0.002       NaN       NaN       NaN       NaN   122.312   121.365     0.948       NaN       NaN     0.884
 121.9062500     9.250     0.809     0.413     0.334     0.079       NaN       NaN       NaN       NaN       NaN       NaN       NaN       NaN   638.070   237.364     0.002     0.002       NaN       NaN       NaN       NaN   116.098   115.568     0.808       NaN       NaN     1.026
 121.9062500     8.750     0.677     0.446     0.302     0.144       NaN       NaN       NaN       NaN       NaN       NaN       NaN       NaN   598.337   199.309     0.002     0.002       NaN       NaN       NaN       NaN   109.024   108.683     0.688       NaN       NaN     1.204
 121.9062500     8.250     0.561     0.454     0.255     0.199       NaN       NaN       NaN       NaN       NaN       NaN       NaN       NaN   563.640   165.653     0.002     0.002       NaN       NaN       NaN       NaN   102.066   101.822     0.587       NaN       NaN     1.413
 121.9062500     7.750     0.465     0.448     0.208     0.240       NaN       NaN       NaN       NaN       NaN       NaN       NaN       NaN   534.799   137.612     0.002     0.002       NaN       NaN       NaN       NaN    95.532    95.350     0.500       NaN       NaN     1.659
 121.9062500     7.250     0.387     0.432     0.167     0.265       NaN       NaN       NaN       NaN       NaN       NaN       NaN       NaN   511.379   114.892     0.002     0.002       NaN       NaN       NaN       NaN    89.553    89.414     0.426       NaN       NaN     1.947
 121.9062500     6.750     0.325     0.411     0.133     0.278       NaN       NaN       NaN       NaN       NaN       NaN       NaN       NaN   492.578    96.756     0.002     0.002       NaN       NaN       NaN       NaN    84.172    84.065     0.363       NaN       NaN     2.285
 121.9062500     6.250     0.275     0.385     0.106     0.279       NaN       NaN       NaN       NaN       NaN       NaN       NaN       NaN   477.553    82.401     0.002     0.002       NaN       NaN       NaN       NaN    79.389    79.307     0.309       NaN       NaN     2.682
 121.9062500     5.750     0.236     0.356     0.084     0.272       NaN       NaN       NaN       NaN       NaN       NaN       NaN       NaN   465.540    71.093     0.002     0.002       NaN       NaN       NaN       NaN    75.181    75.118     0.263       NaN       NaN     3.147
 121.9062500     5.250     0.204     0.324     0.066     0.258       NaN       NaN       NaN       NaN       NaN       NaN       NaN       NaN   455.896    62.211     0.002     0.002       NaN       NaN       NaN       NaN    71.514    71.466     0.224       NaN       NaN     3.694
 121.9062500     4.750     0.180     0.291     0.052     0.239       NaN       NaN       NaN       NaN       NaN       NaN       NaN       NaN   448.088    55.250     0.002     0.002       NaN       NaN       NaN       NaN    68.350    68.314     0.191       NaN       NaN     4.335
 121.9062500     4.250     0.160     0.257     0.041     0.216       NaN       NaN       NaN       NaN       NaN       NaN       NaN       NaN   441.684    49.804     0.002     0.002       NaN       NaN       NaN       NaN    65.648    65.621     0.163       NaN       NaN     5.088
 121.9062500     3.750     0.145     0.223     0.032     0.191       NaN       NaN       NaN       NaN       NaN       NaN       NaN       NaN   436.326    45.554     0.002     0.002       NaN       NaN       NaN       NaN    63.370    63.351     0.139       NaN       NaN     5.971
 121.9062500     3.250     0.133     0.189     0.025     0.164       NaN       NaN       NaN       NaN       NaN       NaN       NaN       NaN   431.715    42.245     0.002     0.002       NaN       NaN       NaN       NaN    61.481    61.468     0.118       NaN       NaN     7.008
 121.9062500     2.750     0.124     0.155     0.019     0.136       NaN       NaN       NaN       NaN       NaN       NaN       NaN       NaN   427.581    39.679     0.002     0.002       NaN       NaN       NaN       NaN    59.946    59.937     0.101       NaN       NaN     8.225
 121.9062500     2.250     0.117     0.122     0.014     0.108       NaN       NaN       NaN       NaN       NaN       NaN       NaN       NaN   423.660    37.697     0.002     0.002       NaN       NaN       NaN       NaN    58.735    58.729     0.086       NaN       NaN     9.653
 121.9062500     1.750     0.112     0.091     0.010     0.081       NaN       NaN       NaN       NaN       NaN       NaN       NaN       NaN   419.648    36.167     0.002     0.002       NaN       NaN       NaN       NaN    57.818    57.815     0.073       NaN       NaN    11.329
 121.9062500     1.250     0.108     0.062     0.007     0.056       NaN       NaN       NaN       NaN       NaN       NaN       NaN       NaN   415.122    34.974     0.002     0.002       NaN       NaN       NaN       NaN    57.168    57.167     0.062       NaN       NaN    13.296
 121.9062500     0.750     0.106     0.036     0.004     0.032       NaN       NaN       NaN       NaN       NaN       NaN       NaN       NaN   409.342    33.993     0.002     0.002       NaN       NaN       NaN       NaN    56.757    56.757     0.053       NaN       NaN    15.604
 121.9062500     0.250     0.000     0.000     0.000     0.000  -999.000  -999.000  -999.000  -999.000  -999.000  -999.000  -999.000  -999.000  -999.000  -999.000  -999.000  -999.000  -999.000  -999.000  -999.000  -999.000  -999.000  -999.000     0.045       NaN       NaN    18.314
 121.9270833    22.750     0.000     0.000     0.000     0.000  -999.000  -999.000  -999.000  -999.000  -999.000  -999.000  -999.000  -999.000  -999.000  -999.000  -999.000  -999.000  -999.000  -999.000  -999.000  -999.000  -999.000  -999.000     3.347       NaN       NaN     0.196
 121.9270833    22.250     0.000     0.000     0.000     0.000  -999.000  -999.000  -999.000  -999.000  -999.000  -999.000  -999.000  -999.000  -999.000  -999.000  -999.000  -999.000  -999.000  -999.000  -999.000  -999.000  -999.000  -999.000     3.292       NaN       NaN     0.396
 121.9270833    21.750     0.000     0.000     0.000     0.000  -999.000  -999.000  -999.000  -999.000  -999.000  -999.000  -999.000  -999.000  -999.000  -999.000  -999.000  -999.000  -999.000  -999.000  -999.000  -999.000  -999.000  -999.000     3.235       NaN       NaN     0.401
 121.9270833    21.250     0.000     0.000     0.000     0.000  -999.000  -999.000  -999.000  -999.000  -999.000  -999.000  -999.000  -999.000  -999.000  -999.000  -999.000  -999.000  -999.000  -999.000  -999.000  -999.000  -999.000  -999.000     3.177       NaN       NaN     0.407
 121.9270833    20.750     0.000     0.000     0.000     0.000  -999.000  -999.000  -999.000  -999.000  -999.000  -999.000  -999.000  -999.000  -999.000  -999.000  -999.000  -999.000  -999.000  -999.000  -999.000  -999.000  -999.000  -999.000     3.118       NaN       NaN     0.412
 121.9270833    20.250     0.000     0.000     0.000     0.000  -999.000  -999.000  -999.000  -999.000  -999.000  -999.000  -999.000  -999.000  -999.000  -999.000  -999.000  -999.000  -999.000  -999.000  -999.000  -999.000  -999.000  -999.000     3.058       NaN       NaN     0.418
 121.9270833    19.750     0.000     0.000     0.000     0.000  -999.000  -999.000  -999.000  -999.000  -999.000  -999.000  -999.000  -999.000  -999.000  -999.000  -999.000  -999.000  -999.000  -999.000  -999.000  -999.000  -999.000  -999.000     2.997       NaN       NaN     0.425
 121.9270833    19.250     0.000     0.000     0.000     0.000  -999.000  -999.000  -999.000  -999.000  -999.000  -999.000  -999.000  -999.000  -999.000  -999.000  -999.000  -999.000  -999.000  -999.000  -999.000  -999.000  -999.000  -999.000     2.934       NaN       NaN     0.431
 121.9270833    18.750     0.000     0.000     0.000     0.000  -999.000  -999.000  -999.000  -999.000  -999.000  -999.000  -999.000  -999.000  -999.000  -999.000  -999.000  -999.000  -999.000  -999.000  -999.000  -999.000  -999.000  -999.000     2.871       NaN       NaN     0.438
 121.9270833    18.250     0.000     0.000     0.000     0.000  -999.000  -999.000  -999.000  -999.000  -999.000  -999.000  -999.000  -999.000  -999.000  -999.000  -999.000  -999.000  -999.000  -999.000  -999.000  -999.000  -999.000  -999.000     2.805       NaN       NaN     0.445
 121.9270833    17.750     0.000     0.000     0.000     0.000  -999.000  -999.000  -999.000  -999.000  -999.000  -999.000  -999.000  -999.000  -999.000  -999.000  -999.000  -999.000  -999.000  -999.000  -999.000  -999.000  -999.000  -999.000     2.738       NaN       NaN     0.453
 121.9270833    17.250     0.000     0.000     0.000     0.000  -999.000  -999.000  -999.000  -999.000  -999.000  -999.000  -999.000  -999.000  -999.000  -999.000  -999.000  -999.000  -999.000  -999.000  -999.000  -999.000  -999.000  -999.000     2.670       NaN       NaN     0.461
 121.9270833    16.750     0.000     0.000     0.000     0.000  -999.000  -999.000  -999.000  -999.000  -999.000  -999.000  -999.000  -999.000  -999.000  -999.000  -999.000  -999.000  -999.000  -999.000  -999.000  -999.000  -999.000  -999.000     2.600       NaN       NaN     0.469
 121.9270833    16.250     0.000     0.000     0.000     0.000  -999.000  -999.000  -999.000  -999.000  -999.000  -999.000  -999.000  -999.000  -999.000  -999.000  -999.000  -999.000  -999.000  -999.000  -999.000  -999.000  -999.000  -999.000     2.527       NaN       NaN     0.479
 121.9270833    15.750     0.000     0.000     0.000     0.000  -999.000  -999.000  -999.000  -999.000  -999.000  -999.000  -999.000  -999.000  -999.000  -999.000  -999.000  -999.000  -999.000  -999.000  -999.000  -999.000  -999.000  -999.000     2.452       NaN       NaN     0.488
 121.9270833    15.250     0.000     0.000     0.000     0.000  -999.000  -999.000  -999.000  -999.000  -999.000  -999.000  -999.000  -999.000  -999.000  -999.000  -999.000  -999.000  -999.000  -999.000  -999.000  -999.000  -999.000  -999.000     2.375       NaN       NaN     0.499
 121.9270833    14.750     0.000     0.000     0.000     0.000  -999.000  -999.000  -999.000  -999.000  -999.000  -999.000  -999.000  -999.000  -999.000  -999.000  -999.000  -999.000  -999.000  -999.000  -999.000  -999.000  -999.000  -999.000     2.295       NaN       NaN     0.510
 121.9270833    14.250     0.000     0.000     0.000     0.000  -999.000  -999.000  -999.000  -999.000  -999.000  -999.000  -999.000  -999.000  -999.000  -999.000  -999.000  -999.000  -999.000  -999.000  -999.000  -999.000  -999.000  -999.000     2.211       NaN       NaN     0.523
 121.9270833    13.750     0.000     0.000     0.000     0.000  -999.000  -999.000  -999.000  -999.000  -999.000  -999.000  -999.000  -999.000  -999.000  -999.000  -999.000  -999.000  -999.000  -999.000  -999.000  -999.000  -999.000  -999.000     2.124       NaN       NaN     0.537
 121.9270833    13.250     0.000     0.000     0.000     0.000  -999.000  -999.000  -999.000  -999.000  -999.000  -999.000  -999.000  -999.000  -999.000  -999.000  -999.000  -999.000  -999.000  -999.000  -999.000  -999.000  -999.000  -999.000     2.032       NaN       NaN     0.552
 121.9270833    12.750     0.000     0.000     0.000     0.000  -999.000  -999.000  -999.000  -999.000  -999.000  -999.000  -999.000  -999.000  -999.000  -999.000  -999.000  -999.000  -999.000  -999.000  -999.000  -999.000  -999.000  -999.000     1.935       NaN       NaN     0.569
 121.9270833    12.250     0.000     0.000     0.000     0.000  -999.000  -999.000  -999.000  -999.000  -999.000  -999.000  -999.000  -999.000  -999.000  -999.000  -999.000  -999.000  -999.000  -999.000  -999.000  -999.000  -999.000  -999.000     1.831       NaN       NaN     0.590
 121.9270833    11.750     0.000     0.000     0.000     0.000  -999.000  -999.000  -999.000  -999.000  -999.000  -999.000  -999.000  -999.000  -999.000  -999.000  -999.000  -999.000  -999.000  -999.000  -999.000  -999.000  -999.000  -999.000     1.720       NaN       NaN     0.615
 121.9270833    11.250     0.000     0.000     0.000     0.000  -999.000  -999.000  -999.000  -999.000  -999.000  -999.000  -999.000  -999.000  -999.000  -999.000  -999.000  -999.000  -999.000  -999.000  -999.000  -999.000  -999.000  -999.000     1.597       NaN       NaN     0.647
 121.9270833    10.750     0.000     0.000     0.000     0.000  -999.000  -999.000  -999.000  -999.000  -999.000  -999.000  -999.000  -999.000  -999.000  -999.000  -999.000  -999.000  -999.000  -999.000  -999.000  -999.000  -999.000  -999.000     1.459       NaN       NaN     0.685
 121.9270833    10.250     0.000     0.000     0.000     0.000  -999.000  -999.000  -999.000  -999.000  -999.000  -999.000  -999.000  -999.000  -999.000  -999.000  -999.000  -999.000  -999.000  -999.000  -999.000  -999.000  -999.000  -999.000     1.300       NaN       NaN     0.741
 121.9270833     9.750     0.939     0.304     0.285     0.019       NaN       NaN       NaN       NaN       NaN       NaN       NaN       NaN   587.398   256.411     0.002     0.002       NaN       NaN       NaN       NaN   122.312   121.365     1.115       NaN       NaN     0.841
 121.9270833     9.250     0.808     0.413     0.334     0.079       NaN       NaN       NaN       NaN       NaN       NaN       NaN       NaN   550.435   222.601     0.002     0.002       NaN       NaN       NaN       NaN   116.098   115.569     0.950       NaN       NaN     0.976
 121.9270833     8.750     0.675     0.446     0.301     0.145       NaN       NaN       NaN       NaN       NaN       NaN       NaN       NaN   512.689   186.409     0.002     0.002       NaN       NaN       NaN       NaN   109.025   108.683     0.810       NaN       NaN     1.145
 121.9270833     8.250     0.559     0.454     0.254     0.200       NaN       NaN       NaN       NaN       NaN       NaN       NaN       NaN   479.821   154.483     0.002     0.002       NaN       NaN       NaN       NaN   102.066   101.822     0.690       NaN       NaN     1.344
 121.9270833     7.750     0.463     0.448     0.207     0.240       NaN       NaN       NaN       NaN       NaN       NaN       NaN       NaN   452.585   127.952     0.002     0.002       NaN       NaN       NaN       NaN    95.533    95.351     0.588       NaN       NaN     1.577
 121.9270833     7.250     0.385     0.432     0.167     0.266       NaN       NaN       NaN       NaN       NaN       NaN       NaN       NaN   430.538   106.509     0.002     0.002       NaN       NaN       NaN       NaN    89.554    89.415     0.501       NaN       NaN     1.851
 121.9270833     6.750     0.323     0.411     0.133     0.278       NaN       NaN       NaN       NaN       NaN       NaN       NaN       NaN   412.896    89.431     0.002     0.002       NaN       NaN       NaN       NaN    84.173    84.065     0.427       NaN       NaN     2.173
 121.9270833     6.250     0.273     0.385     0.105     0.280       NaN       NaN       NaN       NaN       NaN       NaN       NaN       NaN   398.843    75.940     0.002     0.002       NaN       NaN       NaN       NaN    79.389    79.307     0.364       NaN       NaN     2.550
 121.9270833     5.750     0.234     0.356     0.083     0.273       NaN       NaN       NaN       NaN       NaN       NaN       NaN       NaN   387.649    65.331     0.002     0.002       NaN       NaN       NaN       NaN    75.181    75.118     0.310       NaN       NaN     2.993
 121.9270833     5.250     0.203     0.324     0.066     0.258       NaN       NaN       NaN       NaN       NaN       NaN       NaN       NaN   378.698    57.009     0.002     0.002       NaN       NaN       NaN       NaN    71.514    71.466     0.264       NaN       NaN     3.513
 121.9270833     4.750     0.178     0.291     0.052     0.239       NaN       NaN       NaN       NaN       NaN       NaN       NaN       NaN   371.486    50.493     0.002     0.002       NaN       NaN       NaN       NaN    68.350    68.314     0.225       NaN       NaN     4.123
 121.9270833     4.250     0.159     0.257     0.041     0.216       NaN       NaN       NaN       NaN       NaN       NaN       NaN       NaN   365.606    45.399     0.002     0.002       NaN       NaN       NaN       NaN    65.648    65.621     0.192       NaN       NaN     4.838
 121.9270833     3.750     0.144     0.223     0.032     0.191       NaN       NaN       NaN       NaN       NaN       NaN       NaN       NaN   360.725    41.425     0.002     0.002       NaN       NaN       NaN       NaN    63.370    63.351     0.163       NaN       NaN     5.678
 121.9270833     3.250     0.132     0.189     0.025     0.164       NaN       NaN       NaN       NaN       NaN       NaN       NaN       NaN   356.567    38.332     0.002     0.002       NaN       NaN       NaN       NaN    61.481    61.468     0.139       NaN       NaN     6.664
 121.9270833     2.750     0.123     0.155     0.019     0.136       NaN       NaN       NaN       NaN       NaN       NaN       NaN       NaN   352.887    35.934     0.002     0.002       NaN       NaN       NaN       NaN    59.946    59.937     0.119       NaN       NaN     7.822
 121.9270833     2.250     0.116     0.122     0.014     0.108       NaN       NaN       NaN       NaN       NaN       NaN       NaN       NaN   349.450    34.083     0.002     0.002       NaN       NaN       NaN       NaN    58.735    58.729     0.101       NaN       NaN     9.180
 121.9270833     1.750     0.111     0.091     0.010     0.081       NaN       NaN       NaN       NaN       NaN       NaN       NaN       NaN   345.996    32.657     0.002     0.002       NaN       NaN       NaN       NaN    57.818    57.815     0.086       NaN       NaN    10.774
 121.9270833     1.250     0.107     0.062     0.007     0.056       NaN       NaN       NaN       NaN       NaN       NaN       NaN       NaN   342.165    31.549     0.002     0.002       NaN       NaN       NaN       NaN    57.168    57.167     0.073       NaN       NaN    12.644
 121.9270833     0.750     0.105     0.036     0.004     0.032       NaN       NaN       NaN       NaN       NaN       NaN       NaN       NaN   337.339    30.645     0.002     0.002       NaN       NaN       NaN       NaN    56.757    56.757     0.062       NaN       NaN    14.840
 121.9270833     0.250     0.000     0.000     0.000     0.000  -999.000  -999.000  -999.000  -999.000  -999.000  -999.000  -999.000  -999.000  -999.000  -999.000  -999.000  -999.000  -999.000  -999.000  -999.000  -999.000  -999.000  -999.000     0.053       NaN       NaN    17.416
 121.9479167    22.750     0.000     0.000     0.000     0.000  -999.000  -999.000  -999.000  -999.000  -999.000  -999.000  -999.000  -999.000  -999.000  -999.000  -999.000  -999.000  -999.000  -999.000  -999.000  -999.000  -999.000  -999.000     4.328       NaN       NaN     0.145
 121.9479167    22.250     0.000     0.000     0.000     0.000  -999.000  -999.000  -999.000  -999.000  -999.000  -999.000  -999.000  -999.000  -999.000  -999.000  -999.000  -999.000  -999.000  -999.000  -999.000  -999.000  -999.000  -999.000     4.256       NaN       NaN     0.293
 121.9479167    21.750     0.000     0.000     0.000     0.000  -999.000  -999.000  -999.000  -999.000  -999.000  -999.000  -999.000  -999.000  -999.000  -999.000  -999.000  -999.000  -999.000  -999.000  -999.000  -999.000  -999.000  -999.000     4.182       NaN       NaN     0.297
 121.9479167    21.250     0.000     0.000     0.000     0.000  -999.000  -999.000  -999.000  -999.000  -999.000  -999.000  -999.000  -999.000  -999.000  -999.000  -999.000  -999.000  -999.000  -999.000  -999.000  -999.000  -999.000  -999.000     4.107       NaN       NaN     0.301
 121.9479167    20.750     0.000     0.000     0.000     0.000  -999.000  -999.000  -999.000  -999.000  -999.000  -999.000  -999.000  -999.000  -999.000  -999.000  -999.000  -999.000  -999.000  -999.000  -999.000  -999.000  -999.000  -999.000     4.031       NaN       NaN     0.305
 121.9479167    20.250     0.000     0.000     0.000     0.000  -999.000  -999.000  -999.000  -999.000  -999.000  -999.000  -999.000  -999.000  -999.000  -999.000  -999.000  -999.000  -999.000  -999.000  -999.000  -999.000  -999.000  -999.000     3.954       NaN       NaN     0.310
 121.9479167    19.750     0.000     0.000     0.000     0.000  -999.000  -999.000  -999.000  -999.000  -999.000  -999.000  -999.000  -999.000  -999.000  -999.000  -999.000  -999.000  -999.000  -999.000  -999.000  -999.000  -999.000  -999.000     3.875       NaN       NaN     0.314
 121.9479167    19.250     0.000     0.000     0.000     0.000  -999.000  -999.000  -999.000  -999.000  -999.000  -999.000  -999.000  -999.000  -999.000  -999.000  -999.000  -999.000  -999.000  -999.000  -999.000  -999.000  -999.000  -999.000     3.794       NaN       NaN     0.319
 121.9479167    18.750     0.000     0.000     0.000     0.000  -999.000  -999.000  -999.000  -999.000  -999.000  -999.000  -999.000  -999.000  -999.000  -999.000  -999.000  -999.000  -999.000  -999.000  -999.000  -999.000  -999.000  -999.000     3.711       NaN       NaN     0.324
 121.9479167    18.250     0.000     0.000     0.000     0.000  -999.000  -999.000  -999.000  -999.000  -999.000  -999.000  -999.000  -999.000  -999.000  -999.000  -999.000  -999.000  -999.000  -999.000  -999.000  -999.000  -999.000  -999.000     3.627       NaN       NaN     0.330
 121.9479167    17.750     0.000     0.000     0.000     0.000  -999.000  -999.000  -999.000  -999.000  -999.000  -999.000  -999.000  -999.000  -999.000  -999.000  -999.000  -999.000  -999.000  -999.000  -999.000  -999.000  -999.000  -999.000     3.541       NaN       NaN     0.335
 121.9479167    17.250     0.000     0.000     0.000     0.000  -999.000  -999.000  -999.000  -999.000  -999.000  -999.000  -999.000  -999.000  -999.000  -999.000  -999.000  -999.000  -999.000  -999.000  -999.000  -999.000  -999.000  -999.000     3.452       NaN       NaN     0.341
 121.9479167    16.750     0.000     0.000     0.000     0.000  -999.000  -999.000  -999.000  -999.000  -999.000  -999.000  -999.000  -999.000  -999.000  -999.000  -999.000  -999.000  -999.000  -999.000  -999.000  -999.000  -999.000  -999.000     3.361       NaN       NaN     0.347
 121.9479167    16.250     0.000     0.000     0.000     0.000  -999.000  -999.000  -999.000  -999.000  -999.000  -999.000  -999.000  -999.000  -999.000  -999.000  -999.000  -999.000  -999.000  -999.000  -999.000  -999.000  -999.000  -999.000     3.267       NaN       NaN     0.354
 121.9479167    15.750     0.000     0.000     0.000     0.000  -999.000  -999.000  -999.000  -999.000  -999.000  -999.000  -999.000  -999.000  -999.000  -999.000  -999.000  -999.000  -999.000  -999.000  -999.000  -999.000  -999.000  -999.000     3.171       NaN       NaN     0.361
 121.9479167    15.250     0.000     0.000     0.000     0.000  -999.000  -999.000  -999.000  -999.000  -999.000  -999.000  -999.000  -999.000  -999.000  -999.000  -999.000  -999.000  -999.000  -999.000  -999.000  -999.000  -999.000  -999.000     3.071       NaN       NaN     0.369
 121.9479167    14.750     0.000     0.000     0.000     0.000  -999.000  -999.000  -999.000  -999.000  -999.000  -999.000  -999.000  -999.000  -999.000  -999.000  -999.000  -999.000  -999.000  -999.000  -999.000  -999.000  -999.000  -999.000     2.967       NaN       NaN     0.378
 121.9479167    14.250     0.000     0.000     0.000     0.000  -999.000  -999.000  -999.000  -999.000  -999.000  -999.000  -999.000  -999.000  -999.000  -999.000  -999.000  -999.000  -999.000  -999.000  -999.000  -999.000  -999.000  -999.000     2.859       NaN       NaN     0.387
 121.9479167    13.750     0.000     0.000     0.000     0.000  -999.000  -999.000  -999.000  -999.000  -999.000  -999.000  -999.000  -999.000  -999.000  -999.000  -999.000  -999.000  -999.000  -999.000  -999.000  -999.000  -999.000  -999.000     2.746       NaN       NaN     0.397
 121.9479167    13.250     0.000     0.000     0.000     0.000  -999.000  -999.000  -999.000  -999.000  -999.000  -999.000  -999.000  -999.000  -999.000  -999.000  -999.000  -999.000  -999.000  -999.000  -999.000  -999.000  -999.000  -999.000     2.627       NaN       NaN     0.408
 121.9479167    12.750     0.000     0.000     0.000     0.000  -999.000  -999.000  -999.000  -999.000  -999.000  -999.000  -999.000  -999.000  -999.000  -999.000  -999.000  -999.000  -999.000  -999.000  -999.000  -999.000  -999.000  -999.000     2.502       NaN       NaN     0.421
 121.9479167    12.250     0.000     0.000     0.000     0.000  -999.000  -999.000  -999.000  -999.000  -999.000  -999.000  -999.000  -999.000  -999.000  -999.000  -999.000  -999.000  -999.000  -999.000  -999.000  -999.000  -999.000  -999.000     2.368       NaN       NaN     0.437
 121.9479167    11.750     0.000     0.000     0.000     0.000  -999.000  -999.000  -999.000  -999.000  -999.000  -999.000  -999.000  -999.000  -999.000  -999.000  -999.000  -999.000  -999.000  -999.000  -999.000  -999.000  -999.000  -999.000     2.223       NaN       NaN     0.455
 121.9479167    11.250     0.000     0.000     0.000     0.000  -999.000  -999.000  -999.000  -999.000  -999.000  -999.000  -999.000  -999.000  -999.000  -999.000  -999.000  -999.000  -999.000  -999.000  -999.000  -999.000  -999.000  -999.000     2.064       NaN       NaN     0.479
 121.9479167    10.750     0.000     0.000     0.000     0.000  -999.000  -999.000  -999.000  -999.000  -999.000  -999.000  -999.000  -999.000  -999.000  -999.000  -999.000  -999.000  -999.000  -999.000  -999.000  -999.000  -999.000  -999.000     1.887       NaN       NaN     0.507
 121.9479167    10.250     0.000     0.000     0.000     0.000  -999.000  -999.000  -999.000  -999.000  -999.000  -999.000  -999.000  -999.000  -999.000  -999.000  -999.000  -999.000  -999.000  -999.000  -999.000  -999.000  -999.000  -999.000     1.681       NaN       NaN     0.548
 121.9479167     9.750     0.939     0.304     0.285     0.019       NaN       NaN       NaN       NaN       NaN       NaN       NaN       NaN   679.863   276.184     0.002     0.002       NaN       NaN       NaN       NaN   122.312   121.365     1.442       NaN       NaN     0.622
 121.9479167     9.250     0.807     0.413     0.334     0.080       NaN       NaN       NaN       NaN       NaN       NaN       NaN       NaN   640.490   240.196     0.002     0.002       NaN       NaN       NaN       NaN   116.099   115.569     1.229       NaN       NaN     0.722
 121.9479167     8.750     0.674     0.446     0.300     0.146       NaN       NaN       NaN       NaN       NaN       NaN       NaN       NaN   600.189   201.593     0.002     0.002       NaN       NaN       NaN       NaN   109.026   108.684     1.047       NaN       NaN     0.848
 121.9479167     8.250     0.557     0.454     0.253     0.201       NaN       NaN       NaN       NaN       NaN       NaN       NaN       NaN   565.005   167.459     0.002     0.002       NaN       NaN       NaN       NaN   102.067   101.822     0.892       NaN       NaN     0.995
 121.9479167     7.750     0.461     0.448     0.206     0.241       NaN       NaN       NaN       NaN       NaN       NaN       NaN       NaN   535.766   139.026     0.002     0.002       NaN       NaN       NaN       NaN    95.534    95.351     0.760       NaN       NaN     1.168
 121.9479167     7.250     0.383     0.432     0.165     0.267       NaN       NaN       NaN       NaN       NaN       NaN       NaN       NaN   512.031   115.994     0.002     0.002       NaN       NaN       NaN       NaN    89.554    89.415     0.648       NaN       NaN     1.370
 121.9479167     6.750     0.320     0.411     0.132     0.279       NaN       NaN       NaN       NaN       NaN       NaN       NaN       NaN   492.983    97.614     0.002     0.002       NaN       NaN       NaN       NaN    84.173    84.065     0.552       NaN       NaN     1.608
 121.9479167     6.250     0.271     0.385     0.104     0.281       NaN       NaN       NaN       NaN       NaN       NaN       NaN       NaN   477.765    83.067     0.002     0.002       NaN       NaN       NaN       NaN    79.390    79.307     0.470       NaN       NaN     1.887
 121.9479167     5.750     0.232     0.356     0.082     0.273       NaN       NaN       NaN       NaN       NaN       NaN       NaN       NaN   465.602    71.609     0.002     0.002       NaN       NaN       NaN       NaN    75.182    75.118     0.401       NaN       NaN     2.215
 121.9479167     5.250     0.201     0.324     0.065     0.259       NaN       NaN       NaN       NaN       NaN       NaN       NaN       NaN   455.841    62.611     0.002     0.002       NaN       NaN       NaN       NaN    71.515    71.466     0.341       NaN       NaN     2.600
 121.9479167     4.750     0.176     0.291     0.051     0.240       NaN       NaN       NaN       NaN       NaN       NaN       NaN       NaN   447.942    55.558     0.002     0.002       NaN       NaN       NaN       NaN    68.350    68.314     0.291       NaN       NaN     3.051
 121.9479167     4.250     0.157     0.257     0.040     0.217       NaN       NaN       NaN       NaN       NaN       NaN       NaN       NaN   441.466    50.040     0.002     0.002       NaN       NaN       NaN       NaN    65.648    65.621     0.248       NaN       NaN     3.581
 121.9479167     3.750     0.142     0.223     0.032     0.191       NaN       NaN       NaN       NaN       NaN       NaN       NaN       NaN   436.053    45.732     0.002     0.002       NaN       NaN       NaN       NaN    63.370    63.351     0.211       NaN       NaN     4.203
 121.9479167     3.250     0.130     0.189     0.025     0.164       NaN       NaN       NaN       NaN       NaN       NaN       NaN       NaN   431.398    42.379     0.002     0.002       NaN       NaN       NaN       NaN    61.481    61.468     0.180       NaN       NaN     4.933
 121.9479167     2.750     0.121     0.155     0.019     0.136       NaN       NaN       NaN       NaN       NaN       NaN       NaN       NaN   427.230    39.778     0.002     0.002       NaN       NaN       NaN       NaN    59.946    59.937     0.153       NaN       NaN     5.789
 121.9479167     2.250     0.114     0.122     0.014     0.109       NaN       NaN       NaN       NaN       NaN       NaN       NaN       NaN   423.284    37.769     0.002     0.002       NaN       NaN       NaN       NaN    58.735    58.729     0.131       NaN       NaN     6.794
 121.9479167     1.750     0.109     0.091     0.010     0.081       NaN       NaN       NaN       NaN       NaN       NaN       NaN       NaN   419.255    36.219     0.002     0.002       NaN       NaN       NaN       NaN    57.818    57.815     0.111       NaN       NaN     7.974
 121.9479167     1.250     0.105     0.062     0.007     0.056       NaN       NaN       NaN       NaN       NaN       NaN       NaN       NaN   414.719    35.012     0.002     0.002       NaN       NaN       NaN       NaN    57.168    57.167     0.095       NaN       NaN     9.359
 121.9479167     0.750     0.103     0.036     0.004     0.032       NaN       NaN       NaN       NaN       NaN       NaN       NaN       NaN   408.935    34.022     0.002     0.002       NaN       NaN       NaN       NaN    56.757    56.757     0.081       NaN       NaN    10.984
 121.9479167     0.250     0.000     0.000     0.000     0.000  -999.000  -999.000  -999.000  -999.000  -999.000  -999.000  -999.000  -999.000  -999.000  -999.000  -999.000  -999.000  -999.000  -999.000  -999.000  -999.000  -999.000  -999.000     0.069       NaN       NaN    12.891
 121.9687500    22.750     0.000     0.000     0.000     0.000  -999.000  -999.000  -999.000  -999.000  -999.000  -999.000  -999.000  -999.000  -999.000  -999.000  -999.000  -999.000  -999.000  -999.000  -999.000  -999.000  -999.000  -999.000     4.752       NaN       NaN     0.127
 121.9687500    22.250     0.000     0.000     0.000     0.000  -999.000  -999.000  -999.000  -999.000  -999.000  -999.000  -999.000  -999.000  -999.000  -999.000  -999.000  -999.000  -999.000  -999.000  -999.000  -999.000  -999.000  -999.000     4.673       NaN       NaN     0.256
 121.9687500    21.750     0.000     0.000     0.000     0.000  -999.000  -999.000  -999.000  -999.000  -999.000  -999.000  -999.000  -999.000  -999.000  -999.000  -999.000  -999.000  -999.000  -999.000  -999.000  -999.000  -999.000  -999.000     4.592       NaN       NaN     0.260
 121.9687500    21.250     0.000     0.000     0.000     0.000  -999.000  -999.000  -999.000  -999.000  -999.000  -999.000  -999.000  -999.000  -999.000  -999.000  -999.000  -999.000  -999.000  -999.000  -999.000  -999.000  -999.000  -999.000     4.510       NaN       NaN     0.263
 121.9687500    20.750     0.000     0.000     0.000     0.000  -999.000  -999.000  -999.000  -999.000  -999.000  -999.000  -999.000  -999.000  -999.000  -999.000  -999.000  -999.000  -999.000  -999.000  -999.000  -999.000  -999.000  -999.000     4.426       NaN       NaN     0.267
 121.9687500    20.250     0.000     0.000     0.000     0.000  -999.000  -999.000  -999.000  -999.000  -999.000  -999.000  -999.000  -999.000  -999.000  -999.000  -999.000  -999.000  -999.000  -999.000  -999.000  -999.000  -999.000  -999.000     4.341       NaN       NaN     0.271
 121.9687500    19.750     0.000     0.000     0.000     0.000  -999.000  -999.000  -999.000  -999.000  -999.000  -999.000  -999.000  -999.000  -999.000  -999.000  -999.000  -999.000  -999.000  -999.000  -999.000  -999.000  -999.000  -999.000     4.254       NaN       NaN     0.275
 121.9687500    19.250     0.000     0.000     0.000     0.000  -999.000  -999.000  -999.000  -999.000  -999.000  -999.000  -999.000  -999.000  -999.000  -999.000  -999.000  -999.000  -999.000  -999.000  -999.000  -999.000  -999.000  -999.000     4.166       NaN       NaN     0.279
 121.9687500    18.750     0.000     0.000     0.000     0.000  -999.000  -999.000  -999.000  -999.000  -999.000  -999.000  -999.000  -999.000  -999.000  -999.000  -999.000  -999.000  -999.000  -999.000  -999.000  -999.000  -999.000  -999.000     4.075       NaN       NaN     0.283
 121.9687500    18.250     0.000     0.000     0.000     0.000  -999.000  -999.000  -999.000  -999.000  -999.000  -999.000  -999.000  -999.000  -999.000  -999.000  -999.000  -999.000  -999.000  -999.000  -999.000  -999.000  -999.000  -999.000     3.982       NaN       NaN     0.288
 121.9687500    17.750     0.000     0.000     0.000     0.000  -999.000  -999.000  -999.000  -999.000  -999.000  -999.000  -999.000  -999.000  -999.000  -999.000  -999.000  -999.000  -999.000  -999.000  -999.000  -999.000  -999.000  -999.000     3.888       NaN       NaN     0.293
 121.9687500    17.250     0.000     0.000     0.000     0.000  -999.000  -999.000  -999.000  -999.000  -999.000  -999.000  -999.000  -999.000  -999.000  -999.000  -999.000  -999.000  -999.000  -999.000  -999.000  -999.000  -999.000  -999.000     3.790       NaN       NaN     0.298
 121.9687500    16.750     0.000     0.000     0.000     0.000  -999.000  -999.000  -999.000  -999.000  -999.000  -999.000  -999.000  -999.000  -999.000  -999.000  -999.000  -999.000  -999.000  -999.000  -999.000  -999.000  -999.000  -999.000     3.690       NaN       NaN     0.304
 121.9687500    16.250     0.000     0.000     0.000     0.000  -999.000  -999.000  -999.000  -999.000  -999.000  -999.000  -999.000  -999.000  -999.000  -999.000  -999.000  -999.000  -999.000  -999.000  -999.000  -999.000  -999.000  -999.000     3.587       NaN       NaN     0.310
 121.9687500    15.750     0.000     0.000     0.000     0.000  -999.000  -999.000  -999.000  -999.000  -999.000  -999.000  -999.000  -999.000  -999.000  -999.000  -999.000  -999.000  -999.000  -999.000  -999.000  -999.000  -999.000  -999.000     3.481       NaN       NaN     0.316
 121.9687500    15.250     0.000     0.000     0.000     0.000  -999.000  -999.000  -999.000  -999.000  -999.000  -999.000  -999.000  -999.000  -999.000  -999.000  -999.000  -999.000  -999.000  -999.000  -999.000  -999.000  -999.000  -999.000     3.372       NaN       NaN     0.323
 121.9687500    14.750     0.000     0.000     0.000     0.000  -999.000  -999.000  -999.000  -999.000  -999.000  -999.000  -999.000  -999.000  -999.000  -999.000  -999.000  -999.000  -999.000  -999.000  -999.000  -999.000  -999.000  -999.000     3.258       NaN       NaN     0.330
 121.9687500    14.250     0.000     0.000     0.000     0.000  -999.000  -999.000  -999.000  -999.000  -999.000  -999.000  -999.000  -999.000  -999.000  -999.000  -999.000  -999.000  -999.000  -999.000  -999.000  -999.000  -999.000  -999.000     3.139       NaN       NaN     0.338
 121.9687500    13.750     0.000     0.000     0.000     0.000  -999.000  -999.000  -999.000  -999.000  -999.000  -999.000  -999.000  -999.000  -999.000  -999.000  -999.000  -999.000  -999.000  -999.000  -999.000  -999.000  -999.000  -999.000     3.015       NaN       NaN     0.347
 121.9687500    13.250     0.000     0.000     0.000     0.000  -999.000  -999.000  -999.000  -999.000  -999.000  -999.000  -999.000  -999.000  -999.000  -999.000  -999.000  -999.000  -999.000  -999.000  -999.000  -999.000  -999.000  -999.000     2.885       NaN       NaN     0.357
 121.9687500    12.750     0.000     0.000     0.000     0.000  -999.000  -999.000  -999.000  -999.000  -999.000  -999.000  -999.000  -999.000  -999.000  -999.000  -999.000  -999.000  -999.000  -999.000  -999.000  -999.000  -999.000  -999.000     2.747       NaN       NaN     0.368
 121.9687500    12.250     0.000     0.000     0.000     0.000  -999.000  -999.000  -999.000  -999.000  -999.000  -999.000  -999.000  -999.000  -999.000  -999.000  -999.000  -999.000  -999.000  -999.000  -999.000  -999.000  -999.000  -999.000     2.600       NaN       NaN     0.382
 121.9687500    11.750     0.000     0.000     0.000     0.000  -999.000  -999.000  -999.000  -999.000  -999.000  -999.000  -999.000  -999.000  -999.000  -999.000  -999.000  -999.000  -999.000  -999.000  -999.000  -999.000  -999.000  -999.000     2.441       NaN       NaN     0.398
 121.9687500    11.250     0.000     0.000     0.000     0.000  -999.000  -999.000  -999.000  -999.000  -999.000  -999.000  -999.000  -999.000  -999.000  -999.000  -999.000  -999.000  -999.000  -999.000  -999.000  -999.000  -999.000  -999.000     2.267       NaN       NaN     0.419
 121.9687500    10.750     0.000     0.000     0.000     0.000  -999.000  -999.000  -999.000  -999.000  -999.000  -999.000  -999.000  -999.000  -999.000  -999.000  -999.000  -999.000  -999.000  -999.000  -999.000  -999.000  -999.000  -999.000     2.072       NaN       NaN     0.443
 121.9687500    10.250     0.000     0.000     0.000     0.000  -999.000  -999.000  -999.000  -999.000  -999.000  -999.000  -999.000  -999.000  -999.000  -999.000  -999.000  -999.000  -999.000  -999.000  -999.000  -999.000  -999.000  -999.000     1.846       NaN       NaN     0.479
 121.9687500     9.750     0.938     0.304     0.285     0.019       NaN       NaN       NaN       NaN       NaN       NaN       NaN       NaN   501.701   240.128     0.002     0.002       NaN       NaN       NaN       NaN   122.313   121.365     1.583       NaN       NaN     0.544
 121.9687500     9.250     0.806     0.413     0.333     0.080       NaN       NaN       NaN       NaN       NaN       NaN       NaN       NaN   466.589   207.982     0.002     0.002       NaN       NaN       NaN       NaN   116.100   115.569     1.349       NaN       NaN     0.631
 121.9687500     8.750     0.671     0.446     0.299     0.147       NaN       NaN       NaN       NaN       NaN       NaN       NaN       NaN   430.818   173.646     0.002     0.002       NaN       NaN       NaN       NaN   109.027   108.684     1.149       NaN       NaN     0.741
 121.9687500     8.250     0.554     0.454     0.251     0.202       NaN       NaN       NaN       NaN       NaN       NaN       NaN       NaN   399.762   143.435     0.002     0.002       NaN       NaN       NaN       NaN   102.068   101.823     0.979       NaN       NaN     0.870
 121.9687500     7.750     0.457     0.448     0.205     0.243       NaN       NaN       NaN       NaN       NaN       NaN       NaN       NaN   374.108   118.397     0.002     0.002       NaN       NaN       NaN       NaN    95.535    95.351     0.834       NaN       NaN     1.021
 121.9687500     7.250     0.379     0.432     0.164     0.269       NaN       NaN       NaN       NaN       NaN       NaN       NaN       NaN   353.411    98.212     0.002     0.002       NaN       NaN       NaN       NaN    89.555    89.415     0.711       NaN       NaN     1.198
 121.9687500     6.750     0.317     0.411     0.130     0.281       NaN       NaN       NaN       NaN       NaN       NaN       NaN       NaN   336.905    82.175     0.002     0.002       NaN       NaN       NaN       NaN    84.174    84.066     0.606       NaN       NaN     1.406
 121.9687500     6.250     0.267     0.385     0.103     0.282       NaN       NaN       NaN       NaN       NaN       NaN       NaN       NaN   323.805    69.533     0.002     0.002       NaN       NaN       NaN       NaN    79.390    79.307     0.516       NaN       NaN     1.650
 121.9687500     5.750     0.228     0.356     0.081     0.275       NaN       NaN       NaN       NaN       NaN       NaN       NaN       NaN   313.409    59.609     0.002     0.002       NaN       NaN       NaN       NaN    75.182    75.118     0.440       NaN       NaN     1.937
 121.9687500     5.250     0.197     0.324     0.064     0.260       NaN       NaN       NaN       NaN       NaN       NaN       NaN       NaN   305.133    51.835     0.002     0.002       NaN       NaN       NaN       NaN    71.515    71.466     0.375       NaN       NaN     2.273
 121.9687500     4.750     0.173     0.291     0.050     0.241       NaN       NaN       NaN       NaN       NaN       NaN       NaN       NaN   298.499    45.755     0.002     0.002       NaN       NaN       NaN       NaN    68.350    68.314     0.319       NaN       NaN     2.668
 121.9687500     4.250     0.154     0.257     0.040     0.218       NaN       NaN       NaN       NaN       NaN       NaN       NaN       NaN   293.125    41.004     0.002     0.002       NaN       NaN       NaN       NaN    65.648    65.621     0.272       NaN       NaN     3.131
 121.9687500     3.750     0.139     0.223     0.031     0.192       NaN       NaN       NaN       NaN       NaN       NaN       NaN       NaN   288.704    37.298     0.002     0.002       NaN       NaN       NaN       NaN    63.370    63.351     0.232       NaN       NaN     3.674
 121.9687500     3.250     0.127     0.189     0.024     0.165       NaN       NaN       NaN       NaN       NaN       NaN       NaN       NaN   284.980    34.415     0.002     0.002       NaN       NaN       NaN       NaN    61.481    61.468     0.198       NaN       NaN     4.312
 121.9687500     2.750     0.118     0.155     0.018     0.137       NaN       NaN       NaN       NaN       NaN       NaN       NaN       NaN   281.734    32.180     0.002     0.002       NaN       NaN       NaN       NaN    59.946    59.937     0.168       NaN       NaN     5.061
 121.9687500     2.250     0.112     0.122     0.014     0.109       NaN       NaN       NaN       NaN       NaN       NaN       NaN       NaN   278.762    30.457     0.002     0.002       NaN       NaN       NaN       NaN    58.735    58.729     0.143       NaN       NaN     5.940
 121.9687500     1.750     0.107     0.091     0.010     0.082       NaN       NaN       NaN       NaN       NaN       NaN       NaN       NaN   275.840    29.132     0.002     0.002       NaN       NaN       NaN       NaN    57.818    57.815     0.122       NaN       NaN     6.971
 121.9687500     1.250     0.103     0.062     0.006     0.056       NaN       NaN       NaN       NaN       NaN       NaN       NaN       NaN   272.671    28.107     0.002     0.002       NaN       NaN       NaN       NaN    57.168    57.167     0.104       NaN       NaN     8.182
 121.9687500     0.750     0.101     0.036     0.004     0.032       NaN       NaN       NaN       NaN       NaN       NaN       NaN       NaN   268.754    27.279     0.002     0.002       NaN       NaN       NaN       NaN    56.757    56.757     0.089       NaN       NaN     9.602
 121.9687500     0.250     0.000     0.000     0.000     0.000  -999.000  -999.000  -999.000  -999.000  -999.000  -999.000  -999.000  -999.000  -999.000  -999.000  -999.000  -999.000  -999.000  -999.000  -999.000  -999.000  -999.000  -999.000     0.076       NaN       NaN    11.270
 121.9895833    22.750     0.000     0.000     0.000     0.000  -999.000  -999.000  -999.000  -999.000  -999.000  -999.000  -999.000  -999.000  -999.000  -999.000  -999.000  -999.000  -999.000  -999.000  -999.000  -999.000  -999.000  -999.000     4.938       NaN       NaN     0.119
 121.9895833    22.250     0.000     0.000     0.000     0.000  -999.000  -999.000  -999.000  -999.000  -999.000  -999.000  -999.000  -999.000  -999.000  -999.000  -999.000  -999.000  -999.000  -999.000  -999.000  -999.000  -999.000  -999.000     4.856       NaN       NaN     0.240
 121.9895833    21.750     0.000     0.000     0.000     0.000  -999.000  -999.000  -999.000  -999.000  -999.000  -999.000  -999.000  -999.000  -999.000  -999.000  -999.000  -999.000  -999.000  -999.000  -999.000  -999.000  -999.000  -999.000     4.772       NaN       NaN     0.243
 121.9895833    21.250     0.000     0.000     0.000     0.000  -999.000  -999.000  -999.000  -999.000  -999.000  -999.000  -999.000  -999.000  -999.000  -999.000  -999.000  -999.000  -999.000  -999.000  -999.000  -999.000  -999.000  -999.000     4.687       NaN       NaN     0.247
 121.9895833    20.750     0.000     0.000     0.000     0.000  -999.000  -999.000  -999.000  -999.000  -999.000  -999.000  -999.000  -999.000  -999.000  -999.000  -999.000  -999.000  -999.000  -999.000  -999.000  -999.000  -999.000  -999.000     4.600       NaN       NaN     0.250
 121.9895833    20.250     0.000     0.000     0.000     0.000  -999.000  -999.000  -999.000  -999.000  -999.000  -999.000  -999.000  -999.000  -999.000  -999.000  -999.000  -999.000  -999.000  -999.000  -999.000  -999.000  -999.000  -999.000     4.511       NaN       NaN     0.254
 121.9895833    19.750     0.000     0.000     0.000     0.000  -999.000  -999.000  -999.000  -999.000  -999.000  -999.000  -999.000  -999.000  -999.000  -999.000  -999.000  -999.000  -999.000  -999.000  -999.000  -999.000  -999.000  -999.000     4.421       NaN       NaN     0.258
 121.9895833    19.250     0.000     0.000     0.000     0.000  -999.000  -999.000  -999.000  -999.000  -999.000  -999.000  -999.000  -999.000  -999.000  -999.000  -999.000  -999.000  -999.000  -999.000  -999.000  -999.000  -999.000  -999.000     4.329       NaN       NaN     0.262
 121.9895833    18.750     0.000     0.000     0.000     0.000  -999.000  -999.000  -999.000  -999.000  -999.000  -999.000  -999.000  -999.000  -999.000  -999.000  -999.000  -999.000  -999.000  -999.000  -999.000  -999.000  -999.000  -999.000     4.235       NaN       NaN     0.266
 121.9895833    18.250     0.000     0.000     0.000     0.000  -999.000  -999.000  -999.000  -999.000  -999.000  -999.000  -999.000  -999.000  -999.000  -999.000  -999.000  -999.000  -999.000  -999.000  -999.000  -999.000  -999.000  -999.000     4.138       NaN       NaN     0.270
 121.9895833    17.750     0.000     0.000     0.000     0.000  -999.000  -999.000  -999.000  -999.000  -999.000  -999.000  -999.000  -999.000  -999.000  -999.000  -999.000  -999.000  -999.000  -999.000  -999.000  -999.000  -999.000  -999.000     4.040       NaN       NaN     0.275
 121.9895833    17.250     0.000     0.000     0.000     0.000  -999.000  -999.000  -999.000  -999.000  -999.000  -999.000  -999.000  -999.000  -999.000  -999.000  -999.000  -999.000  -999.000  -999.000  -999.000  -999.000  -999.000  -999.000     3.939       NaN       NaN     0.280
 121.9895833    16.750     0.000     0.000     0.000     0.000  -999.000  -999.000  -999.000  -999.000  -999.000  -999.000  -999.000  -999.000  -999.000  -999.000  -999.000  -999.000  -999.000  -999.000  -999.000  -999.000  -999.000  -999.000     3.835       NaN       NaN     0.285
 121.9895833    16.250     0.000     0.000     0.000     0.000  -999.000  -999.000  -999.000  -999.000  -999.000  -999.000  -999.000  -999.000  -999.000  -999.000  -999.000  -999.000  -999.000  -999.000  -999.000  -999.000  -999.000  -999.000     3.728       NaN       NaN     0.290
 121.9895833    15.750     0.000     0.000     0.000     0.000  -999.000  -999.000  -999.000  -999.000  -999.000  -999.000  -999.000  -999.000  -999.000  -999.000  -999.000  -999.000  -999.000  -999.000  -999.000  -999.000  -999.000  -999.000     3.618       NaN       NaN     0.296
 121.9895833    15.250     0.000     0.000     0.000     0.000  -999.000  -999.000  -999.000  -999.000  -999.000  -999.000  -999.000  -999.000  -999.000  -999.000  -999.000  -999.000  -999.000  -999.000  -999.000  -999.000  -999.000  -999.000     3.504       NaN       NaN     0.303
 121.9895833    14.750     0.000     0.000     0.000     0.000  -999.000  -999.000  -999.000  -999.000  -999.000  -999.000  -999.000  -999.000  -999.000  -999.000  -999.000  -999.000  -999.000  -999.000  -999.000  -999.000  -999.000  -999.000     3.385       NaN       NaN     0.309
 121.9895833    14.250     0.000     0.000     0.000     0.000  -999.000  -999.000  -999.000  -999.000  -999.000  -999.000  -999.000  -999.000  -999.000  -999.000  -999.000  -999.000  -999.000  -999.000  -999.000  -999.000  -999.000  -999.000     3.262       NaN       NaN     0.317
 121.9895833    13.750     0.000     0.000     0.000     0.000  -999.000  -999.000  -999.000  -999.000  -999.000  -999.000  -999.000  -999.000  -999.000  -999.000  -999.000  -999.000  -999.000  -999.000  -999.000  -999.000  -999.000  -999.000     3.133       NaN       NaN     0.326
 121.9895833    13.250     0.000     0.000     0.000     0.000  -999.000  -999.000  -999.000  -999.000  -999.000  -999.000  -999.000  -999.000  -999.000  -999.000  -999.000  -999.000  -999.000  -999.000  -999.000  -999.000  -999.000  -999.000     2.998       NaN       NaN     0.335
 121.9895833    12.750     0.000     0.000     0.000     0.000  -999.000  -999.000  -999.000  -999.000  -999.000  -999.000  -999.000  -999.000  -999.000  -999.000  -999.000  -999.000  -999.000  -999.000  -999.000  -999.000  -999.000  -999.000     2.855       NaN       NaN     0.345
 121.9895833    12.250     0.000     0.000     0.000     0.000  -999.000  -999.000  -999.000  -999.000  -999.000  -999.000  -999.000  -999.000  -999.000  -999.000  -999.000  -999.000  -999.000  -999.000  -999.000  -999.000  -999.000  -999.000     2.702       NaN       NaN     0.358
 121.9895833    11.750     0.000     0.000     0.000     0.000  -999.000  -999.000  -999.000  -999.000  -999.000  -999.000  -999.000  -999.000  -999.000  -999.000  -999.000  -999.000  -999.000  -999.000  -999.000  -999.000  -999.000  -999.000     2.537       NaN       NaN     0.373
 121.9895833    11.250     0.000     0.000     0.000     0.000  -999.000  -999.000  -999.000  -999.000  -999.000  -999.000  -999.000  -999.000  -999.000  -999.000  -999.000  -999.000  -999.000  -999.000  -999.000  -999.000  -999.000  -999.000     2.356       NaN       NaN     0.393
 121.9895833    10.750     0.000     0.000     0.000     0.000  -999.000  -999.000  -999.000  -999.000  -999.000  -999.000  -999.000  -999.000  -999.000  -999.000  -999.000  -999.000  -999.000  -999.000  -999.000  -999.000  -999.000  -999.000     2.153       NaN       NaN     0.416
 121.9895833    10.250     0.000     0.000     0.000     0.000  -999.000  -999.000  -999.000  -999.000  -999.000  -999.000  -999.000  -999.000  -999.000  -999.000  -999.000  -999.000  -999.000  -999.000  -999.000  -999.000  -999.000  -999.000     1.918       NaN       NaN     0.450
 121.9895833     9.750     0.937     0.304     0.285     0.019       NaN       NaN       NaN       NaN       NaN       NaN       NaN       NaN   440.756   224.176     0.002     0.002       NaN       NaN       NaN       NaN   122.314   121.365     1.645       NaN       NaN     0.510
 121.9895833     9.250     0.803     0.413     0.332     0.081       NaN       NaN       NaN       NaN       NaN       NaN       NaN       NaN   407.695   193.891     0.002     0.002       NaN       NaN       NaN       NaN   116.101   115.570     1.402       NaN       NaN     0.592
 121.9895833     8.750     0.667     0.446     0.298     0.148       NaN       NaN       NaN       NaN       NaN       NaN       NaN       NaN   374.060   161.584     0.002     0.002       NaN       NaN       NaN       NaN   109.028   108.685     1.194       NaN       NaN     0.695
 121.9895833     8.250     0.550     0.454     0.249     0.204       NaN       NaN       NaN       NaN       NaN       NaN       NaN       NaN   344.911   133.203     0.002     0.002       NaN       NaN       NaN       NaN   102.069   101.823     1.018       NaN       NaN     0.816
 121.9895833     7.750     0.453     0.448     0.203     0.245       NaN       NaN       NaN       NaN       NaN       NaN       NaN       NaN   320.878   109.719     0.002     0.002       NaN       NaN       NaN       NaN    95.536    95.352     0.867       NaN       NaN     0.957
 121.9895833     7.250     0.374     0.432     0.162     0.271       NaN       NaN       NaN       NaN       NaN       NaN       NaN       NaN   301.527    90.817     0.002     0.002       NaN       NaN       NaN       NaN    89.556    89.415     0.739       NaN       NaN     1.123
 121.9895833     6.750     0.312     0.411     0.128     0.283       NaN       NaN       NaN       NaN       NaN       NaN       NaN       NaN   286.128    75.821     0.002     0.002       NaN       NaN       NaN       NaN    84.175    84.066     0.630       NaN       NaN     1.318
 121.9895833     6.250     0.263     0.385     0.101     0.284       NaN       NaN       NaN       NaN       NaN       NaN       NaN       NaN   273.932    64.014     0.002     0.002       NaN       NaN       NaN       NaN    79.391    79.307     0.536       NaN       NaN     1.547
 121.9895833     5.750     0.224     0.356     0.080     0.276       NaN       NaN       NaN       NaN       NaN       NaN       NaN       NaN   264.278    54.756     0.002     0.002       NaN       NaN       NaN       NaN    75.183    75.118     0.457       NaN       NaN     1.816
 121.9895833     5.250     0.193     0.324     0.063     0.262       NaN       NaN       NaN       NaN       NaN       NaN       NaN       NaN   256.612    47.511     0.002     0.002       NaN       NaN       NaN       NaN    71.516    71.466     0.389       NaN       NaN     2.131
 121.9895833     4.750     0.169     0.291     0.049     0.242       NaN       NaN       NaN       NaN       NaN       NaN       NaN       NaN   250.488    41.847     0.002     0.002       NaN       NaN       NaN       NaN    68.351    68.314     0.332       NaN       NaN     2.501
 121.9895833     4.250     0.150     0.257     0.039     0.219       NaN       NaN       NaN       NaN       NaN       NaN       NaN       NaN   245.548    37.423     0.002     0.002       NaN       NaN       NaN       NaN    65.648    65.622     0.283       NaN       NaN     2.936
 121.9895833     3.750     0.135     0.223     0.030     0.193       NaN       NaN       NaN       NaN       NaN       NaN       NaN       NaN   241.505    33.973     0.002     0.002       NaN       NaN       NaN       NaN    63.371    63.351     0.241       NaN       NaN     3.446
 121.9895833     3.250     0.124     0.189     0.023     0.165       NaN       NaN       NaN       NaN       NaN       NaN       NaN       NaN   238.126    31.290     0.002     0.002       NaN       NaN       NaN       NaN    61.481    61.468     0.205       NaN       NaN     4.044
 121.9895833     2.750     0.115     0.155     0.018     0.137       NaN       NaN       NaN       NaN       NaN       NaN       NaN       NaN   235.212    29.211     0.002     0.002       NaN       NaN       NaN       NaN    59.946    59.937     0.175       NaN       NaN     4.746
 121.9895833     2.250     0.108     0.122     0.013     0.109       NaN       NaN       NaN       NaN       NaN       NaN       NaN       NaN   232.578    27.608     0.002     0.002       NaN       NaN       NaN       NaN    58.735    58.729     0.149       NaN       NaN     5.570
 121.9895833     1.750     0.103     0.091     0.009     0.082       NaN       NaN       NaN       NaN       NaN       NaN       NaN       NaN   230.028    26.377     0.002     0.002       NaN       NaN       NaN       NaN    57.818    57.815     0.127       NaN       NaN     6.537
 121.9895833     1.250     0.100     0.062     0.006     0.056       NaN       NaN       NaN       NaN       NaN       NaN       NaN       NaN   227.308    25.428     0.002     0.002       NaN       NaN       NaN       NaN    57.168    57.167     0.108       NaN       NaN     7.672
 121.9895833     0.750     0.098     0.036     0.003     0.032       NaN       NaN       NaN       NaN       NaN       NaN       NaN       NaN   223.996    24.664     0.002     0.002       NaN       NaN       NaN       NaN    56.757    56.757     0.092       NaN       NaN     9.004
 121.9895833     0.250     0.000     0.000     0.000     0.000  -999.000  -999.000  -999.000  -999.000  -999.000  -999.000  -999.000  -999.000  -999.000  -999.000  -999.000  -999.000  -999.000  -999.000  -999.000  -999.000  -999.000  -999.000     0.079       NaN       NaN    10.568
