# PROBE mlrungekuttamod.rungekuttaupdate_flat: call=19
# irk = 3
# num_filter = 1
# np_ = 1
# INPUT: a(4,4)
 1.00000000000000004E+036
 5.00000000000000000E-001
 0.00000000000000000E+000
 0.00000000000000000E+000
 1.00000000000000004E+036
 1.00000000000000004E+036
 5.00000000000000000E-001
 0.00000000000000000E+000
 1.00000000000000004E+036
 1.00000000000000004E+036
 1.00000000000000004E+036
 1.00000000000000000E+000
 1.00000000000000004E+036
 1.00000000000000004E+036
 1.00000000000000004E+036
 1.00000000000000004E+036
# INPUT: b(4)
 1.66666666666666657E-001
 3.33333333333333315E-001
 3.33333333333333315E-001
 1.66666666666666657E-001
# INPUT: c(4)
 0.00000000000000000E+000
 5.00000000000000000E-001
 5.00000000000000000E-001
 1.00000000000000000E+000
# INPUT: filter(1)
1
# INPUT: mlcanopy_inst__deair_profile(1,100,4)
 5.77390941490200476E+001
 5.61165188275758737E+001
 5.36557553804375402E+001
 5.07100155124173853E+001
 4.75336707470455622E+001
 4.43337418028690990E+001
 4.11925925976929648E+001
 3.82317660176743175E+001
 3.54922623680888591E+001
 3.29979241399632883E+001
 3.07539525361985397E+001
 2.87550931946332184E+001
 2.70223739200989712E+001
 2.55038209351876048E+001
 2.41800343720012734E+001
 2.30307917732420719E+001
 2.20395175656904030E+001
 2.11946612436263422E+001
 2.04682888389156687E+001
 1.97416367670020918E+001
 1.89597113779921074E+001
 1.82663074195777426E+001
 1.76205986830320853E+001
 1.70036886105326630E+001
 1.64085164118027933E+001
 1.58269469386796118E+001
 1.52577839312430115E+001
 1.46968629809978211E+001
 1.41441278214524573E+001
 1.35975823389097741E+001
 1.30570820049773602E+001
 1.25219666350227499E+001
 1.19919238633469831E+001
 1.14669864972694313E+001
 1.09468030922358821E+001
 1.04317360926835363E+001
 9.92131616172071062E+000
 9.41613888965605383E+000
 8.91591547816278762E+000
 8.42110391099333810E+000
 7.93156418912803929E+000
 7.44767430060574043E+000
 6.96945885326147163E+000
 6.49714402141296432E+000
 6.03094707402544827E+000
 5.57088451815388908E+000
 1.00000000000000004E+036
 1.00000000000000004E+036
 1.00000000000000004E+036
 1.00000000000000004E+036
 1.00000000000000004E+036
 1.00000000000000004E+036
 1.00000000000000004E+036
 1.00000000000000004E+036
 1.00000000000000004E+036
 1.00000000000000004E+036
 1.00000000000000004E+036
 1.00000000000000004E+036
 1.00000000000000004E+036
 1.00000000000000004E+036
 1.00000000000000004E+036
 1.00000000000000004E+036
 1.00000000000000004E+036
 1.00000000000000004E+036
 1.00000000000000004E+036
 1.00000000000000004E+036
 1.00000000000000004E+036
 1.00000000000000004E+036
 1.00000000000000004E+036
 1.00000000000000004E+036
 1.00000000000000004E+036
 1.00000000000000004E+036
 1.00000000000000004E+036
 1.00000000000000004E+036
 1.00000000000000004E+036
 1.00000000000000004E+036
 1.00000000000000004E+036
 1.00000000000000004E+036
 1.00000000000000004E+036
 1.00000000000000004E+036
 1.00000000000000004E+036
 1.00000000000000004E+036
 1.00000000000000004E+036
 1.00000000000000004E+036
 1.00000000000000004E+036
 1.00000000000000004E+036
 1.00000000000000004E+036
 1.00000000000000004E+036
 1.00000000000000004E+036
 1.00000000000000004E+036
 1.00000000000000004E+036
 1.00000000000000004E+036
 1.00000000000000004E+036
 1.00000000000000004E+036
 1.00000000000000004E+036
 1.00000000000000004E+036
 1.00000000000000004E+036
 1.00000000000000004E+036
 1.00000000000000004E+036
 1.00000000000000004E+036
 6.94623630360965763E+001
 6.57582445341840867E+001
 6.22502004206849051E+001
 5.89115839798560046E+001
 5.57435046280588722E+001
 5.27445181752277676E+001
 4.99260229418068775E+001
 4.73286052264952559E+001
 4.49394062066846800E+001
 4.26996289021587927E+001
 4.05990662775532201E+001
 3.86258337914409822E+001
 3.68001965100665984E+001
 3.50702311053710218E+001
 3.34430347237664591E+001
 3.19005551731979722E+001
 3.04267632724424857E+001
 2.90184416895610866E+001
 2.76883158887194440E+001
 2.63851340259154767E+001
 2.51566218851310168E+001
 2.40993354398638076E+001
 2.31636566344329822E+001
 2.22535523526667021E+001
 2.13848044184346691E+001
 2.05618951460908193E+001
 1.97348085900814567E+001
 1.89452966798287434E+001
 1.81445269335658850E+001
 1.73678351450997752E+001
 1.65918513645135590E+001
 1.58234399931765211E+001
 1.50667844849807580E+001
 1.43079112086945770E+001
 1.35641205284313173E+001
 1.28173871599308313E+001
 1.20819374977577354E+001
 1.13495911773444504E+001
 1.06229792175448665E+001
 9.90227846710195081E+000
 9.18571525865968397E+000
 8.47537321201559735E+000
 7.76966694875670782E+000
 7.06986582018873833E+000
 6.37523502687918153E+000
 5.68588322998209605E+000
 1.00000000000000004E+036
 1.00000000000000004E+036
 1.00000000000000004E+036
 1.00000000000000004E+036
 1.00000000000000004E+036
 1.00000000000000004E+036
 1.00000000000000004E+036
 1.00000000000000004E+036
 1.00000000000000004E+036
 1.00000000000000004E+036
 1.00000000000000004E+036
 1.00000000000000004E+036
 1.00000000000000004E+036
 1.00000000000000004E+036
 1.00000000000000004E+036
 1.00000000000000004E+036
 1.00000000000000004E+036
 1.00000000000000004E+036
 1.00000000000000004E+036
 1.00000000000000004E+036
 1.00000000000000004E+036
 1.00000000000000004E+036
 1.00000000000000004E+036
 1.00000000000000004E+036
 1.00000000000000004E+036
 1.00000000000000004E+036
 1.00000000000000004E+036
 1.00000000000000004E+036
 1.00000000000000004E+036
 1.00000000000000004E+036
 1.00000000000000004E+036
 1.00000000000000004E+036
 1.00000000000000004E+036
 1.00000000000000004E+036
 1.00000000000000004E+036
 1.00000000000000004E+036
 1.00000000000000004E+036
 1.00000000000000004E+036
 1.00000000000000004E+036
 1.00000000000000004E+036
 1.00000000000000004E+036
 1.00000000000000004E+036
 1.00000000000000004E+036
 1.00000000000000004E+036
 1.00000000000000004E+036
 1.00000000000000004E+036
 1.00000000000000004E+036
 1.00000000000000004E+036
 1.00000000000000004E+036
 1.00000000000000004E+036
 1.00000000000000004E+036
 1.00000000000000004E+036
 1.00000000000000004E+036
 1.00000000000000004E+036
 8.36362141167385289E+001
 8.10979018229061239E+001
 7.77400688432242077E+001
 7.39183179403844406E+001
 6.98695506763856429E+001
 6.57576315650385368E+001
 6.16950723542452124E+001
 5.77548618389037074E+001
 5.40358333281508294E+001
 5.05208530160271039E+001
 4.72307021724673177E+001
 4.41745911669656834E+001
 4.13853720315180453E+001
 3.88217479377847212E+001
 3.64703051108563159E+001
 3.43215175375448780E+001
 3.23612182234323882E+001
 3.05767343222157706E+001
 2.89670077064529323E+001
 2.75829008794667061E+001
 2.63244050032913037E+001
 2.52058930712300935E+001
 2.41739905315498618E+001
 2.31674007970188995E+001
 2.22021667729072760E+001
 2.12372402335465722E+001
 2.02973510003082538E+001
 1.93508605687404724E+001
 1.84199774624796646E+001
 1.74856334224127750E+001
 1.65584434091315416E+001
 1.56328244778638918E+001
 1.47096599188714663E+001
 1.37911131882101472E+001
 1.28731255858349414E+001
 1.19613347888093813E+001
 1.10496658234241067E+001
 1.01462336484563593E+001
 9.24313104866382673E+000
 8.34920589797638968E+000
 7.45596916695797063E+000
 6.57310011196420874E+000
 5.69199040641331067E+000
 4.82132556095666587E+000
 3.95457522354456614E+000
 3.09785142070552411E+000
 1.00000000000000004E+036
 1.00000000000000004E+036
 1.00000000000000004E+036
 1.00000000000000004E+036
 1.00000000000000004E+036
 1.00000000000000004E+036
 1.00000000000000004E+036
 1.00000000000000004E+036
 1.00000000000000004E+036
 1.00000000000000004E+036
 1.00000000000000004E+036
 1.00000000000000004E+036
 1.00000000000000004E+036
 1.00000000000000004E+036
 1.00000000000000004E+036
 1.00000000000000004E+036
 1.00000000000000004E+036
 1.00000000000000004E+036
 1.00000000000000004E+036
 1.00000000000000004E+036
 1.00000000000000004E+036
 1.00000000000000004E+036
 1.00000000000000004E+036
 1.00000000000000004E+036
 1.00000000000000004E+036
 1.00000000000000004E+036
 1.00000000000000004E+036
 1.00000000000000004E+036
 1.00000000000000004E+036
 1.00000000000000004E+036
 1.00000000000000004E+036
 1.00000000000000004E+036
 1.00000000000000004E+036
 1.00000000000000004E+036
 1.00000000000000004E+036
 1.00000000000000004E+036
 1.00000000000000004E+036
 1.00000000000000004E+036
 1.00000000000000004E+036
 1.00000000000000004E+036
 1.00000000000000004E+036
 1.00000000000000004E+036
 1.00000000000000004E+036
 1.00000000000000004E+036
 1.00000000000000004E+036
 1.00000000000000004E+036
 1.00000000000000004E+036
 1.00000000000000004E+036
 1.00000000000000004E+036
 1.00000000000000004E+036
 1.00000000000000004E+036
 1.00000000000000004E+036
 1.00000000000000004E+036
 1.00000000000000004E+036
 8.97088346698544683E+001
 8.58493172716591744E+001
 8.17692031647184194E+001
 7.76121327805874444E+001
 7.34592254567626242E+001
 6.93709115839831156E+001
 6.53892251603783734E+001
 6.15387214843735819E+001
 5.78439762574544147E+001
 5.43145730375588300E+001
 5.09561899367320166E+001
 4.77683864065447779E+001
 4.47120406464466669E+001
 4.18241744037211447E+001
 3.90875623591261956E+001
 3.64925995389126001E+001
 3.40281451687121717E+001
 3.16838923565671848E+001
 2.95145344194156678E+001
 2.77504771854835326E+001
 2.64992991655985861E+001
 2.53967523197179617E+001
 2.44019840859207306E+001
 2.34137457152062325E+001
 2.24786903769431774E+001
 2.15286833159511843E+001
 2.06001882812950043E+001
 1.96708832704648557E+001
 1.87414854495689269E+001
 1.78182419609047429E+001
 1.68860580536736506E+001
 1.59630482334982844E+001
 1.50291528659259939E+001
 1.41048513187745357E+001
 1.31725345967895464E+001
 1.22465946440925109E+001
 1.13173156409790181E+001
 1.03939001966573414E+001
 9.47047218012960457E+000
 8.55073504337337909E+000
 7.63382689216223298E+000
 6.72088239340928340E+000
 5.81159101691582691E+000
 4.90800865456242263E+000
 4.00862912377135672E+000
 3.11629840153841542E+000
 1.00000000000000004E+036
 1.00000000000000004E+036
 1.00000000000000004E+036
 1.00000000000000004E+036
 1.00000000000000004E+036
 1.00000000000000004E+036
 1.00000000000000004E+036
 1.00000000000000004E+036
 1.00000000000000004E+036
 1.00000000000000004E+036
 1.00000000000000004E+036
 1.00000000000000004E+036
 1.00000000000000004E+036
 1.00000000000000004E+036
 1.00000000000000004E+036
 1.00000000000000004E+036
 1.00000000000000004E+036
 1.00000000000000004E+036
 1.00000000000000004E+036
 1.00000000000000004E+036
 1.00000000000000004E+036
 1.00000000000000004E+036
 1.00000000000000004E+036
 1.00000000000000004E+036
 1.00000000000000004E+036
 1.00000000000000004E+036
 1.00000000000000004E+036
 1.00000000000000004E+036
 1.00000000000000004E+036
 1.00000000000000004E+036
 1.00000000000000004E+036
 1.00000000000000004E+036
 1.00000000000000004E+036
 1.00000000000000004E+036
 1.00000000000000004E+036
 1.00000000000000004E+036
 1.00000000000000004E+036
 1.00000000000000004E+036
 1.00000000000000004E+036
 1.00000000000000004E+036
 1.00000000000000004E+036
 1.00000000000000004E+036
 1.00000000000000004E+036
 1.00000000000000004E+036
 1.00000000000000004E+036
 1.00000000000000004E+036
 1.00000000000000004E+036
 1.00000000000000004E+036
 1.00000000000000004E+036
 1.00000000000000004E+036
 1.00000000000000004E+036
 1.00000000000000004E+036
 1.00000000000000004E+036
 1.00000000000000004E+036
# INPUT: mlcanopy_inst__dh2ocan_profile(1,100,4)
 0.00000000000000000E+000
 0.00000000000000000E+000
 0.00000000000000000E+000
 0.00000000000000000E+000
 0.00000000000000000E+000
 0.00000000000000000E+000
 0.00000000000000000E+000
 0.00000000000000000E+000
 0.00000000000000000E+000
 0.00000000000000000E+000
 0.00000000000000000E+000
 0.00000000000000000E+000
 0.00000000000000000E+000
 0.00000000000000000E+000
 0.00000000000000000E+000
 0.00000000000000000E+000
 0.00000000000000000E+000
 0.00000000000000000E+000
 0.00000000000000000E+000
 0.00000000000000000E+000
 0.00000000000000000E+000
 0.00000000000000000E+000
 0.00000000000000000E+000
 0.00000000000000000E+000
 0.00000000000000000E+000
 0.00000000000000000E+000
 0.00000000000000000E+000
 0.00000000000000000E+000
 0.00000000000000000E+000
 0.00000000000000000E+000
 0.00000000000000000E+000
 0.00000000000000000E+000
 0.00000000000000000E+000
 0.00000000000000000E+000
 0.00000000000000000E+000
 0.00000000000000000E+000
 0.00000000000000000E+000
 0.00000000000000000E+000
 0.00000000000000000E+000
 0.00000000000000000E+000
 0.00000000000000000E+000
 0.00000000000000000E+000
 0.00000000000000000E+000
 0.00000000000000000E+000
 0.00000000000000000E+000
 0.00000000000000000E+000
 1.00000000000000004E+036
 1.00000000000000004E+036
 1.00000000000000004E+036
 1.00000000000000004E+036
 1.00000000000000004E+036
 1.00000000000000004E+036
 1.00000000000000004E+036
 1.00000000000000004E+036
 1.00000000000000004E+036
 1.00000000000000004E+036
 1.00000000000000004E+036
 1.00000000000000004E+036
 1.00000000000000004E+036
 1.00000000000000004E+036
 1.00000000000000004E+036
 1.00000000000000004E+036
 1.00000000000000004E+036
 1.00000000000000004E+036
 1.00000000000000004E+036
 1.00000000000000004E+036
 1.00000000000000004E+036
 1.00000000000000004E+036
 1.00000000000000004E+036
 1.00000000000000004E+036
 1.00000000000000004E+036
 1.00000000000000004E+036
 1.00000000000000004E+036
 1.00000000000000004E+036
 1.00000000000000004E+036
 1.00000000000000004E+036
 1.00000000000000004E+036
 1.00000000000000004E+036
 1.00000000000000004E+036
 1.00000000000000004E+036
 1.00000000000000004E+036
 1.00000000000000004E+036
 1.00000000000000004E+036
 1.00000000000000004E+036
 1.00000000000000004E+036
 1.00000000000000004E+036
 1.00000000000000004E+036
 1.00000000000000004E+036
 1.00000000000000004E+036
 1.00000000000000004E+036
 1.00000000000000004E+036
 1.00000000000000004E+036
 1.00000000000000004E+036
 1.00000000000000004E+036
 1.00000000000000004E+036
 1.00000000000000004E+036
 1.00000000000000004E+036
 1.00000000000000004E+036
 1.00000000000000004E+036
 1.00000000000000004E+036
 0.00000000000000000E+000
 0.00000000000000000E+000
 0.00000000000000000E+000
 0.00000000000000000E+000
 0.00000000000000000E+000
 0.00000000000000000E+000
 0.00000000000000000E+000
 0.00000000000000000E+000
 0.00000000000000000E+000
 0.00000000000000000E+000
 0.00000000000000000E+000
 0.00000000000000000E+000
 0.00000000000000000E+000
 0.00000000000000000E+000
 0.00000000000000000E+000
 0.00000000000000000E+000
 0.00000000000000000E+000
 0.00000000000000000E+000
 0.00000000000000000E+000
 0.00000000000000000E+000
 0.00000000000000000E+000
 0.00000000000000000E+000
 0.00000000000000000E+000
 0.00000000000000000E+000
 0.00000000000000000E+000
 0.00000000000000000E+000
 0.00000000000000000E+000
 0.00000000000000000E+000
 0.00000000000000000E+000
 0.00000000000000000E+000
 0.00000000000000000E+000
 0.00000000000000000E+000
 0.00000000000000000E+000
 0.00000000000000000E+000
 0.00000000000000000E+000
 0.00000000000000000E+000
 0.00000000000000000E+000
 0.00000000000000000E+000
 0.00000000000000000E+000
 0.00000000000000000E+000
 0.00000000000000000E+000
 0.00000000000000000E+000
 0.00000000000000000E+000
 0.00000000000000000E+000
 0.00000000000000000E+000
 0.00000000000000000E+000
 1.00000000000000004E+036
 1.00000000000000004E+036
 1.00000000000000004E+036
 1.00000000000000004E+036
 1.00000000000000004E+036
 1.00000000000000004E+036
 1.00000000000000004E+036
 1.00000000000000004E+036
 1.00000000000000004E+036
 1.00000000000000004E+036
 1.00000000000000004E+036
 1.00000000000000004E+036
 1.00000000000000004E+036
 1.00000000000000004E+036
 1.00000000000000004E+036
 1.00000000000000004E+036
 1.00000000000000004E+036
 1.00000000000000004E+036
 1.00000000000000004E+036
 1.00000000000000004E+036
 1.00000000000000004E+036
 1.00000000000000004E+036
 1.00000000000000004E+036
 1.00000000000000004E+036
 1.00000000000000004E+036
 1.00000000000000004E+036
 1.00000000000000004E+036
 1.00000000000000004E+036
 1.00000000000000004E+036
 1.00000000000000004E+036
 1.00000000000000004E+036
 1.00000000000000004E+036
 1.00000000000000004E+036
 1.00000000000000004E+036
 1.00000000000000004E+036
 1.00000000000000004E+036
 1.00000000000000004E+036
 1.00000000000000004E+036
 1.00000000000000004E+036
 1.00000000000000004E+036
 1.00000000000000004E+036
 1.00000000000000004E+036
 1.00000000000000004E+036
 1.00000000000000004E+036
 1.00000000000000004E+036
 1.00000000000000004E+036
 1.00000000000000004E+036
 1.00000000000000004E+036
 1.00000000000000004E+036
 1.00000000000000004E+036
 1.00000000000000004E+036
 1.00000000000000004E+036
 1.00000000000000004E+036
 1.00000000000000004E+036
 0.00000000000000000E+000
 0.00000000000000000E+000
 0.00000000000000000E+000
 0.00000000000000000E+000
 0.00000000000000000E+000
 0.00000000000000000E+000
 0.00000000000000000E+000
 0.00000000000000000E+000
 0.00000000000000000E+000
 0.00000000000000000E+000
 0.00000000000000000E+000
 0.00000000000000000E+000
 0.00000000000000000E+000
 0.00000000000000000E+000
 0.00000000000000000E+000
 0.00000000000000000E+000
 0.00000000000000000E+000
 0.00000000000000000E+000
 0.00000000000000000E+000
 0.00000000000000000E+000
 0.00000000000000000E+000
 0.00000000000000000E+000
 0.00000000000000000E+000
 0.00000000000000000E+000
 0.00000000000000000E+000
 0.00000000000000000E+000
 0.00000000000000000E+000
 0.00000000000000000E+000
 0.00000000000000000E+000
 0.00000000000000000E+000
 0.00000000000000000E+000
 0.00000000000000000E+000
 0.00000000000000000E+000
 0.00000000000000000E+000
 0.00000000000000000E+000
 0.00000000000000000E+000
 0.00000000000000000E+000
 0.00000000000000000E+000
 0.00000000000000000E+000
 0.00000000000000000E+000
 0.00000000000000000E+000
 0.00000000000000000E+000
 0.00000000000000000E+000
 0.00000000000000000E+000
 0.00000000000000000E+000
 0.00000000000000000E+000
 1.00000000000000004E+036
 1.00000000000000004E+036
 1.00000000000000004E+036
 1.00000000000000004E+036
 1.00000000000000004E+036
 1.00000000000000004E+036
 1.00000000000000004E+036
 1.00000000000000004E+036
 1.00000000000000004E+036
 1.00000000000000004E+036
 1.00000000000000004E+036
 1.00000000000000004E+036
 1.00000000000000004E+036
 1.00000000000000004E+036
 1.00000000000000004E+036
 1.00000000000000004E+036
 1.00000000000000004E+036
 1.00000000000000004E+036
 1.00000000000000004E+036
 1.00000000000000004E+036
 1.00000000000000004E+036
 1.00000000000000004E+036
 1.00000000000000004E+036
 1.00000000000000004E+036
 1.00000000000000004E+036
 1.00000000000000004E+036
 1.00000000000000004E+036
 1.00000000000000004E+036
 1.00000000000000004E+036
 1.00000000000000004E+036
 1.00000000000000004E+036
 1.00000000000000004E+036
 1.00000000000000004E+036
 1.00000000000000004E+036
 1.00000000000000004E+036
 1.00000000000000004E+036
 1.00000000000000004E+036
 1.00000000000000004E+036
 1.00000000000000004E+036
 1.00000000000000004E+036
 1.00000000000000004E+036
 1.00000000000000004E+036
 1.00000000000000004E+036
 1.00000000000000004E+036
 1.00000000000000004E+036
 1.00000000000000004E+036
 1.00000000000000004E+036
 1.00000000000000004E+036
 1.00000000000000004E+036
 1.00000000000000004E+036
 1.00000000000000004E+036
 1.00000000000000004E+036
 1.00000000000000004E+036
 1.00000000000000004E+036
 0.00000000000000000E+000
 0.00000000000000000E+000
 0.00000000000000000E+000
 0.00000000000000000E+000
 0.00000000000000000E+000
 0.00000000000000000E+000
 0.00000000000000000E+000
 0.00000000000000000E+000
 0.00000000000000000E+000
 0.00000000000000000E+000
 0.00000000000000000E+000
 0.00000000000000000E+000
 0.00000000000000000E+000
 0.00000000000000000E+000
 0.00000000000000000E+000
 0.00000000000000000E+000
 0.00000000000000000E+000
 0.00000000000000000E+000
 0.00000000000000000E+000
 0.00000000000000000E+000
 0.00000000000000000E+000
 0.00000000000000000E+000
 0.00000000000000000E+000
 0.00000000000000000E+000
 0.00000000000000000E+000
 0.00000000000000000E+000
 0.00000000000000000E+000
 0.00000000000000000E+000
 0.00000000000000000E+000
 0.00000000000000000E+000
 0.00000000000000000E+000
 0.00000000000000000E+000
 0.00000000000000000E+000
 0.00000000000000000E+000
 0.00000000000000000E+000
 0.00000000000000000E+000
 0.00000000000000000E+000
 0.00000000000000000E+000
 0.00000000000000000E+000
 0.00000000000000000E+000
 0.00000000000000000E+000
 0.00000000000000000E+000
 0.00000000000000000E+000
 0.00000000000000000E+000
 0.00000000000000000E+000
 0.00000000000000000E+000
 1.00000000000000004E+036
 1.00000000000000004E+036
 1.00000000000000004E+036
 1.00000000000000004E+036
 1.00000000000000004E+036
 1.00000000000000004E+036
 1.00000000000000004E+036
 1.00000000000000004E+036
 1.00000000000000004E+036
 1.00000000000000004E+036
 1.00000000000000004E+036
 1.00000000000000004E+036
 1.00000000000000004E+036
 1.00000000000000004E+036
 1.00000000000000004E+036
 1.00000000000000004E+036
 1.00000000000000004E+036
 1.00000000000000004E+036
 1.00000000000000004E+036
 1.00000000000000004E+036
 1.00000000000000004E+036
 1.00000000000000004E+036
 1.00000000000000004E+036
 1.00000000000000004E+036
 1.00000000000000004E+036
 1.00000000000000004E+036
 1.00000000000000004E+036
 1.00000000000000004E+036
 1.00000000000000004E+036
 1.00000000000000004E+036
 1.00000000000000004E+036
 1.00000000000000004E+036
 1.00000000000000004E+036
 1.00000000000000004E+036
 1.00000000000000004E+036
 1.00000000000000004E+036
 1.00000000000000004E+036
 1.00000000000000004E+036
 1.00000000000000004E+036
 1.00000000000000004E+036
 1.00000000000000004E+036
 1.00000000000000004E+036
 1.00000000000000004E+036
 1.00000000000000004E+036
 1.00000000000000004E+036
 1.00000000000000004E+036
 1.00000000000000004E+036
 1.00000000000000004E+036
 1.00000000000000004E+036
 1.00000000000000004E+036
 1.00000000000000004E+036
 1.00000000000000004E+036
 1.00000000000000004E+036
 1.00000000000000004E+036
# INPUT: mlcanopy_inst__dlwp_leaf(1,100,2,4)
 0.00000000000000000E+000
-1.09170144950379022E-002
-1.25015539396816644E-002
-1.34840018879996970E-002
-1.46097514289754704E-002
-1.53310237130624971E-002
-1.63276213087865107E-002
-1.74561786381370876E-002
-1.83779223830842220E-002
-1.93225418752307476E-002
-2.08321940554134777E-002
-1.49802297363992309E-002
-2.06744622616064078E-002
-2.22580486606378525E-002
-2.41384160802018410E-002
-2.56044111400433039E-002
-2.74931454407354448E-002
-2.66968858525133967E-002
-2.74913183414435824E-002
-3.76967317000891367E-002
 0.00000000000000000E+000
 0.00000000000000000E+000
 0.00000000000000000E+000
 0.00000000000000000E+000
 0.00000000000000000E+000
 0.00000000000000000E+000
 0.00000000000000000E+000
 0.00000000000000000E+000
 0.00000000000000000E+000
 0.00000000000000000E+000
 0.00000000000000000E+000
 0.00000000000000000E+000
 0.00000000000000000E+000
 0.00000000000000000E+000
 0.00000000000000000E+000
 0.00000000000000000E+000
 0.00000000000000000E+000
 0.00000000000000000E+000
 0.00000000000000000E+000
 0.00000000000000000E+000
 0.00000000000000000E+000
 0.00000000000000000E+000
 0.00000000000000000E+000
 0.00000000000000000E+000
 0.00000000000000000E+000
 0.00000000000000000E+000
 1.00000000000000004E+036
 1.00000000000000004E+036
 1.00000000000000004E+036
 1.00000000000000004E+036
 1.00000000000000004E+036
 1.00000000000000004E+036
 1.00000000000000004E+036
 1.00000000000000004E+036
 1.00000000000000004E+036
 1.00000000000000004E+036
 1.00000000000000004E+036
 1.00000000000000004E+036
 1.00000000000000004E+036
 1.00000000000000004E+036
 1.00000000000000004E+036
 1.00000000000000004E+036
 1.00000000000000004E+036
 1.00000000000000004E+036
 1.00000000000000004E+036
 1.00000000000000004E+036
 1.00000000000000004E+036
 1.00000000000000004E+036
 1.00000000000000004E+036
 1.00000000000000004E+036
 1.00000000000000004E+036
 1.00000000000000004E+036
 1.00000000000000004E+036
 1.00000000000000004E+036
 1.00000000000000004E+036
 1.00000000000000004E+036
 1.00000000000000004E+036
 1.00000000000000004E+036
 1.00000000000000004E+036
 1.00000000000000004E+036
 1.00000000000000004E+036
 1.00000000000000004E+036
 1.00000000000000004E+036
 1.00000000000000004E+036
 1.00000000000000004E+036
 1.00000000000000004E+036
 1.00000000000000004E+036
 1.00000000000000004E+036
 1.00000000000000004E+036
 1.00000000000000004E+036
 1.00000000000000004E+036
 1.00000000000000004E+036
 1.00000000000000004E+036
 1.00000000000000004E+036
 1.00000000000000004E+036
 1.00000000000000004E+036
 1.00000000000000004E+036
 1.00000000000000004E+036
 1.00000000000000004E+036
 1.00000000000000004E+036
 0.00000000000000000E+000
-5.56361297509994079E-003
-6.39512415325649286E-003
-7.14938584245583542E-003
-6.06127169752124217E-003
-7.77266397895642891E-003
-6.45995311185026955E-003
-7.05156662109318599E-003
-7.24527058208856989E-003
-7.91384086882895854E-003
-8.49954421629017798E-003
-1.02173481499917007E-002
-1.04507588242628291E-002
-1.16219081637336519E-002
-1.29727435589856999E-002
-1.48187166661346570E-002
-1.59936272508969246E-002
-1.82292111558631786E-002
-2.01961849680029060E-002
-2.23485344040312839E-002
 0.00000000000000000E+000
 0.00000000000000000E+000
 0.00000000000000000E+000
 0.00000000000000000E+000
 0.00000000000000000E+000
 0.00000000000000000E+000
 0.00000000000000000E+000
 0.00000000000000000E+000
 0.00000000000000000E+000
 0.00000000000000000E+000
 0.00000000000000000E+000
 0.00000000000000000E+000
 0.00000000000000000E+000
 0.00000000000000000E+000
 0.00000000000000000E+000
 0.00000000000000000E+000
 0.00000000000000000E+000
 0.00000000000000000E+000
 0.00000000000000000E+000
 0.00000000000000000E+000
 0.00000000000000000E+000
 0.00000000000000000E+000
 0.00000000000000000E+000
 0.00000000000000000E+000
 0.00000000000000000E+000
 0.00000000000000000E+000
 1.00000000000000004E+036
 1.00000000000000004E+036
 1.00000000000000004E+036
 1.00000000000000004E+036
 1.00000000000000004E+036
 1.00000000000000004E+036
 1.00000000000000004E+036
 1.00000000000000004E+036
 1.00000000000000004E+036
 1.00000000000000004E+036
 1.00000000000000004E+036
 1.00000000000000004E+036
 1.00000000000000004E+036
 1.00000000000000004E+036
 1.00000000000000004E+036
 1.00000000000000004E+036
 1.00000000000000004E+036
 1.00000000000000004E+036
 1.00000000000000004E+036
 1.00000000000000004E+036
 1.00000000000000004E+036
 1.00000000000000004E+036
 1.00000000000000004E+036
 1.00000000000000004E+036
 1.00000000000000004E+036
 1.00000000000000004E+036
 1.00000000000000004E+036
 1.00000000000000004E+036
 1.00000000000000004E+036
 1.00000000000000004E+036
 1.00000000000000004E+036
 1.00000000000000004E+036
 1.00000000000000004E+036
 1.00000000000000004E+036
 1.00000000000000004E+036
 1.00000000000000004E+036
 1.00000000000000004E+036
 1.00000000000000004E+036
 1.00000000000000004E+036
 1.00000000000000004E+036
 1.00000000000000004E+036
 1.00000000000000004E+036
 1.00000000000000004E+036
 1.00000000000000004E+036
 1.00000000000000004E+036
 1.00000000000000004E+036
 1.00000000000000004E+036
 1.00000000000000004E+036
 1.00000000000000004E+036
 1.00000000000000004E+036
 1.00000000000000004E+036
 1.00000000000000004E+036
 1.00000000000000004E+036
 1.00000000000000004E+036
 0.00000000000000000E+000
-1.39230196191063582E-002
-1.49460932772117472E-002
-1.54538631718426078E-002
-1.54288250050509390E-002
-1.58925309518540558E-002
-1.70198404300209161E-002
-1.71613432986605918E-002
-1.77419561335947495E-002
-1.83185975005089041E-002
-1.93344145225546882E-002
-1.99215606121234678E-002
-1.93422296940790606E-002
-2.08004001031509844E-002
-2.20369120326378010E-002
-2.39497024374033529E-002
-2.48727179653629449E-002
-2.15167263298041700E-002
-1.67650690130067836E-002
-1.40097891438462074E-002
 0.00000000000000000E+000
 0.00000000000000000E+000
 0.00000000000000000E+000
 0.00000000000000000E+000
 0.00000000000000000E+000
 0.00000000000000000E+000
 0.00000000000000000E+000
 0.00000000000000000E+000
 0.00000000000000000E+000
 0.00000000000000000E+000
 0.00000000000000000E+000
 0.00000000000000000E+000
 0.00000000000000000E+000
 0.00000000000000000E+000
 0.00000000000000000E+000
 0.00000000000000000E+000
 0.00000000000000000E+000
 0.00000000000000000E+000
 0.00000000000000000E+000
 0.00000000000000000E+000
 0.00000000000000000E+000
 0.00000000000000000E+000
 0.00000000000000000E+000
 0.00000000000000000E+000
 0.00000000000000000E+000
 0.00000000000000000E+000
 1.00000000000000004E+036
 1.00000000000000004E+036
 1.00000000000000004E+036
 1.00000000000000004E+036
 1.00000000000000004E+036
 1.00000000000000004E+036
 1.00000000000000004E+036
 1.00000000000000004E+036
 1.00000000000000004E+036
 1.00000000000000004E+036
 1.00000000000000004E+036
 1.00000000000000004E+036
 1.00000000000000004E+036
 1.00000000000000004E+036
 1.00000000000000004E+036
 1.00000000000000004E+036
 1.00000000000000004E+036
 1.00000000000000004E+036
 1.00000000000000004E+036
 1.00000000000000004E+036
 1.00000000000000004E+036
 1.00000000000000004E+036
 1.00000000000000004E+036
 1.00000000000000004E+036
 1.00000000000000004E+036
 1.00000000000000004E+036
 1.00000000000000004E+036
 1.00000000000000004E+036
 1.00000000000000004E+036
 1.00000000000000004E+036
 1.00000000000000004E+036
 1.00000000000000004E+036
 1.00000000000000004E+036
 1.00000000000000004E+036
 1.00000000000000004E+036
 1.00000000000000004E+036
 1.00000000000000004E+036
 1.00000000000000004E+036
 1.00000000000000004E+036
 1.00000000000000004E+036
 1.00000000000000004E+036
 1.00000000000000004E+036
 1.00000000000000004E+036
 1.00000000000000004E+036
 1.00000000000000004E+036
 1.00000000000000004E+036
 1.00000000000000004E+036
 1.00000000000000004E+036
 1.00000000000000004E+036
 1.00000000000000004E+036
 1.00000000000000004E+036
 1.00000000000000004E+036
 1.00000000000000004E+036
 1.00000000000000004E+036
 0.00000000000000000E+000
-5.50538883562268211E-003
-6.32104306740305377E-003
-7.03769469276682713E-003
-7.60524990479422014E-003
-7.60109695979838129E-003
-6.21054457261299708E-003
-6.73261971623789757E-003
-8.69475129356650500E-003
-9.29729324556405334E-003
-9.77995790131119813E-003
-9.50065967962854252E-003
-1.14127267696058077E-002
-1.06564766176795445E-002
-1.18278573111745278E-002
-1.34688260021970097E-002
-1.59082186683160431E-002
-1.78854914820375521E-002
-1.99004691507350673E-002
-2.22881290013869915E-002
 0.00000000000000000E+000
 0.00000000000000000E+000
 0.00000000000000000E+000
 0.00000000000000000E+000
 0.00000000000000000E+000
 0.00000000000000000E+000
 0.00000000000000000E+000
 0.00000000000000000E+000
 0.00000000000000000E+000
 0.00000000000000000E+000
 0.00000000000000000E+000
 0.00000000000000000E+000
 0.00000000000000000E+000
 0.00000000000000000E+000
 0.00000000000000000E+000
 0.00000000000000000E+000
 0.00000000000000000E+000
 0.00000000000000000E+000
 0.00000000000000000E+000
 0.00000000000000000E+000
 0.00000000000000000E+000
 0.00000000000000000E+000
 0.00000000000000000E+000
 0.00000000000000000E+000
 0.00000000000000000E+000
 0.00000000000000000E+000
 1.00000000000000004E+036
 1.00000000000000004E+036
 1.00000000000000004E+036
 1.00000000000000004E+036
 1.00000000000000004E+036
 1.00000000000000004E+036
 1.00000000000000004E+036
 1.00000000000000004E+036
 1.00000000000000004E+036
 1.00000000000000004E+036
 1.00000000000000004E+036
 1.00000000000000004E+036
 1.00000000000000004E+036
 1.00000000000000004E+036
 1.00000000000000004E+036
 1.00000000000000004E+036
 1.00000000000000004E+036
 1.00000000000000004E+036
 1.00000000000000004E+036
 1.00000000000000004E+036
 1.00000000000000004E+036
 1.00000000000000004E+036
 1.00000000000000004E+036
 1.00000000000000004E+036
 1.00000000000000004E+036
 1.00000000000000004E+036
 1.00000000000000004E+036
 1.00000000000000004E+036
 1.00000000000000004E+036
 1.00000000000000004E+036
 1.00000000000000004E+036
 1.00000000000000004E+036
 1.00000000000000004E+036
 1.00000000000000004E+036
 1.00000000000000004E+036
 1.00000000000000004E+036
 1.00000000000000004E+036
 1.00000000000000004E+036
 1.00000000000000004E+036
 1.00000000000000004E+036
 1.00000000000000004E+036
 1.00000000000000004E+036
 1.00000000000000004E+036
 1.00000000000000004E+036
 1.00000000000000004E+036
 1.00000000000000004E+036
 1.00000000000000004E+036
 1.00000000000000004E+036
 1.00000000000000004E+036
 1.00000000000000004E+036
 1.00000000000000004E+036
 1.00000000000000004E+036
 1.00000000000000004E+036
 1.00000000000000004E+036
 0.00000000000000000E+000
-3.11917834829200658E-002
-3.81904027271317004E-002
-4.23546402949708245E-002
-4.54480092371941646E-002
-4.79593273721028446E-002
-5.13469310834439030E-002
-5.34038594289124591E-002
-5.62986676275218922E-002
-5.94084944473263210E-002
-6.31324219619873173E-002
-5.92921359582148089E-002
-6.57988687702726338E-002
-7.03789098066054386E-002
-7.44894475252062538E-002
-7.95757091975568542E-002
-8.49523997676011611E-002
-8.90609637687824751E-002
-8.15439776812310058E-002
-8.43274106022964265E-002
 0.00000000000000000E+000
 0.00000000000000000E+000
 0.00000000000000000E+000
 0.00000000000000000E+000
 0.00000000000000000E+000
 0.00000000000000000E+000
 0.00000000000000000E+000
 0.00000000000000000E+000
 0.00000000000000000E+000
 0.00000000000000000E+000
 0.00000000000000000E+000
 0.00000000000000000E+000
 0.00000000000000000E+000
 0.00000000000000000E+000
 0.00000000000000000E+000
 0.00000000000000000E+000
 0.00000000000000000E+000
 0.00000000000000000E+000
 0.00000000000000000E+000
 0.00000000000000000E+000
 0.00000000000000000E+000
 0.00000000000000000E+000
 0.00000000000000000E+000
 0.00000000000000000E+000
 0.00000000000000000E+000
 0.00000000000000000E+000
 1.00000000000000004E+036
 1.00000000000000004E+036
 1.00000000000000004E+036
 1.00000000000000004E+036
 1.00000000000000004E+036
 1.00000000000000004E+036
 1.00000000000000004E+036
 1.00000000000000004E+036
 1.00000000000000004E+036
 1.00000000000000004E+036
 1.00000000000000004E+036
 1.00000000000000004E+036
 1.00000000000000004E+036
 1.00000000000000004E+036
 1.00000000000000004E+036
 1.00000000000000004E+036
 1.00000000000000004E+036
 1.00000000000000004E+036
 1.00000000000000004E+036
 1.00000000000000004E+036
 1.00000000000000004E+036
 1.00000000000000004E+036
 1.00000000000000004E+036
 1.00000000000000004E+036
 1.00000000000000004E+036
 1.00000000000000004E+036
 1.00000000000000004E+036
 1.00000000000000004E+036
 1.00000000000000004E+036
 1.00000000000000004E+036
 1.00000000000000004E+036
 1.00000000000000004E+036
 1.00000000000000004E+036
 1.00000000000000004E+036
 1.00000000000000004E+036
 1.00000000000000004E+036
 1.00000000000000004E+036
 1.00000000000000004E+036
 1.00000000000000004E+036
 1.00000000000000004E+036
 1.00000000000000004E+036
 1.00000000000000004E+036
 1.00000000000000004E+036
 1.00000000000000004E+036
 1.00000000000000004E+036
 1.00000000000000004E+036
 1.00000000000000004E+036
 1.00000000000000004E+036
 1.00000000000000004E+036
 1.00000000000000004E+036
 1.00000000000000004E+036
 1.00000000000000004E+036
 1.00000000000000004E+036
 1.00000000000000004E+036
 0.00000000000000000E+000
-1.24585511783721348E-002
-1.34246278894063487E-002
-1.50741682497901874E-002
-1.58002011332085690E-002
-1.66815272985574303E-002
-1.77536508475577559E-002
-1.72233077900277309E-002
-1.98512268933534464E-002
-2.14587033294750817E-002
-2.29835838345741061E-002
-2.47646783188461006E-002
-2.77802963991340968E-002
-3.07838391838985981E-002
-3.42789411774720998E-002
-3.89128586196906268E-002
-4.38054834530519077E-002
-4.98485939672745904E-002
-5.65174123027873954E-002
-6.23198773136386386E-002
 0.00000000000000000E+000
 0.00000000000000000E+000
 0.00000000000000000E+000
 0.00000000000000000E+000
 0.00000000000000000E+000
 0.00000000000000000E+000
 0.00000000000000000E+000
 0.00000000000000000E+000
 0.00000000000000000E+000
 0.00000000000000000E+000
 0.00000000000000000E+000
 0.00000000000000000E+000
 0.00000000000000000E+000
 0.00000000000000000E+000
 0.00000000000000000E+000
 0.00000000000000000E+000
 0.00000000000000000E+000
 0.00000000000000000E+000
 0.00000000000000000E+000
 0.00000000000000000E+000
 0.00000000000000000E+000
 0.00000000000000000E+000
 0.00000000000000000E+000
 0.00000000000000000E+000
 0.00000000000000000E+000
 0.00000000000000000E+000
 1.00000000000000004E+036
 1.00000000000000004E+036
 1.00000000000000004E+036
 1.00000000000000004E+036
 1.00000000000000004E+036
 1.00000000000000004E+036
 1.00000000000000004E+036
 1.00000000000000004E+036
 1.00000000000000004E+036
 1.00000000000000004E+036
 1.00000000000000004E+036
 1.00000000000000004E+036
 1.00000000000000004E+036
 1.00000000000000004E+036
 1.00000000000000004E+036
 1.00000000000000004E+036
 1.00000000000000004E+036
 1.00000000000000004E+036
 1.00000000000000004E+036
 1.00000000000000004E+036
 1.00000000000000004E+036
 1.00000000000000004E+036
 1.00000000000000004E+036
 1.00000000000000004E+036
 1.00000000000000004E+036
 1.00000000000000004E+036
 1.00000000000000004E+036
 1.00000000000000004E+036
 1.00000000000000004E+036
 1.00000000000000004E+036
 1.00000000000000004E+036
 1.00000000000000004E+036
 1.00000000000000004E+036
 1.00000000000000004E+036
 1.00000000000000004E+036
 1.00000000000000004E+036
 1.00000000000000004E+036
 1.00000000000000004E+036
 1.00000000000000004E+036
 1.00000000000000004E+036
 1.00000000000000004E+036
 1.00000000000000004E+036
 1.00000000000000004E+036
 1.00000000000000004E+036
 1.00000000000000004E+036
 1.00000000000000004E+036
 1.00000000000000004E+036
 1.00000000000000004E+036
 1.00000000000000004E+036
 1.00000000000000004E+036
 1.00000000000000004E+036
 1.00000000000000004E+036
 1.00000000000000004E+036
 1.00000000000000004E+036
 0.00000000000000000E+000
-3.38960190125655592E-002
-3.98421847384334837E-002
-4.45284852329882463E-002
-4.74318166985707723E-002
-4.97957509928605990E-002
-5.29636835607505407E-002
-5.48387412262847374E-002
-5.77450474036219630E-002
-6.07722916457420492E-002
-6.44765982565618234E-002
-6.87572333093871002E-002
-6.65780894647509669E-002
-7.12719418691420969E-002
-7.55333033655267716E-002
-8.07861466664110406E-002
-8.58638346057059021E-002
-8.39277548540033891E-002
-4.86474368902747312E-002
 6.74953090219099217E-003
 0.00000000000000000E+000
 0.00000000000000000E+000
 0.00000000000000000E+000
 0.00000000000000000E+000
 0.00000000000000000E+000
 0.00000000000000000E+000
 0.00000000000000000E+000
 0.00000000000000000E+000
 0.00000000000000000E+000
 0.00000000000000000E+000
 0.00000000000000000E+000
 0.00000000000000000E+000
 0.00000000000000000E+000
 0.00000000000000000E+000
 0.00000000000000000E+000
 0.00000000000000000E+000
 0.00000000000000000E+000
 0.00000000000000000E+000
 0.00000000000000000E+000
 0.00000000000000000E+000
 0.00000000000000000E+000
 0.00000000000000000E+000
 0.00000000000000000E+000
 0.00000000000000000E+000
 0.00000000000000000E+000
 0.00000000000000000E+000
 1.00000000000000004E+036
 1.00000000000000004E+036
 1.00000000000000004E+036
 1.00000000000000004E+036
 1.00000000000000004E+036
 1.00000000000000004E+036
 1.00000000000000004E+036
 1.00000000000000004E+036
 1.00000000000000004E+036
 1.00000000000000004E+036
 1.00000000000000004E+036
 1.00000000000000004E+036
 1.00000000000000004E+036
 1.00000000000000004E+036
 1.00000000000000004E+036
 1.00000000000000004E+036
 1.00000000000000004E+036
 1.00000000000000004E+036
 1.00000000000000004E+036
 1.00000000000000004E+036
 1.00000000000000004E+036
 1.00000000000000004E+036
 1.00000000000000004E+036
 1.00000000000000004E+036
 1.00000000000000004E+036
 1.00000000000000004E+036
 1.00000000000000004E+036
 1.00000000000000004E+036
 1.00000000000000004E+036
 1.00000000000000004E+036
 1.00000000000000004E+036
 1.00000000000000004E+036
 1.00000000000000004E+036
 1.00000000000000004E+036
 1.00000000000000004E+036
 1.00000000000000004E+036
 1.00000000000000004E+036
 1.00000000000000004E+036
 1.00000000000000004E+036
 1.00000000000000004E+036
 1.00000000000000004E+036
 1.00000000000000004E+036
 1.00000000000000004E+036
 1.00000000000000004E+036
 1.00000000000000004E+036
 1.00000000000000004E+036
 1.00000000000000004E+036
 1.00000000000000004E+036
 1.00000000000000004E+036
 1.00000000000000004E+036
 1.00000000000000004E+036
 1.00000000000000004E+036
 1.00000000000000004E+036
 1.00000000000000004E+036
 0.00000000000000000E+000
-1.36418784715763852E-002
-1.34476307492047975E-002
-1.51013327329183600E-002
-1.58161079749706834E-002
-1.66911303501121600E-002
-1.77283896809227737E-002
-1.90301828894102187E-002
-1.98209613649201755E-002
-2.14173012601495127E-002
-2.29290796842223088E-002
-2.65031126591844246E-002
-2.77194433181111588E-002
-3.07411128277514933E-002
-3.42648770751702303E-002
-3.89607281029920038E-002
-4.54925059464993398E-002
-5.15930750441843111E-002
-5.83351352213787866E-002
-6.63758653929764630E-002
 0.00000000000000000E+000
 0.00000000000000000E+000
 0.00000000000000000E+000
 0.00000000000000000E+000
 0.00000000000000000E+000
 0.00000000000000000E+000
 0.00000000000000000E+000
 0.00000000000000000E+000
 0.00000000000000000E+000
 0.00000000000000000E+000
 0.00000000000000000E+000
 0.00000000000000000E+000
 0.00000000000000000E+000
 0.00000000000000000E+000
 0.00000000000000000E+000
 0.00000000000000000E+000
 0.00000000000000000E+000
 0.00000000000000000E+000
 0.00000000000000000E+000
 0.00000000000000000E+000
 0.00000000000000000E+000
 0.00000000000000000E+000
 0.00000000000000000E+000
 0.00000000000000000E+000
 0.00000000000000000E+000
 0.00000000000000000E+000
 1.00000000000000004E+036
 1.00000000000000004E+036
 1.00000000000000004E+036
 1.00000000000000004E+036
 1.00000000000000004E+036
 1.00000000000000004E+036
 1.00000000000000004E+036
 1.00000000000000004E+036
 1.00000000000000004E+036
 1.00000000000000004E+036
 1.00000000000000004E+036
 1.00000000000000004E+036
 1.00000000000000004E+036
 1.00000000000000004E+036
 1.00000000000000004E+036
 1.00000000000000004E+036
 1.00000000000000004E+036
 1.00000000000000004E+036
 1.00000000000000004E+036
 1.00000000000000004E+036
 1.00000000000000004E+036
 1.00000000000000004E+036
 1.00000000000000004E+036
 1.00000000000000004E+036
 1.00000000000000004E+036
 1.00000000000000004E+036
 1.00000000000000004E+036
 1.00000000000000004E+036
 1.00000000000000004E+036
 1.00000000000000004E+036
 1.00000000000000004E+036
 1.00000000000000004E+036
 1.00000000000000004E+036
 1.00000000000000004E+036
 1.00000000000000004E+036
 1.00000000000000004E+036
 1.00000000000000004E+036
 1.00000000000000004E+036
 1.00000000000000004E+036
 1.00000000000000004E+036
 1.00000000000000004E+036
 1.00000000000000004E+036
 1.00000000000000004E+036
 1.00000000000000004E+036
 1.00000000000000004E+036
 1.00000000000000004E+036
 1.00000000000000004E+036
 1.00000000000000004E+036
 1.00000000000000004E+036
 1.00000000000000004E+036
 1.00000000000000004E+036
 1.00000000000000004E+036
 1.00000000000000004E+036
 1.00000000000000004E+036
# INPUT: mlcanopy_inst__dtair_profile(1,100,4)
-1.09607345603365047E-001
-1.15282787176568036E-001
-1.19592652536823607E-001
-1.22564008843141892E-001
-1.24462136217459829E-001
-1.25969579942648124E-001
-1.26797881049810712E-001
-1.27759001175832054E-001
-1.29038135688915645E-001
-1.30369305908743627E-001
-1.31697966867136529E-001
-1.32964502830247966E-001
-1.34726414322756227E-001
-1.36227447271323854E-001
-1.37400929591819931E-001
-1.38184557501460858E-001
-1.38576785394548097E-001
-1.38662966877859617E-001
-1.38232653547220252E-001
-1.35680836054802967E-001
-1.30706298648988195E-001
-1.26469441156189077E-001
-1.22673384939787411E-001
-1.19177878903656165E-001
-1.15923165416006668E-001
-1.12849357754214452E-001
-1.09938338708673200E-001
-1.07158930962270915E-001
-1.04502460356684423E-001
-1.01952056206357611E-001
-9.95007239932306220E-002
-9.71396917996116827E-002
-9.48625627607952993E-002
-9.26647038562578018E-002
-9.05405241571202168E-002
-8.84875318895410601E-002
-8.65001743194966366E-002
-8.45775998449767030E-002
-8.27154434488761581E-002
-8.09126990449158257E-002
-7.91659673980689149E-002
-7.74742534873098521E-002
-7.58350935968792328E-002
-7.42471882159634333E-002
-7.27090723333390088E-002
-7.12187367942078708E-002
 1.00000000000000004E+036
 1.00000000000000004E+036
 1.00000000000000004E+036
 1.00000000000000004E+036
 1.00000000000000004E+036
 1.00000000000000004E+036
 1.00000000000000004E+036
 1.00000000000000004E+036
 1.00000000000000004E+036
 1.00000000000000004E+036
 1.00000000000000004E+036
 1.00000000000000004E+036
 1.00000000000000004E+036
 1.00000000000000004E+036
 1.00000000000000004E+036
 1.00000000000000004E+036
 1.00000000000000004E+036
 1.00000000000000004E+036
 1.00000000000000004E+036
 1.00000000000000004E+036
 1.00000000000000004E+036
 1.00000000000000004E+036
 1.00000000000000004E+036
 1.00000000000000004E+036
 1.00000000000000004E+036
 1.00000000000000004E+036
 1.00000000000000004E+036
 1.00000000000000004E+036
 1.00000000000000004E+036
 1.00000000000000004E+036
 1.00000000000000004E+036
 1.00000000000000004E+036
 1.00000000000000004E+036
 1.00000000000000004E+036
 1.00000000000000004E+036
 1.00000000000000004E+036
 1.00000000000000004E+036
 1.00000000000000004E+036
 1.00000000000000004E+036
 1.00000000000000004E+036
 1.00000000000000004E+036
 1.00000000000000004E+036
 1.00000000000000004E+036
 1.00000000000000004E+036
 1.00000000000000004E+036
 1.00000000000000004E+036
 1.00000000000000004E+036
 1.00000000000000004E+036
 1.00000000000000004E+036
 1.00000000000000004E+036
 1.00000000000000004E+036
 1.00000000000000004E+036
 1.00000000000000004E+036
 1.00000000000000004E+036
-9.59240067959967746E-002
-1.05099398543643474E-001
-1.12845152285274253E-001
-1.19418534610701954E-001
-1.25134867351448520E-001
-1.30031037708249642E-001
-1.34492977494460320E-001
-1.39059065309197649E-001
-1.43813830373460405E-001
-1.47824234826941847E-001
-1.51066451003771363E-001
-1.53509459631663958E-001
-1.55635585632182938E-001
-1.56776135120139770E-001
-1.57179806940291655E-001
-1.56718484621421794E-001
-1.55265477178431865E-001
-1.52854837547977240E-001
-1.49684601663068406E-001
-1.45002811398285303E-001
-1.39482858834298895E-001
-1.34861501809837137E-001
-1.30893696052282849E-001
-1.27119073149629003E-001
-1.23604508210121367E-001
-1.20369582907926542E-001
-1.17171000381802060E-001
-1.14204547410110990E-001
-1.11234706908874159E-001
-1.08426122639457390E-001
-1.05665208644609265E-001
-1.02981439159407273E-001
-1.00392419692695967E-001
-9.78290120248743733E-002
-9.53713001235314550E-002
-9.29312551192538194E-002
-9.05745361657182002E-002
-8.82599487949278227E-002
-8.59984434206921833E-002
-8.37886609750739808E-002
-8.16208204163899609E-002
-7.95028796735550713E-002
-7.74258436754280410E-002
-7.53943250099951001E-002
-7.34031806765642614E-002
-7.14518561908334959E-002
 1.00000000000000004E+036
 1.00000000000000004E+036
 1.00000000000000004E+036
 1.00000000000000004E+036
 1.00000000000000004E+036
 1.00000000000000004E+036
 1.00000000000000004E+036
 1.00000000000000004E+036
 1.00000000000000004E+036
 1.00000000000000004E+036
 1.00000000000000004E+036
 1.00000000000000004E+036
 1.00000000000000004E+036
 1.00000000000000004E+036
 1.00000000000000004E+036
 1.00000000000000004E+036
 1.00000000000000004E+036
 1.00000000000000004E+036
 1.00000000000000004E+036
 1.00000000000000004E+036
 1.00000000000000004E+036
 1.00000000000000004E+036
 1.00000000000000004E+036
 1.00000000000000004E+036
 1.00000000000000004E+036
 1.00000000000000004E+036
 1.00000000000000004E+036
 1.00000000000000004E+036
 1.00000000000000004E+036
 1.00000000000000004E+036
 1.00000000000000004E+036
 1.00000000000000004E+036
 1.00000000000000004E+036
 1.00000000000000004E+036
 1.00000000000000004E+036
 1.00000000000000004E+036
 1.00000000000000004E+036
 1.00000000000000004E+036
 1.00000000000000004E+036
 1.00000000000000004E+036
 1.00000000000000004E+036
 1.00000000000000004E+036
 1.00000000000000004E+036
 1.00000000000000004E+036
 1.00000000000000004E+036
 1.00000000000000004E+036
 1.00000000000000004E+036
 1.00000000000000004E+036
 1.00000000000000004E+036
 1.00000000000000004E+036
 1.00000000000000004E+036
 1.00000000000000004E+036
 1.00000000000000004E+036
 1.00000000000000004E+036
-1.35238933783796256E-001
-1.41739565381726607E-001
-1.44957022648327438E-001
-1.45732885630991404E-001
-1.44677980524647865E-001
-1.42341654545191432E-001
-1.39121855720077292E-001
-1.35531485316221278E-001
-1.32266700319405572E-001
-1.28757835455189706E-001
-1.25133408882106778E-001
-1.21486760835637142E-001
-1.18373319744307537E-001
-1.15246904782452475E-001
-1.12065096886965421E-001
-1.08847922717245638E-001
-1.05560382692829080E-001
-1.02196095182705449E-001
-9.88938177032991916E-002
-9.64039925320321345E-002
-9.32409159595408710E-002
-9.04505694599038179E-002
-8.79255693931213500E-002
-8.54282342010037610E-002
-8.30688544475037816E-002
-8.06697142531902500E-002
-7.83617252487260885E-002
-7.60010235287609248E-002
-7.36993324719037446E-002
-7.13698603453281066E-002
-6.90650189256984959E-002
-6.67613602269625517E-002
-6.44631729938964781E-002
-6.21833941083309583E-002
-5.99017157096568553E-002
-5.76475081986700388E-002
-5.53903608853829610E-002
-5.31717240236844191E-002
-5.09519171719716724E-002
-4.87754086428822120E-002
-4.66001753884484060E-002
-4.44744896327620154E-002
-4.23556409563161651E-002
-4.02871857176023696E-002
-3.82365543386526952E-002
-3.62345048833958572E-002
 1.00000000000000004E+036
 1.00000000000000004E+036
 1.00000000000000004E+036
 1.00000000000000004E+036
 1.00000000000000004E+036
 1.00000000000000004E+036
 1.00000000000000004E+036
 1.00000000000000004E+036
 1.00000000000000004E+036
 1.00000000000000004E+036
 1.00000000000000004E+036
 1.00000000000000004E+036
 1.00000000000000004E+036
 1.00000000000000004E+036
 1.00000000000000004E+036
 1.00000000000000004E+036
 1.00000000000000004E+036
 1.00000000000000004E+036
 1.00000000000000004E+036
 1.00000000000000004E+036
 1.00000000000000004E+036
 1.00000000000000004E+036
 1.00000000000000004E+036
 1.00000000000000004E+036
 1.00000000000000004E+036
 1.00000000000000004E+036
 1.00000000000000004E+036
 1.00000000000000004E+036
 1.00000000000000004E+036
 1.00000000000000004E+036
 1.00000000000000004E+036
 1.00000000000000004E+036
 1.00000000000000004E+036
 1.00000000000000004E+036
 1.00000000000000004E+036
 1.00000000000000004E+036
 1.00000000000000004E+036
 1.00000000000000004E+036
 1.00000000000000004E+036
 1.00000000000000004E+036
 1.00000000000000004E+036
 1.00000000000000004E+036
 1.00000000000000004E+036
 1.00000000000000004E+036
 1.00000000000000004E+036
 1.00000000000000004E+036
 1.00000000000000004E+036
 1.00000000000000004E+036
 1.00000000000000004E+036
 1.00000000000000004E+036
 1.00000000000000004E+036
 1.00000000000000004E+036
 1.00000000000000004E+036
 1.00000000000000004E+036
-1.14625424221799221E-001
-1.21704874741965341E-001
-1.25076927748864364E-001
-1.25971874860454136E-001
-1.25047601995277091E-001
-1.22848683112465551E-001
-1.19752806183726079E-001
-1.16134162796072360E-001
-1.11982320312847605E-001
-1.07495853278635423E-001
-1.02711260926355408E-001
-9.76306987828365891E-002
-9.16201494681558870E-002
-8.54075813317649590E-002
-7.88509783732251890E-002
-7.18904584324491225E-002
-6.44536467764282861E-002
-5.64682629076287412E-002
-4.87492143739700623E-002
-4.44781436933112673E-002
-4.51484023544139745E-002
-4.56724064234776961E-002
-4.62297741807446982E-002
-4.64998029603407304E-002
-4.67853095004784336E-002
-4.68248736112286679E-002
-4.68208381744830149E-002
-4.66974422719772519E-002
-4.64716797519599822E-002
-4.61914009202928355E-002
-4.57919695672899252E-002
-4.53710277606660384E-002
-4.48382160325309087E-002
-4.42987435102395466E-002
-4.36722577646833088E-002
-4.30335053992507710E-002
-4.23385289767566064E-002
-4.16369057502947726E-002
-4.09019417830336351E-002
-4.01557999269925858E-002
-3.93960698941100418E-002
-3.86319962908601156E-002
-3.78633367212160010E-002
-3.71037077933920045E-002
-3.63469313314794817E-002
-3.56098342371069521E-002
 1.00000000000000004E+036
 1.00000000000000004E+036
 1.00000000000000004E+036
 1.00000000000000004E+036
 1.00000000000000004E+036
 1.00000000000000004E+036
 1.00000000000000004E+036
 1.00000000000000004E+036
 1.00000000000000004E+036
 1.00000000000000004E+036
 1.00000000000000004E+036
 1.00000000000000004E+036
 1.00000000000000004E+036
 1.00000000000000004E+036
 1.00000000000000004E+036
 1.00000000000000004E+036
 1.00000000000000004E+036
 1.00000000000000004E+036
 1.00000000000000004E+036
 1.00000000000000004E+036
 1.00000000000000004E+036
 1.00000000000000004E+036
 1.00000000000000004E+036
 1.00000000000000004E+036
 1.00000000000000004E+036
 1.00000000000000004E+036
 1.00000000000000004E+036
 1.00000000000000004E+036
 1.00000000000000004E+036
 1.00000000000000004E+036
 1.00000000000000004E+036
 1.00000000000000004E+036
 1.00000000000000004E+036
 1.00000000000000004E+036
 1.00000000000000004E+036
 1.00000000000000004E+036
 1.00000000000000004E+036
 1.00000000000000004E+036
 1.00000000000000004E+036
 1.00000000000000004E+036
 1.00000000000000004E+036
 1.00000000000000004E+036
 1.00000000000000004E+036
 1.00000000000000004E+036
 1.00000000000000004E+036
 1.00000000000000004E+036
 1.00000000000000004E+036
 1.00000000000000004E+036
 1.00000000000000004E+036
 1.00000000000000004E+036
 1.00000000000000004E+036
 1.00000000000000004E+036
 1.00000000000000004E+036
 1.00000000000000004E+036
# INPUT: mlcanopy_inst__dtg_soil(1,4)
-3.81215786957227465E-002
-3.96652495134048877E-002
-1.78064534133000052E-002
-1.96569493750757829E-002
# INPUT: mlcanopy_inst__dtleaf_leaf(1,100,2,4)
-1.09607345603365047E-001
-3.24775696216647702E-001
-2.86397541510609699E-001
-2.59391799694697056E-001
-2.39679879740776869E-001
-2.25827282899331294E-001
-2.14058729573878281E-001
-1.98393423370987421E-001
-1.99945070344199394E-001
-1.95625043342317895E-001
-1.90196531714946104E-001
-6.87933101337421249E-002
-1.77421743079150929E-001
-1.74286129681092916E-001
-1.71351188389678555E-001
-1.62324240430564259E-001
-1.59651599819540024E-001
-1.71254983609458122E-001
-3.35719202502161806E-001
-4.79501603332948889E-001
-1.30706298648988195E-001
-1.26469441156189077E-001
-1.22673384939787411E-001
-1.19177878903656165E-001
-1.15923165416006668E-001
-1.12849357754214452E-001
-1.09938338708673200E-001
-1.07158930962270915E-001
-1.04502460356684423E-001
-1.01952056206357611E-001
-9.95007239932306220E-002
-9.71396917996116827E-002
-9.48625627607952993E-002
-9.26647038562578018E-002
-9.05405241571202168E-002
-8.84875318895410601E-002
-8.65001743194966366E-002
-8.45775998449767030E-002
-8.27154434488761581E-002
-8.09126990449158257E-002
-7.91659673980689149E-002
-7.74742534873098521E-002
-7.58350935968792328E-002
-7.42471882159634333E-002
-7.27090723333390088E-002
-7.12187367942078708E-002
 1.00000000000000004E+036
 1.00000000000000004E+036
 1.00000000000000004E+036
 1.00000000000000004E+036
 1.00000000000000004E+036
 1.00000000000000004E+036
 1.00000000000000004E+036
 1.00000000000000004E+036
 1.00000000000000004E+036
 1.00000000000000004E+036
 1.00000000000000004E+036
 1.00000000000000004E+036
 1.00000000000000004E+036
 1.00000000000000004E+036
 1.00000000000000004E+036
 1.00000000000000004E+036
 1.00000000000000004E+036
 1.00000000000000004E+036
 1.00000000000000004E+036
 1.00000000000000004E+036
 1.00000000000000004E+036
 1.00000000000000004E+036
 1.00000000000000004E+036
 1.00000000000000004E+036
 1.00000000000000004E+036
 1.00000000000000004E+036
 1.00000000000000004E+036
 1.00000000000000004E+036
 1.00000000000000004E+036
 1.00000000000000004E+036
 1.00000000000000004E+036
 1.00000000000000004E+036
 1.00000000000000004E+036
 1.00000000000000004E+036
 1.00000000000000004E+036
 1.00000000000000004E+036
 1.00000000000000004E+036
 1.00000000000000004E+036
 1.00000000000000004E+036
 1.00000000000000004E+036
 1.00000000000000004E+036
 1.00000000000000004E+036
 1.00000000000000004E+036
 1.00000000000000004E+036
 1.00000000000000004E+036
 1.00000000000000004E+036
 1.00000000000000004E+036
 1.00000000000000004E+036
 1.00000000000000004E+036
 1.00000000000000004E+036
 1.00000000000000004E+036
 1.00000000000000004E+036
 1.00000000000000004E+036
 1.00000000000000004E+036
-1.09607345603365047E-001
-1.18223423084259593E-001
-1.50789242037035365E-001
-1.49890181050579940E-001
-1.14014388501175290E-001
-1.46808040444966537E-001
-9.91626941383856320E-002
-9.03085315367206931E-002
-1.05023804803977328E-001
-1.08105787355043503E-001
-1.10804504907832779E-001
-1.06981964388523920E-001
-1.17129367809866380E-001
-1.19803998331292405E-001
-1.22207260374182169E-001
-1.24193157645265728E-001
-1.10254040186305247E-001
-1.18372884143013835E-001
-1.38782078987617297E-001
-1.42068587596838825E-001
-1.30706298648988195E-001
-1.26469441156189077E-001
-1.22673384939787411E-001
-1.19177878903656165E-001
-1.15923165416006668E-001
-1.12849357754214452E-001
-1.09938338708673200E-001
-1.07158930962270915E-001
-1.04502460356684423E-001
-1.01952056206357611E-001
-9.95007239932306220E-002
-9.71396917996116827E-002
-9.48625627607952993E-002
-9.26647038562578018E-002
-9.05405241571202168E-002
-8.84875318895410601E-002
-8.65001743194966366E-002
-8.45775998449767030E-002
-8.27154434488761581E-002
-8.09126990449158257E-002
-7.91659673980689149E-002
-7.74742534873098521E-002
-7.58350935968792328E-002
-7.42471882159634333E-002
-7.27090723333390088E-002
-7.12187367942078708E-002
 1.00000000000000004E+036
 1.00000000000000004E+036
 1.00000000000000004E+036
 1.00000000000000004E+036
 1.00000000000000004E+036
 1.00000000000000004E+036
 1.00000000000000004E+036
 1.00000000000000004E+036
 1.00000000000000004E+036
 1.00000000000000004E+036
 1.00000000000000004E+036
 1.00000000000000004E+036
 1.00000000000000004E+036
 1.00000000000000004E+036
 1.00000000000000004E+036
 1.00000000000000004E+036
 1.00000000000000004E+036
 1.00000000000000004E+036
 1.00000000000000004E+036
 1.00000000000000004E+036
 1.00000000000000004E+036
 1.00000000000000004E+036
 1.00000000000000004E+036
 1.00000000000000004E+036
 1.00000000000000004E+036
 1.00000000000000004E+036
 1.00000000000000004E+036
 1.00000000000000004E+036
 1.00000000000000004E+036
 1.00000000000000004E+036
 1.00000000000000004E+036
 1.00000000000000004E+036
 1.00000000000000004E+036
 1.00000000000000004E+036
 1.00000000000000004E+036
 1.00000000000000004E+036
 1.00000000000000004E+036
 1.00000000000000004E+036
 1.00000000000000004E+036
 1.00000000000000004E+036
 1.00000000000000004E+036
 1.00000000000000004E+036
 1.00000000000000004E+036
 1.00000000000000004E+036
 1.00000000000000004E+036
 1.00000000000000004E+036
 1.00000000000000004E+036
 1.00000000000000004E+036
 1.00000000000000004E+036
 1.00000000000000004E+036
 1.00000000000000004E+036
 1.00000000000000004E+036
 1.00000000000000004E+036
 1.00000000000000004E+036
-9.59240067959967746E-002
-2.86523425338430116E-001
-2.52237320967140022E-001
-2.31304158662680948E-001
-2.08582731299941315E-001
-1.95905564168981527E-001
-2.04658054604180961E-001
-1.83350510138097889E-001
-1.86263720651595577E-001
-1.84053814426590634E-001
-1.78228670653084009E-001
-1.65045701798135269E-001
-1.77232266674252514E-001
-1.77869494545859652E-001
-1.71254309563721563E-001
-1.71060356844805028E-001
-1.60637812753407161E-001
-1.46772746192937120E-001
-2.50441654612245657E-001
-2.81919843804928405E-001
-1.39482858834298895E-001
-1.34861501809837137E-001
-1.30893696052282849E-001
-1.27119073149629003E-001
-1.23604508210121367E-001
-1.20369582907926542E-001
-1.17171000381802060E-001
-1.14204547410110990E-001
-1.11234706908874159E-001
-1.08426122639457390E-001
-1.05665208644609265E-001
-1.02981439159407273E-001
-1.00392419692695967E-001
-9.78290120248743733E-002
-9.53713001235314550E-002
-9.29312551192538194E-002
-9.05745361657182002E-002
-8.82599487949278227E-002
-8.59984434206921833E-002
-8.37886609750739808E-002
-8.16208204163899609E-002
-7.95028796735550713E-002
-7.74258436754280410E-002
-7.53943250099951001E-002
-7.34031806765642614E-002
-7.14518561908334959E-002
 1.00000000000000004E+036
 1.00000000000000004E+036
 1.00000000000000004E+036
 1.00000000000000004E+036
 1.00000000000000004E+036
 1.00000000000000004E+036
 1.00000000000000004E+036
 1.00000000000000004E+036
 1.00000000000000004E+036
 1.00000000000000004E+036
 1.00000000000000004E+036
 1.00000000000000004E+036
 1.00000000000000004E+036
 1.00000000000000004E+036
 1.00000000000000004E+036
 1.00000000000000004E+036
 1.00000000000000004E+036
 1.00000000000000004E+036
 1.00000000000000004E+036
 1.00000000000000004E+036
 1.00000000000000004E+036
 1.00000000000000004E+036
 1.00000000000000004E+036
 1.00000000000000004E+036
 1.00000000000000004E+036
 1.00000000000000004E+036
 1.00000000000000004E+036
 1.00000000000000004E+036
 1.00000000000000004E+036
 1.00000000000000004E+036
 1.00000000000000004E+036
 1.00000000000000004E+036
 1.00000000000000004E+036
 1.00000000000000004E+036
 1.00000000000000004E+036
 1.00000000000000004E+036
 1.00000000000000004E+036
 1.00000000000000004E+036
 1.00000000000000004E+036
 1.00000000000000004E+036
 1.00000000000000004E+036
 1.00000000000000004E+036
 1.00000000000000004E+036
 1.00000000000000004E+036
 1.00000000000000004E+036
 1.00000000000000004E+036
 1.00000000000000004E+036
 1.00000000000000004E+036
 1.00000000000000004E+036
 1.00000000000000004E+036
 1.00000000000000004E+036
 1.00000000000000004E+036
 1.00000000000000004E+036
 1.00000000000000004E+036
-9.59240067959967746E-002
-9.01482658119334701E-002
-1.20773455200605895E-001
-1.24527130430692523E-001
-1.43054523931255062E-001
-1.30213224697229180E-001
-9.70461613403585943E-002
-9.45568790098150203E-002
-1.47839122605319062E-001
-1.51519520640533756E-001
-1.54059030486848769E-001
-1.25107266396753403E-001
-1.57848162489585775E-001
-1.35159570521807382E-001
-1.37459709547272269E-001
-1.39067662785578250E-001
-1.39948186116725992E-001
-1.43009221311274359E-001
-1.49521945486412733E-001
-1.40245682679108086E-001
-1.39482858834298895E-001
-1.34861501809837137E-001
-1.30893696052282849E-001
-1.27119073149629003E-001
-1.23604508210121367E-001
-1.20369582907926542E-001
-1.17171000381802060E-001
-1.14204547410110990E-001
-1.11234706908874159E-001
-1.08426122639457390E-001
-1.05665208644609265E-001
-1.02981439159407273E-001
-1.00392419692695967E-001
-9.78290120248743733E-002
-9.53713001235314550E-002
-9.29312551192538194E-002
-9.05745361657182002E-002
-8.82599487949278227E-002
-8.59984434206921833E-002
-8.37886609750739808E-002
-8.16208204163899609E-002
-7.95028796735550713E-002
-7.74258436754280410E-002
-7.53943250099951001E-002
-7.34031806765642614E-002
-7.14518561908334959E-002
 1.00000000000000004E+036
 1.00000000000000004E+036
 1.00000000000000004E+036
 1.00000000000000004E+036
 1.00000000000000004E+036
 1.00000000000000004E+036
 1.00000000000000004E+036
 1.00000000000000004E+036
 1.00000000000000004E+036
 1.00000000000000004E+036
 1.00000000000000004E+036
 1.00000000000000004E+036
 1.00000000000000004E+036
 1.00000000000000004E+036
 1.00000000000000004E+036
 1.00000000000000004E+036
 1.00000000000000004E+036
 1.00000000000000004E+036
 1.00000000000000004E+036
 1.00000000000000004E+036
 1.00000000000000004E+036
 1.00000000000000004E+036
 1.00000000000000004E+036
 1.00000000000000004E+036
 1.00000000000000004E+036
 1.00000000000000004E+036
 1.00000000000000004E+036
 1.00000000000000004E+036
 1.00000000000000004E+036
 1.00000000000000004E+036
 1.00000000000000004E+036
 1.00000000000000004E+036
 1.00000000000000004E+036
 1.00000000000000004E+036
 1.00000000000000004E+036
 1.00000000000000004E+036
 1.00000000000000004E+036
 1.00000000000000004E+036
 1.00000000000000004E+036
 1.00000000000000004E+036
 1.00000000000000004E+036
 1.00000000000000004E+036
 1.00000000000000004E+036
 1.00000000000000004E+036
 1.00000000000000004E+036
 1.00000000000000004E+036
 1.00000000000000004E+036
 1.00000000000000004E+036
 1.00000000000000004E+036
 1.00000000000000004E+036
 1.00000000000000004E+036
 1.00000000000000004E+036
 1.00000000000000004E+036
 1.00000000000000004E+036
-1.35238933783796256E-001
-1.49239125389613037E-001
-1.36355220411076061E-001
-1.21021059556653654E-001
-1.09862534763578878E-001
-1.02942244539804051E-001
-1.01043114161484482E-001
-9.06546419418532423E-002
-1.00005741845848206E-001
-9.70989676742419761E-002
-9.33832338540128148E-002
 2.15960703401378851E-002
-8.02824317012209576E-002
-8.88578829371340362E-002
-8.27414503107775090E-002
-8.30496792832491337E-002
-8.16463670106486461E-002
-6.62246213001935757E-002
 1.08900148567840915E-002
-1.76000763210481637E-001
-9.32409159595408710E-002
-9.04505694599038179E-002
-8.79255693931213500E-002
-8.54282342010037610E-002
-8.30688544475037816E-002
-8.06697142531902500E-002
-7.83617252487260885E-002
-7.60010235287609248E-002
-7.36993324719037446E-002
-7.13698603453281066E-002
-6.90650189256984959E-002
-6.67613602269625517E-002
-6.44631729938964781E-002
-6.21833941083309583E-002
-5.99017157096568553E-002
-5.76475081986700388E-002
-5.53903608853829610E-002
-5.31717240236844191E-002
-5.09519171719716724E-002
-4.87754086428822120E-002
-4.66001753884484060E-002
-4.44744896327620154E-002
-4.23556409563161651E-002
-4.02871857176023696E-002
-3.82365543386526952E-002
-3.62345048833958572E-002
 1.00000000000000004E+036
 1.00000000000000004E+036
 1.00000000000000004E+036
 1.00000000000000004E+036
 1.00000000000000004E+036
 1.00000000000000004E+036
 1.00000000000000004E+036
 1.00000000000000004E+036
 1.00000000000000004E+036
 1.00000000000000004E+036
 1.00000000000000004E+036
 1.00000000000000004E+036
 1.00000000000000004E+036
 1.00000000000000004E+036
 1.00000000000000004E+036
 1.00000000000000004E+036
 1.00000000000000004E+036
 1.00000000000000004E+036
 1.00000000000000004E+036
 1.00000000000000004E+036
 1.00000000000000004E+036
 1.00000000000000004E+036
 1.00000000000000004E+036
 1.00000000000000004E+036
 1.00000000000000004E+036
 1.00000000000000004E+036
 1.00000000000000004E+036
 1.00000000000000004E+036
 1.00000000000000004E+036
 1.00000000000000004E+036
 1.00000000000000004E+036
 1.00000000000000004E+036
 1.00000000000000004E+036
 1.00000000000000004E+036
 1.00000000000000004E+036
 1.00000000000000004E+036
 1.00000000000000004E+036
 1.00000000000000004E+036
 1.00000000000000004E+036
 1.00000000000000004E+036
 1.00000000000000004E+036
 1.00000000000000004E+036
 1.00000000000000004E+036
 1.00000000000000004E+036
 1.00000000000000004E+036
 1.00000000000000004E+036
 1.00000000000000004E+036
 1.00000000000000004E+036
 1.00000000000000004E+036
 1.00000000000000004E+036
 1.00000000000000004E+036
 1.00000000000000004E+036
 1.00000000000000004E+036
 1.00000000000000004E+036
-1.35238933783796256E-001
-1.40506470881405221E-001
-1.36645777822195669E-001
-1.39682482537580199E-001
-1.32948671052133705E-001
-1.31872531417059236E-001
-1.12747719540266189E-001
-7.83281637246773244E-002
-1.16983694394264148E-001
-1.13698949746208200E-001
-1.09299948679677073E-001
-1.02022912370159702E-001
-1.02516145688582583E-001
-9.81476425314440348E-002
-9.43959481975866765E-002
-9.10194906763308609E-002
-8.68467344675991626E-002
-8.33209042041289649E-002
-9.04221396338016348E-002
-1.17552306061327272E-001
-9.32409159595408710E-002
-9.04505694599038179E-002
-8.79255693931213500E-002
-8.54282342010037610E-002
-8.30688544475037816E-002
-8.06697142531902500E-002
-7.83617252487260885E-002
-7.60010235287609248E-002
-7.36993324719037446E-002
-7.13698603453281066E-002
-6.90650189256984959E-002
-6.67613602269625517E-002
-6.44631729938964781E-002
-6.21833941083309583E-002
-5.99017157096568553E-002
-5.76475081986700388E-002
-5.53903608853829610E-002
-5.31717240236844191E-002
-5.09519171719716724E-002
-4.87754086428822120E-002
-4.66001753884484060E-002
-4.44744896327620154E-002
-4.23556409563161651E-002
-4.02871857176023696E-002
-3.82365543386526952E-002
-3.62345048833958572E-002
 1.00000000000000004E+036
 1.00000000000000004E+036
 1.00000000000000004E+036
 1.00000000000000004E+036
 1.00000000000000004E+036
 1.00000000000000004E+036
 1.00000000000000004E+036
 1.00000000000000004E+036
 1.00000000000000004E+036
 1.00000000000000004E+036
 1.00000000000000004E+036
 1.00000000000000004E+036
 1.00000000000000004E+036
 1.00000000000000004E+036
 1.00000000000000004E+036
 1.00000000000000004E+036
 1.00000000000000004E+036
 1.00000000000000004E+036
 1.00000000000000004E+036
 1.00000000000000004E+036
 1.00000000000000004E+036
 1.00000000000000004E+036
 1.00000000000000004E+036
 1.00000000000000004E+036
 1.00000000000000004E+036
 1.00000000000000004E+036
 1.00000000000000004E+036
 1.00000000000000004E+036
 1.00000000000000004E+036
 1.00000000000000004E+036
 1.00000000000000004E+036
 1.00000000000000004E+036
 1.00000000000000004E+036
 1.00000000000000004E+036
 1.00000000000000004E+036
 1.00000000000000004E+036
 1.00000000000000004E+036
 1.00000000000000004E+036
 1.00000000000000004E+036
 1.00000000000000004E+036
 1.00000000000000004E+036
 1.00000000000000004E+036
 1.00000000000000004E+036
 1.00000000000000004E+036
 1.00000000000000004E+036
 1.00000000000000004E+036
 1.00000000000000004E+036
 1.00000000000000004E+036
 1.00000000000000004E+036
 1.00000000000000004E+036
 1.00000000000000004E+036
 1.00000000000000004E+036
 1.00000000000000004E+036
 1.00000000000000004E+036
-1.14625424221799221E-001
-1.22055877217178477E-001
-9.80265274385487828E-002
-9.98973941468648263E-002
-9.18126245160237886E-002
-8.70408279126309026E-002
-8.99829142945804961E-002
-8.35660914116260756E-002
-8.86942581250309559E-002
-8.66683459884711738E-002
-8.45364193448290280E-002
-1.02027536453874745E-001
-6.43918346740406378E-002
-7.36574863374812594E-002
-6.82273061944442816E-002
-6.76364916452598663E-002
-5.94009682558294116E-002
 1.62860467678456189E-002
 3.29992809191026026E-001
 6.10886369009449481E-001
-4.51484023544139745E-002
-4.56724064234776961E-002
-4.62297741807446982E-002
-4.64998029603407304E-002
-4.67853095004784336E-002
-4.68248736112286679E-002
-4.68208381744830149E-002
-4.66974422719772519E-002
-4.64716797519599822E-002
-4.61914009202928355E-002
-4.57919695672899252E-002
-4.53710277606660384E-002
-4.48382160325309087E-002
-4.42987435102395466E-002
-4.36722577646833088E-002
-4.30335053992507710E-002
-4.23385289767566064E-002
-4.16369057502947726E-002
-4.09019417830336351E-002
-4.01557999269925858E-002
-3.93960698941100418E-002
-3.86319962908601156E-002
-3.78633367212160010E-002
-3.71037077933920045E-002
-3.63469313314794817E-002
-3.56098342371069521E-002
 1.00000000000000004E+036
 1.00000000000000004E+036
 1.00000000000000004E+036
 1.00000000000000004E+036
 1.00000000000000004E+036
 1.00000000000000004E+036
 1.00000000000000004E+036
 1.00000000000000004E+036
 1.00000000000000004E+036
 1.00000000000000004E+036
 1.00000000000000004E+036
 1.00000000000000004E+036
 1.00000000000000004E+036
 1.00000000000000004E+036
 1.00000000000000004E+036
 1.00000000000000004E+036
 1.00000000000000004E+036
 1.00000000000000004E+036
 1.00000000000000004E+036
 1.00000000000000004E+036
 1.00000000000000004E+036
 1.00000000000000004E+036
 1.00000000000000004E+036
 1.00000000000000004E+036
 1.00000000000000004E+036
 1.00000000000000004E+036
 1.00000000000000004E+036
 1.00000000000000004E+036
 1.00000000000000004E+036
 1.00000000000000004E+036
 1.00000000000000004E+036
 1.00000000000000004E+036
 1.00000000000000004E+036
 1.00000000000000004E+036
 1.00000000000000004E+036
 1.00000000000000004E+036
 1.00000000000000004E+036
 1.00000000000000004E+036
 1.00000000000000004E+036
 1.00000000000000004E+036
 1.00000000000000004E+036
 1.00000000000000004E+036
 1.00000000000000004E+036
 1.00000000000000004E+036
 1.00000000000000004E+036
 1.00000000000000004E+036
 1.00000000000000004E+036
 1.00000000000000004E+036
 1.00000000000000004E+036
 1.00000000000000004E+036
 1.00000000000000004E+036
 1.00000000000000004E+036
 1.00000000000000004E+036
 1.00000000000000004E+036
-1.14625424221799221E-001
-1.30383374855682632E-001
-9.81580289384851312E-002
-1.01674532583672317E-001
-9.56463354259540210E-002
-9.76859122466180452E-002
-8.69442479618669495E-002
-9.83184741406830653E-002
-9.14663576904786169E-002
-8.96253723441304828E-002
-8.65558827626387028E-002
-1.16440328899955148E-001
-8.00546988127166514E-002
-7.44974120270285312E-002
-6.98805274209917116E-002
-6.48098711990883203E-002
-7.42143007118443165E-002
-6.68681886881472565E-002
-7.20425326796316767E-002
-8.42994152888536519E-002
-4.51484023544139745E-002
-4.56724064234776961E-002
-4.62297741807446982E-002
-4.64998029603407304E-002
-4.67853095004784336E-002
-4.68248736112286679E-002
-4.68208381744830149E-002
-4.66974422719772519E-002
-4.64716797519599822E-002
-4.61914009202928355E-002
-4.57919695672899252E-002
-4.53710277606660384E-002
-4.48382160325309087E-002
-4.42987435102395466E-002
-4.36722577646833088E-002
-4.30335053992507710E-002
-4.23385289767566064E-002
-4.16369057502947726E-002
-4.09019417830336351E-002
-4.01557999269925858E-002
-3.93960698941100418E-002
-3.86319962908601156E-002
-3.78633367212160010E-002
-3.71037077933920045E-002
-3.63469313314794817E-002
-3.56098342371069521E-002
 1.00000000000000004E+036
 1.00000000000000004E+036
 1.00000000000000004E+036
 1.00000000000000004E+036
 1.00000000000000004E+036
 1.00000000000000004E+036
 1.00000000000000004E+036
 1.00000000000000004E+036
 1.00000000000000004E+036
 1.00000000000000004E+036
 1.00000000000000004E+036
 1.00000000000000004E+036
 1.00000000000000004E+036
 1.00000000000000004E+036
 1.00000000000000004E+036
 1.00000000000000004E+036
 1.00000000000000004E+036
 1.00000000000000004E+036
 1.00000000000000004E+036
 1.00000000000000004E+036
 1.00000000000000004E+036
 1.00000000000000004E+036
 1.00000000000000004E+036
 1.00000000000000004E+036
 1.00000000000000004E+036
 1.00000000000000004E+036
 1.00000000000000004E+036
 1.00000000000000004E+036
 1.00000000000000004E+036
 1.00000000000000004E+036
 1.00000000000000004E+036
 1.00000000000000004E+036
 1.00000000000000004E+036
 1.00000000000000004E+036
 1.00000000000000004E+036
 1.00000000000000004E+036
 1.00000000000000004E+036
 1.00000000000000004E+036
 1.00000000000000004E+036
 1.00000000000000004E+036
 1.00000000000000004E+036
 1.00000000000000004E+036
 1.00000000000000004E+036
 1.00000000000000004E+036
 1.00000000000000004E+036
 1.00000000000000004E+036
 1.00000000000000004E+036
 1.00000000000000004E+036
 1.00000000000000004E+036
 1.00000000000000004E+036
 1.00000000000000004E+036
 1.00000000000000004E+036
 1.00000000000000004E+036
 1.00000000000000004E+036
# INPUT: mlcanopy_inst__eair_bef_profile(1,100)
 1.44504805848732281E+003
 1.41408658790216487E+003
 1.39130238816533461E+003
 1.37427356592727847E+003
 1.36110445051581701E+003
 1.35036685988406020E+003
 1.34099359138175100E+003
 1.33216698866785509E+003
 1.32330090517548797E+003
 1.31398700319940281E+003
 1.30391584301006128E+003
 1.29285237133787018E+003
 1.28060186592840500E+003
 1.26708262658269791E+003
 1.25217646999128783E+003
 1.23582213776790195E+003
 1.21802277923470319E+003
 1.19887896945818761E+003
 1.17869653056188804E+003
 1.15820468277989858E+003
 1.13854671775405313E+003
 1.12143329152830552E+003
 1.10577329386333713E+003
 1.09104383238733931E+003
 1.07704833915366044E+003
 1.06355629947730290E+003
 1.05052120712015198E+003
 1.03783171660671678E+003
 1.02546021311185632E+003
 1.01335379448340097E+003
 1.00148737819065229E+003
 9.89839206776542937E+002
 9.78383896037067757E+002
 9.67115233993310881E+002
 9.56009263778108902E+002
 9.45064885521472775E+002
 9.34263564231262649E+002
 9.23603755112778913E+002
 9.13073007980757893E+002
 9.02667771913146225E+002
 8.92379341605283344E+002
 8.82203344560800019E+002
 8.72134388020287020E+002
 8.62166109443782489E+002
 8.52296039794833746E+002
 8.42517384204509995E+002
 1.00000000000000004E+036
 1.00000000000000004E+036
 1.00000000000000004E+036
 1.00000000000000004E+036
 1.00000000000000004E+036
 1.00000000000000004E+036
 1.00000000000000004E+036
 1.00000000000000004E+036
 1.00000000000000004E+036
 1.00000000000000004E+036
 1.00000000000000004E+036
 1.00000000000000004E+036
 1.00000000000000004E+036
 1.00000000000000004E+036
 1.00000000000000004E+036
 1.00000000000000004E+036
 1.00000000000000004E+036
 1.00000000000000004E+036
 1.00000000000000004E+036
 1.00000000000000004E+036
 1.00000000000000004E+036
 1.00000000000000004E+036
 1.00000000000000004E+036
 1.00000000000000004E+036
 1.00000000000000004E+036
 1.00000000000000004E+036
 1.00000000000000004E+036
 1.00000000000000004E+036
 1.00000000000000004E+036
 1.00000000000000004E+036
 1.00000000000000004E+036
 1.00000000000000004E+036
 1.00000000000000004E+036
 1.00000000000000004E+036
 1.00000000000000004E+036
 1.00000000000000004E+036
 1.00000000000000004E+036
 1.00000000000000004E+036
 1.00000000000000004E+036
 1.00000000000000004E+036
 1.00000000000000004E+036
 1.00000000000000004E+036
 1.00000000000000004E+036
 1.00000000000000004E+036
 1.00000000000000004E+036
 1.00000000000000004E+036
 1.00000000000000004E+036
 1.00000000000000004E+036
 1.00000000000000004E+036
 1.00000000000000004E+036
 1.00000000000000004E+036
 1.00000000000000004E+036
 1.00000000000000004E+036
 1.00000000000000004E+036
# INPUT: mlcanopy_inst__eair_profile(1,100)
 1.51481712773010372E+003
 1.48012986543314173E+003
 1.45383773472393045E+003
 1.43348640339250937E+003
 1.41717471874568514E+003
 1.40347833704273694E+003
 1.39132965110462351E+003
 1.37994969845820265E+003
 1.36873821084812084E+003
 1.35722594696688725E+003
 1.34509019295532039E+003
 1.33208365016731341E+003
 1.31806790265972359E+003
 1.30287257410018424E+003
 1.28638832485954458E+003
 1.26853340096467650E+003
 1.24929920878411781E+003
 1.22877943828895627E+003
 1.20729366947383778E+003
 1.18549930933619044E+003
 1.16454733973042676E+003
 1.14632116903784186E+003
 1.12967644478639841E+003
 1.11399120829510184E+003
 1.09908434861544447E+003
 1.08472946285604326E+003
 1.07082882479511090E+003
 1.05731332860761449E+003
 1.04410553980930717E+003
 1.03118814967350386E+003
 1.01851280570539643E+003
 1.00606394377661047E+003
 9.93820804721253694E+002
 9.81762622340889720E+002
 9.69882929992661161E+002
 9.58162721130820159E+002
 9.46597252468851138E+002
 9.35177080206872347E+002
 9.23892033435340409E+002
 9.12738860265787821E+002
 9.01707141136964310E+002
 8.90794301873137897E+002
 8.79993579875018668E+002
 8.69299601141770381E+002
 8.58709257925169709E+002
 8.48215909734764864E+002
 1.00000000000000004E+036
 1.00000000000000004E+036
 1.00000000000000004E+036
 1.00000000000000004E+036
 1.00000000000000004E+036
 1.00000000000000004E+036
 1.00000000000000004E+036
 1.00000000000000004E+036
 1.00000000000000004E+036
 1.00000000000000004E+036
 1.00000000000000004E+036
 1.00000000000000004E+036
 1.00000000000000004E+036
 1.00000000000000004E+036
 1.00000000000000004E+036
 1.00000000000000004E+036
 1.00000000000000004E+036
 1.00000000000000004E+036
 1.00000000000000004E+036
 1.00000000000000004E+036
 1.00000000000000004E+036
 1.00000000000000004E+036
 1.00000000000000004E+036
 1.00000000000000004E+036
 1.00000000000000004E+036
 1.00000000000000004E+036
 1.00000000000000004E+036
 1.00000000000000004E+036
 1.00000000000000004E+036
 1.00000000000000004E+036
 1.00000000000000004E+036
 1.00000000000000004E+036
 1.00000000000000004E+036
 1.00000000000000004E+036
 1.00000000000000004E+036
 1.00000000000000004E+036
 1.00000000000000004E+036
 1.00000000000000004E+036
 1.00000000000000004E+036
 1.00000000000000004E+036
 1.00000000000000004E+036
 1.00000000000000004E+036
 1.00000000000000004E+036
 1.00000000000000004E+036
 1.00000000000000004E+036
 1.00000000000000004E+036
 1.00000000000000004E+036
 1.00000000000000004E+036
 1.00000000000000004E+036
 1.00000000000000004E+036
 1.00000000000000004E+036
 1.00000000000000004E+036
 1.00000000000000004E+036
 1.00000000000000004E+036
# INPUT: mlcanopy_inst__h2ocan_bef_profile(1,100)
 0.00000000000000000E+000
 0.00000000000000000E+000
 0.00000000000000000E+000
 0.00000000000000000E+000
 0.00000000000000000E+000
 0.00000000000000000E+000
 0.00000000000000000E+000
 0.00000000000000000E+000
 0.00000000000000000E+000
 0.00000000000000000E+000
 0.00000000000000000E+000
 0.00000000000000000E+000
 0.00000000000000000E+000
 0.00000000000000000E+000
 0.00000000000000000E+000
 0.00000000000000000E+000
 0.00000000000000000E+000
 0.00000000000000000E+000
 0.00000000000000000E+000
 0.00000000000000000E+000
 0.00000000000000000E+000
 0.00000000000000000E+000
 0.00000000000000000E+000
 0.00000000000000000E+000
 0.00000000000000000E+000
 0.00000000000000000E+000
 0.00000000000000000E+000
 0.00000000000000000E+000
 0.00000000000000000E+000
 0.00000000000000000E+000
 0.00000000000000000E+000
 0.00000000000000000E+000
 0.00000000000000000E+000
 0.00000000000000000E+000
 0.00000000000000000E+000
 0.00000000000000000E+000
 0.00000000000000000E+000
 0.00000000000000000E+000
 0.00000000000000000E+000
 0.00000000000000000E+000
 0.00000000000000000E+000
 0.00000000000000000E+000
 0.00000000000000000E+000
 0.00000000000000000E+000
 0.00000000000000000E+000
 0.00000000000000000E+000
 1.00000000000000004E+036
 1.00000000000000004E+036
 1.00000000000000004E+036
 1.00000000000000004E+036
 1.00000000000000004E+036
 1.00000000000000004E+036
 1.00000000000000004E+036
 1.00000000000000004E+036
 1.00000000000000004E+036
 1.00000000000000004E+036
 1.00000000000000004E+036
 1.00000000000000004E+036
 1.00000000000000004E+036
 1.00000000000000004E+036
 1.00000000000000004E+036
 1.00000000000000004E+036
 1.00000000000000004E+036
 1.00000000000000004E+036
 1.00000000000000004E+036
 1.00000000000000004E+036
 1.00000000000000004E+036
 1.00000000000000004E+036
 1.00000000000000004E+036
 1.00000000000000004E+036
 1.00000000000000004E+036
 1.00000000000000004E+036
 1.00000000000000004E+036
 1.00000000000000004E+036
 1.00000000000000004E+036
 1.00000000000000004E+036
 1.00000000000000004E+036
 1.00000000000000004E+036
 1.00000000000000004E+036
 1.00000000000000004E+036
 1.00000000000000004E+036
 1.00000000000000004E+036
 1.00000000000000004E+036
 1.00000000000000004E+036
 1.00000000000000004E+036
 1.00000000000000004E+036
 1.00000000000000004E+036
 1.00000000000000004E+036
 1.00000000000000004E+036
 1.00000000000000004E+036
 1.00000000000000004E+036
 1.00000000000000004E+036
 1.00000000000000004E+036
 1.00000000000000004E+036
 1.00000000000000004E+036
 1.00000000000000004E+036
 1.00000000000000004E+036
 1.00000000000000004E+036
 1.00000000000000004E+036
 1.00000000000000004E+036
# INPUT: mlcanopy_inst__h2ocan_profile(1,100)
 0.00000000000000000E+000
 0.00000000000000000E+000
 0.00000000000000000E+000
 0.00000000000000000E+000
 0.00000000000000000E+000
 0.00000000000000000E+000
 0.00000000000000000E+000
 0.00000000000000000E+000
 0.00000000000000000E+000
 0.00000000000000000E+000
 0.00000000000000000E+000
 0.00000000000000000E+000
 0.00000000000000000E+000
 0.00000000000000000E+000
 0.00000000000000000E+000
 0.00000000000000000E+000
 0.00000000000000000E+000
 0.00000000000000000E+000
 0.00000000000000000E+000
 0.00000000000000000E+000
 0.00000000000000000E+000
 0.00000000000000000E+000
 0.00000000000000000E+000
 0.00000000000000000E+000
 0.00000000000000000E+000
 0.00000000000000000E+000
 0.00000000000000000E+000
 0.00000000000000000E+000
 0.00000000000000000E+000
 0.00000000000000000E+000
 0.00000000000000000E+000
 0.00000000000000000E+000
 0.00000000000000000E+000
 0.00000000000000000E+000
 0.00000000000000000E+000
 0.00000000000000000E+000
 0.00000000000000000E+000
 0.00000000000000000E+000
 0.00000000000000000E+000
 0.00000000000000000E+000
 0.00000000000000000E+000
 0.00000000000000000E+000
 0.00000000000000000E+000
 0.00000000000000000E+000
 0.00000000000000000E+000
 0.00000000000000000E+000
 0.00000000000000000E+000
 0.00000000000000000E+000
 0.00000000000000000E+000
 0.00000000000000000E+000
 0.00000000000000000E+000
 0.00000000000000000E+000
 0.00000000000000000E+000
 0.00000000000000000E+000
 0.00000000000000000E+000
 0.00000000000000000E+000
 0.00000000000000000E+000
 0.00000000000000000E+000
 0.00000000000000000E+000
 0.00000000000000000E+000
 0.00000000000000000E+000
 0.00000000000000000E+000
 0.00000000000000000E+000
 0.00000000000000000E+000
 0.00000000000000000E+000
 0.00000000000000000E+000
 0.00000000000000000E+000
 0.00000000000000000E+000
 0.00000000000000000E+000
 0.00000000000000000E+000
 0.00000000000000000E+000
 0.00000000000000000E+000
 0.00000000000000000E+000
 0.00000000000000000E+000
 0.00000000000000000E+000
 0.00000000000000000E+000
 0.00000000000000000E+000
 0.00000000000000000E+000
 0.00000000000000000E+000
 0.00000000000000000E+000
 0.00000000000000000E+000
 0.00000000000000000E+000
 0.00000000000000000E+000
 0.00000000000000000E+000
 0.00000000000000000E+000
 0.00000000000000000E+000
 0.00000000000000000E+000
 0.00000000000000000E+000
 0.00000000000000000E+000
 0.00000000000000000E+000
 0.00000000000000000E+000
 0.00000000000000000E+000
 0.00000000000000000E+000
 0.00000000000000000E+000
 0.00000000000000000E+000
 0.00000000000000000E+000
 0.00000000000000000E+000
 0.00000000000000000E+000
 0.00000000000000000E+000
 0.00000000000000000E+000
# INPUT: mlcanopy_inst__lwp_bef_leaf(1,100,2)
 0.00000000000000000E+000
-5.69167981200802475E-001
-6.76673751783514854E-001
-7.49111721857120716E-001
-8.05163810706672312E-001
-8.51760954444445662E-001
-8.93317112337336905E-001
-9.33903051639883852E-001
-9.73781041340652798E-001
-1.01362330468102946E+000
-1.05407712271030718E+000
-1.09372067072834511E+000
-1.13446652193356479E+000
-1.19199736832086423E+000
-1.25565986388751605E+000
-1.32513453686827942E+000
-1.40006524089089690E+000
-1.47318279692857446E+000
-1.51603551298056893E+000
-1.53554269386619602E+000
 0.00000000000000000E+000
 0.00000000000000000E+000
 0.00000000000000000E+000
 0.00000000000000000E+000
 0.00000000000000000E+000
 0.00000000000000000E+000
 0.00000000000000000E+000
 0.00000000000000000E+000
 0.00000000000000000E+000
 0.00000000000000000E+000
 0.00000000000000000E+000
 0.00000000000000000E+000
 0.00000000000000000E+000
 0.00000000000000000E+000
 0.00000000000000000E+000
 0.00000000000000000E+000
 0.00000000000000000E+000
 0.00000000000000000E+000
 0.00000000000000000E+000
 0.00000000000000000E+000
 0.00000000000000000E+000
 0.00000000000000000E+000
 0.00000000000000000E+000
 0.00000000000000000E+000
 0.00000000000000000E+000
 0.00000000000000000E+000
 1.00000000000000004E+036
 1.00000000000000004E+036
 1.00000000000000004E+036
 1.00000000000000004E+036
 1.00000000000000004E+036
 1.00000000000000004E+036
 1.00000000000000004E+036
 1.00000000000000004E+036
 1.00000000000000004E+036
 1.00000000000000004E+036
 1.00000000000000004E+036
 1.00000000000000004E+036
 1.00000000000000004E+036
 1.00000000000000004E+036
 1.00000000000000004E+036
 1.00000000000000004E+036
 1.00000000000000004E+036
 1.00000000000000004E+036
 1.00000000000000004E+036
 1.00000000000000004E+036
 1.00000000000000004E+036
 1.00000000000000004E+036
 1.00000000000000004E+036
 1.00000000000000004E+036
 1.00000000000000004E+036
 1.00000000000000004E+036
 1.00000000000000004E+036
 1.00000000000000004E+036
 1.00000000000000004E+036
 1.00000000000000004E+036
 1.00000000000000004E+036
 1.00000000000000004E+036
 1.00000000000000004E+036
 1.00000000000000004E+036
 1.00000000000000004E+036
 1.00000000000000004E+036
 1.00000000000000004E+036
 1.00000000000000004E+036
 1.00000000000000004E+036
 1.00000000000000004E+036
 1.00000000000000004E+036
 1.00000000000000004E+036
 1.00000000000000004E+036
 1.00000000000000004E+036
 1.00000000000000004E+036
 1.00000000000000004E+036
 1.00000000000000004E+036
 1.00000000000000004E+036
 1.00000000000000004E+036
 1.00000000000000004E+036
 1.00000000000000004E+036
 1.00000000000000004E+036
 1.00000000000000004E+036
 1.00000000000000004E+036
 0.00000000000000000E+000
-2.71288929587117089E-001
-2.87658981103260936E-001
-3.02007813313924067E-001
-3.15162143811039575E-001
-3.28510306621505821E-001
-3.45273141432635489E-001
-3.61615207471077782E-001
-3.78888524934955562E-001
-3.99566727172931013E-001
-4.25053089516610250E-001
-4.56883979396006557E-001
-4.92516318536852737E-001
-5.38990443400474861E-001
-5.93500781407015121E-001
-6.58779180173909795E-001
-7.36903161092749448E-001
-8.26423987757074596E-001
-9.25085550706035376E-001
-1.01967543724543419E+000
 0.00000000000000000E+000
 0.00000000000000000E+000
 0.00000000000000000E+000
 0.00000000000000000E+000
 0.00000000000000000E+000
 0.00000000000000000E+000
 0.00000000000000000E+000
 0.00000000000000000E+000
 0.00000000000000000E+000
 0.00000000000000000E+000
 0.00000000000000000E+000
 0.00000000000000000E+000
 0.00000000000000000E+000
 0.00000000000000000E+000
 0.00000000000000000E+000
 0.00000000000000000E+000
 0.00000000000000000E+000
 0.00000000000000000E+000
 0.00000000000000000E+000
 0.00000000000000000E+000
 0.00000000000000000E+000
 0.00000000000000000E+000
 0.00000000000000000E+000
 0.00000000000000000E+000
 0.00000000000000000E+000
 0.00000000000000000E+000
 1.00000000000000004E+036
 1.00000000000000004E+036
 1.00000000000000004E+036
 1.00000000000000004E+036
 1.00000000000000004E+036
 1.00000000000000004E+036
 1.00000000000000004E+036
 1.00000000000000004E+036
 1.00000000000000004E+036
 1.00000000000000004E+036
 1.00000000000000004E+036
 1.00000000000000004E+036
 1.00000000000000004E+036
 1.00000000000000004E+036
 1.00000000000000004E+036
 1.00000000000000004E+036
 1.00000000000000004E+036
 1.00000000000000004E+036
 1.00000000000000004E+036
 1.00000000000000004E+036
 1.00000000000000004E+036
 1.00000000000000004E+036
 1.00000000000000004E+036
 1.00000000000000004E+036
 1.00000000000000004E+036
 1.00000000000000004E+036
 1.00000000000000004E+036
 1.00000000000000004E+036
 1.00000000000000004E+036
 1.00000000000000004E+036
 1.00000000000000004E+036
 1.00000000000000004E+036
 1.00000000000000004E+036
 1.00000000000000004E+036
 1.00000000000000004E+036
 1.00000000000000004E+036
 1.00000000000000004E+036
 1.00000000000000004E+036
 1.00000000000000004E+036
 1.00000000000000004E+036
 1.00000000000000004E+036
 1.00000000000000004E+036
 1.00000000000000004E+036
 1.00000000000000004E+036
 1.00000000000000004E+036
 1.00000000000000004E+036
 1.00000000000000004E+036
 1.00000000000000004E+036
 1.00000000000000004E+036
 1.00000000000000004E+036
 1.00000000000000004E+036
 1.00000000000000004E+036
 1.00000000000000004E+036
 1.00000000000000004E+036
# INPUT: mlcanopy_inst__lwp_leaf(1,100,2)
 0.00000000000000000E+000
-5.83009541380141605E-001
-6.90820588695488458E-001
-7.64434770309706524E-001
-8.20596828726049443E-001
-8.67522469832338938E-001
-9.10223342720473561E-001
-9.50968621621778754E-001
-9.91540338325498927E-001
-1.03255452848324469E+000
-1.07409890028960775E+000
-1.10726404707186510E+000
-1.15362783909597710E+000
-1.21249931073354666E+000
-1.27787163617881672E+000
-1.34868311087043291E+000
-1.42509913329165405E+000
-1.49482761365610650E+000
-1.53638271908256008E+000
-1.56443275949918759E+000
 0.00000000000000000E+000
 0.00000000000000000E+000
 0.00000000000000000E+000
 0.00000000000000000E+000
 0.00000000000000000E+000
 0.00000000000000000E+000
 0.00000000000000000E+000
 0.00000000000000000E+000
 0.00000000000000000E+000
 0.00000000000000000E+000
 0.00000000000000000E+000
 0.00000000000000000E+000
 0.00000000000000000E+000
 0.00000000000000000E+000
 0.00000000000000000E+000
 0.00000000000000000E+000
 0.00000000000000000E+000
 0.00000000000000000E+000
 0.00000000000000000E+000
 0.00000000000000000E+000
 0.00000000000000000E+000
 0.00000000000000000E+000
 0.00000000000000000E+000
 0.00000000000000000E+000
 0.00000000000000000E+000
 0.00000000000000000E+000
-1.00000000000000006E-001
-1.00000000000000006E-001
-1.00000000000000006E-001
-1.00000000000000006E-001
-1.00000000000000006E-001
-1.00000000000000006E-001
-1.00000000000000006E-001
-1.00000000000000006E-001
-1.00000000000000006E-001
-1.00000000000000006E-001
-1.00000000000000006E-001
-1.00000000000000006E-001
-1.00000000000000006E-001
-1.00000000000000006E-001
-1.00000000000000006E-001
-1.00000000000000006E-001
-1.00000000000000006E-001
-1.00000000000000006E-001
-1.00000000000000006E-001
-1.00000000000000006E-001
-1.00000000000000006E-001
-1.00000000000000006E-001
-1.00000000000000006E-001
-1.00000000000000006E-001
-1.00000000000000006E-001
-1.00000000000000006E-001
-1.00000000000000006E-001
-1.00000000000000006E-001
-1.00000000000000006E-001
-1.00000000000000006E-001
-1.00000000000000006E-001
-1.00000000000000006E-001
-1.00000000000000006E-001
-1.00000000000000006E-001
-1.00000000000000006E-001
-1.00000000000000006E-001
-1.00000000000000006E-001
-1.00000000000000006E-001
-1.00000000000000006E-001
-1.00000000000000006E-001
-1.00000000000000006E-001
-1.00000000000000006E-001
-1.00000000000000006E-001
-1.00000000000000006E-001
-1.00000000000000006E-001
-1.00000000000000006E-001
-1.00000000000000006E-001
-1.00000000000000006E-001
-1.00000000000000006E-001
-1.00000000000000006E-001
-1.00000000000000006E-001
-1.00000000000000006E-001
-1.00000000000000006E-001
-1.00000000000000006E-001
 0.00000000000000000E+000
-2.76778913363203316E-001
-2.93959704596846672E-001
-3.09031177723541051E-001
-3.22395088040771549E-001
-3.36074489679649202E-001
-3.51455398190679336E-001
-3.68317661448919031E-001
-3.87578230076102204E-001
-4.08851131999411366E-001
-4.34809029718691731E-001
-4.66352057141964427E-001
-5.03870256015829909E-001
-5.49538418603187195E-001
-6.05183907051170200E-001
-6.72067224028271015E-001
-7.52584671014924433E-001
-8.43984230439098870E-001
-9.44474264984172862E-001
-1.04113857918668495E+000
 0.00000000000000000E+000
 0.00000000000000000E+000
 0.00000000000000000E+000
 0.00000000000000000E+000
 0.00000000000000000E+000
 0.00000000000000000E+000
 0.00000000000000000E+000
 0.00000000000000000E+000
 0.00000000000000000E+000
 0.00000000000000000E+000
 0.00000000000000000E+000
 0.00000000000000000E+000
 0.00000000000000000E+000
 0.00000000000000000E+000
 0.00000000000000000E+000
 0.00000000000000000E+000
 0.00000000000000000E+000
 0.00000000000000000E+000
 0.00000000000000000E+000
 0.00000000000000000E+000
 0.00000000000000000E+000
 0.00000000000000000E+000
 0.00000000000000000E+000
 0.00000000000000000E+000
 0.00000000000000000E+000
 0.00000000000000000E+000
-1.00000000000000006E-001
-1.00000000000000006E-001
-1.00000000000000006E-001
-1.00000000000000006E-001
-1.00000000000000006E-001
-1.00000000000000006E-001
-1.00000000000000006E-001
-1.00000000000000006E-001
-1.00000000000000006E-001
-1.00000000000000006E-001
-1.00000000000000006E-001
-1.00000000000000006E-001
-1.00000000000000006E-001
-1.00000000000000006E-001
-1.00000000000000006E-001
-1.00000000000000006E-001
-1.00000000000000006E-001
-1.00000000000000006E-001
-1.00000000000000006E-001
-1.00000000000000006E-001
-1.00000000000000006E-001
-1.00000000000000006E-001
-1.00000000000000006E-001
-1.00000000000000006E-001
-1.00000000000000006E-001
-1.00000000000000006E-001
-1.00000000000000006E-001
-1.00000000000000006E-001
-1.00000000000000006E-001
-1.00000000000000006E-001
-1.00000000000000006E-001
-1.00000000000000006E-001
-1.00000000000000006E-001
-1.00000000000000006E-001
-1.00000000000000006E-001
-1.00000000000000006E-001
-1.00000000000000006E-001
-1.00000000000000006E-001
-1.00000000000000006E-001
-1.00000000000000006E-001
-1.00000000000000006E-001
-1.00000000000000006E-001
-1.00000000000000006E-001
-1.00000000000000006E-001
-1.00000000000000006E-001
-1.00000000000000006E-001
-1.00000000000000006E-001
-1.00000000000000006E-001
-1.00000000000000006E-001
-1.00000000000000006E-001
-1.00000000000000006E-001
-1.00000000000000006E-001
-1.00000000000000006E-001
-1.00000000000000006E-001
# INPUT: mlcanopy_inst__ncan_canopy(1)
46
# INPUT: mlcanopy_inst__tair_bef_profile(1,100)
 3.00374028615675229E+002
 3.00321080223958688E+002
 3.00264042895011187E+002
 3.00204347048464399E+002
 3.00143999057804308E+002
 3.00084876689594751E+002
 3.00028692641579539E+002
 2.99977409837334392E+002
 2.99932799096567862E+002
 2.99895995146455789E+002
 2.99868458386373902E+002
 2.99851705536578265E+002
 2.99847537953832955E+002
 2.99856603459403459E+002
 2.99880452862327331E+002
 2.99920238260289125E+002
 2.99976607036114046E+002
 3.00049377602326672E+002
 3.00136335349451201E+002
 3.00230958018945273E+002
 3.00324411917229611E+002
 3.00405861816113656E+002
 3.00480473279351429E+002
 3.00550720494491770E+002
 3.00617528506238614E+002
 3.00681988000006243E+002
 3.00744313241551140E+002
 3.00805029761638764E+002
 3.00864263712872798E+002
 3.00922262983808366E+002
 3.00979142832290108E+002
 3.01035003001601126E+002
 3.01089960993199895E+002
 3.01144042632308015E+002
 3.01197359138893148E+002
 3.01249912232666418E+002
 3.01301787521463837E+002
 3.01352989185494948E+002
 3.01403573920884867E+002
 3.01453555805729081E+002
 3.01502973790245676E+002
 3.01551846115573028E+002
 3.01600196016971211E+002
 3.01648051470291932E+002
 3.01695421835380500E+002
 3.01742337306313573E+002
 1.00000000000000004E+036
 1.00000000000000004E+036
 1.00000000000000004E+036
 1.00000000000000004E+036
 1.00000000000000004E+036
 1.00000000000000004E+036
 1.00000000000000004E+036
 1.00000000000000004E+036
 1.00000000000000004E+036
 1.00000000000000004E+036
 1.00000000000000004E+036
 1.00000000000000004E+036
 1.00000000000000004E+036
 1.00000000000000004E+036
 1.00000000000000004E+036
 1.00000000000000004E+036
 1.00000000000000004E+036
 1.00000000000000004E+036
 1.00000000000000004E+036
 1.00000000000000004E+036
 1.00000000000000004E+036
 1.00000000000000004E+036
 1.00000000000000004E+036
 1.00000000000000004E+036
 1.00000000000000004E+036
 1.00000000000000004E+036
 1.00000000000000004E+036
 1.00000000000000004E+036
 1.00000000000000004E+036
 1.00000000000000004E+036
 1.00000000000000004E+036
 1.00000000000000004E+036
 1.00000000000000004E+036
 1.00000000000000004E+036
 1.00000000000000004E+036
 1.00000000000000004E+036
 1.00000000000000004E+036
 1.00000000000000004E+036
 1.00000000000000004E+036
 1.00000000000000004E+036
 1.00000000000000004E+036
 1.00000000000000004E+036
 1.00000000000000004E+036
 1.00000000000000004E+036
 1.00000000000000004E+036
 1.00000000000000004E+036
 1.00000000000000004E+036
 1.00000000000000004E+036
 1.00000000000000004E+036
 1.00000000000000004E+036
 1.00000000000000004E+036
 1.00000000000000004E+036
 1.00000000000000004E+036
 1.00000000000000004E+036
# INPUT: mlcanopy_inst__tair_profile(1,100)
 3.00276518904305988E+002
 3.00214132942667106E+002
 3.00149068983990333E+002
 3.00082522636926797E+002
 3.00016220134754576E+002
 2.99951722570456525E+002
 2.99890665852026245E+002
 2.99834414276995517E+002
 2.99784642216461918E+002
 2.99743308255205250E+002
 2.99711964135056746E+002
 2.99692188347521892E+002
 2.99684797917383776E+002
 2.99691658842265269E+002
 2.99714108043417582E+002
 2.99753460654027208E+002
 2.99810419522659572E+002
 2.99884819278234886E+002
 2.99974270073157186E+002
 3.00073368095018509E+002
 3.00173253188900048E+002
 3.00260098472935908E+002
 3.00339367222278895E+002
 3.00414027513140809E+002
 3.00484945393669932E+002
 3.00553200846027210E+002
 3.00619260569736923E+002
 3.00683454536130910E+002
 3.00746151680978357E+002
 3.00807435042815200E+002
 3.00867534695464599E+002
 3.00926524922235785E+002
 3.00984504466368719E+002
 3.01041571916212661E+002
 3.01097758038981908E+002
 3.01153152811957000E+002
 3.01207778666550894E+002
 3.01261680179276254E+002
 3.01314905269799851E+002
 3.01367469153861407E+002
 3.01419420780140342E+002
 3.01470772080165432E+002
 3.01521554665449003E+002
 3.01571793563406004E+002
 3.01621503118643147E+002
 3.01670714225595873E+002
 1.00000000000000004E+036
 1.00000000000000004E+036
 1.00000000000000004E+036
 1.00000000000000004E+036
 1.00000000000000004E+036
 1.00000000000000004E+036
 1.00000000000000004E+036
 1.00000000000000004E+036
 1.00000000000000004E+036
 1.00000000000000004E+036
 1.00000000000000004E+036
 1.00000000000000004E+036
 1.00000000000000004E+036
 1.00000000000000004E+036
 1.00000000000000004E+036
 1.00000000000000004E+036
 1.00000000000000004E+036
 1.00000000000000004E+036
 1.00000000000000004E+036
 1.00000000000000004E+036
 1.00000000000000004E+036
 1.00000000000000004E+036
 1.00000000000000004E+036
 1.00000000000000004E+036
 1.00000000000000004E+036
 1.00000000000000004E+036
 1.00000000000000004E+036
 1.00000000000000004E+036
 1.00000000000000004E+036
 1.00000000000000004E+036
 1.00000000000000004E+036
 1.00000000000000004E+036
 1.00000000000000004E+036
 1.00000000000000004E+036
 1.00000000000000004E+036
 1.00000000000000004E+036
 1.00000000000000004E+036
 1.00000000000000004E+036
 1.00000000000000004E+036
 1.00000000000000004E+036
 1.00000000000000004E+036
 1.00000000000000004E+036
 1.00000000000000004E+036
 1.00000000000000004E+036
 1.00000000000000004E+036
 1.00000000000000004E+036
 1.00000000000000004E+036
 1.00000000000000004E+036
 1.00000000000000004E+036
 1.00000000000000004E+036
 1.00000000000000004E+036
 1.00000000000000004E+036
 1.00000000000000004E+036
 1.00000000000000004E+036
# INPUT: mlcanopy_inst__tg_bef_soil(1)
 3.01146276382511417E+002
# INPUT: mlcanopy_inst__tg_soil(1)
 3.01106342437542537E+002
# INPUT: mlcanopy_inst__tleaf_bef_leaf(1,100,2)
 3.00374028615675229E+002
 3.06166477752587809E+002
 3.04628639872059068E+002
 3.03607621566954208E+002
 3.02828074558948060E+002
 3.02213983268775564E+002
 3.01701397728373593E+002
 3.01235706914225148E+002
 3.00831906239817272E+002
 3.00471719030646227E+002
 3.00140413123603025E+002
 2.99851000750237290E+002
 2.99613138577422262E+002
 2.99288070976937547E+002
 2.98988895255662271E+002
 2.98721436663842383E+002
 2.98488184618315131E+002
 2.98348711383191926E+002
 2.98481687691931086E+002
 2.98631517477814725E+002
 3.00324411917229611E+002
 3.00405861816113656E+002
 3.00480473279351429E+002
 3.00550720494491770E+002
 3.00617528506238614E+002
 3.00681988000006243E+002
 3.00744313241551140E+002
 3.00805029761638764E+002
 3.00864263712872798E+002
 3.00922262983808366E+002
 3.00979142832290108E+002
 3.01035003001601126E+002
 3.01089960993199895E+002
 3.01144042632308015E+002
 3.01197359138893148E+002
 3.01249912232666418E+002
 3.01301787521463837E+002
 3.01352989185494948E+002
 3.01403573920884867E+002
 3.01453555805729081E+002
 3.01502973790245676E+002
 3.01551846115573028E+002
 3.01600196016971211E+002
 3.01648051470291932E+002
 3.01695421835380500E+002
 3.01742337306313573E+002
 1.00000000000000004E+036
 1.00000000000000004E+036
 1.00000000000000004E+036
 1.00000000000000004E+036
 1.00000000000000004E+036
 1.00000000000000004E+036
 1.00000000000000004E+036
 1.00000000000000004E+036
 1.00000000000000004E+036
 1.00000000000000004E+036
 1.00000000000000004E+036
 1.00000000000000004E+036
 1.00000000000000004E+036
 1.00000000000000004E+036
 1.00000000000000004E+036
 1.00000000000000004E+036
 1.00000000000000004E+036
 1.00000000000000004E+036
 1.00000000000000004E+036
 1.00000000000000004E+036
 1.00000000000000004E+036
 1.00000000000000004E+036
 1.00000000000000004E+036
 1.00000000000000004E+036
 1.00000000000000004E+036
 1.00000000000000004E+036
 1.00000000000000004E+036
 1.00000000000000004E+036
 1.00000000000000004E+036
 1.00000000000000004E+036
 1.00000000000000004E+036
 1.00000000000000004E+036
 1.00000000000000004E+036
 1.00000000000000004E+036
 1.00000000000000004E+036
 1.00000000000000004E+036
 1.00000000000000004E+036
 1.00000000000000004E+036
 1.00000000000000004E+036
 1.00000000000000004E+036
 1.00000000000000004E+036
 1.00000000000000004E+036
 1.00000000000000004E+036
 1.00000000000000004E+036
 1.00000000000000004E+036
 1.00000000000000004E+036
 1.00000000000000004E+036
 1.00000000000000004E+036
 1.00000000000000004E+036
 1.00000000000000004E+036
 1.00000000000000004E+036
 1.00000000000000004E+036
 1.00000000000000004E+036
 1.00000000000000004E+036
 3.00374028615675229E+002
 3.00741288626630364E+002
 3.00476312292092530E+002
 3.00289596208499631E+002
 3.00148288845974150E+002
 3.00012530150957161E+002
 2.99859026707136991E+002
 2.99718390906212392E+002
 2.99610458862217740E+002
 2.99478096767546333E+002
 2.99335231140671056E+002
 2.99155814382216249E+002
 2.99012655357387985E+002
 2.98830695922066525E+002
 2.98643413822114724E+002
 2.98439840342121045E+002
 2.98214406252537913E+002
 2.97991163930134974E+002
 2.97761049297591398E+002
 2.97589532728015342E+002
 3.00324411917229611E+002
 3.00405861816113656E+002
 3.00480473279351429E+002
 3.00550720494491770E+002
 3.00617528506238614E+002
 3.00681988000006243E+002
 3.00744313241551140E+002
 3.00805029761638764E+002
 3.00864263712872798E+002
 3.00922262983808366E+002
 3.00979142832290108E+002
 3.01035003001601126E+002
 3.01089960993199895E+002
 3.01144042632308015E+002
 3.01197359138893148E+002
 3.01249912232666418E+002
 3.01301787521463837E+002
 3.01352989185494948E+002
 3.01403573920884867E+002
 3.01453555805729081E+002
 3.01502973790245676E+002
 3.01551846115573028E+002
 3.01600196016971211E+002
 3.01648051470291932E+002
 3.01695421835380500E+002
 3.01742337306313573E+002
 1.00000000000000004E+036
 1.00000000000000004E+036
 1.00000000000000004E+036
 1.00000000000000004E+036
 1.00000000000000004E+036
 1.00000000000000004E+036
 1.00000000000000004E+036
 1.00000000000000004E+036
 1.00000000000000004E+036
 1.00000000000000004E+036
 1.00000000000000004E+036
 1.00000000000000004E+036
 1.00000000000000004E+036
 1.00000000000000004E+036
 1.00000000000000004E+036
 1.00000000000000004E+036
 1.00000000000000004E+036
 1.00000000000000004E+036
 1.00000000000000004E+036
 1.00000000000000004E+036
 1.00000000000000004E+036
 1.00000000000000004E+036
 1.00000000000000004E+036
 1.00000000000000004E+036
 1.00000000000000004E+036
 1.00000000000000004E+036
 1.00000000000000004E+036
 1.00000000000000004E+036
 1.00000000000000004E+036
 1.00000000000000004E+036
 1.00000000000000004E+036
 1.00000000000000004E+036
 1.00000000000000004E+036
 1.00000000000000004E+036
 1.00000000000000004E+036
 1.00000000000000004E+036
 1.00000000000000004E+036
 1.00000000000000004E+036
 1.00000000000000004E+036
 1.00000000000000004E+036
 1.00000000000000004E+036
 1.00000000000000004E+036
 1.00000000000000004E+036
 1.00000000000000004E+036
 1.00000000000000004E+036
 1.00000000000000004E+036
 1.00000000000000004E+036
 1.00000000000000004E+036
 1.00000000000000004E+036
 1.00000000000000004E+036
 1.00000000000000004E+036
 1.00000000000000004E+036
 1.00000000000000004E+036
 1.00000000000000004E+036
# INPUT: mlcanopy_inst__tleaf_leaf(1,100,2)
 3.00276518904305988E+002
 3.05874483832817475E+002
 3.04384056051784057E+002
 3.03370633039033180E+002
 3.02619646127668830E+002
 3.02012577843298857E+002
 3.01493754070687203E+002
 3.01049083414126585E+002
 3.00645420397266435E+002
 3.00277435019489928E+002
 2.99950302728356178E+002
 2.99785233275471739E+002
 2.99435535732870505E+002
 2.99107511758975363E+002
 2.98807681715657395E+002
 2.98546737357152779E+002
 2.98317211554898449E+002
 2.98189312296165610E+002
 2.98182733453720175E+002
 2.98203079679906978E+002
 3.00173253188900048E+002
 3.00260098472935908E+002
 3.00339367222278895E+002
 3.00414027513140809E+002
 3.00484945393669932E+002
 3.00553200846027210E+002
 3.00619260569736923E+002
 3.00683454536130910E+002
 3.00746151680978357E+002
 3.00807435042815200E+002
 3.00867534695464599E+002
 3.00926524922235785E+002
 3.00984504466368719E+002
 3.01041571916212661E+002
 3.01097758038981908E+002
 3.01153152811957000E+002
 3.01207778666550894E+002
 3.01261680179276254E+002
 3.01314905269799851E+002
 3.01367469153861407E+002
 3.01419420780140342E+002
 3.01470772080165432E+002
 3.01521554665449003E+002
 3.01571793563406004E+002
 3.01621503118643147E+002
 3.01670714225595873E+002
 1.00000000000000004E+036
 1.00000000000000004E+036
 1.00000000000000004E+036
 1.00000000000000004E+036
 1.00000000000000004E+036
 1.00000000000000004E+036
 1.00000000000000004E+036
 1.00000000000000004E+036
 1.00000000000000004E+036
 1.00000000000000004E+036
 1.00000000000000004E+036
 1.00000000000000004E+036
 1.00000000000000004E+036
 1.00000000000000004E+036
 1.00000000000000004E+036
 1.00000000000000004E+036
 1.00000000000000004E+036
 1.00000000000000004E+036
 1.00000000000000004E+036
 1.00000000000000004E+036
 1.00000000000000004E+036
 1.00000000000000004E+036
 1.00000000000000004E+036
 1.00000000000000004E+036
 1.00000000000000004E+036
 1.00000000000000004E+036
 1.00000000000000004E+036
 1.00000000000000004E+036
 1.00000000000000004E+036
 1.00000000000000004E+036
 1.00000000000000004E+036
 1.00000000000000004E+036
 1.00000000000000004E+036
 1.00000000000000004E+036
 1.00000000000000004E+036
 1.00000000000000004E+036
 1.00000000000000004E+036
 1.00000000000000004E+036
 1.00000000000000004E+036
 1.00000000000000004E+036
 1.00000000000000004E+036
 1.00000000000000004E+036
 1.00000000000000004E+036
 1.00000000000000004E+036
 1.00000000000000004E+036
 1.00000000000000004E+036
 1.00000000000000004E+036
 1.00000000000000004E+036
 1.00000000000000004E+036
 1.00000000000000004E+036
 1.00000000000000004E+036
 1.00000000000000004E+036
 1.00000000000000004E+036
 1.00000000000000004E+036
 3.00276518904305988E+002
 3.00642970038764531E+002
 3.00345686895047038E+002
 3.00155636708632812E+002
 3.00016595781068645E+002
 2.99874487567232279E+002
 2.99757378315313929E+002
 2.99619877770965672E+002
 2.99464428152920050E+002
 2.99327446993598301E+002
 2.99180965250516863E+002
 2.99030117035709452E+002
 2.98852532547120347E+002
 2.98690213251628677E+002
 2.98499889336986541E+002
 2.98294589497138986E+002
 2.98068131974413745E+002
 2.97839823571978172E+002
 2.97598945727639659E+002
 2.97429424140648109E+002
 3.00173253188900048E+002
 3.00260098472935908E+002
 3.00339367222278895E+002
 3.00414027513140809E+002
 3.00484945393669932E+002
 3.00553200846027210E+002
 3.00619260569736923E+002
 3.00683454536130910E+002
 3.00746151680978357E+002
 3.00807435042815200E+002
 3.00867534695464599E+002
 3.00926524922235785E+002
 3.00984504466368719E+002
 3.01041571916212661E+002
 3.01097758038981908E+002
 3.01153152811957000E+002
 3.01207778666550894E+002
 3.01261680179276254E+002
 3.01314905269799851E+002
 3.01367469153861407E+002
 3.01419420780140342E+002
 3.01470772080165432E+002
 3.01521554665449003E+002
 3.01571793563406004E+002
 3.01621503118643147E+002
 3.01670714225595873E+002
 1.00000000000000004E+036
 1.00000000000000004E+036
 1.00000000000000004E+036
 1.00000000000000004E+036
 1.00000000000000004E+036
 1.00000000000000004E+036
 1.00000000000000004E+036
 1.00000000000000004E+036
 1.00000000000000004E+036
 1.00000000000000004E+036
 1.00000000000000004E+036
 1.00000000000000004E+036
 1.00000000000000004E+036
 1.00000000000000004E+036
 1.00000000000000004E+036
 1.00000000000000004E+036
 1.00000000000000004E+036
 1.00000000000000004E+036
 1.00000000000000004E+036
 1.00000000000000004E+036
 1.00000000000000004E+036
 1.00000000000000004E+036
 1.00000000000000004E+036
 1.00000000000000004E+036
 1.00000000000000004E+036
 1.00000000000000004E+036
 1.00000000000000004E+036
 1.00000000000000004E+036
 1.00000000000000004E+036
 1.00000000000000004E+036
 1.00000000000000004E+036
 1.00000000000000004E+036
 1.00000000000000004E+036
 1.00000000000000004E+036
 1.00000000000000004E+036
 1.00000000000000004E+036
 1.00000000000000004E+036
 1.00000000000000004E+036
 1.00000000000000004E+036
 1.00000000000000004E+036
 1.00000000000000004E+036
 1.00000000000000004E+036
 1.00000000000000004E+036
 1.00000000000000004E+036
 1.00000000000000004E+036
 1.00000000000000004E+036
 1.00000000000000004E+036
 1.00000000000000004E+036
 1.00000000000000004E+036
 1.00000000000000004E+036
 1.00000000000000004E+036
 1.00000000000000004E+036
 1.00000000000000004E+036
 1.00000000000000004E+036
# OUTPUT: mlcanopy_inst__deair_profile(1,100,4)
 5.77390941490200476E+001
 5.61165188275758737E+001
 5.36557553804375402E+001
 5.07100155124173853E+001
 4.75336707470455622E+001
 4.43337418028690990E+001
 4.11925925976929648E+001
 3.82317660176743175E+001
 3.54922623680888591E+001
 3.29979241399632883E+001
 3.07539525361985397E+001
 2.87550931946332184E+001
 2.70223739200989712E+001
 2.55038209351876048E+001
 2.41800343720012734E+001
 2.30307917732420719E+001
 2.20395175656904030E+001
 2.11946612436263422E+001
 2.04682888389156687E+001
 1.97416367670020918E+001
 1.89597113779921074E+001
 1.82663074195777426E+001
 1.76205986830320853E+001
 1.70036886105326630E+001
 1.64085164118027933E+001
 1.58269469386796118E+001
 1.52577839312430115E+001
 1.46968629809978211E+001
 1.41441278214524573E+001
 1.35975823389097741E+001
 1.30570820049773602E+001
 1.25219666350227499E+001
 1.19919238633469831E+001
 1.14669864972694313E+001
 1.09468030922358821E+001
 1.04317360926835363E+001
 9.92131616172071062E+000
 9.41613888965605383E+000
 8.91591547816278762E+000
 8.42110391099333810E+000
 7.93156418912803929E+000
 7.44767430060574043E+000
 6.96945885326147163E+000
 6.49714402141296432E+000
 6.03094707402544827E+000
 5.57088451815388908E+000
 1.00000000000000004E+036
 1.00000000000000004E+036
 1.00000000000000004E+036
 1.00000000000000004E+036
 1.00000000000000004E+036
 1.00000000000000004E+036
 1.00000000000000004E+036
 1.00000000000000004E+036
 1.00000000000000004E+036
 1.00000000000000004E+036
 1.00000000000000004E+036
 1.00000000000000004E+036
 1.00000000000000004E+036
 1.00000000000000004E+036
 1.00000000000000004E+036
 1.00000000000000004E+036
 1.00000000000000004E+036
 1.00000000000000004E+036
 1.00000000000000004E+036
 1.00000000000000004E+036
 1.00000000000000004E+036
 1.00000000000000004E+036
 1.00000000000000004E+036
 1.00000000000000004E+036
 1.00000000000000004E+036
 1.00000000000000004E+036
 1.00000000000000004E+036
 1.00000000000000004E+036
 1.00000000000000004E+036
 1.00000000000000004E+036
 1.00000000000000004E+036
 1.00000000000000004E+036
 1.00000000000000004E+036
 1.00000000000000004E+036
 1.00000000000000004E+036
 1.00000000000000004E+036
 1.00000000000000004E+036
 1.00000000000000004E+036
 1.00000000000000004E+036
 1.00000000000000004E+036
 1.00000000000000004E+036
 1.00000000000000004E+036
 1.00000000000000004E+036
 1.00000000000000004E+036
 1.00000000000000004E+036
 1.00000000000000004E+036
 1.00000000000000004E+036
 1.00000000000000004E+036
 1.00000000000000004E+036
 1.00000000000000004E+036
 1.00000000000000004E+036
 1.00000000000000004E+036
 1.00000000000000004E+036
 1.00000000000000004E+036
 6.94623630360965763E+001
 6.57582445341840867E+001
 6.22502004206849051E+001
 5.89115839798560046E+001
 5.57435046280588722E+001
 5.27445181752277676E+001
 4.99260229418068775E+001
 4.73286052264952559E+001
 4.49394062066846800E+001
 4.26996289021587927E+001
 4.05990662775532201E+001
 3.86258337914409822E+001
 3.68001965100665984E+001
 3.50702311053710218E+001
 3.34430347237664591E+001
 3.19005551731979722E+001
 3.04267632724424857E+001
 2.90184416895610866E+001
 2.76883158887194440E+001
 2.63851340259154767E+001
 2.51566218851310168E+001
 2.40993354398638076E+001
 2.31636566344329822E+001
 2.22535523526667021E+001
 2.13848044184346691E+001
 2.05618951460908193E+001
 1.97348085900814567E+001
 1.89452966798287434E+001
 1.81445269335658850E+001
 1.73678351450997752E+001
 1.65918513645135590E+001
 1.58234399931765211E+001
 1.50667844849807580E+001
 1.43079112086945770E+001
 1.35641205284313173E+001
 1.28173871599308313E+001
 1.20819374977577354E+001
 1.13495911773444504E+001
 1.06229792175448665E+001
 9.90227846710195081E+000
 9.18571525865968397E+000
 8.47537321201559735E+000
 7.76966694875670782E+000
 7.06986582018873833E+000
 6.37523502687918153E+000
 5.68588322998209605E+000
 1.00000000000000004E+036
 1.00000000000000004E+036
 1.00000000000000004E+036
 1.00000000000000004E+036
 1.00000000000000004E+036
 1.00000000000000004E+036
 1.00000000000000004E+036
 1.00000000000000004E+036
 1.00000000000000004E+036
 1.00000000000000004E+036
 1.00000000000000004E+036
 1.00000000000000004E+036
 1.00000000000000004E+036
 1.00000000000000004E+036
 1.00000000000000004E+036
 1.00000000000000004E+036
 1.00000000000000004E+036
 1.00000000000000004E+036
 1.00000000000000004E+036
 1.00000000000000004E+036
 1.00000000000000004E+036
 1.00000000000000004E+036
 1.00000000000000004E+036
 1.00000000000000004E+036
 1.00000000000000004E+036
 1.00000000000000004E+036
 1.00000000000000004E+036
 1.00000000000000004E+036
 1.00000000000000004E+036
 1.00000000000000004E+036
 1.00000000000000004E+036
 1.00000000000000004E+036
 1.00000000000000004E+036
 1.00000000000000004E+036
 1.00000000000000004E+036
 1.00000000000000004E+036
 1.00000000000000004E+036
 1.00000000000000004E+036
 1.00000000000000004E+036
 1.00000000000000004E+036
 1.00000000000000004E+036
 1.00000000000000004E+036
 1.00000000000000004E+036
 1.00000000000000004E+036
 1.00000000000000004E+036
 1.00000000000000004E+036
 1.00000000000000004E+036
 1.00000000000000004E+036
 1.00000000000000004E+036
 1.00000000000000004E+036
 1.00000000000000004E+036
 1.00000000000000004E+036
 1.00000000000000004E+036
 1.00000000000000004E+036
 6.97690692427809154E+001
 6.60432775309768658E+001
 6.25353465585958475E+001
 5.92128374652309049E+001
 5.60702682298681339E+001
 5.31114771586767347E+001
 5.03360597228725055E+001
 4.77827097903475533E+001
 4.54373056726328741E+001
 4.32389437674844430E+001
 4.11743499452591095E+001
 3.92312788294432266E+001
 3.74660367313185816E+001
 3.57899475174863255E+001
 3.42118548682567507E+001
 3.27112631967745529E+001
 3.12764295494146154E+001
 2.99004688307686592E+001
 2.85971389119497417E+001
 2.72946265562918597E+001
 2.60006219763736226E+001
 2.48878775095363380E+001
 2.39031509230612755E+001
 2.29473759077625346E+001
 2.20360094617840332E+001
 2.11731633787403553E+001
 2.03076176749589195E+001
 1.94816120008977123E+001
 1.86453266974508551E+001
 1.78343551901028832E+001
 1.70254275147441376E+001
 1.62247370000675346E+001
 1.54369086841859371E+001
 1.46473883475788398E+001
 1.38736662145522587E+001
 1.30978356093473849E+001
 1.23336882375884898E+001
 1.15733250940934340E+001
 1.08190254545825155E+001
 1.00710883526415955E+001
 9.32779953168096654E+000
 8.59095731233787774E+000
 7.85919185473164816E+000
 7.13349169798789262E+000
 6.41321813033596300E+000
 5.69852553025486941E+000
 1.00000000000000004E+036
 1.00000000000000004E+036
 1.00000000000000004E+036
 1.00000000000000004E+036
 1.00000000000000004E+036
 1.00000000000000004E+036
 1.00000000000000004E+036
 1.00000000000000004E+036
 1.00000000000000004E+036
 1.00000000000000004E+036
 1.00000000000000004E+036
 1.00000000000000004E+036
 1.00000000000000004E+036
 1.00000000000000004E+036
 1.00000000000000004E+036
 1.00000000000000004E+036
 1.00000000000000004E+036
 1.00000000000000004E+036
 1.00000000000000004E+036
 1.00000000000000004E+036
 1.00000000000000004E+036
 1.00000000000000004E+036
 1.00000000000000004E+036
 1.00000000000000004E+036
 1.00000000000000004E+036
 1.00000000000000004E+036
 1.00000000000000004E+036
 1.00000000000000004E+036
 1.00000000000000004E+036
 1.00000000000000004E+036
 1.00000000000000004E+036
 1.00000000000000004E+036
 1.00000000000000004E+036
 1.00000000000000004E+036
 1.00000000000000004E+036
 1.00000000000000004E+036
 1.00000000000000004E+036
 1.00000000000000004E+036
 1.00000000000000004E+036
 1.00000000000000004E+036
 1.00000000000000004E+036
 1.00000000000000004E+036
 1.00000000000000004E+036
 1.00000000000000004E+036
 1.00000000000000004E+036
 1.00000000000000004E+036
 1.00000000000000004E+036
 1.00000000000000004E+036
 1.00000000000000004E+036
 1.00000000000000004E+036
 1.00000000000000004E+036
 1.00000000000000004E+036
 1.00000000000000004E+036
 1.00000000000000004E+036
 8.97088346698544683E+001
 8.58493172716591744E+001
 8.17692031647184194E+001
 7.76121327805874444E+001
 7.34592254567626242E+001
 6.93709115839831156E+001
 6.53892251603783734E+001
 6.15387214843735819E+001
 5.78439762574544147E+001
 5.43145730375588300E+001
 5.09561899367320166E+001
 4.77683864065447779E+001
 4.47120406464466669E+001
 4.18241744037211447E+001
 3.90875623591261956E+001
 3.64925995389126001E+001
 3.40281451687121717E+001
 3.16838923565671848E+001
 2.95145344194156678E+001
 2.77504771854835326E+001
 2.64992991655985861E+001
 2.53967523197179617E+001
 2.44019840859207306E+001
 2.34137457152062325E+001
 2.24786903769431774E+001
 2.15286833159511843E+001
 2.06001882812950043E+001
 1.96708832704648557E+001
 1.87414854495689269E+001
 1.78182419609047429E+001
 1.68860580536736506E+001
 1.59630482334982844E+001
 1.50291528659259939E+001
 1.41048513187745357E+001
 1.31725345967895464E+001
 1.22465946440925109E+001
 1.13173156409790181E+001
 1.03939001966573414E+001
 9.47047218012960457E+000
 8.55073504337337909E+000
 7.63382689216223298E+000
 6.72088239340928340E+000
 5.81159101691582691E+000
 4.90800865456242263E+000
 4.00862912377135672E+000
 3.11629840153841542E+000
 1.00000000000000004E+036
 1.00000000000000004E+036
 1.00000000000000004E+036
 1.00000000000000004E+036
 1.00000000000000004E+036
 1.00000000000000004E+036
 1.00000000000000004E+036
 1.00000000000000004E+036
 1.00000000000000004E+036
 1.00000000000000004E+036
 1.00000000000000004E+036
 1.00000000000000004E+036
 1.00000000000000004E+036
 1.00000000000000004E+036
 1.00000000000000004E+036
 1.00000000000000004E+036
 1.00000000000000004E+036
 1.00000000000000004E+036
 1.00000000000000004E+036
 1.00000000000000004E+036
 1.00000000000000004E+036
 1.00000000000000004E+036
 1.00000000000000004E+036
 1.00000000000000004E+036
 1.00000000000000004E+036
 1.00000000000000004E+036
 1.00000000000000004E+036
 1.00000000000000004E+036
 1.00000000000000004E+036
 1.00000000000000004E+036
 1.00000000000000004E+036
 1.00000000000000004E+036
 1.00000000000000004E+036
 1.00000000000000004E+036
 1.00000000000000004E+036
 1.00000000000000004E+036
 1.00000000000000004E+036
 1.00000000000000004E+036
 1.00000000000000004E+036
 1.00000000000000004E+036
 1.00000000000000004E+036
 1.00000000000000004E+036
 1.00000000000000004E+036
 1.00000000000000004E+036
 1.00000000000000004E+036
 1.00000000000000004E+036
 1.00000000000000004E+036
 1.00000000000000004E+036
 1.00000000000000004E+036
 1.00000000000000004E+036
 1.00000000000000004E+036
 1.00000000000000004E+036
 1.00000000000000004E+036
 1.00000000000000004E+036
# OUTPUT: mlcanopy_inst__dh2ocan_profile(1,100,4)
 0.00000000000000000E+000
 0.00000000000000000E+000
 0.00000000000000000E+000
 0.00000000000000000E+000
 0.00000000000000000E+000
 0.00000000000000000E+000
 0.00000000000000000E+000
 0.00000000000000000E+000
 0.00000000000000000E+000
 0.00000000000000000E+000
 0.00000000000000000E+000
 0.00000000000000000E+000
 0.00000000000000000E+000
 0.00000000000000000E+000
 0.00000000000000000E+000
 0.00000000000000000E+000
 0.00000000000000000E+000
 0.00000000000000000E+000
 0.00000000000000000E+000
 0.00000000000000000E+000
 0.00000000000000000E+000
 0.00000000000000000E+000
 0.00000000000000000E+000
 0.00000000000000000E+000
 0.00000000000000000E+000
 0.00000000000000000E+000
 0.00000000000000000E+000
 0.00000000000000000E+000
 0.00000000000000000E+000
 0.00000000000000000E+000
 0.00000000000000000E+000
 0.00000000000000000E+000
 0.00000000000000000E+000
 0.00000000000000000E+000
 0.00000000000000000E+000
 0.00000000000000000E+000
 0.00000000000000000E+000
 0.00000000000000000E+000
 0.00000000000000000E+000
 0.00000000000000000E+000
 0.00000000000000000E+000
 0.00000000000000000E+000
 0.00000000000000000E+000
 0.00000000000000000E+000
 0.00000000000000000E+000
 0.00000000000000000E+000
 1.00000000000000004E+036
 1.00000000000000004E+036
 1.00000000000000004E+036
 1.00000000000000004E+036
 1.00000000000000004E+036
 1.00000000000000004E+036
 1.00000000000000004E+036
 1.00000000000000004E+036
 1.00000000000000004E+036
 1.00000000000000004E+036
 1.00000000000000004E+036
 1.00000000000000004E+036
 1.00000000000000004E+036
 1.00000000000000004E+036
 1.00000000000000004E+036
 1.00000000000000004E+036
 1.00000000000000004E+036
 1.00000000000000004E+036
 1.00000000000000004E+036
 1.00000000000000004E+036
 1.00000000000000004E+036
 1.00000000000000004E+036
 1.00000000000000004E+036
 1.00000000000000004E+036
 1.00000000000000004E+036
 1.00000000000000004E+036
 1.00000000000000004E+036
 1.00000000000000004E+036
 1.00000000000000004E+036
 1.00000000000000004E+036
 1.00000000000000004E+036
 1.00000000000000004E+036
 1.00000000000000004E+036
 1.00000000000000004E+036
 1.00000000000000004E+036
 1.00000000000000004E+036
 1.00000000000000004E+036
 1.00000000000000004E+036
 1.00000000000000004E+036
 1.00000000000000004E+036
 1.00000000000000004E+036
 1.00000000000000004E+036
 1.00000000000000004E+036
 1.00000000000000004E+036
 1.00000000000000004E+036
 1.00000000000000004E+036
 1.00000000000000004E+036
 1.00000000000000004E+036
 1.00000000000000004E+036
 1.00000000000000004E+036
 1.00000000000000004E+036
 1.00000000000000004E+036
 1.00000000000000004E+036
 1.00000000000000004E+036
 0.00000000000000000E+000
 0.00000000000000000E+000
 0.00000000000000000E+000
 0.00000000000000000E+000
 0.00000000000000000E+000
 0.00000000000000000E+000
 0.00000000000000000E+000
 0.00000000000000000E+000
 0.00000000000000000E+000
 0.00000000000000000E+000
 0.00000000000000000E+000
 0.00000000000000000E+000
 0.00000000000000000E+000
 0.00000000000000000E+000
 0.00000000000000000E+000
 0.00000000000000000E+000
 0.00000000000000000E+000
 0.00000000000000000E+000
 0.00000000000000000E+000
 0.00000000000000000E+000
 0.00000000000000000E+000
 0.00000000000000000E+000
 0.00000000000000000E+000
 0.00000000000000000E+000
 0.00000000000000000E+000
 0.00000000000000000E+000
 0.00000000000000000E+000
 0.00000000000000000E+000
 0.00000000000000000E+000
 0.00000000000000000E+000
 0.00000000000000000E+000
 0.00000000000000000E+000
 0.00000000000000000E+000
 0.00000000000000000E+000
 0.00000000000000000E+000
 0.00000000000000000E+000
 0.00000000000000000E+000
 0.00000000000000000E+000
 0.00000000000000000E+000
 0.00000000000000000E+000
 0.00000000000000000E+000
 0.00000000000000000E+000
 0.00000000000000000E+000
 0.00000000000000000E+000
 0.00000000000000000E+000
 0.00000000000000000E+000
 1.00000000000000004E+036
 1.00000000000000004E+036
 1.00000000000000004E+036
 1.00000000000000004E+036
 1.00000000000000004E+036
 1.00000000000000004E+036
 1.00000000000000004E+036
 1.00000000000000004E+036
 1.00000000000000004E+036
 1.00000000000000004E+036
 1.00000000000000004E+036
 1.00000000000000004E+036
 1.00000000000000004E+036
 1.00000000000000004E+036
 1.00000000000000004E+036
 1.00000000000000004E+036
 1.00000000000000004E+036
 1.00000000000000004E+036
 1.00000000000000004E+036
 1.00000000000000004E+036
 1.00000000000000004E+036
 1.00000000000000004E+036
 1.00000000000000004E+036
 1.00000000000000004E+036
 1.00000000000000004E+036
 1.00000000000000004E+036
 1.00000000000000004E+036
 1.00000000000000004E+036
 1.00000000000000004E+036
 1.00000000000000004E+036
 1.00000000000000004E+036
 1.00000000000000004E+036
 1.00000000000000004E+036
 1.00000000000000004E+036
 1.00000000000000004E+036
 1.00000000000000004E+036
 1.00000000000000004E+036
 1.00000000000000004E+036
 1.00000000000000004E+036
 1.00000000000000004E+036
 1.00000000000000004E+036
 1.00000000000000004E+036
 1.00000000000000004E+036
 1.00000000000000004E+036
 1.00000000000000004E+036
 1.00000000000000004E+036
 1.00000000000000004E+036
 1.00000000000000004E+036
 1.00000000000000004E+036
 1.00000000000000004E+036
 1.00000000000000004E+036
 1.00000000000000004E+036
 1.00000000000000004E+036
 1.00000000000000004E+036
 0.00000000000000000E+000
 0.00000000000000000E+000
 0.00000000000000000E+000
 0.00000000000000000E+000
 0.00000000000000000E+000
 0.00000000000000000E+000
 0.00000000000000000E+000
 0.00000000000000000E+000
 0.00000000000000000E+000
 0.00000000000000000E+000
 0.00000000000000000E+000
 0.00000000000000000E+000
 0.00000000000000000E+000
 0.00000000000000000E+000
 0.00000000000000000E+000
 0.00000000000000000E+000
 0.00000000000000000E+000
 0.00000000000000000E+000
 0.00000000000000000E+000
 0.00000000000000000E+000
 0.00000000000000000E+000
 0.00000000000000000E+000
 0.00000000000000000E+000
 0.00000000000000000E+000
 0.00000000000000000E+000
 0.00000000000000000E+000
 0.00000000000000000E+000
 0.00000000000000000E+000
 0.00000000000000000E+000
 0.00000000000000000E+000
 0.00000000000000000E+000
 0.00000000000000000E+000
 0.00000000000000000E+000
 0.00000000000000000E+000
 0.00000000000000000E+000
 0.00000000000000000E+000
 0.00000000000000000E+000
 0.00000000000000000E+000
 0.00000000000000000E+000
 0.00000000000000000E+000
 0.00000000000000000E+000
 0.00000000000000000E+000
 0.00000000000000000E+000
 0.00000000000000000E+000
 0.00000000000000000E+000
 0.00000000000000000E+000
 1.00000000000000004E+036
 1.00000000000000004E+036
 1.00000000000000004E+036
 1.00000000000000004E+036
 1.00000000000000004E+036
 1.00000000000000004E+036
 1.00000000000000004E+036
 1.00000000000000004E+036
 1.00000000000000004E+036
 1.00000000000000004E+036
 1.00000000000000004E+036
 1.00000000000000004E+036
 1.00000000000000004E+036
 1.00000000000000004E+036
 1.00000000000000004E+036
 1.00000000000000004E+036
 1.00000000000000004E+036
 1.00000000000000004E+036
 1.00000000000000004E+036
 1.00000000000000004E+036
 1.00000000000000004E+036
 1.00000000000000004E+036
 1.00000000000000004E+036
 1.00000000000000004E+036
 1.00000000000000004E+036
 1.00000000000000004E+036
 1.00000000000000004E+036
 1.00000000000000004E+036
 1.00000000000000004E+036
 1.00000000000000004E+036
 1.00000000000000004E+036
 1.00000000000000004E+036
 1.00000000000000004E+036
 1.00000000000000004E+036
 1.00000000000000004E+036
 1.00000000000000004E+036
 1.00000000000000004E+036
 1.00000000000000004E+036
 1.00000000000000004E+036
 1.00000000000000004E+036
 1.00000000000000004E+036
 1.00000000000000004E+036
 1.00000000000000004E+036
 1.00000000000000004E+036
 1.00000000000000004E+036
 1.00000000000000004E+036
 1.00000000000000004E+036
 1.00000000000000004E+036
 1.00000000000000004E+036
 1.00000000000000004E+036
 1.00000000000000004E+036
 1.00000000000000004E+036
 1.00000000000000004E+036
 1.00000000000000004E+036
 0.00000000000000000E+000
 0.00000000000000000E+000
 0.00000000000000000E+000
 0.00000000000000000E+000
 0.00000000000000000E+000
 0.00000000000000000E+000
 0.00000000000000000E+000
 0.00000000000000000E+000
 0.00000000000000000E+000
 0.00000000000000000E+000
 0.00000000000000000E+000
 0.00000000000000000E+000
 0.00000000000000000E+000
 0.00000000000000000E+000
 0.00000000000000000E+000
 0.00000000000000000E+000
 0.00000000000000000E+000
 0.00000000000000000E+000
 0.00000000000000000E+000
 0.00000000000000000E+000
 0.00000000000000000E+000
 0.00000000000000000E+000
 0.00000000000000000E+000
 0.00000000000000000E+000
 0.00000000000000000E+000
 0.00000000000000000E+000
 0.00000000000000000E+000
 0.00000000000000000E+000
 0.00000000000000000E+000
 0.00000000000000000E+000
 0.00000000000000000E+000
 0.00000000000000000E+000
 0.00000000000000000E+000
 0.00000000000000000E+000
 0.00000000000000000E+000
 0.00000000000000000E+000
 0.00000000000000000E+000
 0.00000000000000000E+000
 0.00000000000000000E+000
 0.00000000000000000E+000
 0.00000000000000000E+000
 0.00000000000000000E+000
 0.00000000000000000E+000
 0.00000000000000000E+000
 0.00000000000000000E+000
 0.00000000000000000E+000
 1.00000000000000004E+036
 1.00000000000000004E+036
 1.00000000000000004E+036
 1.00000000000000004E+036
 1.00000000000000004E+036
 1.00000000000000004E+036
 1.00000000000000004E+036
 1.00000000000000004E+036
 1.00000000000000004E+036
 1.00000000000000004E+036
 1.00000000000000004E+036
 1.00000000000000004E+036
 1.00000000000000004E+036
 1.00000000000000004E+036
 1.00000000000000004E+036
 1.00000000000000004E+036
 1.00000000000000004E+036
 1.00000000000000004E+036
 1.00000000000000004E+036
 1.00000000000000004E+036
 1.00000000000000004E+036
 1.00000000000000004E+036
 1.00000000000000004E+036
 1.00000000000000004E+036
 1.00000000000000004E+036
 1.00000000000000004E+036
 1.00000000000000004E+036
 1.00000000000000004E+036
 1.00000000000000004E+036
 1.00000000000000004E+036
 1.00000000000000004E+036
 1.00000000000000004E+036
 1.00000000000000004E+036
 1.00000000000000004E+036
 1.00000000000000004E+036
 1.00000000000000004E+036
 1.00000000000000004E+036
 1.00000000000000004E+036
 1.00000000000000004E+036
 1.00000000000000004E+036
 1.00000000000000004E+036
 1.00000000000000004E+036
 1.00000000000000004E+036
 1.00000000000000004E+036
 1.00000000000000004E+036
 1.00000000000000004E+036
 1.00000000000000004E+036
 1.00000000000000004E+036
 1.00000000000000004E+036
 1.00000000000000004E+036
 1.00000000000000004E+036
 1.00000000000000004E+036
 1.00000000000000004E+036
 1.00000000000000004E+036
# OUTPUT: mlcanopy_inst__dlwp_leaf(1,100,2,4)
 0.00000000000000000E+000
-1.09170144950379022E-002
-1.25015539396816644E-002
-1.34840018879996970E-002
-1.46097514289754704E-002
-1.53310237130624971E-002
-1.63276213087865107E-002
-1.74561786381370876E-002
-1.83779223830842220E-002
-1.93225418752307476E-002
-2.08321940554134777E-002
-1.49802297363992309E-002
-2.06744622616064078E-002
-2.22580486606378525E-002
-2.41384160802018410E-002
-2.56044111400433039E-002
-2.74931454407354448E-002
-2.66968858525133967E-002
-2.74913183414435824E-002
-3.76967317000891367E-002
 0.00000000000000000E+000
 0.00000000000000000E+000
 0.00000000000000000E+000
 0.00000000000000000E+000
 0.00000000000000000E+000
 0.00000000000000000E+000
 0.00000000000000000E+000
 0.00000000000000000E+000
 0.00000000000000000E+000
 0.00000000000000000E+000
 0.00000000000000000E+000
 0.00000000000000000E+000
 0.00000000000000000E+000
 0.00000000000000000E+000
 0.00000000000000000E+000
 0.00000000000000000E+000
 0.00000000000000000E+000
 0.00000000000000000E+000
 0.00000000000000000E+000
 0.00000000000000000E+000
 0.00000000000000000E+000
 0.00000000000000000E+000
 0.00000000000000000E+000
 0.00000000000000000E+000
 0.00000000000000000E+000
 0.00000000000000000E+000
 1.00000000000000004E+036
 1.00000000000000004E+036
 1.00000000000000004E+036
 1.00000000000000004E+036
 1.00000000000000004E+036
 1.00000000000000004E+036
 1.00000000000000004E+036
 1.00000000000000004E+036
 1.00000000000000004E+036
 1.00000000000000004E+036
 1.00000000000000004E+036
 1.00000000000000004E+036
 1.00000000000000004E+036
 1.00000000000000004E+036
 1.00000000000000004E+036
 1.00000000000000004E+036
 1.00000000000000004E+036
 1.00000000000000004E+036
 1.00000000000000004E+036
 1.00000000000000004E+036
 1.00000000000000004E+036
 1.00000000000000004E+036
 1.00000000000000004E+036
 1.00000000000000004E+036
 1.00000000000000004E+036
 1.00000000000000004E+036
 1.00000000000000004E+036
 1.00000000000000004E+036
 1.00000000000000004E+036
 1.00000000000000004E+036
 1.00000000000000004E+036
 1.00000000000000004E+036
 1.00000000000000004E+036
 1.00000000000000004E+036
 1.00000000000000004E+036
 1.00000000000000004E+036
 1.00000000000000004E+036
 1.00000000000000004E+036
 1.00000000000000004E+036
 1.00000000000000004E+036
 1.00000000000000004E+036
 1.00000000000000004E+036
 1.00000000000000004E+036
 1.00000000000000004E+036
 1.00000000000000004E+036
 1.00000000000000004E+036
 1.00000000000000004E+036
 1.00000000000000004E+036
 1.00000000000000004E+036
 1.00000000000000004E+036
 1.00000000000000004E+036
 1.00000000000000004E+036
 1.00000000000000004E+036
 1.00000000000000004E+036
 0.00000000000000000E+000
-5.56361297509994079E-003
-6.39512415325649286E-003
-7.14938584245583542E-003
-6.06127169752124217E-003
-7.77266397895642891E-003
-6.45995311185026955E-003
-7.05156662109318599E-003
-7.24527058208856989E-003
-7.91384086882895854E-003
-8.49954421629017798E-003
-1.02173481499917007E-002
-1.04507588242628291E-002
-1.16219081637336519E-002
-1.29727435589856999E-002
-1.48187166661346570E-002
-1.59936272508969246E-002
-1.82292111558631786E-002
-2.01961849680029060E-002
-2.23485344040312839E-002
 0.00000000000000000E+000
 0.00000000000000000E+000
 0.00000000000000000E+000
 0.00000000000000000E+000
 0.00000000000000000E+000
 0.00000000000000000E+000
 0.00000000000000000E+000
 0.00000000000000000E+000
 0.00000000000000000E+000
 0.00000000000000000E+000
 0.00000000000000000E+000
 0.00000000000000000E+000
 0.00000000000000000E+000
 0.00000000000000000E+000
 0.00000000000000000E+000
 0.00000000000000000E+000
 0.00000000000000000E+000
 0.00000000000000000E+000
 0.00000000000000000E+000
 0.00000000000000000E+000
 0.00000000000000000E+000
 0.00000000000000000E+000
 0.00000000000000000E+000
 0.00000000000000000E+000
 0.00000000000000000E+000
 0.00000000000000000E+000
 1.00000000000000004E+036
 1.00000000000000004E+036
 1.00000000000000004E+036
 1.00000000000000004E+036
 1.00000000000000004E+036
 1.00000000000000004E+036
 1.00000000000000004E+036
 1.00000000000000004E+036
 1.00000000000000004E+036
 1.00000000000000004E+036
 1.00000000000000004E+036
 1.00000000000000004E+036
 1.00000000000000004E+036
 1.00000000000000004E+036
 1.00000000000000004E+036
 1.00000000000000004E+036
 1.00000000000000004E+036
 1.00000000000000004E+036
 1.00000000000000004E+036
 1.00000000000000004E+036
 1.00000000000000004E+036
 1.00000000000000004E+036
 1.00000000000000004E+036
 1.00000000000000004E+036
 1.00000000000000004E+036
 1.00000000000000004E+036
 1.00000000000000004E+036
 1.00000000000000004E+036
 1.00000000000000004E+036
 1.00000000000000004E+036
 1.00000000000000004E+036
 1.00000000000000004E+036
 1.00000000000000004E+036
 1.00000000000000004E+036
 1.00000000000000004E+036
 1.00000000000000004E+036
 1.00000000000000004E+036
 1.00000000000000004E+036
 1.00000000000000004E+036
 1.00000000000000004E+036
 1.00000000000000004E+036
 1.00000000000000004E+036
 1.00000000000000004E+036
 1.00000000000000004E+036
 1.00000000000000004E+036
 1.00000000000000004E+036
 1.00000000000000004E+036
 1.00000000000000004E+036
 1.00000000000000004E+036
 1.00000000000000004E+036
 1.00000000000000004E+036
 1.00000000000000004E+036
 1.00000000000000004E+036
 1.00000000000000004E+036
 0.00000000000000000E+000
-1.39230196191063582E-002
-1.49460932772117472E-002
-1.54538631718426078E-002
-1.54288250050509390E-002
-1.58925309518540558E-002
-1.70198404300209161E-002
-1.71613432986605918E-002
-1.77419561335947495E-002
-1.83185975005089041E-002
-1.93344145225546882E-002
-1.99215606121234678E-002
-1.93422296940790606E-002
-2.08004001031509844E-002
-2.20369120326378010E-002
-2.39497024374033529E-002
-2.48727179653629449E-002
-2.15167263298041700E-002
-1.67650690130067836E-002
-1.40097891438462074E-002
 0.00000000000000000E+000
 0.00000000000000000E+000
 0.00000000000000000E+000
 0.00000000000000000E+000
 0.00000000000000000E+000
 0.00000000000000000E+000
 0.00000000000000000E+000
 0.00000000000000000E+000
 0.00000000000000000E+000
 0.00000000000000000E+000
 0.00000000000000000E+000
 0.00000000000000000E+000
 0.00000000000000000E+000
 0.00000000000000000E+000
 0.00000000000000000E+000
 0.00000000000000000E+000
 0.00000000000000000E+000
 0.00000000000000000E+000
 0.00000000000000000E+000
 0.00000000000000000E+000
 0.00000000000000000E+000
 0.00000000000000000E+000
 0.00000000000000000E+000
 0.00000000000000000E+000
 0.00000000000000000E+000
 0.00000000000000000E+000
 1.00000000000000004E+036
 1.00000000000000004E+036
 1.00000000000000004E+036
 1.00000000000000004E+036
 1.00000000000000004E+036
 1.00000000000000004E+036
 1.00000000000000004E+036
 1.00000000000000004E+036
 1.00000000000000004E+036
 1.00000000000000004E+036
 1.00000000000000004E+036
 1.00000000000000004E+036
 1.00000000000000004E+036
 1.00000000000000004E+036
 1.00000000000000004E+036
 1.00000000000000004E+036
 1.00000000000000004E+036
 1.00000000000000004E+036
 1.00000000000000004E+036
 1.00000000000000004E+036
 1.00000000000000004E+036
 1.00000000000000004E+036
 1.00000000000000004E+036
 1.00000000000000004E+036
 1.00000000000000004E+036
 1.00000000000000004E+036
 1.00000000000000004E+036
 1.00000000000000004E+036
 1.00000000000000004E+036
 1.00000000000000004E+036
 1.00000000000000004E+036
 1.00000000000000004E+036
 1.00000000000000004E+036
 1.00000000000000004E+036
 1.00000000000000004E+036
 1.00000000000000004E+036
 1.00000000000000004E+036
 1.00000000000000004E+036
 1.00000000000000004E+036
 1.00000000000000004E+036
 1.00000000000000004E+036
 1.00000000000000004E+036
 1.00000000000000004E+036
 1.00000000000000004E+036
 1.00000000000000004E+036
 1.00000000000000004E+036
 1.00000000000000004E+036
 1.00000000000000004E+036
 1.00000000000000004E+036
 1.00000000000000004E+036
 1.00000000000000004E+036
 1.00000000000000004E+036
 1.00000000000000004E+036
 1.00000000000000004E+036
 0.00000000000000000E+000
-5.50538883562268211E-003
-6.32104306740305377E-003
-7.03769469276682713E-003
-7.60524990479422014E-003
-7.60109695979838129E-003
-6.21054457261299708E-003
-6.73261971623789757E-003
-8.69475129356650500E-003
-9.29729324556405334E-003
-9.77995790131119813E-003
-9.50065967962854252E-003
-1.14127267696058077E-002
-1.06564766176795445E-002
-1.18278573111745278E-002
-1.34688260021970097E-002
-1.59082186683160431E-002
-1.78854914820375521E-002
-1.99004691507350673E-002
-2.22881290013869915E-002
 0.00000000000000000E+000
 0.00000000000000000E+000
 0.00000000000000000E+000
 0.00000000000000000E+000
 0.00000000000000000E+000
 0.00000000000000000E+000
 0.00000000000000000E+000
 0.00000000000000000E+000
 0.00000000000000000E+000
 0.00000000000000000E+000
 0.00000000000000000E+000
 0.00000000000000000E+000
 0.00000000000000000E+000
 0.00000000000000000E+000
 0.00000000000000000E+000
 0.00000000000000000E+000
 0.00000000000000000E+000
 0.00000000000000000E+000
 0.00000000000000000E+000
 0.00000000000000000E+000
 0.00000000000000000E+000
 0.00000000000000000E+000
 0.00000000000000000E+000
 0.00000000000000000E+000
 0.00000000000000000E+000
 0.00000000000000000E+000
 1.00000000000000004E+036
 1.00000000000000004E+036
 1.00000000000000004E+036
 1.00000000000000004E+036
 1.00000000000000004E+036
 1.00000000000000004E+036
 1.00000000000000004E+036
 1.00000000000000004E+036
 1.00000000000000004E+036
 1.00000000000000004E+036
 1.00000000000000004E+036
 1.00000000000000004E+036
 1.00000000000000004E+036
 1.00000000000000004E+036
 1.00000000000000004E+036
 1.00000000000000004E+036
 1.00000000000000004E+036
 1.00000000000000004E+036
 1.00000000000000004E+036
 1.00000000000000004E+036
 1.00000000000000004E+036
 1.00000000000000004E+036
 1.00000000000000004E+036
 1.00000000000000004E+036
 1.00000000000000004E+036
 1.00000000000000004E+036
 1.00000000000000004E+036
 1.00000000000000004E+036
 1.00000000000000004E+036
 1.00000000000000004E+036
 1.00000000000000004E+036
 1.00000000000000004E+036
 1.00000000000000004E+036
 1.00000000000000004E+036
 1.00000000000000004E+036
 1.00000000000000004E+036
 1.00000000000000004E+036
 1.00000000000000004E+036
 1.00000000000000004E+036
 1.00000000000000004E+036
 1.00000000000000004E+036
 1.00000000000000004E+036
 1.00000000000000004E+036
 1.00000000000000004E+036
 1.00000000000000004E+036
 1.00000000000000004E+036
 1.00000000000000004E+036
 1.00000000000000004E+036
 1.00000000000000004E+036
 1.00000000000000004E+036
 1.00000000000000004E+036
 1.00000000000000004E+036
 1.00000000000000004E+036
 1.00000000000000004E+036
 0.00000000000000000E+000
-1.38415601793391296E-002
-1.41468369119736037E-002
-1.53230484525858079E-002
-1.54330180193771316E-002
-1.57615153878932768E-002
-1.69062303831366556E-002
-1.70655699818949014E-002
-1.77592969848461291E-002
-1.89312238022152357E-002
-2.00217775793005703E-002
-1.35433763435199861E-002
-1.91613171624123169E-002
-2.05019424126824390E-002
-2.22117722913006688E-002
-2.35485740021534884E-002
-2.50338924007571517E-002
-2.16448167275320458E-002
-2.03472061019911443E-002
-2.88900656329915684E-002
 0.00000000000000000E+000
 0.00000000000000000E+000
 0.00000000000000000E+000
 0.00000000000000000E+000
 0.00000000000000000E+000
 0.00000000000000000E+000
 0.00000000000000000E+000
 0.00000000000000000E+000
 0.00000000000000000E+000
 0.00000000000000000E+000
 0.00000000000000000E+000
 0.00000000000000000E+000
 0.00000000000000000E+000
 0.00000000000000000E+000
 0.00000000000000000E+000
 0.00000000000000000E+000
 0.00000000000000000E+000
 0.00000000000000000E+000
 0.00000000000000000E+000
 0.00000000000000000E+000
 0.00000000000000000E+000
 0.00000000000000000E+000
 0.00000000000000000E+000
 0.00000000000000000E+000
 0.00000000000000000E+000
 0.00000000000000000E+000
 1.00000000000000004E+036
 1.00000000000000004E+036
 1.00000000000000004E+036
 1.00000000000000004E+036
 1.00000000000000004E+036
 1.00000000000000004E+036
 1.00000000000000004E+036
 1.00000000000000004E+036
 1.00000000000000004E+036
 1.00000000000000004E+036
 1.00000000000000004E+036
 1.00000000000000004E+036
 1.00000000000000004E+036
 1.00000000000000004E+036
 1.00000000000000004E+036
 1.00000000000000004E+036
 1.00000000000000004E+036
 1.00000000000000004E+036
 1.00000000000000004E+036
 1.00000000000000004E+036
 1.00000000000000004E+036
 1.00000000000000004E+036
 1.00000000000000004E+036
 1.00000000000000004E+036
 1.00000000000000004E+036
 1.00000000000000004E+036
 1.00000000000000004E+036
 1.00000000000000004E+036
 1.00000000000000004E+036
 1.00000000000000004E+036
 1.00000000000000004E+036
 1.00000000000000004E+036
 1.00000000000000004E+036
 1.00000000000000004E+036
 1.00000000000000004E+036
 1.00000000000000004E+036
 1.00000000000000004E+036
 1.00000000000000004E+036
 1.00000000000000004E+036
 1.00000000000000004E+036
 1.00000000000000004E+036
 1.00000000000000004E+036
 1.00000000000000004E+036
 1.00000000000000004E+036
 1.00000000000000004E+036
 1.00000000000000004E+036
 1.00000000000000004E+036
 1.00000000000000004E+036
 1.00000000000000004E+036
 1.00000000000000004E+036
 1.00000000000000004E+036
 1.00000000000000004E+036
 1.00000000000000004E+036
 1.00000000000000004E+036
 0.00000000000000000E+000
-5.48998377608622690E-003
-6.30072349358573591E-003
-7.02336440961698338E-003
-7.23294422973197459E-003
-7.56418305814338110E-003
-6.18225675804384700E-003
-6.70245397784124952E-003
-8.68970514114664194E-003
-9.28440482648035248E-003
-9.75594020208148116E-003
-9.46807774595787022E-003
-1.13539374789771719E-002
-1.05479752027123341E-002
-1.16831256441550790E-002
-1.32880438543612200E-002
-1.56815099221749854E-002
-1.75602426820242741E-002
-1.93887142781374866E-002
-2.14631419412507629E-002
 0.00000000000000000E+000
 0.00000000000000000E+000
 0.00000000000000000E+000
 0.00000000000000000E+000
 0.00000000000000000E+000
 0.00000000000000000E+000
 0.00000000000000000E+000
 0.00000000000000000E+000
 0.00000000000000000E+000
 0.00000000000000000E+000
 0.00000000000000000E+000
 0.00000000000000000E+000
 0.00000000000000000E+000
 0.00000000000000000E+000
 0.00000000000000000E+000
 0.00000000000000000E+000
 0.00000000000000000E+000
 0.00000000000000000E+000
 0.00000000000000000E+000
 0.00000000000000000E+000
 0.00000000000000000E+000
 0.00000000000000000E+000
 0.00000000000000000E+000
 0.00000000000000000E+000
 0.00000000000000000E+000
 0.00000000000000000E+000
 1.00000000000000004E+036
 1.00000000000000004E+036
 1.00000000000000004E+036
 1.00000000000000004E+036
 1.00000000000000004E+036
 1.00000000000000004E+036
 1.00000000000000004E+036
 1.00000000000000004E+036
 1.00000000000000004E+036
 1.00000000000000004E+036
 1.00000000000000004E+036
 1.00000000000000004E+036
 1.00000000000000004E+036
 1.00000000000000004E+036
 1.00000000000000004E+036
 1.00000000000000004E+036
 1.00000000000000004E+036
 1.00000000000000004E+036
 1.00000000000000004E+036
 1.00000000000000004E+036
 1.00000000000000004E+036
 1.00000000000000004E+036
 1.00000000000000004E+036
 1.00000000000000004E+036
 1.00000000000000004E+036
 1.00000000000000004E+036
 1.00000000000000004E+036
 1.00000000000000004E+036
 1.00000000000000004E+036
 1.00000000000000004E+036
 1.00000000000000004E+036
 1.00000000000000004E+036
 1.00000000000000004E+036
 1.00000000000000004E+036
 1.00000000000000004E+036
 1.00000000000000004E+036
 1.00000000000000004E+036
 1.00000000000000004E+036
 1.00000000000000004E+036
 1.00000000000000004E+036
 1.00000000000000004E+036
 1.00000000000000004E+036
 1.00000000000000004E+036
 1.00000000000000004E+036
 1.00000000000000004E+036
 1.00000000000000004E+036
 1.00000000000000004E+036
 1.00000000000000004E+036
 1.00000000000000004E+036
 1.00000000000000004E+036
 1.00000000000000004E+036
 1.00000000000000004E+036
 1.00000000000000004E+036
 1.00000000000000004E+036
 0.00000000000000000E+000
-3.38960190125655592E-002
-3.98421847384334837E-002
-4.45284852329882463E-002
-4.74318166985707723E-002
-4.97957509928605990E-002
-5.29636835607505407E-002
-5.48387412262847374E-002
-5.77450474036219630E-002
-6.07722916457420492E-002
-6.44765982565618234E-002
-6.87572333093871002E-002
-6.65780894647509669E-002
-7.12719418691420969E-002
-7.55333033655267716E-002
-8.07861466664110406E-002
-8.58638346057059021E-002
-8.39277548540033891E-002
-4.86474368902747312E-002
 6.74953090219099217E-003
 0.00000000000000000E+000
 0.00000000000000000E+000
 0.00000000000000000E+000
 0.00000000000000000E+000
 0.00000000000000000E+000
 0.00000000000000000E+000
 0.00000000000000000E+000
 0.00000000000000000E+000
 0.00000000000000000E+000
 0.00000000000000000E+000
 0.00000000000000000E+000
 0.00000000000000000E+000
 0.00000000000000000E+000
 0.00000000000000000E+000
 0.00000000000000000E+000
 0.00000000000000000E+000
 0.00000000000000000E+000
 0.00000000000000000E+000
 0.00000000000000000E+000
 0.00000000000000000E+000
 0.00000000000000000E+000
 0.00000000000000000E+000
 0.00000000000000000E+000
 0.00000000000000000E+000
 0.00000000000000000E+000
 0.00000000000000000E+000
 1.00000000000000004E+036
 1.00000000000000004E+036
 1.00000000000000004E+036
 1.00000000000000004E+036
 1.00000000000000004E+036
 1.00000000000000004E+036
 1.00000000000000004E+036
 1.00000000000000004E+036
 1.00000000000000004E+036
 1.00000000000000004E+036
 1.00000000000000004E+036
 1.00000000000000004E+036
 1.00000000000000004E+036
 1.00000000000000004E+036
 1.00000000000000004E+036
 1.00000000000000004E+036
 1.00000000000000004E+036
 1.00000000000000004E+036
 1.00000000000000004E+036
 1.00000000000000004E+036
 1.00000000000000004E+036
 1.00000000000000004E+036
 1.00000000000000004E+036
 1.00000000000000004E+036
 1.00000000000000004E+036
 1.00000000000000004E+036
 1.00000000000000004E+036
 1.00000000000000004E+036
 1.00000000000000004E+036
 1.00000000000000004E+036
 1.00000000000000004E+036
 1.00000000000000004E+036
 1.00000000000000004E+036
 1.00000000000000004E+036
 1.00000000000000004E+036
 1.00000000000000004E+036
 1.00000000000000004E+036
 1.00000000000000004E+036
 1.00000000000000004E+036
 1.00000000000000004E+036
 1.00000000000000004E+036
 1.00000000000000004E+036
 1.00000000000000004E+036
 1.00000000000000004E+036
 1.00000000000000004E+036
 1.00000000000000004E+036
 1.00000000000000004E+036
 1.00000000000000004E+036
 1.00000000000000004E+036
 1.00000000000000004E+036
 1.00000000000000004E+036
 1.00000000000000004E+036
 1.00000000000000004E+036
 1.00000000000000004E+036
 0.00000000000000000E+000
-1.36418784715763852E-002
-1.34476307492047975E-002
-1.51013327329183600E-002
-1.58161079749706834E-002
-1.66911303501121600E-002
-1.77283896809227737E-002
-1.90301828894102187E-002
-1.98209613649201755E-002
-2.14173012601495127E-002
-2.29290796842223088E-002
-2.65031126591844246E-002
-2.77194433181111588E-002
-3.07411128277514933E-002
-3.42648770751702303E-002
-3.89607281029920038E-002
-4.54925059464993398E-002
-5.15930750441843111E-002
-5.83351352213787866E-002
-6.63758653929764630E-002
 0.00000000000000000E+000
 0.00000000000000000E+000
 0.00000000000000000E+000
 0.00000000000000000E+000
 0.00000000000000000E+000
 0.00000000000000000E+000
 0.00000000000000000E+000
 0.00000000000000000E+000
 0.00000000000000000E+000
 0.00000000000000000E+000
 0.00000000000000000E+000
 0.00000000000000000E+000
 0.00000000000000000E+000
 0.00000000000000000E+000
 0.00000000000000000E+000
 0.00000000000000000E+000
 0.00000000000000000E+000
 0.00000000000000000E+000
 0.00000000000000000E+000
 0.00000000000000000E+000
 0.00000000000000000E+000
 0.00000000000000000E+000
 0.00000000000000000E+000
 0.00000000000000000E+000
 0.00000000000000000E+000
 0.00000000000000000E+000
 1.00000000000000004E+036
 1.00000000000000004E+036
 1.00000000000000004E+036
 1.00000000000000004E+036
 1.00000000000000004E+036
 1.00000000000000004E+036
 1.00000000000000004E+036
 1.00000000000000004E+036
 1.00000000000000004E+036
 1.00000000000000004E+036
 1.00000000000000004E+036
 1.00000000000000004E+036
 1.00000000000000004E+036
 1.00000000000000004E+036
 1.00000000000000004E+036
 1.00000000000000004E+036
 1.00000000000000004E+036
 1.00000000000000004E+036
 1.00000000000000004E+036
 1.00000000000000004E+036
 1.00000000000000004E+036
 1.00000000000000004E+036
 1.00000000000000004E+036
 1.00000000000000004E+036
 1.00000000000000004E+036
 1.00000000000000004E+036
 1.00000000000000004E+036
 1.00000000000000004E+036
 1.00000000000000004E+036
 1.00000000000000004E+036
 1.00000000000000004E+036
 1.00000000000000004E+036
 1.00000000000000004E+036
 1.00000000000000004E+036
 1.00000000000000004E+036
 1.00000000000000004E+036
 1.00000000000000004E+036
 1.00000000000000004E+036
 1.00000000000000004E+036
 1.00000000000000004E+036
 1.00000000000000004E+036
 1.00000000000000004E+036
 1.00000000000000004E+036
 1.00000000000000004E+036
 1.00000000000000004E+036
 1.00000000000000004E+036
 1.00000000000000004E+036
 1.00000000000000004E+036
 1.00000000000000004E+036
 1.00000000000000004E+036
 1.00000000000000004E+036
 1.00000000000000004E+036
 1.00000000000000004E+036
 1.00000000000000004E+036
# OUTPUT: mlcanopy_inst__dtair_profile(1,100,4)
-1.09607345603365047E-001
-1.15282787176568036E-001
-1.19592652536823607E-001
-1.22564008843141892E-001
-1.24462136217459829E-001
-1.25969579942648124E-001
-1.26797881049810712E-001
-1.27759001175832054E-001
-1.29038135688915645E-001
-1.30369305908743627E-001
-1.31697966867136529E-001
-1.32964502830247966E-001
-1.34726414322756227E-001
-1.36227447271323854E-001
-1.37400929591819931E-001
-1.38184557501460858E-001
-1.38576785394548097E-001
-1.38662966877859617E-001
-1.38232653547220252E-001
-1.35680836054802967E-001
-1.30706298648988195E-001
-1.26469441156189077E-001
-1.22673384939787411E-001
-1.19177878903656165E-001
-1.15923165416006668E-001
-1.12849357754214452E-001
-1.09938338708673200E-001
-1.07158930962270915E-001
-1.04502460356684423E-001
-1.01952056206357611E-001
-9.95007239932306220E-002
-9.71396917996116827E-002
-9.48625627607952993E-002
-9.26647038562578018E-002
-9.05405241571202168E-002
-8.84875318895410601E-002
-8.65001743194966366E-002
-8.45775998449767030E-002
-8.27154434488761581E-002
-8.09126990449158257E-002
-7.91659673980689149E-002
-7.74742534873098521E-002
-7.58350935968792328E-002
-7.42471882159634333E-002
-7.27090723333390088E-002
-7.12187367942078708E-002
 1.00000000000000004E+036
 1.00000000000000004E+036
 1.00000000000000004E+036
 1.00000000000000004E+036
 1.00000000000000004E+036
 1.00000000000000004E+036
 1.00000000000000004E+036
 1.00000000000000004E+036
 1.00000000000000004E+036
 1.00000000000000004E+036
 1.00000000000000004E+036
 1.00000000000000004E+036
 1.00000000000000004E+036
 1.00000000000000004E+036
 1.00000000000000004E+036
 1.00000000000000004E+036
 1.00000000000000004E+036
 1.00000000000000004E+036
 1.00000000000000004E+036
 1.00000000000000004E+036
 1.00000000000000004E+036
 1.00000000000000004E+036
 1.00000000000000004E+036
 1.00000000000000004E+036
 1.00000000000000004E+036
 1.00000000000000004E+036
 1.00000000000000004E+036
 1.00000000000000004E+036
 1.00000000000000004E+036
 1.00000000000000004E+036
 1.00000000000000004E+036
 1.00000000000000004E+036
 1.00000000000000004E+036
 1.00000000000000004E+036
 1.00000000000000004E+036
 1.00000000000000004E+036
 1.00000000000000004E+036
 1.00000000000000004E+036
 1.00000000000000004E+036
 1.00000000000000004E+036
 1.00000000000000004E+036
 1.00000000000000004E+036
 1.00000000000000004E+036
 1.00000000000000004E+036
 1.00000000000000004E+036
 1.00000000000000004E+036
 1.00000000000000004E+036
 1.00000000000000004E+036
 1.00000000000000004E+036
 1.00000000000000004E+036
 1.00000000000000004E+036
 1.00000000000000004E+036
 1.00000000000000004E+036
 1.00000000000000004E+036
-9.59240067959967746E-002
-1.05099398543643474E-001
-1.12845152285274253E-001
-1.19418534610701954E-001
-1.25134867351448520E-001
-1.30031037708249642E-001
-1.34492977494460320E-001
-1.39059065309197649E-001
-1.43813830373460405E-001
-1.47824234826941847E-001
-1.51066451003771363E-001
-1.53509459631663958E-001
-1.55635585632182938E-001
-1.56776135120139770E-001
-1.57179806940291655E-001
-1.56718484621421794E-001
-1.55265477178431865E-001
-1.52854837547977240E-001
-1.49684601663068406E-001
-1.45002811398285303E-001
-1.39482858834298895E-001
-1.34861501809837137E-001
-1.30893696052282849E-001
-1.27119073149629003E-001
-1.23604508210121367E-001
-1.20369582907926542E-001
-1.17171000381802060E-001
-1.14204547410110990E-001
-1.11234706908874159E-001
-1.08426122639457390E-001
-1.05665208644609265E-001
-1.02981439159407273E-001
-1.00392419692695967E-001
-9.78290120248743733E-002
-9.53713001235314550E-002
-9.29312551192538194E-002
-9.05745361657182002E-002
-8.82599487949278227E-002
-8.59984434206921833E-002
-8.37886609750739808E-002
-8.16208204163899609E-002
-7.95028796735550713E-002
-7.74258436754280410E-002
-7.53943250099951001E-002
-7.34031806765642614E-002
-7.14518561908334959E-002
 1.00000000000000004E+036
 1.00000000000000004E+036
 1.00000000000000004E+036
 1.00000000000000004E+036
 1.00000000000000004E+036
 1.00000000000000004E+036
 1.00000000000000004E+036
 1.00000000000000004E+036
 1.00000000000000004E+036
 1.00000000000000004E+036
 1.00000000000000004E+036
 1.00000000000000004E+036
 1.00000000000000004E+036
 1.00000000000000004E+036
 1.00000000000000004E+036
 1.00000000000000004E+036
 1.00000000000000004E+036
 1.00000000000000004E+036
 1.00000000000000004E+036
 1.00000000000000004E+036
 1.00000000000000004E+036
 1.00000000000000004E+036
 1.00000000000000004E+036
 1.00000000000000004E+036
 1.00000000000000004E+036
 1.00000000000000004E+036
 1.00000000000000004E+036
 1.00000000000000004E+036
 1.00000000000000004E+036
 1.00000000000000004E+036
 1.00000000000000004E+036
 1.00000000000000004E+036
 1.00000000000000004E+036
 1.00000000000000004E+036
 1.00000000000000004E+036
 1.00000000000000004E+036
 1.00000000000000004E+036
 1.00000000000000004E+036
 1.00000000000000004E+036
 1.00000000000000004E+036
 1.00000000000000004E+036
 1.00000000000000004E+036
 1.00000000000000004E+036
 1.00000000000000004E+036
 1.00000000000000004E+036
 1.00000000000000004E+036
 1.00000000000000004E+036
 1.00000000000000004E+036
 1.00000000000000004E+036
 1.00000000000000004E+036
 1.00000000000000004E+036
 1.00000000000000004E+036
 1.00000000000000004E+036
 1.00000000000000004E+036
-9.75097113692413586E-002
-1.06947281291581930E-001
-1.14973911020854302E-001
-1.21824411537602373E-001
-1.27778923049731929E-001
-1.33154119138225724E-001
-1.38026789553293838E-001
-1.42995560338874839E-001
-1.48156880105943856E-001
-1.52686891250539247E-001
-1.56494251317155886E-001
-1.59517189056373354E-001
-1.62740036449179115E-001
-1.64944617138189642E-001
-1.66344818909749392E-001
-1.66777606261916844E-001
-1.66187513454474356E-001
-1.64558324091785835E-001
-1.62065276294015348E-001
-1.57589923926764186E-001
-1.51158728329562564E-001
-1.45763343177748084E-001
-1.41106057072533986E-001
-1.36692981350961418E-001
-1.32583112568681827E-001
-1.28787153979033064E-001
-1.25052671814216865E-001
-1.21575225507854157E-001
-1.18112031894440861E-001
-1.14827940993166067E-001
-1.11608136825509519E-001
-1.08478079365340818E-001
-1.05456526831176234E-001
-1.02470716095353964E-001
-9.96010999112399986E-002
-9.67594207094180092E-002
-9.40088549129427520E-002
-9.13090062186938667E-002
-8.86686510850154264E-002
-8.60866518676743908E-002
-8.35530101053336693E-002
-8.10740354075960568E-002
-7.86413515222079695E-002
-7.62579068859281506E-002
-7.39187167373529519E-002
-7.16230807176998496E-002
 1.00000000000000004E+036
 1.00000000000000004E+036
 1.00000000000000004E+036
 1.00000000000000004E+036
 1.00000000000000004E+036
 1.00000000000000004E+036
 1.00000000000000004E+036
 1.00000000000000004E+036
 1.00000000000000004E+036
 1.00000000000000004E+036
 1.00000000000000004E+036
 1.00000000000000004E+036
 1.00000000000000004E+036
 1.00000000000000004E+036
 1.00000000000000004E+036
 1.00000000000000004E+036
 1.00000000000000004E+036
 1.00000000000000004E+036
 1.00000000000000004E+036
 1.00000000000000004E+036
 1.00000000000000004E+036
 1.00000000000000004E+036
 1.00000000000000004E+036
 1.00000000000000004E+036
 1.00000000000000004E+036
 1.00000000000000004E+036
 1.00000000000000004E+036
 1.00000000000000004E+036
 1.00000000000000004E+036
 1.00000000000000004E+036
 1.00000000000000004E+036
 1.00000000000000004E+036
 1.00000000000000004E+036
 1.00000000000000004E+036
 1.00000000000000004E+036
 1.00000000000000004E+036
 1.00000000000000004E+036
 1.00000000000000004E+036
 1.00000000000000004E+036
 1.00000000000000004E+036
 1.00000000000000004E+036
 1.00000000000000004E+036
 1.00000000000000004E+036
 1.00000000000000004E+036
 1.00000000000000004E+036
 1.00000000000000004E+036
 1.00000000000000004E+036
 1.00000000000000004E+036
 1.00000000000000004E+036
 1.00000000000000004E+036
 1.00000000000000004E+036
 1.00000000000000004E+036
 1.00000000000000004E+036
 1.00000000000000004E+036
-1.14625424221799221E-001
-1.21704874741965341E-001
-1.25076927748864364E-001
-1.25971874860454136E-001
-1.25047601995277091E-001
-1.22848683112465551E-001
-1.19752806183726079E-001
-1.16134162796072360E-001
-1.11982320312847605E-001
-1.07495853278635423E-001
-1.02711260926355408E-001
-9.76306987828365891E-002
-9.16201494681558870E-002
-8.54075813317649590E-002
-7.88509783732251890E-002
-7.18904584324491225E-002
-6.44536467764282861E-002
-5.64682629076287412E-002
-4.87492143739700623E-002
-4.44781436933112673E-002
-4.51484023544139745E-002
-4.56724064234776961E-002
-4.62297741807446982E-002
-4.64998029603407304E-002
-4.67853095004784336E-002
-4.68248736112286679E-002
-4.68208381744830149E-002
-4.66974422719772519E-002
-4.64716797519599822E-002
-4.61914009202928355E-002
-4.57919695672899252E-002
-4.53710277606660384E-002
-4.48382160325309087E-002
-4.42987435102395466E-002
-4.36722577646833088E-002
-4.30335053992507710E-002
-4.23385289767566064E-002
-4.16369057502947726E-002
-4.09019417830336351E-002
-4.01557999269925858E-002
-3.93960698941100418E-002
-3.86319962908601156E-002
-3.78633367212160010E-002
-3.71037077933920045E-002
-3.63469313314794817E-002
-3.56098342371069521E-002
 1.00000000000000004E+036
 1.00000000000000004E+036
 1.00000000000000004E+036
 1.00000000000000004E+036
 1.00000000000000004E+036
 1.00000000000000004E+036
 1.00000000000000004E+036
 1.00000000000000004E+036
 1.00000000000000004E+036
 1.00000000000000004E+036
 1.00000000000000004E+036
 1.00000000000000004E+036
 1.00000000000000004E+036
 1.00000000000000004E+036
 1.00000000000000004E+036
 1.00000000000000004E+036
 1.00000000000000004E+036
 1.00000000000000004E+036
 1.00000000000000004E+036
 1.00000000000000004E+036
 1.00000000000000004E+036
 1.00000000000000004E+036
 1.00000000000000004E+036
 1.00000000000000004E+036
 1.00000000000000004E+036
 1.00000000000000004E+036
 1.00000000000000004E+036
 1.00000000000000004E+036
 1.00000000000000004E+036
 1.00000000000000004E+036
 1.00000000000000004E+036
 1.00000000000000004E+036
 1.00000000000000004E+036
 1.00000000000000004E+036
 1.00000000000000004E+036
 1.00000000000000004E+036
 1.00000000000000004E+036
 1.00000000000000004E+036
 1.00000000000000004E+036
 1.00000000000000004E+036
 1.00000000000000004E+036
 1.00000000000000004E+036
 1.00000000000000004E+036
 1.00000000000000004E+036
 1.00000000000000004E+036
 1.00000000000000004E+036
 1.00000000000000004E+036
 1.00000000000000004E+036
 1.00000000000000004E+036
 1.00000000000000004E+036
 1.00000000000000004E+036
 1.00000000000000004E+036
 1.00000000000000004E+036
 1.00000000000000004E+036
# OUTPUT: mlcanopy_inst__dtg_soil(1,4)
-3.81215786957227465E-002
-3.96652495134048877E-002
-3.99339449688795867E-002
-1.96569493750757829E-002
# OUTPUT: mlcanopy_inst__dtleaf_leaf(1,100,2,4)
-1.09607345603365047E-001
-3.24775696216647702E-001
-2.86397541510609699E-001
-2.59391799694697056E-001
-2.39679879740776869E-001
-2.25827282899331294E-001
-2.14058729573878281E-001
-1.98393423370987421E-001
-1.99945070344199394E-001
-1.95625043342317895E-001
-1.90196531714946104E-001
-6.87933101337421249E-002
-1.77421743079150929E-001
-1.74286129681092916E-001
-1.71351188389678555E-001
-1.62324240430564259E-001
-1.59651599819540024E-001
-1.71254983609458122E-001
-3.35719202502161806E-001
-4.79501603332948889E-001
-1.30706298648988195E-001
-1.26469441156189077E-001
-1.22673384939787411E-001
-1.19177878903656165E-001
-1.15923165416006668E-001
-1.12849357754214452E-001
-1.09938338708673200E-001
-1.07158930962270915E-001
-1.04502460356684423E-001
-1.01952056206357611E-001
-9.95007239932306220E-002
-9.71396917996116827E-002
-9.48625627607952993E-002
-9.26647038562578018E-002
-9.05405241571202168E-002
-8.84875318895410601E-002
-8.65001743194966366E-002
-8.45775998449767030E-002
-8.27154434488761581E-002
-8.09126990449158257E-002
-7.91659673980689149E-002
-7.74742534873098521E-002
-7.58350935968792328E-002
-7.42471882159634333E-002
-7.27090723333390088E-002
-7.12187367942078708E-002
 1.00000000000000004E+036
 1.00000000000000004E+036
 1.00000000000000004E+036
 1.00000000000000004E+036
 1.00000000000000004E+036
 1.00000000000000004E+036
 1.00000000000000004E+036
 1.00000000000000004E+036
 1.00000000000000004E+036
 1.00000000000000004E+036
 1.00000000000000004E+036
 1.00000000000000004E+036
 1.00000000000000004E+036
 1.00000000000000004E+036
 1.00000000000000004E+036
 1.00000000000000004E+036
 1.00000000000000004E+036
 1.00000000000000004E+036
 1.00000000000000004E+036
 1.00000000000000004E+036
 1.00000000000000004E+036
 1.00000000000000004E+036
 1.00000000000000004E+036
 1.00000000000000004E+036
 1.00000000000000004E+036
 1.00000000000000004E+036
 1.00000000000000004E+036
 1.00000000000000004E+036
 1.00000000000000004E+036
 1.00000000000000004E+036
 1.00000000000000004E+036
 1.00000000000000004E+036
 1.00000000000000004E+036
 1.00000000000000004E+036
 1.00000000000000004E+036
 1.00000000000000004E+036
 1.00000000000000004E+036
 1.00000000000000004E+036
 1.00000000000000004E+036
 1.00000000000000004E+036
 1.00000000000000004E+036
 1.00000000000000004E+036
 1.00000000000000004E+036
 1.00000000000000004E+036
 1.00000000000000004E+036
 1.00000000000000004E+036
 1.00000000000000004E+036
 1.00000000000000004E+036
 1.00000000000000004E+036
 1.00000000000000004E+036
 1.00000000000000004E+036
 1.00000000000000004E+036
 1.00000000000000004E+036
 1.00000000000000004E+036
-1.09607345603365047E-001
-1.18223423084259593E-001
-1.50789242037035365E-001
-1.49890181050579940E-001
-1.14014388501175290E-001
-1.46808040444966537E-001
-9.91626941383856320E-002
-9.03085315367206931E-002
-1.05023804803977328E-001
-1.08105787355043503E-001
-1.10804504907832779E-001
-1.06981964388523920E-001
-1.17129367809866380E-001
-1.19803998331292405E-001
-1.22207260374182169E-001
-1.24193157645265728E-001
-1.10254040186305247E-001
-1.18372884143013835E-001
-1.38782078987617297E-001
-1.42068587596838825E-001
-1.30706298648988195E-001
-1.26469441156189077E-001
-1.22673384939787411E-001
-1.19177878903656165E-001
-1.15923165416006668E-001
-1.12849357754214452E-001
-1.09938338708673200E-001
-1.07158930962270915E-001
-1.04502460356684423E-001
-1.01952056206357611E-001
-9.95007239932306220E-002
-9.71396917996116827E-002
-9.48625627607952993E-002
-9.26647038562578018E-002
-9.05405241571202168E-002
-8.84875318895410601E-002
-8.65001743194966366E-002
-8.45775998449767030E-002
-8.27154434488761581E-002
-8.09126990449158257E-002
-7.91659673980689149E-002
-7.74742534873098521E-002
-7.58350935968792328E-002
-7.42471882159634333E-002
-7.27090723333390088E-002
-7.12187367942078708E-002
 1.00000000000000004E+036
 1.00000000000000004E+036
 1.00000000000000004E+036
 1.00000000000000004E+036
 1.00000000000000004E+036
 1.00000000000000004E+036
 1.00000000000000004E+036
 1.00000000000000004E+036
 1.00000000000000004E+036
 1.00000000000000004E+036
 1.00000000000000004E+036
 1.00000000000000004E+036
 1.00000000000000004E+036
 1.00000000000000004E+036
 1.00000000000000004E+036
 1.00000000000000004E+036
 1.00000000000000004E+036
 1.00000000000000004E+036
 1.00000000000000004E+036
 1.00000000000000004E+036
 1.00000000000000004E+036
 1.00000000000000004E+036
 1.00000000000000004E+036
 1.00000000000000004E+036
 1.00000000000000004E+036
 1.00000000000000004E+036
 1.00000000000000004E+036
 1.00000000000000004E+036
 1.00000000000000004E+036
 1.00000000000000004E+036
 1.00000000000000004E+036
 1.00000000000000004E+036
 1.00000000000000004E+036
 1.00000000000000004E+036
 1.00000000000000004E+036
 1.00000000000000004E+036
 1.00000000000000004E+036
 1.00000000000000004E+036
 1.00000000000000004E+036
 1.00000000000000004E+036
 1.00000000000000004E+036
 1.00000000000000004E+036
 1.00000000000000004E+036
 1.00000000000000004E+036
 1.00000000000000004E+036
 1.00000000000000004E+036
 1.00000000000000004E+036
 1.00000000000000004E+036
 1.00000000000000004E+036
 1.00000000000000004E+036
 1.00000000000000004E+036
 1.00000000000000004E+036
 1.00000000000000004E+036
 1.00000000000000004E+036
-9.59240067959967746E-002
-2.86523425338430116E-001
-2.52237320967140022E-001
-2.31304158662680948E-001
-2.08582731299941315E-001
-1.95905564168981527E-001
-2.04658054604180961E-001
-1.83350510138097889E-001
-1.86263720651595577E-001
-1.84053814426590634E-001
-1.78228670653084009E-001
-1.65045701798135269E-001
-1.77232266674252514E-001
-1.77869494545859652E-001
-1.71254309563721563E-001
-1.71060356844805028E-001
-1.60637812753407161E-001
-1.46772746192937120E-001
-2.50441654612245657E-001
-2.81919843804928405E-001
-1.39482858834298895E-001
-1.34861501809837137E-001
-1.30893696052282849E-001
-1.27119073149629003E-001
-1.23604508210121367E-001
-1.20369582907926542E-001
-1.17171000381802060E-001
-1.14204547410110990E-001
-1.11234706908874159E-001
-1.08426122639457390E-001
-1.05665208644609265E-001
-1.02981439159407273E-001
-1.00392419692695967E-001
-9.78290120248743733E-002
-9.53713001235314550E-002
-9.29312551192538194E-002
-9.05745361657182002E-002
-8.82599487949278227E-002
-8.59984434206921833E-002
-8.37886609750739808E-002
-8.16208204163899609E-002
-7.95028796735550713E-002
-7.74258436754280410E-002
-7.53943250099951001E-002
-7.34031806765642614E-002
-7.14518561908334959E-002
 1.00000000000000004E+036
 1.00000000000000004E+036
 1.00000000000000004E+036
 1.00000000000000004E+036
 1.00000000000000004E+036
 1.00000000000000004E+036
 1.00000000000000004E+036
 1.00000000000000004E+036
 1.00000000000000004E+036
 1.00000000000000004E+036
 1.00000000000000004E+036
 1.00000000000000004E+036
 1.00000000000000004E+036
 1.00000000000000004E+036
 1.00000000000000004E+036
 1.00000000000000004E+036
 1.00000000000000004E+036
 1.00000000000000004E+036
 1.00000000000000004E+036
 1.00000000000000004E+036
 1.00000000000000004E+036
 1.00000000000000004E+036
 1.00000000000000004E+036
 1.00000000000000004E+036
 1.00000000000000004E+036
 1.00000000000000004E+036
 1.00000000000000004E+036
 1.00000000000000004E+036
 1.00000000000000004E+036
 1.00000000000000004E+036
 1.00000000000000004E+036
 1.00000000000000004E+036
 1.00000000000000004E+036
 1.00000000000000004E+036
 1.00000000000000004E+036
 1.00000000000000004E+036
 1.00000000000000004E+036
 1.00000000000000004E+036
 1.00000000000000004E+036
 1.00000000000000004E+036
 1.00000000000000004E+036
 1.00000000000000004E+036
 1.00000000000000004E+036
 1.00000000000000004E+036
 1.00000000000000004E+036
 1.00000000000000004E+036
 1.00000000000000004E+036
 1.00000000000000004E+036
 1.00000000000000004E+036
 1.00000000000000004E+036
 1.00000000000000004E+036
 1.00000000000000004E+036
 1.00000000000000004E+036
 1.00000000000000004E+036
-9.59240067959967746E-002
-9.01482658119334701E-002
-1.20773455200605895E-001
-1.24527130430692523E-001
-1.43054523931255062E-001
-1.30213224697229180E-001
-9.70461613403585943E-002
-9.45568790098150203E-002
-1.47839122605319062E-001
-1.51519520640533756E-001
-1.54059030486848769E-001
-1.25107266396753403E-001
-1.57848162489585775E-001
-1.35159570521807382E-001
-1.37459709547272269E-001
-1.39067662785578250E-001
-1.39948186116725992E-001
-1.43009221311274359E-001
-1.49521945486412733E-001
-1.40245682679108086E-001
-1.39482858834298895E-001
-1.34861501809837137E-001
-1.30893696052282849E-001
-1.27119073149629003E-001
-1.23604508210121367E-001
-1.20369582907926542E-001
-1.17171000381802060E-001
-1.14204547410110990E-001
-1.11234706908874159E-001
-1.08426122639457390E-001
-1.05665208644609265E-001
-1.02981439159407273E-001
-1.00392419692695967E-001
-9.78290120248743733E-002
-9.53713001235314550E-002
-9.29312551192538194E-002
-9.05745361657182002E-002
-8.82599487949278227E-002
-8.59984434206921833E-002
-8.37886609750739808E-002
-8.16208204163899609E-002
-7.95028796735550713E-002
-7.74258436754280410E-002
-7.53943250099951001E-002
-7.34031806765642614E-002
-7.14518561908334959E-002
 1.00000000000000004E+036
 1.00000000000000004E+036
 1.00000000000000004E+036
 1.00000000000000004E+036
 1.00000000000000004E+036
 1.00000000000000004E+036
 1.00000000000000004E+036
 1.00000000000000004E+036
 1.00000000000000004E+036
 1.00000000000000004E+036
 1.00000000000000004E+036
 1.00000000000000004E+036
 1.00000000000000004E+036
 1.00000000000000004E+036
 1.00000000000000004E+036
 1.00000000000000004E+036
 1.00000000000000004E+036
 1.00000000000000004E+036
 1.00000000000000004E+036
 1.00000000000000004E+036
 1.00000000000000004E+036
 1.00000000000000004E+036
 1.00000000000000004E+036
 1.00000000000000004E+036
 1.00000000000000004E+036
 1.00000000000000004E+036
 1.00000000000000004E+036
 1.00000000000000004E+036
 1.00000000000000004E+036
 1.00000000000000004E+036
 1.00000000000000004E+036
 1.00000000000000004E+036
 1.00000000000000004E+036
 1.00000000000000004E+036
 1.00000000000000004E+036
 1.00000000000000004E+036
 1.00000000000000004E+036
 1.00000000000000004E+036
 1.00000000000000004E+036
 1.00000000000000004E+036
 1.00000000000000004E+036
 1.00000000000000004E+036
 1.00000000000000004E+036
 1.00000000000000004E+036
 1.00000000000000004E+036
 1.00000000000000004E+036
 1.00000000000000004E+036
 1.00000000000000004E+036
 1.00000000000000004E+036
 1.00000000000000004E+036
 1.00000000000000004E+036
 1.00000000000000004E+036
 1.00000000000000004E+036
 1.00000000000000004E+036
-9.75097113692413586E-002
-2.91993919770334287E-001
-2.44583820275011021E-001
-2.36988527921027980E-001
-2.08428431279230608E-001
-2.01405425476707478E-001
-2.07643657686389815E-001
-1.86623500098562545E-001
-1.86485842550837333E-001
-1.94284011156298675E-001
-1.90110395246847474E-001
-6.57674747655505598E-002
-1.77602844551756789E-001
-1.80559217962183993E-001
-1.81213540004875995E-001
-1.74699306689603873E-001
-1.70973063416681725E-001
-1.59399087026315556E-001
-2.98954238210910717E-001
-4.28437797907747608E-001
-1.51158728329562564E-001
-1.45763343177748084E-001
-1.41106057072533986E-001
-1.36692981350961418E-001
-1.32583112568681827E-001
-1.28787153979033064E-001
-1.25052671814216865E-001
-1.21575225507854157E-001
-1.18112031894440861E-001
-1.14827940993166067E-001
-1.11608136825509519E-001
-1.08478079365340818E-001
-1.05456526831176234E-001
-1.02470716095353964E-001
-9.96010999112399986E-002
-9.67594207094180092E-002
-9.40088549129427520E-002
-9.13090062186938667E-002
-8.86686510850154264E-002
-8.60866518676743908E-002
-8.35530101053336693E-002
-8.10740354075960568E-002
-7.86413515222079695E-002
-7.62579068859281506E-002
-7.39187167373529519E-002
-7.16230807176998496E-002
 1.00000000000000004E+036
 1.00000000000000004E+036
 1.00000000000000004E+036
 1.00000000000000004E+036
 1.00000000000000004E+036
 1.00000000000000004E+036
 1.00000000000000004E+036
 1.00000000000000004E+036
 1.00000000000000004E+036
 1.00000000000000004E+036
 1.00000000000000004E+036
 1.00000000000000004E+036
 1.00000000000000004E+036
 1.00000000000000004E+036
 1.00000000000000004E+036
 1.00000000000000004E+036
 1.00000000000000004E+036
 1.00000000000000004E+036
 1.00000000000000004E+036
 1.00000000000000004E+036
 1.00000000000000004E+036
 1.00000000000000004E+036
 1.00000000000000004E+036
 1.00000000000000004E+036
 1.00000000000000004E+036
 1.00000000000000004E+036
 1.00000000000000004E+036
 1.00000000000000004E+036
 1.00000000000000004E+036
 1.00000000000000004E+036
 1.00000000000000004E+036
 1.00000000000000004E+036
 1.00000000000000004E+036
 1.00000000000000004E+036
 1.00000000000000004E+036
 1.00000000000000004E+036
 1.00000000000000004E+036
 1.00000000000000004E+036
 1.00000000000000004E+036
 1.00000000000000004E+036
 1.00000000000000004E+036
 1.00000000000000004E+036
 1.00000000000000004E+036
 1.00000000000000004E+036
 1.00000000000000004E+036
 1.00000000000000004E+036
 1.00000000000000004E+036
 1.00000000000000004E+036
 1.00000000000000004E+036
 1.00000000000000004E+036
 1.00000000000000004E+036
 1.00000000000000004E+036
 1.00000000000000004E+036
 1.00000000000000004E+036
-9.75097113692413586E-002
-9.83185878658332513E-002
-1.30625397045491809E-001
-1.33959499866818987E-001
-1.31693064905505253E-001
-1.38042583724882206E-001
-1.01648391823061957E-001
-9.85131352467192301E-002
-1.46030709297690464E-001
-1.50649773948032362E-001
-1.54265890154192675E-001
-1.25697346506797203E-001
-1.60122810267637306E-001
-1.40482670437847901E-001
-1.43524485128182278E-001
-1.45250844982058425E-001
-1.46274278124167267E-001
-1.51340358156801358E-001
-1.62103569951739246E-001
-1.60108587367233213E-001
-1.51158728329562564E-001
-1.45763343177748084E-001
-1.41106057072533986E-001
-1.36692981350961418E-001
-1.32583112568681827E-001
-1.28787153979033064E-001
-1.25052671814216865E-001
-1.21575225507854157E-001
-1.18112031894440861E-001
-1.14827940993166067E-001
-1.11608136825509519E-001
-1.08478079365340818E-001
-1.05456526831176234E-001
-1.02470716095353964E-001
-9.96010999112399986E-002
-9.67594207094180092E-002
-9.40088549129427520E-002
-9.13090062186938667E-002
-8.86686510850154264E-002
-8.60866518676743908E-002
-8.35530101053336693E-002
-8.10740354075960568E-002
-7.86413515222079695E-002
-7.62579068859281506E-002
-7.39187167373529519E-002
-7.16230807176998496E-002
 1.00000000000000004E+036
 1.00000000000000004E+036
 1.00000000000000004E+036
 1.00000000000000004E+036
 1.00000000000000004E+036
 1.00000000000000004E+036
 1.00000000000000004E+036
 1.00000000000000004E+036
 1.00000000000000004E+036
 1.00000000000000004E+036
 1.00000000000000004E+036
 1.00000000000000004E+036
 1.00000000000000004E+036
 1.00000000000000004E+036
 1.00000000000000004E+036
 1.00000000000000004E+036
 1.00000000000000004E+036
 1.00000000000000004E+036
 1.00000000000000004E+036
 1.00000000000000004E+036
 1.00000000000000004E+036
 1.00000000000000004E+036
 1.00000000000000004E+036
 1.00000000000000004E+036
 1.00000000000000004E+036
 1.00000000000000004E+036
 1.00000000000000004E+036
 1.00000000000000004E+036
 1.00000000000000004E+036
 1.00000000000000004E+036
 1.00000000000000004E+036
 1.00000000000000004E+036
 1.00000000000000004E+036
 1.00000000000000004E+036
 1.00000000000000004E+036
 1.00000000000000004E+036
 1.00000000000000004E+036
 1.00000000000000004E+036
 1.00000000000000004E+036
 1.00000000000000004E+036
 1.00000000000000004E+036
 1.00000000000000004E+036
 1.00000000000000004E+036
 1.00000000000000004E+036
 1.00000000000000004E+036
 1.00000000000000004E+036
 1.00000000000000004E+036
 1.00000000000000004E+036
 1.00000000000000004E+036
 1.00000000000000004E+036
 1.00000000000000004E+036
 1.00000000000000004E+036
 1.00000000000000004E+036
 1.00000000000000004E+036
-1.14625424221799221E-001
-1.22055877217178477E-001
-9.80265274385487828E-002
-9.98973941468648263E-002
-9.18126245160237886E-002
-8.70408279126309026E-002
-8.99829142945804961E-002
-8.35660914116260756E-002
-8.86942581250309559E-002
-8.66683459884711738E-002
-8.45364193448290280E-002
-1.02027536453874745E-001
-6.43918346740406378E-002
-7.36574863374812594E-002
-6.82273061944442816E-002
-6.76364916452598663E-002
-5.94009682558294116E-002
 1.62860467678456189E-002
 3.29992809191026026E-001
 6.10886369009449481E-001
-4.51484023544139745E-002
-4.56724064234776961E-002
-4.62297741807446982E-002
-4.64998029603407304E-002
-4.67853095004784336E-002
-4.68248736112286679E-002
-4.68208381744830149E-002
-4.66974422719772519E-002
-4.64716797519599822E-002
-4.61914009202928355E-002
-4.57919695672899252E-002
-4.53710277606660384E-002
-4.48382160325309087E-002
-4.42987435102395466E-002
-4.36722577646833088E-002
-4.30335053992507710E-002
-4.23385289767566064E-002
-4.16369057502947726E-002
-4.09019417830336351E-002
-4.01557999269925858E-002
-3.93960698941100418E-002
-3.86319962908601156E-002
-3.78633367212160010E-002
-3.71037077933920045E-002
-3.63469313314794817E-002
-3.56098342371069521E-002
 1.00000000000000004E+036
 1.00000000000000004E+036
 1.00000000000000004E+036
 1.00000000000000004E+036
 1.00000000000000004E+036
 1.00000000000000004E+036
 1.00000000000000004E+036
 1.00000000000000004E+036
 1.00000000000000004E+036
 1.00000000000000004E+036
 1.00000000000000004E+036
 1.00000000000000004E+036
 1.00000000000000004E+036
 1.00000000000000004E+036
 1.00000000000000004E+036
 1.00000000000000004E+036
 1.00000000000000004E+036
 1.00000000000000004E+036
 1.00000000000000004E+036
 1.00000000000000004E+036
 1.00000000000000004E+036
 1.00000000000000004E+036
 1.00000000000000004E+036
 1.00000000000000004E+036
 1.00000000000000004E+036
 1.00000000000000004E+036
 1.00000000000000004E+036
 1.00000000000000004E+036
 1.00000000000000004E+036
 1.00000000000000004E+036
 1.00000000000000004E+036
 1.00000000000000004E+036
 1.00000000000000004E+036
 1.00000000000000004E+036
 1.00000000000000004E+036
 1.00000000000000004E+036
 1.00000000000000004E+036
 1.00000000000000004E+036
 1.00000000000000004E+036
 1.00000000000000004E+036
 1.00000000000000004E+036
 1.00000000000000004E+036
 1.00000000000000004E+036
 1.00000000000000004E+036
 1.00000000000000004E+036
 1.00000000000000004E+036
 1.00000000000000004E+036
 1.00000000000000004E+036
 1.00000000000000004E+036
 1.00000000000000004E+036
 1.00000000000000004E+036
 1.00000000000000004E+036
 1.00000000000000004E+036
 1.00000000000000004E+036
-1.14625424221799221E-001
-1.30383374855682632E-001
-9.81580289384851312E-002
-1.01674532583672317E-001
-9.56463354259540210E-002
-9.76859122466180452E-002
-8.69442479618669495E-002
-9.83184741406830653E-002
-9.14663576904786169E-002
-8.96253723441304828E-002
-8.65558827626387028E-002
-1.16440328899955148E-001
-8.00546988127166514E-002
-7.44974120270285312E-002
-6.98805274209917116E-002
-6.48098711990883203E-002
-7.42143007118443165E-002
-6.68681886881472565E-002
-7.20425326796316767E-002
-8.42994152888536519E-002
-4.51484023544139745E-002
-4.56724064234776961E-002
-4.62297741807446982E-002
-4.64998029603407304E-002
-4.67853095004784336E-002
-4.68248736112286679E-002
-4.68208381744830149E-002
-4.66974422719772519E-002
-4.64716797519599822E-002
-4.61914009202928355E-002
-4.57919695672899252E-002
-4.53710277606660384E-002
-4.48382160325309087E-002
-4.42987435102395466E-002
-4.36722577646833088E-002
-4.30335053992507710E-002
-4.23385289767566064E-002
-4.16369057502947726E-002
-4.09019417830336351E-002
-4.01557999269925858E-002
-3.93960698941100418E-002
-3.86319962908601156E-002
-3.78633367212160010E-002
-3.71037077933920045E-002
-3.63469313314794817E-002
-3.56098342371069521E-002
 1.00000000000000004E+036
 1.00000000000000004E+036
 1.00000000000000004E+036
 1.00000000000000004E+036
 1.00000000000000004E+036
 1.00000000000000004E+036
 1.00000000000000004E+036
 1.00000000000000004E+036
 1.00000000000000004E+036
 1.00000000000000004E+036
 1.00000000000000004E+036
 1.00000000000000004E+036
 1.00000000000000004E+036
 1.00000000000000004E+036
 1.00000000000000004E+036
 1.00000000000000004E+036
 1.00000000000000004E+036
 1.00000000000000004E+036
 1.00000000000000004E+036
 1.00000000000000004E+036
 1.00000000000000004E+036
 1.00000000000000004E+036
 1.00000000000000004E+036
 1.00000000000000004E+036
 1.00000000000000004E+036
 1.00000000000000004E+036
 1.00000000000000004E+036
 1.00000000000000004E+036
 1.00000000000000004E+036
 1.00000000000000004E+036
 1.00000000000000004E+036
 1.00000000000000004E+036
 1.00000000000000004E+036
 1.00000000000000004E+036
 1.00000000000000004E+036
 1.00000000000000004E+036
 1.00000000000000004E+036
 1.00000000000000004E+036
 1.00000000000000004E+036
 1.00000000000000004E+036
 1.00000000000000004E+036
 1.00000000000000004E+036
 1.00000000000000004E+036
 1.00000000000000004E+036
 1.00000000000000004E+036
 1.00000000000000004E+036
 1.00000000000000004E+036
 1.00000000000000004E+036
 1.00000000000000004E+036
 1.00000000000000004E+036
 1.00000000000000004E+036
 1.00000000000000004E+036
 1.00000000000000004E+036
 1.00000000000000004E+036
# OUTPUT: mlcanopy_inst__eair_profile(1,100)
 1.51481712773010372E+003
 1.48012986543314173E+003
 1.45383773472393045E+003
 1.43348640339250937E+003
 1.41717471874568514E+003
 1.40347833704273694E+003
 1.39132965110462351E+003
 1.37994969845820265E+003
 1.36873821084812084E+003
 1.35722594696688725E+003
 1.34509019295532039E+003
 1.33208365016731341E+003
 1.31806790265972359E+003
 1.30287257410018424E+003
 1.28638832485954458E+003
 1.26853340096467650E+003
 1.24929920878411781E+003
 1.22877943828895627E+003
 1.20729366947383778E+003
 1.18549930933619044E+003
 1.16454733973042676E+003
 1.14632116903784186E+003
 1.12967644478639841E+003
 1.11399120829510184E+003
 1.09908434861544447E+003
 1.08472946285604326E+003
 1.07082882479511090E+003
 1.05731332860761449E+003
 1.04410553980930717E+003
 1.03118814967350386E+003
 1.01851280570539643E+003
 1.00606394377661047E+003
 9.93820804721253694E+002
 9.81762622340889720E+002
 9.69882929992661161E+002
 9.58162721130820159E+002
 9.46597252468851138E+002
 9.35177080206872347E+002
 9.23892033435340409E+002
 9.12738860265787821E+002
 9.01707141136964310E+002
 8.90794301873137897E+002
 8.79993579875018668E+002
 8.69299601141770381E+002
 8.58709257925169709E+002
 8.48215909734764864E+002
 1.00000000000000004E+036
 1.00000000000000004E+036
 1.00000000000000004E+036
 1.00000000000000004E+036
 1.00000000000000004E+036
 1.00000000000000004E+036
 1.00000000000000004E+036
 1.00000000000000004E+036
 1.00000000000000004E+036
 1.00000000000000004E+036
 1.00000000000000004E+036
 1.00000000000000004E+036
 1.00000000000000004E+036
 1.00000000000000004E+036
 1.00000000000000004E+036
 1.00000000000000004E+036
 1.00000000000000004E+036
 1.00000000000000004E+036
 1.00000000000000004E+036
 1.00000000000000004E+036
 1.00000000000000004E+036
 1.00000000000000004E+036
 1.00000000000000004E+036
 1.00000000000000004E+036
 1.00000000000000004E+036
 1.00000000000000004E+036
 1.00000000000000004E+036
 1.00000000000000004E+036
 1.00000000000000004E+036
 1.00000000000000004E+036
 1.00000000000000004E+036
 1.00000000000000004E+036
 1.00000000000000004E+036
 1.00000000000000004E+036
 1.00000000000000004E+036
 1.00000000000000004E+036
 1.00000000000000004E+036
 1.00000000000000004E+036
 1.00000000000000004E+036
 1.00000000000000004E+036
 1.00000000000000004E+036
 1.00000000000000004E+036
 1.00000000000000004E+036
 1.00000000000000004E+036
 1.00000000000000004E+036
 1.00000000000000004E+036
 1.00000000000000004E+036
 1.00000000000000004E+036
 1.00000000000000004E+036
 1.00000000000000004E+036
 1.00000000000000004E+036
 1.00000000000000004E+036
 1.00000000000000004E+036
 1.00000000000000004E+036
# OUTPUT: mlcanopy_inst__h2ocan_profile(1,100)
 0.00000000000000000E+000
 0.00000000000000000E+000
 0.00000000000000000E+000
 0.00000000000000000E+000
 0.00000000000000000E+000
 0.00000000000000000E+000
 0.00000000000000000E+000
 0.00000000000000000E+000
 0.00000000000000000E+000
 0.00000000000000000E+000
 0.00000000000000000E+000
 0.00000000000000000E+000
 0.00000000000000000E+000
 0.00000000000000000E+000
 0.00000000000000000E+000
 0.00000000000000000E+000
 0.00000000000000000E+000
 0.00000000000000000E+000
 0.00000000000000000E+000
 0.00000000000000000E+000
 0.00000000000000000E+000
 0.00000000000000000E+000
 0.00000000000000000E+000
 0.00000000000000000E+000
 0.00000000000000000E+000
 0.00000000000000000E+000
 0.00000000000000000E+000
 0.00000000000000000E+000
 0.00000000000000000E+000
 0.00000000000000000E+000
 0.00000000000000000E+000
 0.00000000000000000E+000
 0.00000000000000000E+000
 0.00000000000000000E+000
 0.00000000000000000E+000
 0.00000000000000000E+000
 0.00000000000000000E+000
 0.00000000000000000E+000
 0.00000000000000000E+000
 0.00000000000000000E+000
 0.00000000000000000E+000
 0.00000000000000000E+000
 0.00000000000000000E+000
 0.00000000000000000E+000
 0.00000000000000000E+000
 0.00000000000000000E+000
 0.00000000000000000E+000
 0.00000000000000000E+000
 0.00000000000000000E+000
 0.00000000000000000E+000
 0.00000000000000000E+000
 0.00000000000000000E+000
 0.00000000000000000E+000
 0.00000000000000000E+000
 0.00000000000000000E+000
 0.00000000000000000E+000
 0.00000000000000000E+000
 0.00000000000000000E+000
 0.00000000000000000E+000
 0.00000000000000000E+000
 0.00000000000000000E+000
 0.00000000000000000E+000
 0.00000000000000000E+000
 0.00000000000000000E+000
 0.00000000000000000E+000
 0.00000000000000000E+000
 0.00000000000000000E+000
 0.00000000000000000E+000
 0.00000000000000000E+000
 0.00000000000000000E+000
 0.00000000000000000E+000
 0.00000000000000000E+000
 0.00000000000000000E+000
 0.00000000000000000E+000
 0.00000000000000000E+000
 0.00000000000000000E+000
 0.00000000000000000E+000
 0.00000000000000000E+000
 0.00000000000000000E+000
 0.00000000000000000E+000
 0.00000000000000000E+000
 0.00000000000000000E+000
 0.00000000000000000E+000
 0.00000000000000000E+000
 0.00000000000000000E+000
 0.00000000000000000E+000
 0.00000000000000000E+000
 0.00000000000000000E+000
 0.00000000000000000E+000
 0.00000000000000000E+000
 0.00000000000000000E+000
 0.00000000000000000E+000
 0.00000000000000000E+000
 0.00000000000000000E+000
 0.00000000000000000E+000
 0.00000000000000000E+000
 0.00000000000000000E+000
 0.00000000000000000E+000
 0.00000000000000000E+000
 0.00000000000000000E+000
# OUTPUT: mlcanopy_inst__lwp_leaf(1,100,2)
 0.00000000000000000E+000
-5.83009541380141605E-001
-6.90820588695488458E-001
-7.64434770309706524E-001
-8.20596828726049443E-001
-8.67522469832338938E-001
-9.10223342720473561E-001
-9.50968621621778754E-001
-9.91540338325498927E-001
-1.03255452848324469E+000
-1.07409890028960775E+000
-1.10726404707186510E+000
-1.15362783909597710E+000
-1.21249931073354666E+000
-1.27787163617881672E+000
-1.34868311087043291E+000
-1.42509913329165405E+000
-1.49482761365610650E+000
-1.53638271908256008E+000
-1.56443275949918759E+000
 0.00000000000000000E+000
 0.00000000000000000E+000
 0.00000000000000000E+000
 0.00000000000000000E+000
 0.00000000000000000E+000
 0.00000000000000000E+000
 0.00000000000000000E+000
 0.00000000000000000E+000
 0.00000000000000000E+000
 0.00000000000000000E+000
 0.00000000000000000E+000
 0.00000000000000000E+000
 0.00000000000000000E+000
 0.00000000000000000E+000
 0.00000000000000000E+000
 0.00000000000000000E+000
 0.00000000000000000E+000
 0.00000000000000000E+000
 0.00000000000000000E+000
 0.00000000000000000E+000
 0.00000000000000000E+000
 0.00000000000000000E+000
 0.00000000000000000E+000
 0.00000000000000000E+000
 0.00000000000000000E+000
 0.00000000000000000E+000
-1.00000000000000006E-001
-1.00000000000000006E-001
-1.00000000000000006E-001
-1.00000000000000006E-001
-1.00000000000000006E-001
-1.00000000000000006E-001
-1.00000000000000006E-001
-1.00000000000000006E-001
-1.00000000000000006E-001
-1.00000000000000006E-001
-1.00000000000000006E-001
-1.00000000000000006E-001
-1.00000000000000006E-001
-1.00000000000000006E-001
-1.00000000000000006E-001
-1.00000000000000006E-001
-1.00000000000000006E-001
-1.00000000000000006E-001
-1.00000000000000006E-001
-1.00000000000000006E-001
-1.00000000000000006E-001
-1.00000000000000006E-001
-1.00000000000000006E-001
-1.00000000000000006E-001
-1.00000000000000006E-001
-1.00000000000000006E-001
-1.00000000000000006E-001
-1.00000000000000006E-001
-1.00000000000000006E-001
-1.00000000000000006E-001
-1.00000000000000006E-001
-1.00000000000000006E-001
-1.00000000000000006E-001
-1.00000000000000006E-001
-1.00000000000000006E-001
-1.00000000000000006E-001
-1.00000000000000006E-001
-1.00000000000000006E-001
-1.00000000000000006E-001
-1.00000000000000006E-001
-1.00000000000000006E-001
-1.00000000000000006E-001
-1.00000000000000006E-001
-1.00000000000000006E-001
-1.00000000000000006E-001
-1.00000000000000006E-001
-1.00000000000000006E-001
-1.00000000000000006E-001
-1.00000000000000006E-001
-1.00000000000000006E-001
-1.00000000000000006E-001
-1.00000000000000006E-001
-1.00000000000000006E-001
-1.00000000000000006E-001
 0.00000000000000000E+000
-2.76778913363203316E-001
-2.93959704596846672E-001
-3.09031177723541051E-001
-3.22395088040771549E-001
-3.36074489679649202E-001
-3.51455398190679336E-001
-3.68317661448919031E-001
-3.87578230076102204E-001
-4.08851131999411366E-001
-4.34809029718691731E-001
-4.66352057141964427E-001
-5.03870256015829909E-001
-5.49538418603187195E-001
-6.05183907051170200E-001
-6.72067224028271015E-001
-7.52584671014924433E-001
-8.43984230439098870E-001
-9.44474264984172862E-001
-1.04113857918668495E+000
 0.00000000000000000E+000
 0.00000000000000000E+000
 0.00000000000000000E+000
 0.00000000000000000E+000
 0.00000000000000000E+000
 0.00000000000000000E+000
 0.00000000000000000E+000
 0.00000000000000000E+000
 0.00000000000000000E+000
 0.00000000000000000E+000
 0.00000000000000000E+000
 0.00000000000000000E+000
 0.00000000000000000E+000
 0.00000000000000000E+000
 0.00000000000000000E+000
 0.00000000000000000E+000
 0.00000000000000000E+000
 0.00000000000000000E+000
 0.00000000000000000E+000
 0.00000000000000000E+000
 0.00000000000000000E+000
 0.00000000000000000E+000
 0.00000000000000000E+000
 0.00000000000000000E+000
 0.00000000000000000E+000
 0.00000000000000000E+000
-1.00000000000000006E-001
-1.00000000000000006E-001
-1.00000000000000006E-001
-1.00000000000000006E-001
-1.00000000000000006E-001
-1.00000000000000006E-001
-1.00000000000000006E-001
-1.00000000000000006E-001
-1.00000000000000006E-001
-1.00000000000000006E-001
-1.00000000000000006E-001
-1.00000000000000006E-001
-1.00000000000000006E-001
-1.00000000000000006E-001
-1.00000000000000006E-001
-1.00000000000000006E-001
-1.00000000000000006E-001
-1.00000000000000006E-001
-1.00000000000000006E-001
-1.00000000000000006E-001
-1.00000000000000006E-001
-1.00000000000000006E-001
-1.00000000000000006E-001
-1.00000000000000006E-001
-1.00000000000000006E-001
-1.00000000000000006E-001
-1.00000000000000006E-001
-1.00000000000000006E-001
-1.00000000000000006E-001
-1.00000000000000006E-001
-1.00000000000000006E-001
-1.00000000000000006E-001
-1.00000000000000006E-001
-1.00000000000000006E-001
-1.00000000000000006E-001
-1.00000000000000006E-001
-1.00000000000000006E-001
-1.00000000000000006E-001
-1.00000000000000006E-001
-1.00000000000000006E-001
-1.00000000000000006E-001
-1.00000000000000006E-001
-1.00000000000000006E-001
-1.00000000000000006E-001
-1.00000000000000006E-001
-1.00000000000000006E-001
-1.00000000000000006E-001
-1.00000000000000006E-001
-1.00000000000000006E-001
-1.00000000000000006E-001
-1.00000000000000006E-001
-1.00000000000000006E-001
-1.00000000000000006E-001
-1.00000000000000006E-001
# OUTPUT: mlcanopy_inst__tair_profile(1,100)
 3.00276518904305988E+002
 3.00214132942667106E+002
 3.00149068983990333E+002
 3.00082522636926797E+002
 3.00016220134754576E+002
 2.99951722570456525E+002
 2.99890665852026245E+002
 2.99834414276995517E+002
 2.99784642216461918E+002
 2.99743308255205250E+002
 2.99711964135056746E+002
 2.99692188347521892E+002
 2.99684797917383776E+002
 2.99691658842265269E+002
 2.99714108043417582E+002
 2.99753460654027208E+002
 2.99810419522659572E+002
 2.99884819278234886E+002
 2.99974270073157186E+002
 3.00073368095018509E+002
 3.00173253188900048E+002
 3.00260098472935908E+002
 3.00339367222278895E+002
 3.00414027513140809E+002
 3.00484945393669932E+002
 3.00553200846027210E+002
 3.00619260569736923E+002
 3.00683454536130910E+002
 3.00746151680978357E+002
 3.00807435042815200E+002
 3.00867534695464599E+002
 3.00926524922235785E+002
 3.00984504466368719E+002
 3.01041571916212661E+002
 3.01097758038981908E+002
 3.01153152811957000E+002
 3.01207778666550894E+002
 3.01261680179276254E+002
 3.01314905269799851E+002
 3.01367469153861407E+002
 3.01419420780140342E+002
 3.01470772080165432E+002
 3.01521554665449003E+002
 3.01571793563406004E+002
 3.01621503118643147E+002
 3.01670714225595873E+002
 1.00000000000000004E+036
 1.00000000000000004E+036
 1.00000000000000004E+036
 1.00000000000000004E+036
 1.00000000000000004E+036
 1.00000000000000004E+036
 1.00000000000000004E+036
 1.00000000000000004E+036
 1.00000000000000004E+036
 1.00000000000000004E+036
 1.00000000000000004E+036
 1.00000000000000004E+036
 1.00000000000000004E+036
 1.00000000000000004E+036
 1.00000000000000004E+036
 1.00000000000000004E+036
 1.00000000000000004E+036
 1.00000000000000004E+036
 1.00000000000000004E+036
 1.00000000000000004E+036
 1.00000000000000004E+036
 1.00000000000000004E+036
 1.00000000000000004E+036
 1.00000000000000004E+036
 1.00000000000000004E+036
 1.00000000000000004E+036
 1.00000000000000004E+036
 1.00000000000000004E+036
 1.00000000000000004E+036
 1.00000000000000004E+036
 1.00000000000000004E+036
 1.00000000000000004E+036
 1.00000000000000004E+036
 1.00000000000000004E+036
 1.00000000000000004E+036
 1.00000000000000004E+036
 1.00000000000000004E+036
 1.00000000000000004E+036
 1.00000000000000004E+036
 1.00000000000000004E+036
 1.00000000000000004E+036
 1.00000000000000004E+036
 1.00000000000000004E+036
 1.00000000000000004E+036
 1.00000000000000004E+036
 1.00000000000000004E+036
 1.00000000000000004E+036
 1.00000000000000004E+036
 1.00000000000000004E+036
 1.00000000000000004E+036
 1.00000000000000004E+036
 1.00000000000000004E+036
 1.00000000000000004E+036
 1.00000000000000004E+036
# OUTPUT: mlcanopy_inst__tg_soil(1)
 3.01106342437542537E+002
# OUTPUT: mlcanopy_inst__tleaf_leaf(1,100,2)
 3.00276518904305988E+002
 3.05874483832817475E+002
 3.04384056051784057E+002
 3.03370633039033180E+002
 3.02619646127668830E+002
 3.02012577843298857E+002
 3.01493754070687203E+002
 3.01049083414126585E+002
 3.00645420397266435E+002
 3.00277435019489928E+002
 2.99950302728356178E+002
 2.99785233275471739E+002
 2.99435535732870505E+002
 2.99107511758975363E+002
 2.98807681715657395E+002
 2.98546737357152779E+002
 2.98317211554898449E+002
 2.98189312296165610E+002
 2.98182733453720175E+002
 2.98203079679906978E+002
 3.00173253188900048E+002
 3.00260098472935908E+002
 3.00339367222278895E+002
 3.00414027513140809E+002
 3.00484945393669932E+002
 3.00553200846027210E+002
 3.00619260569736923E+002
 3.00683454536130910E+002
 3.00746151680978357E+002
 3.00807435042815200E+002
 3.00867534695464599E+002
 3.00926524922235785E+002
 3.00984504466368719E+002
 3.01041571916212661E+002
 3.01097758038981908E+002
 3.01153152811957000E+002
 3.01207778666550894E+002
 3.01261680179276254E+002
 3.01314905269799851E+002
 3.01367469153861407E+002
 3.01419420780140342E+002
 3.01470772080165432E+002
 3.01521554665449003E+002
 3.01571793563406004E+002
 3.01621503118643147E+002
 3.01670714225595873E+002
 1.00000000000000004E+036
 1.00000000000000004E+036
 1.00000000000000004E+036
 1.00000000000000004E+036
 1.00000000000000004E+036
 1.00000000000000004E+036
 1.00000000000000004E+036
 1.00000000000000004E+036
 1.00000000000000004E+036
 1.00000000000000004E+036
 1.00000000000000004E+036
 1.00000000000000004E+036
 1.00000000000000004E+036
 1.00000000000000004E+036
 1.00000000000000004E+036
 1.00000000000000004E+036
 1.00000000000000004E+036
 1.00000000000000004E+036
 1.00000000000000004E+036
 1.00000000000000004E+036
 1.00000000000000004E+036
 1.00000000000000004E+036
 1.00000000000000004E+036
 1.00000000000000004E+036
 1.00000000000000004E+036
 1.00000000000000004E+036
 1.00000000000000004E+036
 1.00000000000000004E+036
 1.00000000000000004E+036
 1.00000000000000004E+036
 1.00000000000000004E+036
 1.00000000000000004E+036
 1.00000000000000004E+036
 1.00000000000000004E+036
 1.00000000000000004E+036
 1.00000000000000004E+036
 1.00000000000000004E+036
 1.00000000000000004E+036
 1.00000000000000004E+036
 1.00000000000000004E+036
 1.00000000000000004E+036
 1.00000000000000004E+036
 1.00000000000000004E+036
 1.00000000000000004E+036
 1.00000000000000004E+036
 1.00000000000000004E+036
 1.00000000000000004E+036
 1.00000000000000004E+036
 1.00000000000000004E+036
 1.00000000000000004E+036
 1.00000000000000004E+036
 1.00000000000000004E+036
 1.00000000000000004E+036
 1.00000000000000004E+036
 3.00276518904305988E+002
 3.00642970038764531E+002
 3.00345686895047038E+002
 3.00155636708632812E+002
 3.00016595781068645E+002
 2.99874487567232279E+002
 2.99757378315313929E+002
 2.99619877770965672E+002
 2.99464428152920050E+002
 2.99327446993598301E+002
 2.99180965250516863E+002
 2.99030117035709452E+002
 2.98852532547120347E+002
 2.98690213251628677E+002
 2.98499889336986541E+002
 2.98294589497138986E+002
 2.98068131974413745E+002
 2.97839823571978172E+002
 2.97598945727639659E+002
 2.97429424140648109E+002
 3.00173253188900048E+002
 3.00260098472935908E+002
 3.00339367222278895E+002
 3.00414027513140809E+002
 3.00484945393669932E+002
 3.00553200846027210E+002
 3.00619260569736923E+002
 3.00683454536130910E+002
 3.00746151680978357E+002
 3.00807435042815200E+002
 3.00867534695464599E+002
 3.00926524922235785E+002
 3.00984504466368719E+002
 3.01041571916212661E+002
 3.01097758038981908E+002
 3.01153152811957000E+002
 3.01207778666550894E+002
 3.01261680179276254E+002
 3.01314905269799851E+002
 3.01367469153861407E+002
 3.01419420780140342E+002
 3.01470772080165432E+002
 3.01521554665449003E+002
 3.01571793563406004E+002
 3.01621503118643147E+002
 3.01670714225595873E+002
 1.00000000000000004E+036
 1.00000000000000004E+036
 1.00000000000000004E+036
 1.00000000000000004E+036
 1.00000000000000004E+036
 1.00000000000000004E+036
 1.00000000000000004E+036
 1.00000000000000004E+036
 1.00000000000000004E+036
 1.00000000000000004E+036
 1.00000000000000004E+036
 1.00000000000000004E+036
 1.00000000000000004E+036
 1.00000000000000004E+036
 1.00000000000000004E+036
 1.00000000000000004E+036
 1.00000000000000004E+036
 1.00000000000000004E+036
 1.00000000000000004E+036
 1.00000000000000004E+036
 1.00000000000000004E+036
 1.00000000000000004E+036
 1.00000000000000004E+036
 1.00000000000000004E+036
 1.00000000000000004E+036
 1.00000000000000004E+036
 1.00000000000000004E+036
 1.00000000000000004E+036
 1.00000000000000004E+036
 1.00000000000000004E+036
 1.00000000000000004E+036
 1.00000000000000004E+036
 1.00000000000000004E+036
 1.00000000000000004E+036
 1.00000000000000004E+036
 1.00000000000000004E+036
 1.00000000000000004E+036
 1.00000000000000004E+036
 1.00000000000000004E+036
 1.00000000000000004E+036
 1.00000000000000004E+036
 1.00000000000000004E+036
 1.00000000000000004E+036
 1.00000000000000004E+036
 1.00000000000000004E+036
 1.00000000000000004E+036
 1.00000000000000004E+036
 1.00000000000000004E+036
 1.00000000000000004E+036
 1.00000000000000004E+036
 1.00000000000000004E+036
 1.00000000000000004E+036
 1.00000000000000004E+036
 1.00000000000000004E+036
