 121.0104167    23.000   -98.672   293.867    -0.136     0.000     0.000     0.000     0.000     0.000     0.000     0.000     0.000
 121.0104167    22.500   -98.665   293.964    -0.136     0.000     0.000     0.000     0.000     0.000     0.000     0.000     0.000
 121.0104167    22.000   -98.676   294.123    -0.136     0.000     0.000     0.000     0.000     0.000     0.000     0.000     0.000
 121.0104167    21.500   -98.706   294.345    -0.136     0.000     0.000     0.000     0.000     0.000     0.000     0.000     0.000
 121.0104167    21.000   -98.755   294.629    -0.136     0.000     0.000     0.000     0.000     0.000     0.000     0.000     0.000
 121.0104167    20.500   -98.823   294.977    -0.136     0.000     0.000     0.000     0.000     0.000     0.000     0.000     0.000
 121.0104167    20.000   -98.910   295.388    -0.136     0.000     0.000     0.000     0.000     0.000     0.000     0.000     0.000
 121.0104167    19.500   -99.017   295.864    -0.136     0.000     0.000     0.000     0.000     0.000     0.000     0.000     0.000
 121.0104167    19.000   -99.143   296.405    -0.136     0.000     0.000     0.000     0.000     0.000     0.000     0.000     0.000
 121.0104167    18.500   -99.289   297.012    -0.136     0.000     0.000     0.000     0.000     0.000     0.000     0.000     0.000
 121.0104167    18.000   -99.454   297.686    -0.136     0.000     0.000     0.000     0.000     0.000     0.000     0.000     0.000
 121.0104167    17.500   -99.640   298.427    -0.136     0.000     0.000     0.000     0.000     0.000     0.000     0.000     0.000
 121.0104167    17.000   -99.847   299.236    -0.136     0.000     0.000     0.000     0.000     0.000     0.000     0.000     0.000
 121.0104167    16.500  -100.075   300.115    -0.136     0.000     0.000     0.000     0.000     0.000     0.000     0.000     0.000
 121.0104167    16.000  -100.323   301.063    -0.136     0.000     0.000     0.000     0.000     0.000     0.000     0.000     0.000
 121.0104167    15.500  -100.593   302.083    -0.136     0.000     0.000     0.000     0.000     0.000     0.000     0.000     0.000
 121.0104167    15.000  -100.885   303.174    -0.136     0.000     0.000     0.000     0.000     0.000     0.000     0.000     0.000
 121.0104167    14.500  -101.199   304.339    -0.136     0.000     0.000     0.000     0.000     0.000     0.000     0.000     0.000
 121.0104167    14.000  -101.536   305.579    -0.136     0.000     0.000     0.000     0.000     0.000     0.000     0.000     0.000
 121.0104167    13.500  -101.896   306.895    -0.136     0.000     0.000     0.000     0.000     0.000     0.000     0.000     0.000
 121.0104167    13.000  -102.279   308.289    -0.136     0.000     0.000     0.000     0.000     0.000     0.000     0.000     0.000
 121.0104167    12.500  -102.687   309.764    -0.136     0.000     0.000     0.000     0.000     0.000     0.000     0.000     0.000
 121.0104167    12.000  -103.120   311.321    -0.136     0.000     0.000     0.000     0.000     0.000     0.000     0.000     0.000
 121.0104167    11.500  -103.579   312.964    -0.136     0.000     0.000     0.000     0.000     0.000     0.000     0.000     0.000
 121.0104167    11.000  -104.066   314.697    -0.136     0.000     0.000     0.000     0.000     0.000     0.000     0.000     0.000
 121.0104167    10.500  -104.582   316.527    -0.136     0.000     0.000     0.000     0.000     0.000     0.000     0.000     0.000
 121.0104167    10.000  -105.130   318.462    -0.136   167.849   207.956    76.686    36.579     8.382    80.321   342.367   451.618
 121.0104167     9.500   -87.065   275.431    -0.096   146.842   181.929    67.802    47.774     7.440    75.014   355.369   452.352
 121.0104167     9.000   -64.484   222.224    -0.068   122.431   151.685    57.342    58.923     6.340    68.103   370.634   453.523
 121.0104167     8.500   -43.828   172.835    -0.048   100.620   124.663    47.848    66.709     5.357    61.038   384.432   454.868
 121.0104167     8.000   -27.167   131.120    -0.034    82.412   102.104    39.794    71.108     4.541    54.264   396.176   456.243
 121.0104167     7.500   -14.670    97.569    -0.024    67.682    83.855    33.174    72.783     3.890    47.982   405.921   457.572
 121.0104167     7.000    -5.764    71.360    -0.017    55.958    69.329    27.824    72.493     3.385    42.275   413.909   458.827
 121.0104167     6.500     0.246    51.369    -0.012    46.704    57.863    23.542    70.906     3.003    37.165   420.424   459.986
 121.0104167     6.000     4.023    36.470    -0.009    39.428    48.849    20.132    68.546     2.722    32.643   425.732   461.039
 121.0104167     5.500     6.267    25.517    -0.006    33.716    41.773    17.423    65.799     2.521    28.678   430.054   461.985
 121.0104167     5.000     7.359    17.734    -0.004    29.234    36.220    15.277    62.936     2.382    25.236   433.567   462.830
 121.0104167     4.500     7.659    12.461    -0.003    25.720    31.866    13.578    60.142     2.292    22.278   436.428   463.561
 121.0104167     4.000     7.455     9.154    -0.002    22.968    28.457    12.239    57.534     2.237    19.769   438.758   464.173
 121.0104167     3.500     6.913     7.442    -0.002    20.824    25.799    11.190    55.187     2.207    17.674   440.652   464.660
 121.0104167     3.000     6.181     6.996    -0.001    19.165    23.745    10.375    53.139     2.193    15.961   442.175   465.030
 121.0104167     2.500     5.301     7.636    -0.001    17.901    22.179     9.753    51.412     2.189    14.600   443.381   465.290
 121.0104167     2.000     4.393     9.133    -0.001    16.962    21.015     9.291    50.009     2.187    13.561   444.312   465.449
 121.0104167     1.500     3.496    11.360    -0.000    16.294    20.187     8.963    48.927     2.187    12.814   444.996   465.526
 121.0104167     1.000     2.644    14.220    -0.000    15.853    19.641     8.749    48.156     2.185    12.327   445.453   465.540
 121.0104167     0.500     1.864    17.645    -0.000     0.000     0.000     0.000     0.000     0.000     0.000     0.000     0.000
 121.0312500    23.000   -53.860   198.005    -0.050     0.000     0.000     0.000     0.000     0.000     0.000     0.000     0.000
 121.0312500    22.500   -54.165   198.946    -0.050     0.000     0.000     0.000     0.000     0.000     0.000     0.000     0.000
 121.0312500    22.000   -54.473   199.901    -0.050     0.000     0.000     0.000     0.000     0.000     0.000     0.000     0.000
 121.0312500    21.500   -54.783   200.870    -0.050     0.000     0.000     0.000     0.000     0.000     0.000     0.000     0.000
 121.0312500    21.000   -55.096   201.855    -0.050     0.000     0.000     0.000     0.000     0.000     0.000     0.000     0.000
 121.0312500    20.500   -55.412   202.855    -0.050     0.000     0.000     0.000     0.000     0.000     0.000     0.000     0.000
 121.0312500    20.000   -55.731   203.871    -0.050     0.000     0.000     0.000     0.000     0.000     0.000     0.000     0.000
 121.0312500    19.500   -56.052   204.904    -0.050     0.000     0.000     0.000     0.000     0.000     0.000     0.000     0.000
 121.0312500    19.000   -56.377   205.953    -0.050     0.000     0.000     0.000     0.000     0.000     0.000     0.000     0.000
 121.0312500    18.500   -56.705   207.019    -0.050     0.000     0.000     0.000     0.000     0.000     0.000     0.000     0.000
 121.0312500    18.000   -57.035   208.101    -0.050     0.000     0.000     0.000     0.000     0.000     0.000     0.000     0.000
 121.0312500    17.500   -57.369   209.201    -0.050     0.000     0.000     0.000     0.000     0.000     0.000     0.000     0.000
 121.0312500    17.000   -57.706   210.318    -0.050     0.000     0.000     0.000     0.000     0.000     0.000     0.000     0.000
 121.0312500    16.500   -58.046   211.453    -0.050     0.000     0.000     0.000     0.000     0.000     0.000     0.000     0.000
 121.0312500    16.000   -58.390   212.604    -0.050     0.000     0.000     0.000     0.000     0.000     0.000     0.000     0.000
 121.0312500    15.500   -58.736   213.773    -0.050     0.000     0.000     0.000     0.000     0.000     0.000     0.000     0.000
 121.0312500    15.000   -59.085   214.960    -0.050     0.000     0.000     0.000     0.000     0.000     0.000     0.000     0.000
 121.0312500    14.500   -59.438   216.163    -0.050     0.000     0.000     0.000     0.000     0.000     0.000     0.000     0.000
 121.0312500    14.000   -59.793   217.383    -0.050     0.000     0.000     0.000     0.000     0.000     0.000     0.000     0.000
 121.0312500    13.500   -60.152   218.619    -0.050     0.000     0.000     0.000     0.000     0.000     0.000     0.000     0.000
 121.0312500    13.000   -60.513   219.872    -0.050     0.000     0.000     0.000     0.000     0.000     0.000     0.000     0.000
 121.0312500    12.500   -60.876   221.140    -0.050     0.000     0.000     0.000     0.000     0.000     0.000     0.000     0.000
 121.0312500    12.000   -61.243   222.424    -0.050     0.000     0.000     0.000     0.000     0.000     0.000     0.000     0.000
 121.0312500    11.500   -61.612   223.724    -0.050     0.000     0.000     0.000     0.000     0.000     0.000     0.000     0.000
 121.0312500    11.000   -61.983   225.039    -0.050     0.000     0.000     0.000     0.000     0.000     0.000     0.000     0.000
 121.0312500    10.500   -62.357   226.368    -0.050     0.000     0.000     0.000     0.000     0.000     0.000     0.000     0.000
 121.0312500    10.000   -62.733   227.713    -0.050   126.125   161.911    71.134    35.348     6.905    65.526   339.171   444.785
 121.0312500     9.500   -48.735   194.511    -0.032   109.940   141.134    62.696    43.809     6.110    61.045   351.600   445.654
 121.0312500     9.000   -33.143   155.472    -0.021    91.212   117.092    52.797    52.068     5.185    55.249   366.252   446.973
 121.0312500     8.500   -20.232   120.585    -0.014    74.565    95.721    43.854    57.620     4.360    49.367   379.537   448.468
 121.0312500     8.000   -10.528    91.624    -0.009    60.742    77.976    36.303    60.504     3.677    43.763   390.840   450.046
 121.0312500     7.500    -3.747    68.516    -0.006    49.619    63.698    30.125    61.275     3.133    38.597   400.206   451.649
 121.0312500     7.000     0.767    50.422    -0.004    40.812    52.392    25.156    60.551     2.711    33.926   407.876   453.244
 121.0312500     6.500     3.509    36.532    -0.003    33.896    43.514    21.195    58.867     2.392    29.763   414.129   454.808
 121.0312500     6.000     5.013    26.009    -0.002    28.484    36.566    18.053    56.635     2.156    26.091   419.239   456.304
 121.0312500     5.500     5.647    18.216    -0.001    24.255    31.137    15.567    54.156     1.986    22.881   423.437   457.693
 121.0312500     5.000     5.676    12.626    -0.001    20.949    26.893    13.602    51.638     1.868    20.101   426.901   458.951
 121.0312500     4.500     5.355     8.778    -0.000    18.367    23.578    12.053    49.220     1.789    17.717   429.770   460.053
 121.0312500     4.000     4.830     6.346    -0.000    16.352    20.991    10.834    46.988     1.739    15.698   432.151   460.981
 121.0312500     3.500     4.244     5.027    -0.000    14.785    18.980     9.881    44.994     1.709    14.014   434.119   461.732
 121.0312500     3.000     3.647     4.626    -0.000    13.577    17.429     9.142    43.267     1.693    12.638   435.729   462.311
 121.0312500     2.500     3.075     4.992    -0.000    12.658    16.250     8.579    41.816     1.685    11.545   437.025   462.728
 121.0312500     2.000     2.568     5.985    -0.000    11.977    15.375     8.160    40.642     1.681    10.711   438.037   462.999
 121.0312500     1.500     2.108     7.527    -0.000    11.492    14.753     7.863    39.740     1.677    10.112   438.786   463.149
 121.0312500     1.000     1.701     9.532    -0.000    11.173    14.343     7.669    39.100     1.674     9.720   439.289   463.208
 121.0312500     0.500     1.343    11.918    -0.000     0.000     0.000     0.000     0.000     0.000     0.000     0.000     0.000
 121.0520833    23.000  -109.747   284.207    -0.191     0.000     0.000     0.000     0.000     0.000     0.000     0.000     0.000
 121.0520833    22.500  -110.207   285.216    -0.191     0.000     0.000     0.000     0.000     0.000     0.000     0.000     0.000
 121.0520833    22.000  -110.654   286.169    -0.191     0.000     0.000     0.000     0.000     0.000     0.000     0.000     0.000
 121.0520833    21.500  -111.089   287.065    -0.191     0.000     0.000     0.000     0.000     0.000     0.000     0.000     0.000
 121.0520833    21.000  -111.512   287.904    -0.191     0.000     0.000     0.000     0.000     0.000     0.000     0.000     0.000
 121.0520833    20.500  -111.922   288.685    -0.191     0.000     0.000     0.000     0.000     0.000     0.000     0.000     0.000
 121.0520833    20.000  -112.319   289.408    -0.191     0.000     0.000     0.000     0.000     0.000     0.000     0.000     0.000
 121.0520833    19.500  -112.704   290.071    -0.191     0.000     0.000     0.000     0.000     0.000     0.000     0.000     0.000
 121.0520833    19.000  -113.076   290.675    -0.191     0.000     0.000     0.000     0.000     0.000     0.000     0.000     0.000
 121.0520833    18.500  -113.434   291.218    -0.191     0.000     0.000     0.000     0.000     0.000     0.000     0.000     0.000
 121.0520833    18.000  -113.780   291.700    -0.191     0.000     0.000     0.000     0.000     0.000     0.000     0.000     0.000
 121.0520833    17.500  -114.113   292.120    -0.191     0.000     0.000     0.000     0.000     0.000     0.000     0.000     0.000
 121.0520833    17.000  -114.433   292.478    -0.191     0.000     0.000     0.000     0.000     0.000     0.000     0.000     0.000
 121.0520833    16.500  -114.739   292.773    -0.191     0.000     0.000     0.000     0.000     0.000     0.000     0.000     0.000
 121.0520833    16.000  -115.032   293.005    -0.191     0.000     0.000     0.000     0.000     0.000     0.000     0.000     0.000
 121.0520833    15.500  -115.312   293.173    -0.191     0.000     0.000     0.000     0.000     0.000     0.000     0.000     0.000
 121.0520833    15.000  -115.579   293.276    -0.191     0.000     0.000     0.000     0.000     0.000     0.000     0.000     0.000
 121.0520833    14.500  -115.832   293.315    -0.191     0.000     0.000     0.000     0.000     0.000     0.000     0.000     0.000
 121.0520833    14.000  -116.071   293.288    -0.191     0.000     0.000     0.000     0.000     0.000     0.000     0.000     0.000
 121.0520833    13.500  -116.298   293.195    -0.191     0.000     0.000     0.000     0.000     0.000     0.000     0.000     0.000
 121.0520833    13.000  -116.510   293.035    -0.191     0.000     0.000     0.000     0.000     0.000     0.000     0.000     0.000
 121.0520833    12.500  -116.709   292.808    -0.191     0.000     0.000     0.000     0.000     0.000     0.000     0.000     0.000
 121.0520833    12.000  -116.894   292.511    -0.191     0.000     0.000     0.000     0.000     0.000     0.000     0.000     0.000
 121.0520833    11.500  -117.065   292.143    -0.191     0.000     0.000     0.000     0.000     0.000     0.000     0.000     0.000
 121.0520833    11.000  -117.222   291.702    -0.191     0.000     0.000     0.000     0.000     0.000     0.000     0.000     0.000
 121.0520833    10.500  -117.363   291.184    -0.191     0.000     0.000     0.000     0.000     0.000     0.000     0.000     0.000
 121.0520833    10.000  -117.487   290.580    -0.191    83.042   111.060    62.904    34.886     5.260    49.286   338.369   442.154
 121.0520833     9.500   -96.544   256.104    -0.138    71.975    96.259    55.248    40.185     4.636    45.745   350.581   443.010
 121.0520833     9.000   -72.536   215.949    -0.099    59.255    79.247    46.304    45.106     3.911    41.211   365.056   444.215
 121.0520833     8.500   -51.534   179.705    -0.071    48.037    64.245    38.262    48.079     3.268    36.656   378.218   445.518
 121.0520833     8.000   -34.601   149.165    -0.051    38.801    51.893    31.507    49.210     2.738    32.359   389.431   446.841
 121.0520833     7.500   -21.595   124.262    -0.037    31.432    42.037    26.009    48.931     2.317    28.430   398.713   448.151
 121.0520833     7.000   -11.982   104.306    -0.026    25.645    34.297    21.609    47.695     1.991    24.904   406.292   449.431
 121.0520833     6.500    -5.098    88.416    -0.019    21.136    28.267    18.118    45.881     1.743    21.781   412.446   450.669
 121.0520833     6.000    -0.351    75.764    -0.014    17.634    23.584    15.361    43.775     1.560    19.041   417.429   451.860
 121.0520833     5.500     2.790    65.632    -0.010    14.916    19.948    13.189    41.582     1.427    16.656   421.468   452.987
 121.0520833     5.000     4.737    57.442    -0.007    12.805    17.126    11.479    39.436     1.333    14.597   424.746   454.039
 121.0520833     4.500     5.859    50.690    -0.005    11.166    14.933    10.135    37.426     1.268    12.837   427.408   455.001
 121.0520833     4.000     6.361    45.056    -0.004     9.893    13.231     9.080    35.603     1.226    11.350   429.564   455.863
 121.0520833     3.500     6.446    40.254    -0.003     8.908    11.914     8.258    33.996     1.199    10.111   431.304   456.608
 121.0520833     3.000     6.266    36.054    -0.002     8.151    10.902     7.621    32.616     1.182     9.101   432.695   457.231
 121.0520833     2.500     5.901    32.310    -0.001     7.578    10.134     7.136    31.467     1.172     8.298   433.786   457.728
 121.0520833     2.000     5.412    28.900    -0.001     7.153     9.567     6.777    30.543     1.166     7.686   434.618   458.097
 121.0520833     1.500     4.839    25.716    -0.001     6.852     9.164     6.521    29.837     1.161     7.246   435.221   458.344
 121.0520833     1.000     4.213    22.647    -0.001     6.654     8.899     6.354    29.338     1.156     6.958   435.616   458.483
 121.0520833     0.500     3.566    19.574    -0.000     0.000     0.000     0.000     0.000     0.000     0.000     0.000     0.000
 121.0729167    23.000  -111.136   211.544    -0.253     0.000     0.000     0.000     0.000     0.000     0.000     0.000     0.000
 121.0729167    22.500  -111.450   211.291    -0.253     0.000     0.000     0.000     0.000     0.000     0.000     0.000     0.000
 121.0729167    22.000  -111.763   211.028    -0.253     0.000     0.000     0.000     0.000     0.000     0.000     0.000     0.000
 121.0729167    21.500  -112.073   210.755    -0.253     0.000     0.000     0.000     0.000     0.000     0.000     0.000     0.000
 121.0729167    21.000  -112.382   210.472    -0.253     0.000     0.000     0.000     0.000     0.000     0.000     0.000     0.000
 121.0729167    20.500  -112.688   210.179    -0.253     0.000     0.000     0.000     0.000     0.000     0.000     0.000     0.000
 121.0729167    20.000  -112.992   209.876    -0.253     0.000     0.000     0.000     0.000     0.000     0.000     0.000     0.000
 121.0729167    19.500  -113.294   209.562    -0.253     0.000     0.000     0.000     0.000     0.000     0.000     0.000     0.000
 121.0729167    19.000  -113.594   209.238    -0.253     0.000     0.000     0.000     0.000     0.000     0.000     0.000     0.000
 121.0729167    18.500  -113.892   208.903    -0.253     0.000     0.000     0.000     0.000     0.000     0.000     0.000     0.000
 121.0729167    18.000  -114.187   208.558    -0.253     0.000     0.000     0.000     0.000     0.000     0.000     0.000     0.000
 121.0729167    17.500  -114.480   208.201    -0.253     0.000     0.000     0.000     0.000     0.000     0.000     0.000     0.000
 121.0729167    17.000  -114.771   207.834    -0.253     0.000     0.000     0.000     0.000     0.000     0.000     0.000     0.000
 121.0729167    16.500  -115.060   207.455    -0.253     0.000     0.000     0.000     0.000     0.000     0.000     0.000     0.000
 121.0729167    16.000  -115.346   207.065    -0.253     0.000     0.000     0.000     0.000     0.000     0.000     0.000     0.000
 121.0729167    15.500  -115.629   206.663    -0.253     0.000     0.000     0.000     0.000     0.000     0.000     0.000     0.000
 121.0729167    15.000  -115.910   206.250    -0.253     0.000     0.000     0.000     0.000     0.000     0.000     0.000     0.000
 121.0729167    14.500  -116.189   205.825    -0.253     0.000     0.000     0.000     0.000     0.000     0.000     0.000     0.000
 121.0729167    14.000  -116.465   205.388    -0.253     0.000     0.000     0.000     0.000     0.000     0.000     0.000     0.000
 121.0729167    13.500  -116.738   204.938    -0.253     0.000     0.000     0.000     0.000     0.000     0.000     0.000     0.000
 121.0729167    13.000  -117.008   204.475    -0.253     0.000     0.000     0.000     0.000     0.000     0.000     0.000     0.000
 121.0729167    12.500  -117.276   204.000    -0.253     0.000     0.000     0.000     0.000     0.000     0.000     0.000     0.000
 121.0729167    12.000  -117.541   203.511    -0.253     0.000     0.000     0.000     0.000     0.000     0.000     0.000     0.000
 121.0729167    11.500  -117.802   203.007    -0.253     0.000     0.000     0.000     0.000     0.000     0.000     0.000     0.000
 121.0729167    11.000  -118.060   202.489    -0.253     0.000     0.000     0.000     0.000     0.000     0.000     0.000     0.000
 121.0729167    10.500  -118.315   201.956    -0.253     0.000     0.000     0.000     0.000     0.000     0.000     0.000     0.000
 121.0729167    10.000  -118.566   201.406    -0.253    43.368    60.717    49.112    31.763     3.462    31.944   336.180   438.096
 121.0729167     9.500   -98.144   175.618    -0.184    37.218    52.108    42.985    33.996     3.036    29.492   348.220   438.882
 121.0729167     9.000   -74.706   145.954    -0.134    30.231    42.326    35.855    35.744     2.543    26.393   362.504   439.960
 121.0729167     8.500   -54.233   119.594    -0.098    24.155    33.819    29.475    36.345     2.109    23.324   375.500   441.093
 121.0729167     8.000   -37.698    97.740    -0.072    19.225    26.916    24.143    35.945     1.752    20.468   386.566   442.214
 121.0729167     7.500   -24.963    80.272    -0.052    15.349    21.489    19.824    34.836     1.470    17.887   395.714   443.300
 121.0729167     7.000   -15.403    66.492    -0.038    12.348    17.288    16.385    33.293     1.252    15.595   403.161   444.348
 121.0729167     6.500    -8.481    55.794    -0.028    10.042    14.059    13.670    31.536     1.087    13.582   409.183   445.354
 121.0729167     6.000    -3.580    47.491    -0.020     8.274    11.584    11.535    29.721     0.964    11.829   414.037   446.317
 121.0729167     5.500    -0.202    41.020    -0.015     6.918     9.685     9.860    27.953     0.874    10.312   417.943   447.234
 121.0729167     5.000     2.022    35.969    -0.011     5.877     8.228     8.546    26.299     0.809     9.010   421.087   448.100
 121.0729167     4.500     3.410    31.987    -0.008     5.076     7.107     7.517    24.795     0.764     7.900   423.615   448.902
 121.0729167     4.000     4.190    28.827    -0.006     4.460     6.244     6.712    23.463     0.732     6.965   425.646   449.630
 121.0729167     3.500     4.535    26.299    -0.004     3.987     5.582     6.085    22.309     0.712     6.188   427.270   450.270
 121.0729167     3.000     4.601    24.228    -0.003     3.626     5.076     5.601    21.331     0.698     5.555   428.552   450.816
 121.0729167     2.500     4.469    22.524    -0.002     3.354     4.695     5.233    20.525     0.688     5.053   429.549   451.259
 121.0729167     2.000     4.215    21.098    -0.002     3.153     4.415     4.960    19.883     0.682     4.670   430.302   451.596
 121.0729167     1.500     3.894    19.875    -0.001     3.012     4.216     4.766    19.396     0.677     4.394   430.838   451.831
 121.0729167     1.000     3.536    18.806    -0.001     2.919     4.086     4.639    19.054     0.672     4.213   431.182   451.973
 121.0729167     0.500     3.165    17.851    -0.001     0.000     0.000     0.000     0.000     0.000     0.000     0.000     0.000
 121.0937500    23.000   -99.675   120.162    -0.352     0.000     0.000     0.000     0.000     0.000     0.000     0.000     0.000
 121.0937500    22.500   -99.949   120.025    -0.352     0.000     0.000     0.000     0.000     0.000     0.000     0.000     0.000
 121.0937500    22.000  -100.220   119.882    -0.352     0.000     0.000     0.000     0.000     0.000     0.000     0.000     0.000
 121.0937500    21.500  -100.487   119.731    -0.352     0.000     0.000     0.000     0.000     0.000     0.000     0.000     0.000
 121.0937500    21.000  -100.752   119.573    -0.352     0.000     0.000     0.000     0.000     0.000     0.000     0.000     0.000
 121.0937500    20.500  -101.014   119.407    -0.352     0.000     0.000     0.000     0.000     0.000     0.000     0.000     0.000
 121.0937500    20.000  -101.273   119.235    -0.352     0.000     0.000     0.000     0.000     0.000     0.000     0.000     0.000
 121.0937500    19.500  -101.529   119.055    -0.352     0.000     0.000     0.000     0.000     0.000     0.000     0.000     0.000
 121.0937500    19.000  -101.782   118.867    -0.352     0.000     0.000     0.000     0.000     0.000     0.000     0.000     0.000
 121.0937500    18.500  -102.032   118.672    -0.352     0.000     0.000     0.000     0.000     0.000     0.000     0.000     0.000
 121.0937500    18.000  -102.278   118.469    -0.352     0.000     0.000     0.000     0.000     0.000     0.000     0.000     0.000
 121.0937500    17.500  -102.522   118.258    -0.352     0.000     0.000     0.000     0.000     0.000     0.000     0.000     0.000
 121.0937500    17.000  -102.762   118.039    -0.352     0.000     0.000     0.000     0.000     0.000     0.000     0.000     0.000
 121.0937500    16.500  -102.999   117.811    -0.352     0.000     0.000     0.000     0.000     0.000     0.000     0.000     0.000
 121.0937500    16.000  -103.232   117.576    -0.352     0.000     0.000     0.000     0.000     0.000     0.000     0.000     0.000
 121.0937500    15.500  -103.463   117.331    -0.352     0.000     0.000     0.000     0.000     0.000     0.000     0.000     0.000
 121.0937500    15.000  -103.689   117.078    -0.352     0.000     0.000     0.000     0.000     0.000     0.000     0.000     0.000
 121.0937500    14.500  -103.912   116.816    -0.352     0.000     0.000     0.000     0.000     0.000     0.000     0.000     0.000
 121.0937500    14.000  -104.132   116.545    -0.352     0.000     0.000     0.000     0.000     0.000     0.000     0.000     0.000
 121.0937500    13.500  -104.348   116.265    -0.352     0.000     0.000     0.000     0.000     0.000     0.000     0.000     0.000
 121.0937500    13.000  -104.560   115.974    -0.352     0.000     0.000     0.000     0.000     0.000     0.000     0.000     0.000
 121.0937500    12.500  -104.768   115.674    -0.352     0.000     0.000     0.000     0.000     0.000     0.000     0.000     0.000
 121.0937500    12.000  -104.972   115.364    -0.352     0.000     0.000     0.000     0.000     0.000     0.000     0.000     0.000
 121.0937500    11.500  -105.172   115.043    -0.352     0.000     0.000     0.000     0.000     0.000     0.000     0.000     0.000
 121.0937500    11.000  -105.368   114.710    -0.352     0.000     0.000     0.000     0.000     0.000     0.000     0.000     0.000
 121.0937500    10.500  -105.559   114.366    -0.352     0.000     0.000     0.000     0.000     0.000     0.000     0.000     0.000
 121.0937500    10.000  -105.746   114.009    -0.352    16.675    24.529    29.857    22.002     1.816    16.532   333.803   436.241
 121.0937500     9.500   -88.190    99.207    -0.261    14.015    20.617    26.068    22.448     1.582    15.144   346.043   436.874
 121.0937500     9.000   -68.039    82.487    -0.194    11.066    16.278    21.668    22.484     1.314    13.424   360.552   437.716
 121.0937500     8.500   -50.497    68.004    -0.144     8.575    12.615    17.743    21.980     1.079    11.756   373.727   438.565
 121.0937500     8.000   -36.354    56.338    -0.106     6.616     9.732    14.474    21.071     0.888    10.234   384.914   439.370
 121.0937500     7.500   -25.373    47.219    -0.079     5.122     7.535    11.835    19.917     0.738     8.881   394.120   440.123
 121.0937500     7.000   -17.124    40.289    -0.058     4.000     5.885     9.741    18.655     0.622     7.696   401.583   440.817
 121.0937500     6.500   -11.028    35.038    -0.043     3.163     4.652     8.094    17.383     0.535     6.668   407.581   441.462
 121.0937500     6.000    -6.621    31.086    -0.032     2.538     3.733     6.804    16.163     0.470     5.781   412.381   442.062
 121.0937500     5.500    -3.456    28.057    -0.024     2.071     3.046     5.794    15.033     0.422     5.020   416.215   442.622
 121.0937500     5.000    -1.289    25.788    -0.018     1.720     2.531     5.005    14.015     0.387     4.370   419.280   443.137
 121.0937500     4.500     0.175    24.030    -0.013     1.457     2.143     4.388    13.115     0.362     3.820   421.723   443.607
 121.0937500     4.000     1.130    22.629    -0.010     1.257     1.850     3.907    12.334     0.345     3.357   423.663   444.033
 121.0937500     3.500     1.719    21.486    -0.007     1.107     1.629     3.533    11.669     0.333     2.974   425.194   444.409
 121.0937500     3.000     2.050    20.518    -0.005     0.994     1.462     3.245    11.114     0.324     2.663   426.389   444.731
 121.0937500     2.500     2.199    19.674    -0.004     0.910     1.338     3.026    10.661     0.318     2.416   427.304   444.996
 121.0937500     2.000     2.207    18.935    -0.003     0.848     1.247     2.864    10.303     0.314     2.227   427.984   445.200
 121.0937500     1.500     2.132    18.248    -0.002     0.805     1.184     2.749    10.034     0.310     2.092   428.461   445.345
 121.0937500     1.000     1.996    17.601    -0.002     0.777     1.143     2.673     9.846     0.307     2.002   428.762   445.435
 121.0937500     0.500     1.811    16.983    -0.001     0.000     0.000     0.000     0.000     0.000     0.000     0.000     0.000
 121.1145833    23.000   -70.802    48.406    -0.279     0.000     0.000     0.000     0.000     0.000     0.000     0.000     0.000
 121.1145833    22.500   -71.097    48.067    -0.279     0.000     0.000     0.000     0.000     0.000     0.000     0.000     0.000
 121.1145833    22.000   -71.392    47.726    -0.279     0.000     0.000     0.000     0.000     0.000     0.000     0.000     0.000
 121.1145833    21.500   -71.688    47.384    -0.279     0.000     0.000     0.000     0.000     0.000     0.000     0.000     0.000
 121.1145833    21.000   -71.983    47.040    -0.279     0.000     0.000     0.000     0.000     0.000     0.000     0.000     0.000
 121.1145833    20.500   -72.278    46.695    -0.279     0.000     0.000     0.000     0.000     0.000     0.000     0.000     0.000
 121.1145833    20.000   -72.573    46.348    -0.279     0.000     0.000     0.000     0.000     0.000     0.000     0.000     0.000
 121.1145833    19.500   -72.868    46.000    -0.279     0.000     0.000     0.000     0.000     0.000     0.000     0.000     0.000
 121.1145833    19.000   -73.163    45.650    -0.279     0.000     0.000     0.000     0.000     0.000     0.000     0.000     0.000
 121.1145833    18.500   -73.457    45.299    -0.279     0.000     0.000     0.000     0.000     0.000     0.000     0.000     0.000
 121.1145833    18.000   -73.752    44.945    -0.279     0.000     0.000     0.000     0.000     0.000     0.000     0.000     0.000
 121.1145833    17.500   -74.047    44.590    -0.279     0.000     0.000     0.000     0.000     0.000     0.000     0.000     0.000
 121.1145833    17.000   -74.341    44.233    -0.279     0.000     0.000     0.000     0.000     0.000     0.000     0.000     0.000
 121.1145833    16.500   -74.636    43.874    -0.279     0.000     0.000     0.000     0.000     0.000     0.000     0.000     0.000
 121.1145833    16.000   -74.930    43.513    -0.279     0.000     0.000     0.000     0.000     0.000     0.000     0.000     0.000
 121.1145833    15.500   -75.225    43.149    -0.279     0.000     0.000     0.000     0.000     0.000     0.000     0.000     0.000
 121.1145833    15.000   -75.519    42.783    -0.279     0.000     0.000     0.000     0.000     0.000     0.000     0.000     0.000
 121.1145833    14.500   -75.813    42.415    -0.279     0.000     0.000     0.000     0.000     0.000     0.000     0.000     0.000
 121.1145833    14.000   -76.107    42.044    -0.279     0.000     0.000     0.000     0.000     0.000     0.000     0.000     0.000
 121.1145833    13.500   -76.400    41.671    -0.279     0.000     0.000     0.000     0.000     0.000     0.000     0.000     0.000
 121.1145833    13.000   -76.694    41.295    -0.279     0.000     0.000     0.000     0.000     0.000     0.000     0.000     0.000
 121.1145833    12.500   -76.987    40.916    -0.279     0.000     0.000     0.000     0.000     0.000     0.000     0.000     0.000
 121.1145833    12.000   -77.281    40.534    -0.279     0.000     0.000     0.000     0.000     0.000     0.000     0.000     0.000
 121.1145833    11.500   -77.574    40.149    -0.279     0.000     0.000     0.000     0.000     0.000     0.000     0.000     0.000
 121.1145833    11.000   -77.866    39.760    -0.279     0.000     0.000     0.000     0.000     0.000     0.000     0.000     0.000
 121.1145833    10.500   -78.159    39.368    -0.279     0.000     0.000     0.000     0.000     0.000     0.000     0.000     0.000
 121.1145833    10.000   -78.451    38.971    -0.279     3.271     5.063     9.060     7.268     0.505     4.568   330.049   432.568
 121.1145833     9.500   -65.966    35.277    -0.206     2.563     3.968     7.904     7.287     0.433     4.105   342.442   433.037
 121.1145833     9.000   -51.560    31.435    -0.153     1.840     2.848     6.560     7.127     0.353     3.561   357.097   433.655
 121.1145833     8.500   -38.983    28.373    -0.113     1.287     1.992     5.359     6.797     0.285     3.062   370.360   434.266
 121.1145833     8.000   -28.798    26.116    -0.084     0.894     1.384     4.360     6.364     0.231     2.627   381.572   434.831
 121.1145833     7.500   -20.785    24.425    -0.062     0.624     0.966     3.554     5.887     0.189     2.255   390.752   435.352
 121.1145833     7.000   -14.615    23.148    -0.046     0.441     0.683     2.916     5.410     0.158     1.938   398.145   435.835
 121.1145833     6.500    -9.925    22.147    -0.034     0.317     0.491     2.415     4.959     0.135     1.669   404.046   436.286
 121.1145833     6.000    -6.400    21.326    -0.025     0.233     0.361     2.024     4.547     0.117     1.441   408.736   436.713
 121.1145833     5.500    -3.780    20.626    -0.019     0.175     0.271     1.718     4.179     0.105     1.247   412.455   437.118
 121.1145833     5.000    -1.847    19.984    -0.014     0.135     0.209     1.480     3.858     0.096     1.083   415.398   437.505
 121.1145833     4.500    -0.447    19.386    -0.010     0.107     0.166     1.294     3.581     0.089     0.944   417.724   437.871
 121.1145833     4.000     0.536    18.827    -0.008     0.087     0.135     1.150     3.345     0.084     0.829   419.557   438.210
 121.1145833     3.500     1.195    18.300    -0.006     0.073     0.113     1.038     3.148     0.081     0.733   420.994   438.516
 121.1145833     3.000     1.602    17.804    -0.004     0.063     0.097     0.951     2.985     0.078     0.655   422.107   438.785
 121.1145833     2.500     1.810    17.337    -0.003     0.055     0.086     0.886     2.854     0.077     0.594   422.954   439.010
 121.1145833     2.000     1.865    16.894    -0.002     0.050     0.078     0.837     2.752     0.075     0.547   423.577   439.188
 121.1145833     1.500     1.798    16.476    -0.002     0.047     0.072     0.803     2.675     0.074     0.513   424.012   439.318
 121.1145833     1.000     1.634    16.078    -0.001     0.044     0.069     0.780     2.622     0.074     0.490   424.283   439.400
 121.1145833     0.500     1.392    15.699    -0.001     0.000     0.000     0.000     0.000     0.000     0.000     0.000     0.000
 121.1354167    23.000   -71.602    43.862    -0.242     0.000     0.000     0.000     0.000     0.000     0.000     0.000     0.000
 121.1354167    22.500   -71.874    43.289    -0.242     0.000     0.000     0.000     0.000     0.000     0.000     0.000     0.000
 121.1354167    22.000   -72.147    42.716    -0.242     0.000     0.000     0.000     0.000     0.000     0.000     0.000     0.000
 121.1354167    21.500   -72.421    42.144    -0.242     0.000     0.000     0.000     0.000     0.000     0.000     0.000     0.000
 121.1354167    21.000   -72.695    41.571    -0.242     0.000     0.000     0.000     0.000     0.000     0.000     0.000     0.000
 121.1354167    20.500   -72.969    40.999    -0.242     0.000     0.000     0.000     0.000     0.000     0.000     0.000     0.000
 121.1354167    20.000   -73.245    40.426    -0.242     0.000     0.000     0.000     0.000     0.000     0.000     0.000     0.000
 121.1354167    19.500   -73.521    39.854    -0.242     0.000     0.000     0.000     0.000     0.000     0.000     0.000     0.000
 121.1354167    19.000   -73.798    39.282    -0.242     0.000     0.000     0.000     0.000     0.000     0.000     0.000     0.000
 121.1354167    18.500   -74.076    38.710    -0.242     0.000     0.000     0.000     0.000     0.000     0.000     0.000     0.000
 121.1354167    18.000   -74.354    38.137    -0.242     0.000     0.000     0.000     0.000     0.000     0.000     0.000     0.000
 121.1354167    17.500   -74.634    37.565    -0.242     0.000     0.000     0.000     0.000     0.000     0.000     0.000     0.000
 121.1354167    17.000   -74.914    36.994    -0.242     0.000     0.000     0.000     0.000     0.000     0.000     0.000     0.000
 121.1354167    16.500   -75.194    36.422    -0.242     0.000     0.000     0.000     0.000     0.000     0.000     0.000     0.000
 121.1354167    16.000   -75.476    35.850    -0.242     0.000     0.000     0.000     0.000     0.000     0.000     0.000     0.000
 121.1354167    15.500   -75.758    35.278    -0.242     0.000     0.000     0.000     0.000     0.000     0.000     0.000     0.000
 121.1354167    15.000   -76.042    34.706    -0.242     0.000     0.000     0.000     0.000     0.000     0.000     0.000     0.000
 121.1354167    14.500   -76.326    34.135    -0.242     0.000     0.000     0.000     0.000     0.000     0.000     0.000     0.000
 121.1354167    14.000   -76.611    33.563    -0.242     0.000     0.000     0.000     0.000     0.000     0.000     0.000     0.000
 121.1354167    13.500   -76.897    32.992    -0.242     0.000     0.000     0.000     0.000     0.000     0.000     0.000     0.000
 121.1354167    13.000   -77.183    32.420    -0.242     0.000     0.000     0.000     0.000     0.000     0.000     0.000     0.000
 121.1354167    12.500   -77.471    31.849    -0.242     0.000     0.000     0.000     0.000     0.000     0.000     0.000     0.000
 121.1354167    12.000   -77.759    31.278    -0.242     0.000     0.000     0.000     0.000     0.000     0.000     0.000     0.000
 121.1354167    11.500   -78.049    30.707    -0.242     0.000     0.000     0.000     0.000     0.000     0.000     0.000     0.000
 121.1354167    11.000   -78.340    30.136    -0.242     0.000     0.000     0.000     0.000     0.000     0.000     0.000     0.000
 121.1354167    10.500   -78.632    29.565    -0.242     0.000     0.000     0.000     0.000     0.000     0.000     0.000     0.000
 121.1354167    10.000   -78.925    28.994    -0.242     0.233     0.377     0.878     0.734     0.049     0.446   326.542   427.256
 121.1354167     9.500   -67.455    28.090    -0.178     0.070     0.113     0.771     0.789     0.036     0.332   338.776   427.648
 121.1354167     9.000   -53.904    27.245    -0.131     0.014     0.022     0.639     0.751     0.028     0.270   353.213   428.183
 121.1354167     8.500   -41.730    26.425    -0.097     0.002     0.004     0.520     0.681     0.023     0.233   366.244   428.729
 121.1354167     8.000   -31.553    25.610    -0.071     0.000     0.001     0.421     0.611     0.019     0.203   377.230   429.253
 121.1354167     7.500   -23.339    24.802    -0.052     0.000     0.000     0.341     0.547     0.016     0.177   386.206   429.751
 121.1354167     7.000   -16.847    24.003    -0.039     0.000     0.000     0.279     0.490     0.013     0.154   393.421   430.225
 121.1354167     6.500   -11.793    23.219    -0.028     0.000     0.000     0.230     0.442     0.012     0.134   399.172   430.680
 121.1354167     6.000    -7.907    22.451    -0.021     0.000     0.000     0.193     0.400     0.010     0.116   403.737   431.119
 121.1354167     5.500    -4.954    21.702    -0.015     0.000     0.000     0.163     0.364     0.009     0.101   407.354   431.542
 121.1354167     5.000    -2.743    20.972    -0.011     0.000     0.000     0.140     0.333     0.008     0.088   410.216   431.950
 121.1354167     4.500    -1.117    20.263    -0.008     0.000     0.000     0.123     0.308     0.008     0.077   412.479   432.336
 121.1354167     4.000     0.048    19.575    -0.006     0.000     0.000     0.109     0.286     0.007     0.068   414.262   432.697
 121.1354167     3.500     0.853    18.908    -0.005     0.000     0.000     0.098     0.269     0.007     0.060   415.660   433.024
 121.1354167     3.000     1.373    18.261    -0.003     0.000     0.000     0.090     0.254     0.007     0.054   416.743   433.312
 121.1354167     2.500     1.672    17.635    -0.002     0.000     0.000     0.084     0.243     0.007     0.049   417.566   433.555
 121.1354167     2.000     1.794    17.028    -0.002     0.000     0.000     0.079     0.234     0.007     0.045   418.172   433.748
 121.1354167     1.500     1.778    16.438    -0.001     0.000     0.000     0.076     0.227     0.007     0.042   418.594   433.890
 121.1354167     1.000     1.649    15.865    -0.001     0.000     0.000     0.074     0.222     0.007     0.041   418.857   433.980
 121.1354167     0.500     1.429    15.306    -0.001     0.000     0.000     0.000     0.000     0.000     0.000     0.000     0.000
 121.1562500    23.000   -64.417    27.678    -0.255     0.000     0.000     0.000     0.000     0.000     0.000     0.000     0.000
 121.1562500    22.500   -64.850    27.518    -0.255     0.000     0.000     0.000     0.000     0.000     0.000     0.000     0.000
 121.1562500    22.000   -65.282    27.356    -0.255     0.000     0.000     0.000     0.000     0.000     0.000     0.000     0.000
 121.1562500    21.500   -65.712    27.190    -0.255     0.000     0.000     0.000     0.000     0.000     0.000     0.000     0.000
 121.1562500    21.000   -66.139    27.023    -0.255     0.000     0.000     0.000     0.000     0.000     0.000     0.000     0.000
 121.1562500    20.500   -66.565    26.853    -0.255     0.000     0.000     0.000     0.000     0.000     0.000     0.000     0.000
 121.1562500    20.000   -66.989    26.680    -0.255     0.000     0.000     0.000     0.000     0.000     0.000     0.000     0.000
 121.1562500    19.500   -67.410    26.504    -0.255     0.000     0.000     0.000     0.000     0.000     0.000     0.000     0.000
 121.1562500    19.000   -67.830    26.327    -0.255     0.000     0.000     0.000     0.000     0.000     0.000     0.000     0.000
 121.1562500    18.500   -68.247    26.146    -0.255     0.000     0.000     0.000     0.000     0.000     0.000     0.000     0.000
 121.1562500    18.000   -68.663    25.963    -0.255     0.000     0.000     0.000     0.000     0.000     0.000     0.000     0.000
 121.1562500    17.500   -69.076    25.778    -0.255     0.000     0.000     0.000     0.000     0.000     0.000     0.000     0.000
 121.1562500    17.000   -69.488    25.590    -0.255     0.000     0.000     0.000     0.000     0.000     0.000     0.000     0.000
 121.1562500    16.500   -69.897    25.400    -0.255     0.000     0.000     0.000     0.000     0.000     0.000     0.000     0.000
 121.1562500    16.000   -70.304    25.207    -0.255     0.000     0.000     0.000     0.000     0.000     0.000     0.000     0.000
 121.1562500    15.500   -70.709    25.012    -0.255     0.000     0.000     0.000     0.000     0.000     0.000     0.000     0.000
 121.1562500    15.000   -71.112    24.815    -0.255     0.000     0.000     0.000     0.000     0.000     0.000     0.000     0.000
 121.1562500    14.500   -71.513    24.615    -0.255     0.000     0.000     0.000     0.000     0.000     0.000     0.000     0.000
 121.1562500    14.000   -71.911    24.413    -0.255     0.000     0.000     0.000     0.000     0.000     0.000     0.000     0.000
 121.1562500    13.500   -72.308    24.208    -0.255     0.000     0.000     0.000     0.000     0.000     0.000     0.000     0.000
 121.1562500    13.000   -72.702    24.002    -0.255     0.000     0.000     0.000     0.000     0.000     0.000     0.000     0.000
 121.1562500    12.500   -73.094    23.792    -0.255     0.000     0.000     0.000     0.000     0.000     0.000     0.000     0.000
 121.1562500    12.000   -73.483    23.581    -0.255     0.000     0.000     0.000     0.000     0.000     0.000     0.000     0.000
 121.1562500    11.500   -73.870    23.367    -0.255     0.000     0.000     0.000     0.000     0.000     0.000     0.000     0.000
 121.1562500    11.000   -74.255    23.151    -0.255     0.000     0.000     0.000     0.000     0.000     0.000     0.000     0.000
 121.1562500    10.500   -74.637    22.932    -0.255     0.000     0.000     0.000     0.000     0.000     0.000     0.000     0.000
 121.1562500    10.000   -75.016    22.711    -0.255     0.000     0.000     0.000     0.000     0.000     0.000   325.301   422.305
 121.1562500     9.500   -63.928    22.328    -0.189     0.000     0.000     0.000     0.000     0.000     0.000   337.068   422.701
 121.1562500     9.000   -50.825    21.885    -0.139     0.000     0.000     0.000     0.000     0.000     0.000   350.958   423.242
 121.1562500     8.500   -39.073    21.422    -0.103     0.000     0.000     0.000     0.000     0.000     0.000   363.497   423.797
 121.1562500     8.000   -29.265    20.952    -0.076     0.000     0.000     0.000     0.000     0.000     0.000   374.072   424.337
 121.1562500     7.500   -21.367    20.482    -0.056     0.000     0.000     0.000     0.000     0.000     0.000   382.714   424.855
 121.1562500     7.000   -15.145    20.017    -0.042     0.000     0.000     0.000     0.000     0.000     0.000   389.664   425.354
 121.1562500     6.500   -10.321    19.560    -0.031     0.000     0.000     0.000     0.000     0.000     0.000   395.205   425.838
 121.1562500     6.000    -6.632    19.114    -0.023     0.000     0.000     0.000     0.000     0.000     0.000   399.606   426.309
 121.1562500     5.500    -3.850    18.678    -0.017     0.000     0.000     0.000     0.000     0.000     0.000   403.094   426.768
 121.1562500     5.000    -1.788    18.254    -0.012     0.000     0.000     0.000     0.000     0.000     0.000   405.857   427.211
 121.1562500     4.500    -0.292    17.842    -0.009     0.000     0.000     0.000     0.000     0.000     0.000   408.042   427.634
 121.1562500     4.000     0.761    17.442    -0.007     0.000     0.000     0.000     0.000     0.000     0.000   409.766   428.029
 121.1562500     3.500     1.467    17.053    -0.005     0.000     0.000     0.000     0.000     0.000     0.000   411.119   428.389
 121.1562500     3.000     1.904    16.673    -0.004     0.000     0.000     0.000     0.000     0.000     0.000   412.167   428.706
 121.1562500     2.500     2.130    16.301    -0.003     0.000     0.000     0.000     0.000     0.000     0.000   412.966   428.973
 121.1562500     2.000     2.191    15.936    -0.002     0.000     0.000     0.000     0.000     0.000     0.000   413.554   429.186
 121.1562500     1.500     2.123    15.575    -0.001     0.000     0.000     0.000     0.000     0.000     0.000   413.963   429.343
 121.1562500     1.000     1.951    15.216    -0.001     0.000     0.000     0.000     0.000     0.000     0.000   414.219   429.442
 121.1562500     0.500     1.695    14.855    -0.001     0.000     0.000     0.000     0.000     0.000     0.000     0.000     0.000
 121.1770833    23.000   -40.428     7.074    -0.295     0.000     0.000     0.000     0.000     0.000     0.000     0.000     0.000
 121.1770833    22.500   -41.161     7.253    -0.295     0.000     0.000     0.000     0.000     0.000     0.000     0.000     0.000
 121.1770833    22.000   -41.893     7.433    -0.295     0.000     0.000     0.000     0.000     0.000     0.000     0.000     0.000
 121.1770833    21.500   -42.624     7.613    -0.295     0.000     0.000     0.000     0.000     0.000     0.000     0.000     0.000
 121.1770833    21.000   -43.352     7.794    -0.295     0.000     0.000     0.000     0.000     0.000     0.000     0.000     0.000
 121.1770833    20.500   -44.080     7.976    -0.295     0.000     0.000     0.000     0.000     0.000     0.000     0.000     0.000
 121.1770833    20.000   -44.805     8.158    -0.295     0.000     0.000     0.000     0.000     0.000     0.000     0.000     0.000
 121.1770833    19.500   -45.529     8.341    -0.295     0.000     0.000     0.000     0.000     0.000     0.000     0.000     0.000
 121.1770833    19.000   -46.252     8.524    -0.295     0.000     0.000     0.000     0.000     0.000     0.000     0.000     0.000
 121.1770833    18.500   -46.973     8.708    -0.295     0.000     0.000     0.000     0.000     0.000     0.000     0.000     0.000
 121.1770833    18.000   -47.692     8.893    -0.295     0.000     0.000     0.000     0.000     0.000     0.000     0.000     0.000
 121.1770833    17.500   -48.409     9.078    -0.295     0.000     0.000     0.000     0.000     0.000     0.000     0.000     0.000
 121.1770833    17.000   -49.125     9.264    -0.295     0.000     0.000     0.000     0.000     0.000     0.000     0.000     0.000
 121.1770833    16.500   -49.839     9.450    -0.295     0.000     0.000     0.000     0.000     0.000     0.000     0.000     0.000
 121.1770833    16.000   -50.551     9.637    -0.295     0.000     0.000     0.000     0.000     0.000     0.000     0.000     0.000
 121.1770833    15.500   -51.261     9.824    -0.295     0.000     0.000     0.000     0.000     0.000     0.000     0.000     0.000
 121.1770833    15.000   -51.970    10.012    -0.295     0.000     0.000     0.000     0.000     0.000     0.000     0.000     0.000
 121.1770833    14.500   -52.676    10.200    -0.295     0.000     0.000     0.000     0.000     0.000     0.000     0.000     0.000
 121.1770833    14.000   -53.381    10.388    -0.295     0.000     0.000     0.000     0.000     0.000     0.000     0.000     0.000
 121.1770833    13.500   -54.083    10.578    -0.295     0.000     0.000     0.000     0.000     0.000     0.000     0.000     0.000
 121.1770833    13.000   -54.783    10.767    -0.295     0.000     0.000     0.000     0.000     0.000     0.000     0.000     0.000
 121.1770833    12.500   -55.482    10.957    -0.295     0.000     0.000     0.000     0.000     0.000     0.000     0.000     0.000
 121.1770833    12.000   -56.178    11.147    -0.295     0.000     0.000     0.000     0.000     0.000     0.000     0.000     0.000
 121.1770833    11.500   -56.872    11.338    -0.295     0.000     0.000     0.000     0.000     0.000     0.000     0.000     0.000
 121.1770833    11.000   -57.563    11.529    -0.295     0.000     0.000     0.000     0.000     0.000     0.000     0.000     0.000
 121.1770833    10.500   -58.252    11.720    -0.295     0.000     0.000     0.000     0.000     0.000     0.000     0.000     0.000
 121.1770833    10.000   -58.938    11.912    -0.295     0.000     0.000     0.000     0.000     0.000     0.000   319.770   413.867
 121.1770833     9.500   -48.774    11.973    -0.221     0.000     0.000     0.000     0.000     0.000     0.000   331.096   414.354
 121.1770833     9.000   -36.738    11.988    -0.165     0.000     0.000     0.000     0.000     0.000     0.000   344.476   415.029
 121.1770833     8.500   -26.034    11.989    -0.123     0.000     0.000     0.000     0.000     0.000     0.000   356.567   415.751
 121.1770833     8.000   -17.224    11.987    -0.092     0.000     0.000     0.000     0.000     0.000     0.000   366.775   416.490
 121.1770833     7.500   -10.274    11.988    -0.069     0.000     0.000     0.000     0.000     0.000     0.000   375.129   417.238
 121.1770833     7.000    -4.953    11.996    -0.051     0.000     0.000     0.000     0.000     0.000     0.000   381.860   417.996
 121.1770833     6.500    -0.992    12.015    -0.038     0.000     0.000     0.000     0.000     0.000     0.000   387.239   418.763
 121.1770833     6.000     1.870    12.046    -0.029     0.000     0.000     0.000     0.000     0.000     0.000   391.523   419.538
 121.1770833     5.500     3.858    12.091    -0.021     0.000     0.000     0.000     0.000     0.000     0.000   394.932   420.313
 121.1770833     5.000     5.161    12.150    -0.016     0.000     0.000     0.000     0.000     0.000     0.000   397.643   421.077
 121.1770833     4.500     5.935    12.224    -0.012     0.000     0.000     0.000     0.000     0.000     0.000   399.799   421.817
 121.1770833     4.000     6.306    12.313    -0.009     0.000     0.000     0.000     0.000     0.000     0.000   401.509   422.515
 121.1770833     3.500     6.376    12.417    -0.007     0.000     0.000     0.000     0.000     0.000     0.000   402.859   423.155
 121.1770833     3.000     6.225    12.534    -0.005     0.000     0.000     0.000     0.000     0.000     0.000   403.913   423.721
 121.1770833     2.500     5.915    12.663    -0.004     0.000     0.000     0.000     0.000     0.000     0.000   404.721   424.200
 121.1770833     2.000     5.495    12.803    -0.003     0.000     0.000     0.000     0.000     0.000     0.000   405.319   424.582
 121.1770833     1.500     4.998    12.952    -0.002     0.000     0.000     0.000     0.000     0.000     0.000   405.739   424.864
 121.1770833     1.000     4.448    13.106    -0.002     0.000     0.000     0.000     0.000     0.000     0.000   406.001   425.044
 121.1770833     0.500     3.859    13.262    -0.001     0.000     0.000     0.000     0.000     0.000     0.000     0.000     0.000
 121.1979167    23.000   -30.278    19.804    -0.298     0.000     0.000     0.000     0.000     0.000     0.000     0.000     0.000
 121.1979167    22.500   -30.913    19.671    -0.298     0.000     0.000     0.000     0.000     0.000     0.000     0.000     0.000
 121.1979167    22.000   -31.549    19.538    -0.298     0.000     0.000     0.000     0.000     0.000     0.000     0.000     0.000
 121.1979167    21.500   -32.186    19.405    -0.298     0.000     0.000     0.000     0.000     0.000     0.000     0.000     0.000
 121.1979167    21.000   -32.824    19.273    -0.298     0.000     0.000     0.000     0.000     0.000     0.000     0.000     0.000
 121.1979167    20.500   -33.462    19.141    -0.298     0.000     0.000     0.000     0.000     0.000     0.000     0.000     0.000
 121.1979167    20.000   -34.101    19.009    -0.298     0.000     0.000     0.000     0.000     0.000     0.000     0.000     0.000
 121.1979167    19.500   -34.741    18.878    -0.298     0.000     0.000     0.000     0.000     0.000     0.000     0.000     0.000
 121.1979167    19.000   -35.382    18.746    -0.298     0.000     0.000     0.000     0.000     0.000     0.000     0.000     0.000
 121.1979167    18.500   -36.024    18.616    -0.298     0.000     0.000     0.000     0.000     0.000     0.000     0.000     0.000
 121.1979167    18.000   -36.667    18.485    -0.298     0.000     0.000     0.000     0.000     0.000     0.000     0.000     0.000
 121.1979167    17.500   -37.310    18.355    -0.298     0.000     0.000     0.000     0.000     0.000     0.000     0.000     0.000
 121.1979167    17.000   -37.954    18.225    -0.298     0.000     0.000     0.000     0.000     0.000     0.000     0.000     0.000
 121.1979167    16.500   -38.599    18.095    -0.298     0.000     0.000     0.000     0.000     0.000     0.000     0.000     0.000
 121.1979167    16.000   -39.245    17.966    -0.298     0.000     0.000     0.000     0.000     0.000     0.000     0.000     0.000
 121.1979167    15.500   -39.892    17.837    -0.298     0.000     0.000     0.000     0.000     0.000     0.000     0.000     0.000
 121.1979167    15.000   -40.539    17.708    -0.298     0.000     0.000     0.000     0.000     0.000     0.000     0.000     0.000
 121.1979167    14.500   -41.188    17.580    -0.298     0.000     0.000     0.000     0.000     0.000     0.000     0.000     0.000
 121.1979167    14.000   -41.836    17.452    -0.298     0.000     0.000     0.000     0.000     0.000     0.000     0.000     0.000
 121.1979167    13.500   -42.486    17.324    -0.298     0.000     0.000     0.000     0.000     0.000     0.000     0.000     0.000
 121.1979167    13.000   -43.137    17.196    -0.298     0.000     0.000     0.000     0.000     0.000     0.000     0.000     0.000
 121.1979167    12.500   -43.788    17.069    -0.298     0.000     0.000     0.000     0.000     0.000     0.000     0.000     0.000
 121.1979167    12.000   -44.440    16.942    -0.298     0.000     0.000     0.000     0.000     0.000     0.000     0.000     0.000
 121.1979167    11.500   -45.093    16.816    -0.298     0.000     0.000     0.000     0.000     0.000     0.000     0.000     0.000
 121.1979167    11.000   -45.746    16.689    -0.298     0.000     0.000     0.000     0.000     0.000     0.000     0.000     0.000
 121.1979167    10.500   -46.400    16.563    -0.298     0.000     0.000     0.000     0.000     0.000     0.000     0.000     0.000
 121.1979167    10.000   -47.055    16.437    -0.298     0.000     0.000     0.000     0.000     0.000     0.000   311.212   402.827
 121.1979167     9.500   -37.415    16.211    -0.223     0.000     0.000     0.000     0.000     0.000     0.000   322.129   403.425
 121.1979167     9.000   -26.050    15.948    -0.168     0.000     0.000     0.000     0.000     0.000     0.000   335.033   404.278
 121.1979167     8.500   -16.022    15.675    -0.126     0.000     0.000     0.000     0.000     0.000     0.000   346.701   405.229
 121.1979167     8.000    -7.870    15.399    -0.094     0.000     0.000     0.000     0.000     0.000     0.000   356.561   406.247
 121.1979167     7.500    -1.554    15.126    -0.071     0.000     0.000     0.000     0.000     0.000     0.000   364.641   407.324
 121.1979167     7.000     3.148    14.859    -0.053     0.000     0.000     0.000     0.000     0.000     0.000   371.162   408.456
 121.1979167     6.500     6.505    14.600    -0.040     0.000     0.000     0.000     0.000     0.000     0.000   376.387   409.641
 121.1979167     6.000     8.773    14.352    -0.030     0.000     0.000     0.000     0.000     0.000     0.000   380.562   410.866
 121.1979167     5.500    10.181    14.116    -0.022     0.000     0.000     0.000     0.000     0.000     0.000   383.897   412.116
 121.1979167     5.000    10.923    13.892    -0.017     0.000     0.000     0.000     0.000     0.000     0.000   386.565   413.366
 121.1979167     4.500    11.163    13.682    -0.013     0.000     0.000     0.000     0.000     0.000     0.000   388.698   414.589
 121.1979167     4.000    11.038    13.485    -0.009     0.000     0.000     0.000     0.000     0.000     0.000   390.404   415.752
 121.1979167     3.500    10.660    13.303    -0.007     0.000     0.000     0.000     0.000     0.000     0.000   391.760   416.824
 121.1979167     3.000    10.117    13.135    -0.005     0.000     0.000     0.000     0.000     0.000     0.000   392.829   417.776
 121.1979167     2.500     9.480    12.981    -0.004     0.000     0.000     0.000     0.000     0.000     0.000   393.654   418.584
 121.1979167     2.000     8.800    12.841    -0.003     0.000     0.000     0.000     0.000     0.000     0.000   394.270   419.231
 121.1979167     1.500     8.114    12.714    -0.002     0.000     0.000     0.000     0.000     0.000     0.000   394.705   419.709
 121.1979167     1.000     7.442    12.600    -0.002     0.000     0.000     0.000     0.000     0.000     0.000   394.978   420.017
 121.1979167     0.500     6.797    12.498    -0.001     0.000     0.000     0.000     0.000     0.000     0.000     0.000     0.000
 121.2187500    23.000   -39.862    20.464    -0.167     0.000     0.000     0.000     0.000     0.000     0.000     0.000     0.000
 121.2187500    22.500   -40.170    20.278    -0.167     0.000     0.000     0.000     0.000     0.000     0.000     0.000     0.000
 121.2187500    22.000   -40.480    20.093    -0.167     0.000     0.000     0.000     0.000     0.000     0.000     0.000     0.000
 121.2187500    21.500   -40.790    19.909    -0.167     0.000     0.000     0.000     0.000     0.000     0.000     0.000     0.000
 121.2187500    21.000   -41.101    19.725    -0.167     0.000     0.000     0.000     0.000     0.000     0.000     0.000     0.000
 121.2187500    20.500   -41.414    19.542    -0.167     0.000     0.000     0.000     0.000     0.000     0.000     0.000     0.000
 121.2187500    20.000   -41.727    19.359    -0.167     0.000     0.000     0.000     0.000     0.000     0.000     0.000     0.000
 121.2187500    19.500   -42.041    19.177    -0.167     0.000     0.000     0.000     0.000     0.000     0.000     0.000     0.000
 121.2187500    19.000   -42.357    18.995    -0.167     0.000     0.000     0.000     0.000     0.000     0.000     0.000     0.000
 121.2187500    18.500   -42.673    18.814    -0.167     0.000     0.000     0.000     0.000     0.000     0.000     0.000     0.000
 121.2187500    18.000   -42.991    18.633    -0.167     0.000     0.000     0.000     0.000     0.000     0.000     0.000     0.000
 121.2187500    17.500   -43.309    18.453    -0.167     0.000     0.000     0.000     0.000     0.000     0.000     0.000     0.000
 121.2187500    17.000   -43.629    18.273    -0.167     0.000     0.000     0.000     0.000     0.000     0.000     0.000     0.000
 121.2187500    16.500   -43.949    18.094    -0.167     0.000     0.000     0.000     0.000     0.000     0.000     0.000     0.000
 121.2187500    16.000   -44.271    17.915    -0.167     0.000     0.000     0.000     0.000     0.000     0.000     0.000     0.000
 121.2187500    15.500   -44.594    17.737    -0.167     0.000     0.000     0.000     0.000     0.000     0.000     0.000     0.000
 121.2187500    15.000   -44.918    17.560    -0.167     0.000     0.000     0.000     0.000     0.000     0.000     0.000     0.000
 121.2187500    14.500   -45.243    17.383    -0.167     0.000     0.000     0.000     0.000     0.000     0.000     0.000     0.000
 121.2187500    14.000   -45.570    17.207    -0.167     0.000     0.000     0.000     0.000     0.000     0.000     0.000     0.000
 121.2187500    13.500   -45.897    17.031    -0.167     0.000     0.000     0.000     0.000     0.000     0.000     0.000     0.000
 121.2187500    13.000   -46.226    16.855    -0.167     0.000     0.000     0.000     0.000     0.000     0.000     0.000     0.000
 121.2187500    12.500   -46.555    16.681    -0.167     0.000     0.000     0.000     0.000     0.000     0.000     0.000     0.000
 121.2187500    12.000   -46.886    16.507    -0.167     0.000     0.000     0.000     0.000     0.000     0.000     0.000     0.000
 121.2187500    11.500   -47.219    16.333    -0.167     0.000     0.000     0.000     0.000     0.000     0.000     0.000     0.000
 121.2187500    11.000   -47.552    16.160    -0.167     0.000     0.000     0.000     0.000     0.000     0.000     0.000     0.000
 121.2187500    10.500   -47.887    15.988    -0.167     0.000     0.000     0.000     0.000     0.000     0.000     0.000     0.000
 121.2187500    10.000   -48.224    15.816    -0.167     0.000     0.000     0.000     0.000     0.000     0.000   306.628   395.428
 121.2187500     9.500   -38.659    15.559    -0.123     0.000     0.000     0.000     0.000     0.000     0.000   317.153   396.073
 121.2187500     9.000   -27.466    15.272    -0.090     0.000     0.000     0.000     0.000     0.000     0.000   329.591   397.007
 121.2187500     8.500   -17.587    14.977    -0.066     0.000     0.000     0.000     0.000     0.000     0.000   340.841   398.068
 121.2187500     8.000    -9.538    14.680    -0.049     0.000     0.000     0.000     0.000     0.000     0.000   350.353   399.221
 121.2187500     7.500    -3.281    14.386    -0.036     0.000     0.000     0.000     0.000     0.000     0.000   358.156   400.456
 121.2187500     7.000     1.403    14.098    -0.026     0.000     0.000     0.000     0.000     0.000     0.000   364.463   401.767
 121.2187500     6.500     4.775    13.818    -0.019     0.000     0.000     0.000     0.000     0.000     0.000   369.528   403.145
 121.2187500     6.000     7.089    13.548    -0.014     0.000     0.000     0.000     0.000     0.000     0.000   373.588   404.574
 121.2187500     5.500     8.569    13.290    -0.011     0.000     0.000     0.000     0.000     0.000     0.000   376.845   406.031
 121.2187500     5.000     9.410    13.044    -0.008     0.000     0.000     0.000     0.000     0.000     0.000   379.463   407.487
 121.2187500     4.500     9.776    12.811    -0.006     0.000     0.000     0.000     0.000     0.000     0.000   381.571   408.906
 121.2187500     4.000     9.803    12.593    -0.004     0.000     0.000     0.000     0.000     0.000     0.000   383.267   410.250
 121.2187500     3.500     9.604    12.389    -0.003     0.000     0.000     0.000     0.000     0.000     0.000   384.628   411.483
 121.2187500     3.000     9.269    12.200    -0.002     0.000     0.000     0.000     0.000     0.000     0.000   385.708   412.573
 121.2187500     2.500     8.863    12.027    -0.002     0.000     0.000     0.000     0.000     0.000     0.000   386.550   413.493
 121.2187500     2.000     8.437    11.868    -0.001     0.000     0.000     0.000     0.000     0.000     0.000   387.185   414.226
 121.2187500     1.500     8.024    11.725    -0.001     0.000     0.000     0.000     0.000     0.000     0.000   387.635   414.764
 121.2187500     1.000     7.642    11.596    -0.001     0.000     0.000     0.000     0.000     0.000     0.000   387.921   415.109
 121.2187500     0.500     7.296    11.481    -0.000     0.000     0.000     0.000     0.000     0.000     0.000     0.000     0.000
 121.2395833    23.000   -49.389    22.894    -0.277     0.000     0.000     0.000     0.000     0.000     0.000     0.000     0.000
 121.2395833    22.500   -49.543    22.692    -0.277     0.000     0.000     0.000     0.000     0.000     0.000     0.000     0.000
 121.2395833    22.000   -49.697    22.490    -0.277     0.000     0.000     0.000     0.000     0.000     0.000     0.000     0.000
 121.2395833    21.500   -49.850    22.287    -0.277     0.000     0.000     0.000     0.000     0.000     0.000     0.000     0.000
 121.2395833    21.000   -50.002    22.084    -0.277     0.000     0.000     0.000     0.000     0.000     0.000     0.000     0.000
 121.2395833    20.500   -50.155    21.880    -0.277     0.000     0.000     0.000     0.000     0.000     0.000     0.000     0.000
 121.2395833    20.000   -50.306    21.675    -0.277     0.000     0.000     0.000     0.000     0.000     0.000     0.000     0.000
 121.2395833    19.500   -50.457    21.470    -0.277     0.000     0.000     0.000     0.000     0.000     0.000     0.000     0.000
 121.2395833    19.000   -50.608    21.264    -0.277     0.000     0.000     0.000     0.000     0.000     0.000     0.000     0.000
 121.2395833    18.500   -50.758    21.058    -0.277     0.000     0.000     0.000     0.000     0.000     0.000     0.000     0.000
 121.2395833    18.000   -50.907    20.851    -0.277     0.000     0.000     0.000     0.000     0.000     0.000     0.000     0.000
 121.2395833    17.500   -51.056    20.643    -0.277     0.000     0.000     0.000     0.000     0.000     0.000     0.000     0.000
 121.2395833    17.000   -51.204    20.435    -0.277     0.000     0.000     0.000     0.000     0.000     0.000     0.000     0.000
 121.2395833    16.500   -51.352    20.226    -0.277     0.000     0.000     0.000     0.000     0.000     0.000     0.000     0.000
 121.2395833    16.000   -51.499    20.017    -0.277     0.000     0.000     0.000     0.000     0.000     0.000     0.000     0.000
 121.2395833    15.500   -51.645    19.807    -0.277     0.000     0.000     0.000     0.000     0.000     0.000     0.000     0.000
 121.2395833    15.000   -51.790    19.596    -0.277     0.000     0.000     0.000     0.000     0.000     0.000     0.000     0.000
 121.2395833    14.500   -51.935    19.384    -0.277     0.000     0.000     0.000     0.000     0.000     0.000     0.000     0.000
 121.2395833    14.000   -52.079    19.172    -0.277     0.000     0.000     0.000     0.000     0.000     0.000     0.000     0.000
 121.2395833    13.500   -52.222    18.959    -0.277     0.000     0.000     0.000     0.000     0.000     0.000     0.000     0.000
 121.2395833    13.000   -52.364    18.746    -0.277     0.000     0.000     0.000     0.000     0.000     0.000     0.000     0.000
 121.2395833    12.500   -52.505    18.531    -0.277     0.000     0.000     0.000     0.000     0.000     0.000     0.000     0.000
 121.2395833    12.000   -52.645    18.317    -0.277     0.000     0.000     0.000     0.000     0.000     0.000     0.000     0.000
 121.2395833    11.500   -52.785    18.101    -0.277     0.000     0.000     0.000     0.000     0.000     0.000     0.000     0.000
 121.2395833    11.000   -52.923    17.884    -0.277     0.000     0.000     0.000     0.000     0.000     0.000     0.000     0.000
 121.2395833    10.500   -53.060    17.667    -0.277     0.000     0.000     0.000     0.000     0.000     0.000     0.000     0.000
 121.2395833    10.000   -53.196    17.449    -0.277     0.000     0.000     0.000     0.000     0.000     0.000   303.114   392.239
 121.2395833     9.500   -43.273    17.145    -0.207     0.000     0.000     0.000     0.000     0.000     0.000   313.713   392.847
 121.2395833     9.000   -31.672    16.810    -0.154     0.000     0.000     0.000     0.000     0.000     0.000   326.235   393.723
 121.2395833     8.500   -21.384    16.465    -0.115     0.000     0.000     0.000     0.000     0.000     0.000   337.553   394.715
 121.2395833     8.000   -12.936    16.115    -0.086     0.000     0.000     0.000     0.000     0.000     0.000   347.114   395.794
 121.2395833     7.500    -6.297    15.766    -0.064     0.000     0.000     0.000     0.000     0.000     0.000   354.948   396.950
 121.2395833     7.000    -1.249    15.418    -0.048     0.000     0.000     0.000     0.000     0.000     0.000   361.269   398.180
 121.2395833     6.500     2.468    15.075    -0.036     0.000     0.000     0.000     0.000     0.000     0.000   366.335   399.479
 121.2395833     6.000     5.105    14.737    -0.026     0.000     0.000     0.000     0.000     0.000     0.000   370.384   400.833
 121.2395833     5.500     6.886    14.405    -0.020     0.000     0.000     0.000     0.000     0.000     0.000   373.623   402.221
 121.2395833     5.000     8.004    14.079    -0.015     0.000     0.000     0.000     0.000     0.000     0.000   376.215   403.615
 121.2395833     4.500     8.623    13.758    -0.011     0.000     0.000     0.000     0.000     0.000     0.000   378.294   404.983
 121.2395833     4.000     8.880    13.443    -0.008     0.000     0.000     0.000     0.000     0.000     0.000   379.958   406.286
 121.2395833     3.500     8.887    13.133    -0.006     0.000     0.000     0.000     0.000     0.000     0.000   381.286   407.489
 121.2395833     3.000     8.737    12.827    -0.005     0.000     0.000     0.000     0.000     0.000     0.000   382.336   408.557
 121.2395833     2.500     8.498    12.524    -0.003     0.000     0.000     0.000     0.000     0.000     0.000   383.148   409.465
 121.2395833     2.000     8.223    12.222    -0.003     0.000     0.000     0.000     0.000     0.000     0.000   383.757   410.192
 121.2395833     1.500     7.947    11.919    -0.002     0.000     0.000     0.000     0.000     0.000     0.000   384.187   410.729
 121.2395833     1.000     7.691    11.614    -0.001     0.000     0.000     0.000     0.000     0.000     0.000   384.458   411.076
 121.2395833     0.500     7.461    11.303    -0.001     0.000     0.000     0.000     0.000     0.000     0.000     0.000     0.000
 121.2604167    23.000   -49.803    21.405    -0.287     0.000     0.000     0.000     0.000     0.000     0.000     0.000     0.000
 121.2604167    22.500   -49.982    21.206    -0.287     0.000     0.000     0.000     0.000     0.000     0.000     0.000     0.000
 121.2604167    22.000   -50.160    21.007    -0.287     0.000     0.000     0.000     0.000     0.000     0.000     0.000     0.000
 121.2604167    21.500   -50.338    20.807    -0.287     0.000     0.000     0.000     0.000     0.000     0.000     0.000     0.000
 121.2604167    21.000   -50.514    20.608    -0.287     0.000     0.000     0.000     0.000     0.000     0.000     0.000     0.000
 121.2604167    20.500   -50.690    20.409    -0.287     0.000     0.000     0.000     0.000     0.000     0.000     0.000     0.000
 121.2604167    20.000   -50.865    20.209    -0.287     0.000     0.000     0.000     0.000     0.000     0.000     0.000     0.000
 121.2604167    19.500   -51.039    20.009    -0.287     0.000     0.000     0.000     0.000     0.000     0.000     0.000     0.000
 121.2604167    19.000   -51.212    19.810    -0.287     0.000     0.000     0.000     0.000     0.000     0.000     0.000     0.000
 121.2604167    18.500   -51.384    19.610    -0.287     0.000     0.000     0.000     0.000     0.000     0.000     0.000     0.000
 121.2604167    18.000   -51.555    19.410    -0.287     0.000     0.000     0.000     0.000     0.000     0.000     0.000     0.000
 121.2604167    17.500   -51.726    19.210    -0.287     0.000     0.000     0.000     0.000     0.000     0.000     0.000     0.000
 121.2604167    17.000   -51.895    19.010    -0.287     0.000     0.000     0.000     0.000     0.000     0.000     0.000     0.000
 121.2604167    16.500   -52.064    18.810    -0.287     0.000     0.000     0.000     0.000     0.000     0.000     0.000     0.000
 121.2604167    16.000   -52.232    18.609    -0.287     0.000     0.000     0.000     0.000     0.000     0.000     0.000     0.000
 121.2604167    15.500   -52.400    18.409    -0.287     0.000     0.000     0.000     0.000     0.000     0.000     0.000     0.000
 121.2604167    15.000   -52.566    18.209    -0.287     0.000     0.000     0.000     0.000     0.000     0.000     0.000     0.000
 121.2604167    14.500   -52.732    18.008    -0.287     0.000     0.000     0.000     0.000     0.000     0.000     0.000     0.000
 121.2604167    14.000   -52.896    17.808    -0.287     0.000     0.000     0.000     0.000     0.000     0.000     0.000     0.000
 121.2604167    13.500   -53.060    17.607    -0.287     0.000     0.000     0.000     0.000     0.000     0.000     0.000     0.000
 121.2604167    13.000   -53.224    17.406    -0.287     0.000     0.000     0.000     0.000     0.000     0.000     0.000     0.000
 121.2604167    12.500   -53.386    17.205    -0.287     0.000     0.000     0.000     0.000     0.000     0.000     0.000     0.000
 121.2604167    12.000   -53.548    17.004    -0.287     0.000     0.000     0.000     0.000     0.000     0.000     0.000     0.000
 121.2604167    11.500   -53.709    16.803    -0.287     0.000     0.000     0.000     0.000     0.000     0.000     0.000     0.000
 121.2604167    11.000   -53.869    16.602    -0.287     0.000     0.000     0.000     0.000     0.000     0.000     0.000     0.000
 121.2604167    10.500   -54.028    16.401    -0.287     0.000     0.000     0.000     0.000     0.000     0.000     0.000     0.000
 121.2604167    10.000   -54.187    16.200    -0.287     0.000     0.000     0.000     0.000     0.000     0.000   302.929   390.674
 121.2604167     9.500   -44.399    15.913    -0.214     0.000     0.000     0.000     0.000     0.000     0.000   313.388   391.244
 121.2604167     9.000   -32.944    15.594    -0.160     0.000     0.000     0.000     0.000     0.000     0.000   325.742   392.064
 121.2604167     8.500   -22.775    15.267    -0.119     0.000     0.000     0.000     0.000     0.000     0.000   336.908   392.989
 121.2604167     8.000   -14.412    14.937    -0.089     0.000     0.000     0.000     0.000     0.000     0.000   346.337   393.987
 121.2604167     7.500    -7.824    14.608    -0.066     0.000     0.000     0.000     0.000     0.000     0.000   354.059   395.052
 121.2604167     7.000    -2.796    14.284    -0.049     0.000     0.000     0.000     0.000     0.000     0.000   360.287   396.182
 121.2604167     6.500     0.929    13.967    -0.037     0.000     0.000     0.000     0.000     0.000     0.000   365.274   397.372
 121.2604167     6.000     3.598    13.657    -0.028     0.000     0.000     0.000     0.000     0.000     0.000   369.258   398.609
 121.2604167     5.500     5.429    13.356    -0.021     0.000     0.000     0.000     0.000     0.000     0.000   372.440   399.877
 121.2604167     5.000     6.613    13.064    -0.015     0.000     0.000     0.000     0.000     0.000     0.000   374.984   401.150
 121.2604167     4.500     7.308    12.783    -0.011     0.000     0.000     0.000     0.000     0.000     0.000   377.020   402.397
 121.2604167     4.000     7.646    12.511    -0.009     0.000     0.000     0.000     0.000     0.000     0.000   378.647   403.586
 121.2604167     3.500     7.739    12.250    -0.006     0.000     0.000     0.000     0.000     0.000     0.000   379.943   404.684
 121.2604167     3.000     7.672    11.998    -0.005     0.000     0.000     0.000     0.000     0.000     0.000   380.964   405.660
 121.2604167     2.500     7.516    11.756    -0.004     0.000     0.000     0.000     0.000     0.000     0.000   381.754   406.488
 121.2604167     2.000     7.320    11.523    -0.003     0.000     0.000     0.000     0.000     0.000     0.000   382.345   407.152
 121.2604167     1.500     7.118    11.298    -0.002     0.000     0.000     0.000     0.000     0.000     0.000   382.762   407.642
 121.2604167     1.000     6.931    11.079    -0.001     0.000     0.000     0.000     0.000     0.000     0.000   383.024   407.959
 121.2604167     0.500     6.767    10.866    -0.001     0.000     0.000     0.000     0.000     0.000     0.000     0.000     0.000
 121.2812500    23.000   -40.330    20.532    -0.237     0.000     0.000     0.000     0.000     0.000     0.000     0.000     0.000
 121.2812500    22.500   -40.580    20.330    -0.237     0.000     0.000     0.000     0.000     0.000     0.000     0.000     0.000
 121.2812500    22.000   -40.832    20.128    -0.237     0.000     0.000     0.000     0.000     0.000     0.000     0.000     0.000
 121.2812500    21.500   -41.085    19.926    -0.237     0.000     0.000     0.000     0.000     0.000     0.000     0.000     0.000
 121.2812500    21.000   -41.339    19.725    -0.237     0.000     0.000     0.000     0.000     0.000     0.000     0.000     0.000
 121.2812500    20.500   -41.594    19.524    -0.237     0.000     0.000     0.000     0.000     0.000     0.000     0.000     0.000
 121.2812500    20.000   -41.851    19.323    -0.237     0.000     0.000     0.000     0.000     0.000     0.000     0.000     0.000
 121.2812500    19.500   -42.109    19.123    -0.237     0.000     0.000     0.000     0.000     0.000     0.000     0.000     0.000
 121.2812500    19.000   -42.368    18.923    -0.237     0.000     0.000     0.000     0.000     0.000     0.000     0.000     0.000
 121.2812500    18.500   -42.629    18.723    -0.237     0.000     0.000     0.000     0.000     0.000     0.000     0.000     0.000
 121.2812500    18.000   -42.891    18.524    -0.237     0.000     0.000     0.000     0.000     0.000     0.000     0.000     0.000
 121.2812500    17.500   -43.154    18.325    -0.237     0.000     0.000     0.000     0.000     0.000     0.000     0.000     0.000
 121.2812500    17.000   -43.418    18.126    -0.237     0.000     0.000     0.000     0.000     0.000     0.000     0.000     0.000
 121.2812500    16.500   -43.683    17.927    -0.237     0.000     0.000     0.000     0.000     0.000     0.000     0.000     0.000
 121.2812500    16.000   -43.950    17.729    -0.237     0.000     0.000     0.000     0.000     0.000     0.000     0.000     0.000
 121.2812500    15.500   -44.218    17.531    -0.237     0.000     0.000     0.000     0.000     0.000     0.000     0.000     0.000
 121.2812500    15.000   -44.487    17.333    -0.237     0.000     0.000     0.000     0.000     0.000     0.000     0.000     0.000
 121.2812500    14.500   -44.757    17.136    -0.237     0.000     0.000     0.000     0.000     0.000     0.000     0.000     0.000
 121.2812500    14.000   -45.029    16.939    -0.237     0.000     0.000     0.000     0.000     0.000     0.000     0.000     0.000
 121.2812500    13.500   -45.302    16.742    -0.237     0.000     0.000     0.000     0.000     0.000     0.000     0.000     0.000
 121.2812500    13.000   -45.576    16.546    -0.237     0.000     0.000     0.000     0.000     0.000     0.000     0.000     0.000
 121.2812500    12.500   -45.851    16.350    -0.237     0.000     0.000     0.000     0.000     0.000     0.000     0.000     0.000
 121.2812500    12.000   -46.128    16.154    -0.237     0.000     0.000     0.000     0.000     0.000     0.000     0.000     0.000
 121.2812500    11.500   -46.405    15.959    -0.237     0.000     0.000     0.000     0.000     0.000     0.000     0.000     0.000
 121.2812500    11.000   -46.684    15.763    -0.237     0.000     0.000     0.000     0.000     0.000     0.000     0.000     0.000
 121.2812500    10.500   -46.965    15.569    -0.237     0.000     0.000     0.000     0.000     0.000     0.000     0.000     0.000
 121.2812500    10.000   -47.247    15.374    -0.237     0.000     0.000     0.000     0.000     0.000     0.000   299.478   385.999
 121.2812500     9.500   -37.848    15.101    -0.177     0.000     0.000     0.000     0.000     0.000     0.000   309.748   386.611
 121.2812500     9.000   -26.848    14.800    -0.132     0.000     0.000     0.000     0.000     0.000     0.000   321.883   387.494
 121.2812500     8.500   -17.128    14.490    -0.098     0.000     0.000     0.000     0.000     0.000     0.000   332.856   388.497
 121.2812500     8.000    -9.196    14.179    -0.073     0.000     0.000     0.000     0.000     0.000     0.000   342.129   389.588
 121.2812500     7.500    -3.018    13.870    -0.054     0.000     0.000     0.000     0.000     0.000     0.000   349.731   390.758
 121.2812500     7.000     1.619    13.566    -0.041     0.000     0.000     0.000     0.000     0.000     0.000   355.869   392.004
 121.2812500     6.500     4.970    13.268    -0.030     0.000     0.000     0.000     0.000     0.000     0.000   360.792   393.319
 121.2812500     6.000     7.279    12.979    -0.022     0.000     0.000     0.000     0.000     0.000     0.000   364.731   394.689
 121.2812500     5.500     8.765    12.700    -0.017     0.000     0.000     0.000     0.000     0.000     0.000   367.885   396.092
 121.2812500     5.000     9.618    12.430    -0.012     0.000     0.000     0.000     0.000     0.000     0.000   370.413   397.501
 121.2812500     4.500     9.998    12.171    -0.009     0.000     0.000     0.000     0.000     0.000     0.000   372.443   398.881
 121.2812500     4.000    10.039    11.924    -0.007     0.000     0.000     0.000     0.000     0.000     0.000   374.072   400.195
 121.2812500     3.500     9.853    11.688    -0.005     0.000     0.000     0.000     0.000     0.000     0.000   375.373   401.406
 121.2812500     3.000     9.528    11.464    -0.004     0.000     0.000     0.000     0.000     0.000     0.000   376.403   402.482
 121.2812500     2.500     9.133    11.251    -0.003     0.000     0.000     0.000     0.000     0.000     0.000   377.201   403.395
 121.2812500     2.000     8.719    11.051    -0.002     0.000     0.000     0.000     0.000     0.000     0.000   377.801   404.126
 121.2812500     1.500     8.321    10.861    -0.002     0.000     0.000     0.000     0.000     0.000     0.000   378.225   404.665
 121.2812500     1.000     7.959    10.681    -0.001     0.000     0.000     0.000     0.000     0.000     0.000   378.492   405.012
 121.2812500     0.500     7.640    10.512    -0.001     0.000     0.000     0.000     0.000     0.000     0.000     0.000     0.000
 121.3020833    23.000   -50.978    17.525    -0.282     0.000     0.000     0.000     0.000     0.000     0.000     0.000     0.000
 121.3020833    22.500   -51.158    17.421    -0.282     0.000     0.000     0.000     0.000     0.000     0.000     0.000     0.000
 121.3020833    22.000   -51.337    17.317    -0.282     0.000     0.000     0.000     0.000     0.000     0.000     0.000     0.000
 121.3020833    21.500   -51.514    17.211    -0.282     0.000     0.000     0.000     0.000     0.000     0.000     0.000     0.000
 121.3020833    21.000   -51.690    17.105    -0.282     0.000     0.000     0.000     0.000     0.000     0.000     0.000     0.000
 121.3020833    20.500   -51.865    16.997    -0.282     0.000     0.000     0.000     0.000     0.000     0.000     0.000     0.000
 121.3020833    20.000   -52.038    16.889    -0.282     0.000     0.000     0.000     0.000     0.000     0.000     0.000     0.000
 121.3020833    19.500   -52.210    16.779    -0.282     0.000     0.000     0.000     0.000     0.000     0.000     0.000     0.000
 121.3020833    19.000   -52.381    16.669    -0.282     0.000     0.000     0.000     0.000     0.000     0.000     0.000     0.000
 121.3020833    18.500   -52.550    16.558    -0.282     0.000     0.000     0.000     0.000     0.000     0.000     0.000     0.000
 121.3020833    18.000   -52.718    16.446    -0.282     0.000     0.000     0.000     0.000     0.000     0.000     0.000     0.000
 121.3020833    17.500   -52.885    16.332    -0.282     0.000     0.000     0.000     0.000     0.000     0.000     0.000     0.000
 121.3020833    17.000   -53.051    16.218    -0.282     0.000     0.000     0.000     0.000     0.000     0.000     0.000     0.000
 121.3020833    16.500   -53.215    16.104    -0.282     0.000     0.000     0.000     0.000     0.000     0.000     0.000     0.000
 121.3020833    16.000   -53.378    15.988    -0.282     0.000     0.000     0.000     0.000     0.000     0.000     0.000     0.000
 121.3020833    15.500   -53.539    15.871    -0.282     0.000     0.000     0.000     0.000     0.000     0.000     0.000     0.000
 121.3020833    15.000   -53.700    15.753    -0.282     0.000     0.000     0.000     0.000     0.000     0.000     0.000     0.000
 121.3020833    14.500   -53.859    15.635    -0.282     0.000     0.000     0.000     0.000     0.000     0.000     0.000     0.000
 121.3020833    14.000   -54.016    15.515    -0.282     0.000     0.000     0.000     0.000     0.000     0.000     0.000     0.000
 121.3020833    13.500   -54.173    15.395    -0.282     0.000     0.000     0.000     0.000     0.000     0.000     0.000     0.000
 121.3020833    13.000   -54.328    15.274    -0.282     0.000     0.000     0.000     0.000     0.000     0.000     0.000     0.000
 121.3020833    12.500   -54.482    15.152    -0.282     0.000     0.000     0.000     0.000     0.000     0.000     0.000     0.000
 121.3020833    12.000   -54.634    15.029    -0.282     0.000     0.000     0.000     0.000     0.000     0.000     0.000     0.000
 121.3020833    11.500   -54.785    14.905    -0.282     0.000     0.000     0.000     0.000     0.000     0.000     0.000     0.000
 121.3020833    11.000   -54.934    14.780    -0.282     0.000     0.000     0.000     0.000     0.000     0.000     0.000     0.000
 121.3020833    10.500   -55.082    14.654    -0.282     0.000     0.000     0.000     0.000     0.000     0.000     0.000     0.000
 121.3020833    10.000   -55.229    14.527    -0.282     0.000     0.000     0.000     0.000     0.000     0.000   293.108   383.806
 121.3020833     9.500   -45.114    14.320    -0.210     0.000     0.000     0.000     0.000     0.000     0.000   303.912   384.404
 121.3020833     9.000   -33.283    14.083    -0.157     0.000     0.000     0.000     0.000     0.000     0.000   316.673   385.265
 121.3020833     8.500   -22.785    13.836    -0.117     0.000     0.000     0.000     0.000     0.000     0.000   328.206   386.238
 121.3020833     8.000   -14.160    13.585    -0.087     0.000     0.000     0.000     0.000     0.000     0.000   337.945   387.294
 121.3020833     7.500    -7.372    13.335    -0.065     0.000     0.000     0.000     0.000     0.000     0.000   345.920   388.423
 121.3020833     7.000    -2.199    13.086    -0.048     0.000     0.000     0.000     0.000     0.000     0.000   352.354   389.624
 121.3020833     6.500     1.623    12.842    -0.036     0.000     0.000     0.000     0.000     0.000     0.000   357.506   390.891
 121.3020833     6.000     4.352    12.603    -0.027     0.000     0.000     0.000     0.000     0.000     0.000   361.622   392.210
 121.3020833     5.500     6.214    12.369    -0.020     0.000     0.000     0.000     0.000     0.000     0.000   364.911   393.563
 121.3020833     5.000     7.405    12.142    -0.015     0.000     0.000     0.000     0.000     0.000     0.000   367.541   394.923
 121.3020833     4.500     8.091    11.920    -0.011     0.000     0.000     0.000     0.000     0.000     0.000   369.647   396.256
 121.3020833     4.000     8.410    11.706    -0.008     0.000     0.000     0.000     0.000     0.000     0.000   371.332   397.527
 121.3020833     3.500     8.476    11.496    -0.006     0.000     0.000     0.000     0.000     0.000     0.000   372.675   398.700
 121.3020833     3.000     8.382    11.293    -0.005     0.000     0.000     0.000     0.000     0.000     0.000   373.734   399.743
 121.3020833     2.500     8.197    11.094    -0.003     0.000     0.000     0.000     0.000     0.000     0.000   374.553   400.629
 121.3020833     2.000     7.975    10.898    -0.003     0.000     0.000     0.000     0.000     0.000     0.000   375.167   401.339
 121.3020833     1.500     7.750    10.705    -0.002     0.000     0.000     0.000     0.000     0.000     0.000   375.600   401.863
 121.3020833     1.000     7.544    10.512    -0.001     0.000     0.000     0.000     0.000     0.000     0.000   375.873   402.201
 121.3020833     0.500     7.364    10.319    -0.001     0.000     0.000     0.000     0.000     0.000     0.000     0.000     0.000
 121.3229167    23.000   -32.245     5.523    -0.273     0.000     0.000     0.000     0.000     0.000     0.000     0.000     0.000
 121.3229167    22.500   -32.696     5.640    -0.273     0.000     0.000     0.000     0.000     0.000     0.000     0.000     0.000
 121.3229167    22.000   -33.146     5.758    -0.273     0.000     0.000     0.000     0.000     0.000     0.000     0.000     0.000
 121.3229167    21.500   -33.596     5.875    -0.273     0.000     0.000     0.000     0.000     0.000     0.000     0.000     0.000
 121.3229167    21.000   -34.046     5.992    -0.273     0.000     0.000     0.000     0.000     0.000     0.000     0.000     0.000
 121.3229167    20.500   -34.496     6.109    -0.273     0.000     0.000     0.000     0.000     0.000     0.000     0.000     0.000
 121.3229167    20.000   -34.946     6.226    -0.273     0.000     0.000     0.000     0.000     0.000     0.000     0.000     0.000
 121.3229167    19.500   -35.395     6.342    -0.273     0.000     0.000     0.000     0.000     0.000     0.000     0.000     0.000
 121.3229167    19.000   -35.844     6.459    -0.273     0.000     0.000     0.000     0.000     0.000     0.000     0.000     0.000
 121.3229167    18.500   -36.293     6.575    -0.273     0.000     0.000     0.000     0.000     0.000     0.000     0.000     0.000
 121.3229167    18.000   -36.742     6.690    -0.273     0.000     0.000     0.000     0.000     0.000     0.000     0.000     0.000
 121.3229167    17.500   -37.191     6.806    -0.273     0.000     0.000     0.000     0.000     0.000     0.000     0.000     0.000
 121.3229167    17.000   -37.639     6.921    -0.273     0.000     0.000     0.000     0.000     0.000     0.000     0.000     0.000
 121.3229167    16.500   -38.087     7.037    -0.273     0.000     0.000     0.000     0.000     0.000     0.000     0.000     0.000
 121.3229167    16.000   -38.535     7.151    -0.273     0.000     0.000     0.000     0.000     0.000     0.000     0.000     0.000
 121.3229167    15.500   -38.983     7.266    -0.273     0.000     0.000     0.000     0.000     0.000     0.000     0.000     0.000
 121.3229167    15.000   -39.431     7.381    -0.273     0.000     0.000     0.000     0.000     0.000     0.000     0.000     0.000
 121.3229167    14.500   -39.878     7.495    -0.273     0.000     0.000     0.000     0.000     0.000     0.000     0.000     0.000
 121.3229167    14.000   -40.325     7.609    -0.273     0.000     0.000     0.000     0.000     0.000     0.000     0.000     0.000
 121.3229167    13.500   -40.773     7.723    -0.273     0.000     0.000     0.000     0.000     0.000     0.000     0.000     0.000
 121.3229167    13.000   -41.220     7.837    -0.273     0.000     0.000     0.000     0.000     0.000     0.000     0.000     0.000
 121.3229167    12.500   -41.666     7.950    -0.273     0.000     0.000     0.000     0.000     0.000     0.000     0.000     0.000
 121.3229167    12.000   -42.113     8.063    -0.273     0.000     0.000     0.000     0.000     0.000     0.000     0.000     0.000
 121.3229167    11.500   -42.560     8.176    -0.273     0.000     0.000     0.000     0.000     0.000     0.000     0.000     0.000
 121.3229167    11.000   -43.006     8.289    -0.273     0.000     0.000     0.000     0.000     0.000     0.000     0.000     0.000
 121.3229167    10.500   -43.453     8.402    -0.273     0.000     0.000     0.000     0.000     0.000     0.000     0.000     0.000
 121.3229167    10.000   -43.899     8.514    -0.273     0.000     0.000     0.000     0.000     0.000     0.000   289.895   378.965
 121.3229167     9.500   -34.449     8.559    -0.205     0.000     0.000     0.000     0.000     0.000     0.000   300.454   379.610
 121.3229167     9.000   -23.368     8.579    -0.153     0.000     0.000     0.000     0.000     0.000     0.000   312.933   380.541
 121.3229167     8.500   -13.610     8.591    -0.115     0.000     0.000     0.000     0.000     0.000     0.000   324.219   381.601
 121.3229167     8.000    -5.694     8.600    -0.086     0.000     0.000     0.000     0.000     0.000     0.000   333.756   382.757
 121.3229167     7.500     0.417     8.610    -0.064     0.000     0.000     0.000     0.000     0.000     0.000   341.575   384.001
 121.3229167     7.000     4.944     8.624    -0.048     0.000     0.000     0.000     0.000     0.000     0.000   347.890   385.330
 121.3229167     6.500     8.147     8.642    -0.036     0.000     0.000     0.000     0.000     0.000     0.000   352.954   386.736
 121.3229167     6.000    10.282     8.666    -0.027     0.000     0.000     0.000     0.000     0.000     0.000   357.006   388.205
 121.3229167     5.500    11.573     8.698    -0.020     0.000     0.000     0.000     0.000     0.000     0.000   360.251   389.713
 121.3229167     5.000    12.218     8.736    -0.015     0.000     0.000     0.000     0.000     0.000     0.000   362.852   391.230
 121.3229167     4.500    12.384     8.783    -0.011     0.000     0.000     0.000     0.000     0.000     0.000   364.941   392.719
 121.3229167     4.000    12.210     8.838    -0.009     0.000     0.000     0.000     0.000     0.000     0.000   366.616   394.139
 121.3229167     3.500    11.813     8.902    -0.006     0.000     0.000     0.000     0.000     0.000     0.000   367.954   395.452
 121.3229167     3.000    11.285     8.974    -0.005     0.000     0.000     0.000     0.000     0.000     0.000   369.012   396.620
 121.3229167     2.500    10.700     9.055    -0.004     0.000     0.000     0.000     0.000     0.000     0.000   369.833   397.613
 121.3229167     2.000    10.112     9.145    -0.003     0.000     0.000     0.000     0.000     0.000     0.000   370.448   398.410
 121.3229167     1.500     9.558     9.243    -0.002     0.000     0.000     0.000     0.000     0.000     0.000   370.883   398.998
 121.3229167     1.000     9.060     9.350    -0.001     0.000     0.000     0.000     0.000     0.000     0.000   371.157   399.379
 121.3229167     0.500     8.622     9.463    -0.001     0.000     0.000     0.000     0.000     0.000     0.000     0.000     0.000
 121.3437500    23.000   -17.380     0.797    -0.074     0.000     0.000     0.000     0.000     0.000     0.000     0.000     0.000
 121.3437500    22.500   -17.736     0.895    -0.074     0.000     0.000     0.000     0.000     0.000     0.000     0.000     0.000
 121.3437500    22.000   -18.104     0.992    -0.074     0.000     0.000     0.000     0.000     0.000     0.000     0.000     0.000
 121.3437500    21.500   -18.484     1.090    -0.074     0.000     0.000     0.000     0.000     0.000     0.000     0.000     0.000
 121.3437500    21.000   -18.877     1.189    -0.074     0.000     0.000     0.000     0.000     0.000     0.000     0.000     0.000
 121.3437500    20.500   -19.283     1.287    -0.074     0.000     0.000     0.000     0.000     0.000     0.000     0.000     0.000
 121.3437500    20.000   -19.701     1.386    -0.074     0.000     0.000     0.000     0.000     0.000     0.000     0.000     0.000
 121.3437500    19.500   -20.134     1.485    -0.074     0.000     0.000     0.000     0.000     0.000     0.000     0.000     0.000
 121.3437500    19.000   -20.580     1.584    -0.074     0.000     0.000     0.000     0.000     0.000     0.000     0.000     0.000
 121.3437500    18.500   -21.041     1.683    -0.074     0.000     0.000     0.000     0.000     0.000     0.000     0.000     0.000
 121.3437500    18.000   -21.517     1.783    -0.074     0.000     0.000     0.000     0.000     0.000     0.000     0.000     0.000
 121.3437500    17.500   -22.009     1.883    -0.074     0.000     0.000     0.000     0.000     0.000     0.000     0.000     0.000
 121.3437500    17.000   -22.516     1.983    -0.074     0.000     0.000     0.000     0.000     0.000     0.000     0.000     0.000
 121.3437500    16.500   -23.041     2.084    -0.074     0.000     0.000     0.000     0.000     0.000     0.000     0.000     0.000
 121.3437500    16.000   -23.583     2.184    -0.074     0.000     0.000     0.000     0.000     0.000     0.000     0.000     0.000
 121.3437500    15.500   -24.143     2.285    -0.074     0.000     0.000     0.000     0.000     0.000     0.000     0.000     0.000
 121.3437500    15.000   -24.722     2.387    -0.074     0.000     0.000     0.000     0.000     0.000     0.000     0.000     0.000
 121.3437500    14.500   -25.320     2.488    -0.074     0.000     0.000     0.000     0.000     0.000     0.000     0.000     0.000
 121.3437500    14.000   -25.939     2.590    -0.074     0.000     0.000     0.000     0.000     0.000     0.000     0.000     0.000
 121.3437500    13.500   -26.580     2.692    -0.074     0.000     0.000     0.000     0.000     0.000     0.000     0.000     0.000
 121.3437500    13.000   -27.244     2.794    -0.074     0.000     0.000     0.000     0.000     0.000     0.000     0.000     0.000
 121.3437500    12.500   -27.930     2.897    -0.074     0.000     0.000     0.000     0.000     0.000     0.000     0.000     0.000
 121.3437500    12.000   -28.642     3.000    -0.074     0.000     0.000     0.000     0.000     0.000     0.000     0.000     0.000
 121.3437500    11.500   -29.380     3.103    -0.074     0.000     0.000     0.000     0.000     0.000     0.000     0.000     0.000
 121.3437500    11.000   -30.147     3.206    -0.074     0.000     0.000     0.000     0.000     0.000     0.000     0.000     0.000
 121.3437500    10.500   -30.943     3.310    -0.074     0.000     0.000     0.000     0.000     0.000     0.000     0.000     0.000
 121.3437500    10.000   -31.775     3.414    -0.074     0.000     0.000     0.000     0.000     0.000     0.000   285.378   369.679
 121.3437500     9.500   -23.795     3.473    -0.053     0.000     0.000     0.000     0.000     0.000     0.000   295.192   370.495
 121.3437500     9.000   -14.560     3.518    -0.039     0.000     0.000     0.000     0.000     0.000     0.000   306.777   371.725
 121.3437500     8.500    -6.698     3.557    -0.028     0.000     0.000     0.000     0.000     0.000     0.000   317.261   373.179
 121.3437500     8.000    -0.624     3.596    -0.020     0.000     0.000     0.000     0.000     0.000     0.000   326.146   374.807
 121.3437500     7.500     3.756     3.636    -0.015     0.000     0.000     0.000     0.000     0.000     0.000   333.471   376.579
 121.3437500     7.000     6.699     3.680    -0.011     0.000     0.000     0.000     0.000     0.000     0.000   339.440   378.471
 121.3437500     6.500     8.495     3.728    -0.008     0.000     0.000     0.000     0.000     0.000     0.000   344.291   380.451
 121.3437500     6.000     9.421     3.783    -0.006     0.000     0.000     0.000     0.000     0.000     0.000   348.242   382.481
 121.3437500     5.500     9.717     3.846    -0.004     0.000     0.000     0.000     0.000     0.000     0.000   351.477   384.517
 121.3437500     5.000     9.583     3.919    -0.003     0.000     0.000     0.000     0.000     0.000     0.000   354.140   386.512
 121.3437500     4.500     9.183     4.004    -0.002     0.000     0.000     0.000     0.000     0.000     0.000   356.341   388.416
 121.3437500     4.000     8.638     4.105    -0.002     0.000     0.000     0.000     0.000     0.000     0.000   358.161   390.185
 121.3437500     3.500     8.039     4.227    -0.001     0.000     0.000     0.000     0.000     0.000     0.000   359.656   391.780
 121.3437500     3.000     7.457     4.375    -0.001     0.000     0.000     0.000     0.000     0.000     0.000   360.870   393.168
 121.3437500     2.500     6.945     4.561    -0.001     0.000     0.000     0.000     0.000     0.000     0.000   361.837   394.323
 121.3437500     2.000     6.545     4.806    -0.000     0.000     0.000     0.000     0.000     0.000     0.000   362.581   395.229
 121.3437500     1.500     6.294     5.151    -0.000     0.000     0.000     0.000     0.000     0.000     0.000   363.121   395.883
 121.3437500     1.000     6.252     5.685    -0.000     0.000     0.000     0.000     0.000     0.000     0.000   363.474   396.292
 121.3437500     0.500     6.492     6.559    -0.000     0.000     0.000     0.000     0.000     0.000     0.000     0.000     0.000
 121.3645833    23.000   -18.280     0.693    -0.011     0.000     0.000     0.000     0.000     0.000     0.000     0.000     0.000
 121.3645833    22.500   -18.494     0.689    -0.011     0.000     0.000     0.000     0.000     0.000     0.000     0.000     0.000
 121.3645833    22.000   -18.722     0.687    -0.011     0.000     0.000     0.000     0.000     0.000     0.000     0.000     0.000
 121.3645833    21.500   -18.966     0.685    -0.011     0.000     0.000     0.000     0.000     0.000     0.000     0.000     0.000
 121.3645833    21.000   -19.225     0.685    -0.011     0.000     0.000     0.000     0.000     0.000     0.000     0.000     0.000
 121.3645833    20.500   -19.499     0.686    -0.011     0.000     0.000     0.000     0.000     0.000     0.000     0.000     0.000
 121.3645833    20.000   -19.789     0.688    -0.011     0.000     0.000     0.000     0.000     0.000     0.000     0.000     0.000
 121.3645833    19.500   -20.094     0.691    -0.011     0.000     0.000     0.000     0.000     0.000     0.000     0.000     0.000
 121.3645833    19.000   -20.414     0.695    -0.011     0.000     0.000     0.000     0.000     0.000     0.000     0.000     0.000
 121.3645833    18.500   -20.749     0.699    -0.011     0.000     0.000     0.000     0.000     0.000     0.000     0.000     0.000
 121.3645833    18.000   -21.099     0.705    -0.011     0.000     0.000     0.000     0.000     0.000     0.000     0.000     0.000
 121.3645833    17.500   -21.464     0.712    -0.011     0.000     0.000     0.000     0.000     0.000     0.000     0.000     0.000
 121.3645833    17.000   -21.844     0.719    -0.011     0.000     0.000     0.000     0.000     0.000     0.000     0.000     0.000
 121.3645833    16.500   -22.237     0.728    -0.011     0.000     0.000     0.000     0.000     0.000     0.000     0.000     0.000
 121.3645833    16.000   -22.645     0.737    -0.011     0.000     0.000     0.000     0.000     0.000     0.000     0.000     0.000
 121.3645833    15.500   -23.066     0.747    -0.011     0.000     0.000     0.000     0.000     0.000     0.000     0.000     0.000
 121.3645833    15.000   -23.501     0.758    -0.011     0.000     0.000     0.000     0.000     0.000     0.000     0.000     0.000
 121.3645833    14.500   -23.948     0.770    -0.011     0.000     0.000     0.000     0.000     0.000     0.000     0.000     0.000
 121.3645833    14.000   -24.407     0.782    -0.011     0.000     0.000     0.000     0.000     0.000     0.000     0.000     0.000
 121.3645833    13.500   -24.878     0.795    -0.011     0.000     0.000     0.000     0.000     0.000     0.000     0.000     0.000
 121.3645833    13.000   -25.360     0.809    -0.011     0.000     0.000     0.000     0.000     0.000     0.000     0.000     0.000
 121.3645833    12.500   -25.852     0.824    -0.011     0.000     0.000     0.000     0.000     0.000     0.000     0.000     0.000
 121.3645833    12.000   -26.354     0.839    -0.011     0.000     0.000     0.000     0.000     0.000     0.000     0.000     0.000
 121.3645833    11.500   -26.865     0.856    -0.011     0.000     0.000     0.000     0.000     0.000     0.000     0.000     0.000
 121.3645833    11.000   -27.384     0.873    -0.011     0.000     0.000     0.000     0.000     0.000     0.000     0.000     0.000
 121.3645833    10.500   -27.909     0.890    -0.011     0.000     0.000     0.000     0.000     0.000     0.000     0.000     0.000
 121.3645833    10.000   -28.442     0.909    -0.011     0.000     0.000     0.000     0.000     0.000     0.000   277.618   357.195
 121.3645833     9.500   -21.073     0.907    -0.007     0.000     0.000     0.000     0.000     0.000     0.000   286.643   358.239
 121.3645833     9.000   -12.822     0.900    -0.004     0.000     0.000     0.000     0.000     0.000     0.000   297.228   359.924
 121.3645833     8.500    -6.042     0.892    -0.002     0.000     0.000     0.000     0.000     0.000     0.000   306.777   362.025
 121.3645833     8.000    -1.054     0.885    -0.002     0.000     0.000     0.000     0.000     0.000     0.000   314.880   364.459
 121.3645833     7.500     2.288     0.880    -0.001     0.000     0.000     0.000     0.000     0.000     0.000   321.611   367.158
 121.3645833     7.000     4.278     0.878    -0.001     0.000     0.000     0.000     0.000     0.000     0.000   327.184   370.046
 121.3645833     6.500     5.239     0.881    -0.000     0.000     0.000     0.000     0.000     0.000     0.000   331.829   373.038
 121.3645833     6.000     5.468     0.890    -0.000     0.000     0.000     0.000     0.000     0.000     0.000   335.749   376.044
 121.3645833     5.500     5.221     0.910    -0.000     0.000     0.000     0.000     0.000     0.000     0.000   339.100   378.974
 121.3645833     5.000     4.702     0.945    -0.000     0.000     0.000     0.000     0.000     0.000     0.000   341.997   381.746
 121.3645833     4.500     4.056     1.001    -0.000     0.000     0.000     0.000     0.000     0.000     0.000   344.511   384.298
 121.3645833     4.000     3.393     1.086    -0.000     0.000     0.000     0.000     0.000     0.000     0.000   346.690   386.580
 121.3645833     3.500     2.796     1.213    -0.000     0.000     0.000     0.000     0.000     0.000     0.000   348.566   388.553
 121.3645833     3.000     2.323     1.399    -0.000     0.000     0.000     0.000     0.000     0.000     0.000   350.159   390.192
 121.3645833     2.500     2.011     1.667    -0.000     0.000     0.000     0.000     0.000     0.000     0.000   351.482   391.490
 121.3645833     2.000     1.876     2.050    -0.000     0.000     0.000     0.000     0.000     0.000     0.000   352.543   392.453
 121.3645833     1.500     1.919     2.586    -0.000     0.000     0.000     0.000     0.000     0.000     0.000   353.351   393.099
 121.3645833     1.000     2.108     3.296    -0.000     0.000     0.000     0.000     0.000     0.000     0.000   353.909   393.463
 121.3645833     0.500     2.332     4.156    -0.000     0.000     0.000     0.000     0.000     0.000     0.000     0.000     0.000
 121.3854167    23.000   -35.365     5.938    -0.033     0.000     0.000     0.000     0.000     0.000     0.000     0.000     0.000
 121.3854167    22.500   -35.586     5.823    -0.033     0.000     0.000     0.000     0.000     0.000     0.000     0.000     0.000
 121.3854167    22.000   -35.798     5.713    -0.033     0.000     0.000     0.000     0.000     0.000     0.000     0.000     0.000
 121.3854167    21.500   -36.001     5.607    -0.033     0.000     0.000     0.000     0.000     0.000     0.000     0.000     0.000
 121.3854167    21.000   -36.195     5.505    -0.033     0.000     0.000     0.000     0.000     0.000     0.000     0.000     0.000
 121.3854167    20.500   -36.380     5.408    -0.033     0.000     0.000     0.000     0.000     0.000     0.000     0.000     0.000
 121.3854167    20.000   -36.554     5.314    -0.033     0.000     0.000     0.000     0.000     0.000     0.000     0.000     0.000
 121.3854167    19.500   -36.719     5.224    -0.033     0.000     0.000     0.000     0.000     0.000     0.000     0.000     0.000
 121.3854167    19.000   -36.873     5.138    -0.033     0.000     0.000     0.000     0.000     0.000     0.000     0.000     0.000
 121.3854167    18.500   -37.017     5.055    -0.033     0.000     0.000     0.000     0.000     0.000     0.000     0.000     0.000
 121.3854167    18.000   -37.149     4.977    -0.033     0.000     0.000     0.000     0.000     0.000     0.000     0.000     0.000
 121.3854167    17.500   -37.270     4.902    -0.033     0.000     0.000     0.000     0.000     0.000     0.000     0.000     0.000
 121.3854167    17.000   -37.378     4.831    -0.033     0.000     0.000     0.000     0.000     0.000     0.000     0.000     0.000
 121.3854167    16.500   -37.475     4.763    -0.033     0.000     0.000     0.000     0.000     0.000     0.000     0.000     0.000
 121.3854167    16.000   -37.559     4.700    -0.033     0.000     0.000     0.000     0.000     0.000     0.000     0.000     0.000
 121.3854167    15.500   -37.629     4.639    -0.033     0.000     0.000     0.000     0.000     0.000     0.000     0.000     0.000
 121.3854167    15.000   -37.686     4.582    -0.033     0.000     0.000     0.000     0.000     0.000     0.000     0.000     0.000
 121.3854167    14.500   -37.729     4.529    -0.033     0.000     0.000     0.000     0.000     0.000     0.000     0.000     0.000
 121.3854167    14.000   -37.758     4.479    -0.033     0.000     0.000     0.000     0.000     0.000     0.000     0.000     0.000
 121.3854167    13.500   -37.772     4.433    -0.033     0.000     0.000     0.000     0.000     0.000     0.000     0.000     0.000
 121.3854167    13.000   -37.771     4.390    -0.033     0.000     0.000     0.000     0.000     0.000     0.000     0.000     0.000
 121.3854167    12.500   -37.754     4.350    -0.033     0.000     0.000     0.000     0.000     0.000     0.000     0.000     0.000
 121.3854167    12.000   -37.721     4.314    -0.033     0.000     0.000     0.000     0.000     0.000     0.000     0.000     0.000
 121.3854167    11.500   -37.671     4.281    -0.033     0.000     0.000     0.000     0.000     0.000     0.000     0.000     0.000
 121.3854167    11.000   -37.604     4.251    -0.033     0.000     0.000     0.000     0.000     0.000     0.000     0.000     0.000
 121.3854167    10.500   -37.518     4.225    -0.033     0.000     0.000     0.000     0.000     0.000     0.000     0.000     0.000
 121.3854167    10.000   -37.411     4.203    -0.033     0.000     0.000     0.000     0.000     0.000     0.000   274.162   355.543
 121.3854167     9.500   -28.809     4.166    -0.020     0.000     0.000     0.000     0.000     0.000     0.000   283.508   356.478
 121.3854167     9.000   -19.101     4.128    -0.013     0.000     0.000     0.000     0.000     0.000     0.000   294.477   357.979
 121.3854167     8.500   -10.836     4.094    -0.008     0.000     0.000     0.000     0.000     0.000     0.000   304.355   359.854
 121.3854167     8.000    -4.415     4.067    -0.005     0.000     0.000     0.000     0.000     0.000     0.000   312.699   362.050
 121.3854167     7.500     0.256     4.049    -0.003     0.000     0.000     0.000     0.000     0.000     0.000   319.576   364.521
 121.3854167     7.000     3.434     4.040    -0.002     0.000     0.000     0.000     0.000     0.000     0.000   325.205   367.213
 121.3854167     6.500     5.417     4.044    -0.001     0.000     0.000     0.000     0.000     0.000     0.000   329.829   370.060
 121.3854167     6.000     6.489     4.063    -0.001     0.000     0.000     0.000     0.000     0.000     0.000   333.667   372.981
 121.3854167     5.500     6.905     4.100    -0.000     0.000     0.000     0.000     0.000     0.000     0.000   336.894   375.889
 121.3854167     5.000     6.879     4.156    -0.000     0.000     0.000     0.000     0.000     0.000     0.000   339.643   378.697
 121.3854167     4.500     6.570     4.237    -0.000     0.000     0.000     0.000     0.000     0.000     0.000   342.002   381.332
 121.3854167     4.000     6.113     4.343    -0.000     0.000     0.000     0.000     0.000     0.000     0.000   344.035   383.723
 121.3854167     3.500     5.612     4.476    -0.000     0.000     0.000     0.000     0.000     0.000     0.000   345.784   385.814
 121.3854167     3.000     5.142     4.633    -0.000     0.000     0.000     0.000     0.000     0.000     0.000   347.278   387.564
 121.3854167     2.500     4.747     4.803    -0.000     0.000     0.000     0.000     0.000     0.000     0.000   348.532   388.953
 121.3854167     2.000     4.438     4.964    -0.000     0.000     0.000     0.000     0.000     0.000     0.000   349.553   389.980
 121.3854167     1.500     4.182     5.072    -0.000     0.000     0.000     0.000     0.000     0.000     0.000   350.338   390.668
 121.3854167     1.000     3.917     5.047    -0.000     0.000     0.000     0.000     0.000     0.000     0.000   350.883   391.059
 121.3854167     0.500     3.550     4.793    -0.000     0.000     0.000     0.000     0.000     0.000     0.000     0.000     0.000
 121.4062500    23.000   -50.327    29.911    -0.232     0.000     0.000     0.000     0.000     0.000     0.000     0.000     0.000
 121.4062500    22.500   -50.488    29.691    -0.232     0.000     0.000     0.000     0.000     0.000     0.000     0.000     0.000
 121.4062500    22.000   -50.630    29.467    -0.232     0.000     0.000     0.000     0.000     0.000     0.000     0.000     0.000
 121.4062500    21.500   -50.755    29.238    -0.232     0.000     0.000     0.000     0.000     0.000     0.000     0.000     0.000
 121.4062500    21.000   -50.861    29.004    -0.232     0.000     0.000     0.000     0.000     0.000     0.000     0.000     0.000
 121.4062500    20.500   -50.949    28.765    -0.232     0.000     0.000     0.000     0.000     0.000     0.000     0.000     0.000
 121.4062500    20.000   -51.018    28.522    -0.232     0.000     0.000     0.000     0.000     0.000     0.000     0.000     0.000
 121.4062500    19.500   -51.069    28.275    -0.232     0.000     0.000     0.000     0.000     0.000     0.000     0.000     0.000
 121.4062500    19.000   -51.101    28.023    -0.232     0.000     0.000     0.000     0.000     0.000     0.000     0.000     0.000
 121.4062500    18.500   -51.114    27.767    -0.232     0.000     0.000     0.000     0.000     0.000     0.000     0.000     0.000
 121.4062500    18.000   -51.109    27.506    -0.232     0.000     0.000     0.000     0.000     0.000     0.000     0.000     0.000
 121.4062500    17.500   -51.085    27.241    -0.232     0.000     0.000     0.000     0.000     0.000     0.000     0.000     0.000
 121.4062500    17.000   -51.043    26.973    -0.232     0.000     0.000     0.000     0.000     0.000     0.000     0.000     0.000
 121.4062500    16.500   -50.981    26.699    -0.232     0.000     0.000     0.000     0.000     0.000     0.000     0.000     0.000
 121.4062500    16.000   -50.902    26.422    -0.232     0.000     0.000     0.000     0.000     0.000     0.000     0.000     0.000
 121.4062500    15.500   -50.803    26.141    -0.232     0.000     0.000     0.000     0.000     0.000     0.000     0.000     0.000
 121.4062500    15.000   -50.686    25.856    -0.232     0.000     0.000     0.000     0.000     0.000     0.000     0.000     0.000
 121.4062500    14.500   -50.551    25.567    -0.232     0.000     0.000     0.000     0.000     0.000     0.000     0.000     0.000
 121.4062500    14.000   -50.396    25.274    -0.232     0.000     0.000     0.000     0.000     0.000     0.000     0.000     0.000
 121.4062500    13.500   -50.224    24.978    -0.232     0.000     0.000     0.000     0.000     0.000     0.000     0.000     0.000
 121.4062500    13.000   -50.033    24.677    -0.232     0.000     0.000     0.000     0.000     0.000     0.000     0.000     0.000
 121.4062500    12.500   -49.824    24.373    -0.232     0.000     0.000     0.000     0.000     0.000     0.000     0.000     0.000
 121.4062500    12.000   -49.596    24.065    -0.232     0.000     0.000     0.000     0.000     0.000     0.000     0.000     0.000
 121.4062500    11.500   -49.350    23.753    -0.232     0.000     0.000     0.000     0.000     0.000     0.000     0.000     0.000
 121.4062500    11.000   -49.084    23.438    -0.232     0.000     0.000     0.000     0.000     0.000     0.000     0.000     0.000
 121.4062500    10.500   -48.799    23.118    -0.232     0.000     0.000     0.000     0.000     0.000     0.000     0.000     0.000
 121.4062500    10.000   -48.493    22.794    -0.232     0.000     0.000     0.000     0.000     0.000     0.000   271.507   362.089
 121.4062500     9.500   -38.150    22.427    -0.172     0.000     0.000     0.000     0.000     0.000     0.000   282.162   362.840
 121.4062500     9.000   -26.168    22.040    -0.127     0.000     0.000     0.000     0.000     0.000     0.000   294.747   363.952
 121.4062500     8.500   -15.546    21.641    -0.094     0.000     0.000     0.000     0.000     0.000     0.000   306.121   365.252
 121.4062500     8.000    -6.819    21.231    -0.070     0.000     0.000     0.000     0.000     0.000     0.000   315.733   366.708
 121.4062500     7.500     0.043    20.808    -0.052     0.000     0.000     0.000     0.000     0.000     0.000   323.617   368.308
 121.4062500     7.000     5.257    20.371    -0.038     0.000     0.000     0.000     0.000     0.000     0.000   329.991   370.044
 121.4062500     6.500     9.085    19.917    -0.029     0.000     0.000     0.000     0.000     0.000     0.000   335.116   371.899
 121.4062500     6.000    11.780    19.442    -0.021     0.000     0.000     0.000     0.000     0.000     0.000   339.233   373.849
 121.4062500     5.500    13.572    18.940    -0.016     0.000     0.000     0.000     0.000     0.000     0.000   342.548   375.855
 121.4062500     5.000    14.662    18.404    -0.012     0.000     0.000     0.000     0.000     0.000     0.000   345.227   377.873
 121.4062500     4.500    15.218    17.824    -0.009     0.000     0.000     0.000     0.000     0.000     0.000   347.398   379.848
 121.4062500     4.000    15.381    17.188    -0.006     0.000     0.000     0.000     0.000     0.000     0.000   349.161   381.725
 121.4062500     3.500    15.262    16.480    -0.005     0.000     0.000     0.000     0.000     0.000     0.000   350.585   383.453
 121.4062500     3.000    14.949    15.679    -0.004     0.000     0.000     0.000     0.000     0.000     0.000   351.728   384.982
 121.4062500     2.500    14.503    14.762    -0.003     0.000     0.000     0.000     0.000     0.000     0.000   352.628   386.272
 121.4062500     2.000    13.961    13.696    -0.002     0.000     0.000     0.000     0.000     0.000     0.000   353.315   387.298
 121.4062500     1.500    13.332    12.448    -0.001     0.000     0.000     0.000     0.000     0.000     0.000   353.810   388.048
 121.4062500     1.000    12.601    10.978    -0.001     0.000     0.000     0.000     0.000     0.000     0.000   354.127   388.528
 121.4062500     0.500    11.736     9.255    -0.001     0.000     0.000     0.000     0.000     0.000     0.000     0.000     0.000
 121.4270833    23.000   -37.317    13.581    -0.216     0.000     0.000     0.000     0.000     0.000     0.000     0.000     0.000
 121.4270833    22.500   -37.495    13.462    -0.216     0.000     0.000     0.000     0.000     0.000     0.000     0.000     0.000
 121.4270833    22.000   -37.673    13.344    -0.216     0.000     0.000     0.000     0.000     0.000     0.000     0.000     0.000
 121.4270833    21.500   -37.853    13.226    -0.216     0.000     0.000     0.000     0.000     0.000     0.000     0.000     0.000
 121.4270833    21.000   -38.033    13.107    -0.216     0.000     0.000     0.000     0.000     0.000     0.000     0.000     0.000
 121.4270833    20.500   -38.214    12.988    -0.216     0.000     0.000     0.000     0.000     0.000     0.000     0.000     0.000
 121.4270833    20.000   -38.397    12.869    -0.216     0.000     0.000     0.000     0.000     0.000     0.000     0.000     0.000
 121.4270833    19.500   -38.580    12.750    -0.216     0.000     0.000     0.000     0.000     0.000     0.000     0.000     0.000
 121.4270833    19.000   -38.764    12.631    -0.216     0.000     0.000     0.000     0.000     0.000     0.000     0.000     0.000
 121.4270833    18.500   -38.949    12.511    -0.216     0.000     0.000     0.000     0.000     0.000     0.000     0.000     0.000
 121.4270833    18.000   -39.136    12.392    -0.216     0.000     0.000     0.000     0.000     0.000     0.000     0.000     0.000
 121.4270833    17.500   -39.323    12.272    -0.216     0.000     0.000     0.000     0.000     0.000     0.000     0.000     0.000
 121.4270833    17.000   -39.511    12.152    -0.216     0.000     0.000     0.000     0.000     0.000     0.000     0.000     0.000
 121.4270833    16.500   -39.701    12.032    -0.216     0.000     0.000     0.000     0.000     0.000     0.000     0.000     0.000
 121.4270833    16.000   -39.891    11.912    -0.216     0.000     0.000     0.000     0.000     0.000     0.000     0.000     0.000
 121.4270833    15.500   -40.083    11.791    -0.216     0.000     0.000     0.000     0.000     0.000     0.000     0.000     0.000
 121.4270833    15.000   -40.276    11.671    -0.216     0.000     0.000     0.000     0.000     0.000     0.000     0.000     0.000
 121.4270833    14.500   -40.470    11.550    -0.216     0.000     0.000     0.000     0.000     0.000     0.000     0.000     0.000
 121.4270833    14.000   -40.666    11.429    -0.216     0.000     0.000     0.000     0.000     0.000     0.000     0.000     0.000
 121.4270833    13.500   -40.862    11.308    -0.216     0.000     0.000     0.000     0.000     0.000     0.000     0.000     0.000
 121.4270833    13.000   -41.060    11.187    -0.216     0.000     0.000     0.000     0.000     0.000     0.000     0.000     0.000
 121.4270833    12.500   -41.259    11.066    -0.216     0.000     0.000     0.000     0.000     0.000     0.000     0.000     0.000
 121.4270833    12.000   -41.460    10.944    -0.216     0.000     0.000     0.000     0.000     0.000     0.000     0.000     0.000
 121.4270833    11.500   -41.662    10.823    -0.216     0.000     0.000     0.000     0.000     0.000     0.000     0.000     0.000
 121.4270833    11.000   -41.866    10.701    -0.216     0.000     0.000     0.000     0.000     0.000     0.000     0.000     0.000
 121.4270833    10.500   -42.072    10.579    -0.216     0.000     0.000     0.000     0.000     0.000     0.000     0.000     0.000
 121.4270833    10.000   -42.279    10.458    -0.216     0.000     0.000     0.000     0.000     0.000     0.000   269.942   360.408
 121.4270833     9.500   -32.590    10.297    -0.161     0.000     0.000     0.000     0.000     0.000     0.000   280.590   361.151
 121.4270833     9.000   -21.311    10.122    -0.119     0.000     0.000     0.000     0.000     0.000     0.000   293.174   362.239
 121.4270833     8.500   -11.407     9.943    -0.089     0.000     0.000     0.000     0.000     0.000     0.000   304.558   363.498
 121.4270833     8.000    -3.397     9.762    -0.066     0.000     0.000     0.000     0.000     0.000     0.000   314.183   364.895
 121.4270833     7.500     2.759     9.581    -0.049     0.000     0.000     0.000     0.000     0.000     0.000   322.081   366.420
 121.4270833     7.000     7.284     9.402    -0.037     0.000     0.000     0.000     0.000     0.000     0.000   328.468   368.067
 121.4270833     6.500    10.450     9.225    -0.027     0.000     0.000     0.000     0.000     0.000     0.000   333.600   369.822
 121.4270833     6.000    12.517     9.052    -0.020     0.000     0.000     0.000     0.000     0.000     0.000   337.719   371.665
 121.4270833     5.500    13.723     8.884    -0.015     0.000     0.000     0.000     0.000     0.000     0.000   341.029   373.564
 121.4270833     5.000    14.276     8.720    -0.011     0.000     0.000     0.000     0.000     0.000     0.000   343.695   375.478
 121.4270833     4.500    14.355     8.562    -0.008     0.000     0.000     0.000     0.000     0.000     0.000   345.847   377.358
 121.4270833     4.000    14.110     8.410    -0.006     0.000     0.000     0.000     0.000     0.000     0.000   347.584   379.152
 121.4270833     3.500    13.664     8.264    -0.005     0.000     0.000     0.000     0.000     0.000     0.000   348.980   380.811
 121.4270833     3.000    13.121     8.126    -0.003     0.000     0.000     0.000     0.000     0.000     0.000   350.090   382.287
 121.4270833     2.500    12.562     7.995    -0.003     0.000     0.000     0.000     0.000     0.000     0.000   350.956   383.542
 121.4270833     2.000    12.049     7.872    -0.002     0.000     0.000     0.000     0.000     0.000     0.000   351.610   384.548
 121.4270833     1.500    11.619     7.758    -0.001     0.000     0.000     0.000     0.000     0.000     0.000   352.075   385.290
 121.4270833     1.000    11.292     7.654    -0.001     0.000     0.000     0.000     0.000     0.000     0.000   352.371   385.769
 121.4270833     0.500    11.072     7.560    -0.001     0.000     0.000     0.000     0.000     0.000     0.000     0.000     0.000
 121.4479167    23.000   -24.415     5.387    -0.051     0.000     0.000     0.000     0.000     0.000     0.000     0.000     0.000
 121.4479167    22.500   -24.483     5.270    -0.051     0.000     0.000     0.000     0.000     0.000     0.000     0.000     0.000
 121.4479167    22.000   -24.572     5.157    -0.051     0.000     0.000     0.000     0.000     0.000     0.000     0.000     0.000
 121.4479167    21.500   -24.683     5.049    -0.051     0.000     0.000     0.000     0.000     0.000     0.000     0.000     0.000
 121.4479167    21.000   -24.814     4.946    -0.051     0.000     0.000     0.000     0.000     0.000     0.000     0.000     0.000
 121.4479167    20.500   -24.967     4.847    -0.051     0.000     0.000     0.000     0.000     0.000     0.000     0.000     0.000
 121.4479167    20.000   -25.141     4.752    -0.051     0.000     0.000     0.000     0.000     0.000     0.000     0.000     0.000
 121.4479167    19.500   -25.337     4.661    -0.051     0.000     0.000     0.000     0.000     0.000     0.000     0.000     0.000
 121.4479167    19.000   -25.554     4.574    -0.051     0.000     0.000     0.000     0.000     0.000     0.000     0.000     0.000
 121.4479167    18.500   -25.792     4.491    -0.051     0.000     0.000     0.000     0.000     0.000     0.000     0.000     0.000
 121.4479167    18.000   -26.052     4.410    -0.051     0.000     0.000     0.000     0.000     0.000     0.000     0.000     0.000
 121.4479167    17.500   -26.333     4.334    -0.051     0.000     0.000     0.000     0.000     0.000     0.000     0.000     0.000
 121.4479167    17.000   -26.636     4.260    -0.051     0.000     0.000     0.000     0.000     0.000     0.000     0.000     0.000
 121.4479167    16.500   -26.962     4.189    -0.051     0.000     0.000     0.000     0.000     0.000     0.000     0.000     0.000
 121.4479167    16.000   -27.309     4.121    -0.051     0.000     0.000     0.000     0.000     0.000     0.000     0.000     0.000
 121.4479167    15.500   -27.678     4.056    -0.051     0.000     0.000     0.000     0.000     0.000     0.000     0.000     0.000
 121.4479167    15.000   -28.070     3.993    -0.051     0.000     0.000     0.000     0.000     0.000     0.000     0.000     0.000
 121.4479167    14.500   -28.485     3.933    -0.051     0.000     0.000     0.000     0.000     0.000     0.000     0.000     0.000
 121.4479167    14.000   -28.922     3.875    -0.051     0.000     0.000     0.000     0.000     0.000     0.000     0.000     0.000
 121.4479167    13.500   -29.383     3.818    -0.051     0.000     0.000     0.000     0.000     0.000     0.000     0.000     0.000
 121.4479167    13.000   -29.867     3.764    -0.051     0.000     0.000     0.000     0.000     0.000     0.000     0.000     0.000
 121.4479167    12.500   -30.375     3.712    -0.051     0.000     0.000     0.000     0.000     0.000     0.000     0.000     0.000
 121.4479167    12.000   -30.907     3.661    -0.051     0.000     0.000     0.000     0.000     0.000     0.000     0.000     0.000
 121.4479167    11.500   -31.463     3.612    -0.051     0.000     0.000     0.000     0.000     0.000     0.000     0.000     0.000
 121.4479167    11.000   -32.045     3.564    -0.051     0.000     0.000     0.000     0.000     0.000     0.000     0.000     0.000
 121.4479167    10.500   -32.654     3.518    -0.051     0.000     0.000     0.000     0.000     0.000     0.000     0.000     0.000
 121.4479167    10.000   -33.292     3.473    -0.051     0.000     0.000     0.000     0.000     0.000     0.000   269.003   353.570
 121.4479167     9.500   -25.124     3.403    -0.035     0.000     0.000     0.000     0.000     0.000     0.000   278.813   354.429
 121.4479167     9.000   -15.755     3.325    -0.024     0.000     0.000     0.000     0.000     0.000     0.000   290.372   355.754
 121.4479167     8.500    -7.820     3.246    -0.017     0.000     0.000     0.000     0.000     0.000     0.000   300.815   357.353
 121.4479167     8.000    -1.732     3.169    -0.012     0.000     0.000     0.000     0.000     0.000     0.000   309.656   359.172
 121.4479167     7.500     2.609     3.095    -0.008     0.000     0.000     0.000     0.000     0.000     0.000   316.942   361.181
 121.4479167     7.000     5.470     3.026    -0.006     0.000     0.000     0.000     0.000     0.000     0.000   322.884   363.345
 121.4479167     6.500     7.156     2.963    -0.004     0.000     0.000     0.000     0.000     0.000     0.000   327.725   365.622
 121.4479167     6.000     7.957     2.908    -0.003     0.000     0.000     0.000     0.000     0.000     0.000   331.687   367.961
 121.4479167     5.500     8.130     2.863    -0.002     0.000     0.000     0.000     0.000     0.000     0.000   334.954   370.306
 121.4479167     5.000     7.892     2.831    -0.001     0.000     0.000     0.000     0.000     0.000     0.000   337.669   372.596
 121.4479167     4.500     7.415     2.814    -0.001     0.000     0.000     0.000     0.000     0.000     0.000   339.938   374.770
 121.4479167     4.000     6.830     2.816    -0.001     0.000     0.000     0.000     0.000     0.000     0.000   341.835   376.780
 121.4479167     3.500     6.236     2.845    -0.001     0.000     0.000     0.000     0.000     0.000     0.000   343.412   378.581
 121.4479167     3.000     5.710     2.908    -0.000     0.000     0.000     0.000     0.000     0.000     0.000   344.710   380.135
 121.4479167     2.500     5.311     3.020    -0.000     0.000     0.000     0.000     0.000     0.000     0.000   345.757   381.415
 121.4479167     2.000     5.080     3.203    -0.000     0.000     0.000     0.000     0.000     0.000     0.000   346.574   382.409
 121.4479167     1.500     5.056     3.498    -0.000     0.000     0.000     0.000     0.000     0.000     0.000   347.177   383.115
 121.4479167     1.000     5.281     3.976    -0.000     0.000     0.000     0.000     0.000     0.000     0.000   347.579   383.549
 121.4479167     0.500     5.822     4.765    -0.000     0.000     0.000     0.000     0.000     0.000     0.000     0.000     0.000
 121.4687500    23.000   -58.005    20.923    -0.139     0.000     0.000     0.000     0.000     0.000     0.000     0.000     0.000
 121.4687500    22.500   -58.003    20.737    -0.139     0.000     0.000     0.000     0.000     0.000     0.000     0.000     0.000
 121.4687500    22.000   -57.979    20.547    -0.139     0.000     0.000     0.000     0.000     0.000     0.000     0.000     0.000
 121.4687500    21.500   -57.934    20.352    -0.139     0.000     0.000     0.000     0.000     0.000     0.000     0.000     0.000
 121.4687500    21.000   -57.867    20.154    -0.139     0.000     0.000     0.000     0.000     0.000     0.000     0.000     0.000
 121.4687500    20.500   -57.779    19.951    -0.139     0.000     0.000     0.000     0.000     0.000     0.000     0.000     0.000
 121.4687500    20.000   -57.669    19.745    -0.139     0.000     0.000     0.000     0.000     0.000     0.000     0.000     0.000
 121.4687500    19.500   -57.537    19.536    -0.139     0.000     0.000     0.000     0.000     0.000     0.000     0.000     0.000
 121.4687500    19.000   -57.384    19.323    -0.139     0.000     0.000     0.000     0.000     0.000     0.000     0.000     0.000
 121.4687500    18.500   -57.210    19.108    -0.139     0.000     0.000     0.000     0.000     0.000     0.000     0.000     0.000
 121.4687500    18.000   -57.013    18.889    -0.139     0.000     0.000     0.000     0.000     0.000     0.000     0.000     0.000
 121.4687500    17.500   -56.795    18.668    -0.139     0.000     0.000     0.000     0.000     0.000     0.000     0.000     0.000
 121.4687500    17.000   -56.554    18.444    -0.139     0.000     0.000     0.000     0.000     0.000     0.000     0.000     0.000
 121.4687500    16.500   -56.291    18.217    -0.139     0.000     0.000     0.000     0.000     0.000     0.000     0.000     0.000
 121.4687500    16.000   -56.006    17.989    -0.139     0.000     0.000     0.000     0.000     0.000     0.000     0.000     0.000
 121.4687500    15.500   -55.698    17.758    -0.139     0.000     0.000     0.000     0.000     0.000     0.000     0.000     0.000
 121.4687500    15.000   -55.367    17.526    -0.139     0.000     0.000     0.000     0.000     0.000     0.000     0.000     0.000
 121.4687500    14.500   -55.014    17.292    -0.139     0.000     0.000     0.000     0.000     0.000     0.000     0.000     0.000
 121.4687500    14.000   -54.637    17.056    -0.139     0.000     0.000     0.000     0.000     0.000     0.000     0.000     0.000
 121.4687500    13.500   -54.236    16.819    -0.139     0.000     0.000     0.000     0.000     0.000     0.000     0.000     0.000
 121.4687500    13.000   -53.812    16.580    -0.139     0.000     0.000     0.000     0.000     0.000     0.000     0.000     0.000
 121.4687500    12.500   -53.364    16.340    -0.139     0.000     0.000     0.000     0.000     0.000     0.000     0.000     0.000
 121.4687500    12.000   -52.890    16.099    -0.139     0.000     0.000     0.000     0.000     0.000     0.000     0.000     0.000
 121.4687500    11.500   -52.392    15.858    -0.139     0.000     0.000     0.000     0.000     0.000     0.000     0.000     0.000
 121.4687500    11.000   -51.868    15.615    -0.139     0.000     0.000     0.000     0.000     0.000     0.000     0.000     0.000
 121.4687500    10.500   -51.315    15.372    -0.139     0.000     0.000     0.000     0.000     0.000     0.000     0.000     0.000
 121.4687500    10.000   -50.733    15.129    -0.139     0.000     0.000     0.000     0.000     0.000     0.000   268.068   353.505
 121.4687500     9.500   -40.707    14.852    -0.100     0.000     0.000     0.000     0.000     0.000     0.000   278.072   354.266
 121.4687500     9.000   -29.217    14.563    -0.072     0.000     0.000     0.000     0.000     0.000     0.000   289.853   355.441
 121.4687500     8.500   -19.080    14.270    -0.052     0.000     0.000     0.000     0.000     0.000     0.000   300.477   356.864
 121.4687500     8.000   -10.788    13.973    -0.038     0.000     0.000     0.000     0.000     0.000     0.000   309.443   358.497
 121.4687500     7.500    -4.297    13.675    -0.027     0.000     0.000     0.000     0.000     0.000     0.000   316.798   360.319
 121.4687500     7.000     0.612    13.374    -0.020     0.000     0.000     0.000     0.000     0.000     0.000   322.760   362.307
 121.4687500     6.500     4.201    13.072    -0.014     0.000     0.000     0.000     0.000     0.000     0.000   327.581   364.426
 121.4687500     6.000     6.726    12.767    -0.011     0.000     0.000     0.000     0.000     0.000     0.000   331.491   366.633
 121.4687500     5.500     8.416    12.458    -0.008     0.000     0.000     0.000     0.000     0.000     0.000   334.682   368.873
 121.4687500     5.000     9.472    12.143    -0.006     0.000     0.000     0.000     0.000     0.000     0.000   337.309   371.086
 121.4687500     4.500    10.058    11.821    -0.004     0.000     0.000     0.000     0.000     0.000     0.000   339.484   373.211
 121.4687500     4.000    10.311    11.487    -0.003     0.000     0.000     0.000     0.000     0.000     0.000   341.291   375.190
 121.4687500     3.500    10.340    11.137    -0.002     0.000     0.000     0.000     0.000     0.000     0.000   342.791   376.970
 121.4687500     3.000    10.228    10.761    -0.002     0.000     0.000     0.000     0.000     0.000     0.000   344.026   378.508
 121.4687500     2.500    10.036    10.345    -0.001     0.000     0.000     0.000     0.000     0.000     0.000   345.027   379.774
 121.4687500     2.000     9.791     9.866    -0.001     0.000     0.000     0.000     0.000     0.000     0.000   345.815   380.751
 121.4687500     1.500     9.483     9.280    -0.001     0.000     0.000     0.000     0.000     0.000     0.000   346.401   381.442
 121.4687500     1.000     9.054     8.516    -0.000     0.000     0.000     0.000     0.000     0.000     0.000   346.794   381.864
 121.4687500     0.500     8.384     7.442    -0.000     0.000     0.000     0.000     0.000     0.000     0.000     0.000     0.000
 121.4895833    23.000   -43.945    12.436    -0.305     0.000     0.000     0.000     0.000     0.000     0.000     0.000     0.000
 121.4895833    22.500   -44.068    12.369    -0.305     0.000     0.000     0.000     0.000     0.000     0.000     0.000     0.000
 121.4895833    22.000   -44.190    12.302    -0.305     0.000     0.000     0.000     0.000     0.000     0.000     0.000     0.000
 121.4895833    21.500   -44.313    12.234    -0.305     0.000     0.000     0.000     0.000     0.000     0.000     0.000     0.000
 121.4895833    21.000   -44.434    12.165    -0.305     0.000     0.000     0.000     0.000     0.000     0.000     0.000     0.000
 121.4895833    20.500   -44.555    12.095    -0.305     0.000     0.000     0.000     0.000     0.000     0.000     0.000     0.000
 121.4895833    20.000   -44.675    12.024    -0.305     0.000     0.000     0.000     0.000     0.000     0.000     0.000     0.000
 121.4895833    19.500   -44.795    11.952    -0.305     0.000     0.000     0.000     0.000     0.000     0.000     0.000     0.000
 121.4895833    19.000   -44.914    11.879    -0.305     0.000     0.000     0.000     0.000     0.000     0.000     0.000     0.000
 121.4895833    18.500   -45.033    11.806    -0.305     0.000     0.000     0.000     0.000     0.000     0.000     0.000     0.000
 121.4895833    18.000   -45.151    11.731    -0.305     0.000     0.000     0.000     0.000     0.000     0.000     0.000     0.000
 121.4895833    17.500   -45.268    11.656    -0.305     0.000     0.000     0.000     0.000     0.000     0.000     0.000     0.000
 121.4895833    17.000   -45.385    11.579    -0.305     0.000     0.000     0.000     0.000     0.000     0.000     0.000     0.000
 121.4895833    16.500   -45.501    11.502    -0.305     0.000     0.000     0.000     0.000     0.000     0.000     0.000     0.000
 121.4895833    16.000   -45.616    11.424    -0.305     0.000     0.000     0.000     0.000     0.000     0.000     0.000     0.000
 121.4895833    15.500   -45.731    11.344    -0.305     0.000     0.000     0.000     0.000     0.000     0.000     0.000     0.000
 121.4895833    15.000   -45.845    11.264    -0.305     0.000     0.000     0.000     0.000     0.000     0.000     0.000     0.000
 121.4895833    14.500   -45.958    11.183    -0.305     0.000     0.000     0.000     0.000     0.000     0.000     0.000     0.000
 121.4895833    14.000   -46.070    11.100    -0.305     0.000     0.000     0.000     0.000     0.000     0.000     0.000     0.000
 121.4895833    13.500   -46.182    11.017    -0.305     0.000     0.000     0.000     0.000     0.000     0.000     0.000     0.000
 121.4895833    13.000   -46.293    10.933    -0.305     0.000     0.000     0.000     0.000     0.000     0.000     0.000     0.000
 121.4895833    12.500   -46.403    10.847    -0.305     0.000     0.000     0.000     0.000     0.000     0.000     0.000     0.000
 121.4895833    12.000   -46.512    10.761    -0.305     0.000     0.000     0.000     0.000     0.000     0.000     0.000     0.000
 121.4895833    11.500   -46.620    10.673    -0.305     0.000     0.000     0.000     0.000     0.000     0.000     0.000     0.000
 121.4895833    11.000   -46.728    10.584    -0.305     0.000     0.000     0.000     0.000     0.000     0.000     0.000     0.000
 121.4895833    10.500   -46.834    10.494    -0.305     0.000     0.000     0.000     0.000     0.000     0.000     0.000     0.000
 121.4895833    10.000   -46.940    10.403    -0.305     0.000     0.000     0.000     0.000     0.000     0.000   266.703   357.058
 121.4895833     9.500   -37.011    10.268    -0.228     0.000     0.000     0.000     0.000     0.000     0.000   277.391   357.739
 121.4895833     9.000   -25.445    10.116    -0.171     0.000     0.000     0.000     0.000     0.000     0.000   290.019   358.732
 121.4895833     8.500   -15.240     9.957    -0.128     0.000     0.000     0.000     0.000     0.000     0.000   301.433   359.877
 121.4895833     8.000    -6.926     9.795    -0.096     0.000     0.000     0.000     0.000     0.000     0.000   311.074   361.144
 121.4895833     7.500    -0.468     9.631    -0.072     0.000     0.000     0.000     0.000     0.000     0.000   318.974   362.524
 121.4895833     7.000     4.358     9.467    -0.054     0.000     0.000     0.000     0.000     0.000     0.000   325.352   364.014
 121.4895833     6.500     7.818     9.303    -0.040     0.000     0.000     0.000     0.000     0.000     0.000   330.466   365.605
 121.4895833     6.000    10.172     9.139    -0.030     0.000     0.000     0.000     0.000     0.000     0.000   334.559   367.278
 121.4895833     5.500    11.653     8.976    -0.022     0.000     0.000     0.000     0.000     0.000     0.000   337.836   369.005
 121.4895833     5.000    12.465     8.814    -0.017     0.000     0.000     0.000     0.000     0.000     0.000   340.466   370.751
 121.4895833     4.500    12.782     8.653    -0.013     0.000     0.000     0.000     0.000     0.000     0.000   342.580   372.471
 121.4895833     4.000    12.754     8.492    -0.009     0.000     0.000     0.000     0.000     0.000     0.000   344.278   374.117
 121.4895833     3.500    12.503     8.332    -0.007     0.000     0.000     0.000     0.000     0.000     0.000   345.636   375.642
 121.4895833     3.000    12.127     8.171    -0.005     0.000     0.000     0.000     0.000     0.000     0.000   346.711   377.003
 121.4895833     2.500    11.707     8.010    -0.004     0.000     0.000     0.000     0.000     0.000     0.000   347.545   378.162
 121.4895833     2.000    11.303     7.848    -0.003     0.000     0.000     0.000     0.000     0.000     0.000   348.173   379.094
 121.4895833     1.500    10.954     7.684    -0.002     0.000     0.000     0.000     0.000     0.000     0.000   348.617   379.783
 121.4895833     1.000    10.679     7.519    -0.002     0.000     0.000     0.000     0.000     0.000     0.000   348.897   380.228
 121.4895833     0.500    10.483     7.351    -0.001     0.000     0.000     0.000     0.000     0.000     0.000     0.000     0.000
 121.5104167    23.000   -48.685     9.160    -0.348     0.000     0.000     0.000     0.000     0.000     0.000     0.000     0.000
 121.5104167    22.500   -48.735     9.126    -0.348     0.000     0.000     0.000     0.000     0.000     0.000     0.000     0.000
 121.5104167    22.000   -48.785     9.093    -0.348     0.000     0.000     0.000     0.000     0.000     0.000     0.000     0.000
 121.5104167    21.500   -48.835     9.060    -0.348     0.000     0.000     0.000     0.000     0.000     0.000     0.000     0.000
 121.5104167    21.000   -48.885     9.027    -0.348     0.000     0.000     0.000     0.000     0.000     0.000     0.000     0.000
 121.5104167    20.500   -48.935     8.994    -0.348     0.000     0.000     0.000     0.000     0.000     0.000     0.000     0.000
 121.5104167    20.000   -48.985     8.961    -0.348     0.000     0.000     0.000     0.000     0.000     0.000     0.000     0.000
 121.5104167    19.500   -49.035     8.928    -0.348     0.000     0.000     0.000     0.000     0.000     0.000     0.000     0.000
 121.5104167    19.000   -49.085     8.895    -0.348     0.000     0.000     0.000     0.000     0.000     0.000     0.000     0.000
 121.5104167    18.500   -49.136     8.863    -0.348     0.000     0.000     0.000     0.000     0.000     0.000     0.000     0.000
 121.5104167    18.000   -49.186     8.830    -0.348     0.000     0.000     0.000     0.000     0.000     0.000     0.000     0.000
 121.5104167    17.500   -49.236     8.798    -0.348     0.000     0.000     0.000     0.000     0.000     0.000     0.000     0.000
 121.5104167    17.000   -49.287     8.765    -0.348     0.000     0.000     0.000     0.000     0.000     0.000     0.000     0.000
 121.5104167    16.500   -49.337     8.733    -0.348     0.000     0.000     0.000     0.000     0.000     0.000     0.000     0.000
 121.5104167    16.000   -49.388     8.701    -0.348     0.000     0.000     0.000     0.000     0.000     0.000     0.000     0.000
 121.5104167    15.500   -49.438     8.669    -0.348     0.000     0.000     0.000     0.000     0.000     0.000     0.000     0.000
 121.5104167    15.000   -49.489     8.637    -0.348     0.000     0.000     0.000     0.000     0.000     0.000     0.000     0.000
 121.5104167    14.500   -49.540     8.605    -0.348     0.000     0.000     0.000     0.000     0.000     0.000     0.000     0.000
 121.5104167    14.000   -49.590     8.573    -0.348     0.000     0.000     0.000     0.000     0.000     0.000     0.000     0.000
 121.5104167    13.500   -49.641     8.541    -0.348     0.000     0.000     0.000     0.000     0.000     0.000     0.000     0.000
 121.5104167    13.000   -49.692     8.509    -0.348     0.000     0.000     0.000     0.000     0.000     0.000     0.000     0.000
 121.5104167    12.500   -49.744     8.478    -0.348     0.000     0.000     0.000     0.000     0.000     0.000     0.000     0.000
 121.5104167    12.000   -49.795     8.446    -0.348     0.000     0.000     0.000     0.000     0.000     0.000     0.000     0.000
 121.5104167    11.500   -49.846     8.414    -0.348     0.000     0.000     0.000     0.000     0.000     0.000     0.000     0.000
 121.5104167    11.000   -49.898     8.383    -0.348     0.000     0.000     0.000     0.000     0.000     0.000     0.000     0.000
 121.5104167    10.500   -49.949     8.352    -0.348     0.000     0.000     0.000     0.000     0.000     0.000     0.000     0.000
 121.5104167    10.000   -50.001     8.320    -0.348     0.000     0.000     0.000     0.000     0.000     0.000   264.556   356.078
 121.5104167     9.500   -39.837     8.248    -0.261     0.000     0.000     0.000     0.000     0.000     0.000   275.405   356.742
 121.5104167     9.000   -27.996     8.160    -0.195     0.000     0.000     0.000     0.000     0.000     0.000   288.221   357.708
 121.5104167     8.500   -17.533     8.067    -0.146     0.000     0.000     0.000     0.000     0.000     0.000   299.801   358.820
 121.5104167     8.000    -8.987     7.973    -0.110     0.000     0.000     0.000     0.000     0.000     0.000   309.580   360.047
 121.5104167     7.500    -2.320     7.880    -0.082     0.000     0.000     0.000     0.000     0.000     0.000   317.588   361.383
 121.5104167     7.000     2.693     7.788    -0.062     0.000     0.000     0.000     0.000     0.000     0.000   324.049   362.824
 121.5104167     6.500     6.321     7.700    -0.046     0.000     0.000     0.000     0.000     0.000     0.000   329.225   364.362
 121.5104167     6.000     8.829     7.616    -0.035     0.000     0.000     0.000     0.000     0.000     0.000   333.364   365.980
 121.5104167     5.500    10.451     7.535    -0.026     0.000     0.000     0.000     0.000     0.000     0.000   336.675   367.652
 121.5104167     5.000    11.392     7.460    -0.019     0.000     0.000     0.000     0.000     0.000     0.000   339.327   369.342
 121.5104167     4.500    11.828     7.389    -0.015     0.000     0.000     0.000     0.000     0.000     0.000   341.455   371.009
 121.5104167     4.000    11.909     7.324    -0.011     0.000     0.000     0.000     0.000     0.000     0.000   343.161   372.605
 121.5104167     3.500    11.758     7.264    -0.008     0.000     0.000     0.000     0.000     0.000     0.000   344.524   374.085
 121.5104167     3.000    11.474     7.209    -0.006     0.000     0.000     0.000     0.000     0.000     0.000   345.600   375.407
 121.5104167     2.500    11.139     7.159    -0.005     0.000     0.000     0.000     0.000     0.000     0.000   346.435   376.534
 121.5104167     2.000    10.812     7.114    -0.003     0.000     0.000     0.000     0.000     0.000     0.000   347.061   377.440
 121.5104167     1.500    10.533     7.073    -0.003     0.000     0.000     0.000     0.000     0.000     0.000   347.503   378.111
 121.5104167     1.000    10.324     7.036    -0.002     0.000     0.000     0.000     0.000     0.000     0.000   347.782   378.545
 121.5104167     0.500    10.190     7.001    -0.001     0.000     0.000     0.000     0.000     0.000     0.000     0.000     0.000
 121.5312500    23.000   -47.969     9.374    -0.253     0.000     0.000     0.000     0.000     0.000     0.000     0.000     0.000
 121.5312500    22.500   -48.027     9.323    -0.253     0.000     0.000     0.000     0.000     0.000     0.000     0.000     0.000
 121.5312500    22.000   -48.087     9.273    -0.253     0.000     0.000     0.000     0.000     0.000     0.000     0.000     0.000
 121.5312500    21.500   -48.149     9.222    -0.253     0.000     0.000     0.000     0.000     0.000     0.000     0.000     0.000
 121.5312500    21.000   -48.212     9.172    -0.253     0.000     0.000     0.000     0.000     0.000     0.000     0.000     0.000
 121.5312500    20.500   -48.278     9.122    -0.253     0.000     0.000     0.000     0.000     0.000     0.000     0.000     0.000
 121.5312500    20.000   -48.345     9.072    -0.253     0.000     0.000     0.000     0.000     0.000     0.000     0.000     0.000
 121.5312500    19.500   -48.414     9.023    -0.253     0.000     0.000     0.000     0.000     0.000     0.000     0.000     0.000
 121.5312500    19.000   -48.485     8.973    -0.253     0.000     0.000     0.000     0.000     0.000     0.000     0.000     0.000
 121.5312500    18.500   -48.559     8.924    -0.253     0.000     0.000     0.000     0.000     0.000     0.000     0.000     0.000
 121.5312500    18.000   -48.634     8.874    -0.253     0.000     0.000     0.000     0.000     0.000     0.000     0.000     0.000
 121.5312500    17.500   -48.711     8.825    -0.253     0.000     0.000     0.000     0.000     0.000     0.000     0.000     0.000
 121.5312500    17.000   -48.790     8.776    -0.253     0.000     0.000     0.000     0.000     0.000     0.000     0.000     0.000
 121.5312500    16.500   -48.871     8.727    -0.253     0.000     0.000     0.000     0.000     0.000     0.000     0.000     0.000
 121.5312500    16.000   -48.954     8.678    -0.253     0.000     0.000     0.000     0.000     0.000     0.000     0.000     0.000
 121.5312500    15.500   -49.039     8.630    -0.253     0.000     0.000     0.000     0.000     0.000     0.000     0.000     0.000
 121.5312500    15.000   -49.127     8.581    -0.253     0.000     0.000     0.000     0.000     0.000     0.000     0.000     0.000
 121.5312500    14.500   -49.217     8.533    -0.253     0.000     0.000     0.000     0.000     0.000     0.000     0.000     0.000
 121.5312500    14.000   -49.308     8.485    -0.253     0.000     0.000     0.000     0.000     0.000     0.000     0.000     0.000
 121.5312500    13.500   -49.403     8.437    -0.253     0.000     0.000     0.000     0.000     0.000     0.000     0.000     0.000
 121.5312500    13.000   -49.499     8.389    -0.253     0.000     0.000     0.000     0.000     0.000     0.000     0.000     0.000
 121.5312500    12.500   -49.598     8.342    -0.253     0.000     0.000     0.000     0.000     0.000     0.000     0.000     0.000
 121.5312500    12.000   -49.700     8.294    -0.253     0.000     0.000     0.000     0.000     0.000     0.000     0.000     0.000
 121.5312500    11.500   -49.804     8.247    -0.253     0.000     0.000     0.000     0.000     0.000     0.000     0.000     0.000
 121.5312500    11.000   -49.911     8.200    -0.253     0.000     0.000     0.000     0.000     0.000     0.000     0.000     0.000
 121.5312500    10.500   -50.021     8.153    -0.253     0.000     0.000     0.000     0.000     0.000     0.000     0.000     0.000
 121.5312500    10.000   -50.135     8.107    -0.253     0.088     0.146     0.376     0.318     0.020     0.185   261.552   354.552
 121.5312500     9.500   -40.002     7.985    -0.188     0.026     0.044     0.330     0.338     0.015     0.140   272.574   355.229
 121.5312500     9.000   -28.170     7.873    -0.140     0.005     0.008     0.273     0.320     0.012     0.114   285.592   356.217
 121.5312500     8.500   -17.722     7.766    -0.104     0.001     0.001     0.222     0.290     0.010     0.099   297.357   357.353
 121.5312500     8.000    -9.204     7.660    -0.077     0.000     0.000     0.180     0.260     0.008     0.086   307.295   358.605
 121.5312500     7.500    -2.577     7.555    -0.058     0.000     0.000     0.146     0.232     0.007     0.075   315.437   359.962
 121.5312500     7.000     2.388     7.453    -0.043     0.000     0.000     0.119     0.208     0.006     0.065   322.010   361.422
 121.5312500     6.500     5.968     7.354    -0.032     0.000     0.000     0.098     0.188     0.005     0.057   327.281   362.974
 121.5312500     6.000     8.428     7.261    -0.024     0.000     0.000     0.082     0.170     0.004     0.049   331.499   364.602
 121.5312500     5.500    10.008     7.172    -0.018     0.000     0.000     0.070     0.155     0.004     0.043   334.878   366.277
 121.5312500     5.000    10.916     7.090    -0.013     0.000     0.000     0.060     0.142     0.004     0.038   337.589   367.965
 121.5312500     4.500    11.328     7.015    -0.010     0.000     0.000     0.052     0.131     0.003     0.033   339.767   369.622
 121.5312500     4.000    11.395     6.947    -0.007     0.000     0.000     0.046     0.122     0.003     0.029   341.518   371.205
 121.5312500     3.500    11.240     6.887    -0.005     0.000     0.000     0.042     0.114     0.003     0.026   342.920   372.667
 121.5312500     3.000    10.961     6.836    -0.004     0.000     0.000     0.038     0.108     0.003     0.023   344.029   373.968
 121.5312500     2.500    10.637     6.794    -0.003     0.000     0.000     0.036     0.103     0.003     0.021   344.892   375.075
 121.5312500     2.000    10.328     6.762    -0.002     0.000     0.000     0.034     0.099     0.003     0.019   345.540   375.961
 121.5312500     1.500    10.073     6.741    -0.002     0.000     0.000     0.032     0.097     0.003     0.018   346.000   376.615
 121.5312500     1.000     9.893     6.733    -0.001     0.000     0.000     0.031     0.095     0.003     0.017   346.291   377.037
 121.5312500     0.500     9.794     6.737    -0.001     0.000     0.000     0.000     0.000     0.000     0.000     0.000     0.000
 121.5520833    23.000   -27.399     4.107    -0.039     0.000     0.000     0.000     0.000     0.000     0.000     0.000     0.000
 121.5520833    22.500   -27.328     4.036    -0.039     0.000     0.000     0.000     0.000     0.000     0.000     0.000     0.000
 121.5520833    22.000   -27.284     3.971    -0.039     0.000     0.000     0.000     0.000     0.000     0.000     0.000     0.000
 121.5520833    21.500   -27.267     3.911    -0.039     0.000     0.000     0.000     0.000     0.000     0.000     0.000     0.000
 121.5520833    21.000   -27.276     3.857    -0.039     0.000     0.000     0.000     0.000     0.000     0.000     0.000     0.000
 121.5520833    20.500   -27.312     3.808    -0.039     0.000     0.000     0.000     0.000     0.000     0.000     0.000     0.000
 121.5520833    20.000   -27.374     3.764    -0.039     0.000     0.000     0.000     0.000     0.000     0.000     0.000     0.000
 121.5520833    19.500   -27.462     3.725    -0.039     0.000     0.000     0.000     0.000     0.000     0.000     0.000     0.000
 121.5520833    19.000   -27.576     3.692    -0.039     0.000     0.000     0.000     0.000     0.000     0.000     0.000     0.000
 121.5520833    18.500   -27.717     3.663    -0.039     0.000     0.000     0.000     0.000     0.000     0.000     0.000     0.000
 121.5520833    18.000   -27.883     3.640    -0.039     0.000     0.000     0.000     0.000     0.000     0.000     0.000     0.000
 121.5520833    17.500   -28.075     3.621    -0.039     0.000     0.000     0.000     0.000     0.000     0.000     0.000     0.000
 121.5520833    17.000   -28.293     3.607    -0.039     0.000     0.000     0.000     0.000     0.000     0.000     0.000     0.000
 121.5520833    16.500   -28.537     3.598    -0.039     0.000     0.000     0.000     0.000     0.000     0.000     0.000     0.000
 121.5520833    16.000   -28.807     3.594    -0.039     0.000     0.000     0.000     0.000     0.000     0.000     0.000     0.000
 121.5520833    15.500   -29.103     3.595    -0.039     0.000     0.000     0.000     0.000     0.000     0.000     0.000     0.000
 121.5520833    15.000   -29.424     3.600    -0.039     0.000     0.000     0.000     0.000     0.000     0.000     0.000     0.000
 121.5520833    14.500   -29.771     3.611    -0.039     0.000     0.000     0.000     0.000     0.000     0.000     0.000     0.000
 121.5520833    14.000   -30.144     3.626    -0.039     0.000     0.000     0.000     0.000     0.000     0.000     0.000     0.000
 121.5520833    13.500   -30.542     3.646    -0.039     0.000     0.000     0.000     0.000     0.000     0.000     0.000     0.000
 121.5520833    13.000   -30.966     3.671    -0.039     0.000     0.000     0.000     0.000     0.000     0.000     0.000     0.000
 121.5520833    12.500   -31.417     3.701    -0.039     0.000     0.000     0.000     0.000     0.000     0.000     0.000     0.000
 121.5520833    12.000   -31.893     3.736    -0.039     0.000     0.000     0.000     0.000     0.000     0.000     0.000     0.000
 121.5520833    11.500   -32.395     3.776    -0.039     0.000     0.000     0.000     0.000     0.000     0.000     0.000     0.000
 121.5520833    11.000   -32.925     3.821    -0.039     0.000     0.000     0.000     0.000     0.000     0.000     0.000     0.000
 121.5520833    10.500   -33.482     3.873    -0.039     0.000     0.000     0.000     0.000     0.000     0.000     0.000     0.000
 121.5520833    10.000   -34.069     3.930    -0.039     1.587     2.497     4.941     4.032     0.293     2.660   259.953   347.544
 121.5520833     9.500   -26.452     2.943    -0.027     0.475     0.748     4.351     4.458     0.209     1.929   270.223   348.308
 121.5520833     9.000   -17.342     2.367    -0.018     0.092     0.145     3.609     4.275     0.159     1.546   282.253   349.563
 121.5520833     8.500    -9.565     2.046    -0.012     0.016     0.025     2.936     3.884     0.128     1.329   293.085   351.110
 121.5520833     8.000    -3.622     1.838    -0.008     0.003     0.004     2.376     3.484     0.106     1.157   302.236   352.883
 121.5520833     7.500     0.585     1.701    -0.006     0.000     0.001     1.929     3.119     0.089     1.009   309.766   354.842
 121.5520833     7.000     3.338     1.613    -0.004     0.000     0.000     1.577     2.798     0.075     0.878   315.903   356.948
 121.5520833     6.500     4.951     1.563    -0.003     0.000     0.000     1.302     2.520     0.065     0.763   320.902   359.152
 121.5520833     6.000     5.715     1.546    -0.002     0.000     0.000     1.088     2.280     0.057     0.664   324.996   361.402
 121.5520833     5.500     5.890     1.552    -0.001     0.000     0.000     0.922     2.076     0.052     0.578   328.376   363.637
 121.5520833     5.000     5.688     1.577    -0.001     0.000     0.000     0.793     1.903     0.048     0.504   331.188   365.799
 121.5520833     4.500     5.275     1.618    -0.001     0.000     0.000     0.692     1.757     0.045     0.441   333.542   367.835
 121.5520833     4.000     4.777     1.674    -0.000     0.000     0.000     0.614     1.635     0.042     0.389   335.513   369.698
 121.5520833     3.500     4.279     1.752    -0.000     0.000     0.000     0.554     1.534     0.041     0.345   337.154   371.351
 121.5520833     3.000     3.850     1.860    -0.000     0.000     0.000     0.507     1.452     0.040     0.309   338.504   372.766
 121.5520833     2.500     3.544     2.012    -0.000     0.000     0.000     0.472     1.386     0.039     0.280   339.593   373.924
 121.5520833     2.000     3.396     2.235    -0.000     0.000     0.000     0.446     1.334     0.038     0.259   340.443   374.814
 121.5520833     1.500     3.442     2.574    -0.000     0.000     0.000     0.427     1.296     0.038     0.243   341.071   375.440
 121.5520833     1.000     3.720     3.105    -0.000     0.000     0.000     0.415     1.270     0.037     0.232   341.490   375.819
 121.5520833     0.500     4.289     3.954    -0.000     0.000     0.000     0.000     0.000     0.000     0.000     0.000     0.000
 121.5729167    23.000   -40.731    14.495    -0.033     0.000     0.000     0.000     0.000     0.000     0.000     0.000     0.000
 121.5729167    22.500   -40.478    14.458    -0.033     0.000     0.000     0.000     0.000     0.000     0.000     0.000     0.000
 121.5729167    22.000   -40.221    14.428    -0.033     0.000     0.000     0.000     0.000     0.000     0.000     0.000     0.000
 121.5729167    21.500   -39.959    14.404    -0.033     0.000     0.000     0.000     0.000     0.000     0.000     0.000     0.000
 121.5729167    21.000   -39.694    14.387    -0.033     0.000     0.000     0.000     0.000     0.000     0.000     0.000     0.000
 121.5729167    20.500   -39.424    14.376    -0.033     0.000     0.000     0.000     0.000     0.000     0.000     0.000     0.000
 121.5729167    20.000   -39.150    14.373    -0.033     0.000     0.000     0.000     0.000     0.000     0.000     0.000     0.000
 121.5729167    19.500   -38.871    14.377    -0.033     0.000     0.000     0.000     0.000     0.000     0.000     0.000     0.000
 121.5729167    19.000   -38.588    14.389    -0.033     0.000     0.000     0.000     0.000     0.000     0.000     0.000     0.000
 121.5729167    18.500   -38.301    14.409    -0.033     0.000     0.000     0.000     0.000     0.000     0.000     0.000     0.000
 121.5729167    18.000   -38.009    14.437    -0.033     0.000     0.000     0.000     0.000     0.000     0.000     0.000     0.000
 121.5729167    17.500   -37.711    14.473    -0.033     0.000     0.000     0.000     0.000     0.000     0.000     0.000     0.000
 121.5729167    17.000   -37.409    14.518    -0.033     0.000     0.000     0.000     0.000     0.000     0.000     0.000     0.000
 121.5729167    16.500   -37.102    14.572    -0.033     0.000     0.000     0.000     0.000     0.000     0.000     0.000     0.000
 121.5729167    16.000   -36.789    14.635    -0.033     0.000     0.000     0.000     0.000     0.000     0.000     0.000     0.000
 121.5729167    15.500   -36.470    14.708    -0.033     0.000     0.000     0.000     0.000     0.000     0.000     0.000     0.000
 121.5729167    15.000   -36.145    14.791    -0.033     0.000     0.000     0.000     0.000     0.000     0.000     0.000     0.000
 121.5729167    14.500   -35.813    14.883    -0.033     0.000     0.000     0.000     0.000     0.000     0.000     0.000     0.000
 121.5729167    14.000   -35.475    14.986    -0.033     0.000     0.000     0.000     0.000     0.000     0.000     0.000     0.000
 121.5729167    13.500   -35.130    15.100    -0.033     0.000     0.000     0.000     0.000     0.000     0.000     0.000     0.000
 121.5729167    13.000   -34.778    15.224    -0.033     0.000     0.000     0.000     0.000     0.000     0.000     0.000     0.000
 121.5729167    12.500   -34.418    15.359    -0.033     0.000     0.000     0.000     0.000     0.000     0.000     0.000     0.000
 121.5729167    12.000   -34.050    15.507    -0.033     0.000     0.000     0.000     0.000     0.000     0.000     0.000     0.000
 121.5729167    11.500   -33.673    15.666    -0.033     0.000     0.000     0.000     0.000     0.000     0.000     0.000     0.000
 121.5729167    11.000   -33.287    15.838    -0.033     0.000     0.000     0.000     0.000     0.000     0.000     0.000     0.000
 121.5729167    10.500   -32.891    16.023    -0.033     0.000     0.000     0.000     0.000     0.000     0.000     0.000     0.000
 121.5729167    10.000   -32.484    16.223    -0.033    10.174    15.276    21.896    16.794     1.376    12.652   261.012   348.308
 121.5729167     9.500   -26.413    12.823    -0.020     6.787    10.190    19.199    17.904     1.118    10.719   271.396   348.900
 121.5729167     9.000   -19.062     9.386    -0.012     3.914     5.876    15.996    18.112     0.863     8.793   283.519   349.928
 121.5729167     8.500   -12.386     6.750    -0.008     2.161     3.244    13.091    17.405     0.670     7.286   294.355   351.272
 121.5729167     8.000    -6.948     4.844    -0.005     1.181     1.773    10.650    16.211     0.530     6.124   303.431   352.890
 121.5729167     7.500    -2.840     3.505    -0.003     0.650     0.977     8.675    14.851     0.430     5.205   310.837   354.739
 121.5729167     7.000     0.060     2.591    -0.002     0.366     0.549     7.107    13.505     0.357     4.458   316.824   356.777
 121.5729167     6.500     1.967     1.988    -0.001     0.212     0.318     5.878    12.260     0.305     3.839   321.667   358.950
 121.5729167     6.000     3.110     1.610    -0.001     0.127     0.190     4.917    11.150     0.266     3.318   325.610   361.199
 121.5729167     5.500     3.691     1.403    -0.000     0.079     0.118     4.169    10.182     0.238     2.877   328.853   363.455
 121.5729167     5.000     3.880     1.334    -0.000     0.051     0.077     3.587     9.350     0.218     2.504   331.548   365.653
 121.5729167     4.500     3.814     1.373    -0.000     0.035     0.052     3.133     8.643     0.204     2.189   333.802   367.733
 121.5729167     4.000     3.616     1.491    -0.000     0.025     0.037     2.781     8.049     0.193     1.925   335.696   369.638
 121.5729167     3.500     3.362     1.683    -0.000     0.018     0.028     2.508     7.556     0.186     1.706   337.285   371.324
 121.5729167     3.000     3.125     1.933    -0.000     0.014     0.021     2.297     7.152     0.181     1.528   338.608   372.755
 121.5729167     2.500     2.955     2.238    -0.000     0.012     0.017     2.138     6.829     0.177     1.387   339.696   373.906
 121.5729167     2.000     2.881     2.587    -0.000     0.010     0.015     2.020     6.577     0.174     1.279   340.566   374.769
 121.5729167     1.500     2.905     2.971    -0.000     0.009     0.013     1.936     6.389     0.172     1.201   341.230   375.352
 121.5729167     1.000     2.992     3.367    -0.000     0.008     0.012     1.881     6.259     0.170     1.149   341.689   375.684
 121.5729167     0.500     3.071     3.725    -0.000     0.000     0.000     0.000     0.000     0.000     0.000     0.000     0.000
 121.5937500    23.000   -26.555    23.263    -0.024     0.000     0.000     0.000     0.000     0.000     0.000     0.000     0.000
 121.5937500    22.500   -26.338    23.554    -0.024     0.000     0.000     0.000     0.000     0.000     0.000     0.000     0.000
 121.5937500    22.000   -26.105    23.851    -0.024     0.000     0.000     0.000     0.000     0.000     0.000     0.000     0.000
 121.5937500    21.500   -25.857    24.152    -0.024     0.000     0.000     0.000     0.000     0.000     0.000     0.000     0.000
 121.5937500    21.000   -25.594    24.459    -0.024     0.000     0.000     0.000     0.000     0.000     0.000     0.000     0.000
 121.5937500    20.500   -25.317    24.771    -0.024     0.000     0.000     0.000     0.000     0.000     0.000     0.000     0.000
 121.5937500    20.000   -25.024    25.088    -0.024     0.000     0.000     0.000     0.000     0.000     0.000     0.000     0.000
 121.5937500    19.500   -24.716    25.412    -0.024     0.000     0.000     0.000     0.000     0.000     0.000     0.000     0.000
 121.5937500    19.000   -24.394    25.740    -0.024     0.000     0.000     0.000     0.000     0.000     0.000     0.000     0.000
 121.5937500    18.500   -24.056    26.075    -0.024     0.000     0.000     0.000     0.000     0.000     0.000     0.000     0.000
 121.5937500    18.000   -23.704    26.416    -0.024     0.000     0.000     0.000     0.000     0.000     0.000     0.000     0.000
 121.5937500    17.500   -23.337    26.762    -0.024     0.000     0.000     0.000     0.000     0.000     0.000     0.000     0.000
 121.5937500    17.000   -22.955    27.115    -0.024     0.000     0.000     0.000     0.000     0.000     0.000     0.000     0.000
 121.5937500    16.500   -22.559    27.474    -0.024     0.000     0.000     0.000     0.000     0.000     0.000     0.000     0.000
 121.5937500    16.000   -22.147    27.840    -0.024     0.000     0.000     0.000     0.000     0.000     0.000     0.000     0.000
 121.5937500    15.500   -21.721    28.211    -0.024     0.000     0.000     0.000     0.000     0.000     0.000     0.000     0.000
 121.5937500    15.000   -21.280    28.590    -0.024     0.000     0.000     0.000     0.000     0.000     0.000     0.000     0.000
 121.5937500    14.500   -20.824    28.975    -0.024     0.000     0.000     0.000     0.000     0.000     0.000     0.000     0.000
 121.5937500    14.000   -20.353    29.366    -0.024     0.000     0.000     0.000     0.000     0.000     0.000     0.000     0.000
 121.5937500    13.500   -19.867    29.765    -0.024     0.000     0.000     0.000     0.000     0.000     0.000     0.000     0.000
 121.5937500    13.000   -19.365    30.170    -0.024     0.000     0.000     0.000     0.000     0.000     0.000     0.000     0.000
 121.5937500    12.500   -18.849    30.583    -0.024     0.000     0.000     0.000     0.000     0.000     0.000     0.000     0.000
 121.5937500    12.000   -18.317    31.002    -0.024     0.000     0.000     0.000     0.000     0.000     0.000     0.000     0.000
 121.5937500    11.500   -17.769    31.430    -0.024     0.000     0.000     0.000     0.000     0.000     0.000     0.000     0.000
 121.5937500    11.000   -17.206    31.865    -0.024     0.000     0.000     0.000     0.000     0.000     0.000     0.000     0.000
 121.5937500    10.500   -16.625    32.309    -0.024     0.000     0.000     0.000     0.000     0.000     0.000     0.000     0.000
 121.5937500    10.000   -16.026    32.762    -0.024    31.705    45.203    42.477    28.979     2.912    26.981   261.809   356.610
 121.5937500     9.500   -12.826    27.641    -0.015    26.105    37.219    37.194    30.931     2.513    24.481   273.201   357.121
 121.5937500     9.000    -9.085    21.636    -0.010    20.042    28.575    31.024    32.232     2.062    21.456   286.560   357.955
 121.5937500     8.500    -5.702    16.307    -0.006    15.070    21.485    25.485    32.356     1.673    18.598   298.529   359.011
 121.5937500     8.000    -2.961    11.969    -0.004    11.274    16.074    20.845    31.543     1.360    16.047   308.558   360.258
 121.5937500     7.500    -0.912     8.606    -0.003     8.468    12.073    17.084    30.130     1.118    13.825   316.728   361.669
 121.5937500     7.000     0.518     6.090    -0.002     6.423     9.157    14.087    28.401     0.934    11.912   323.307   363.209
 121.5937500     6.500     1.436     4.269    -0.001     4.938     7.041    11.721    26.563     0.796    10.272   328.592   364.843
 121.5937500     6.000     1.971     3.001    -0.001     3.861     5.505     9.863    24.751     0.694     8.873   332.851   366.524
 121.5937500     5.500     2.239     2.166    -0.000     3.075     4.385     8.406    23.047     0.620     7.682   336.307   368.206
 121.5937500     5.000     2.332     1.657    -0.000     2.500     3.564     7.265    21.496     0.566     6.672   339.121   369.852
 121.5937500     4.500     2.318     1.413    -0.000     2.075     2.958     6.373    20.117     0.528     5.820   341.425   371.416
 121.5937500     4.000     2.250     1.380    -0.000     1.760     2.510     5.676    18.918     0.501     5.108   343.313   372.861
 121.5937500     3.500     2.181     1.510    -0.000     1.526     2.176     5.134    17.894     0.482     4.520   344.856   374.153
 121.5937500     3.000     2.151     1.766    -0.000     1.353     1.929     4.715    17.038     0.469     4.043   346.111   375.259
 121.5937500     2.500     2.188     2.112    -0.000     1.225     1.747     4.398    16.339     0.459     3.665   347.117   376.158
 121.5937500     2.000     2.303     2.516    -0.000     1.133     1.615     4.162    15.788     0.452     3.377   347.907   376.837
 121.5937500     1.500     2.490     2.941    -0.000     1.069     1.524     3.995    15.373     0.447     3.169   348.501   377.296
 121.5937500     1.000     2.707     3.335    -0.000     1.027     1.464     3.885    15.083     0.443     3.033   348.911   377.553
 121.5937500     0.500     2.863     3.623    -0.000     0.000     0.000     0.000     0.000     0.000     0.000     0.000     0.000
 121.6145833    23.000   -14.344    89.043    -0.148     0.000     0.000     0.000     0.000     0.000     0.000     0.000     0.000
 121.6145833    22.500   -13.991    89.420    -0.148     0.000     0.000     0.000     0.000     0.000     0.000     0.000     0.000
 121.6145833    22.000   -13.628    89.784    -0.148     0.000     0.000     0.000     0.000     0.000     0.000     0.000     0.000
 121.6145833    21.500   -13.253    90.134    -0.148     0.000     0.000     0.000     0.000     0.000     0.000     0.000     0.000
 121.6145833    21.000   -12.867    90.471    -0.148     0.000     0.000     0.000     0.000     0.000     0.000     0.000     0.000
 121.6145833    20.500   -12.471    90.794    -0.148     0.000     0.000     0.000     0.000     0.000     0.000     0.000     0.000
 121.6145833    20.000   -12.063    91.103    -0.148     0.000     0.000     0.000     0.000     0.000     0.000     0.000     0.000
 121.6145833    19.500   -11.644    91.397    -0.148     0.000     0.000     0.000     0.000     0.000     0.000     0.000     0.000
 121.6145833    19.000   -11.215    91.678    -0.148     0.000     0.000     0.000     0.000     0.000     0.000     0.000     0.000
 121.6145833    18.500   -10.774    91.944    -0.148     0.000     0.000     0.000     0.000     0.000     0.000     0.000     0.000
 121.6145833    18.000   -10.323    92.195    -0.148     0.000     0.000     0.000     0.000     0.000     0.000     0.000     0.000
 121.6145833    17.500    -9.861    92.432    -0.148     0.000     0.000     0.000     0.000     0.000     0.000     0.000     0.000
 121.6145833    17.000    -9.389    92.654    -0.148     0.000     0.000     0.000     0.000     0.000     0.000     0.000     0.000
 121.6145833    16.500    -8.906    92.861    -0.148     0.000     0.000     0.000     0.000     0.000     0.000     0.000     0.000
 121.6145833    16.000    -8.413    93.052    -0.148     0.000     0.000     0.000     0.000     0.000     0.000     0.000     0.000
 121.6145833    15.500    -7.910    93.229    -0.148     0.000     0.000     0.000     0.000     0.000     0.000     0.000     0.000
 121.6145833    15.000    -7.396    93.391    -0.148     0.000     0.000     0.000     0.000     0.000     0.000     0.000     0.000
 121.6145833    14.500    -6.873    93.537    -0.148     0.000     0.000     0.000     0.000     0.000     0.000     0.000     0.000
 121.6145833    14.000    -6.340    93.667    -0.148     0.000     0.000     0.000     0.000     0.000     0.000     0.000     0.000
 121.6145833    13.500    -5.798    93.782    -0.148     0.000     0.000     0.000     0.000     0.000     0.000     0.000     0.000
 121.6145833    13.000    -5.246    93.882    -0.148     0.000     0.000     0.000     0.000     0.000     0.000     0.000     0.000
 121.6145833    12.500    -4.685    93.965    -0.148     0.000     0.000     0.000     0.000     0.000     0.000     0.000     0.000
 121.6145833    12.000    -4.115    94.032    -0.148     0.000     0.000     0.000     0.000     0.000     0.000     0.000     0.000
 121.6145833    11.500    -3.535    94.082    -0.148     0.000     0.000     0.000     0.000     0.000     0.000     0.000     0.000
 121.6145833    11.000    -2.947    94.115    -0.148     0.000     0.000     0.000     0.000     0.000     0.000     0.000     0.000
 121.6145833    10.500    -2.349    94.130    -0.148     0.000     0.000     0.000     0.000     0.000     0.000     0.000     0.000
 121.6145833    10.000    -1.742    94.125    -0.148    66.652    90.682    58.331    34.301     4.657    43.631   263.059   367.801
 121.6145833     9.500    -0.277    83.883    -0.112    56.764    77.229    51.208    38.809     4.069    40.141   275.815   368.172
 121.6145833     9.000     1.738    71.410    -0.085    45.629    62.080    42.877    42.766     3.393    35.769   290.797   368.752
 121.6145833     8.500     3.815    59.686    -0.065    36.051    49.047    35.382    44.867     2.799    31.482   304.233   369.458
 121.6145833     8.000     5.612    49.512    -0.049    28.366    38.592    29.084    45.297     2.313    27.527   315.493   370.260
 121.6145833     7.500     6.979    41.046    -0.037    22.392    30.465    23.958    44.505     1.931    23.981   324.652   371.138
 121.6145833     7.000     7.892    34.172    -0.028    17.819    24.242    19.858    42.932     1.638    20.852   331.997   372.078
 121.6145833     6.500     8.391    28.674    -0.021    14.341    19.511    16.609    40.925     1.416    18.120   337.850   373.065
 121.6145833     6.000     8.549    24.315    -0.016    11.702    15.920    14.045    38.741     1.251    15.752   342.507   374.083
 121.6145833     5.500     8.461    20.861    -0.012     9.697    13.193    12.028    36.549     1.131    13.711   346.215   375.113
 121.6145833     5.000     8.225    18.099    -0.009     8.170    11.116    10.442    34.461     1.045    11.963   349.173   376.133
 121.6145833     4.500     7.894    15.888    -0.007     7.005     9.531     9.197    32.541     0.985    10.479   351.534   377.119
 121.6145833     4.000     7.522    14.105    -0.005     6.115     8.320     8.221    30.826     0.944     9.231   353.417   378.047
 121.6145833     3.500     7.163    12.641    -0.004     5.436     7.396     7.460    29.332     0.917     8.196   354.914   378.892
 121.6145833     3.000     6.836    11.429    -0.003     4.920     6.694     6.873    28.062     0.899     7.354   356.095   379.630
 121.6145833     2.500     6.568    10.397    -0.002     4.533     6.168     6.425    27.012     0.886     6.686   357.011   380.245
 121.6145833     2.000     6.369     9.483    -0.002     4.249     5.781     6.093    26.174     0.878     6.178   357.702   380.727
 121.6145833     1.500     6.232     8.633    -0.001     4.049     5.508     5.857    25.537     0.871     5.811   358.195   381.071
 121.6145833     1.000     6.141     7.795    -0.001     3.918     5.330     5.702    25.089     0.866     5.572   358.514   381.283
 121.6145833     0.500     6.076     6.914    -0.001     0.000     0.000     0.000     0.000     0.000     0.000     0.000     0.000
 121.6354167    23.000     6.347   121.807    -0.147     0.000     0.000     0.000     0.000     0.000     0.000     0.000     0.000
 121.6354167    22.500     6.909   121.881    -0.147     0.000     0.000     0.000     0.000     0.000     0.000     0.000     0.000
 121.6354167    22.000     7.472   121.955    -0.147     0.000     0.000     0.000     0.000     0.000     0.000     0.000     0.000
 121.6354167    21.500     8.035   122.028    -0.147     0.000     0.000     0.000     0.000     0.000     0.000     0.000     0.000
 121.6354167    21.000     8.599   122.101    -0.147     0.000     0.000     0.000     0.000     0.000     0.000     0.000     0.000
 121.6354167    20.500     9.164   122.175    -0.147     0.000     0.000     0.000     0.000     0.000     0.000     0.000     0.000
 121.6354167    20.000     9.730   122.248    -0.147     0.000     0.000     0.000     0.000     0.000     0.000     0.000     0.000
 121.6354167    19.500    10.296   122.320    -0.147     0.000     0.000     0.000     0.000     0.000     0.000     0.000     0.000
 121.6354167    19.000    10.863   122.393    -0.147     0.000     0.000     0.000     0.000     0.000     0.000     0.000     0.000
 121.6354167    18.500    11.431   122.466    -0.147     0.000     0.000     0.000     0.000     0.000     0.000     0.000     0.000
 121.6354167    18.000    11.999   122.538    -0.147     0.000     0.000     0.000     0.000     0.000     0.000     0.000     0.000
 121.6354167    17.500    12.569   122.610    -0.147     0.000     0.000     0.000     0.000     0.000     0.000     0.000     0.000
 121.6354167    17.000    13.139   122.682    -0.147     0.000     0.000     0.000     0.000     0.000     0.000     0.000     0.000
 121.6354167    16.500    13.710   122.754    -0.147     0.000     0.000     0.000     0.000     0.000     0.000     0.000     0.000
 121.6354167    16.000    14.282   122.826    -0.147     0.000     0.000     0.000     0.000     0.000     0.000     0.000     0.000
 121.6354167    15.500    14.854   122.897    -0.147     0.000     0.000     0.000     0.000     0.000     0.000     0.000     0.000
 121.6354167    15.000    15.428   122.969    -0.147     0.000     0.000     0.000     0.000     0.000     0.000     0.000     0.000
 121.6354167    14.500    16.002   123.040    -0.147     0.000     0.000     0.000     0.000     0.000     0.000     0.000     0.000
 121.6354167    14.000    16.578   123.112    -0.147     0.000     0.000     0.000     0.000     0.000     0.000     0.000     0.000
 121.6354167    13.500    17.155   123.183    -0.147     0.000     0.000     0.000     0.000     0.000     0.000     0.000     0.000
 121.6354167    13.000    17.732   123.255    -0.147     0.000     0.000     0.000     0.000     0.000     0.000     0.000     0.000
 121.6354167    12.500    18.311   123.326    -0.147     0.000     0.000     0.000     0.000     0.000     0.000     0.000     0.000
 121.6354167    12.000    18.891   123.398    -0.147     0.000     0.000     0.000     0.000     0.000     0.000     0.000     0.000
 121.6354167    11.500    19.472   123.469    -0.147     0.000     0.000     0.000     0.000     0.000     0.000     0.000     0.000
 121.6354167    11.000    20.054   123.541    -0.147     0.000     0.000     0.000     0.000     0.000     0.000     0.000     0.000
 121.6354167    10.500    20.637   123.613    -0.147     0.000     0.000     0.000     0.000     0.000     0.000     0.000     0.000
 121.6354167    10.000    21.222   123.685    -0.147   110.624   144.021    68.583    35.186     6.420    60.871   267.160   377.593
 121.6354167     9.500    19.529   109.539    -0.115    95.505   124.338    60.417    42.972     5.649    56.406   280.733   377.843
 121.6354167     9.000    17.854    92.173    -0.090    78.208   101.818    50.834    50.404     4.756    50.712   296.655   378.251
 121.6354167     8.500    16.554    75.754    -0.070    63.038    82.069    42.172    55.198     3.965    45.018   310.908   378.758
 121.6354167     8.000    15.456    61.397    -0.055    50.620    65.903    34.857    57.460     3.314    39.670   322.829   379.338
 121.6354167     7.500    14.394    49.373    -0.043    40.770    53.078    28.875    57.764     2.798    34.799   332.504   379.970
 121.6354167     7.000    13.286    39.578    -0.034    33.079    43.065    24.066    56.719     2.399    30.443   340.244   380.638
 121.6354167     6.500    12.115    31.744    -0.026    27.118    35.305    20.236    54.835     2.098    26.595   346.395   381.330
 121.6354167     6.000    10.910    25.554    -0.021    22.513    29.309    17.200    52.502     1.875    23.227   351.274   382.034
 121.6354167     5.500     9.697    20.722    -0.016    18.955    24.678    14.800    49.995     1.713    20.302   355.144   382.736
 121.6354167     5.000     8.530    16.971    -0.013    16.205    21.098    12.906    47.499     1.600    17.782   358.217   383.422
 121.6354167     4.500     7.461    14.065    -0.010    14.077    18.327    11.414    45.134     1.522    15.631   360.657   384.079
 121.6354167     4.000     6.509    11.837    -0.008    12.431    16.184    10.241    42.976     1.471    13.815   362.591   384.693
 121.6354167     3.500     5.695    10.154    -0.006    11.162    14.531     9.324    41.063     1.439    12.305   364.120   385.248
 121.6354167     3.000     5.033     8.910    -0.005    10.189    13.264     8.614    39.416     1.420    11.073   365.317   385.728
 121.6354167     2.500     4.541     8.012    -0.004     9.453    12.306     8.073    38.040     1.409    10.097   366.241   386.124
 121.6354167     2.000     4.221     7.402    -0.003     8.909    11.599     7.671    36.933     1.402     9.352   366.933   386.430
 121.6354167     1.500     4.080     7.019    -0.002     8.524    11.097     7.386    36.084     1.396     8.816   367.426   386.643
 121.6354167     1.000     4.114     6.821    -0.002     8.271    10.768     7.199    35.484     1.391     8.466   367.744   386.770
 121.6354167     0.500     4.322     6.762    -0.001     0.000     0.000     0.000     0.000     0.000     0.000     0.000     0.000
 121.6562500    23.000    24.975   184.897    -0.112     0.000     0.000     0.000     0.000     0.000     0.000     0.000     0.000
 121.6562500    22.500    25.509   184.650    -0.112     0.000     0.000     0.000     0.000     0.000     0.000     0.000     0.000
 121.6562500    22.000    26.043   184.404    -0.112     0.000     0.000     0.000     0.000     0.000     0.000     0.000     0.000
 121.6562500    21.500    26.578   184.156    -0.112     0.000     0.000     0.000     0.000     0.000     0.000     0.000     0.000
 121.6562500    21.000    27.112   183.907    -0.112     0.000     0.000     0.000     0.000     0.000     0.000     0.000     0.000
 121.6562500    20.500    27.646   183.658    -0.112     0.000     0.000     0.000     0.000     0.000     0.000     0.000     0.000
 121.6562500    20.000    28.181   183.407    -0.112     0.000     0.000     0.000     0.000     0.000     0.000     0.000     0.000
 121.6562500    19.500    28.715   183.156    -0.112     0.000     0.000     0.000     0.000     0.000     0.000     0.000     0.000
 121.6562500    19.000    29.249   182.903    -0.112     0.000     0.000     0.000     0.000     0.000     0.000     0.000     0.000
 121.6562500    18.500    29.783   182.649    -0.112     0.000     0.000     0.000     0.000     0.000     0.000     0.000     0.000
 121.6562500    18.000    30.317   182.395    -0.112     0.000     0.000     0.000     0.000     0.000     0.000     0.000     0.000
 121.6562500    17.500    30.852   182.139    -0.112     0.000     0.000     0.000     0.000     0.000     0.000     0.000     0.000
 121.6562500    17.000    31.385   181.882    -0.112     0.000     0.000     0.000     0.000     0.000     0.000     0.000     0.000
 121.6562500    16.500    31.919   181.623    -0.112     0.000     0.000     0.000     0.000     0.000     0.000     0.000     0.000
 121.6562500    16.000    32.453   181.363    -0.112     0.000     0.000     0.000     0.000     0.000     0.000     0.000     0.000
 121.6562500    15.500    32.986   181.102    -0.112     0.000     0.000     0.000     0.000     0.000     0.000     0.000     0.000
 121.6562500    15.000    33.520   180.839    -0.112     0.000     0.000     0.000     0.000     0.000     0.000     0.000     0.000
 121.6562500    14.500    34.053   180.575    -0.112     0.000     0.000     0.000     0.000     0.000     0.000     0.000     0.000
 121.6562500    14.000    34.586   180.308    -0.112     0.000     0.000     0.000     0.000     0.000     0.000     0.000     0.000
 121.6562500    13.500    35.119   180.040    -0.112     0.000     0.000     0.000     0.000     0.000     0.000     0.000     0.000
 121.6562500    13.000    35.651   179.770    -0.112     0.000     0.000     0.000     0.000     0.000     0.000     0.000     0.000
 121.6562500    12.500    36.183   179.498    -0.112     0.000     0.000     0.000     0.000     0.000     0.000     0.000     0.000
 121.6562500    12.000    36.715   179.224    -0.112     0.000     0.000     0.000     0.000     0.000     0.000     0.000     0.000
 121.6562500    11.500    37.247   178.947    -0.112     0.000     0.000     0.000     0.000     0.000     0.000     0.000     0.000
 121.6562500    11.000    37.778   178.668    -0.112     0.000     0.000     0.000     0.000     0.000     0.000     0.000     0.000
 121.6562500    10.500    38.308   178.386    -0.112     0.000     0.000     0.000     0.000     0.000     0.000     0.000     0.000
 121.6562500    10.000    38.838   178.100    -0.112   156.829   195.934    75.301    36.196     8.081    77.414   272.555   387.618
 121.6562500     9.500    35.154   158.654    -0.091   136.384   170.391    66.565    47.069     7.145    72.051   286.786   387.777
 121.6562500     9.000    31.175   134.759    -0.075   112.792   140.916    56.273    57.783     6.056    65.133   303.457   388.066
 121.6562500     8.500    27.790   112.004    -0.061    91.890   114.802    46.925    65.133     5.087    58.131   318.354   388.448
 121.6562500     8.000    24.899    91.902    -0.050    74.594    93.193    38.992    69.149     4.285    51.479   330.793   388.896
 121.6562500     7.500    22.308    74.869    -0.041    60.725    75.866    32.471    70.514     3.648    45.359   340.872   389.385
 121.6562500     7.000    19.884    60.816    -0.033    49.781    62.194    27.202    69.995     3.155    39.839   348.926   389.895
 121.6562500     6.500    17.571    49.420    -0.027    41.214    51.491    22.985    68.253     2.782    34.927   355.318   390.413
 121.6562500     6.000    15.375    40.276    -0.022    34.531    43.142    19.629    65.801     2.507    30.601   360.381   390.927
 121.6562500     5.500    13.308    32.992    -0.018    29.323    36.635    16.964    63.011     2.310    26.826   364.391   391.429
 121.6562500     5.000    11.406    27.210    -0.015    25.264    31.564    14.853    60.142     2.173    23.559   367.569   391.910
 121.6562500     4.500     9.702    22.622    -0.012    22.100    27.611    13.185    57.366     2.082    20.761   370.088   392.360
 121.6562500     4.000     8.205    18.989    -0.010    19.636    24.533    11.869    54.793     2.025    18.393   372.078   392.775
 121.6562500     3.500     6.914    16.136    -0.008    17.725    22.145    10.839    52.487     1.992    16.420   373.647   393.143
 121.6562500     3.000     5.840    13.910    -0.007    16.253    20.305    10.040    50.485     1.974    14.808   374.872   393.456
 121.6562500     2.500     4.998    12.182    -0.005    15.135    18.909     9.429    48.802     1.966    13.529   375.816   393.707
 121.6562500     2.000     4.372    10.873    -0.004    14.307    17.874     8.976    47.438     1.962    12.554   376.522   393.894
 121.6562500     1.500     3.970     9.898    -0.004    13.718    17.138     8.654    46.389     1.959    11.852   377.026   394.017
 121.6562500     1.000     3.788     9.196    -0.003    13.331    16.655     8.443    45.644     1.956    11.394   377.352   394.082
 121.6562500     0.500     3.830     8.701    -0.002     0.000     0.000     0.000     0.000     0.000     0.000     0.000     0.000
 121.6770833    23.000    37.970   233.591    -0.078     0.000     0.000     0.000     0.000     0.000     0.000     0.000     0.000
 121.6770833    22.500    38.467   233.328    -0.078     0.000     0.000     0.000     0.000     0.000     0.000     0.000     0.000
 121.6770833    22.000    38.965   233.065    -0.078     0.000     0.000     0.000     0.000     0.000     0.000     0.000     0.000
 121.6770833    21.500    39.463   232.803    -0.078     0.000     0.000     0.000     0.000     0.000     0.000     0.000     0.000
 121.6770833    21.000    39.962   232.541    -0.078     0.000     0.000     0.000     0.000     0.000     0.000     0.000     0.000
 121.6770833    20.500    40.460   232.280    -0.078     0.000     0.000     0.000     0.000     0.000     0.000     0.000     0.000
 121.6770833    20.000    40.959   232.020    -0.078     0.000     0.000     0.000     0.000     0.000     0.000     0.000     0.000
 121.6770833    19.500    41.458   231.762    -0.078     0.000     0.000     0.000     0.000     0.000     0.000     0.000     0.000
 121.6770833    19.000    41.958   231.504    -0.078     0.000     0.000     0.000     0.000     0.000     0.000     0.000     0.000
 121.6770833    18.500    42.458   231.247    -0.078     0.000     0.000     0.000     0.000     0.000     0.000     0.000     0.000
 121.6770833    18.000    42.958   230.991    -0.078     0.000     0.000     0.000     0.000     0.000     0.000     0.000     0.000
 121.6770833    17.500    43.459   230.737    -0.078     0.000     0.000     0.000     0.000     0.000     0.000     0.000     0.000
 121.6770833    17.000    43.961   230.484    -0.078     0.000     0.000     0.000     0.000     0.000     0.000     0.000     0.000
 121.6770833    16.500    44.462   230.232    -0.078     0.000     0.000     0.000     0.000     0.000     0.000     0.000     0.000
 121.6770833    16.000    44.964   229.982    -0.078     0.000     0.000     0.000     0.000     0.000     0.000     0.000     0.000
 121.6770833    15.500    45.467   229.734    -0.078     0.000     0.000     0.000     0.000     0.000     0.000     0.000     0.000
 121.6770833    15.000    45.971   229.488    -0.078     0.000     0.000     0.000     0.000     0.000     0.000     0.000     0.000
 121.6770833    14.500    46.475   229.244    -0.078     0.000     0.000     0.000     0.000     0.000     0.000     0.000     0.000
 121.6770833    14.000    46.979   229.002    -0.078     0.000     0.000     0.000     0.000     0.000     0.000     0.000     0.000
 121.6770833    13.500    47.485   228.763    -0.078     0.000     0.000     0.000     0.000     0.000     0.000     0.000     0.000
 121.6770833    13.000    47.991   228.527    -0.078     0.000     0.000     0.000     0.000     0.000     0.000     0.000     0.000
 121.6770833    12.500    48.498   228.294    -0.078     0.000     0.000     0.000     0.000     0.000     0.000     0.000     0.000
 121.6770833    12.000    49.007   228.065    -0.078     0.000     0.000     0.000     0.000     0.000     0.000     0.000     0.000
 121.6770833    11.500    49.516   227.841    -0.078     0.000     0.000     0.000     0.000     0.000     0.000     0.000     0.000
 121.6770833    11.000    50.027   227.621    -0.078     0.000     0.000     0.000     0.000     0.000     0.000     0.000     0.000
 121.6770833    10.500    50.539   227.407    -0.078     0.000     0.000     0.000     0.000     0.000     0.000     0.000     0.000
 121.6770833    10.000    51.053   227.199    -0.078   202.678   243.688    80.615    39.605     9.659    93.347   279.549   396.982
 121.6770833     9.500    46.115   202.215    -0.062   177.041   212.864    71.488    53.094     8.570    87.119   294.107   397.105
 121.6770833     9.000    40.646   171.492    -0.049   147.304   177.110    60.693    66.562     7.300    79.027   311.148   397.353
 121.6770833     8.500    35.892   142.213    -0.039   120.792   145.233    50.844    76.022     6.166    70.771   326.360   397.702
 121.6770833     8.000    31.781   116.330    -0.031    98.709   118.682    42.446    81.442     5.224    62.870   339.051   398.121
 121.6770833     7.500    28.115    94.366    -0.025    80.885    97.251    35.510    83.610     4.474    55.555   349.329   398.580
 121.6770833     7.000    24.733    76.228    -0.020    66.729    80.231    29.881    83.432     3.893    48.920   357.540   399.055
 121.6770833     6.500    21.578    61.501    -0.016    55.579    66.824    25.357    81.701     3.454    42.988   364.060   399.529
 121.6770833     6.000    18.635    49.688    -0.012    46.830    56.305    21.740    79.040     3.131    37.743   369.228   399.988
 121.6770833     5.500    15.917    40.289    -0.010    39.974    48.063    18.860    75.909     2.901    33.150   373.324   400.425
 121.6770833     5.000    13.450    32.850    -0.008    34.605    41.607    16.570    72.629     2.744    29.166   376.574   400.832
 121.6770833     4.500    11.272    26.974    -0.006    30.400    36.551    14.754    69.418     2.642    25.745   379.154   401.201
 121.6770833     4.000     9.365    22.370    -0.005    27.113    32.599    13.320    66.416     2.581    22.845   381.196   401.533
 121.6770833     3.500     7.732    18.798    -0.004    24.554    29.522    12.194    63.710     2.548    20.425   382.806   401.819
 121.6770833     3.000     6.373    16.065    -0.003    22.577    27.145    11.319    61.349     2.534    18.447   384.067   402.052
 121.6770833     2.500     5.292    14.012    -0.003    21.072    25.335    10.650    59.356     2.530    16.876   385.041   402.230
 121.6770833     2.000     4.475    12.524    -0.002    19.954    23.991    10.154    57.737     2.530    15.677   385.773   402.353
 121.6770833     1.500     3.918    11.499    -0.002    19.159    23.035     9.801    56.488     2.531    14.815   386.298   402.425
 121.6770833     1.000     3.624    10.849    -0.001    18.635    22.405     9.570    55.599     2.529    14.253   386.642   402.452
 121.6770833     0.500     3.596    10.492    -0.001     0.000     0.000     0.000     0.000     0.000     0.000     0.000     0.000
 121.6979167    23.000    58.585   269.950    -0.062     0.000     0.000     0.000     0.000     0.000     0.000     0.000     0.000
 121.6979167    22.500    59.026   269.927    -0.062     0.000     0.000     0.000     0.000     0.000     0.000     0.000     0.000
 121.6979167    22.000    59.468   269.905    -0.062     0.000     0.000     0.000     0.000     0.000     0.000     0.000     0.000
 121.6979167    21.500    59.910   269.884    -0.062     0.000     0.000     0.000     0.000     0.000     0.000     0.000     0.000
 121.6979167    21.000    60.352   269.863    -0.062     0.000     0.000     0.000     0.000     0.000     0.000     0.000     0.000
 121.6979167    20.500    60.795   269.844    -0.062     0.000     0.000     0.000     0.000     0.000     0.000     0.000     0.000
 121.6979167    20.000    61.238   269.825    -0.062     0.000     0.000     0.000     0.000     0.000     0.000     0.000     0.000
 121.6979167    19.500    61.682   269.807    -0.062     0.000     0.000     0.000     0.000     0.000     0.000     0.000     0.000
 121.6979167    19.000    62.125   269.790    -0.062     0.000     0.000     0.000     0.000     0.000     0.000     0.000     0.000
 121.6979167    18.500    62.570   269.774    -0.062     0.000     0.000     0.000     0.000     0.000     0.000     0.000     0.000
 121.6979167    18.000    63.014   269.759    -0.062     0.000     0.000     0.000     0.000     0.000     0.000     0.000     0.000
 121.6979167    17.500    63.459   269.745    -0.062     0.000     0.000     0.000     0.000     0.000     0.000     0.000     0.000
 121.6979167    17.000    63.905   269.732    -0.062     0.000     0.000     0.000     0.000     0.000     0.000     0.000     0.000
 121.6979167    16.500    64.350   269.720    -0.062     0.000     0.000     0.000     0.000     0.000     0.000     0.000     0.000
 121.6979167    16.000    64.797   269.709    -0.062     0.000     0.000     0.000     0.000     0.000     0.000     0.000     0.000
 121.6979167    15.500    65.244   269.699    -0.062     0.000     0.000     0.000     0.000     0.000     0.000     0.000     0.000
 121.6979167    15.000    65.691   269.691    -0.062     0.000     0.000     0.000     0.000     0.000     0.000     0.000     0.000
 121.6979167    14.500    66.139   269.683    -0.062     0.000     0.000     0.000     0.000     0.000     0.000     0.000     0.000
 121.6979167    14.000    66.587   269.676    -0.062     0.000     0.000     0.000     0.000     0.000     0.000     0.000     0.000
 121.6979167    13.500    67.036   269.671    -0.062     0.000     0.000     0.000     0.000     0.000     0.000     0.000     0.000
 121.6979167    13.000    67.485   269.666    -0.062     0.000     0.000     0.000     0.000     0.000     0.000     0.000     0.000
 121.6979167    12.500    67.935   269.663    -0.062     0.000     0.000     0.000     0.000     0.000     0.000     0.000     0.000
 121.6979167    12.000    68.385   269.660    -0.062     0.000     0.000     0.000     0.000     0.000     0.000     0.000     0.000
 121.6979167    11.500    68.836   269.658    -0.062     0.000     0.000     0.000     0.000     0.000     0.000     0.000     0.000
 121.6979167    11.000    69.287   269.657    -0.062     0.000     0.000     0.000     0.000     0.000     0.000     0.000     0.000
 121.6979167    10.500    69.739   269.657    -0.062     0.000     0.000     0.000     0.000     0.000     0.000     0.000     0.000
 121.6979167    10.000    70.191   269.656    -0.062   245.894   286.135    85.036    44.795    11.113   108.182   286.697   405.333
 121.6979167     9.500    63.561   240.004    -0.049   215.425   250.680    75.614    60.430     9.886   101.143   301.420   405.440
 121.6979167     9.000    56.017   203.508    -0.038   179.961   209.412    64.431    76.130     8.452    91.951   318.635   405.684
 121.6979167     8.500    49.274   168.727    -0.030   148.210   172.465    54.188    87.262     7.167    82.526   333.985   406.050
 121.6979167     8.000    43.367   137.948    -0.023   121.648   141.557    45.417    93.754     6.099    73.464   346.778   406.504
 121.6979167     7.500    38.086   111.811    -0.018   100.115   116.499    38.143    96.483     5.246    65.038   357.134   407.014
 121.6979167     7.000    33.279    90.182    -0.014    82.940    96.514    32.216    96.478     4.585    57.368   365.406   407.548
 121.6979167     6.500    28.858    72.596    -0.011    69.357    80.707    27.434    94.648     4.087    50.490   371.977   408.086
 121.6979167     6.000    24.794    58.467    -0.009    58.658    68.257    23.600    91.712     3.721    44.392   377.190   408.611
 121.6979167     5.500    21.093    47.201    -0.007    50.244    58.466    20.535    88.201     3.462    39.040   381.327   409.113
 121.6979167     5.000    17.751    38.293    -0.005    43.631    50.772    18.093    84.492     3.287    34.389   384.617   409.579
 121.6979167     4.500    14.807    31.260    -0.004    38.438    44.729    16.152    80.840     3.176    30.391   387.233   410.003
 121.6979167     4.000    12.245    25.744    -0.003    34.368    39.992    14.615    77.412     3.113    26.997   389.308   410.383
 121.6979167     3.500    10.036    21.488    -0.003    31.191    36.295    13.407    74.313     3.082    24.162   390.950   410.707
 121.6979167     3.000     8.178    18.254    -0.002    28.732    33.434    12.466    71.603     3.071    21.844   392.242   410.971
 121.6979167     2.500     6.655    15.865    -0.002    26.857    31.252    11.747    69.311     3.072    20.002   393.243   411.169
 121.6979167     2.000     5.468    14.166    -0.001    25.463    29.630    11.213    67.446     3.077    18.596   394.002   411.303
 121.6979167     1.500     4.599    13.042    -0.001    24.469    28.474    10.833    66.006     3.081    17.585   394.551   411.376
 121.6979167     1.000     4.050    12.380    -0.001    23.814    27.712    10.585    64.978     3.081    16.926   394.914   411.401
 121.6979167     0.500     3.821    12.080    -0.001     0.000     0.000     0.000     0.000     0.000     0.000     0.000     0.000
 121.7187500    23.000    77.382   318.330    -0.093     0.000     0.000     0.000     0.000     0.000     0.000     0.000     0.000
 121.7187500    22.500    77.764   318.322    -0.093     0.000     0.000     0.000     0.000     0.000     0.000     0.000     0.000
 121.7187500    22.000    78.147   318.315    -0.093     0.000     0.000     0.000     0.000     0.000     0.000     0.000     0.000
 121.7187500    21.500    78.529   318.308    -0.093     0.000     0.000     0.000     0.000     0.000     0.000     0.000     0.000
 121.7187500    21.000    78.912   318.300    -0.093     0.000     0.000     0.000     0.000     0.000     0.000     0.000     0.000
 121.7187500    20.500    79.295   318.293    -0.093     0.000     0.000     0.000     0.000     0.000     0.000     0.000     0.000
 121.7187500    20.000    79.679   318.286    -0.093     0.000     0.000     0.000     0.000     0.000     0.000     0.000     0.000
 121.7187500    19.500    80.062   318.279    -0.093     0.000     0.000     0.000     0.000     0.000     0.000     0.000     0.000
 121.7187500    19.000    80.446   318.272    -0.093     0.000     0.000     0.000     0.000     0.000     0.000     0.000     0.000
 121.7187500    18.500    80.830   318.265    -0.093     0.000     0.000     0.000     0.000     0.000     0.000     0.000     0.000
 121.7187500    18.000    81.214   318.258    -0.093     0.000     0.000     0.000     0.000     0.000     0.000     0.000     0.000
 121.7187500    17.500    81.598   318.251    -0.093     0.000     0.000     0.000     0.000     0.000     0.000     0.000     0.000
 121.7187500    17.000    81.983   318.244    -0.093     0.000     0.000     0.000     0.000     0.000     0.000     0.000     0.000
 121.7187500    16.500    82.368   318.238    -0.093     0.000     0.000     0.000     0.000     0.000     0.000     0.000     0.000
 121.7187500    16.000    82.753   318.231    -0.093     0.000     0.000     0.000     0.000     0.000     0.000     0.000     0.000
 121.7187500    15.500    83.138   318.224    -0.093     0.000     0.000     0.000     0.000     0.000     0.000     0.000     0.000
 121.7187500    15.000    83.524   318.218    -0.093     0.000     0.000     0.000     0.000     0.000     0.000     0.000     0.000
 121.7187500    14.500    83.909   318.211    -0.093     0.000     0.000     0.000     0.000     0.000     0.000     0.000     0.000
 121.7187500    14.000    84.296   318.204    -0.093     0.000     0.000     0.000     0.000     0.000     0.000     0.000     0.000
 121.7187500    13.500    84.682   318.197    -0.093     0.000     0.000     0.000     0.000     0.000     0.000     0.000     0.000
 121.7187500    13.000    85.069   318.191    -0.093     0.000     0.000     0.000     0.000     0.000     0.000     0.000     0.000
 121.7187500    12.500    85.455   318.184    -0.093     0.000     0.000     0.000     0.000     0.000     0.000     0.000     0.000
 121.7187500    12.000    85.843   318.176    -0.093     0.000     0.000     0.000     0.000     0.000     0.000     0.000     0.000
 121.7187500    11.500    86.230   318.169    -0.093     0.000     0.000     0.000     0.000     0.000     0.000     0.000     0.000
 121.7187500    11.000    86.618   318.161    -0.093     0.000     0.000     0.000     0.000     0.000     0.000     0.000     0.000
 121.7187500    10.500    87.006   318.152    -0.093     0.000     0.000     0.000     0.000     0.000     0.000     0.000     0.000
 121.7187500    10.000    87.394   318.143    -0.093   288.890   327.531    88.132    49.491    12.505   122.533   293.114   412.755
 121.7187500     9.500    79.473   283.350    -0.075   253.612   287.534    78.588    67.254    11.147   114.704   307.940   412.887
 121.7187500     9.000    70.468   240.452    -0.060   212.451   240.868    67.218    85.169     9.557   104.445   325.272   413.178
 121.7187500     8.500    62.342   199.557    -0.049   175.494   198.967    56.757    97.965     8.129    93.886   340.722   413.608
 121.7187500     8.000    55.173   163.333    -0.039   144.484   163.809    47.759   105.526     6.941    83.698   353.599   414.145
 121.7187500     7.500    48.706   132.559    -0.031   119.267   135.220    40.264   108.824     5.991    74.198   364.024   414.750
 121.7187500     7.000    42.782   107.070    -0.025    99.095   112.349    34.131   109.006     5.254    65.528   372.352   415.395
 121.7187500     6.500    37.311    86.314    -0.020    83.095    94.210    29.165   107.096     4.699    57.735   378.971   416.055
 121.7187500     6.000    32.264    69.607    -0.016    70.459    79.884    25.168   103.904     4.293    50.814   384.225   416.713
 121.7187500     5.500    27.639    56.270    -0.013    60.497    68.589    21.964   100.035     4.008    44.729   388.399   417.353
 121.7187500     5.000    23.458    45.684    -0.011    52.650    59.693    19.403    95.917     3.816    39.435   391.721   417.961
 121.7187500     4.500    19.731    37.316    -0.009    46.475    52.691    17.363    91.843     3.697    34.879   394.364   418.529
 121.7187500     4.000    16.445    30.763    -0.007    41.625    47.193    15.744    88.009     3.632    31.007   396.466   419.044
 121.7187500     3.500    13.589    25.687    -0.006    37.834    42.895    14.469    84.533     3.602    27.772   398.133   419.494
 121.7187500     3.000    11.156    21.823    -0.004    34.896    39.563    13.476    81.488     3.596    25.125   399.447   419.867
 121.7187500     2.500     9.142    18.948    -0.004    32.653    37.020    12.716    78.908     3.602    23.021   400.470   420.158
 121.7187500     2.000     7.524    16.903    -0.003    30.983    35.127    12.151    76.807     3.612    21.415   401.247   420.364
 121.7187500     1.500     6.302    15.536    -0.002    29.793    33.778    11.749    75.182     3.619    20.260   401.812   420.488
 121.7187500     1.000     5.467    14.723    -0.002    29.008    32.887    11.487    74.021     3.622    19.508   402.188   420.543
 121.7187500     0.500     5.028    14.339    -0.002     0.000     0.000     0.000     0.000     0.000     0.000     0.000     0.000
 121.7395833    23.000   108.098   345.797    -0.086     0.000     0.000     0.000     0.000     0.000     0.000     0.000     0.000
 121.7395833    22.500   108.433   346.034    -0.086     0.000     0.000     0.000     0.000     0.000     0.000     0.000     0.000
 121.7395833    22.000   108.770   346.272    -0.086     0.000     0.000     0.000     0.000     0.000     0.000     0.000     0.000
 121.7395833    21.500   109.107   346.510    -0.086     0.000     0.000     0.000     0.000     0.000     0.000     0.000     0.000
 121.7395833    21.000   109.444   346.749    -0.086     0.000     0.000     0.000     0.000     0.000     0.000     0.000     0.000
 121.7395833    20.500   109.782   346.989    -0.086     0.000     0.000     0.000     0.000     0.000     0.000     0.000     0.000
 121.7395833    20.000   110.120   347.229    -0.086     0.000     0.000     0.000     0.000     0.000     0.000     0.000     0.000
 121.7395833    19.500   110.459   347.469    -0.086     0.000     0.000     0.000     0.000     0.000     0.000     0.000     0.000
 121.7395833    19.000   110.799   347.711    -0.086     0.000     0.000     0.000     0.000     0.000     0.000     0.000     0.000
 121.7395833    18.500   111.139   347.953    -0.086     0.000     0.000     0.000     0.000     0.000     0.000     0.000     0.000
 121.7395833    18.000   111.480   348.196    -0.086     0.000     0.000     0.000     0.000     0.000     0.000     0.000     0.000
 121.7395833    17.500   111.821   348.440    -0.086     0.000     0.000     0.000     0.000     0.000     0.000     0.000     0.000
 121.7395833    17.000   112.164   348.685    -0.086     0.000     0.000     0.000     0.000     0.000     0.000     0.000     0.000
 121.7395833    16.500   112.507   348.931    -0.086     0.000     0.000     0.000     0.000     0.000     0.000     0.000     0.000
 121.7395833    16.000   112.851   349.178    -0.086     0.000     0.000     0.000     0.000     0.000     0.000     0.000     0.000
 121.7395833    15.500   113.195   349.426    -0.086     0.000     0.000     0.000     0.000     0.000     0.000     0.000     0.000
 121.7395833    15.000   113.541   349.675    -0.086     0.000     0.000     0.000     0.000     0.000     0.000     0.000     0.000
 121.7395833    14.500   113.887   349.925    -0.086     0.000     0.000     0.000     0.000     0.000     0.000     0.000     0.000
 121.7395833    14.000   114.234   350.177    -0.086     0.000     0.000     0.000     0.000     0.000     0.000     0.000     0.000
 121.7395833    13.500   114.583   350.430    -0.086     0.000     0.000     0.000     0.000     0.000     0.000     0.000     0.000
 121.7395833    13.000   114.932   350.684    -0.086     0.000     0.000     0.000     0.000     0.000     0.000     0.000     0.000
 121.7395833    12.500   115.283   350.941    -0.086     0.000     0.000     0.000     0.000     0.000     0.000     0.000     0.000
 121.7395833    12.000   115.635   351.199    -0.086     0.000     0.000     0.000     0.000     0.000     0.000     0.000     0.000
 121.7395833    11.500   115.988   351.459    -0.086     0.000     0.000     0.000     0.000     0.000     0.000     0.000     0.000
 121.7395833    11.000   116.342   351.722    -0.086     0.000     0.000     0.000     0.000     0.000     0.000     0.000     0.000
 121.7395833    10.500   116.699   351.987    -0.086     0.000     0.000     0.000     0.000     0.000     0.000     0.000     0.000
 121.7395833    10.000   117.056   352.254    -0.086   335.688   373.624    89.114    51.178    13.926   137.356   304.077   420.339
 121.7395833     9.500   105.764   314.153    -0.069   295.126   328.478    79.756    71.597    12.436   128.716   318.541   420.403
 121.7395833     9.000    93.166   266.534    -0.055   247.719   275.713    68.548    92.322    10.687   117.360   335.381   420.664
 121.7395833     8.500    81.902   220.840    -0.044   205.066   228.240    58.171   107.289     9.115   105.634   350.345   421.112
 121.7395833     8.000    71.959   180.330    -0.035   169.198   188.319    49.190   116.324     7.804    94.287   362.790   421.702
 121.7395833     7.500    63.074   145.900    -0.028   139.969   155.787    41.665   120.497     6.755    83.679   372.852   422.392
 121.7395833     7.000    55.035   117.400    -0.023   116.537   129.707    35.474   121.096     5.942    73.975   380.884   423.146
 121.7395833     6.500    47.724    94.210    -0.018    97.915   108.980    30.435   119.273     5.329    65.237   387.264   423.936
 121.7395833     6.000    41.073    75.572    -0.014    83.178    92.578    26.362   115.947     4.883    57.464   392.329   424.741
 121.7395833     5.500    35.055    60.719    -0.012    71.540    79.625    23.083   111.806     4.570    50.622   396.354   425.542
 121.7395833     5.000    29.655    48.975    -0.009    62.358    69.405    20.454   107.341     4.362    44.661   399.559   426.322
 121.7395833     4.500    24.887    39.718    -0.007    55.121    61.350    18.353   102.891     4.235    39.527   402.109   427.066
 121.7395833     4.000    20.692    32.529    -0.006    49.430    55.016    16.682    98.680     4.168    35.161   404.141   427.753
 121.7395833     3.500    17.051    27.034    -0.005    44.976    50.059    15.363    94.849     4.141    31.511   405.758   428.363
 121.7395833     3.000    13.952    22.923    -0.004    41.521    46.213    14.334    91.482     4.140    28.524   407.037   428.879
 121.7395833     2.500    11.381    19.948    -0.003    38.881    43.275    13.546    88.625     4.151    26.148   408.037   429.291
 121.7395833     2.000     9.318    17.921    -0.002    36.914    41.086    12.959    86.294     4.166    24.335   408.801   429.591
 121.7395833     1.500     7.745    16.681    -0.002    35.512    39.525    12.543    84.488     4.177    23.031   409.361   429.784
 121.7395833     1.000     6.655    16.083    -0.002    34.586    38.495    12.271    83.197     4.183    22.181   409.736   429.880
 121.7395833     0.500     6.053    15.981    -0.001     0.000     0.000     0.000     0.000     0.000     0.000     0.000     0.000
 121.7604167    23.000   110.747   353.335    -0.071     0.000     0.000     0.000     0.000     0.000     0.000     0.000     0.000
 121.7604167    22.500   111.005   353.617    -0.071     0.000     0.000     0.000     0.000     0.000     0.000     0.000     0.000
 121.7604167    22.000   111.264   353.900    -0.071     0.000     0.000     0.000     0.000     0.000     0.000     0.000     0.000
 121.7604167    21.500   111.522   354.184    -0.071     0.000     0.000     0.000     0.000     0.000     0.000     0.000     0.000
 121.7604167    21.000   111.779   354.469    -0.071     0.000     0.000     0.000     0.000     0.000     0.000     0.000     0.000
 121.7604167    20.500   112.037   354.755    -0.071     0.000     0.000     0.000     0.000     0.000     0.000     0.000     0.000
 121.7604167    20.000   112.294   355.042    -0.071     0.000     0.000     0.000     0.000     0.000     0.000     0.000     0.000
 121.7604167    19.500   112.551   355.330    -0.071     0.000     0.000     0.000     0.000     0.000     0.000     0.000     0.000
 121.7604167    19.000   112.808   355.618    -0.071     0.000     0.000     0.000     0.000     0.000     0.000     0.000     0.000
 121.7604167    18.500   113.065   355.908    -0.071     0.000     0.000     0.000     0.000     0.000     0.000     0.000     0.000
 121.7604167    18.000   113.322   356.199    -0.071     0.000     0.000     0.000     0.000     0.000     0.000     0.000     0.000
 121.7604167    17.500   113.578   356.490    -0.071     0.000     0.000     0.000     0.000     0.000     0.000     0.000     0.000
 121.7604167    17.000   113.834   356.783    -0.071     0.000     0.000     0.000     0.000     0.000     0.000     0.000     0.000
 121.7604167    16.500   114.089   357.076    -0.071     0.000     0.000     0.000     0.000     0.000     0.000     0.000     0.000
 121.7604167    16.000   114.345   357.371    -0.071     0.000     0.000     0.000     0.000     0.000     0.000     0.000     0.000
 121.7604167    15.500   114.600   357.667    -0.071     0.000     0.000     0.000     0.000     0.000     0.000     0.000     0.000
 121.7604167    15.000   114.854   357.964    -0.071     0.000     0.000     0.000     0.000     0.000     0.000     0.000     0.000
 121.7604167    14.500   115.108   358.262    -0.071     0.000     0.000     0.000     0.000     0.000     0.000     0.000     0.000
 121.7604167    14.000   115.362   358.561    -0.071     0.000     0.000     0.000     0.000     0.000     0.000     0.000     0.000
 121.7604167    13.500   115.615   358.861    -0.071     0.000     0.000     0.000     0.000     0.000     0.000     0.000     0.000
 121.7604167    13.000   115.868   359.162    -0.071     0.000     0.000     0.000     0.000     0.000     0.000     0.000     0.000
 121.7604167    12.500   116.120   359.464    -0.071     0.000     0.000     0.000     0.000     0.000     0.000     0.000     0.000
 121.7604167    12.000   116.371   359.768    -0.071     0.000     0.000     0.000     0.000     0.000     0.000     0.000     0.000
 121.7604167    11.500   116.622   360.072    -0.071     0.000     0.000     0.000     0.000     0.000     0.000     0.000     0.000
 121.7604167    11.000   116.872   360.378    -0.071     0.000     0.000     0.000     0.000     0.000     0.000     0.000     0.000
 121.7604167    10.500   117.121   360.684    -0.071     0.000     0.000     0.000     0.000     0.000     0.000     0.000     0.000
 121.7604167    10.000   117.369   360.991    -0.071   329.126   367.281    88.707    50.552    13.671   134.707   320.102   425.282
 121.7604167     9.500   106.329   322.473    -0.056   289.661   323.240    79.338    70.458    12.216   126.309   333.168   425.362
 121.7604167     9.000    94.311   273.964    -0.045   243.479   271.704    68.132    90.684    10.508   115.251   348.326   425.698
 121.7604167     8.500    83.751   227.176    -0.036   201.866   225.268    57.773   105.315     8.972   103.812   361.765   426.272
 121.7604167     8.000    74.437   185.617    -0.029   166.820   186.159    48.820   114.167     7.690    92.726   372.936   427.022
 121.7604167     7.500    65.996   150.324    -0.023   138.215   154.238    41.327   118.277     6.664    82.344   381.977   427.894
 121.7604167     7.000    58.242   121.120    -0.018   115.249   128.609    35.170   118.893     5.868    72.836   389.210   428.849
 121.7604167     6.500    51.056    97.384    -0.015    96.970   108.211    30.164   117.137     5.268    64.265   394.969   429.861
 121.7604167     6.000    44.428    78.299    -0.012    82.485    92.048    26.119   113.906     4.831    56.633   399.555   430.903
 121.7604167     5.500    38.315    63.130    -0.009    71.032    79.266    22.866   109.870     4.525    49.910   403.216   431.949
 121.7604167     5.000    32.818    51.066    -0.008    61.984    69.169    20.259   105.512     4.323    44.049   406.140   432.982
 121.7604167     4.500    27.834    41.626    -0.006    54.845    61.203    18.176   101.163     4.200    38.997   408.479   433.978
 121.7604167     4.000    23.395    34.295    -0.005    49.227    54.933    16.520    97.044     4.135    34.700   410.351   434.909
 121.7604167     3.500    19.514    28.675    -0.004    44.826    50.022    15.213    93.295     4.110    31.105   411.847   435.746
 121.7604167     3.000    16.181    24.458    -0.003    41.409    46.209    14.194    89.998     4.110    28.163   413.037   436.469
 121.7604167     2.500    13.359    21.431    -0.002    38.797    43.294    13.413    87.199     4.122    25.822   413.972   437.057
 121.7604167     2.000    11.067    19.364    -0.002    36.850    41.122    12.832    84.914     4.137    24.036   414.691   437.501
 121.7604167     1.500     9.278    18.109    -0.002    35.461    39.572    12.420    83.144     4.149    22.751   415.219   437.801
 121.7604167     1.000     7.998    17.506    -0.001    34.544    38.549    12.151    81.877     4.155    21.914   415.574   437.968
 121.7604167     0.500     7.230    17.412    -0.001     0.000     0.000     0.000     0.000     0.000     0.000     0.000     0.000
 121.7812500    23.000    58.348   342.466    -0.055     0.000     0.000     0.000     0.000     0.000     0.000     0.000     0.000
 121.7812500    22.500    58.559   342.515    -0.055     0.000     0.000     0.000     0.000     0.000     0.000     0.000     0.000
 121.7812500    22.000    58.770   342.564    -0.055     0.000     0.000     0.000     0.000     0.000     0.000     0.000     0.000
 121.7812500    21.500    58.980   342.614    -0.055     0.000     0.000     0.000     0.000     0.000     0.000     0.000     0.000
 121.7812500    21.000    59.189   342.664    -0.055     0.000     0.000     0.000     0.000     0.000     0.000     0.000     0.000
 121.7812500    20.500    59.398   342.716    -0.055     0.000     0.000     0.000     0.000     0.000     0.000     0.000     0.000
 121.7812500    20.000    59.607   342.768    -0.055     0.000     0.000     0.000     0.000     0.000     0.000     0.000     0.000
 121.7812500    19.500    59.815   342.821    -0.055     0.000     0.000     0.000     0.000     0.000     0.000     0.000     0.000
 121.7812500    19.000    60.023   342.876    -0.055     0.000     0.000     0.000     0.000     0.000     0.000     0.000     0.000
 121.7812500    18.500    60.230   342.931    -0.055     0.000     0.000     0.000     0.000     0.000     0.000     0.000     0.000
 121.7812500    18.000    60.437   342.988    -0.055     0.000     0.000     0.000     0.000     0.000     0.000     0.000     0.000
 121.7812500    17.500    60.644   343.046    -0.055     0.000     0.000     0.000     0.000     0.000     0.000     0.000     0.000
 121.7812500    17.000    60.849   343.106    -0.055     0.000     0.000     0.000     0.000     0.000     0.000     0.000     0.000
 121.7812500    16.500    61.055   343.168    -0.055     0.000     0.000     0.000     0.000     0.000     0.000     0.000     0.000
 121.7812500    16.000    61.259   343.231    -0.055     0.000     0.000     0.000     0.000     0.000     0.000     0.000     0.000
 121.7812500    15.500    61.464   343.296    -0.055     0.000     0.000     0.000     0.000     0.000     0.000     0.000     0.000
 121.7812500    15.000    61.667   343.364    -0.055     0.000     0.000     0.000     0.000     0.000     0.000     0.000     0.000
 121.7812500    14.500    61.871   343.434    -0.055     0.000     0.000     0.000     0.000     0.000     0.000     0.000     0.000
 121.7812500    14.000    62.073   343.506    -0.055     0.000     0.000     0.000     0.000     0.000     0.000     0.000     0.000
 121.7812500    13.500    62.276   343.582    -0.055     0.000     0.000     0.000     0.000     0.000     0.000     0.000     0.000
 121.7812500    13.000    62.477   343.662    -0.055     0.000     0.000     0.000     0.000     0.000     0.000     0.000     0.000
 121.7812500    12.500    62.679   343.745    -0.055     0.000     0.000     0.000     0.000     0.000     0.000     0.000     0.000
 121.7812500    12.000    62.880   343.833    -0.055     0.000     0.000     0.000     0.000     0.000     0.000     0.000     0.000
 121.7812500    11.500    63.080   343.927    -0.055     0.000     0.000     0.000     0.000     0.000     0.000     0.000     0.000
 121.7812500    11.000    63.281   344.027    -0.055     0.000     0.000     0.000     0.000     0.000     0.000     0.000     0.000
 121.7812500    10.500    63.481   344.134    -0.055     0.000     0.000     0.000     0.000     0.000     0.000     0.000     0.000
 121.7812500    10.000    63.682   344.251    -0.055   262.658   302.488    85.959    46.129    11.516   112.293   335.781   425.888
 121.7812500     9.500    59.655   306.603    -0.044   231.335   266.416    76.467    62.121    10.286   105.311   346.761   426.200
 121.7812500     9.000    55.622   259.798    -0.035   194.649   224.167    65.209    78.310     8.842    96.113   359.548   426.820
 121.7812500     8.500    52.092   215.201    -0.028   161.559   186.058    54.900    89.935     7.543    86.594   370.952   427.661
 121.7812500     8.000    48.730   175.882    -0.023   133.659   153.928    46.073    96.863     6.460    77.364   380.494   428.660
 121.7812500     7.500    45.279   142.624    -0.018   110.862   127.673    38.752    99.943     5.593    68.717   388.272   429.772
 121.7812500     7.000    41.657   115.203    -0.015    92.539   106.572    32.785   100.195     4.921    60.794   394.543   430.957
 121.7812500     6.500    37.897    92.965    -0.012    77.940    89.759    27.968    98.534     4.414    53.649   399.584   432.186
 121.7812500     6.000    34.066    75.148    -0.009    66.361    76.424    24.102    95.692     4.044    47.285   403.636   433.435
 121.7812500     5.500    30.279    60.978    -0.008    57.196    65.869    21.010    92.217     3.784    41.676   406.902   434.681
 121.7812500     5.000    26.638    49.769    -0.006    49.950    57.525    18.544    88.499     3.611    36.786   409.536   435.902
 121.7812500     4.500    23.197    40.984    -0.005    44.229    50.936    16.582    84.810     3.504    32.570   411.663   437.074
 121.7812500     4.000    20.007    34.171    -0.004    39.723    45.747    15.028    81.326     3.447    28.983   413.381   438.166
 121.7812500     3.500    17.119    28.964    -0.003    36.191    41.680    13.805    78.163     3.423    25.982   414.765   439.150
 121.7812500     3.000    14.581    25.054    -0.003    33.448    38.521    12.853    75.386     3.420    23.524   415.873   440.002
 121.7812500     2.500    12.409    22.220    -0.002    31.350    36.104    12.126    73.030     3.428    21.570   416.748   440.701
 121.7812500     2.000    10.609    20.286    -0.002    29.786    34.303    11.584    71.109     3.439    20.077   417.422   441.237
 121.7812500     1.500     9.208    19.082    -0.001    28.670    33.018    11.200    69.621     3.447    19.004   417.918   441.608
 121.7812500     1.000     8.203    18.483    -0.001    27.933    32.169    10.949    68.557     3.451    18.304   418.251   441.824
 121.7812500     0.500     7.611    18.353    -0.001     0.000     0.000     0.000     0.000     0.000     0.000     0.000     0.000
 121.8020833    23.000    62.513   363.265    -0.033     0.000     0.000     0.000     0.000     0.000     0.000     0.000     0.000
 121.8020833    22.500    62.778   363.236    -0.033     0.000     0.000     0.000     0.000     0.000     0.000     0.000     0.000
 121.8020833    22.000    63.043   363.207    -0.033     0.000     0.000     0.000     0.000     0.000     0.000     0.000     0.000
 121.8020833    21.500    63.308   363.180    -0.033     0.000     0.000     0.000     0.000     0.000     0.000     0.000     0.000
 121.8020833    21.000    63.573   363.154    -0.033     0.000     0.000     0.000     0.000     0.000     0.000     0.000     0.000
 121.8020833    20.500    63.837   363.129    -0.033     0.000     0.000     0.000     0.000     0.000     0.000     0.000     0.000
 121.8020833    20.000    64.101   363.105    -0.033     0.000     0.000     0.000     0.000     0.000     0.000     0.000     0.000
 121.8020833    19.500    64.365   363.083    -0.033     0.000     0.000     0.000     0.000     0.000     0.000     0.000     0.000
 121.8020833    19.000    64.629   363.062    -0.033     0.000     0.000     0.000     0.000     0.000     0.000     0.000     0.000
 121.8020833    18.500    64.893   363.042    -0.033     0.000     0.000     0.000     0.000     0.000     0.000     0.000     0.000
 121.8020833    18.000    65.156   363.024    -0.033     0.000     0.000     0.000     0.000     0.000     0.000     0.000     0.000
 121.8020833    17.500    65.419   363.007    -0.033     0.000     0.000     0.000     0.000     0.000     0.000     0.000     0.000
 121.8020833    17.000    65.681   362.992    -0.033     0.000     0.000     0.000     0.000     0.000     0.000     0.000     0.000
 121.8020833    16.500    65.944   362.979    -0.033     0.000     0.000     0.000     0.000     0.000     0.000     0.000     0.000
 121.8020833    16.000    66.206   362.967    -0.033     0.000     0.000     0.000     0.000     0.000     0.000     0.000     0.000
 121.8020833    15.500    66.468   362.957    -0.033     0.000     0.000     0.000     0.000     0.000     0.000     0.000     0.000
 121.8020833    15.000    66.729   362.949    -0.033     0.000     0.000     0.000     0.000     0.000     0.000     0.000     0.000
 121.8020833    14.500    66.990   362.943    -0.033     0.000     0.000     0.000     0.000     0.000     0.000     0.000     0.000
 121.8020833    14.000    67.250   362.939    -0.033     0.000     0.000     0.000     0.000     0.000     0.000     0.000     0.000
 121.8020833    13.500    67.511   362.938    -0.033     0.000     0.000     0.000     0.000     0.000     0.000     0.000     0.000
 121.8020833    13.000    67.770   362.938    -0.033     0.000     0.000     0.000     0.000     0.000     0.000     0.000     0.000
 121.8020833    12.500    68.030   362.941    -0.033     0.000     0.000     0.000     0.000     0.000     0.000     0.000     0.000
 121.8020833    12.000    68.288   362.947    -0.033     0.000     0.000     0.000     0.000     0.000     0.000     0.000     0.000
 121.8020833    11.500    68.546   362.956    -0.033     0.000     0.000     0.000     0.000     0.000     0.000     0.000     0.000
 121.8020833    11.000    68.804   362.967    -0.033     0.000     0.000     0.000     0.000     0.000     0.000     0.000     0.000
 121.8020833    10.500    69.061   362.982    -0.033     0.000     0.000     0.000     0.000     0.000     0.000     0.000     0.000
 121.8020833    10.000    69.317   363.000    -0.033   282.668   321.336    87.572    48.905    12.173   119.087   339.459   430.996
 121.8020833     9.500    63.804   324.083    -0.026   249.085   283.159    78.002    65.837    10.880   111.715   350.685   431.231
 121.8020833     9.000    58.295   275.329    -0.020   209.729   238.418    66.631    82.990     9.361   101.997   363.718   431.777
 121.8020833     8.500    53.654   228.524    -0.016   174.204   198.034    56.198    95.322     7.995    91.930   375.306   432.566
 121.8020833     8.000    49.409   187.108    -0.012   144.229   163.959    47.246   102.685     6.854    82.159   384.987   433.520
 121.8020833     7.500    45.265   151.978    -0.009   119.718   136.095    39.807   105.974     5.941    73.000   392.878   434.573
 121.8020833     7.000    41.098   122.948    -0.007   100.003   113.683    33.731   106.266     5.233    64.603   399.247   435.681
 121.8020833     6.500    36.915    99.358    -0.006    84.285    95.814    28.818   104.528     4.699    57.027   404.377   436.807
 121.8020833     6.000    32.765    80.416    -0.004    71.809    81.632    24.869   101.535     4.310    50.275   408.512   437.927
 121.8020833     5.500    28.773    65.299    -0.003    61.928    70.399    21.706    97.866     4.037    44.322   411.856   439.016
 121.8020833     5.000    24.994    53.326    -0.003    54.112    61.514    19.180    93.938     3.856    39.131   414.567   440.053
 121.8020833     4.500    21.513    43.867    -0.002    47.937    54.495    17.169    90.035     3.746    34.653   416.763   441.027
 121.8020833     4.000    18.342    36.481    -0.002    43.072    48.964    15.574    86.349     3.688    30.844   418.543   441.913
 121.8020833     3.500    15.512    30.789    -0.001    39.257    44.627    14.318    83.000     3.665    27.655   419.985   442.691
 121.8020833     3.000    13.034    26.494    -0.001    36.293    41.258    13.340    80.058     3.664    25.045   421.146   443.344
 121.8020833     2.500    10.931    23.337    -0.001    34.025    38.680    12.591    77.563     3.674    22.968   422.068   443.863
 121.8020833     2.000     9.203    21.131    -0.001    32.334    36.758    12.035    75.527     3.687    21.382   422.784   444.242
 121.8020833     1.500     7.849    19.712    -0.000    31.127    35.385    11.640    73.950     3.697    20.242   423.317   444.487
 121.8020833     1.000     6.881    18.928    -0.000    30.330    34.479    11.382    72.822     3.702    19.499   423.679   444.614
 121.8020833     0.500     6.304    18.637    -0.000     0.000     0.000     0.000     0.000     0.000     0.000     0.000     0.000
 121.8229167    23.000   -11.352   349.814    -0.052     0.000     0.000     0.000     0.000     0.000     0.000     0.000     0.000
 121.8229167    22.500   -11.101   349.677    -0.052     0.000     0.000     0.000     0.000     0.000     0.000     0.000     0.000
 121.8229167    22.000   -10.851   349.544    -0.052     0.000     0.000     0.000     0.000     0.000     0.000     0.000     0.000
 121.8229167    21.500   -10.602   349.414    -0.052     0.000     0.000     0.000     0.000     0.000     0.000     0.000     0.000
 121.8229167    21.000   -10.356   349.288    -0.052     0.000     0.000     0.000     0.000     0.000     0.000     0.000     0.000
 121.8229167    20.500   -10.111   349.166    -0.052     0.000     0.000     0.000     0.000     0.000     0.000     0.000     0.000
 121.8229167    20.000    -9.869   349.048    -0.052     0.000     0.000     0.000     0.000     0.000     0.000     0.000     0.000
 121.8229167    19.500    -9.628   348.935    -0.052     0.000     0.000     0.000     0.000     0.000     0.000     0.000     0.000
 121.8229167    19.000    -9.390   348.825    -0.052     0.000     0.000     0.000     0.000     0.000     0.000     0.000     0.000
 121.8229167    18.500    -9.154   348.719    -0.052     0.000     0.000     0.000     0.000     0.000     0.000     0.000     0.000
 121.8229167    18.000    -8.920   348.618    -0.052     0.000     0.000     0.000     0.000     0.000     0.000     0.000     0.000
 121.8229167    17.500    -8.689   348.522    -0.052     0.000     0.000     0.000     0.000     0.000     0.000     0.000     0.000
 121.8229167    17.000    -8.460   348.430    -0.052     0.000     0.000     0.000     0.000     0.000     0.000     0.000     0.000
 121.8229167    16.500    -8.233   348.343    -0.052     0.000     0.000     0.000     0.000     0.000     0.000     0.000     0.000
 121.8229167    16.000    -8.010   348.260    -0.052     0.000     0.000     0.000     0.000     0.000     0.000     0.000     0.000
 121.8229167    15.500    -7.789   348.183    -0.052     0.000     0.000     0.000     0.000     0.000     0.000     0.000     0.000
 121.8229167    15.000    -7.572   348.111    -0.052     0.000     0.000     0.000     0.000     0.000     0.000     0.000     0.000
 121.8229167    14.500    -7.358   348.043    -0.052     0.000     0.000     0.000     0.000     0.000     0.000     0.000     0.000
 121.8229167    14.000    -7.147   347.981    -0.052     0.000     0.000     0.000     0.000     0.000     0.000     0.000     0.000
 121.8229167    13.500    -6.940   347.925    -0.052     0.000     0.000     0.000     0.000     0.000     0.000     0.000     0.000
 121.8229167    13.000    -6.736   347.873    -0.052     0.000     0.000     0.000     0.000     0.000     0.000     0.000     0.000
 121.8229167    12.500    -6.537   347.827    -0.052     0.000     0.000     0.000     0.000     0.000     0.000     0.000     0.000
 121.8229167    12.000    -6.343   347.786    -0.052     0.000     0.000     0.000     0.000     0.000     0.000     0.000     0.000
 121.8229167    11.500    -6.153   347.750    -0.052     0.000     0.000     0.000     0.000     0.000     0.000     0.000     0.000
 121.8229167    11.000    -5.968   347.719    -0.052     0.000     0.000     0.000     0.000     0.000     0.000     0.000     0.000
 121.8229167    10.500    -5.788   347.693    -0.052     0.000     0.000     0.000     0.000     0.000     0.000     0.000     0.000
 121.8229167    10.000    -5.615   347.671    -0.052   210.507   251.357    81.217    40.367     9.721    93.819   343.457   430.384
 121.8229167     9.500    -1.942   309.917    -0.043   185.554   221.561    71.971    53.435     8.679    88.015   353.865   430.896
 121.8229167     9.000     3.351   263.054    -0.034   156.300   186.631    61.066    66.641     7.457    80.362   366.057   431.745
 121.8229167     8.500     8.848   218.161    -0.028   129.884   155.088    51.144    76.093     6.358    72.434   377.011   432.788
 121.8229167     8.000    13.437   178.574    -0.023   107.584   128.461    42.704    81.683     5.442    64.740   386.249   433.951
 121.8229167     7.500    16.694   145.140    -0.018    89.341   106.678    35.747    84.110     4.709    57.526   393.833   435.196
 121.8229167     7.000    18.644   117.626    -0.015    74.661    89.149    30.108    84.215     4.140    50.912   400.009   436.468
 121.8229167     6.500    19.451    95.371    -0.012    62.951    75.167    25.580    82.752     3.711    44.944   405.025   437.736
 121.8229167     6.000    19.334    77.598    -0.010    53.654    64.066    21.963    80.322     3.398    39.624   409.105   438.973
 121.8229167     5.500    18.570    63.491    -0.008    46.288    55.270    19.082    77.378     3.177    34.935   412.426   440.165
 121.8229167     5.000    17.364    52.372    -0.006    40.459    48.310    16.793    74.242     3.030    30.845   415.137   441.292
 121.8229167     4.500    15.896    43.667    -0.005    35.853    42.810    14.977    71.136     2.938    27.317   417.352   442.334
 121.8229167     4.000    14.330    36.872    -0.004    32.222    38.475    13.543    68.208     2.889    24.315   419.157   443.278
 121.8229167     3.500    12.765    31.616    -0.003    29.375    35.075    12.417    65.551     2.867    21.803   420.619   444.110
 121.8229167     3.000    11.261    27.632    -0.003    27.162    32.433    11.542    63.220     2.863    19.746   421.795   444.813
 121.8229167     2.500     9.875    24.687    -0.002    25.469    30.411    10.873    61.243     2.868    18.109   422.726   445.378
 121.8229167     2.000     8.667    22.578    -0.002    24.206    28.904    10.377    59.632     2.876    16.859   423.442   445.801
 121.8229167     1.500     7.667    21.153    -0.002    23.305    27.827    10.024    58.384     2.883    15.960   423.969   446.086
 121.8229167     1.000     6.897    20.285    -0.001    22.710    27.116     9.794    57.492     2.885    15.375   424.321   446.245
 121.8229167     0.500     6.388    19.845    -0.001     0.000     0.000     0.000     0.000     0.000     0.000     0.000     0.000
 121.8437500    23.000   -24.076   322.695    -0.061     0.000     0.000     0.000     0.000     0.000     0.000     0.000     0.000
 121.8437500    22.500   -23.941   322.625    -0.061     0.000     0.000     0.000     0.000     0.000     0.000     0.000     0.000
 121.8437500    22.000   -23.807   322.562    -0.061     0.000     0.000     0.000     0.000     0.000     0.000     0.000     0.000
 121.8437500    21.500   -23.672   322.505    -0.061     0.000     0.000     0.000     0.000     0.000     0.000     0.000     0.000
 121.8437500    21.000   -23.539   322.456    -0.061     0.000     0.000     0.000     0.000     0.000     0.000     0.000     0.000
 121.8437500    20.500   -23.405   322.414    -0.061     0.000     0.000     0.000     0.000     0.000     0.000     0.000     0.000
 121.8437500    20.000   -23.272   322.380    -0.061     0.000     0.000     0.000     0.000     0.000     0.000     0.000     0.000
 121.8437500    19.500   -23.139   322.355    -0.061     0.000     0.000     0.000     0.000     0.000     0.000     0.000     0.000
 121.8437500    19.000   -23.006   322.337    -0.061     0.000     0.000     0.000     0.000     0.000     0.000     0.000     0.000
 121.8437500    18.500   -22.874   322.328    -0.061     0.000     0.000     0.000     0.000     0.000     0.000     0.000     0.000
 121.8437500    18.000   -22.742   322.328    -0.061     0.000     0.000     0.000     0.000     0.000     0.000     0.000     0.000
 121.8437500    17.500   -22.611   322.338    -0.061     0.000     0.000     0.000     0.000     0.000     0.000     0.000     0.000
 121.8437500    17.000   -22.480   322.357    -0.061     0.000     0.000     0.000     0.000     0.000     0.000     0.000     0.000
 121.8437500    16.500   -22.349   322.386    -0.061     0.000     0.000     0.000     0.000     0.000     0.000     0.000     0.000
 121.8437500    16.000   -22.219   322.425    -0.061     0.000     0.000     0.000     0.000     0.000     0.000     0.000     0.000
 121.8437500    15.500   -22.089   322.475    -0.061     0.000     0.000     0.000     0.000     0.000     0.000     0.000     0.000
 121.8437500    15.000   -21.960   322.536    -0.061     0.000     0.000     0.000     0.000     0.000     0.000     0.000     0.000
 121.8437500    14.500   -21.831   322.609    -0.061     0.000     0.000     0.000     0.000     0.000     0.000     0.000     0.000
 121.8437500    14.000   -21.703   322.694    -0.061     0.000     0.000     0.000     0.000     0.000     0.000     0.000     0.000
 121.8437500    13.500   -21.575   322.792    -0.061     0.000     0.000     0.000     0.000     0.000     0.000     0.000     0.000
 121.8437500    13.000   -21.447   322.903    -0.061     0.000     0.000     0.000     0.000     0.000     0.000     0.000     0.000
 121.8437500    12.500   -21.321   323.027    -0.061     0.000     0.000     0.000     0.000     0.000     0.000     0.000     0.000
 121.8437500    12.000   -21.194   323.167    -0.061     0.000     0.000     0.000     0.000     0.000     0.000     0.000     0.000
 121.8437500    11.500   -21.069   323.321    -0.061     0.000     0.000     0.000     0.000     0.000     0.000     0.000     0.000
 121.8437500    11.000   -20.944   323.492    -0.061     0.000     0.000     0.000     0.000     0.000     0.000     0.000     0.000
 121.8437500    10.500   -20.820   323.681    -0.061     0.000     0.000     0.000     0.000     0.000     0.000     0.000     0.000
 121.8437500    10.000   -20.696   323.888    -0.061   180.383   221.268    78.184    37.298     8.683    83.182   366.371   431.354
 121.8437500     9.500   -15.024   286.494    -0.048   159.020   195.064    69.125    48.667     7.748    78.031   373.999   431.911
 121.8437500     9.000    -7.843   240.761    -0.037   133.973   164.340    58.472    60.129     6.650    71.241   382.979   432.773
 121.8437500     8.500    -1.262   197.895    -0.029   111.351   136.590    48.815    68.293     5.665    64.209   391.109   433.775
 121.8437500     8.000     4.404   160.219    -0.023    92.251   113.160    40.631    73.072     4.844    57.385   398.015   434.862
 121.8437500     7.500     8.644   128.560    -0.018    76.622    93.989    33.908    75.085     4.187    50.988   403.722   436.009
 121.8437500     7.000    11.407   102.752    -0.014    64.043    78.559    28.478    75.071     3.677    45.124   408.412   437.159
 121.8437500     6.500    12.891    82.098    -0.011    54.008    66.250    24.131    73.691     3.293    39.833   412.257   438.292
 121.8437500     6.000    13.384    65.777    -0.008    46.039    56.475    20.669    71.474     3.011    35.118   415.415   439.382
 121.8437500     5.500    13.176    52.987    -0.006    39.724    48.728    17.918    68.816     2.813    30.961   418.015   440.414
 121.8437500     5.000    12.485    43.057    -0.005    34.727    42.598    15.737    65.999     2.679    27.336   420.159   441.376
 121.8437500     4.500    11.538    35.392    -0.004    30.777    37.753    14.011    63.217     2.596    24.209   421.933   442.248
 121.8437500     4.000    10.431    29.566    -0.003    27.663    33.934    12.649    60.600     2.550    21.548   423.389   443.028
 121.8437500     3.500     9.270    25.230    -0.002    25.221    30.938    11.582    58.228     2.529    19.321   424.583   443.701
 121.8437500     3.000     8.160    22.074    -0.002    23.323    28.610    10.753    56.149     2.524    17.498   425.553   444.259
 121.8437500     2.500     7.134    19.899    -0.001    21.871    26.828    10.120    54.388     2.527    16.047   426.330   444.697
 121.8437500     2.000     6.243    18.522    -0.001    20.787    25.499     9.650    52.952     2.533    14.939   426.935   445.015
 121.8437500     1.500     5.514    17.796    -0.001    20.014    24.550     9.317    51.841     2.538    14.143   427.386   445.219
 121.8437500     1.000     4.966    17.603    -0.001    19.503    23.924     9.099    51.047     2.539    13.624   427.691   445.326
 121.8437500     0.500     4.624    17.821    -0.001     0.000     0.000     0.000     0.000     0.000     0.000     0.000     0.000
 121.8645833    23.000   -19.412   332.204    -0.080     0.000     0.000     0.000     0.000     0.000     0.000     0.000     0.000
 121.8645833    22.500   -19.363   332.352    -0.080     0.000     0.000     0.000     0.000     0.000     0.000     0.000     0.000
 121.8645833    22.000   -19.313   332.502    -0.080     0.000     0.000     0.000     0.000     0.000     0.000     0.000     0.000
 121.8645833    21.500   -19.264   332.651    -0.080     0.000     0.000     0.000     0.000     0.000     0.000     0.000     0.000
 121.8645833    21.000   -19.214   332.802    -0.080     0.000     0.000     0.000     0.000     0.000     0.000     0.000     0.000
 121.8645833    20.500   -19.164   332.953    -0.080     0.000     0.000     0.000     0.000     0.000     0.000     0.000     0.000
 121.8645833    20.000   -19.115   333.104    -0.080     0.000     0.000     0.000     0.000     0.000     0.000     0.000     0.000
 121.8645833    19.500   -19.065   333.257    -0.080     0.000     0.000     0.000     0.000     0.000     0.000     0.000     0.000
 121.8645833    19.000   -19.016   333.409    -0.080     0.000     0.000     0.000     0.000     0.000     0.000     0.000     0.000
 121.8645833    18.500   -18.966   333.562    -0.080     0.000     0.000     0.000     0.000     0.000     0.000     0.000     0.000
 121.8645833    18.000   -18.916   333.715    -0.080     0.000     0.000     0.000     0.000     0.000     0.000     0.000     0.000
 121.8645833    17.500   -18.867   333.868    -0.080     0.000     0.000     0.000     0.000     0.000     0.000     0.000     0.000
 121.8645833    17.000   -18.817   334.022    -0.080     0.000     0.000     0.000     0.000     0.000     0.000     0.000     0.000
 121.8645833    16.500   -18.768   334.175    -0.080     0.000     0.000     0.000     0.000     0.000     0.000     0.000     0.000
 121.8645833    16.000   -18.718   334.328    -0.080     0.000     0.000     0.000     0.000     0.000     0.000     0.000     0.000
 121.8645833    15.500   -18.668   334.481    -0.080     0.000     0.000     0.000     0.000     0.000     0.000     0.000     0.000
 121.8645833    15.000   -18.619   334.634    -0.080     0.000     0.000     0.000     0.000     0.000     0.000     0.000     0.000
 121.8645833    14.500   -18.569   334.786    -0.080     0.000     0.000     0.000     0.000     0.000     0.000     0.000     0.000
 121.8645833    14.000   -18.519   334.937    -0.080     0.000     0.000     0.000     0.000     0.000     0.000     0.000     0.000
 121.8645833    13.500   -18.470   335.087    -0.080     0.000     0.000     0.000     0.000     0.000     0.000     0.000     0.000
 121.8645833    13.000   -18.420   335.236    -0.080     0.000     0.000     0.000     0.000     0.000     0.000     0.000     0.000
 121.8645833    12.500   -18.371   335.384    -0.080     0.000     0.000     0.000     0.000     0.000     0.000     0.000     0.000
 121.8645833    12.000   -18.321   335.530    -0.080     0.000     0.000     0.000     0.000     0.000     0.000     0.000     0.000
 121.8645833    11.500   -18.271   335.673    -0.080     0.000     0.000     0.000     0.000     0.000     0.000     0.000     0.000
 121.8645833    11.000   -18.222   335.815    -0.080     0.000     0.000     0.000     0.000     0.000     0.000     0.000     0.000
 121.8645833    10.500   -18.172   335.954    -0.080     0.000     0.000     0.000     0.000     0.000     0.000     0.000     0.000
 121.8645833    10.000   -18.123   336.090    -0.080   179.025   219.851    78.027    37.201     8.637    82.709   379.885   432.809
 121.8645833     9.500   -12.816   297.707    -0.062   157.817   193.806    68.979    48.491     7.705    77.584   386.063   433.302
 121.8645833     9.000    -5.682   250.370    -0.048   132.952   163.270    58.341    59.870     6.614    70.830   393.297   434.116
 121.8645833     8.500     0.917   205.963    -0.037   110.495   135.693    48.699    67.970     5.633    63.836   399.853   435.070
 121.8645833     8.000     6.134   167.445    -0.028    91.536   112.410    40.528    72.708     4.816    57.049   405.454   436.088
 121.8645833     7.500    10.093   135.014    -0.022    76.023    93.360    33.818    74.698     4.162    50.688   410.115   437.143
 121.8645833     7.000    12.641   108.522    -0.017    63.539    78.029    28.398    74.674     3.655    44.857   413.964   438.199
 121.8645833     6.500    13.921    87.306    -0.013    53.580    65.799    24.061    73.294     3.273    39.596   417.141   439.231
 121.8645833     6.000    14.225    70.503    -0.010    45.672    56.087    20.606    71.083     2.992    34.908   419.768   440.219
 121.8645833     5.500    13.833    57.291    -0.008    39.405    48.392    17.862    68.435     2.795    30.775   421.944   441.150
 121.8645833     5.000    12.971    46.980    -0.006    34.446    42.302    15.686    65.630     2.662    27.171   423.751   442.010
 121.8645833     4.500    11.851    38.955    -0.005    30.527    37.489    13.964    62.862     2.580    24.062   425.249   442.793
 121.8645833     4.000    10.617    32.740    -0.004    27.438    33.695    12.606    60.258     2.533    21.417   426.485   443.491
 121.8645833     3.500     9.334    28.024    -0.003    25.015    30.719    11.542    57.898     2.512    19.203   427.505   444.089
 121.8645833     3.000     8.102    24.486    -0.002    23.132    28.407    10.715    55.829     2.507    17.391   428.337   444.583
 121.8645833     2.500     6.968    21.913    -0.002    21.691    26.637    10.084    54.077     2.510    15.949   429.008   444.967
 121.8645833     2.000     5.972    20.123    -0.001    20.616    25.317     9.616    52.649     2.516    14.847   429.533   445.244
 121.8645833     1.500     5.137    18.976    -0.001    19.849    24.375     9.283    51.544     2.520    14.055   429.926   445.421
 121.8645833     1.000     4.481    18.350    -0.001    19.342    23.753     9.066    50.754     2.522    13.539   430.195   445.510
 121.8645833     0.500     4.032    18.124    -0.001     0.000     0.000     0.000     0.000     0.000     0.000     0.000     0.000
 121.8854167    23.000   -27.164   306.445    -0.129     0.000     0.000     0.000     0.000     0.000     0.000     0.000     0.000
 121.8854167    22.500   -27.159   306.923    -0.129     0.000     0.000     0.000     0.000     0.000     0.000     0.000     0.000
 121.8854167    22.000   -27.155   307.401    -0.129     0.000     0.000     0.000     0.000     0.000     0.000     0.000     0.000
 121.8854167    21.500   -27.152   307.878    -0.129     0.000     0.000     0.000     0.000     0.000     0.000     0.000     0.000
 121.8854167    21.000   -27.150   308.356    -0.129     0.000     0.000     0.000     0.000     0.000     0.000     0.000     0.000
 121.8854167    20.500   -27.149   308.833    -0.129     0.000     0.000     0.000     0.000     0.000     0.000     0.000     0.000
 121.8854167    20.000   -27.148   309.309    -0.129     0.000     0.000     0.000     0.000     0.000     0.000     0.000     0.000
 121.8854167    19.500   -27.148   309.785    -0.129     0.000     0.000     0.000     0.000     0.000     0.000     0.000     0.000
 121.8854167    19.000   -27.150   310.260    -0.129     0.000     0.000     0.000     0.000     0.000     0.000     0.000     0.000
 121.8854167    18.500   -27.152   310.734    -0.129     0.000     0.000     0.000     0.000     0.000     0.000     0.000     0.000
 121.8854167    18.000   -27.154   311.207    -0.129     0.000     0.000     0.000     0.000     0.000     0.000     0.000     0.000
 121.8854167    17.500   -27.158   311.678    -0.129     0.000     0.000     0.000     0.000     0.000     0.000     0.000     0.000
 121.8854167    17.000   -27.162   312.148    -0.129     0.000     0.000     0.000     0.000     0.000     0.000     0.000     0.000
 121.8854167    16.500   -27.168   312.616    -0.129     0.000     0.000     0.000     0.000     0.000     0.000     0.000     0.000
 121.8854167    16.000   -27.174   313.083    -0.129     0.000     0.000     0.000     0.000     0.000     0.000     0.000     0.000
 121.8854167    15.500   -27.181   313.547    -0.129     0.000     0.000     0.000     0.000     0.000     0.000     0.000     0.000
 121.8854167    15.000   -27.189   314.009    -0.129     0.000     0.000     0.000     0.000     0.000     0.000     0.000     0.000
 121.8854167    14.500   -27.199   314.468    -0.129     0.000     0.000     0.000     0.000     0.000     0.000     0.000     0.000
 121.8854167    14.000   -27.208   314.924    -0.129     0.000     0.000     0.000     0.000     0.000     0.000     0.000     0.000
 121.8854167    13.500   -27.219   315.376    -0.129     0.000     0.000     0.000     0.000     0.000     0.000     0.000     0.000
 121.8854167    13.000   -27.231   315.826    -0.129     0.000     0.000     0.000     0.000     0.000     0.000     0.000     0.000
 121.8854167    12.500   -27.244   316.271    -0.129     0.000     0.000     0.000     0.000     0.000     0.000     0.000     0.000
 121.8854167    12.000   -27.258   316.711    -0.129     0.000     0.000     0.000     0.000     0.000     0.000     0.000     0.000
 121.8854167    11.500   -27.273   317.148    -0.129     0.000     0.000     0.000     0.000     0.000     0.000     0.000     0.000
 121.8854167    11.000   -27.289   317.579    -0.129     0.000     0.000     0.000     0.000     0.000     0.000     0.000     0.000
 121.8854167    10.500   -27.306   318.004    -0.129     0.000     0.000     0.000     0.000     0.000     0.000     0.000     0.000
 121.8854167    10.000   -27.324   318.423    -0.129   160.562   200.372    75.877    36.068     7.994    76.190   382.080   432.045
 121.8854167     9.500   -20.091   280.827    -0.098   141.511   176.597    66.985    46.223     7.127    71.448   387.839   432.595
 121.8854167     9.000   -10.840   234.655    -0.074   119.180   148.729    56.548    56.418     6.112    65.204   394.603   433.471
 121.8854167     8.500    -2.513   191.653    -0.056    99.018   123.569    47.108    63.621     5.201    58.743   400.760   434.485
 121.8854167     8.000     4.028   154.622    -0.042    82.002   102.333    39.126    67.768     4.441    52.480   406.045   435.556
 121.8854167     7.500     8.665   123.991    -0.032    68.084    84.964    32.585    69.425     3.834    46.615   410.479   436.641
 121.8854167     7.000    11.654    99.183    -0.024    56.886    70.990    27.313    69.263     3.363    41.241   414.154   437.726
 121.8854167     6.500    13.375    79.299    -0.018    47.956    59.846    23.101    67.883     3.008    36.395   417.183   438.802
 121.8854167     6.000    14.030    63.621    -0.014    40.866    50.999    19.753    65.763     2.747    32.078   419.690   439.845
 121.8854167     5.500    13.863    51.421    -0.010    35.251    43.991    17.097    63.258     2.563    28.275   421.772   440.836
 121.8854167     5.000    13.187    41.942    -0.008    30.807    38.446    14.994    60.625     2.439    24.958   423.497   441.769
 121.8854167     4.500    12.168    34.671    -0.006    27.297    34.064    13.332    58.037     2.361    22.098   424.932   442.625
 121.8854167     4.000    10.977    29.132    -0.004    24.530    30.612    12.023    55.609     2.316    19.666   426.119   443.395
 121.8854167     3.500     9.725    24.987    -0.003    22.360    27.904    10.997    53.413     2.296    17.630   427.101   444.063
 121.8854167     3.000     8.497    21.955    -0.003    20.674    25.800    10.202    51.491     2.289    15.963   427.903   444.621
 121.8854167     2.500     7.358    19.815    -0.002    19.384    24.190     9.594    49.865     2.291    14.637   428.547   445.066
 121.8854167     2.000     6.327    18.431    -0.001    18.422    22.989     9.144    48.541     2.295    13.624   429.054   445.392
 121.8854167     1.500     5.457    17.635    -0.001    17.735    22.132     8.824    47.517     2.298    12.896   429.433   445.606
 121.8854167     1.000     4.761    17.319    -0.001    17.282    21.567     8.614    46.785     2.299    12.421   429.690   445.722
 121.8854167     0.500     4.258    17.379    -0.001     0.000     0.000     0.000     0.000     0.000     0.000     0.000     0.000
 121.9062500    23.000   -28.737   282.315    -0.165     0.000     0.000     0.000     0.000     0.000     0.000     0.000     0.000
 121.9062500    22.500   -28.838   282.981    -0.165     0.000     0.000     0.000     0.000     0.000     0.000     0.000     0.000
 121.9062500    22.000   -28.939   283.644    -0.165     0.000     0.000     0.000     0.000     0.000     0.000     0.000     0.000
 121.9062500    21.500   -29.039   284.304    -0.165     0.000     0.000     0.000     0.000     0.000     0.000     0.000     0.000
 121.9062500    21.000   -29.139   284.961    -0.165     0.000     0.000     0.000     0.000     0.000     0.000     0.000     0.000
 121.9062500    20.500   -29.239   285.614    -0.165     0.000     0.000     0.000     0.000     0.000     0.000     0.000     0.000
 121.9062500    20.000   -29.339   286.265    -0.165     0.000     0.000     0.000     0.000     0.000     0.000     0.000     0.000
 121.9062500    19.500   -29.439   286.911    -0.165     0.000     0.000     0.000     0.000     0.000     0.000     0.000     0.000
 121.9062500    19.000   -29.539   287.555    -0.165     0.000     0.000     0.000     0.000     0.000     0.000     0.000     0.000
 121.9062500    18.500   -29.638   288.195    -0.165     0.000     0.000     0.000     0.000     0.000     0.000     0.000     0.000
 121.9062500    18.000   -29.737   288.831    -0.165     0.000     0.000     0.000     0.000     0.000     0.000     0.000     0.000
 121.9062500    17.500   -29.836   289.463    -0.165     0.000     0.000     0.000     0.000     0.000     0.000     0.000     0.000
 121.9062500    17.000   -29.936   290.091    -0.165     0.000     0.000     0.000     0.000     0.000     0.000     0.000     0.000
 121.9062500    16.500   -30.035   290.715    -0.165     0.000     0.000     0.000     0.000     0.000     0.000     0.000     0.000
 121.9062500    16.000   -30.134   291.335    -0.165     0.000     0.000     0.000     0.000     0.000     0.000     0.000     0.000
 121.9062500    15.500   -30.233   291.950    -0.165     0.000     0.000     0.000     0.000     0.000     0.000     0.000     0.000
 121.9062500    15.000   -30.332   292.561    -0.165     0.000     0.000     0.000     0.000     0.000     0.000     0.000     0.000
 121.9062500    14.500   -30.431   293.167    -0.165     0.000     0.000     0.000     0.000     0.000     0.000     0.000     0.000
 121.9062500    14.000   -30.531   293.768    -0.165     0.000     0.000     0.000     0.000     0.000     0.000     0.000     0.000
 121.9062500    13.500   -30.630   294.364    -0.165     0.000     0.000     0.000     0.000     0.000     0.000     0.000     0.000
 121.9062500    13.000   -30.729   294.955    -0.165     0.000     0.000     0.000     0.000     0.000     0.000     0.000     0.000
 121.9062500    12.500   -30.829   295.541    -0.165     0.000     0.000     0.000     0.000     0.000     0.000     0.000     0.000
 121.9062500    12.000   -30.929   296.120    -0.165     0.000     0.000     0.000     0.000     0.000     0.000     0.000     0.000
 121.9062500    11.500   -31.029   296.694    -0.165     0.000     0.000     0.000     0.000     0.000     0.000     0.000     0.000
 121.9062500    11.000   -31.130   297.261    -0.165     0.000     0.000     0.000     0.000     0.000     0.000     0.000     0.000
 121.9062500    10.500   -31.231   297.822    -0.165     0.000     0.000     0.000     0.000     0.000     0.000     0.000     0.000
 121.9062500    10.000   -31.333   298.375    -0.165   144.802   182.407    73.305    35.700     7.418    70.448   382.788   431.554
 121.9062500     9.500   -23.071   262.236    -0.124   127.570   160.700    64.644    44.773     6.609    66.032   388.376   432.127
 121.9062500     9.000   -12.956   218.271    -0.094   107.380   135.267    54.492    53.826     5.662    60.226   394.973   433.003
 121.9062500     8.500    -4.015   177.578    -0.071    89.162   112.317    45.324    60.148     4.813    54.227   400.993   433.999
 121.9062500     8.000     2.981   142.689    -0.053    73.795    92.960    37.585    63.697     4.105    48.420   406.166   435.047
 121.9062500     7.500     7.963   113.939    -0.040    61.234    77.136    31.254    64.997     3.540    42.986   410.504   436.111
 121.9062500     7.000    11.178    90.796    -0.030    51.133    64.412    26.158    64.663     3.101    38.014   414.105   437.167
 121.9062500     6.500    13.025    72.383    -0.023    43.083    54.271    22.093    63.242     2.770    33.534   417.078   438.210
 121.9062500     6.000    13.760    57.943    -0.017    36.695    46.225    18.866    61.169     2.527    29.546   419.529   439.228
 121.9062500     5.500    13.735    46.680    -0.013    31.638    39.854    16.310    58.767     2.355    26.033   421.556   440.204
 121.9062500     5.000    13.122    38.029    -0.010    27.638    34.815    14.288    56.266     2.238    22.972   423.237   441.125
 121.9062500     4.500    12.163    31.422    -0.007    24.479    30.836    12.692    53.822     2.164    20.334   424.630   441.977
 121.9062500     4.000    11.020    26.424    -0.006    21.990    27.701    11.435    51.538     2.122    18.090   425.780   442.748
 121.9062500     3.500     9.793    22.727    -0.004    20.039    25.243    10.451    49.479     2.101    16.213   426.727   443.422
 121.9062500     3.000     8.575    20.065    -0.003    18.524    23.334     9.689    47.681     2.094    14.676   427.500   443.990
 121.9062500     2.500     7.446    18.217    -0.002    17.364    21.874     9.107    46.161     2.094    13.453   428.120   444.445
 121.9062500     2.000     6.424    17.055    -0.002    16.500    20.785     8.675    44.925     2.097    12.519   428.605   444.782
 121.9062500     1.500     5.546    16.440    -0.001    15.883    20.007     8.368    43.970     2.099    11.848   428.967   445.009
 121.9062500     1.000     4.830    16.270    -0.001    15.475    19.494     8.168    43.289     2.099    11.410   429.212   445.135
 121.9062500     0.500     4.297    16.441    -0.001     0.000     0.000     0.000     0.000     0.000     0.000     0.000     0.000
 121.9270833    23.000   -36.524   210.187    -0.160     0.000     0.000     0.000     0.000     0.000     0.000     0.000     0.000
 121.9270833    22.500   -36.677   210.788    -0.160     0.000     0.000     0.000     0.000     0.000     0.000     0.000     0.000
 121.9270833    22.000   -36.831   211.386    -0.160     0.000     0.000     0.000     0.000     0.000     0.000     0.000     0.000
 121.9270833    21.500   -36.985   211.983    -0.160     0.000     0.000     0.000     0.000     0.000     0.000     0.000     0.000
 121.9270833    21.000   -37.141   212.577    -0.160     0.000     0.000     0.000     0.000     0.000     0.000     0.000     0.000
 121.9270833    20.500   -37.297   213.168    -0.160     0.000     0.000     0.000     0.000     0.000     0.000     0.000     0.000
 121.9270833    20.000   -37.454   213.757    -0.160     0.000     0.000     0.000     0.000     0.000     0.000     0.000     0.000
 121.9270833    19.500   -37.611   214.343    -0.160     0.000     0.000     0.000     0.000     0.000     0.000     0.000     0.000
 121.9270833    19.000   -37.770   214.927    -0.160     0.000     0.000     0.000     0.000     0.000     0.000     0.000     0.000
 121.9270833    18.500   -37.929   215.507    -0.160     0.000     0.000     0.000     0.000     0.000     0.000     0.000     0.000
 121.9270833    18.000   -38.089   216.085    -0.160     0.000     0.000     0.000     0.000     0.000     0.000     0.000     0.000
 121.9270833    17.500   -38.250   216.659    -0.160     0.000     0.000     0.000     0.000     0.000     0.000     0.000     0.000
 121.9270833    17.000   -38.412   217.231    -0.160     0.000     0.000     0.000     0.000     0.000     0.000     0.000     0.000
 121.9270833    16.500   -38.574   217.799    -0.160     0.000     0.000     0.000     0.000     0.000     0.000     0.000     0.000
 121.9270833    16.000   -38.737   218.363    -0.160     0.000     0.000     0.000     0.000     0.000     0.000     0.000     0.000
 121.9270833    15.500   -38.901   218.924    -0.160     0.000     0.000     0.000     0.000     0.000     0.000     0.000     0.000
 121.9270833    15.000   -39.065   219.481    -0.160     0.000     0.000     0.000     0.000     0.000     0.000     0.000     0.000
 121.9270833    14.500   -39.230   220.034    -0.160     0.000     0.000     0.000     0.000     0.000     0.000     0.000     0.000
 121.9270833    14.000   -39.396   220.582    -0.160     0.000     0.000     0.000     0.000     0.000     0.000     0.000     0.000
 121.9270833    13.500   -39.563   221.127    -0.160     0.000     0.000     0.000     0.000     0.000     0.000     0.000     0.000
 121.9270833    13.000   -39.730   221.666    -0.160     0.000     0.000     0.000     0.000     0.000     0.000     0.000     0.000
 121.9270833    12.500   -39.898   222.201    -0.160     0.000     0.000     0.000     0.000     0.000     0.000     0.000     0.000
 121.9270833    12.000   -40.066   222.731    -0.160     0.000     0.000     0.000     0.000     0.000     0.000     0.000     0.000
 121.9270833    11.500   -40.235   223.255    -0.160     0.000     0.000     0.000     0.000     0.000     0.000     0.000     0.000
 121.9270833    11.000   -40.405   223.774    -0.160     0.000     0.000     0.000     0.000     0.000     0.000     0.000     0.000
 121.9270833    10.500   -40.575   224.286    -0.160     0.000     0.000     0.000     0.000     0.000     0.000     0.000     0.000
 121.9270833    10.000   -40.745   224.792    -0.160    85.536   113.228    62.721    35.030     5.192    48.349   383.688   427.009
 121.9270833     9.500   -30.766   196.321    -0.120    75.310    99.691    55.040    39.790     4.613    45.232   388.533   427.656
 121.9270833     9.000   -19.306   162.488    -0.089    63.338    83.843    46.090    44.302     3.937    41.157   394.312   428.583
 121.9270833     8.500    -9.351   131.578    -0.066    52.544    69.555    38.066    47.126     3.332    36.973   399.620   429.623
 121.9270833     8.000    -1.528   105.351    -0.049    43.448    57.514    31.342    48.308     2.830    32.944   404.202   430.722
 121.9270833     7.500     4.182    83.940    -0.037    36.020    47.680    25.880    48.195     2.428    29.191   408.060   431.852
 121.9270833     7.000     8.040    66.880    -0.027    30.052    39.780    21.515    47.178     2.117    25.771   411.273   432.995
 121.9270833     6.500    10.410    53.496    -0.020    25.299    33.489    18.057    45.592     1.881    22.699   413.940   434.136
 121.9270833     6.000    11.645    43.105    -0.015    21.531    28.502    15.328    43.698     1.708    19.972   416.152   435.264
 121.9270833     5.500    12.049    35.116    -0.011    18.550    24.556    13.179    41.688     1.583    17.575   417.993   436.359
 121.9270833     5.000    11.869    29.018    -0.008    16.194    21.437    11.488    39.696     1.498    15.490   419.523   437.411
 121.9270833     4.500    11.300    24.412    -0.006    14.335    18.976    10.158    37.808     1.442    13.695   420.794   438.400
 121.9270833     4.000    10.509    20.958    -0.005    12.871    17.037     9.115    36.081     1.408    12.171   421.844   439.314
 121.9270833     3.500     9.588    18.445    -0.003    11.723    15.519     8.301    34.546     1.389    10.896   422.712   440.127
 121.9270833     3.000     8.631    16.675    -0.003    10.833    14.340     7.672    33.220     1.380     9.853   423.422   440.823
 121.9270833     2.500     7.696    15.507    -0.002    10.151    13.438     7.192    32.110     1.377     9.023   423.992   441.393
 121.9270833     2.000     6.825    14.827    -0.001     9.644    12.766     6.837    31.213     1.376     8.389   424.438   441.828
 121.9270833     1.500     6.054    14.538    -0.001     9.281    12.286     6.585    30.523     1.375     7.933   424.769   442.132
 121.9270833     1.000     5.407    14.556    -0.001     9.042    11.969     6.419    30.034     1.374     7.636   424.991   442.312
 121.9270833     0.500     4.896    14.810    -0.001     0.000     0.000     0.000     0.000     0.000     0.000     0.000     0.000
 121.9479167    23.000   -29.973   262.112    -0.349     0.000     0.000     0.000     0.000     0.000     0.000     0.000     0.000
 121.9479167    22.500   -30.054   262.464    -0.349     0.000     0.000     0.000     0.000     0.000     0.000     0.000     0.000
 121.9479167    22.000   -30.134   262.812    -0.349     0.000     0.000     0.000     0.000     0.000     0.000     0.000     0.000
 121.9479167    21.500   -30.213   263.155    -0.349     0.000     0.000     0.000     0.000     0.000     0.000     0.000     0.000
 121.9479167    21.000   -30.289   263.493    -0.349     0.000     0.000     0.000     0.000     0.000     0.000     0.000     0.000
 121.9479167    20.500   -30.364   263.827    -0.349     0.000     0.000     0.000     0.000     0.000     0.000     0.000     0.000
 121.9479167    20.000   -30.437   264.155    -0.349     0.000     0.000     0.000     0.000     0.000     0.000     0.000     0.000
 121.9479167    19.500   -30.507   264.479    -0.349     0.000     0.000     0.000     0.000     0.000     0.000     0.000     0.000
 121.9479167    19.000   -30.576   264.798    -0.349     0.000     0.000     0.000     0.000     0.000     0.000     0.000     0.000
 121.9479167    18.500   -30.644   265.112    -0.349     0.000     0.000     0.000     0.000     0.000     0.000     0.000     0.000
 121.9479167    18.000   -30.709   265.421    -0.349     0.000     0.000     0.000     0.000     0.000     0.000     0.000     0.000
 121.9479167    17.500   -30.772   265.725    -0.349     0.000     0.000     0.000     0.000     0.000     0.000     0.000     0.000
 121.9479167    17.000   -30.833   266.023    -0.349     0.000     0.000     0.000     0.000     0.000     0.000     0.000     0.000
 121.9479167    16.500   -30.892   266.316    -0.349     0.000     0.000     0.000     0.000     0.000     0.000     0.000     0.000
 121.9479167    16.000   -30.949   266.603    -0.349     0.000     0.000     0.000     0.000     0.000     0.000     0.000     0.000
 121.9479167    15.500   -31.004   266.885    -0.349     0.000     0.000     0.000     0.000     0.000     0.000     0.000     0.000
 121.9479167    15.000   -31.057   267.161    -0.349     0.000     0.000     0.000     0.000     0.000     0.000     0.000     0.000
 121.9479167    14.500   -31.107   267.430    -0.349     0.000     0.000     0.000     0.000     0.000     0.000     0.000     0.000
 121.9479167    14.000   -31.155   267.694    -0.349     0.000     0.000     0.000     0.000     0.000     0.000     0.000     0.000
 121.9479167    13.500   -31.201   267.952    -0.349     0.000     0.000     0.000     0.000     0.000     0.000     0.000     0.000
 121.9479167    13.000   -31.245   268.203    -0.349     0.000     0.000     0.000     0.000     0.000     0.000     0.000     0.000
 121.9479167    12.500   -31.286   268.447    -0.349     0.000     0.000     0.000     0.000     0.000     0.000     0.000     0.000
 121.9479167    12.000   -31.325   268.684    -0.349     0.000     0.000     0.000     0.000     0.000     0.000     0.000     0.000
 121.9479167    11.500   -31.361   268.914    -0.349     0.000     0.000     0.000     0.000     0.000     0.000     0.000     0.000
 121.9479167    11.000   -31.395   269.137    -0.349     0.000     0.000     0.000     0.000     0.000     0.000     0.000     0.000
 121.9479167    10.500   -31.425   269.351    -0.349     0.000     0.000     0.000     0.000     0.000     0.000     0.000     0.000
 121.9479167    10.000   -31.453   269.557    -0.349   123.296   158.364    70.309    35.241     6.663    62.908   379.534   427.967
 121.9479167     9.500   -22.903   236.373    -0.264   108.459   139.307    61.900    42.914     5.927    58.893   385.123   428.493
 121.9479167     9.000   -12.979   196.705    -0.200    91.107   117.020    52.062    50.478     5.066    53.632   391.753   429.251
 121.9479167     8.500    -4.329   160.200    -0.151    75.483    96.951    43.199    55.638     4.295    48.217   397.794   430.105
 121.9479167     8.000     2.426   128.984    -0.114    62.333    80.062    35.734    58.387     3.654    42.992   402.962   431.004
 121.9479167     7.500     7.229   103.323    -0.087    51.608    66.286    29.642    59.199     3.142    38.119   407.268   431.922
 121.9479167     7.000    10.320    82.713    -0.066    43.003    55.234    24.750    58.617     2.744    33.669   410.814   432.844
 121.9479167     6.500    12.074    66.356    -0.050    36.159    46.443    20.856    57.123     2.444    29.669   413.719   433.761
 121.9479167     6.000    12.789    53.518    -0.038    30.739    39.482    17.771    55.095     2.223    26.114   416.096   434.664
 121.9479167     5.500    12.771    43.490    -0.028    26.456    33.980    15.332    52.813     2.065    22.989   418.042   435.545
 121.9479167     5.000    12.240    35.712    -0.021    23.074    29.637    13.407    50.474     1.958    20.268   419.636   436.390
 121.9479167     4.500    11.369    29.729    -0.016    20.407    26.211    11.889    48.211     1.889    17.925   420.943   437.184
 121.9479167     4.000    10.318    25.151    -0.012    18.309    23.516    10.695    46.111     1.847    15.934   422.013   437.914
 121.9479167     3.500     9.195    21.692    -0.009    16.666    21.406     9.761    44.226     1.826    14.269   422.887   438.561
 121.9479167     3.000     8.083    19.116    -0.007    15.391    19.769     9.038    42.586     1.817    12.907   423.593   439.115
 121.9479167     2.500     7.050    17.239    -0.005    14.417    18.517     8.487    41.204     1.814    11.823   424.155   439.566
 121.9479167     2.000     6.123    15.939    -0.004    13.691    17.585     8.078    40.083     1.815    10.996   424.590   439.909
 121.9479167     1.500     5.334    15.098    -0.003    13.173    16.919     7.787    39.218     1.815    10.401   424.912   440.145
 121.9479167     1.000     4.705    14.623    -0.002    12.831    16.480     7.597    38.602     1.814    10.012   425.128   440.283
 121.9479167     0.500     4.255    14.420    -0.002     0.000     0.000     0.000     0.000     0.000     0.000     0.000     0.000
 121.9687500    23.000   -29.336   228.685    -0.458     0.000     0.000     0.000     0.000     0.000     0.000     0.000     0.000
 121.9687500    22.500   -29.572   228.827    -0.458     0.000     0.000     0.000     0.000     0.000     0.000     0.000     0.000
 121.9687500    22.000   -29.809   228.967    -0.458     0.000     0.000     0.000     0.000     0.000     0.000     0.000     0.000
 121.9687500    21.500   -30.047   229.105    -0.458     0.000     0.000     0.000     0.000     0.000     0.000     0.000     0.000
 121.9687500    21.000   -30.284   229.241    -0.458     0.000     0.000     0.000     0.000     0.000     0.000     0.000     0.000
 121.9687500    20.500   -30.521   229.375    -0.458     0.000     0.000     0.000     0.000     0.000     0.000     0.000     0.000
 121.9687500    20.000   -30.759   229.506    -0.458     0.000     0.000     0.000     0.000     0.000     0.000     0.000     0.000
 121.9687500    19.500   -30.997   229.635    -0.458     0.000     0.000     0.000     0.000     0.000     0.000     0.000     0.000
 121.9687500    19.000   -31.235   229.761    -0.458     0.000     0.000     0.000     0.000     0.000     0.000     0.000     0.000
 121.9687500    18.500   -31.474   229.884    -0.458     0.000     0.000     0.000     0.000     0.000     0.000     0.000     0.000
 121.9687500    18.000   -31.712   230.005    -0.458     0.000     0.000     0.000     0.000     0.000     0.000     0.000     0.000
 121.9687500    17.500   -31.951   230.123    -0.458     0.000     0.000     0.000     0.000     0.000     0.000     0.000     0.000
 121.9687500    17.000   -32.191   230.238    -0.458     0.000     0.000     0.000     0.000     0.000     0.000     0.000     0.000
 121.9687500    16.500   -32.430   230.350    -0.458     0.000     0.000     0.000     0.000     0.000     0.000     0.000     0.000
 121.9687500    16.000   -32.670   230.459    -0.458     0.000     0.000     0.000     0.000     0.000     0.000     0.000     0.000
 121.9687500    15.500   -32.910   230.565    -0.458     0.000     0.000     0.000     0.000     0.000     0.000     0.000     0.000
 121.9687500    15.000   -33.150   230.668    -0.458     0.000     0.000     0.000     0.000     0.000     0.000     0.000     0.000
 121.9687500    14.500   -33.390   230.767    -0.458     0.000     0.000     0.000     0.000     0.000     0.000     0.000     0.000
 121.9687500    14.000   -33.631   230.862    -0.458     0.000     0.000     0.000     0.000     0.000     0.000     0.000     0.000
 121.9687500    13.500   -33.872   230.954    -0.458     0.000     0.000     0.000     0.000     0.000     0.000     0.000     0.000
 121.9687500    13.000   -34.113   231.042    -0.458     0.000     0.000     0.000     0.000     0.000     0.000     0.000     0.000
 121.9687500    12.500   -34.355   231.126    -0.458     0.000     0.000     0.000     0.000     0.000     0.000     0.000     0.000
 121.9687500    12.000   -34.597   231.206    -0.458     0.000     0.000     0.000     0.000     0.000     0.000     0.000     0.000
 121.9687500    11.500   -34.840   231.282    -0.458     0.000     0.000     0.000     0.000     0.000     0.000     0.000     0.000
 121.9687500    11.000   -35.082   231.352    -0.458     0.000     0.000     0.000     0.000     0.000     0.000     0.000     0.000
 121.9687500    10.500   -35.326   231.418    -0.458     0.000     0.000     0.000     0.000     0.000     0.000     0.000     0.000
 121.9687500    10.000   -35.569   231.479    -0.458    88.119   117.279    64.320    35.160     5.357    49.937   377.109   424.596
 121.9687500     9.500   -25.953   202.662    -0.346    77.419   103.038    56.456    40.266     4.755    46.673   382.546   425.161
 121.9687500     9.000   -14.817   168.433    -0.262    64.924    86.408    47.288    45.118     4.052    42.417   389.007   425.972
 121.9687500     8.500    -5.178   137.151    -0.198    53.692    71.460    39.064    48.180     3.423    38.058   394.904   426.884
 121.9687500     8.000     2.356   110.554    -0.150    44.257    58.902    32.169    49.498     2.902    33.871   399.953   427.854
 121.9687500     7.500     7.793    88.779    -0.114    36.575    48.678    26.566    49.445     2.486    29.981   404.160   428.862
 121.9687500     7.000    11.380    71.368    -0.086    30.423    40.490    22.087    48.433     2.163    26.441   407.624   429.893
 121.9687500     6.500    13.488    57.627    -0.065    25.538    33.989    18.537    46.818     1.918    23.268   410.460   430.941
 121.9687500     6.000    14.451    46.889    -0.049    21.676    28.849    15.735    44.877     1.738    20.455   412.780   431.994
 121.9687500     5.500    14.595    38.530    -0.037    18.629    24.793    13.528    42.810     1.608    17.986   414.678   433.039
 121.9687500     5.000    14.137    32.081    -0.028    16.226    21.596    11.791    40.758     1.519    15.839   416.234   434.060
 121.9687500     4.500    13.316    27.092    -0.021    14.334    19.077    10.425    38.813     1.460    13.994   417.506   435.040
 121.9687500     4.000    12.269    23.266    -0.016    12.847    17.098     9.353    37.033     1.423    12.427   418.546   435.956
 121.9687500     3.500    11.110    20.364    -0.012    11.683    15.550     8.517    35.451     1.402    11.118   419.393   436.786
 121.9687500     3.000     9.928    18.197    -0.009    10.781    14.349     7.870    34.085     1.392    10.047   420.076   437.510
 121.9687500     2.500     8.788    16.622    -0.007    10.092    13.432     7.378    32.941     1.388     9.195   420.619   438.111
 121.9687500     2.000     7.746    15.516    -0.005     9.579    12.749     7.012    32.017     1.386     8.545   421.039   438.579
 121.9687500     1.500     6.826    14.795    -0.004     9.213    12.262     6.753    31.307     1.384     8.077   421.346   438.912
 121.9687500     1.000     6.058    14.376    -0.003     8.972    11.941     6.583    30.803     1.382     7.771   421.550   439.116
 121.9687500     0.500     5.458    14.188    -0.002     0.000     0.000     0.000     0.000     0.000     0.000     0.000     0.000
 121.9895833    23.000   -32.770   195.864    -0.518     0.000     0.000     0.000     0.000     0.000     0.000     0.000     0.000
 121.9895833    22.500   -32.928   195.818    -0.518     0.000     0.000     0.000     0.000     0.000     0.000     0.000     0.000
 121.9895833    22.000   -33.086   195.772    -0.518     0.000     0.000     0.000     0.000     0.000     0.000     0.000     0.000
 121.9895833    21.500   -33.245   195.726    -0.518     0.000     0.000     0.000     0.000     0.000     0.000     0.000     0.000
 121.9895833    21.000   -33.403   195.678    -0.518     0.000     0.000     0.000     0.000     0.000     0.000     0.000     0.000
 121.9895833    20.500   -33.562   195.630    -0.518     0.000     0.000     0.000     0.000     0.000     0.000     0.000     0.000
 121.9895833    20.000   -33.721   195.581    -0.518     0.000     0.000     0.000     0.000     0.000     0.000     0.000     0.000
 121.9895833    19.500   -33.880   195.532    -0.518     0.000     0.000     0.000     0.000     0.000     0.000     0.000     0.000
 121.9895833    19.000   -34.039   195.482    -0.518     0.000     0.000     0.000     0.000     0.000     0.000     0.000     0.000
 121.9895833    18.500   -34.199   195.431    -0.518     0.000     0.000     0.000     0.000     0.000     0.000     0.000     0.000
 121.9895833    18.000   -34.359   195.379    -0.518     0.000     0.000     0.000     0.000     0.000     0.000     0.000     0.000
 121.9895833    17.500   -34.519   195.326    -0.518     0.000     0.000     0.000     0.000     0.000     0.000     0.000     0.000
 121.9895833    17.000   -34.679   195.273    -0.518     0.000     0.000     0.000     0.000     0.000     0.000     0.000     0.000
 121.9895833    16.500   -34.839   195.218    -0.518     0.000     0.000     0.000     0.000     0.000     0.000     0.000     0.000
 121.9895833    16.000   -34.999   195.163    -0.518     0.000     0.000     0.000     0.000     0.000     0.000     0.000     0.000
 121.9895833    15.500   -35.160   195.106    -0.518     0.000     0.000     0.000     0.000     0.000     0.000     0.000     0.000
 121.9895833    15.000   -35.321   195.048    -0.518     0.000     0.000     0.000     0.000     0.000     0.000     0.000     0.000
 121.9895833    14.500   -35.482   194.989    -0.518     0.000     0.000     0.000     0.000     0.000     0.000     0.000     0.000
 121.9895833    14.000   -35.643   194.929    -0.518     0.000     0.000     0.000     0.000     0.000     0.000     0.000     0.000
 121.9895833    13.500   -35.805   194.868    -0.518     0.000     0.000     0.000     0.000     0.000     0.000     0.000     0.000
 121.9895833    13.000   -35.966   194.805    -0.518     0.000     0.000     0.000     0.000     0.000     0.000     0.000     0.000
 121.9895833    12.500   -36.128   194.741    -0.518     0.000     0.000     0.000     0.000     0.000     0.000     0.000     0.000
 121.9895833    12.000   -36.290   194.676    -0.518     0.000     0.000     0.000     0.000     0.000     0.000     0.000     0.000
 121.9895833    11.500   -36.451   194.608    -0.518     0.000     0.000     0.000     0.000     0.000     0.000     0.000     0.000
 121.9895833    11.000   -36.614   194.540    -0.518     0.000     0.000     0.000     0.000     0.000     0.000     0.000     0.000
 121.9895833    10.500   -36.776   194.469    -0.518     0.000     0.000     0.000     0.000     0.000     0.000     0.000     0.000
 121.9895833    10.000   -36.938   194.396    -0.518    63.173    86.674    58.202    34.700     4.353    40.134   375.254   420.990
 121.9895833     9.500   -27.374   170.010    -0.392    55.406    76.019    50.971    37.922     3.855    37.441   380.486   421.539
 121.9895833     9.000   -16.416   141.277    -0.297    46.355    63.600    42.563    40.790     3.275    33.947   386.708   422.323
 121.9895833     8.500    -6.965   115.181    -0.225    38.239    52.464    35.044    42.324     2.758    30.387   392.388   423.203
 121.9895833     8.000     0.414    93.135    -0.170    31.438    43.134    28.760    42.607     2.329    26.986   397.249   424.143
 121.9895833     7.500     5.769    75.183    -0.129    25.916    35.557    23.671    41.938     1.987    23.839   401.294   425.127
 121.9895833     7.000     9.391    60.864    -0.097    21.504    29.503    19.616    40.630     1.722    20.987   404.617   426.145
 121.9895833     6.500    11.605    49.600    -0.074    18.009    24.709    16.411    38.946     1.521    18.439   407.332   427.190
 121.9895833     6.000    12.747    40.797    -0.056    15.252    20.926    13.889    37.087     1.372    16.186   409.544   428.254
 121.9895833     5.500    13.095    33.960    -0.042    13.082    17.948    11.907    35.197     1.265    14.213   411.352   429.320
 121.9895833     5.000    12.876    28.672    -0.032    11.373    15.605    10.351    33.372     1.190    12.501   412.830   430.371
 121.9895833     4.500    12.275    24.596    -0.024    10.030    13.762     9.130    31.675     1.139    11.031   414.038   431.385
 121.9895833     4.000    11.461    21.445    -0.018     8.977    12.316     8.174    30.142     1.107     9.784   415.022   432.341
 121.9895833     3.500    10.526    19.039    -0.014     8.153    11.187     7.429    28.794     1.088     8.743   415.823   433.214
 121.9895833     3.000     9.552    17.233    -0.010     7.516    10.312     6.854    27.639     1.077     7.892   416.468   433.978
 121.9895833     2.500     8.613    15.893    -0.008     7.029     9.644     6.416    26.677     1.071     7.216   416.979   434.618
 121.9895833     2.000     7.753    14.931    -0.006     6.667     9.148     6.091    25.903     1.067     6.699   417.372   435.121
 121.9895833     1.500     7.004    14.273    -0.005     6.409     8.794     5.861    25.311     1.065     6.327   417.659   435.483
 121.9895833     1.000     6.385    13.858    -0.003     6.239     8.561     5.709    24.893     1.062     6.084   417.849   435.708
 121.9895833     0.500     5.917    13.621    -0.003     0.000     0.000     0.000     0.000     0.000     0.000     0.000     0.000
 122.0104167    23.000   -38.267   182.484    -0.505     0.000     0.000     0.000     0.000     0.000     0.000     0.000     0.000
 122.0104167    22.500   -38.370   182.380    -0.505     0.000     0.000     0.000     0.000     0.000     0.000     0.000     0.000
 122.0104167    22.000   -38.473   182.274    -0.505     0.000     0.000     0.000     0.000     0.000     0.000     0.000     0.000
 122.0104167    21.500   -38.577   182.167    -0.505     0.000     0.000     0.000     0.000     0.000     0.000     0.000     0.000
 122.0104167    21.000   -38.680   182.059    -0.505     0.000     0.000     0.000     0.000     0.000     0.000     0.000     0.000
 122.0104167    20.500   -38.782   181.950    -0.505     0.000     0.000     0.000     0.000     0.000     0.000     0.000     0.000
 122.0104167    20.000   -38.885   181.839    -0.505     0.000     0.000     0.000     0.000     0.000     0.000     0.000     0.000
 122.0104167    19.500   -38.988   181.728    -0.505     0.000     0.000     0.000     0.000     0.000     0.000     0.000     0.000
 122.0104167    19.000   -39.090   181.615    -0.505     0.000     0.000     0.000     0.000     0.000     0.000     0.000     0.000
 122.0104167    18.500   -39.193   181.501    -0.505     0.000     0.000     0.000     0.000     0.000     0.000     0.000     0.000
 122.0104167    18.000   -39.295   181.385    -0.505     0.000     0.000     0.000     0.000     0.000     0.000     0.000     0.000
 122.0104167    17.500   -39.397   181.269    -0.505     0.000     0.000     0.000     0.000     0.000     0.000     0.000     0.000
 122.0104167    17.000   -39.499   181.151    -0.505     0.000     0.000     0.000     0.000     0.000     0.000     0.000     0.000
 122.0104167    16.500   -39.601   181.031    -0.505     0.000     0.000     0.000     0.000     0.000     0.000     0.000     0.000
 122.0104167    16.000   -39.703   180.911    -0.505     0.000     0.000     0.000     0.000     0.000     0.000     0.000     0.000
 122.0104167    15.500   -39.805   180.789    -0.505     0.000     0.000     0.000     0.000     0.000     0.000     0.000     0.000
 122.0104167    15.000   -39.907   180.665    -0.505     0.000     0.000     0.000     0.000     0.000     0.000     0.000     0.000
 122.0104167    14.500   -40.008   180.540    -0.505     0.000     0.000     0.000     0.000     0.000     0.000     0.000     0.000
 122.0104167    14.000   -40.110   180.414    -0.505     0.000     0.000     0.000     0.000     0.000     0.000     0.000     0.000
 122.0104167    13.500   -40.211   180.286    -0.505     0.000     0.000     0.000     0.000     0.000     0.000     0.000     0.000
 122.0104167    13.000   -40.313   180.156    -0.505     0.000     0.000     0.000     0.000     0.000     0.000     0.000     0.000
 122.0104167    12.500   -40.414   180.025    -0.505     0.000     0.000     0.000     0.000     0.000     0.000     0.000     0.000
 122.0104167    12.000   -40.515   179.892    -0.505     0.000     0.000     0.000     0.000     0.000     0.000     0.000     0.000
 122.0104167    11.500   -40.616   179.758    -0.505     0.000     0.000     0.000     0.000     0.000     0.000     0.000     0.000
 122.0104167    11.000   -40.717   179.621    -0.505     0.000     0.000     0.000     0.000     0.000     0.000     0.000     0.000
 122.0104167    10.500   -40.819   179.483    -0.505     0.000     0.000     0.000     0.000     0.000     0.000     0.000     0.000
 122.0104167    10.000   -40.920   179.342    -0.505    54.004    74.817    54.451    33.638     3.930    36.126   374.334   419.244
 122.0104167     9.500   -31.271   156.689    -0.382    47.249    65.459    47.656    36.233     3.475    33.650   379.491   419.761
 122.0104167     9.000   -20.253   130.120    -0.289    39.399    54.584    39.759    38.442     2.946    30.450   385.626   420.491
 122.0104167     8.500   -10.747   106.089    -0.218    32.385    44.866    32.702    39.475     2.475    27.205   391.228   421.303
 122.0104167     8.000    -3.308    85.874    -0.165    26.528    36.752    26.809    39.429     2.084    24.116   396.020   422.163
 122.0104167     7.500     2.170    69.444    -0.125    21.790    30.187    22.041    38.576     1.774    21.269   400.005   423.054
 122.0104167     7.000     5.942    56.384    -0.094    18.018    24.961    18.244    37.196     1.532    18.697   403.275   423.971
 122.0104167     6.500     8.345    46.128    -0.071    15.040    20.836    15.246    35.519     1.350    16.404   405.942   424.906
 122.0104167     6.000     9.681    38.152    -0.054    12.698    17.592    12.889    33.720     1.214    14.381   408.115   425.852
 122.0104167     5.500    10.249    31.956    -0.041    10.860    15.045    11.039    31.921     1.115    12.613   409.884   426.798
 122.0104167     5.000    10.283    27.140    -0.031     9.417    13.047     9.587    30.203     1.046    11.082   411.326   427.728
 122.0104167     4.500     9.921    23.440    -0.023     8.286    11.479     8.448    28.618     0.999     9.769   412.503   428.623
 122.0104167     4.000     9.346    20.565    -0.018     7.400    10.252     7.558    27.196     0.969     8.656   413.460   429.465
 122.0104167     3.500     8.632    18.370    -0.013     6.709     9.295     6.864    25.950     0.950     7.727   414.236   430.229
 122.0104167     3.000     7.887    16.679    -0.010     6.175     8.555     6.328    24.886     0.939     6.969   414.859   430.901
 122.0104167     2.500     7.157    15.407    -0.008     5.768     7.992     5.920    24.002     0.932     6.366   415.350   431.463
 122.0104167     2.000     6.481    14.473    -0.006     5.466     7.573     5.618    23.294     0.928     5.905   415.727   431.904
 122.0104167     1.500     5.891    13.808    -0.004     5.251     7.274     5.403    22.753     0.925     5.573   416.001   432.221
 122.0104167     1.000     5.411    13.352    -0.003     5.109     7.078     5.262    22.371     0.922     5.357   416.181   432.418
 122.0104167     0.500     5.055    13.056    -0.002     0.000     0.000     0.000     0.000     0.000     0.000     0.000     0.000
 122.0312500    23.000   -26.027   115.832    -0.416     0.000     0.000     0.000     0.000     0.000     0.000     0.000     0.000
 122.0312500    22.500   -26.235   115.851    -0.416     0.000     0.000     0.000     0.000     0.000     0.000     0.000     0.000
 122.0312500    22.000   -26.443   115.870    -0.416     0.000     0.000     0.000     0.000     0.000     0.000     0.000     0.000
 122.0312500    21.500   -26.650   115.887    -0.416     0.000     0.000     0.000     0.000     0.000     0.000     0.000     0.000
 122.0312500    21.000   -26.857   115.903    -0.416     0.000     0.000     0.000     0.000     0.000     0.000     0.000     0.000
 122.0312500    20.500   -27.064   115.917    -0.416     0.000     0.000     0.000     0.000     0.000     0.000     0.000     0.000
 122.0312500    20.000   -27.270   115.930    -0.416     0.000     0.000     0.000     0.000     0.000     0.000     0.000     0.000
 122.0312500    19.500   -27.476   115.941    -0.416     0.000     0.000     0.000     0.000     0.000     0.000     0.000     0.000
 122.0312500    19.000   -27.682   115.951    -0.416     0.000     0.000     0.000     0.000     0.000     0.000     0.000     0.000
 122.0312500    18.500   -27.888   115.959    -0.416     0.000     0.000     0.000     0.000     0.000     0.000     0.000     0.000
 122.0312500    18.000   -28.093   115.965    -0.416     0.000     0.000     0.000     0.000     0.000     0.000     0.000     0.000
 122.0312500    17.500   -28.298   115.970    -0.416     0.000     0.000     0.000     0.000     0.000     0.000     0.000     0.000
 122.0312500    17.000   -28.503   115.973    -0.416     0.000     0.000     0.000     0.000     0.000     0.000     0.000     0.000
 122.0312500    16.500   -28.707   115.974    -0.416     0.000     0.000     0.000     0.000     0.000     0.000     0.000     0.000
 122.0312500    16.000   -28.911   115.973    -0.416     0.000     0.000     0.000     0.000     0.000     0.000     0.000     0.000
 122.0312500    15.500   -29.114   115.970    -0.416     0.000     0.000     0.000     0.000     0.000     0.000     0.000     0.000
 122.0312500    15.000   -29.318   115.966    -0.416     0.000     0.000     0.000     0.000     0.000     0.000     0.000     0.000
 122.0312500    14.500   -29.521   115.959    -0.416     0.000     0.000     0.000     0.000     0.000     0.000     0.000     0.000
 122.0312500    14.000   -29.723   115.950    -0.416     0.000     0.000     0.000     0.000     0.000     0.000     0.000     0.000
 122.0312500    13.500   -29.925   115.938    -0.416     0.000     0.000     0.000     0.000     0.000     0.000     0.000     0.000
 122.0312500    13.000   -30.127   115.925    -0.416     0.000     0.000     0.000     0.000     0.000     0.000     0.000     0.000
 122.0312500    12.500   -30.328   115.908    -0.416     0.000     0.000     0.000     0.000     0.000     0.000     0.000     0.000
 122.0312500    12.000   -30.529   115.890    -0.416     0.000     0.000     0.000     0.000     0.000     0.000     0.000     0.000
 122.0312500    11.500   -30.729   115.868    -0.416     0.000     0.000     0.000     0.000     0.000     0.000     0.000     0.000
 122.0312500    11.000   -30.929   115.844    -0.416     0.000     0.000     0.000     0.000     0.000     0.000     0.000     0.000
 122.0312500    10.500   -31.129   115.816    -0.416     0.000     0.000     0.000     0.000     0.000     0.000     0.000     0.000
 122.0312500    10.000   -31.327   115.785    -0.416    26.920    38.811    39.962    28.070     2.500    22.626   374.616   416.613
 122.0312500     9.500   -23.319   100.932    -0.315    23.468    33.835    34.884    28.727     2.204    21.009   379.445   417.088
 122.0312500     9.000   -14.226    83.675    -0.238    19.474    28.077    29.001    28.983     1.861    18.937   385.192   417.757
 122.0312500     8.500    -6.507    68.296    -0.180    15.923    22.957    23.762    28.622     1.556    16.853   390.439   418.497
 122.0312500     8.000    -0.519    55.512    -0.136    12.974    18.705    19.403    27.755     1.303    14.886   394.924   419.281
 122.0312500     7.500     3.824    45.269    -0.103    10.600    15.283    15.889    26.547     1.103    13.086   398.649   420.096
 122.0312500     7.000     6.777    37.227    -0.078     8.721    12.573    13.101    25.152     0.948    11.469   401.698   420.941
 122.0312500     6.500     8.620    30.994    -0.059     7.244    10.444    10.908    23.690     0.830    10.036   404.180   421.810
 122.0312500     6.000     9.602    26.210    -0.044     6.089     8.778     9.189    22.246     0.741     8.777   406.195   422.695
 122.0312500     5.500     9.962    22.544    -0.034     5.185     7.476     7.843    20.876     0.677     7.681   407.832   423.585
 122.0312500     5.000     9.878    19.745    -0.025     4.479     6.458     6.791    19.614     0.631     6.734   409.164   424.464
 122.0312500     4.500     9.483    17.625    -0.019     3.928     5.663     5.967    18.479     0.600     5.924   410.249   425.313
 122.0312500     4.000     8.904    16.014    -0.015     3.497     5.042     5.324    17.480     0.578     5.239   411.130   426.114
 122.0312500     3.500     8.221    14.800    -0.011     3.162     4.559     4.825    16.619     0.564     4.668   411.842   426.847
 122.0312500     3.000     7.503    13.898    -0.008     2.904     4.187     4.439    15.891     0.555     4.202   412.412   427.492
 122.0312500     2.500     6.799    13.242    -0.006     2.708     3.904     4.146    15.293     0.549     3.832   412.861   428.033
 122.0312500     2.000     6.159    12.762    -0.005     2.562     3.694     3.929    14.816     0.545     3.549   413.202   428.463
 122.0312500     1.500     5.593    12.436    -0.004     2.459     3.545     3.775    14.455     0.542     3.345   413.449   428.774
 122.0312500     1.000     5.126    12.220    -0.003     2.390     3.446     3.674    14.201     0.539     3.212   413.609   428.971
 122.0312500     0.500     4.754    12.096    -0.002     0.000     0.000     0.000     0.000     0.000     0.000     0.000     0.000
 122.0520833    23.000   -23.954    92.507    -0.407     0.000     0.000     0.000     0.000     0.000     0.000     0.000     0.000
 122.0520833    22.500   -24.112    92.412    -0.407     0.000     0.000     0.000     0.000     0.000     0.000     0.000     0.000
 122.0520833    22.000   -24.271    92.315    -0.407     0.000     0.000     0.000     0.000     0.000     0.000     0.000     0.000
 122.0520833    21.500   -24.429    92.218    -0.407     0.000     0.000     0.000     0.000     0.000     0.000     0.000     0.000
 122.0520833    21.000   -24.588    92.120    -0.407     0.000     0.000     0.000     0.000     0.000     0.000     0.000     0.000
 122.0520833    20.500   -24.747    92.020    -0.407     0.000     0.000     0.000     0.000     0.000     0.000     0.000     0.000
 122.0520833    20.000   -24.906    91.919    -0.407     0.000     0.000     0.000     0.000     0.000     0.000     0.000     0.000
 122.0520833    19.500   -25.064    91.818    -0.407     0.000     0.000     0.000     0.000     0.000     0.000     0.000     0.000
 122.0520833    19.000   -25.223    91.715    -0.407     0.000     0.000     0.000     0.000     0.000     0.000     0.000     0.000
 122.0520833    18.500   -25.382    91.610    -0.407     0.000     0.000     0.000     0.000     0.000     0.000     0.000     0.000
 122.0520833    18.000   -25.541    91.505    -0.407     0.000     0.000     0.000     0.000     0.000     0.000     0.000     0.000
 122.0520833    17.500   -25.700    91.398    -0.407     0.000     0.000     0.000     0.000     0.000     0.000     0.000     0.000
 122.0520833    17.000   -25.859    91.290    -0.407     0.000     0.000     0.000     0.000     0.000     0.000     0.000     0.000
 122.0520833    16.500   -26.018    91.180    -0.407     0.000     0.000     0.000     0.000     0.000     0.000     0.000     0.000
 122.0520833    16.000   -26.177    91.069    -0.407     0.000     0.000     0.000     0.000     0.000     0.000     0.000     0.000
 122.0520833    15.500   -26.336    90.957    -0.407     0.000     0.000     0.000     0.000     0.000     0.000     0.000     0.000
 122.0520833    15.000   -26.495    90.843    -0.407     0.000     0.000     0.000     0.000     0.000     0.000     0.000     0.000
 122.0520833    14.500   -26.654    90.727    -0.407     0.000     0.000     0.000     0.000     0.000     0.000     0.000     0.000
 122.0520833    14.000   -26.813    90.610    -0.407     0.000     0.000     0.000     0.000     0.000     0.000     0.000     0.000
 122.0520833    13.500   -26.971    90.491    -0.407     0.000     0.000     0.000     0.000     0.000     0.000     0.000     0.000
 122.0520833    13.000   -27.130    90.370    -0.407     0.000     0.000     0.000     0.000     0.000     0.000     0.000     0.000
 122.0520833    12.500   -27.289    90.248    -0.407     0.000     0.000     0.000     0.000     0.000     0.000     0.000     0.000
 122.0520833    12.000   -27.448    90.123    -0.407     0.000     0.000     0.000     0.000     0.000     0.000     0.000     0.000
 122.0520833    11.500   -27.606    89.997    -0.407     0.000     0.000     0.000     0.000     0.000     0.000     0.000     0.000
 122.0520833    11.000   -27.765    89.868    -0.407     0.000     0.000     0.000     0.000     0.000     0.000     0.000     0.000
 122.0520833    10.500   -27.923    89.737    -0.407     0.000     0.000     0.000     0.000     0.000     0.000     0.000     0.000
 122.0520833    10.000   -28.082    89.604    -0.407    17.676    26.147    32.644    24.173     1.917    17.237   370.630   413.467
 122.0520833     9.500   -20.890    78.246    -0.307    15.324    22.667    28.468    24.303     1.686    15.962   375.594   413.908
 122.0520833     9.000   -12.750    65.163    -0.232    12.619    18.667    23.634    24.057     1.419    14.339   381.495   414.526
 122.0520833     8.500    -5.836    53.571    -0.176    10.234    15.138    19.335    23.379     1.181    12.718   386.872   415.210
 122.0520833     8.000    -0.497    44.019    -0.133     8.269    12.231    15.762    22.376     0.986    11.198   391.457   415.935
 122.0520833     7.500     3.388    36.402    -0.100     6.700     9.912    12.886    21.177     0.831     9.816   395.252   416.692
 122.0520833     7.000     6.039    30.452    -0.076     5.469     8.089    10.607    19.891     0.710     8.581   398.349   417.477
 122.0520833     6.500     7.698    25.870    -0.057     4.508     6.669     8.817    18.603     0.619     7.492   400.860   418.287
 122.0520833     6.000     8.588    22.375    -0.043     3.762     5.566     7.416    17.367     0.551     6.538   402.893   419.112
 122.0520833     5.500     8.932    19.691    -0.033     3.183     4.709     6.320    16.218     0.501     5.711   404.538   419.946
 122.0520833     5.000     8.875    17.645    -0.025     2.734     4.044     5.464    15.177     0.465     4.998   405.871   420.771
 122.0520833     4.500     8.546    16.081    -0.019     2.384     3.527     4.795    14.252     0.439     4.389   406.951   421.571
 122.0520833     4.000     8.065    14.858    -0.014     2.113     3.125     4.273    13.445     0.422     3.875   407.823   422.330
 122.0520833     3.500     7.487    13.923    -0.011     1.903     2.814     3.868    12.754     0.410     3.447   408.526   423.024
 122.0520833     3.000     6.874    13.204    -0.008     1.741     2.576     3.555    12.174     0.402     3.098   409.087   423.637
 122.0520833     2.500     6.277    12.649    -0.006     1.619     2.395     3.318    11.700     0.397     2.821   409.526   424.153
 122.0520833     2.000     5.724    12.224    -0.005     1.528     2.261     3.142    11.323     0.393     2.609   409.860   424.562
 122.0520833     1.500     5.240    11.897    -0.004     1.464     2.166     3.017    11.039     0.390     2.456   410.099   424.861
 122.0520833     1.000     4.837    11.642    -0.003     1.422     2.103     2.935    10.839     0.388     2.356   410.253   425.050
 122.0520833     0.500     4.522    11.439    -0.002     0.000     0.000     0.000     0.000     0.000     0.000     0.000     0.000
 122.0729167    23.000   -19.865    54.068    -0.522     0.000     0.000     0.000     0.000     0.000     0.000     0.000     0.000
 122.0729167    22.500   -19.999    53.977    -0.522     0.000     0.000     0.000     0.000     0.000     0.000     0.000     0.000
 122.0729167    22.000   -20.133    53.886    -0.522     0.000     0.000     0.000     0.000     0.000     0.000     0.000     0.000
 122.0729167    21.500   -20.265    53.792    -0.522     0.000     0.000     0.000     0.000     0.000     0.000     0.000     0.000
 122.0729167    21.000   -20.398    53.697    -0.522     0.000     0.000     0.000     0.000     0.000     0.000     0.000     0.000
 122.0729167    20.500   -20.529    53.600    -0.522     0.000     0.000     0.000     0.000     0.000     0.000     0.000     0.000
 122.0729167    20.000   -20.661    53.502    -0.522     0.000     0.000     0.000     0.000     0.000     0.000     0.000     0.000
 122.0729167    19.500   -20.791    53.402    -0.522     0.000     0.000     0.000     0.000     0.000     0.000     0.000     0.000
 122.0729167    19.000   -20.921    53.300    -0.522     0.000     0.000     0.000     0.000     0.000     0.000     0.000     0.000
 122.0729167    18.500   -21.051    53.196    -0.522     0.000     0.000     0.000     0.000     0.000     0.000     0.000     0.000
 122.0729167    18.000   -21.180    53.090    -0.522     0.000     0.000     0.000     0.000     0.000     0.000     0.000     0.000
 122.0729167    17.500   -21.308    52.982    -0.522     0.000     0.000     0.000     0.000     0.000     0.000     0.000     0.000
 122.0729167    17.000   -21.436    52.873    -0.522     0.000     0.000     0.000     0.000     0.000     0.000     0.000     0.000
 122.0729167    16.500   -21.563    52.761    -0.522     0.000     0.000     0.000     0.000     0.000     0.000     0.000     0.000
 122.0729167    16.000   -21.689    52.647    -0.522     0.000     0.000     0.000     0.000     0.000     0.000     0.000     0.000
 122.0729167    15.500   -21.815    52.531    -0.522     0.000     0.000     0.000     0.000     0.000     0.000     0.000     0.000
 122.0729167    15.000   -21.940    52.413    -0.522     0.000     0.000     0.000     0.000     0.000     0.000     0.000     0.000
 122.0729167    14.500   -22.064    52.293    -0.522     0.000     0.000     0.000     0.000     0.000     0.000     0.000     0.000
 122.0729167    14.000   -22.188    52.170    -0.522     0.000     0.000     0.000     0.000     0.000     0.000     0.000     0.000
 122.0729167    13.500   -22.311    52.044    -0.522     0.000     0.000     0.000     0.000     0.000     0.000     0.000     0.000
 122.0729167    13.000   -22.433    51.916    -0.522     0.000     0.000     0.000     0.000     0.000     0.000     0.000     0.000
 122.0729167    12.500   -22.555    51.786    -0.522     0.000     0.000     0.000     0.000     0.000     0.000     0.000     0.000
 122.0729167    12.000   -22.675    51.653    -0.522     0.000     0.000     0.000     0.000     0.000     0.000     0.000     0.000
 122.0729167    11.500   -22.795    51.516    -0.522     0.000     0.000     0.000     0.000     0.000     0.000     0.000     0.000
 122.0729167    11.000   -22.914    51.377    -0.522     0.000     0.000     0.000     0.000     0.000     0.000     0.000     0.000
 122.0729167    10.500   -23.032    51.235    -0.522     0.000     0.000     0.000     0.000     0.000     0.000     0.000     0.000
 122.0729167    10.000   -23.149    51.089    -0.522     7.516    11.508    18.887    14.895     1.030     9.186   370.898   411.999
 122.0729167     9.500   -17.271    44.912    -0.396     6.453     9.881    16.453    14.696     0.903     8.476   375.719   412.356
 122.0729167     9.000   -10.620    37.914    -0.299     5.245     8.030    13.639    14.247     0.757     7.580   381.438   412.855
 122.0729167     8.500    -4.987    31.835    -0.227     4.193     6.420    11.138    13.594     0.627     6.694   386.634   413.407
 122.0729167     8.000    -0.649    26.945    -0.172     3.339     5.113     9.064    12.812     0.521     5.871   391.048   413.990
 122.0729167     7.500     2.514    23.131    -0.130     2.668     4.085     7.396    11.972     0.437     5.127   394.687   414.599
 122.0729167     7.000     4.686    20.219    -0.098     2.147     3.288     6.077    11.127     0.372     4.468   397.641   415.234
 122.0729167     6.500     6.063    18.030    -0.075     1.747     2.675     5.042    10.315     0.322     3.889   400.024   415.892
 122.0729167     6.000     6.812    16.419    -0.056     1.440     2.205     4.233     9.559     0.285     3.386   401.942   416.564
 122.0729167     5.500     7.111    15.224    -0.043     1.205     1.845     3.602     8.873     0.258     2.950   403.486   417.244
 122.0729167     5.000     7.080    14.347    -0.032     1.024     1.568     3.109     8.261     0.238     2.576   404.730   417.919
 122.0729167     4.500     6.841    13.676    -0.024     0.885     1.355     2.724     7.725     0.224     2.258   405.730   418.577
 122.0729167     4.000     6.482    13.145    -0.019     0.778     1.191     2.424     7.263     0.214     1.989   406.533   419.203
 122.0729167     3.500     6.058    12.717    -0.014     0.695     1.065     2.192     6.870     0.207     1.766   407.174   419.779
 122.0729167     3.000     5.619    12.358    -0.011     0.633     0.969     2.012     6.543     0.202     1.585   407.680   420.292
 122.0729167     2.500     5.199    12.048    -0.008     0.585     0.896     1.876     6.277     0.199     1.440   408.072   420.727
 122.0729167     2.000     4.818    11.776    -0.006     0.550     0.843     1.776     6.067     0.196     1.330   408.367   421.074
 122.0729167     1.500     4.489    11.534    -0.005     0.526     0.805     1.704     5.909     0.195     1.251   408.576   421.330
 122.0729167     1.000     4.221    11.313    -0.003     0.510     0.780     1.657     5.799     0.193     1.198   408.708   421.494
 122.0729167     0.500     4.014    11.107    -0.003     0.000     0.000     0.000     0.000     0.000     0.000     0.000     0.000
 122.0937500    23.000    -8.166    23.026    -0.507     0.000     0.000     0.000     0.000     0.000     0.000     0.000     0.000
 122.0937500    22.500    -8.395    22.996    -0.507     0.000     0.000     0.000     0.000     0.000     0.000     0.000     0.000
 122.0937500    22.000    -8.623    22.965    -0.507     0.000     0.000     0.000     0.000     0.000     0.000     0.000     0.000
 122.0937500    21.500    -8.851    22.933    -0.507     0.000     0.000     0.000     0.000     0.000     0.000     0.000     0.000
 122.0937500    21.000    -9.079    22.900    -0.507     0.000     0.000     0.000     0.000     0.000     0.000     0.000     0.000
 122.0937500    20.500    -9.307    22.867    -0.507     0.000     0.000     0.000     0.000     0.000     0.000     0.000     0.000
 122.0937500    20.000    -9.534    22.833    -0.507     0.000     0.000     0.000     0.000     0.000     0.000     0.000     0.000
 122.0937500    19.500    -9.762    22.798    -0.507     0.000     0.000     0.000     0.000     0.000     0.000     0.000     0.000
 122.0937500    19.000    -9.989    22.763    -0.507     0.000     0.000     0.000     0.000     0.000     0.000     0.000     0.000
 122.0937500    18.500   -10.216    22.727    -0.507     0.000     0.000     0.000     0.000     0.000     0.000     0.000     0.000
 122.0937500    18.000   -10.442    22.690    -0.507     0.000     0.000     0.000     0.000     0.000     0.000     0.000     0.000
 122.0937500    17.500   -10.669    22.652    -0.507     0.000     0.000     0.000     0.000     0.000     0.000     0.000     0.000
 122.0937500    17.000   -10.895    22.613    -0.507     0.000     0.000     0.000     0.000     0.000     0.000     0.000     0.000
 122.0937500    16.500   -11.121    22.573    -0.507     0.000     0.000     0.000     0.000     0.000     0.000     0.000     0.000
 122.0937500    16.000   -11.347    22.533    -0.507     0.000     0.000     0.000     0.000     0.000     0.000     0.000     0.000
 122.0937500    15.500   -11.573    22.491    -0.507     0.000     0.000     0.000     0.000     0.000     0.000     0.000     0.000
 122.0937500    15.000   -11.798    22.449    -0.507     0.000     0.000     0.000     0.000     0.000     0.000     0.000     0.000
 122.0937500    14.500   -12.023    22.405    -0.507     0.000     0.000     0.000     0.000     0.000     0.000     0.000     0.000
 122.0937500    14.000   -12.248    22.361    -0.507     0.000     0.000     0.000     0.000     0.000     0.000     0.000     0.000
 122.0937500    13.500   -12.473    22.315    -0.507     0.000     0.000     0.000     0.000     0.000     0.000     0.000     0.000
 122.0937500    13.000   -12.697    22.269    -0.507     0.000     0.000     0.000     0.000     0.000     0.000     0.000     0.000
 122.0937500    12.500   -12.921    22.221    -0.507     0.000     0.000     0.000     0.000     0.000     0.000     0.000     0.000
 122.0937500    12.000   -13.145    22.172    -0.507     0.000     0.000     0.000     0.000     0.000     0.000     0.000     0.000
 122.0937500    11.500   -13.368    22.122    -0.507     0.000     0.000     0.000     0.000     0.000     0.000     0.000     0.000
 122.0937500    11.000   -13.591    22.070    -0.507     0.000     0.000     0.000     0.000     0.000     0.000     0.000     0.000
 122.0937500    10.500   -13.814    22.018    -0.507     0.000     0.000     0.000     0.000     0.000     0.000     0.000     0.000
 122.0937500    10.000   -14.037    21.963    -0.507     2.439     3.889     8.306     6.857     0.429     3.808   370.043   409.206
 122.0937500     9.500    -9.764    19.814    -0.384     2.052     3.272     7.231     6.691     0.374     3.496   374.666   409.513
 122.0937500     9.000    -4.961    17.532    -0.291     1.623     2.587     5.988     6.399     0.312     3.107   380.143   409.943
 122.0937500     8.500    -0.958    15.701    -0.221     1.259     2.008     4.885     6.028     0.257     2.727   385.109   410.420
 122.0937500     8.000     2.078    14.349    -0.167     0.973     1.551     3.970     5.617     0.212     2.379   389.316   410.929
 122.0937500     7.500     4.205    13.426    -0.127     0.754     1.203     3.235     5.195     0.177     2.068   392.775   411.466
 122.0937500     7.000     5.631    12.773    -0.096     0.590     0.941     2.654     4.785     0.150     1.795   395.572   412.034
 122.0937500     6.500     6.502    12.311    -0.073     0.467     0.745     2.199     4.402     0.129     1.557   397.816   412.631
 122.0937500     6.000     6.949    11.979    -0.055     0.375     0.598     1.843     4.053     0.114     1.352   399.612   413.253
 122.0937500     5.500     7.097    11.711    -0.042     0.307     0.489     1.566     3.740     0.102     1.175   401.046   413.894
 122.0937500     5.000     7.029    11.483    -0.032     0.255     0.407     1.350     3.466     0.094     1.024   402.194   414.540
 122.0937500     4.500     6.808    11.287    -0.024     0.216     0.345     1.182     3.228     0.088     0.895   403.112   415.176
 122.0937500     4.000     6.484    11.115    -0.018     0.187     0.298     1.050     3.025     0.084     0.787   403.847   415.786
 122.0937500     3.500     6.099    10.962    -0.014     0.165     0.262     0.949     2.853     0.081     0.698   404.431   416.351
 122.0937500     3.000     5.687    10.829    -0.010     0.148     0.236     0.870     2.712     0.078     0.625   404.892   416.855
 122.0937500     2.500     5.276    10.710    -0.008     0.135     0.216     0.811     2.597     0.077     0.567   405.248   417.284
 122.0937500     2.000     4.886    10.606    -0.006     0.126     0.201     0.767     2.507     0.076     0.523   405.516   417.629
 122.0937500     1.500     4.530    10.513    -0.005     0.120     0.191     0.735     2.439     0.075     0.491   405.704   417.883
 122.0937500     1.000     4.214    10.430    -0.003     0.116     0.184     0.715     2.392     0.074     0.470   405.824   418.047
 122.0937500     0.500     3.941    10.355    -0.003     0.000     0.000     0.000     0.000     0.000     0.000     0.000     0.000
 122.1145833    23.000    -7.410    12.004    -0.369     0.000     0.000     0.000     0.000     0.000     0.000     0.000     0.000
 122.1145833    22.500    -7.653    11.988    -0.369     0.000     0.000     0.000     0.000     0.000     0.000     0.000     0.000
 122.1145833    22.000    -7.897    11.971    -0.369     0.000     0.000     0.000     0.000     0.000     0.000     0.000     0.000
 122.1145833    21.500    -8.140    11.955    -0.369     0.000     0.000     0.000     0.000     0.000     0.000     0.000     0.000
 122.1145833    21.000    -8.384    11.939    -0.369     0.000     0.000     0.000     0.000     0.000     0.000     0.000     0.000
 122.1145833    20.500    -8.628    11.923    -0.369     0.000     0.000     0.000     0.000     0.000     0.000     0.000     0.000
 122.1145833    20.000    -8.872    11.907    -0.369     0.000     0.000     0.000     0.000     0.000     0.000     0.000     0.000
 122.1145833    19.500    -9.117    11.891    -0.369     0.000     0.000     0.000     0.000     0.000     0.000     0.000     0.000
 122.1145833    19.000    -9.361    11.875    -0.369     0.000     0.000     0.000     0.000     0.000     0.000     0.000     0.000
 122.1145833    18.500    -9.606    11.859    -0.369     0.000     0.000     0.000     0.000     0.000     0.000     0.000     0.000
 122.1145833    18.000    -9.851    11.843    -0.369     0.000     0.000     0.000     0.000     0.000     0.000     0.000     0.000
 122.1145833    17.500   -10.096    11.827    -0.369     0.000     0.000     0.000     0.000     0.000     0.000     0.000     0.000
 122.1145833    17.000   -10.341    11.811    -0.369     0.000     0.000     0.000     0.000     0.000     0.000     0.000     0.000
 122.1145833    16.500   -10.587    11.795    -0.369     0.000     0.000     0.000     0.000     0.000     0.000     0.000     0.000
 122.1145833    16.000   -10.833    11.779    -0.369     0.000     0.000     0.000     0.000     0.000     0.000     0.000     0.000
 122.1145833    15.500   -11.079    11.764    -0.369     0.000     0.000     0.000     0.000     0.000     0.000     0.000     0.000
 122.1145833    15.000   -11.325    11.748    -0.369     0.000     0.000     0.000     0.000     0.000     0.000     0.000     0.000
 122.1145833    14.500   -11.572    11.732    -0.369     0.000     0.000     0.000     0.000     0.000     0.000     0.000     0.000
 122.1145833    14.000   -11.819    11.717    -0.369     0.000     0.000     0.000     0.000     0.000     0.000     0.000     0.000
 122.1145833    13.500   -12.066    11.701    -0.369     0.000     0.000     0.000     0.000     0.000     0.000     0.000     0.000
 122.1145833    13.000   -12.314    11.685    -0.369     0.000     0.000     0.000     0.000     0.000     0.000     0.000     0.000
 122.1145833    12.500   -12.561    11.670    -0.369     0.000     0.000     0.000     0.000     0.000     0.000     0.000     0.000
 122.1145833    12.000   -12.809    11.654    -0.369     0.000     0.000     0.000     0.000     0.000     0.000     0.000     0.000
 122.1145833    11.500   -13.058    11.638    -0.369     0.000     0.000     0.000     0.000     0.000     0.000     0.000     0.000
 122.1145833    11.000   -13.307    11.623    -0.369     0.000     0.000     0.000     0.000     0.000     0.000     0.000     0.000
 122.1145833    10.500   -13.556    11.607    -0.369     0.000     0.000     0.000     0.000     0.000     0.000     0.000     0.000
 122.1145833    10.000   -13.805    11.591    -0.369     0.617     1.011     2.523     2.129     0.129     1.149   366.173   405.167
 122.1145833     9.500   -10.129    11.332    -0.280     0.486     0.796     2.197     2.084     0.111     1.039   370.787   405.461
 122.1145833     9.000    -5.851    11.080    -0.212     0.351     0.575     1.819     1.991     0.091     0.908   376.241   405.883
 122.1145833     8.500    -2.132    10.876    -0.160     0.247     0.405     1.484     1.867     0.074     0.786   381.174   406.365
 122.1145833     8.000     0.850    10.698    -0.122     0.173     0.284     1.205     1.727     0.061     0.678   385.342   406.897
 122.1145833     7.500     3.113    10.537    -0.092     0.122     0.199     0.981     1.584     0.050     0.584   388.758   407.473
 122.1145833     7.000     4.743    10.389    -0.070     0.087     0.142     0.804     1.448     0.042     0.504   391.515   408.093
 122.1145833     6.500     5.844    10.253    -0.053     0.063     0.103     0.665     1.321     0.036     0.435   393.726   408.753
 122.1145833     6.000     6.518    10.127    -0.040     0.046     0.076     0.557     1.208     0.032     0.376   395.496   409.445
 122.1145833     5.500     6.854    10.011    -0.030     0.035     0.057     0.473     1.108     0.028     0.326   396.913   410.160
 122.1145833     5.000     6.930     9.906    -0.023     0.027     0.045     0.407     1.021     0.026     0.283   398.049   410.880
 122.1145833     4.500     6.815     9.813    -0.017     0.022     0.035     0.356     0.947     0.024     0.248   398.962   411.589
 122.1145833     4.000     6.567     9.731    -0.013     0.018     0.029     0.316     0.884     0.023     0.217   399.694   412.267
 122.1145833     3.500     6.233     9.661    -0.010     0.015     0.024     0.285     0.831     0.022     0.192   400.280   412.895
 122.1145833     3.000     5.854     9.602    -0.008     0.013     0.021     0.261     0.788     0.021     0.172   400.743   413.456
 122.1145833     2.500     5.462     9.555    -0.006     0.011     0.019     0.243     0.753     0.021     0.156   401.102   413.933
 122.1145833     2.000     5.079     9.518    -0.004     0.010     0.017     0.230     0.726     0.020     0.144   401.372   414.316
 122.1145833     1.500     4.723     9.490    -0.003     0.010     0.016     0.220     0.706     0.020     0.135   401.563   414.599
 122.1145833     1.000     4.401     9.471    -0.002     0.009     0.015     0.214     0.692     0.020     0.129   401.683   414.782
 122.1145833     0.500     4.117     9.460    -0.002     0.000     0.000     0.000     0.000     0.000     0.000     0.000     0.000
 122.1354167    23.000   -11.156    11.253    -0.286     0.000     0.000     0.000     0.000     0.000     0.000     0.000     0.000
 122.1354167    22.500   -11.354    11.227    -0.286     0.000     0.000     0.000     0.000     0.000     0.000     0.000     0.000
 122.1354167    22.000   -11.553    11.202    -0.286     0.000     0.000     0.000     0.000     0.000     0.000     0.000     0.000
 122.1354167    21.500   -11.753    11.176    -0.286     0.000     0.000     0.000     0.000     0.000     0.000     0.000     0.000
 122.1354167    21.000   -11.953    11.150    -0.286     0.000     0.000     0.000     0.000     0.000     0.000     0.000     0.000
 122.1354167    20.500   -12.153    11.124    -0.286     0.000     0.000     0.000     0.000     0.000     0.000     0.000     0.000
 122.1354167    20.000   -12.353    11.099    -0.286     0.000     0.000     0.000     0.000     0.000     0.000     0.000     0.000
 122.1354167    19.500   -12.555    11.073    -0.286     0.000     0.000     0.000     0.000     0.000     0.000     0.000     0.000
 122.1354167    19.000   -12.756    11.047    -0.286     0.000     0.000     0.000     0.000     0.000     0.000     0.000     0.000
 122.1354167    18.500   -12.958    11.021    -0.286     0.000     0.000     0.000     0.000     0.000     0.000     0.000     0.000
 122.1354167    18.000   -13.160    10.996    -0.286     0.000     0.000     0.000     0.000     0.000     0.000     0.000     0.000
 122.1354167    17.500   -13.363    10.970    -0.286     0.000     0.000     0.000     0.000     0.000     0.000     0.000     0.000
 122.1354167    17.000   -13.566    10.944    -0.286     0.000     0.000     0.000     0.000     0.000     0.000     0.000     0.000
 122.1354167    16.500   -13.770    10.918    -0.286     0.000     0.000     0.000     0.000     0.000     0.000     0.000     0.000
 122.1354167    16.000   -13.974    10.892    -0.286     0.000     0.000     0.000     0.000     0.000     0.000     0.000     0.000
 122.1354167    15.500   -14.179    10.866    -0.286     0.000     0.000     0.000     0.000     0.000     0.000     0.000     0.000
 122.1354167    15.000   -14.384    10.840    -0.286     0.000     0.000     0.000     0.000     0.000     0.000     0.000     0.000
 122.1354167    14.500   -14.590    10.814    -0.286     0.000     0.000     0.000     0.000     0.000     0.000     0.000     0.000
 122.1354167    14.000   -14.796    10.789    -0.286     0.000     0.000     0.000     0.000     0.000     0.000     0.000     0.000
 122.1354167    13.500   -15.003    10.763    -0.286     0.000     0.000     0.000     0.000     0.000     0.000     0.000     0.000
 122.1354167    13.000   -15.210    10.737    -0.286     0.000     0.000     0.000     0.000     0.000     0.000     0.000     0.000
 122.1354167    12.500   -15.418    10.711    -0.286     0.000     0.000     0.000     0.000     0.000     0.000     0.000     0.000
 122.1354167    12.000   -15.627    10.685    -0.286     0.000     0.000     0.000     0.000     0.000     0.000     0.000     0.000
 122.1354167    11.500   -15.836    10.660    -0.286     0.000     0.000     0.000     0.000     0.000     0.000     0.000     0.000
 122.1354167    11.000   -16.046    10.634    -0.286     0.000     0.000     0.000     0.000     0.000     0.000     0.000     0.000
 122.1354167    10.500   -16.257    10.609    -0.286     0.000     0.000     0.000     0.000     0.000     0.000     0.000     0.000
 122.1354167    10.000   -16.469    10.583    -0.286     0.059     0.099     0.260     0.221     0.014     0.127   362.662   401.253
 122.1354167     9.500   -12.508    10.475    -0.216     0.018     0.030     0.228     0.234     0.011     0.096   367.207   401.567
 122.1354167     9.000    -7.827    10.338    -0.163     0.003     0.006     0.189     0.221     0.008     0.079   372.578   402.027
 122.1354167     8.500    -3.705    10.193    -0.123     0.001     0.001     0.154     0.200     0.007     0.068   377.438   402.557
 122.1354167     8.000    -0.374    10.046    -0.093     0.000     0.000     0.124     0.179     0.006     0.060   381.549   403.141
 122.1354167     7.500     2.176     9.901    -0.070     0.000     0.000     0.101     0.161     0.005     0.052   384.924   403.775
 122.1354167     7.000     4.037     9.762    -0.053     0.000     0.000     0.082     0.144     0.004     0.045   387.653   404.458
 122.1354167     6.500     5.321     9.630    -0.040     0.000     0.000     0.068     0.130     0.003     0.039   389.847   405.184
 122.1354167     6.000     6.137     9.506    -0.030     0.000     0.000     0.057     0.117     0.003     0.034   391.607   405.946
 122.1354167     5.500     6.584     9.391    -0.023     0.000     0.000     0.048     0.107     0.003     0.030   393.021   406.730
 122.1354167     5.000     6.748     9.287    -0.017     0.000     0.000     0.041     0.098     0.002     0.026   394.158   407.520
 122.1354167     4.500     6.704     9.194    -0.013     0.000     0.000     0.036     0.090     0.002     0.023   395.075   408.297
 122.1354167     4.000     6.515     9.111    -0.010     0.000     0.000     0.032     0.084     0.002     0.020   395.814   409.038
 122.1354167     3.500     6.233     9.040    -0.007     0.000     0.000     0.029     0.079     0.002     0.018   396.406   409.724
 122.1354167     3.000     5.902     8.981    -0.006     0.000     0.000     0.027     0.075     0.002     0.016   396.877   410.335
 122.1354167     2.500     5.556     8.933    -0.004     0.000     0.000     0.025     0.071     0.002     0.014   397.243   410.855
 122.1354167     2.000     5.221     8.896    -0.003     0.000     0.000     0.023     0.069     0.002     0.013   397.519   411.272
 122.1354167     1.500     4.914     8.871    -0.002     0.000     0.000     0.022     0.067     0.002     0.012   397.715   411.580
 122.1354167     1.000     4.644     8.857    -0.002     0.000     0.000     0.022     0.065     0.002     0.012   397.839   411.780
 122.1354167     0.500     4.414     8.854    -0.001     0.000     0.000     0.000     0.000     0.000     0.000     0.000     0.000
 122.1562500    23.000    -6.804     2.621    -0.040     0.000     0.000     0.000     0.000     0.000     0.000     0.000     0.000
 122.1562500    22.500    -6.945     2.652    -0.040     0.000     0.000     0.000     0.000     0.000     0.000     0.000     0.000
 122.1562500    22.000    -7.089     2.683    -0.040     0.000     0.000     0.000     0.000     0.000     0.000     0.000     0.000
 122.1562500    21.500    -7.239     2.715    -0.040     0.000     0.000     0.000     0.000     0.000     0.000     0.000     0.000
 122.1562500    21.000    -7.393     2.747    -0.040     0.000     0.000     0.000     0.000     0.000     0.000     0.000     0.000
 122.1562500    20.500    -7.552     2.779    -0.040     0.000     0.000     0.000     0.000     0.000     0.000     0.000     0.000
 122.1562500    20.000    -7.715     2.811    -0.040     0.000     0.000     0.000     0.000     0.000     0.000     0.000     0.000
 122.1562500    19.500    -7.884     2.844    -0.040     0.000     0.000     0.000     0.000     0.000     0.000     0.000     0.000
 122.1562500    19.000    -8.057     2.877    -0.040     0.000     0.000     0.000     0.000     0.000     0.000     0.000     0.000
 122.1562500    18.500    -8.236     2.911    -0.040     0.000     0.000     0.000     0.000     0.000     0.000     0.000     0.000
 122.1562500    18.000    -8.419     2.945    -0.040     0.000     0.000     0.000     0.000     0.000     0.000     0.000     0.000
 122.1562500    17.500    -8.608     2.980    -0.040     0.000     0.000     0.000     0.000     0.000     0.000     0.000     0.000
 122.1562500    17.000    -8.802     3.014    -0.040     0.000     0.000     0.000     0.000     0.000     0.000     0.000     0.000
 122.1562500    16.500    -9.002     3.050    -0.040     0.000     0.000     0.000     0.000     0.000     0.000     0.000     0.000
 122.1562500    16.000    -9.207     3.086    -0.040     0.000     0.000     0.000     0.000     0.000     0.000     0.000     0.000
 122.1562500    15.500    -9.418     3.122    -0.040     0.000     0.000     0.000     0.000     0.000     0.000     0.000     0.000
 122.1562500    15.000    -9.634     3.159    -0.040     0.000     0.000     0.000     0.000     0.000     0.000     0.000     0.000
 122.1562500    14.500    -9.856     3.196    -0.040     0.000     0.000     0.000     0.000     0.000     0.000     0.000     0.000
 122.1562500    14.000   -10.084     3.234    -0.040     0.000     0.000     0.000     0.000     0.000     0.000     0.000     0.000
 122.1562500    13.500   -10.318     3.273    -0.040     0.000     0.000     0.000     0.000     0.000     0.000     0.000     0.000
 122.1562500    13.000   -10.559     3.312    -0.040     0.000     0.000     0.000     0.000     0.000     0.000     0.000     0.000
 122.1562500    12.500   -10.805     3.351    -0.040     0.000     0.000     0.000     0.000     0.000     0.000     0.000     0.000
 122.1562500    12.000   -11.058     3.392    -0.040     0.000     0.000     0.000     0.000     0.000     0.000     0.000     0.000
 122.1562500    11.500   -11.317     3.433    -0.040     0.000     0.000     0.000     0.000     0.000     0.000     0.000     0.000
 122.1562500    11.000   -11.583     3.475    -0.040     0.000     0.000     0.000     0.000     0.000     0.000     0.000     0.000
 122.1562500    10.500   -11.856     3.518    -0.040     0.000     0.000     0.000     0.000     0.000     0.000     0.000     0.000
 122.1562500    10.000   -12.137     3.562    -0.040     0.000     0.000     0.000     0.000     0.000     0.000   364.557   397.017
 122.1562500     9.500    -9.069     3.537    -0.029     0.000     0.000     0.000     0.000     0.000     0.000   368.280   397.394
 122.1562500     9.000    -5.530     3.489    -0.021     0.000     0.000     0.000     0.000     0.000     0.000   372.677   397.969
 122.1562500     8.500    -2.520     3.436    -0.015     0.000     0.000     0.000     0.000     0.000     0.000   376.663   398.653
 122.1562500     8.000    -0.197     3.384    -0.011     0.000     0.000     0.000     0.000     0.000     0.000   380.050   399.423
 122.1562500     7.500     1.470     3.337    -0.008     0.000     0.000     0.000     0.000     0.000     0.000   382.855   400.265
 122.1562500     7.000     2.579     3.298    -0.006     0.000     0.000     0.000     0.000     0.000     0.000   385.154   401.164
 122.1562500     6.500     3.241     3.270    -0.004     0.000     0.000     0.000     0.000     0.000     0.000   387.038   402.103
 122.1562500     6.000     3.561     3.255    -0.003     0.000     0.000     0.000     0.000     0.000     0.000   388.588   403.063
 122.1562500     5.500     3.636     3.257    -0.002     0.000     0.000     0.000     0.000     0.000     0.000   389.872   404.022
 122.1562500     5.000     3.544     3.278    -0.002     0.000     0.000     0.000     0.000     0.000     0.000   390.944   404.955
 122.1562500     4.500     3.353     3.323    -0.001     0.000     0.000     0.000     0.000     0.000     0.000   391.843   405.839
 122.1562500     4.000     3.112     3.398    -0.001     0.000     0.000     0.000     0.000     0.000     0.000   392.598   406.655
 122.1562500     3.500     2.862     3.511    -0.001     0.000     0.000     0.000     0.000     0.000     0.000   393.228   407.385
 122.1562500     3.000     2.633     3.671    -0.000     0.000     0.000     0.000     0.000     0.000     0.000   393.747   408.014
 122.1562500     2.500     2.450     3.896    -0.000     0.000     0.000     0.000     0.000     0.000     0.000   394.166   408.532
 122.1562500     2.000     2.331     4.208    -0.000     0.000     0.000     0.000     0.000     0.000     0.000   394.494   408.934
 122.1562500     1.500     2.287     4.641    -0.000     0.000     0.000     0.000     0.000     0.000     0.000   394.736   409.220
 122.1562500     1.000     2.330     5.240    -0.000     0.000     0.000     0.000     0.000     0.000     0.000   394.896   409.396
 122.1562500     0.500     2.463     6.068    -0.000     0.000     0.000     0.000     0.000     0.000     0.000     0.000     0.000
 122.1770833    23.000   -11.915    11.476    -0.149     0.000     0.000     0.000     0.000     0.000     0.000     0.000     0.000
 122.1770833    22.500   -12.028    11.514    -0.149     0.000     0.000     0.000     0.000     0.000     0.000     0.000     0.000
 122.1770833    22.000   -12.137    11.553    -0.149     0.000     0.000     0.000     0.000     0.000     0.000     0.000     0.000
 122.1770833    21.500   -12.241    11.591    -0.149     0.000     0.000     0.000     0.000     0.000     0.000     0.000     0.000
 122.1770833    21.000   -12.341    11.628    -0.149     0.000     0.000     0.000     0.000     0.000     0.000     0.000     0.000
 122.1770833    20.500   -12.435    11.665    -0.149     0.000     0.000     0.000     0.000     0.000     0.000     0.000     0.000
 122.1770833    20.000   -12.524    11.702    -0.149     0.000     0.000     0.000     0.000     0.000     0.000     0.000     0.000
 122.1770833    19.500   -12.608    11.739    -0.149     0.000     0.000     0.000     0.000     0.000     0.000     0.000     0.000
 122.1770833    19.000   -12.687    11.775    -0.149     0.000     0.000     0.000     0.000     0.000     0.000     0.000     0.000
 122.1770833    18.500   -12.761    11.810    -0.149     0.000     0.000     0.000     0.000     0.000     0.000     0.000     0.000
 122.1770833    18.000   -12.830    11.845    -0.149     0.000     0.000     0.000     0.000     0.000     0.000     0.000     0.000
 122.1770833    17.500   -12.892    11.880    -0.149     0.000     0.000     0.000     0.000     0.000     0.000     0.000     0.000
 122.1770833    17.000   -12.950    11.914    -0.149     0.000     0.000     0.000     0.000     0.000     0.000     0.000     0.000
 122.1770833    16.500   -13.001    11.948    -0.149     0.000     0.000     0.000     0.000     0.000     0.000     0.000     0.000
 122.1770833    16.000   -13.047    11.981    -0.149     0.000     0.000     0.000     0.000     0.000     0.000     0.000     0.000
 122.1770833    15.500   -13.087    12.013    -0.149     0.000     0.000     0.000     0.000     0.000     0.000     0.000     0.000
 122.1770833    15.000   -13.121    12.045    -0.149     0.000     0.000     0.000     0.000     0.000     0.000     0.000     0.000
 122.1770833    14.500   -13.149    12.076    -0.149     0.000     0.000     0.000     0.000     0.000     0.000     0.000     0.000
 122.1770833    14.000   -13.170    12.107    -0.149     0.000     0.000     0.000     0.000     0.000     0.000     0.000     0.000
 122.1770833    13.500   -13.185    12.137    -0.149     0.000     0.000     0.000     0.000     0.000     0.000     0.000     0.000
 122.1770833    13.000   -13.194    12.166    -0.149     0.000     0.000     0.000     0.000     0.000     0.000     0.000     0.000
 122.1770833    12.500   -13.196    12.195    -0.149     0.000     0.000     0.000     0.000     0.000     0.000     0.000     0.000
 122.1770833    12.000   -13.191    12.223    -0.149     0.000     0.000     0.000     0.000     0.000     0.000     0.000     0.000
 122.1770833    11.500   -13.180    12.250    -0.149     0.000     0.000     0.000     0.000     0.000     0.000     0.000     0.000
 122.1770833    11.000   -13.161    12.276    -0.149     0.000     0.000     0.000     0.000     0.000     0.000     0.000     0.000
 122.1770833    10.500   -13.134    12.302    -0.149     0.000     0.000     0.000     0.000     0.000     0.000     0.000     0.000
 122.1770833    10.000   -13.099    12.326    -0.149     0.000     0.000     0.000     0.000     0.000     0.000   365.906   396.695
 122.1770833     9.500    -9.708    12.278    -0.112     0.000     0.000     0.000     0.000     0.000     0.000   369.478   397.007
 122.1770833     9.000    -5.771    12.204    -0.084     0.000     0.000     0.000     0.000     0.000     0.000   373.703   397.469
 122.1770833     8.500    -2.293    12.121    -0.063     0.000     0.000     0.000     0.000     0.000     0.000   377.532   398.010
 122.1770833     8.000     0.543    12.033    -0.047     0.000     0.000     0.000     0.000     0.000     0.000   380.778   398.615
 122.1770833     7.500     2.744    11.943    -0.035     0.000     0.000     0.000     0.000     0.000     0.000   383.451   399.280
 122.1770833     7.000     4.380    11.853    -0.026     0.000     0.000     0.000     0.000     0.000     0.000   385.622   400.000
 122.1770833     6.500     5.536    11.762    -0.020     0.000     0.000     0.000     0.000     0.000     0.000   387.378   400.766
 122.1770833     6.000     6.298    11.671    -0.015     0.000     0.000     0.000     0.000     0.000     0.000   388.798   401.569
 122.1770833     5.500     6.744    11.577    -0.011     0.000     0.000     0.000     0.000     0.000     0.000   389.950   402.392
 122.1770833     5.000     6.942    11.478    -0.008     0.000     0.000     0.000     0.000     0.000     0.000   390.890   403.216
 122.1770833     4.500     6.954    11.372    -0.006     0.000     0.000     0.000     0.000     0.000     0.000   391.658   404.020
 122.1770833     4.000     6.828    11.251    -0.005     0.000     0.000     0.000     0.000     0.000     0.000   392.287   404.782
 122.1770833     3.500     6.608    11.109    -0.004     0.000     0.000     0.000     0.000     0.000     0.000   392.801   405.482
 122.1770833     3.000     6.327    10.935    -0.003     0.000     0.000     0.000     0.000     0.000     0.000   393.216   406.100
 122.1770833     2.500     6.012    10.712    -0.002     0.000     0.000     0.000     0.000     0.000     0.000   393.546   406.620
 122.1770833     2.000     5.678    10.416    -0.002     0.000     0.000     0.000     0.000     0.000     0.000   393.799   407.033
 122.1770833     1.500     5.328    10.012    -0.001     0.000     0.000     0.000     0.000     0.000     0.000   393.982   407.335
 122.1770833     1.000     4.955     9.451    -0.001     0.000     0.000     0.000     0.000     0.000     0.000   394.100   407.528
 122.1770833     0.500     4.543     8.668    -0.001     0.000     0.000     0.000     0.000     0.000     0.000     0.000     0.000
 122.1979167    23.000   -10.119     4.915    -0.167     0.000     0.000     0.000     0.000     0.000     0.000     0.000     0.000
 122.1979167    22.500   -10.243     5.000    -0.167     0.000     0.000     0.000     0.000     0.000     0.000     0.000     0.000
 122.1979167    22.000   -10.366     5.084    -0.167     0.000     0.000     0.000     0.000     0.000     0.000     0.000     0.000
 122.1979167    21.500   -10.489     5.168    -0.167     0.000     0.000     0.000     0.000     0.000     0.000     0.000     0.000
 122.1979167    21.000   -10.612     5.252    -0.167     0.000     0.000     0.000     0.000     0.000     0.000     0.000     0.000
 122.1979167    20.500   -10.735     5.335    -0.167     0.000     0.000     0.000     0.000     0.000     0.000     0.000     0.000
 122.1979167    20.000   -10.859     5.418    -0.167     0.000     0.000     0.000     0.000     0.000     0.000     0.000     0.000
 122.1979167    19.500   -10.982     5.501    -0.167     0.000     0.000     0.000     0.000     0.000     0.000     0.000     0.000
 122.1979167    19.000   -11.105     5.583    -0.167     0.000     0.000     0.000     0.000     0.000     0.000     0.000     0.000
 122.1979167    18.500   -11.228     5.666    -0.167     0.000     0.000     0.000     0.000     0.000     0.000     0.000     0.000
 122.1979167    18.000   -11.352     5.748    -0.167     0.000     0.000     0.000     0.000     0.000     0.000     0.000     0.000
 122.1979167    17.500   -11.475     5.829    -0.167     0.000     0.000     0.000     0.000     0.000     0.000     0.000     0.000
 122.1979167    17.000   -11.599     5.911    -0.167     0.000     0.000     0.000     0.000     0.000     0.000     0.000     0.000
 122.1979167    16.500   -11.722     5.992    -0.167     0.000     0.000     0.000     0.000     0.000     0.000     0.000     0.000
 122.1979167    16.000   -11.845     6.073    -0.167     0.000     0.000     0.000     0.000     0.000     0.000     0.000     0.000
 122.1979167    15.500   -11.969     6.153    -0.167     0.000     0.000     0.000     0.000     0.000     0.000     0.000     0.000
 122.1979167    15.000   -12.093     6.234    -0.167     0.000     0.000     0.000     0.000     0.000     0.000     0.000     0.000
 122.1979167    14.500   -12.216     6.314    -0.167     0.000     0.000     0.000     0.000     0.000     0.000     0.000     0.000
 122.1979167    14.000   -12.340     6.393    -0.167     0.000     0.000     0.000     0.000     0.000     0.000     0.000     0.000
 122.1979167    13.500   -12.464     6.473    -0.167     0.000     0.000     0.000     0.000     0.000     0.000     0.000     0.000
 122.1979167    13.000   -12.588     6.552    -0.167     0.000     0.000     0.000     0.000     0.000     0.000     0.000     0.000
 122.1979167    12.500   -12.711     6.631    -0.167     0.000     0.000     0.000     0.000     0.000     0.000     0.000     0.000
 122.1979167    12.000   -12.836     6.709    -0.167     0.000     0.000     0.000     0.000     0.000     0.000     0.000     0.000
 122.1979167    11.500   -12.960     6.788    -0.167     0.000     0.000     0.000     0.000     0.000     0.000     0.000     0.000
 122.1979167    11.000   -13.084     6.866    -0.167     0.000     0.000     0.000     0.000     0.000     0.000     0.000     0.000
 122.1979167    10.500   -13.208     6.944    -0.167     0.000     0.000     0.000     0.000     0.000     0.000     0.000     0.000
 122.1979167    10.000   -13.333     7.021    -0.167     0.000     0.000     0.000     0.000     0.000     0.000   362.125   395.036
 122.1979167     9.500    -9.890     7.033    -0.126     0.000     0.000     0.000     0.000     0.000     0.000   365.962   395.347
 122.1979167     9.000    -5.874     7.020    -0.095     0.000     0.000     0.000     0.000     0.000     0.000   370.503   395.803
 122.1979167     8.500    -2.354     7.001    -0.071     0.000     0.000     0.000     0.000     0.000     0.000   374.617   396.333
 122.1979167     8.000     0.481     6.980    -0.054     0.000     0.000     0.000     0.000     0.000     0.000   378.103   396.921
 122.1979167     7.500     2.642     6.960    -0.040     0.000     0.000     0.000     0.000     0.000     0.000   380.971   397.563
 122.1979167     7.000     4.208     6.943    -0.030     0.000     0.000     0.000     0.000     0.000     0.000   383.297   398.257
 122.1979167     6.500     5.276     6.931    -0.023     0.000     0.000     0.000     0.000     0.000     0.000   385.172   398.996
 122.1979167     6.000     5.940     6.925    -0.017     0.000     0.000     0.000     0.000     0.000     0.000   386.684   399.772
 122.1979167     5.500     6.286     6.925    -0.013     0.000     0.000     0.000     0.000     0.000     0.000   387.904   400.569
 122.1979167     5.000     6.391     6.932    -0.010     0.000     0.000     0.000     0.000     0.000     0.000   388.892   401.372
 122.1979167     4.500     6.321     6.947    -0.007     0.000     0.000     0.000     0.000     0.000     0.000   389.694   402.159
 122.1979167     4.000     6.132     6.968    -0.006     0.000     0.000     0.000     0.000     0.000     0.000   390.345   402.909
 122.1979167     3.500     5.871     6.997    -0.004     0.000     0.000     0.000     0.000     0.000     0.000   390.871   403.602
 122.1979167     3.000     5.578     7.034    -0.003     0.000     0.000     0.000     0.000     0.000     0.000   391.292   404.217
 122.1979167     2.500     5.283     7.078    -0.002     0.000     0.000     0.000     0.000     0.000     0.000   391.622   404.740
 122.1979167     2.000     5.008     7.129    -0.002     0.000     0.000     0.000     0.000     0.000     0.000   391.872   405.158
 122.1979167     1.500     4.770     7.186    -0.001     0.000     0.000     0.000     0.000     0.000     0.000   392.051   405.467
 122.1979167     1.000     4.573     7.249    -0.001     0.000     0.000     0.000     0.000     0.000     0.000   392.165   405.666
 122.1979167     0.500     4.418     7.317    -0.001     0.000     0.000     0.000     0.000     0.000     0.000     0.000     0.000
 122.2187500    23.000    -2.861    -1.058    -0.146     0.000     0.000     0.000     0.000     0.000     0.000     0.000     0.000
 122.2187500    22.500    -3.069    -0.851    -0.146     0.000     0.000     0.000     0.000     0.000     0.000     0.000     0.000
 122.2187500    22.000    -3.275    -0.644    -0.146     0.000     0.000     0.000     0.000     0.000     0.000     0.000     0.000
 122.2187500    21.500    -3.482    -0.438    -0.146     0.000     0.000     0.000     0.000     0.000     0.000     0.000     0.000
 122.2187500    21.000    -3.687    -0.231    -0.146     0.000     0.000     0.000     0.000     0.000     0.000     0.000     0.000
 122.2187500    20.500    -3.892    -0.026    -0.146     0.000     0.000     0.000     0.000     0.000     0.000     0.000     0.000
 122.2187500    20.000    -4.095     0.180    -0.146     0.000     0.000     0.000     0.000     0.000     0.000     0.000     0.000
 122.2187500    19.500    -4.298     0.385    -0.146     0.000     0.000     0.000     0.000     0.000     0.000     0.000     0.000
 122.2187500    19.000    -4.501     0.589    -0.146     0.000     0.000     0.000     0.000     0.000     0.000     0.000     0.000
 122.2187500    18.500    -4.702     0.793    -0.146     0.000     0.000     0.000     0.000     0.000     0.000     0.000     0.000
 122.2187500    18.000    -4.903     0.997    -0.146     0.000     0.000     0.000     0.000     0.000     0.000     0.000     0.000
 122.2187500    17.500    -5.102     1.200    -0.146     0.000     0.000     0.000     0.000     0.000     0.000     0.000     0.000
 122.2187500    17.000    -5.301     1.403    -0.146     0.000     0.000     0.000     0.000     0.000     0.000     0.000     0.000
 122.2187500    16.500    -5.499     1.606    -0.146     0.000     0.000     0.000     0.000     0.000     0.000     0.000     0.000
 122.2187500    16.000    -5.696     1.808    -0.146     0.000     0.000     0.000     0.000     0.000     0.000     0.000     0.000
 122.2187500    15.500    -5.892     2.009    -0.146     0.000     0.000     0.000     0.000     0.000     0.000     0.000     0.000
 122.2187500    15.000    -6.087     2.211    -0.146     0.000     0.000     0.000     0.000     0.000     0.000     0.000     0.000
 122.2187500    14.500    -6.281     2.411    -0.146     0.000     0.000     0.000     0.000     0.000     0.000     0.000     0.000
 122.2187500    14.000    -6.475     2.612    -0.146     0.000     0.000     0.000     0.000     0.000     0.000     0.000     0.000
 122.2187500    13.500    -6.667     2.812    -0.146     0.000     0.000     0.000     0.000     0.000     0.000     0.000     0.000
 122.2187500    13.000    -6.858     3.011    -0.146     0.000     0.000     0.000     0.000     0.000     0.000     0.000     0.000
 122.2187500    12.500    -7.048     3.210    -0.146     0.000     0.000     0.000     0.000     0.000     0.000     0.000     0.000
 122.2187500    12.000    -7.237     3.409    -0.146     0.000     0.000     0.000     0.000     0.000     0.000     0.000     0.000
 122.2187500    11.500    -7.424     3.607    -0.146     0.000     0.000     0.000     0.000     0.000     0.000     0.000     0.000
 122.2187500    11.000    -7.611     3.804    -0.146     0.000     0.000     0.000     0.000     0.000     0.000     0.000     0.000
 122.2187500    10.500    -7.796     4.001    -0.146     0.000     0.000     0.000     0.000     0.000     0.000     0.000     0.000
 122.2187500    10.000    -7.979     4.198    -0.146     0.000     0.000     0.000     0.000     0.000     0.000   363.819   392.970
 122.2187500     9.500    -5.079     4.336    -0.110     0.000     0.000     0.000     0.000     0.000     0.000   367.185   393.283
 122.2187500     9.000    -1.694     4.452    -0.083     0.000     0.000     0.000     0.000     0.000     0.000   371.171   393.745
 122.2187500     8.500     1.247     4.562    -0.063     0.000     0.000     0.000     0.000     0.000     0.000   374.787   394.284
 122.2187500     8.000     3.577     4.670    -0.047     0.000     0.000     0.000     0.000     0.000     0.000   377.855   394.888
 122.2187500     7.500     5.309     4.778    -0.036     0.000     0.000     0.000     0.000     0.000     0.000   380.384   395.551
 122.2187500     7.000     6.512     4.888    -0.027     0.000     0.000     0.000     0.000     0.000     0.000   382.441   396.269
 122.2187500     6.500     7.271     5.002    -0.020     0.000     0.000     0.000     0.000     0.000     0.000   384.104   397.036
 122.2187500     6.000     7.671     5.119    -0.015     0.000     0.000     0.000     0.000     0.000     0.000   385.450   397.843
 122.2187500     5.500     7.790     5.241    -0.012     0.000     0.000     0.000     0.000     0.000     0.000   386.542   398.672
 122.2187500     5.000     7.698     5.368    -0.009     0.000     0.000     0.000     0.000     0.000     0.000   387.430   399.507
 122.2187500     4.500     7.455     5.500    -0.007     0.000     0.000     0.000     0.000     0.000     0.000   388.156   400.327
 122.2187500     4.000     7.112     5.637    -0.005     0.000     0.000     0.000     0.000     0.000     0.000   388.747   401.108
 122.2187500     3.500     6.715     5.778    -0.004     0.000     0.000     0.000     0.000     0.000     0.000   389.228   401.830
 122.2187500     3.000     6.300     5.924    -0.003     0.000     0.000     0.000     0.000     0.000     0.000   389.615   402.471
 122.2187500     2.500     5.897     6.073    -0.002     0.000     0.000     0.000     0.000     0.000     0.000   389.921   403.015
 122.2187500     2.000     5.526     6.225    -0.002     0.000     0.000     0.000     0.000     0.000     0.000   390.154   403.451
 122.2187500     1.500     5.200     6.378    -0.001     0.000     0.000     0.000     0.000     0.000     0.000   390.321   403.772
 122.2187500     1.000     4.924     6.532    -0.001     0.000     0.000     0.000     0.000     0.000     0.000   390.428   403.979
 122.2187500     0.500     4.697     6.685    -0.001     0.000     0.000     0.000     0.000     0.000     0.000     0.000     0.000
 122.2395833    23.000     5.600    -2.869    -0.326     0.000     0.000     0.000     0.000     0.000     0.000     0.000     0.000
 122.2395833    22.500     5.393    -2.659    -0.326     0.000     0.000     0.000     0.000     0.000     0.000     0.000     0.000
 122.2395833    22.000     5.186    -2.450    -0.326     0.000     0.000     0.000     0.000     0.000     0.000     0.000     0.000
 122.2395833    21.500     4.979    -2.240    -0.326     0.000     0.000     0.000     0.000     0.000     0.000     0.000     0.000
 122.2395833    21.000     4.772    -2.030    -0.326     0.000     0.000     0.000     0.000     0.000     0.000     0.000     0.000
 122.2395833    20.500     4.565    -1.820    -0.326     0.000     0.000     0.000     0.000     0.000     0.000     0.000     0.000
 122.2395833    20.000     4.357    -1.609    -0.326     0.000     0.000     0.000     0.000     0.000     0.000     0.000     0.000
 122.2395833    19.500     4.150    -1.398    -0.326     0.000     0.000     0.000     0.000     0.000     0.000     0.000     0.000
 122.2395833    19.000     3.942    -1.186    -0.326     0.000     0.000     0.000     0.000     0.000     0.000     0.000     0.000
 122.2395833    18.500     3.735    -0.975    -0.326     0.000     0.000     0.000     0.000     0.000     0.000     0.000     0.000
 122.2395833    18.000     3.527    -0.763    -0.326     0.000     0.000     0.000     0.000     0.000     0.000     0.000     0.000
 122.2395833    17.500     3.319    -0.550    -0.326     0.000     0.000     0.000     0.000     0.000     0.000     0.000     0.000
 122.2395833    17.000     3.111    -0.338    -0.326     0.000     0.000     0.000     0.000     0.000     0.000     0.000     0.000
 122.2395833    16.500     2.903    -0.125    -0.326     0.000     0.000     0.000     0.000     0.000     0.000     0.000     0.000
 122.2395833    16.000     2.695     0.088    -0.326     0.000     0.000     0.000     0.000     0.000     0.000     0.000     0.000
 122.2395833    15.500     2.487     0.302    -0.326     0.000     0.000     0.000     0.000     0.000     0.000     0.000     0.000
 122.2395833    15.000     2.279     0.515    -0.326     0.000     0.000     0.000     0.000     0.000     0.000     0.000     0.000
 122.2395833    14.500     2.071     0.729    -0.326     0.000     0.000     0.000     0.000     0.000     0.000     0.000     0.000
 122.2395833    14.000     1.863     0.944    -0.326     0.000     0.000     0.000     0.000     0.000     0.000     0.000     0.000
 122.2395833    13.500     1.655     1.158    -0.326     0.000     0.000     0.000     0.000     0.000     0.000     0.000     0.000
 122.2395833    13.000     1.448     1.373    -0.326     0.000     0.000     0.000     0.000     0.000     0.000     0.000     0.000
 122.2395833    12.500     1.240     1.588    -0.326     0.000     0.000     0.000     0.000     0.000     0.000     0.000     0.000
 122.2395833    12.000     1.032     1.803    -0.326     0.000     0.000     0.000     0.000     0.000     0.000     0.000     0.000
 122.2395833    11.500     0.825     2.018    -0.326     0.000     0.000     0.000     0.000     0.000     0.000     0.000     0.000
 122.2395833    11.000     0.617     2.234    -0.326     0.000     0.000     0.000     0.000     0.000     0.000     0.000     0.000
 122.2395833    10.500     0.410     2.450    -0.326     0.000     0.000     0.000     0.000     0.000     0.000     0.000     0.000
 122.2395833    10.000     0.203     2.666    -0.326     0.000     0.000     0.000     0.000     0.000     0.000   365.848   389.992
 122.2395833     9.500     2.448     2.836    -0.247     0.000     0.000     0.000     0.000     0.000     0.000   368.595   390.299
 122.2395833     9.000     5.053     2.990    -0.188     0.000     0.000     0.000     0.000     0.000     0.000   371.848   390.758
 122.2395833     8.500     7.265     3.139    -0.143     0.000     0.000     0.000     0.000     0.000     0.000   374.797   391.306
 122.2395833     8.000     8.950     3.287    -0.108     0.000     0.000     0.000     0.000     0.000     0.000   377.300   391.934
 122.2395833     7.500    10.119     3.437    -0.082     0.000     0.000     0.000     0.000     0.000     0.000   379.363   392.637
 122.2395833     7.000    10.828     3.589    -0.063     0.000     0.000     0.000     0.000     0.000     0.000   381.042   393.413
 122.2395833     6.500    11.151     3.745    -0.048     0.000     0.000     0.000     0.000     0.000     0.000   382.401   394.255
 122.2395833     6.000    11.161     3.905    -0.036     0.000     0.000     0.000     0.000     0.000     0.000   383.502   395.151
 122.2395833     5.500    10.925     4.070    -0.027     0.000     0.000     0.000     0.000     0.000     0.000   384.398   396.083
 122.2395833     5.000    10.505     4.240    -0.021     0.000     0.000     0.000     0.000     0.000     0.000   385.128   397.032
 122.2395833     4.500     9.959     4.415    -0.016     0.000     0.000     0.000     0.000     0.000     0.000   385.727   397.972
 122.2395833     4.000     9.339     4.596    -0.012     0.000     0.000     0.000     0.000     0.000     0.000   386.217   398.876
 122.2395833     3.500     8.690     4.781    -0.009     0.000     0.000     0.000     0.000     0.000     0.000   386.618   399.717
 122.2395833     3.000     8.051     4.972    -0.007     0.000     0.000     0.000     0.000     0.000     0.000   386.942   400.468
 122.2395833     2.500     7.453     5.167    -0.005     0.000     0.000     0.000     0.000     0.000     0.000   387.199   401.110
 122.2395833     2.000     6.917     5.366    -0.004     0.000     0.000     0.000     0.000     0.000     0.000   387.395   401.626
 122.2395833     1.500     6.458     5.568    -0.003     0.000     0.000     0.000     0.000     0.000     0.000   387.537   402.008
 122.2395833     1.000     6.080     5.773    -0.002     0.000     0.000     0.000     0.000     0.000     0.000   387.627   402.256
 122.2395833     0.500     5.782     5.978    -0.002     0.000     0.000     0.000     0.000     0.000     0.000     0.000     0.000
 122.2604167    23.000     1.351     3.572    -0.269     0.000     0.000     0.000     0.000     0.000     0.000     0.000     0.000
 122.2604167    22.500     1.272     3.630    -0.269     0.000     0.000     0.000     0.000     0.000     0.000     0.000     0.000
 122.2604167    22.000     1.193     3.687    -0.269     0.000     0.000     0.000     0.000     0.000     0.000     0.000     0.000
 122.2604167    21.500     1.114     3.745    -0.269     0.000     0.000     0.000     0.000     0.000     0.000     0.000     0.000
 122.2604167    21.000     1.035     3.802    -0.269     0.000     0.000     0.000     0.000     0.000     0.000     0.000     0.000
 122.2604167    20.500     0.956     3.860    -0.269     0.000     0.000     0.000     0.000     0.000     0.000     0.000     0.000
 122.2604167    20.000     0.877     3.918    -0.269     0.000     0.000     0.000     0.000     0.000     0.000     0.000     0.000
 122.2604167    19.500     0.798     3.976    -0.269     0.000     0.000     0.000     0.000     0.000     0.000     0.000     0.000
 122.2604167    19.000     0.719     4.034    -0.269     0.000     0.000     0.000     0.000     0.000     0.000     0.000     0.000
 122.2604167    18.500     0.641     4.092    -0.269     0.000     0.000     0.000     0.000     0.000     0.000     0.000     0.000
 122.2604167    18.000     0.562     4.151    -0.269     0.000     0.000     0.000     0.000     0.000     0.000     0.000     0.000
 122.2604167    17.500     0.483     4.209    -0.269     0.000     0.000     0.000     0.000     0.000     0.000     0.000     0.000
 122.2604167    17.000     0.405     4.268    -0.269     0.000     0.000     0.000     0.000     0.000     0.000     0.000     0.000
 122.2604167    16.500     0.326     4.326    -0.269     0.000     0.000     0.000     0.000     0.000     0.000     0.000     0.000
 122.2604167    16.000     0.247     4.385    -0.269     0.000     0.000     0.000     0.000     0.000     0.000     0.000     0.000
 122.2604167    15.500     0.169     4.444    -0.269     0.000     0.000     0.000     0.000     0.000     0.000     0.000     0.000
 122.2604167    15.000     0.091     4.503    -0.269     0.000     0.000     0.000     0.000     0.000     0.000     0.000     0.000
 122.2604167    14.500     0.012     4.562    -0.269     0.000     0.000     0.000     0.000     0.000     0.000     0.000     0.000
 122.2604167    14.000    -0.066     4.622    -0.269     0.000     0.000     0.000     0.000     0.000     0.000     0.000     0.000
 122.2604167    13.500    -0.144     4.681    -0.269     0.000     0.000     0.000     0.000     0.000     0.000     0.000     0.000
 122.2604167    13.000    -0.222     4.740    -0.269     0.000     0.000     0.000     0.000     0.000     0.000     0.000     0.000
 122.2604167    12.500    -0.300     4.800    -0.269     0.000     0.000     0.000     0.000     0.000     0.000     0.000     0.000
 122.2604167    12.000    -0.378     4.860    -0.269     0.000     0.000     0.000     0.000     0.000     0.000     0.000     0.000
 122.2604167    11.500    -0.455     4.920    -0.269     0.000     0.000     0.000     0.000     0.000     0.000     0.000     0.000
 122.2604167    11.000    -0.533     4.980    -0.269     0.000     0.000     0.000     0.000     0.000     0.000     0.000     0.000
 122.2604167    10.500    -0.610     5.040    -0.269     0.000     0.000     0.000     0.000     0.000     0.000     0.000     0.000
 122.2604167    10.000    -0.688     5.100    -0.269     0.000     0.000     0.000     0.000     0.000     0.000   366.358   388.330
 122.2604167     9.500     1.438     5.120    -0.204     0.000     0.000     0.000     0.000     0.000     0.000   368.837   388.633
 122.2604167     9.000     3.881     5.126    -0.155     0.000     0.000     0.000     0.000     0.000     0.000   371.774   389.087
 122.2604167     8.500     5.963     5.128    -0.118     0.000     0.000     0.000     0.000     0.000     0.000   374.439   389.633
 122.2604167     8.000     7.562     5.130    -0.089     0.000     0.000     0.000     0.000     0.000     0.000   376.702   390.260
 122.2604167     7.500     8.687     5.132    -0.068     0.000     0.000     0.000     0.000     0.000     0.000   378.570   390.965
 122.2604167     7.000     9.391     5.137    -0.052     0.000     0.000     0.000     0.000     0.000     0.000   380.092   391.744
 122.2604167     6.500     9.739     5.145    -0.039     0.000     0.000     0.000     0.000     0.000     0.000   381.327   392.590
 122.2604167     6.000     9.799     5.157    -0.030     0.000     0.000     0.000     0.000     0.000     0.000   382.331   393.491
 122.2604167     5.500     9.634     5.173    -0.023     0.000     0.000     0.000     0.000     0.000     0.000   383.151   394.430
 122.2604167     5.000     9.301     5.194    -0.017     0.000     0.000     0.000     0.000     0.000     0.000   383.822   395.385
 122.2604167     4.500     8.855     5.220    -0.013     0.000     0.000     0.000     0.000     0.000     0.000   384.374   396.332
 122.2604167     4.000     8.344     5.251    -0.010     0.000     0.000     0.000     0.000     0.000     0.000   384.829   397.241
 122.2604167     3.500     7.814     5.287    -0.007     0.000     0.000     0.000     0.000     0.000     0.000   385.202   398.087
 122.2604167     3.000     7.300     5.329    -0.006     0.000     0.000     0.000     0.000     0.000     0.000   385.506   398.843
 122.2604167     2.500     6.833     5.375    -0.004     0.000     0.000     0.000     0.000     0.000     0.000   385.747   399.487
 122.2604167     2.000     6.433     5.427    -0.003     0.000     0.000     0.000     0.000     0.000     0.000   385.933   400.006
 122.2604167     1.500     6.114     5.482    -0.002     0.000     0.000     0.000     0.000     0.000     0.000   386.068   400.390
 122.2604167     1.000     5.879     5.541    -0.002     0.000     0.000     0.000     0.000     0.000     0.000   386.154   400.639
 122.2604167     0.500     5.725     5.604    -0.001     0.000     0.000     0.000     0.000     0.000     0.000     0.000     0.000
 122.2812500    23.000     7.379    -0.914    -0.284     0.000     0.000     0.000     0.000     0.000     0.000     0.000     0.000
 122.2812500    22.500     7.243    -0.748    -0.284     0.000     0.000     0.000     0.000     0.000     0.000     0.000     0.000
 122.2812500    22.000     7.107    -0.583    -0.284     0.000     0.000     0.000     0.000     0.000     0.000     0.000     0.000
 122.2812500    21.500     6.972    -0.419    -0.284     0.000     0.000     0.000     0.000     0.000     0.000     0.000     0.000
 122.2812500    21.000     6.836    -0.256    -0.284     0.000     0.000     0.000     0.000     0.000     0.000     0.000     0.000
 122.2812500    20.500     6.702    -0.093    -0.284     0.000     0.000     0.000     0.000     0.000     0.000     0.000     0.000
 122.2812500    20.000     6.568     0.070    -0.284     0.000     0.000     0.000     0.000     0.000     0.000     0.000     0.000
 122.2812500    19.500     6.434     0.232    -0.284     0.000     0.000     0.000     0.000     0.000     0.000     0.000     0.000
 122.2812500    19.000     6.301     0.393    -0.284     0.000     0.000     0.000     0.000     0.000     0.000     0.000     0.000
 122.2812500    18.500     6.168     0.553    -0.284     0.000     0.000     0.000     0.000     0.000     0.000     0.000     0.000
 122.2812500    18.000     6.036     0.713    -0.284     0.000     0.000     0.000     0.000     0.000     0.000     0.000     0.000
 122.2812500    17.500     5.905     0.872    -0.284     0.000     0.000     0.000     0.000     0.000     0.000     0.000     0.000
 122.2812500    17.000     5.773     1.031    -0.284     0.000     0.000     0.000     0.000     0.000     0.000     0.000     0.000
 122.2812500    16.500     5.643     1.189    -0.284     0.000     0.000     0.000     0.000     0.000     0.000     0.000     0.000
 122.2812500    16.000     5.513     1.346    -0.284     0.000     0.000     0.000     0.000     0.000     0.000     0.000     0.000
 122.2812500    15.500     5.383     1.503    -0.284     0.000     0.000     0.000     0.000     0.000     0.000     0.000     0.000
 122.2812500    15.000     5.254     1.659    -0.284     0.000     0.000     0.000     0.000     0.000     0.000     0.000     0.000
 122.2812500    14.500     5.126     1.814    -0.284     0.000     0.000     0.000     0.000     0.000     0.000     0.000     0.000
 122.2812500    14.000     4.998     1.969    -0.284     0.000     0.000     0.000     0.000     0.000     0.000     0.000     0.000
 122.2812500    13.500     4.871     2.123    -0.284     0.000     0.000     0.000     0.000     0.000     0.000     0.000     0.000
 122.2812500    13.000     4.744     2.277    -0.284     0.000     0.000     0.000     0.000     0.000     0.000     0.000     0.000
 122.2812500    12.500     4.618     2.429    -0.284     0.000     0.000     0.000     0.000     0.000     0.000     0.000     0.000
 122.2812500    12.000     4.493     2.582    -0.284     0.000     0.000     0.000     0.000     0.000     0.000     0.000     0.000
 122.2812500    11.500     4.368     2.733    -0.284     0.000     0.000     0.000     0.000     0.000     0.000     0.000     0.000
 122.2812500    11.000     4.244     2.884    -0.284     0.000     0.000     0.000     0.000     0.000     0.000     0.000     0.000
 122.2812500    10.500     4.121     3.034    -0.284     0.000     0.000     0.000     0.000     0.000     0.000     0.000     0.000
 122.2812500    10.000     3.998     3.183    -0.284     0.000     0.000     0.000     0.000     0.000     0.000   369.559   387.224
 122.2812500     9.500     5.563     3.296    -0.216     0.000     0.000     0.000     0.000     0.000     0.000   371.515   387.510
 122.2812500     9.000     7.353     3.394    -0.164     0.000     0.000     0.000     0.000     0.000     0.000   373.834   387.942
 122.2812500     8.500     8.841     3.488    -0.125     0.000     0.000     0.000     0.000     0.000     0.000   375.941   388.466
 122.2812500     8.000     9.934     3.580    -0.095     0.000     0.000     0.000     0.000     0.000     0.000   377.733   389.072
 122.2812500     7.500    10.637     3.672    -0.072     0.000     0.000     0.000     0.000     0.000     0.000   379.216   389.758
 122.2812500     7.000    10.994     3.765    -0.055     0.000     0.000     0.000     0.000     0.000     0.000   380.429   390.520
 122.2812500     6.500    11.058     3.859    -0.042     0.000     0.000     0.000     0.000     0.000     0.000   381.418   391.350
 122.2812500     6.000    10.885     3.955    -0.032     0.000     0.000     0.000     0.000     0.000     0.000   382.225   392.237
 122.2812500     5.500    10.525     4.054    -0.024     0.000     0.000     0.000     0.000     0.000     0.000   382.888   393.164
 122.2812500     5.000    10.031     4.156    -0.018     0.000     0.000     0.000     0.000     0.000     0.000   383.435   394.108
 122.2812500     4.500     9.450     4.260    -0.014     0.000     0.000     0.000     0.000     0.000     0.000   383.889   395.046
 122.2812500     4.000     8.826     4.367    -0.011     0.000     0.000     0.000     0.000     0.000     0.000   384.266   395.947
 122.2812500     3.500     8.200     4.477    -0.008     0.000     0.000     0.000     0.000     0.000     0.000   384.578   396.786
 122.2812500     3.000     7.604     4.590    -0.006     0.000     0.000     0.000     0.000     0.000     0.000   384.834   397.536
 122.2812500     2.500     7.067     4.705    -0.005     0.000     0.000     0.000     0.000     0.000     0.000   385.040   398.177
 122.2812500     2.000     6.607     4.823    -0.004     0.000     0.000     0.000     0.000     0.000     0.000   385.199   398.692
 122.2812500     1.500     6.235     4.943    -0.003     0.000     0.000     0.000     0.000     0.000     0.000   385.314   399.074
 122.2812500     1.000     5.956     5.065    -0.002     0.000     0.000     0.000     0.000     0.000     0.000   385.389   399.321
 122.2812500     0.500     5.764     5.188    -0.002     0.000     0.000     0.000     0.000     0.000     0.000     0.000     0.000
 122.3020833    23.000     5.385     4.299    -0.147     0.000     0.000     0.000     0.000     0.000     0.000     0.000     0.000
 122.3020833    22.500     5.225     4.510    -0.147     0.000     0.000     0.000     0.000     0.000     0.000     0.000     0.000
 122.3020833    22.000     5.064     4.721    -0.147     0.000     0.000     0.000     0.000     0.000     0.000     0.000     0.000
 122.3020833    21.500     4.903     4.934    -0.147     0.000     0.000     0.000     0.000     0.000     0.000     0.000     0.000
 122.3020833    21.000     4.741     5.148    -0.147     0.000     0.000     0.000     0.000     0.000     0.000     0.000     0.000
 122.3020833    20.500     4.579     5.363    -0.147     0.000     0.000     0.000     0.000     0.000     0.000     0.000     0.000
 122.3020833    20.000     4.416     5.579    -0.147     0.000     0.000     0.000     0.000     0.000     0.000     0.000     0.000
 122.3020833    19.500     4.254     5.797    -0.147     0.000     0.000     0.000     0.000     0.000     0.000     0.000     0.000
 122.3020833    19.000     4.090     6.016    -0.147     0.000     0.000     0.000     0.000     0.000     0.000     0.000     0.000
 122.3020833    18.500     3.926     6.236    -0.147     0.000     0.000     0.000     0.000     0.000     0.000     0.000     0.000
 122.3020833    18.000     3.762     6.457    -0.147     0.000     0.000     0.000     0.000     0.000     0.000     0.000     0.000
 122.3020833    17.500     3.598     6.679    -0.147     0.000     0.000     0.000     0.000     0.000     0.000     0.000     0.000
 122.3020833    17.000     3.433     6.903    -0.147     0.000     0.000     0.000     0.000     0.000     0.000     0.000     0.000
 122.3020833    16.500     3.267     7.129    -0.147     0.000     0.000     0.000     0.000     0.000     0.000     0.000     0.000
 122.3020833    16.000     3.101     7.355    -0.147     0.000     0.000     0.000     0.000     0.000     0.000     0.000     0.000
 122.3020833    15.500     2.935     7.583    -0.147     0.000     0.000     0.000     0.000     0.000     0.000     0.000     0.000
 122.3020833    15.000     2.768     7.813    -0.147     0.000     0.000     0.000     0.000     0.000     0.000     0.000     0.000
 122.3020833    14.500     2.600     8.043    -0.147     0.000     0.000     0.000     0.000     0.000     0.000     0.000     0.000
 122.3020833    14.000     2.432     8.276    -0.147     0.000     0.000     0.000     0.000     0.000     0.000     0.000     0.000
 122.3020833    13.500     2.264     8.510    -0.147     0.000     0.000     0.000     0.000     0.000     0.000     0.000     0.000
 122.3020833    13.000     2.095     8.745    -0.147     0.000     0.000     0.000     0.000     0.000     0.000     0.000     0.000
 122.3020833    12.500     1.925     8.982    -0.147     0.000     0.000     0.000     0.000     0.000     0.000     0.000     0.000
 122.3020833    12.000     1.755     9.221    -0.147     0.000     0.000     0.000     0.000     0.000     0.000     0.000     0.000
 122.3020833    11.500     1.584     9.461    -0.147     0.000     0.000     0.000     0.000     0.000     0.000     0.000     0.000
 122.3020833    11.000     1.413     9.703    -0.147     0.000     0.000     0.000     0.000     0.000     0.000     0.000     0.000
 122.3020833    10.500     1.241     9.947    -0.147     0.000     0.000     0.000     0.000     0.000     0.000     0.000     0.000
 122.3020833    10.000     1.068    10.193    -0.147     0.000     0.000     0.000     0.000     0.000     0.000   370.766   384.260
 122.3020833     9.500     2.803     9.604    -0.112     0.000     0.000     0.000     0.000     0.000     0.000   372.181   384.570
 122.3020833     9.000     4.864     8.781    -0.085     0.000     0.000     0.000     0.000     0.000     0.000   373.863   385.041
 122.3020833     8.500     6.686     7.940    -0.065     0.000     0.000     0.000     0.000     0.000     0.000   375.398   385.620
 122.3020833     8.000     8.146     7.141    -0.049     0.000     0.000     0.000     0.000     0.000     0.000   376.711   386.298
 122.3020833     7.500     9.223     6.414    -0.037     0.000     0.000     0.000     0.000     0.000     0.000   377.806   387.072
 122.3020833     7.000     9.940     5.771    -0.029     0.000     0.000     0.000     0.000     0.000     0.000   378.711   387.937
 122.3020833     6.500    10.333     5.219    -0.022     0.000     0.000     0.000     0.000     0.000     0.000   379.459   388.883
 122.3020833     6.000    10.450     4.759    -0.017     0.000     0.000     0.000     0.000     0.000     0.000   380.082   389.894
 122.3020833     5.500    10.344     4.383    -0.013     0.000     0.000     0.000     0.000     0.000     0.000   380.605   390.951
 122.3020833     5.000    10.073     4.074    -0.010     0.000     0.000     0.000     0.000     0.000     0.000   381.046   392.029
 122.3020833     4.500     9.686     3.832    -0.007     0.000     0.000     0.000     0.000     0.000     0.000   381.420   393.098
 122.3020833     4.000     9.215     3.665    -0.006     0.000     0.000     0.000     0.000     0.000     0.000   381.738   394.127
 122.3020833     3.500     8.704     3.573    -0.004     0.000     0.000     0.000     0.000     0.000     0.000   382.009   395.083
 122.3020833     3.000     8.189     3.551    -0.003     0.000     0.000     0.000     0.000     0.000     0.000   382.237   395.937
 122.3020833     2.500     7.703     3.594    -0.002     0.000     0.000     0.000     0.000     0.000     0.000   382.424   396.665
 122.3020833     2.000     7.268     3.696    -0.002     0.000     0.000     0.000     0.000     0.000     0.000   382.571   397.250
 122.3020833     1.500     6.900     3.854    -0.001     0.000     0.000     0.000     0.000     0.000     0.000   382.680   397.683
 122.3020833     1.000     6.606     4.059    -0.001     0.000     0.000     0.000     0.000     0.000     0.000   382.751   397.963
 122.3020833     0.500     6.386     4.305    -0.001     0.000     0.000     0.000     0.000     0.000     0.000     0.000     0.000
 122.3229167    23.000     1.017    13.660    -0.158     0.000     0.000     0.000     0.000     0.000     0.000     0.000     0.000
 122.3229167    22.500     0.976    13.665    -0.158     0.000     0.000     0.000     0.000     0.000     0.000     0.000     0.000
 122.3229167    22.000     0.935    13.671    -0.158     0.000     0.000     0.000     0.000     0.000     0.000     0.000     0.000
 122.3229167    21.500     0.893    13.676    -0.158     0.000     0.000     0.000     0.000     0.000     0.000     0.000     0.000
 122.3229167    21.000     0.851    13.682    -0.158     0.000     0.000     0.000     0.000     0.000     0.000     0.000     0.000
 122.3229167    20.500     0.809    13.687    -0.158     0.000     0.000     0.000     0.000     0.000     0.000     0.000     0.000
 122.3229167    20.000     0.767    13.692    -0.158     0.000     0.000     0.000     0.000     0.000     0.000     0.000     0.000
 122.3229167    19.500     0.725    13.697    -0.158     0.000     0.000     0.000     0.000     0.000     0.000     0.000     0.000
 122.3229167    19.000     0.682    13.702    -0.158     0.000     0.000     0.000     0.000     0.000     0.000     0.000     0.000
 122.3229167    18.500     0.639    13.707    -0.158     0.000     0.000     0.000     0.000     0.000     0.000     0.000     0.000
 122.3229167    18.000     0.596    13.712    -0.158     0.000     0.000     0.000     0.000     0.000     0.000     0.000     0.000
 122.3229167    17.500     0.553    13.717    -0.158     0.000     0.000     0.000     0.000     0.000     0.000     0.000     0.000
 122.3229167    17.000     0.509    13.722    -0.158     0.000     0.000     0.000     0.000     0.000     0.000     0.000     0.000
 122.3229167    16.500     0.465    13.726    -0.158     0.000     0.000     0.000     0.000     0.000     0.000     0.000     0.000
 122.3229167    16.000     0.421    13.731    -0.158     0.000     0.000     0.000     0.000     0.000     0.000     0.000     0.000
 122.3229167    15.500     0.377    13.735    -0.158     0.000     0.000     0.000     0.000     0.000     0.000     0.000     0.000
 122.3229167    15.000     0.332    13.740    -0.158     0.000     0.000     0.000     0.000     0.000     0.000     0.000     0.000
 122.3229167    14.500     0.287    13.744    -0.158     0.000     0.000     0.000     0.000     0.000     0.000     0.000     0.000
 122.3229167    14.000     0.242    13.748    -0.158     0.000     0.000     0.000     0.000     0.000     0.000     0.000     0.000
 122.3229167    13.500     0.197    13.752    -0.158     0.000     0.000     0.000     0.000     0.000     0.000     0.000     0.000
 122.3229167    13.000     0.151    13.756    -0.158     0.000     0.000     0.000     0.000     0.000     0.000     0.000     0.000
 122.3229167    12.500     0.106    13.760    -0.158     0.000     0.000     0.000     0.000     0.000     0.000     0.000     0.000
 122.3229167    12.000     0.059    13.764    -0.158     0.000     0.000     0.000     0.000     0.000     0.000     0.000     0.000
 122.3229167    11.500     0.013    13.767    -0.158     0.000     0.000     0.000     0.000     0.000     0.000     0.000     0.000
 122.3229167    11.000    -0.034    13.770    -0.158     0.000     0.000     0.000     0.000     0.000     0.000     0.000     0.000
 122.3229167    10.500    -0.081    13.774    -0.158     0.000     0.000     0.000     0.000     0.000     0.000     0.000     0.000
 122.3229167    10.000    -0.128    13.777    -0.158     0.000     0.000     0.000     0.000     0.000     0.000   369.423   382.974
 122.3229167     9.500     1.652    13.062    -0.120     0.000     0.000     0.000     0.000     0.000     0.000   370.848   383.280
 122.3229167     9.000     3.735    12.146    -0.091     0.000     0.000     0.000     0.000     0.000     0.000   372.540   383.747
 122.3229167     8.500     5.578    11.211    -0.070     0.000     0.000     0.000     0.000     0.000     0.000   374.083   384.323
 122.3229167     8.000     7.061    10.310    -0.053     0.000     0.000     0.000     0.000     0.000     0.000   375.401   384.999
 122.3229167     7.500     8.169     9.468    -0.040     0.000     0.000     0.000     0.000     0.000     0.000   376.500   385.771
 122.3229167     7.000     8.924     8.696    -0.031     0.000     0.000     0.000     0.000     0.000     0.000   377.407   386.634
 122.3229167     6.500     9.365     7.999    -0.023     0.000     0.000     0.000     0.000     0.000     0.000   378.157   387.578
 122.3229167     6.000     9.537     7.377    -0.018     0.000     0.000     0.000     0.000     0.000     0.000   378.780   388.589
 122.3229167     5.500     9.489     6.830    -0.013     0.000     0.000     0.000     0.000     0.000     0.000   379.303   389.645
 122.3229167     5.000     9.296     6.321    -0.010     0.000     0.000     0.000     0.000     0.000     0.000   379.742   390.724
 122.3229167     4.500     8.981     5.876    -0.008     0.000     0.000     0.000     0.000     0.000     0.000   380.115   391.794
 122.3229167     4.000     8.587     5.495    -0.006     0.000     0.000     0.000     0.000     0.000     0.000   380.433   392.824
 122.3229167     3.500     8.157     5.176    -0.004     0.000     0.000     0.000     0.000     0.000     0.000   380.703   393.781
 122.3229167     3.000     7.728     4.914    -0.003     0.000     0.000     0.000     0.000     0.000     0.000   380.930   394.637
 122.3229167     2.500     7.330     4.707    -0.003     0.000     0.000     0.000     0.000     0.000     0.000   381.116   395.366
 122.3229167     2.000     6.987     4.549    -0.002     0.000     0.000     0.000     0.000     0.000     0.000   381.263   395.951
 122.3229167     1.500     6.713     4.436    -0.001     0.000     0.000     0.000     0.000     0.000     0.000   381.372   396.385
 122.3229167     1.000     6.514     4.362    -0.001     0.000     0.000     0.000     0.000     0.000     0.000   381.442   396.665
 122.3229167     0.500     6.389     4.322    -0.001     0.000     0.000     0.000     0.000     0.000     0.000     0.000     0.000
 122.3437500    23.000    -2.617    11.784    -0.157     0.000     0.000     0.000     0.000     0.000     0.000     0.000     0.000
 122.3437500    22.500    -2.615    11.811    -0.157     0.000     0.000     0.000     0.000     0.000     0.000     0.000     0.000
 122.3437500    22.000    -2.612    11.839    -0.157     0.000     0.000     0.000     0.000     0.000     0.000     0.000     0.000
 122.3437500    21.500    -2.609    11.866    -0.157     0.000     0.000     0.000     0.000     0.000     0.000     0.000     0.000
 122.3437500    21.000    -2.607    11.893    -0.157     0.000     0.000     0.000     0.000     0.000     0.000     0.000     0.000
 122.3437500    20.500    -2.605    11.921    -0.157     0.000     0.000     0.000     0.000     0.000     0.000     0.000     0.000
 122.3437500    20.000    -2.602    11.948    -0.157     0.000     0.000     0.000     0.000     0.000     0.000     0.000     0.000
 122.3437500    19.500    -2.600    11.976    -0.157     0.000     0.000     0.000     0.000     0.000     0.000     0.000     0.000
 122.3437500    19.000    -2.599    12.003    -0.157     0.000     0.000     0.000     0.000     0.000     0.000     0.000     0.000
 122.3437500    18.500    -2.597    12.031    -0.157     0.000     0.000     0.000     0.000     0.000     0.000     0.000     0.000
 122.3437500    18.000    -2.595    12.058    -0.157     0.000     0.000     0.000     0.000     0.000     0.000     0.000     0.000
 122.3437500    17.500    -2.594    12.085    -0.157     0.000     0.000     0.000     0.000     0.000     0.000     0.000     0.000
 122.3437500    17.000    -2.593    12.112    -0.157     0.000     0.000     0.000     0.000     0.000     0.000     0.000     0.000
 122.3437500    16.500    -2.592    12.140    -0.157     0.000     0.000     0.000     0.000     0.000     0.000     0.000     0.000
 122.3437500    16.000    -2.591    12.167    -0.157     0.000     0.000     0.000     0.000     0.000     0.000     0.000     0.000
 122.3437500    15.500    -2.590    12.194    -0.157     0.000     0.000     0.000     0.000     0.000     0.000     0.000     0.000
 122.3437500    15.000    -2.590    12.221    -0.157     0.000     0.000     0.000     0.000     0.000     0.000     0.000     0.000
 122.3437500    14.500    -2.590    12.248    -0.157     0.000     0.000     0.000     0.000     0.000     0.000     0.000     0.000
 122.3437500    14.000    -2.590    12.276    -0.157     0.000     0.000     0.000     0.000     0.000     0.000     0.000     0.000
 122.3437500    13.500    -2.590    12.303    -0.157     0.000     0.000     0.000     0.000     0.000     0.000     0.000     0.000
 122.3437500    13.000    -2.590    12.330    -0.157     0.000     0.000     0.000     0.000     0.000     0.000     0.000     0.000
 122.3437500    12.500    -2.591    12.357    -0.157     0.000     0.000     0.000     0.000     0.000     0.000     0.000     0.000
 122.3437500    12.000    -2.592    12.384    -0.157     0.000     0.000     0.000     0.000     0.000     0.000     0.000     0.000
 122.3437500    11.500    -2.593    12.411    -0.157     0.000     0.000     0.000     0.000     0.000     0.000     0.000     0.000
 122.3437500    11.000    -2.594    12.437    -0.157     0.000     0.000     0.000     0.000     0.000     0.000     0.000     0.000
 122.3437500    10.500    -2.595    12.464    -0.157     0.000     0.000     0.000     0.000     0.000     0.000     0.000     0.000
 122.3437500    10.000    -2.597    12.491    -0.157     0.000     0.000     0.000     0.000     0.000     0.000   368.146   382.585
 122.3437500     9.500    -0.669    11.837    -0.119     0.000     0.000     0.000     0.000     0.000     0.000   369.692   382.879
 122.3437500     9.000     1.583    10.992    -0.090     0.000     0.000     0.000     0.000     0.000     0.000   371.526   383.329
 122.3437500     8.500     3.585    10.129    -0.068     0.000     0.000     0.000     0.000     0.000     0.000   373.195   383.881
 122.3437500     8.000     5.214     9.299    -0.052     0.000     0.000     0.000     0.000     0.000     0.000   374.619   384.527
 122.3437500     7.500     6.456     8.525    -0.039     0.000     0.000     0.000     0.000     0.000     0.000   375.802   385.264
 122.3437500     7.000     7.335     7.818    -0.030     0.000     0.000     0.000     0.000     0.000     0.000   376.776   386.086
 122.3437500     6.500     7.894     7.182    -0.023     0.000     0.000     0.000     0.000     0.000     0.000   377.578   386.985
 122.3437500     6.000     8.179     6.619    -0.017     0.000     0.000     0.000     0.000     0.000     0.000   378.241   387.946
 122.3437500     5.500     8.241     6.126    -0.013     0.000     0.000     0.000     0.000     0.000     0.000   378.793   388.950
 122.3437500     5.000     8.152     5.673    -0.010     0.000     0.000     0.000     0.000     0.000     0.000   379.255   389.974
 122.3437500     4.500     7.939     5.279    -0.007     0.000     0.000     0.000     0.000     0.000     0.000   379.645   390.990
 122.3437500     4.000     7.646     4.946    -0.006     0.000     0.000     0.000     0.000     0.000     0.000   379.975   391.966
 122.3437500     3.500     7.312     4.670    -0.004     0.000     0.000     0.000     0.000     0.000     0.000   380.254   392.873
 122.3437500     3.000     6.974     4.450    -0.003     0.000     0.000     0.000     0.000     0.000     0.000   380.486   393.683
 122.3437500     2.500     6.662     4.280    -0.002     0.000     0.000     0.000     0.000     0.000     0.000   380.677   394.374
 122.3437500     2.000     6.398     4.158    -0.002     0.000     0.000     0.000     0.000     0.000     0.000   380.826   394.928
 122.3437500     1.500     6.197     4.078    -0.001     0.000     0.000     0.000     0.000     0.000     0.000   380.937   395.338
 122.3437500     1.000     6.065     4.035    -0.001     0.000     0.000     0.000     0.000     0.000     0.000   381.008   395.604
 122.3437500     0.500     6.000     4.024    -0.001     0.000     0.000     0.000     0.000     0.000     0.000     0.000     0.000
 122.3645833    23.000    -3.719    11.015    -0.144     0.000     0.000     0.000     0.000     0.000     0.000     0.000     0.000
 122.3645833    22.500    -3.726    11.043    -0.144     0.000     0.000     0.000     0.000     0.000     0.000     0.000     0.000
 122.3645833    22.000    -3.733    11.070    -0.144     0.000     0.000     0.000     0.000     0.000     0.000     0.000     0.000
 122.3645833    21.500    -3.739    11.097    -0.144     0.000     0.000     0.000     0.000     0.000     0.000     0.000     0.000
 122.3645833    21.000    -3.746    11.124    -0.144     0.000     0.000     0.000     0.000     0.000     0.000     0.000     0.000
 122.3645833    20.500    -3.752    11.151    -0.144     0.000     0.000     0.000     0.000     0.000     0.000     0.000     0.000
 122.3645833    20.000    -3.758    11.178    -0.144     0.000     0.000     0.000     0.000     0.000     0.000     0.000     0.000
 122.3645833    19.500    -3.765    11.205    -0.144     0.000     0.000     0.000     0.000     0.000     0.000     0.000     0.000
 122.3645833    19.000    -3.771    11.232    -0.144     0.000     0.000     0.000     0.000     0.000     0.000     0.000     0.000
 122.3645833    18.500    -3.777    11.259    -0.144     0.000     0.000     0.000     0.000     0.000     0.000     0.000     0.000
 122.3645833    18.000    -3.783    11.286    -0.144     0.000     0.000     0.000     0.000     0.000     0.000     0.000     0.000
 122.3645833    17.500    -3.789    11.313    -0.144     0.000     0.000     0.000     0.000     0.000     0.000     0.000     0.000
 122.3645833    17.000    -3.795    11.340    -0.144     0.000     0.000     0.000     0.000     0.000     0.000     0.000     0.000
 122.3645833    16.500    -3.801    11.368    -0.144     0.000     0.000     0.000     0.000     0.000     0.000     0.000     0.000
 122.3645833    16.000    -3.807    11.395    -0.144     0.000     0.000     0.000     0.000     0.000     0.000     0.000     0.000
 122.3645833    15.500    -3.813    11.422    -0.144     0.000     0.000     0.000     0.000     0.000     0.000     0.000     0.000
 122.3645833    15.000    -3.819    11.449    -0.144     0.000     0.000     0.000     0.000     0.000     0.000     0.000     0.000
 122.3645833    14.500    -3.824    11.476    -0.144     0.000     0.000     0.000     0.000     0.000     0.000     0.000     0.000
 122.3645833    14.000    -3.830    11.503    -0.144     0.000     0.000     0.000     0.000     0.000     0.000     0.000     0.000
 122.3645833    13.500    -3.836    11.531    -0.144     0.000     0.000     0.000     0.000     0.000     0.000     0.000     0.000
 122.3645833    13.000    -3.841    11.558    -0.144     0.000     0.000     0.000     0.000     0.000     0.000     0.000     0.000
 122.3645833    12.500    -3.847    11.585    -0.144     0.000     0.000     0.000     0.000     0.000     0.000     0.000     0.000
 122.3645833    12.000    -3.853    11.612    -0.144     0.000     0.000     0.000     0.000     0.000     0.000     0.000     0.000
 122.3645833    11.500    -3.858    11.639    -0.144     0.000     0.000     0.000     0.000     0.000     0.000     0.000     0.000
 122.3645833    11.000    -3.864    11.667    -0.144     0.000     0.000     0.000     0.000     0.000     0.000     0.000     0.000
 122.3645833    10.500    -3.869    11.694    -0.144     0.000     0.000     0.000     0.000     0.000     0.000     0.000     0.000
 122.3645833    10.000    -3.874    11.721    -0.144     0.000     0.000     0.000     0.000     0.000     0.000   367.250   382.433
 122.3645833     9.500    -1.877    11.106    -0.109     0.000     0.000     0.000     0.000     0.000     0.000   368.896   382.718
 122.3645833     9.000     0.458    10.312    -0.083     0.000     0.000     0.000     0.000     0.000     0.000   370.850   383.152
 122.3645833     8.500     2.536     9.501    -0.062     0.000     0.000     0.000     0.000     0.000     0.000   372.626   383.683
 122.3645833     8.000     4.233     8.721    -0.047     0.000     0.000     0.000     0.000     0.000     0.000   374.140   384.301
 122.3645833     7.500     5.535     7.993    -0.036     0.000     0.000     0.000     0.000     0.000     0.000   375.397   385.004
 122.3645833     7.000     6.470     7.328    -0.027     0.000     0.000     0.000     0.000     0.000     0.000   376.429   385.787
 122.3645833     6.500     7.081     6.730    -0.021     0.000     0.000     0.000     0.000     0.000     0.000   377.275   386.642
 122.3645833     6.000     7.417     6.201    -0.016     0.000     0.000     0.000     0.000     0.000     0.000   377.973   387.554
 122.3645833     5.500     7.530     5.738    -0.012     0.000     0.000     0.000     0.000     0.000     0.000   378.553   388.504
 122.3645833     5.000     7.488     5.317    -0.009     0.000     0.000     0.000     0.000     0.000     0.000   379.036   389.473
 122.3645833     4.500     7.323     4.949    -0.007     0.000     0.000     0.000     0.000     0.000     0.000   379.442   390.432
 122.3645833     4.000     7.075     4.638    -0.005     0.000     0.000     0.000     0.000     0.000     0.000   379.783   391.354
 122.3645833     3.500     6.785     4.381    -0.004     0.000     0.000     0.000     0.000     0.000     0.000   380.070   392.209
 122.3645833     3.000     6.487     4.176    -0.003     0.000     0.000     0.000     0.000     0.000     0.000   380.308   392.973
 122.3645833     2.500     6.210     4.020    -0.002     0.000     0.000     0.000     0.000     0.000     0.000   380.503   393.623
 122.3645833     2.000     5.975     3.908    -0.002     0.000     0.000     0.000     0.000     0.000     0.000   380.655   394.145
 122.3645833     1.500     5.796     3.835    -0.001     0.000     0.000     0.000     0.000     0.000     0.000   380.767   394.530
 122.3645833     1.000     5.679     3.798    -0.001     0.000     0.000     0.000     0.000     0.000     0.000   380.839   394.780
 122.3645833     0.500     5.622     3.791    -0.001     0.000     0.000     0.000     0.000     0.000     0.000     0.000     0.000
 122.3854167    23.000    -2.929    10.815    -0.126     0.000     0.000     0.000     0.000     0.000     0.000     0.000     0.000
 122.3854167    22.500    -2.926    10.829    -0.126     0.000     0.000     0.000     0.000     0.000     0.000     0.000     0.000
 122.3854167    22.000    -2.923    10.842    -0.126     0.000     0.000     0.000     0.000     0.000     0.000     0.000     0.000
 122.3854167    21.500    -2.920    10.855    -0.126     0.000     0.000     0.000     0.000     0.000     0.000     0.000     0.000
 122.3854167    21.000    -2.917    10.869    -0.126     0.000     0.000     0.000     0.000     0.000     0.000     0.000     0.000
 122.3854167    20.500    -2.915    10.882    -0.126     0.000     0.000     0.000     0.000     0.000     0.000     0.000     0.000
 122.3854167    20.000    -2.913    10.896    -0.126     0.000     0.000     0.000     0.000     0.000     0.000     0.000     0.000
 122.3854167    19.500    -2.912    10.909    -0.126     0.000     0.000     0.000     0.000     0.000     0.000     0.000     0.000
 122.3854167    19.000    -2.910    10.923    -0.126     0.000     0.000     0.000     0.000     0.000     0.000     0.000     0.000
 122.3854167    18.500    -2.909    10.937    -0.126     0.000     0.000     0.000     0.000     0.000     0.000     0.000     0.000
 122.3854167    18.000    -2.909    10.951    -0.126     0.000     0.000     0.000     0.000     0.000     0.000     0.000     0.000
 122.3854167    17.500    -2.908    10.965    -0.126     0.000     0.000     0.000     0.000     0.000     0.000     0.000     0.000
 122.3854167    17.000    -2.908    10.979    -0.126     0.000     0.000     0.000     0.000     0.000     0.000     0.000     0.000
 122.3854167    16.500    -2.909    10.993    -0.126     0.000     0.000     0.000     0.000     0.000     0.000     0.000     0.000
 122.3854167    16.000    -2.909    11.007    -0.126     0.000     0.000     0.000     0.000     0.000     0.000     0.000     0.000
 122.3854167    15.500    -2.910    11.021    -0.126     0.000     0.000     0.000     0.000     0.000     0.000     0.000     0.000
 122.3854167    15.000    -2.912    11.036    -0.126     0.000     0.000     0.000     0.000     0.000     0.000     0.000     0.000
 122.3854167    14.500    -2.913    11.050    -0.126     0.000     0.000     0.000     0.000     0.000     0.000     0.000     0.000
 122.3854167    14.000    -2.915    11.064    -0.126     0.000     0.000     0.000     0.000     0.000     0.000     0.000     0.000
 122.3854167    13.500    -2.918    11.079    -0.126     0.000     0.000     0.000     0.000     0.000     0.000     0.000     0.000
 122.3854167    13.000    -2.920    11.093    -0.126     0.000     0.000     0.000     0.000     0.000     0.000     0.000     0.000
 122.3854167    12.500    -2.923    11.108    -0.126     0.000     0.000     0.000     0.000     0.000     0.000     0.000     0.000
 122.3854167    12.000    -2.927    11.123    -0.126     0.000     0.000     0.000     0.000     0.000     0.000     0.000     0.000
 122.3854167    11.500    -2.931    11.137    -0.126     0.000     0.000     0.000     0.000     0.000     0.000     0.000     0.000
 122.3854167    11.000    -2.935    11.152    -0.126     0.000     0.000     0.000     0.000     0.000     0.000     0.000     0.000
 122.3854167    10.500    -2.940    11.167    -0.126     0.000     0.000     0.000     0.000     0.000     0.000     0.000     0.000
 122.3854167    10.000    -2.945    11.182    -0.126     0.000     0.000     0.000     0.000     0.000     0.000   368.203   382.249
 122.3854167     9.500    -1.118    10.601    -0.095     0.000     0.000     0.000     0.000     0.000     0.000   369.716   382.524
 122.3854167     9.000     1.013     9.852    -0.072     0.000     0.000     0.000     0.000     0.000     0.000   371.512   382.942
 122.3854167     8.500     2.904     9.088    -0.055     0.000     0.000     0.000     0.000     0.000     0.000   373.147   383.454
 122.3854167     8.000     4.443     8.352    -0.041     0.000     0.000     0.000     0.000     0.000     0.000   374.543   384.051
 122.3854167     7.500     5.615     7.665    -0.031     0.000     0.000     0.000     0.000     0.000     0.000   375.702   384.729
 122.3854167     7.000     6.448     7.037    -0.024     0.000     0.000     0.000     0.000     0.000     0.000   376.656   385.484
 122.3854167     6.500     6.980     6.471    -0.018     0.000     0.000     0.000     0.000     0.000     0.000   377.441   386.306
 122.3854167     6.000     7.259     5.968    -0.014     0.000     0.000     0.000     0.000     0.000     0.000   378.090   387.183
 122.3854167     5.500     7.332     5.527    -0.010     0.000     0.000     0.000     0.000     0.000     0.000   378.630   388.097
 122.3854167     5.000     7.262     5.123    -0.008     0.000     0.000     0.000     0.000     0.000     0.000   379.082   389.027
 122.3854167     4.500     7.081     4.769    -0.006     0.000     0.000     0.000     0.000     0.000     0.000   379.462   389.948
 122.3854167     4.000     6.825     4.469    -0.004     0.000     0.000     0.000     0.000     0.000     0.000   379.784   390.832
 122.3854167     3.500     6.532     4.219    -0.003     0.000     0.000     0.000     0.000     0.000     0.000   380.055   391.652
 122.3854167     3.000     6.235     4.018    -0.003     0.000     0.000     0.000     0.000     0.000     0.000   380.281   392.383
 122.3854167     2.500     5.961     3.863    -0.002     0.000     0.000     0.000     0.000     0.000     0.000   380.466   393.005
 122.3854167     2.000     5.729     3.750    -0.001     0.000     0.000     0.000     0.000     0.000     0.000   380.611   393.504
 122.3854167     1.500     5.552     3.674    -0.001     0.000     0.000     0.000     0.000     0.000     0.000   380.718   393.873
 122.3854167     1.000     5.436     3.632    -0.001     0.000     0.000     0.000     0.000     0.000     0.000   380.788   394.111
 122.3854167     0.500     5.378     3.619    -0.001     0.000     0.000     0.000     0.000     0.000     0.000     0.000     0.000
 122.4062500    23.000   -10.603    11.948    -0.145     0.000     0.000     0.000     0.000     0.000     0.000     0.000     0.000
 122.4062500    22.500   -10.596    11.932    -0.145     0.000     0.000     0.000     0.000     0.000     0.000     0.000     0.000
 122.4062500    22.000   -10.590    11.916    -0.145     0.000     0.000     0.000     0.000     0.000     0.000     0.000     0.000
 122.4062500    21.500   -10.584    11.900    -0.145     0.000     0.000     0.000     0.000     0.000     0.000     0.000     0.000
 122.4062500    21.000   -10.578    11.885    -0.145     0.000     0.000     0.000     0.000     0.000     0.000     0.000     0.000
 122.4062500    20.500   -10.572    11.869    -0.145     0.000     0.000     0.000     0.000     0.000     0.000     0.000     0.000
 122.4062500    20.000   -10.567    11.853    -0.145     0.000     0.000     0.000     0.000     0.000     0.000     0.000     0.000
 122.4062500    19.500   -10.562    11.838    -0.145     0.000     0.000     0.000     0.000     0.000     0.000     0.000     0.000
 122.4062500    19.000   -10.557    11.822    -0.145     0.000     0.000     0.000     0.000     0.000     0.000     0.000     0.000
 122.4062500    18.500   -10.553    11.807    -0.145     0.000     0.000     0.000     0.000     0.000     0.000     0.000     0.000
 122.4062500    18.000   -10.549    11.792    -0.145     0.000     0.000     0.000     0.000     0.000     0.000     0.000     0.000
 122.4062500    17.500   -10.545    11.776    -0.145     0.000     0.000     0.000     0.000     0.000     0.000     0.000     0.000
 122.4062500    17.000   -10.542    11.761    -0.145     0.000     0.000     0.000     0.000     0.000     0.000     0.000     0.000
 122.4062500    16.500   -10.539    11.746    -0.145     0.000     0.000     0.000     0.000     0.000     0.000     0.000     0.000
 122.4062500    16.000   -10.536    11.731    -0.145     0.000     0.000     0.000     0.000     0.000     0.000     0.000     0.000
 122.4062500    15.500   -10.534    11.716    -0.145     0.000     0.000     0.000     0.000     0.000     0.000     0.000     0.000
 122.4062500    15.000   -10.532    11.701    -0.145     0.000     0.000     0.000     0.000     0.000     0.000     0.000     0.000
 122.4062500    14.500   -10.531    11.686    -0.145     0.000     0.000     0.000     0.000     0.000     0.000     0.000     0.000
 122.4062500    14.000   -10.530    11.671    -0.145     0.000     0.000     0.000     0.000     0.000     0.000     0.000     0.000
 122.4062500    13.500   -10.530    11.656    -0.145     0.000     0.000     0.000     0.000     0.000     0.000     0.000     0.000
 122.4062500    13.000   -10.530    11.641    -0.145     0.000     0.000     0.000     0.000     0.000     0.000     0.000     0.000
 122.4062500    12.500   -10.531    11.626    -0.145     0.000     0.000     0.000     0.000     0.000     0.000     0.000     0.000
 122.4062500    12.000   -10.533    11.611    -0.145     0.000     0.000     0.000     0.000     0.000     0.000     0.000     0.000
 122.4062500    11.500   -10.535    11.596    -0.145     0.000     0.000     0.000     0.000     0.000     0.000     0.000     0.000
 122.4062500    11.000   -10.538    11.581    -0.145     0.000     0.000     0.000     0.000     0.000     0.000     0.000     0.000
 122.4062500    10.500   -10.541    11.566    -0.145     0.000     0.000     0.000     0.000     0.000     0.000     0.000     0.000
 122.4062500    10.000   -10.545    11.551    -0.145     0.000     0.000     0.000     0.000     0.000     0.000   359.811   381.797
 122.4062500     9.500    -7.765    10.946    -0.109     0.000     0.000     0.000     0.000     0.000     0.000   362.302   382.087
 122.4062500     9.000    -4.510    10.174    -0.082     0.000     0.000     0.000     0.000     0.000     0.000   365.252   382.524
 122.4062500     8.500    -1.601     9.385    -0.061     0.000     0.000     0.000     0.000     0.000     0.000   367.927   383.048
 122.4062500     8.000     0.798     8.623    -0.046     0.000     0.000     0.000     0.000     0.000     0.000   370.198   383.650
 122.4062500     7.500     2.679     7.908    -0.035     0.000     0.000     0.000     0.000     0.000     0.000   372.071   384.325
 122.4062500     7.000     4.085     7.252    -0.026     0.000     0.000     0.000     0.000     0.000     0.000   373.596   385.070
 122.4062500     6.500     5.079     6.657    -0.020     0.000     0.000     0.000     0.000     0.000     0.000   374.835   385.877
 122.4062500     6.000     5.729     6.126    -0.015     0.000     0.000     0.000     0.000     0.000     0.000   375.842   386.734
 122.4062500     5.500     6.098     5.657    -0.011     0.000     0.000     0.000     0.000     0.000     0.000   376.664   387.624
 122.4062500     5.000     6.250     5.248    -0.008     0.000     0.000     0.000     0.000     0.000     0.000   377.340   388.525
 122.4062500     4.500     6.246     4.888    -0.006     0.000     0.000     0.000     0.000     0.000     0.000   377.896   389.415
 122.4062500     4.000     6.142     4.566    -0.005     0.000     0.000     0.000     0.000     0.000     0.000   378.355   390.268
 122.4062500     3.500     5.971     4.292    -0.004     0.000     0.000     0.000     0.000     0.000     0.000   378.732   391.059
 122.4062500     3.000     5.771     4.065    -0.003     0.000     0.000     0.000     0.000     0.000     0.000   379.039   391.764
 122.4062500     2.500     5.569     3.882    -0.002     0.000     0.000     0.000     0.000     0.000     0.000   379.285   392.363
 122.4062500     2.000     5.391     3.740    -0.002     0.000     0.000     0.000     0.000     0.000     0.000   379.475   392.843
 122.4062500     1.500     5.249     3.634    -0.001     0.000     0.000     0.000     0.000     0.000     0.000   379.612   393.197
 122.4062500     1.000     5.152     3.560    -0.001     0.000     0.000     0.000     0.000     0.000     0.000   379.701   393.426
 122.4062500     0.500     5.099     3.513    -0.001     0.000     0.000     0.000     0.000     0.000     0.000     0.000     0.000
 122.4270833    23.000   -13.417    16.339    -0.183     0.000     0.000     0.000     0.000     0.000     0.000     0.000     0.000
 122.4270833    22.500   -13.455    16.225    -0.183     0.000     0.000     0.000     0.000     0.000     0.000     0.000     0.000
 122.4270833    22.000   -13.493    16.111    -0.183     0.000     0.000     0.000     0.000     0.000     0.000     0.000     0.000
 122.4270833    21.500   -13.532    15.997    -0.183     0.000     0.000     0.000     0.000     0.000     0.000     0.000     0.000
 122.4270833    21.000   -13.571    15.884    -0.183     0.000     0.000     0.000     0.000     0.000     0.000     0.000     0.000
 122.4270833    20.500   -13.609    15.771    -0.183     0.000     0.000     0.000     0.000     0.000     0.000     0.000     0.000
 122.4270833    20.000   -13.648    15.658    -0.183     0.000     0.000     0.000     0.000     0.000     0.000     0.000     0.000
 122.4270833    19.500   -13.688    15.545    -0.183     0.000     0.000     0.000     0.000     0.000     0.000     0.000     0.000
 122.4270833    19.000   -13.727    15.433    -0.183     0.000     0.000     0.000     0.000     0.000     0.000     0.000     0.000
 122.4270833    18.500   -13.766    15.321    -0.183     0.000     0.000     0.000     0.000     0.000     0.000     0.000     0.000
 122.4270833    18.000   -13.806    15.210    -0.183     0.000     0.000     0.000     0.000     0.000     0.000     0.000     0.000
 122.4270833    17.500   -13.846    15.098    -0.183     0.000     0.000     0.000     0.000     0.000     0.000     0.000     0.000
 122.4270833    17.000   -13.886    14.987    -0.183     0.000     0.000     0.000     0.000     0.000     0.000     0.000     0.000
 122.4270833    16.500   -13.926    14.876    -0.183     0.000     0.000     0.000     0.000     0.000     0.000     0.000     0.000
 122.4270833    16.000   -13.966    14.766    -0.183     0.000     0.000     0.000     0.000     0.000     0.000     0.000     0.000
 122.4270833    15.500   -14.007    14.656    -0.183     0.000     0.000     0.000     0.000     0.000     0.000     0.000     0.000
 122.4270833    15.000   -14.048    14.546    -0.183     0.000     0.000     0.000     0.000     0.000     0.000     0.000     0.000
 122.4270833    14.500   -14.088    14.436    -0.183     0.000     0.000     0.000     0.000     0.000     0.000     0.000     0.000
 122.4270833    14.000   -14.129    14.326    -0.183     0.000     0.000     0.000     0.000     0.000     0.000     0.000     0.000
 122.4270833    13.500   -14.171    14.217    -0.183     0.000     0.000     0.000     0.000     0.000     0.000     0.000     0.000
 122.4270833    13.000   -14.212    14.108    -0.183     0.000     0.000     0.000     0.000     0.000     0.000     0.000     0.000
 122.4270833    12.500   -14.254    13.999    -0.183     0.000     0.000     0.000     0.000     0.000     0.000     0.000     0.000
 122.4270833    12.000   -14.296    13.891    -0.183     0.000     0.000     0.000     0.000     0.000     0.000     0.000     0.000
 122.4270833    11.500   -14.338    13.783    -0.183     0.000     0.000     0.000     0.000     0.000     0.000     0.000     0.000
 122.4270833    11.000   -14.380    13.675    -0.183     0.000     0.000     0.000     0.000     0.000     0.000     0.000     0.000
 122.4270833    10.500   -14.423    13.567    -0.183     0.000     0.000     0.000     0.000     0.000     0.000     0.000     0.000
 122.4270833    10.000   -14.465    13.459    -0.183     0.000     0.000     0.000     0.000     0.000     0.000   353.759   380.922
 122.4270833     9.500   -11.092    12.751    -0.138     0.000     0.000     0.000     0.000     0.000     0.000   356.886   381.225
 122.4270833     9.000    -7.129    11.873    -0.103     0.000     0.000     0.000     0.000     0.000     0.000   360.586   381.677
 122.4270833     8.500    -3.583    10.976    -0.078     0.000     0.000     0.000     0.000     0.000     0.000   363.937   382.214
 122.4270833     8.000    -0.649    10.105    -0.059     0.000     0.000     0.000     0.000     0.000     0.000   366.776   382.825
 122.4270833     7.500     1.664     9.281    -0.044     0.000     0.000     0.000     0.000     0.000     0.000   369.112   383.508
 122.4270833     7.000     3.411     8.515    -0.033     0.000     0.000     0.000     0.000     0.000     0.000   371.008   384.257
 122.4270833     6.500     4.670     7.814    -0.025     0.000     0.000     0.000     0.000     0.000     0.000   372.540   385.067
 122.4270833     6.000     5.521     7.177    -0.019     0.000     0.000     0.000     0.000     0.000     0.000   373.777   385.926
 122.4270833     5.500     6.040     6.605    -0.014     0.000     0.000     0.000     0.000     0.000     0.000   374.781   386.818
 122.4270833     5.000     6.300     6.095    -0.011     0.000     0.000     0.000     0.000     0.000     0.000   375.598   387.721
 122.4270833     4.500     6.365     5.644    -0.008     0.000     0.000     0.000     0.000     0.000     0.000   376.265   388.612
 122.4270833     4.000     6.299     5.238    -0.006     0.000     0.000     0.000     0.000     0.000     0.000   376.811   389.466
 122.4270833     3.500     6.152     4.872    -0.005     0.000     0.000     0.000     0.000     0.000     0.000   377.254   390.259
 122.4270833     3.000     5.958     4.554    -0.003     0.000     0.000     0.000     0.000     0.000     0.000   377.612   390.966
 122.4270833     2.500     5.750     4.280    -0.003     0.000     0.000     0.000     0.000     0.000     0.000   377.895   391.568
 122.4270833     2.000     5.553     4.048    -0.002     0.000     0.000     0.000     0.000     0.000     0.000   378.111   392.051
 122.4270833     1.500     5.384     3.852    -0.001     0.000     0.000     0.000     0.000     0.000     0.000   378.267   392.408
 122.4270833     1.000     5.251     3.689    -0.001     0.000     0.000     0.000     0.000     0.000     0.000   378.367   392.639
 122.4270833     0.500     5.157     3.552    -0.001     0.000     0.000     0.000     0.000     0.000     0.000     0.000     0.000
 122.4479167    23.000   -18.829    19.079    -0.297     0.000     0.000     0.000     0.000     0.000     0.000     0.000     0.000
 122.4479167    22.500   -18.856    18.978    -0.297     0.000     0.000     0.000     0.000     0.000     0.000     0.000     0.000
 122.4479167    22.000   -18.884    18.876    -0.297     0.000     0.000     0.000     0.000     0.000     0.000     0.000     0.000
 122.4479167    21.500   -18.911    18.773    -0.297     0.000     0.000     0.000     0.000     0.000     0.000     0.000     0.000
 122.4479167    21.000   -18.939    18.670    -0.297     0.000     0.000     0.000     0.000     0.000     0.000     0.000     0.000
 122.4479167    20.500   -18.966    18.566    -0.297     0.000     0.000     0.000     0.000     0.000     0.000     0.000     0.000
 122.4479167    20.000   -18.993    18.462    -0.297     0.000     0.000     0.000     0.000     0.000     0.000     0.000     0.000
 122.4479167    19.500   -19.020    18.357    -0.297     0.000     0.000     0.000     0.000     0.000     0.000     0.000     0.000
 122.4479167    19.000   -19.047    18.251    -0.297     0.000     0.000     0.000     0.000     0.000     0.000     0.000     0.000
 122.4479167    18.500   -19.075    18.145    -0.297     0.000     0.000     0.000     0.000     0.000     0.000     0.000     0.000
 122.4479167    18.000   -19.102    18.038    -0.297     0.000     0.000     0.000     0.000     0.000     0.000     0.000     0.000
 122.4479167    17.500   -19.129    17.930    -0.297     0.000     0.000     0.000     0.000     0.000     0.000     0.000     0.000
 122.4479167    17.000   -19.156    17.822    -0.297     0.000     0.000     0.000     0.000     0.000     0.000     0.000     0.000
 122.4479167    16.500   -19.183    17.713    -0.297     0.000     0.000     0.000     0.000     0.000     0.000     0.000     0.000
 122.4479167    16.000   -19.210    17.604    -0.297     0.000     0.000     0.000     0.000     0.000     0.000     0.000     0.000
 122.4479167    15.500   -19.237    17.493    -0.297     0.000     0.000     0.000     0.000     0.000     0.000     0.000     0.000
 122.4479167    15.000   -19.264    17.383    -0.297     0.000     0.000     0.000     0.000     0.000     0.000     0.000     0.000
 122.4479167    14.500   -19.291    17.271    -0.297     0.000     0.000     0.000     0.000     0.000     0.000     0.000     0.000
 122.4479167    14.000   -19.318    17.160    -0.297     0.000     0.000     0.000     0.000     0.000     0.000     0.000     0.000
 122.4479167    13.500   -19.345    17.047    -0.297     0.000     0.000     0.000     0.000     0.000     0.000     0.000     0.000
 122.4479167    13.000   -19.372    16.934    -0.297     0.000     0.000     0.000     0.000     0.000     0.000     0.000     0.000
 122.4479167    12.500   -19.399    16.820    -0.297     0.000     0.000     0.000     0.000     0.000     0.000     0.000     0.000
 122.4479167    12.000   -19.425    16.706    -0.297     0.000     0.000     0.000     0.000     0.000     0.000     0.000     0.000
 122.4479167    11.500   -19.452    16.591    -0.297     0.000     0.000     0.000     0.000     0.000     0.000     0.000     0.000
 122.4479167    11.000   -19.479    16.475    -0.297     0.000     0.000     0.000     0.000     0.000     0.000     0.000     0.000
 122.4479167    10.500   -19.506    16.359    -0.297     0.000     0.000     0.000     0.000     0.000     0.000     0.000     0.000
 122.4479167    10.000   -19.533    16.242    -0.297     0.000     0.000     0.000     0.000     0.000     0.000   350.664   380.340
 122.4479167     9.500   -15.625    15.341    -0.224     0.000     0.000     0.000     0.000     0.000     0.000   354.114   380.634
 122.4479167     9.000   -11.016    14.219    -0.169     0.000     0.000     0.000     0.000     0.000     0.000   358.190   381.071
 122.4479167     8.500    -6.856    13.075    -0.128     0.000     0.000     0.000     0.000     0.000     0.000   361.878   381.590
 122.4479167     8.000    -3.373    11.966    -0.096     0.000     0.000     0.000     0.000     0.000     0.000   364.997   382.180
 122.4479167     7.500    -0.583    10.920    -0.073     0.000     0.000     0.000     0.000     0.000     0.000   367.556   382.839
 122.4479167     7.000     1.575     9.951    -0.055     0.000     0.000     0.000     0.000     0.000     0.000   369.627   383.564
 122.4479167     6.500     3.183     9.065    -0.041     0.000     0.000     0.000     0.000     0.000     0.000   371.294   384.350
 122.4479167     6.000     4.329     8.263    -0.031     0.000     0.000     0.000     0.000     0.000     0.000   372.634   385.185
 122.4479167     5.500     5.095     7.545    -0.024     0.000     0.000     0.000     0.000     0.000     0.000   373.714   386.056
 122.4479167     5.000     5.560     6.905    -0.018     0.000     0.000     0.000     0.000     0.000     0.000   374.588   386.941
 122.4479167     4.500     5.792     6.340    -0.013     0.000     0.000     0.000     0.000     0.000     0.000   375.296   387.817
 122.4479167     4.000     5.855     5.843    -0.010     0.000     0.000     0.000     0.000     0.000     0.000   375.871   388.658
 122.4479167     3.500     5.810     5.401    -0.008     0.000     0.000     0.000     0.000     0.000     0.000   376.336   389.441
 122.4479167     3.000     5.704     5.007    -0.006     0.000     0.000     0.000     0.000     0.000     0.000   376.707   390.142
 122.4479167     2.500     5.566     4.665    -0.004     0.000     0.000     0.000     0.000     0.000     0.000   376.999   390.740
 122.4479167     2.000     5.424     4.371    -0.003     0.000     0.000     0.000     0.000     0.000     0.000   377.220   391.221
 122.4479167     1.500     5.298     4.121    -0.002     0.000     0.000     0.000     0.000     0.000     0.000   377.378   391.578
 122.4479167     1.000     5.200     3.909    -0.002     0.000     0.000     0.000     0.000     0.000     0.000   377.479   391.809
 122.4479167     0.500     5.134     3.728    -0.001     0.000     0.000     0.000     0.000     0.000     0.000     0.000     0.000
 122.4687500    23.000   -16.670     7.014    -0.255     0.000     0.000     0.000     0.000     0.000     0.000     0.000     0.000
 122.4687500    22.500   -16.680     7.143    -0.255     0.000     0.000     0.000     0.000     0.000     0.000     0.000     0.000
 122.4687500    22.000   -16.690     7.271    -0.255     0.000     0.000     0.000     0.000     0.000     0.000     0.000     0.000
 122.4687500    21.500   -16.700     7.399    -0.255     0.000     0.000     0.000     0.000     0.000     0.000     0.000     0.000
 122.4687500    21.000   -16.710     7.527    -0.255     0.000     0.000     0.000     0.000     0.000     0.000     0.000     0.000
 122.4687500    20.500   -16.720     7.654    -0.255     0.000     0.000     0.000     0.000     0.000     0.000     0.000     0.000
 122.4687500    20.000   -16.730     7.781    -0.255     0.000     0.000     0.000     0.000     0.000     0.000     0.000     0.000
 122.4687500    19.500   -16.740     7.907    -0.255     0.000     0.000     0.000     0.000     0.000     0.000     0.000     0.000
 122.4687500    19.000   -16.750     8.033    -0.255     0.000     0.000     0.000     0.000     0.000     0.000     0.000     0.000
 122.4687500    18.500   -16.759     8.159    -0.255     0.000     0.000     0.000     0.000     0.000     0.000     0.000     0.000
 122.4687500    18.000   -16.769     8.285    -0.255     0.000     0.000     0.000     0.000     0.000     0.000     0.000     0.000
 122.4687500    17.500   -16.778     8.410    -0.255     0.000     0.000     0.000     0.000     0.000     0.000     0.000     0.000
 122.4687500    17.000   -16.788     8.535    -0.255     0.000     0.000     0.000     0.000     0.000     0.000     0.000     0.000
 122.4687500    16.500   -16.797     8.659    -0.255     0.000     0.000     0.000     0.000     0.000     0.000     0.000     0.000
 122.4687500    16.000   -16.806     8.783    -0.255     0.000     0.000     0.000     0.000     0.000     0.000     0.000     0.000
 122.4687500    15.500   -16.815     8.907    -0.255     0.000     0.000     0.000     0.000     0.000     0.000     0.000     0.000
 122.4687500    15.000   -16.823     9.031    -0.255     0.000     0.000     0.000     0.000     0.000     0.000     0.000     0.000
 122.4687500    14.500   -16.832     9.154    -0.255     0.000     0.000     0.000     0.000     0.000     0.000     0.000     0.000
 122.4687500    14.000   -16.840     9.276    -0.255     0.000     0.000     0.000     0.000     0.000     0.000     0.000     0.000
 122.4687500    13.500   -16.848     9.399    -0.255     0.000     0.000     0.000     0.000     0.000     0.000     0.000     0.000
 122.4687500    13.000   -16.856     9.521    -0.255     0.000     0.000     0.000     0.000     0.000     0.000     0.000     0.000
 122.4687500    12.500   -16.864     9.642    -0.255     0.000     0.000     0.000     0.000     0.000     0.000     0.000     0.000
 122.4687500    12.000   -16.872     9.764    -0.255     0.000     0.000     0.000     0.000     0.000     0.000     0.000     0.000
 122.4687500    11.500   -16.879     9.885    -0.255     0.000     0.000     0.000     0.000     0.000     0.000     0.000     0.000
 122.4687500    11.000   -16.886    10.005    -0.255     0.000     0.000     0.000     0.000     0.000     0.000     0.000     0.000
 122.4687500    10.500   -16.893    10.126    -0.255     0.000     0.000     0.000     0.000     0.000     0.000     0.000     0.000
 122.4687500    10.000   -16.899    10.246    -0.255     0.000     0.000     0.000     0.000     0.000     0.000   353.623   380.060
 122.4687500     9.500   -13.419     9.661    -0.193     0.000     0.000     0.000     0.000     0.000     0.000   356.680   380.339
 122.4687500     9.000    -9.321     8.878    -0.145     0.000     0.000     0.000     0.000     0.000     0.000   360.295   380.756
 122.4687500     8.500    -5.626     8.075    -0.109     0.000     0.000     0.000     0.000     0.000     0.000   363.565   381.253
 122.4687500     8.000    -2.537     7.303    -0.083     0.000     0.000     0.000     0.000     0.000     0.000   366.333   381.821
 122.4687500     7.500    -0.067     6.587    -0.062     0.000     0.000     0.000     0.000     0.000     0.000   368.606   382.456
 122.4687500     7.000     1.836     5.941    -0.047     0.000     0.000     0.000     0.000     0.000     0.000   370.448   383.156
 122.4687500     6.500     3.248     5.370    -0.035     0.000     0.000     0.000     0.000     0.000     0.000   371.932   383.915
 122.4687500     6.000     4.245     4.874    -0.027     0.000     0.000     0.000     0.000     0.000     0.000   373.127   384.723
 122.4687500     5.500     4.904     4.453    -0.020     0.000     0.000     0.000     0.000     0.000     0.000   374.093   385.565
 122.4687500     5.000     5.294     4.103    -0.015     0.000     0.000     0.000     0.000     0.000     0.000   374.877   386.420
 122.4687500     4.500     5.480     3.821    -0.011     0.000     0.000     0.000     0.000     0.000     0.000   375.514   387.266
 122.4687500     4.000     5.521     3.597    -0.009     0.000     0.000     0.000     0.000     0.000     0.000   376.034   388.079
 122.4687500     3.500     5.474     3.418    -0.006     0.000     0.000     0.000     0.000     0.000     0.000   376.455   388.835
 122.4687500     3.000     5.373     3.290    -0.005     0.000     0.000     0.000     0.000     0.000     0.000   376.792   389.511
 122.4687500     2.500     5.249     3.212    -0.004     0.000     0.000     0.000     0.000     0.000     0.000   377.059   390.088
 122.4687500     2.000     5.129     3.179    -0.003     0.000     0.000     0.000     0.000     0.000     0.000   377.261   390.552
 122.4687500     1.500     5.031     3.186    -0.002     0.000     0.000     0.000     0.000     0.000     0.000   377.407   390.895
 122.4687500     1.000     4.964     3.230    -0.002     0.000     0.000     0.000     0.000     0.000     0.000   377.499   391.117
 122.4687500     0.500     4.934     3.305    -0.001     0.000     0.000     0.000     0.000     0.000     0.000     0.000     0.000
 122.4895833    23.000    -8.671     4.853    -0.194     0.000     0.000     0.000     0.000     0.000     0.000     0.000     0.000
 122.4895833    22.500    -8.652     4.976    -0.194     0.000     0.000     0.000     0.000     0.000     0.000     0.000     0.000
 122.4895833    22.000    -8.633     5.099    -0.194     0.000     0.000     0.000     0.000     0.000     0.000     0.000     0.000
 122.4895833    21.500    -8.613     5.222    -0.194     0.000     0.000     0.000     0.000     0.000     0.000     0.000     0.000
 122.4895833    21.000    -8.593     5.346    -0.194     0.000     0.000     0.000     0.000     0.000     0.000     0.000     0.000
 122.4895833    20.500    -8.572     5.470    -0.194     0.000     0.000     0.000     0.000     0.000     0.000     0.000     0.000
 122.4895833    20.000    -8.552     5.595    -0.194     0.000     0.000     0.000     0.000     0.000     0.000     0.000     0.000
 122.4895833    19.500    -8.530     5.720    -0.194     0.000     0.000     0.000     0.000     0.000     0.000     0.000     0.000
 122.4895833    19.000    -8.509     5.845    -0.194     0.000     0.000     0.000     0.000     0.000     0.000     0.000     0.000
 122.4895833    18.500    -8.487     5.971    -0.194     0.000     0.000     0.000     0.000     0.000     0.000     0.000     0.000
 122.4895833    18.000    -8.464     6.097    -0.194     0.000     0.000     0.000     0.000     0.000     0.000     0.000     0.000
 122.4895833    17.500    -8.442     6.224    -0.194     0.000     0.000     0.000     0.000     0.000     0.000     0.000     0.000
 122.4895833    17.000    -8.418     6.351    -0.194     0.000     0.000     0.000     0.000     0.000     0.000     0.000     0.000
 122.4895833    16.500    -8.395     6.478    -0.194     0.000     0.000     0.000     0.000     0.000     0.000     0.000     0.000
 122.4895833    16.000    -8.371     6.606    -0.194     0.000     0.000     0.000     0.000     0.000     0.000     0.000     0.000
 122.4895833    15.500    -8.346     6.735    -0.194     0.000     0.000     0.000     0.000     0.000     0.000     0.000     0.000
 122.4895833    15.000    -8.321     6.863    -0.194     0.000     0.000     0.000     0.000     0.000     0.000     0.000     0.000
 122.4895833    14.500    -8.296     6.992    -0.194     0.000     0.000     0.000     0.000     0.000     0.000     0.000     0.000
 122.4895833    14.000    -8.270     7.122    -0.194     0.000     0.000     0.000     0.000     0.000     0.000     0.000     0.000
 122.4895833    13.500    -8.244     7.251    -0.194     0.000     0.000     0.000     0.000     0.000     0.000     0.000     0.000
 122.4895833    13.000    -8.217     7.382    -0.194     0.000     0.000     0.000     0.000     0.000     0.000     0.000     0.000
 122.4895833    12.500    -8.190     7.512    -0.194     0.000     0.000     0.000     0.000     0.000     0.000     0.000     0.000
 122.4895833    12.000    -8.162     7.643    -0.194     0.000     0.000     0.000     0.000     0.000     0.000     0.000     0.000
 122.4895833    11.500    -8.133     7.774    -0.194     0.000     0.000     0.000     0.000     0.000     0.000     0.000     0.000
 122.4895833    11.000    -8.104     7.906    -0.194     0.000     0.000     0.000     0.000     0.000     0.000     0.000     0.000
 122.4895833    10.500    -8.074     8.038    -0.194     0.000     0.000     0.000     0.000     0.000     0.000     0.000     0.000
 122.4895833    10.000    -8.044     8.171    -0.194     0.000     0.000     0.000     0.000     0.000     0.000   365.767   381.025
 122.4895833     9.500    -5.917     7.694    -0.147     0.000     0.000     0.000     0.000     0.000     0.000   367.472   381.254
 122.4895833     9.000    -3.422     7.048    -0.111     0.000     0.000     0.000     0.000     0.000     0.000   369.490   381.602
 122.4895833     8.500    -1.173     6.387    -0.084     0.000     0.000     0.000     0.000     0.000     0.000   371.321   382.025
 122.4895833     8.000     0.702     5.757    -0.063     0.000     0.000     0.000     0.000     0.000     0.000   372.875   382.516
 122.4895833     7.500     2.188     5.178    -0.048     0.000     0.000     0.000     0.000     0.000     0.000   374.157   383.073
 122.4895833     7.000     3.313     4.661    -0.036     0.000     0.000     0.000     0.000     0.000     0.000   375.203   383.692
 122.4895833     6.500     4.121     4.209    -0.027     0.000     0.000     0.000     0.000     0.000     0.000   376.053   384.369
 122.4895833     6.000     4.660     3.824    -0.021     0.000     0.000     0.000     0.000     0.000     0.000   376.746   385.092
 122.4895833     5.500     4.977     3.504    -0.016     0.000     0.000     0.000     0.000     0.000     0.000   377.314   385.846
 122.4895833     5.000     5.120     3.246    -0.012     0.000     0.000     0.000     0.000     0.000     0.000   377.783   386.614
 122.4895833     4.500     5.143     3.032    -0.009     0.000     0.000     0.000     0.000     0.000     0.000   378.170   387.375
 122.4895833     4.000     5.082     2.865    -0.007     0.000     0.000     0.000     0.000     0.000     0.000   378.491   388.108
 122.4895833     3.500     4.966     2.749    -0.005     0.000     0.000     0.000     0.000     0.000     0.000   378.756   388.790
 122.4895833     3.000     4.827     2.681    -0.004     0.000     0.000     0.000     0.000     0.000     0.000   378.974   389.399
 122.4895833     2.500     4.690     2.658    -0.003     0.000     0.000     0.000     0.000     0.000     0.000   379.149   389.918
 122.4895833     2.000     4.575     2.675    -0.002     0.000     0.000     0.000     0.000     0.000     0.000   379.284   390.335
 122.4895833     1.500     4.495     2.730    -0.002     0.000     0.000     0.000     0.000     0.000     0.000   379.383   390.644
 122.4895833     1.000     4.456     2.817    -0.001     0.000     0.000     0.000     0.000     0.000     0.000   379.446   390.843
 122.4895833     0.500     4.459     2.930    -0.001     0.000     0.000     0.000     0.000     0.000     0.000     0.000     0.000
 122.5104167    23.000    -8.387    10.433    -0.163     0.000     0.000     0.000     0.000     0.000     0.000     0.000     0.000
 122.5104167    22.500    -8.396    10.423    -0.163     0.000     0.000     0.000     0.000     0.000     0.000     0.000     0.000
 122.5104167    22.000    -8.404    10.413    -0.163     0.000     0.000     0.000     0.000     0.000     0.000     0.000     0.000
 122.5104167    21.500    -8.413    10.403    -0.163     0.000     0.000     0.000     0.000     0.000     0.000     0.000     0.000
 122.5104167    21.000    -8.421    10.393    -0.163     0.000     0.000     0.000     0.000     0.000     0.000     0.000     0.000
 122.5104167    20.500    -8.430    10.383    -0.163     0.000     0.000     0.000     0.000     0.000     0.000     0.000     0.000
 122.5104167    20.000    -8.438    10.373    -0.163     0.000     0.000     0.000     0.000     0.000     0.000     0.000     0.000
 122.5104167    19.500    -8.447    10.363    -0.163     0.000     0.000     0.000     0.000     0.000     0.000     0.000     0.000
 122.5104167    19.000    -8.455    10.354    -0.163     0.000     0.000     0.000     0.000     0.000     0.000     0.000     0.000
 122.5104167    18.500    -8.464    10.344    -0.163     0.000     0.000     0.000     0.000     0.000     0.000     0.000     0.000
 122.5104167    18.000    -8.472    10.335    -0.163     0.000     0.000     0.000     0.000     0.000     0.000     0.000     0.000
 122.5104167    17.500    -8.481    10.326    -0.163     0.000     0.000     0.000     0.000     0.000     0.000     0.000     0.000
 122.5104167    17.000    -8.489    10.316    -0.163     0.000     0.000     0.000     0.000     0.000     0.000     0.000     0.000
 122.5104167    16.500    -8.498    10.307    -0.163     0.000     0.000     0.000     0.000     0.000     0.000     0.000     0.000
 122.5104167    16.000    -8.507    10.298    -0.163     0.000     0.000     0.000     0.000     0.000     0.000     0.000     0.000
 122.5104167    15.500    -8.515    10.289    -0.163     0.000     0.000     0.000     0.000     0.000     0.000     0.000     0.000
 122.5104167    15.000    -8.524    10.281    -0.163     0.000     0.000     0.000     0.000     0.000     0.000     0.000     0.000
 122.5104167    14.500    -8.533    10.272    -0.163     0.000     0.000     0.000     0.000     0.000     0.000     0.000     0.000
 122.5104167    14.000    -8.541    10.264    -0.163     0.000     0.000     0.000     0.000     0.000     0.000     0.000     0.000
 122.5104167    13.500    -8.550    10.255    -0.163     0.000     0.000     0.000     0.000     0.000     0.000     0.000     0.000
 122.5104167    13.000    -8.559    10.247    -0.163     0.000     0.000     0.000     0.000     0.000     0.000     0.000     0.000
 122.5104167    12.500    -8.568    10.239    -0.163     0.000     0.000     0.000     0.000     0.000     0.000     0.000     0.000
 122.5104167    12.000    -8.577    10.231    -0.163     0.000     0.000     0.000     0.000     0.000     0.000     0.000     0.000
 122.5104167    11.500    -8.585    10.223    -0.163     0.000     0.000     0.000     0.000     0.000     0.000     0.000     0.000
 122.5104167    11.000    -8.594    10.215    -0.163     0.000     0.000     0.000     0.000     0.000     0.000     0.000     0.000
 122.5104167    10.500    -8.604    10.207    -0.163     0.000     0.000     0.000     0.000     0.000     0.000     0.000     0.000
 122.5104167    10.000    -8.613    10.200    -0.163     0.000     0.000     0.000     0.000     0.000     0.000   363.408   380.907
 122.5104167     9.500    -6.333     9.641    -0.123     0.000     0.000     0.000     0.000     0.000     0.000   365.385   381.145
 122.5104167     9.000    -3.657     8.928    -0.093     0.000     0.000     0.000     0.000     0.000     0.000   367.726   381.504
 122.5104167     8.500    -1.272     8.215    -0.070     0.000     0.000     0.000     0.000     0.000     0.000   369.848   381.936
 122.5104167     8.000     0.714     7.513    -0.053     0.000     0.000     0.000     0.000     0.000     0.000   371.650   382.434
 122.5104167     7.500     2.276     6.857    -0.040     0.000     0.000     0.000     0.000     0.000     0.000   373.135   382.995
 122.5104167     7.000     3.450     6.256    -0.030     0.000     0.000     0.000     0.000     0.000     0.000   374.346   383.615
 122.5104167     6.500     4.284     5.713    -0.023     0.000     0.000     0.000     0.000     0.000     0.000   375.328   384.289
 122.5104167     6.000     4.832     5.230    -0.017     0.000     0.000     0.000     0.000     0.000     0.000   376.127   385.006
 122.5104167     5.500     5.147     4.806    -0.013     0.000     0.000     0.000     0.000     0.000     0.000   376.779   385.752
 122.5104167     5.000     5.279     4.438    -0.010     0.000     0.000     0.000     0.000     0.000     0.000   377.316   386.509
 122.5104167     4.500     5.279     4.118    -0.007     0.000     0.000     0.000     0.000     0.000     0.000   377.758   387.257
 122.5104167     4.000     5.196     3.833    -0.006     0.000     0.000     0.000     0.000     0.000     0.000   378.122   387.977
 122.5104167     3.500     5.055     3.594    -0.004     0.000     0.000     0.000     0.000     0.000     0.000   378.422   388.644
 122.5104167     3.000     4.889     3.398    -0.003     0.000     0.000     0.000     0.000     0.000     0.000   378.667   389.240
 122.5104167     2.500     4.723     3.243    -0.002     0.000     0.000     0.000     0.000     0.000     0.000   378.862   389.747
 122.5104167     2.000     4.576     3.125    -0.002     0.000     0.000     0.000     0.000     0.000     0.000   379.013   390.154
 122.5104167     1.500     4.461     3.041    -0.001     0.000     0.000     0.000     0.000     0.000     0.000   379.122   390.454
 122.5104167     1.000     4.385     2.988    -0.001     0.000     0.000     0.000     0.000     0.000     0.000   379.193   390.649
 122.5104167     0.500     4.348     2.959    -0.001     0.000     0.000     0.000     0.000     0.000     0.000     0.000     0.000
 122.5312500    23.000    -0.600     7.821    -0.152     0.000     0.000     0.000     0.000     0.000     0.000     0.000     0.000
 122.5312500    22.500    -0.652     7.866    -0.152     0.000     0.000     0.000     0.000     0.000     0.000     0.000     0.000
 122.5312500    22.000    -0.704     7.911    -0.152     0.000     0.000     0.000     0.000     0.000     0.000     0.000     0.000
 122.5312500    21.500    -0.755     7.955    -0.152     0.000     0.000     0.000     0.000     0.000     0.000     0.000     0.000
 122.5312500    21.000    -0.805     7.999    -0.152     0.000     0.000     0.000     0.000     0.000     0.000     0.000     0.000
 122.5312500    20.500    -0.855     8.042    -0.152     0.000     0.000     0.000     0.000     0.000     0.000     0.000     0.000
 122.5312500    20.000    -0.904     8.085    -0.152     0.000     0.000     0.000     0.000     0.000     0.000     0.000     0.000
 122.5312500    19.500    -0.953     8.127    -0.152     0.000     0.000     0.000     0.000     0.000     0.000     0.000     0.000
 122.5312500    19.000    -1.001     8.169    -0.152     0.000     0.000     0.000     0.000     0.000     0.000     0.000     0.000
 122.5312500    18.500    -1.049     8.210    -0.152     0.000     0.000     0.000     0.000     0.000     0.000     0.000     0.000
 122.5312500    18.000    -1.096     8.251    -0.152     0.000     0.000     0.000     0.000     0.000     0.000     0.000     0.000
 122.5312500    17.500    -1.142     8.292    -0.152     0.000     0.000     0.000     0.000     0.000     0.000     0.000     0.000
 122.5312500    17.000    -1.187     8.331    -0.152     0.000     0.000     0.000     0.000     0.000     0.000     0.000     0.000
 122.5312500    16.500    -1.232     8.371    -0.152     0.000     0.000     0.000     0.000     0.000     0.000     0.000     0.000
 122.5312500    16.000    -1.276     8.409    -0.152     0.000     0.000     0.000     0.000     0.000     0.000     0.000     0.000
 122.5312500    15.500    -1.319     8.447    -0.152     0.000     0.000     0.000     0.000     0.000     0.000     0.000     0.000
 122.5312500    15.000    -1.362     8.485    -0.152     0.000     0.000     0.000     0.000     0.000     0.000     0.000     0.000
 122.5312500    14.500    -1.404     8.522    -0.152     0.000     0.000     0.000     0.000     0.000     0.000     0.000     0.000
 122.5312500    14.000    -1.445     8.559    -0.152     0.000     0.000     0.000     0.000     0.000     0.000     0.000     0.000
 122.5312500    13.500    -1.485     8.595    -0.152     0.000     0.000     0.000     0.000     0.000     0.000     0.000     0.000
 122.5312500    13.000    -1.525     8.631    -0.152     0.000     0.000     0.000     0.000     0.000     0.000     0.000     0.000
 122.5312500    12.500    -1.563     8.666    -0.152     0.000     0.000     0.000     0.000     0.000     0.000     0.000     0.000
 122.5312500    12.000    -1.601     8.700    -0.152     0.000     0.000     0.000     0.000     0.000     0.000     0.000     0.000
 122.5312500    11.500    -1.637     8.734    -0.152     0.000     0.000     0.000     0.000     0.000     0.000     0.000     0.000
 122.5312500    11.000    -1.673     8.767    -0.152     0.000     0.000     0.000     0.000     0.000     0.000     0.000     0.000
 122.5312500    10.500    -1.708     8.800    -0.152     0.000     0.000     0.000     0.000     0.000     0.000     0.000     0.000
 122.5312500    10.000    -1.741     8.832    -0.152     0.017     0.029     0.080     0.068     0.004     0.038   370.076   381.097
 122.5312500     9.500    -0.281     8.308    -0.115     0.005     0.009     0.070     0.072     0.003     0.029   371.261   381.316
 122.5312500     9.000     1.204     7.906    -0.087     0.001     0.002     0.058     0.068     0.003     0.024   372.681   381.632
 122.5312500     8.500     2.381     7.639    -0.066     0.000     0.000     0.047     0.061     0.002     0.021   373.982   382.008
 122.5312500     8.000     3.515     7.126    -0.050     0.000     0.000     0.038     0.055     0.002     0.018   375.073   382.467
 122.5312500     7.500     4.489     6.505    -0.038     0.000     0.000     0.031     0.049     0.001     0.016   375.971   382.999
 122.5312500     7.000     5.189     5.939    -0.029     0.000     0.000     0.025     0.044     0.001     0.014   376.709   383.592
 122.5312500     6.500     5.645     5.430    -0.022     0.000     0.000     0.021     0.040     0.001     0.012   377.315   384.240
 122.5312500     6.000     5.894     4.980    -0.017     0.000     0.000     0.017     0.036     0.001     0.010   377.815   384.933
 122.5312500     5.500     5.971     4.587    -0.013     0.000     0.000     0.015     0.033     0.001     0.009   378.232   385.656
 122.5312500     5.000     5.926     4.236    -0.010     0.000     0.000     0.013     0.030     0.001     0.008   378.580   386.393
 122.5312500     4.500     5.789     3.926    -0.007     0.000     0.000     0.011     0.028     0.001     0.007   378.872   387.124
 122.5312500     4.000     5.588     3.663    -0.006     0.000     0.000     0.010     0.026     0.001     0.006   379.119   387.827
 122.5312500     3.500     5.352     3.446    -0.004     0.000     0.000     0.009     0.024     0.001     0.005   379.327   388.479
 122.5312500     3.000     5.108     3.271    -0.003     0.000     0.000     0.008     0.023     0.001     0.005   379.500   389.062
 122.5312500     2.500     4.878     3.136    -0.002     0.000     0.000     0.008     0.022     0.001     0.004   379.642   389.559
 122.5312500     2.000     4.679     3.037    -0.002     0.000     0.000     0.007     0.021     0.001     0.004   379.753   389.957
 122.5312500     1.500     4.520     2.970    -0.001     0.000     0.000     0.007     0.020     0.001     0.004   379.834   390.252
 122.5312500     1.000     4.407     2.931    -0.001     0.000     0.000     0.007     0.020     0.001     0.004   379.887   390.443
 122.5312500     0.500     4.339     2.915    -0.001     0.000     0.000     0.000     0.000     0.000     0.000     0.000     0.000
 122.5520833    23.000     3.065     2.853    -0.224     0.000     0.000     0.000     0.000     0.000     0.000     0.000     0.000
 122.5520833    22.500     3.009     2.992    -0.224     0.000     0.000     0.000     0.000     0.000     0.000     0.000     0.000
 122.5520833    22.000     2.952     3.131    -0.224     0.000     0.000     0.000     0.000     0.000     0.000     0.000     0.000
 122.5520833    21.500     2.895     3.269    -0.224     0.000     0.000     0.000     0.000     0.000     0.000     0.000     0.000
 122.5520833    21.000     2.838     3.408    -0.224     0.000     0.000     0.000     0.000     0.000     0.000     0.000     0.000
 122.5520833    20.500     2.781     3.546    -0.224     0.000     0.000     0.000     0.000     0.000     0.000     0.000     0.000
 122.5520833    20.000     2.724     3.684    -0.224     0.000     0.000     0.000     0.000     0.000     0.000     0.000     0.000
 122.5520833    19.500     2.667     3.822    -0.224     0.000     0.000     0.000     0.000     0.000     0.000     0.000     0.000
 122.5520833    19.000     2.610     3.960    -0.224     0.000     0.000     0.000     0.000     0.000     0.000     0.000     0.000
 122.5520833    18.500     2.552     4.098    -0.224     0.000     0.000     0.000     0.000     0.000     0.000     0.000     0.000
 122.5520833    18.000     2.495     4.236    -0.224     0.000     0.000     0.000     0.000     0.000     0.000     0.000     0.000
 122.5520833    17.500     2.438     4.374    -0.224     0.000     0.000     0.000     0.000     0.000     0.000     0.000     0.000
 122.5520833    17.000     2.381     4.512    -0.224     0.000     0.000     0.000     0.000     0.000     0.000     0.000     0.000
 122.5520833    16.500     2.323     4.649    -0.224     0.000     0.000     0.000     0.000     0.000     0.000     0.000     0.000
 122.5520833    16.000     2.266     4.787    -0.224     0.000     0.000     0.000     0.000     0.000     0.000     0.000     0.000
 122.5520833    15.500     2.209     4.924    -0.224     0.000     0.000     0.000     0.000     0.000     0.000     0.000     0.000
 122.5520833    15.000     2.152     5.062    -0.224     0.000     0.000     0.000     0.000     0.000     0.000     0.000     0.000
 122.5520833    14.500     2.094     5.199    -0.224     0.000     0.000     0.000     0.000     0.000     0.000     0.000     0.000
 122.5520833    14.000     2.037     5.336    -0.224     0.000     0.000     0.000     0.000     0.000     0.000     0.000     0.000
 122.5520833    13.500     1.980     5.473    -0.224     0.000     0.000     0.000     0.000     0.000     0.000     0.000     0.000
 122.5520833    13.000     1.923     5.609    -0.224     0.000     0.000     0.000     0.000     0.000     0.000     0.000     0.000
 122.5520833    12.500     1.865     5.746    -0.224     0.000     0.000     0.000     0.000     0.000     0.000     0.000     0.000
 122.5520833    12.000     1.808     5.882    -0.224     0.000     0.000     0.000     0.000     0.000     0.000     0.000     0.000
 122.5520833    11.500     1.751     6.018    -0.224     0.000     0.000     0.000     0.000     0.000     0.000     0.000     0.000
 122.5520833    11.000     1.694     6.155    -0.224     0.000     0.000     0.000     0.000     0.000     0.000     0.000     0.000
 122.5520833    10.500     1.637     6.290    -0.224     0.000     0.000     0.000     0.000     0.000     0.000     0.000     0.000
 122.5520833    10.000     1.580     6.426    -0.224     0.214     0.354     0.934     0.794     0.051     0.456   369.405   380.328
 122.5520833     9.500     2.642     6.061    -0.170     0.064     0.106     0.819     0.839     0.038     0.346   370.585   380.538
 122.5520833     9.000     3.985     5.594    -0.129     0.012     0.021     0.678     0.793     0.030     0.284   371.978   380.867
 122.5520833     8.500     5.188     5.124    -0.098     0.002     0.004     0.552     0.719     0.024     0.245   373.241   381.275
 122.5520833     8.000     6.145     4.676    -0.075     0.000     0.001     0.446     0.644     0.020     0.214   374.317   381.754
 122.5520833     7.500     6.842     4.265    -0.057     0.000     0.000     0.362     0.577     0.017     0.186   375.208   382.304
 122.5520833     7.000     7.291     3.898    -0.043     0.000     0.000     0.296     0.517     0.014     0.162   375.940   382.919
 122.5520833     6.500     7.521     3.577    -0.033     0.000     0.000     0.245     0.466     0.012     0.141   376.540   383.594
 122.5520833     6.000     7.564     3.304    -0.025     0.000     0.000     0.204     0.422     0.011     0.123   377.034   384.318
 122.5520833     5.500     7.463     3.068    -0.019     0.000     0.000     0.173     0.384     0.010     0.107   377.444   385.076
 122.5520833     5.000     7.252     2.867    -0.014     0.000     0.000     0.149     0.352     0.009     0.093   377.786   385.852
 122.5520833     4.500     6.957     2.709    -0.011     0.000     0.000     0.130     0.325     0.008     0.081   378.074   386.623
 122.5520833     4.000     6.611     2.591    -0.008     0.000     0.000     0.115     0.302     0.008     0.072   378.317   387.365
 122.5520833     3.500     6.244     2.512    -0.006     0.000     0.000     0.104     0.284     0.008     0.064   378.521   388.056
 122.5520833     3.000     5.882     2.470    -0.005     0.000     0.000     0.095     0.268     0.007     0.057   378.691   388.674
 122.5520833     2.500     5.549     2.463    -0.004     0.000     0.000     0.089     0.256     0.007     0.052   378.830   389.202
 122.5520833     2.000     5.260     2.487    -0.003     0.000     0.000     0.084     0.247     0.007     0.048   378.939   389.627
 122.5520833     1.500     5.025     2.539    -0.002     0.000     0.000     0.080     0.240     0.007     0.045   379.019   389.941
 122.5520833     1.000     4.850     2.616    -0.002     0.000     0.000     0.078     0.235     0.007     0.043   379.070   390.145
 122.5520833     0.500     4.732     2.715    -0.001     0.000     0.000     0.000     0.000     0.000     0.000     0.000     0.000
 122.5729167    23.000     5.321     2.296    -0.312     0.000     0.000     0.000     0.000     0.000     0.000     0.000     0.000
 122.5729167    22.500     5.330     2.430    -0.312     0.000     0.000     0.000     0.000     0.000     0.000     0.000     0.000
 122.5729167    22.000     5.339     2.565    -0.312     0.000     0.000     0.000     0.000     0.000     0.000     0.000     0.000
 122.5729167    21.500     5.348     2.700    -0.312     0.000     0.000     0.000     0.000     0.000     0.000     0.000     0.000
 122.5729167    21.000     5.357     2.834    -0.312     0.000     0.000     0.000     0.000     0.000     0.000     0.000     0.000
 122.5729167    20.500     5.366     2.969    -0.312     0.000     0.000     0.000     0.000     0.000     0.000     0.000     0.000
 122.5729167    20.000     5.376     3.104    -0.312     0.000     0.000     0.000     0.000     0.000     0.000     0.000     0.000
 122.5729167    19.500     5.386     3.238    -0.312     0.000     0.000     0.000     0.000     0.000     0.000     0.000     0.000
 122.5729167    19.000     5.395     3.373    -0.312     0.000     0.000     0.000     0.000     0.000     0.000     0.000     0.000
 122.5729167    18.500     5.405     3.508    -0.312     0.000     0.000     0.000     0.000     0.000     0.000     0.000     0.000
 122.5729167    18.000     5.416     3.643    -0.312     0.000     0.000     0.000     0.000     0.000     0.000     0.000     0.000
 122.5729167    17.500     5.426     3.777    -0.312     0.000     0.000     0.000     0.000     0.000     0.000     0.000     0.000
 122.5729167    17.000     5.436     3.912    -0.312     0.000     0.000     0.000     0.000     0.000     0.000     0.000     0.000
 122.5729167    16.500     5.447     4.047    -0.312     0.000     0.000     0.000     0.000     0.000     0.000     0.000     0.000
 122.5729167    16.000     5.458     4.182    -0.312     0.000     0.000     0.000     0.000     0.000     0.000     0.000     0.000
 122.5729167    15.500     5.469     4.317    -0.312     0.000     0.000     0.000     0.000     0.000     0.000     0.000     0.000
 122.5729167    15.000     5.481     4.452    -0.312     0.000     0.000     0.000     0.000     0.000     0.000     0.000     0.000
 122.5729167    14.500     5.492     4.587    -0.312     0.000     0.000     0.000     0.000     0.000     0.000     0.000     0.000
 122.5729167    14.000     5.504     4.722    -0.312     0.000     0.000     0.000     0.000     0.000     0.000     0.000     0.000
 122.5729167    13.500     5.516     4.856    -0.312     0.000     0.000     0.000     0.000     0.000     0.000     0.000     0.000
 122.5729167    13.000     5.528     4.991    -0.312     0.000     0.000     0.000     0.000     0.000     0.000     0.000     0.000
 122.5729167    12.500     5.541     5.126    -0.312     0.000     0.000     0.000     0.000     0.000     0.000     0.000     0.000
 122.5729167    12.000     5.554     5.261    -0.312     0.000     0.000     0.000     0.000     0.000     0.000     0.000     0.000
 122.5729167    11.500     5.567     5.396    -0.312     0.000     0.000     0.000     0.000     0.000     0.000     0.000     0.000
 122.5729167    11.000     5.581     5.531    -0.312     0.000     0.000     0.000     0.000     0.000     0.000     0.000     0.000
 122.5729167    10.500     5.595     5.666    -0.312     0.000     0.000     0.000     0.000     0.000     0.000     0.000     0.000
 122.5729167    10.000     5.610     5.801    -0.312     0.948     1.551     3.823     3.221     0.201     1.813   370.386   380.400
 122.5729167     9.500     6.111     5.324    -0.237     0.648     1.060     3.335     3.218     0.169     1.584   371.468   380.593
 122.5729167     9.000     6.713     4.763    -0.180     0.386     0.631     2.765     3.104     0.135     1.341   372.746   380.893
 122.5729167     8.500     7.240     4.263    -0.137     0.221     0.361     2.255     2.905     0.108     1.137   373.901   381.270
 122.5729167     8.000     7.629     3.839    -0.104     0.125     0.204     1.831     2.668     0.087     0.970   374.881   381.719
 122.5729167     7.500     7.866     3.480    -0.079     0.071     0.117     1.489     2.425     0.072     0.831   375.689   382.237
 122.5729167     7.000     7.957     3.173    -0.060     0.041     0.068     1.219     2.197     0.060     0.716   376.350   382.823
 122.5729167     6.500     7.916     2.908    -0.046     0.025     0.040     1.007     1.990     0.052     0.618   376.888   383.470
 122.5729167     6.000     7.762     2.679    -0.035     0.015     0.025     0.842     1.807     0.045     0.535   377.330   384.169
 122.5729167     5.500     7.510     2.489    -0.026     0.010     0.016     0.714     1.649     0.040     0.464   377.695   384.905
 122.5729167     5.000     7.184     2.338    -0.020     0.007     0.011     0.614     1.514     0.037     0.404   377.999   385.660
 122.5729167     4.500     6.810     2.224    -0.015     0.005     0.007     0.537     1.399     0.035     0.353   378.254   386.412
 122.5729167     4.000     6.414     2.145    -0.012     0.003     0.005     0.476     1.303     0.033     0.311   378.470   387.139
 122.5729167     3.500     6.020     2.101    -0.009     0.002     0.004     0.429     1.223     0.032     0.275   378.652   387.816
 122.5729167     3.000     5.652     2.088    -0.007     0.002     0.003     0.393     1.157     0.031     0.246   378.803   388.424
 122.5729167     2.500     5.330     2.104    -0.005     0.002     0.003     0.366     1.105     0.030     0.224   378.927   388.943
 122.5729167     2.000     5.066     2.148    -0.004     0.001     0.002     0.346     1.064     0.030     0.206   379.024   389.361
 122.5729167     1.500     4.870     2.217    -0.003     0.001     0.002     0.332     1.034     0.029     0.193   379.096   389.671
 122.5729167     1.000     4.745     2.307    -0.002     0.001     0.002     0.322     1.013     0.029     0.185   379.142   389.872
 122.5729167     0.500     4.687     2.415    -0.002     0.000     0.000     0.000     0.000     0.000     0.000     0.000     0.000
 122.5937500    23.000    10.228     5.106    -0.327     0.000     0.000     0.000     0.000     0.000     0.000     0.000     0.000
 122.5937500    22.500    10.271     5.208    -0.327     0.000     0.000     0.000     0.000     0.000     0.000     0.000     0.000
 122.5937500    22.000    10.315     5.310    -0.327     0.000     0.000     0.000     0.000     0.000     0.000     0.000     0.000
 122.5937500    21.500    10.359     5.412    -0.327     0.000     0.000     0.000     0.000     0.000     0.000     0.000     0.000
 122.5937500    21.000    10.404     5.514    -0.327     0.000     0.000     0.000     0.000     0.000     0.000     0.000     0.000
 122.5937500    20.500    10.448     5.616    -0.327     0.000     0.000     0.000     0.000     0.000     0.000     0.000     0.000
 122.5937500    20.000    10.493     5.719    -0.327     0.000     0.000     0.000     0.000     0.000     0.000     0.000     0.000
 122.5937500    19.500    10.538     5.822    -0.327     0.000     0.000     0.000     0.000     0.000     0.000     0.000     0.000
 122.5937500    19.000    10.583     5.924    -0.327     0.000     0.000     0.000     0.000     0.000     0.000     0.000     0.000
 122.5937500    18.500    10.628     6.027    -0.327     0.000     0.000     0.000     0.000     0.000     0.000     0.000     0.000
 122.5937500    18.000    10.673     6.130    -0.327     0.000     0.000     0.000     0.000     0.000     0.000     0.000     0.000
 122.5937500    17.500    10.719     6.233    -0.327     0.000     0.000     0.000     0.000     0.000     0.000     0.000     0.000
 122.5937500    17.000    10.765     6.337    -0.327     0.000     0.000     0.000     0.000     0.000     0.000     0.000     0.000
 122.5937500    16.500    10.812     6.440    -0.327     0.000     0.000     0.000     0.000     0.000     0.000     0.000     0.000
 122.5937500    16.000    10.858     6.544    -0.327     0.000     0.000     0.000     0.000     0.000     0.000     0.000     0.000
 122.5937500    15.500    10.905     6.648    -0.327     0.000     0.000     0.000     0.000     0.000     0.000     0.000     0.000
 122.5937500    15.000    10.952     6.751    -0.327     0.000     0.000     0.000     0.000     0.000     0.000     0.000     0.000
 122.5937500    14.500    11.000     6.856    -0.327     0.000     0.000     0.000     0.000     0.000     0.000     0.000     0.000
 122.5937500    14.000    11.047     6.960    -0.327     0.000     0.000     0.000     0.000     0.000     0.000     0.000     0.000
 122.5937500    13.500    11.095     7.064    -0.327     0.000     0.000     0.000     0.000     0.000     0.000     0.000     0.000
 122.5937500    13.000    11.144     7.169    -0.327     0.000     0.000     0.000     0.000     0.000     0.000     0.000     0.000
 122.5937500    12.500    11.193     7.274    -0.327     0.000     0.000     0.000     0.000     0.000     0.000     0.000     0.000
 122.5937500    12.000    11.242     7.379    -0.327     0.000     0.000     0.000     0.000     0.000     0.000     0.000     0.000
 122.5937500    11.500    11.292     7.484    -0.327     0.000     0.000     0.000     0.000     0.000     0.000     0.000     0.000
 122.5937500    11.000    11.342     7.589    -0.327     0.000     0.000     0.000     0.000     0.000     0.000     0.000     0.000
 122.5937500    10.500    11.392     7.695    -0.327     0.000     0.000     0.000     0.000     0.000     0.000     0.000     0.000
 122.5937500    10.000    11.443     7.801    -0.327     2.192     3.527     7.940     6.604     0.408     3.636   373.676   381.307
 122.5937500     9.500    11.180     7.056    -0.249     1.808     2.910     6.913     6.451     0.355     3.322   374.482   381.476
 122.5937500     9.000    10.837     6.153    -0.189     1.392     2.240     5.725     6.169     0.295     2.936   375.433   381.740
 122.5937500     8.500    10.477     5.325    -0.144     1.049     1.688     4.669     5.804     0.242     2.564   376.292   382.075
 122.5937500     8.000    10.100     4.617    -0.110     0.787     1.267     3.794     5.396     0.199     2.228   377.019   382.479
 122.5937500     7.500     9.698     4.030    -0.084     0.593     0.954     3.091     4.977     0.165     1.930   377.618   382.949
 122.5937500     7.000     9.261     3.556    -0.064     0.451     0.725     2.535     4.573     0.139     1.670   378.108   383.484
 122.5937500     6.500     8.787     3.180    -0.048     0.348     0.559     2.099     4.195     0.120     1.446   378.510   384.076
 122.5937500     6.000     8.280     2.884    -0.037     0.272     0.438     1.759     3.853     0.105     1.252   378.841   384.717
 122.5937500     5.500     7.751     2.652    -0.028     0.217     0.350     1.494     3.548     0.094     1.087   379.117   385.394
 122.5937500     5.000     7.213     2.473    -0.021     0.177     0.285     1.287     3.281     0.086     0.946   379.349   386.088
 122.5937500     4.500     6.685     2.335    -0.016     0.147     0.237     1.126     3.051     0.080     0.826   379.546   386.782
 122.5937500     4.000     6.180     2.235    -0.012     0.125     0.201     1.001     2.855     0.076     0.726   379.713   387.452
 122.5937500     3.500     5.715     2.170    -0.009     0.109     0.175     0.903     2.690     0.073     0.643   379.857   388.078
 122.5937500     3.000     5.304     2.137    -0.007     0.096     0.155     0.828     2.554     0.071     0.575   379.977   388.639
 122.5937500     2.500     4.961     2.134    -0.005     0.087     0.141     0.772     2.444     0.070     0.521   380.077   389.120
 122.5937500     2.000     4.694     2.158    -0.004     0.081     0.130     0.729     2.357     0.069     0.480   380.156   389.506
 122.5937500     1.500     4.509     2.206    -0.003     0.076     0.123     0.700     2.293     0.068     0.451   380.215   389.793
 122.5937500     1.000     4.405     2.275    -0.002     0.073     0.118     0.680     2.248     0.067     0.431   380.253   389.979
 122.5937500     0.500     4.379     2.363    -0.002     0.000     0.000     0.000     0.000     0.000     0.000     0.000     0.000
 122.6145833    23.000    14.419     9.274    -0.257     0.000     0.000     0.000     0.000     0.000     0.000     0.000     0.000
 122.6145833    22.500    14.481     9.348    -0.257     0.000     0.000     0.000     0.000     0.000     0.000     0.000     0.000
 122.6145833    22.000    14.544     9.421    -0.257     0.000     0.000     0.000     0.000     0.000     0.000     0.000     0.000
 122.6145833    21.500    14.606     9.495    -0.257     0.000     0.000     0.000     0.000     0.000     0.000     0.000     0.000
 122.6145833    21.000    14.669     9.569    -0.257     0.000     0.000     0.000     0.000     0.000     0.000     0.000     0.000
 122.6145833    20.500    14.732     9.644    -0.257     0.000     0.000     0.000     0.000     0.000     0.000     0.000     0.000
 122.6145833    20.000    14.796     9.719    -0.257     0.000     0.000     0.000     0.000     0.000     0.000     0.000     0.000
 122.6145833    19.500    14.859     9.794    -0.257     0.000     0.000     0.000     0.000     0.000     0.000     0.000     0.000
 122.6145833    19.000    14.923     9.869    -0.257     0.000     0.000     0.000     0.000     0.000     0.000     0.000     0.000
 122.6145833    18.500    14.987     9.945    -0.257     0.000     0.000     0.000     0.000     0.000     0.000     0.000     0.000
 122.6145833    18.000    15.052    10.021    -0.257     0.000     0.000     0.000     0.000     0.000     0.000     0.000     0.000
 122.6145833    17.500    15.116    10.097    -0.257     0.000     0.000     0.000     0.000     0.000     0.000     0.000     0.000
 122.6145833    17.000    15.182    10.173    -0.257     0.000     0.000     0.000     0.000     0.000     0.000     0.000     0.000
 122.6145833    16.500    15.247    10.250    -0.257     0.000     0.000     0.000     0.000     0.000     0.000     0.000     0.000
 122.6145833    16.000    15.313    10.328    -0.257     0.000     0.000     0.000     0.000     0.000     0.000     0.000     0.000
 122.6145833    15.500    15.379    10.405    -0.257     0.000     0.000     0.000     0.000     0.000     0.000     0.000     0.000
 122.6145833    15.000    15.445    10.483    -0.257     0.000     0.000     0.000     0.000     0.000     0.000     0.000     0.000
 122.6145833    14.500    15.512    10.562    -0.257     0.000     0.000     0.000     0.000     0.000     0.000     0.000     0.000
 122.6145833    14.000    15.580    10.641    -0.257     0.000     0.000     0.000     0.000     0.000     0.000     0.000     0.000
 122.6145833    13.500    15.648    10.720    -0.257     0.000     0.000     0.000     0.000     0.000     0.000     0.000     0.000
 122.6145833    13.000    15.716    10.800    -0.257     0.000     0.000     0.000     0.000     0.000     0.000     0.000     0.000
 122.6145833    12.500    15.785    10.880    -0.257     0.000     0.000     0.000     0.000     0.000     0.000     0.000     0.000
 122.6145833    12.000    15.854    10.960    -0.257     0.000     0.000     0.000     0.000     0.000     0.000     0.000     0.000
 122.6145833    11.500    15.924    11.042    -0.257     0.000     0.000     0.000     0.000     0.000     0.000     0.000     0.000
 122.6145833    11.000    15.995    11.123    -0.257     0.000     0.000     0.000     0.000     0.000     0.000     0.000     0.000
 122.6145833    10.500    16.066    11.206    -0.257     0.000     0.000     0.000     0.000     0.000     0.000     0.000     0.000
 122.6145833    10.000    16.138    11.289    -0.257     4.622     7.196    13.282    10.709     0.705     6.280   373.644   382.432
 122.6145833     9.500    15.228    10.106    -0.196     3.939     6.132    11.567    10.507     0.618     5.783   374.608   382.585
 122.6145833     9.000    14.107     8.692    -0.150     3.169     4.933     9.584    10.118     0.516     5.158   375.744   382.825
 122.6145833     8.500    13.026     7.399    -0.114     2.506     3.901     7.822     9.595     0.427     4.544   376.765   383.131
 122.6145833     8.000    12.027     6.292    -0.087     1.973     3.072     6.361     8.994     0.354     3.975   377.625   383.502
 122.6145833     7.500    11.111     5.372    -0.067     1.559     2.427     5.188     8.364     0.296     3.465   378.330   383.936
 122.6145833     7.000    10.258     4.623    -0.051     1.242     1.933     4.259     7.741     0.251     3.014   378.901   384.431
 122.6145833     6.500     9.457     4.018    -0.039     1.000     1.557     3.532     7.151     0.217     2.620   379.364   384.980
 122.6145833     6.000     8.694     3.537    -0.030     0.817     1.271     2.963     6.607     0.191     2.277   379.742   385.575
 122.6145833     5.500     7.965     3.159    -0.023     0.677     1.054     2.519     6.117     0.173     1.982   380.054   386.202
 122.6145833     5.000     7.274     2.866    -0.017     0.571     0.889     2.173     5.683     0.159     1.729   380.313   386.845
 122.6145833     4.500     6.623     2.646    -0.013     0.490     0.763     1.903     5.305     0.149     1.514   380.532   387.486
 122.6145833     4.000     6.028     2.483    -0.010     0.428     0.666     1.693     4.980     0.142     1.333   380.717   388.104
 122.6145833     3.500     5.497     2.369    -0.008     0.380     0.592     1.530     4.705     0.137     1.182   380.873   388.680
 122.6145833     3.000     5.041     2.297    -0.006     0.345     0.536     1.404     4.476     0.134     1.060   381.004   389.195
 122.6145833     2.500     4.669     2.260    -0.004     0.318     0.494     1.309     4.291     0.132     0.962   381.111   389.635
 122.6145833     2.000     4.387     2.256    -0.003     0.298     0.463     1.238     4.145     0.130     0.888   381.196   389.989
 122.6145833     1.500     4.196     2.279    -0.003     0.284     0.442     1.188     4.035     0.128     0.834   381.259   390.251
 122.6145833     1.000     4.095     2.327    -0.002     0.275     0.427     1.155     3.958     0.127     0.799   381.300   390.420
 122.6145833     0.500     4.078     2.394    -0.002     0.000     0.000     0.000     0.000     0.000     0.000     0.000     0.000
 122.6354167    23.000    26.207    23.508    -0.238     0.000     0.000     0.000     0.000     0.000     0.000     0.000     0.000
 122.6354167    22.500    26.311    23.562    -0.238     0.000     0.000     0.000     0.000     0.000     0.000     0.000     0.000
 122.6354167    22.000    26.415    23.617    -0.238     0.000     0.000     0.000     0.000     0.000     0.000     0.000     0.000
 122.6354167    21.500    26.520    23.672    -0.238     0.000     0.000     0.000     0.000     0.000     0.000     0.000     0.000
 122.6354167    21.000    26.626    23.728    -0.238     0.000     0.000     0.000     0.000     0.000     0.000     0.000     0.000
 122.6354167    20.500    26.731    23.785    -0.238     0.000     0.000     0.000     0.000     0.000     0.000     0.000     0.000
 122.6354167    20.000    26.838    23.842    -0.238     0.000     0.000     0.000     0.000     0.000     0.000     0.000     0.000
 122.6354167    19.500    26.944    23.900    -0.238     0.000     0.000     0.000     0.000     0.000     0.000     0.000     0.000
 122.6354167    19.000    27.052    23.959    -0.238     0.000     0.000     0.000     0.000     0.000     0.000     0.000     0.000
 122.6354167    18.500    27.159    24.018    -0.238     0.000     0.000     0.000     0.000     0.000     0.000     0.000     0.000
 122.6354167    18.000    27.268    24.078    -0.238     0.000     0.000     0.000     0.000     0.000     0.000     0.000     0.000
 122.6354167    17.500    27.377    24.139    -0.238     0.000     0.000     0.000     0.000     0.000     0.000     0.000     0.000
 122.6354167    17.000    27.486    24.201    -0.238     0.000     0.000     0.000     0.000     0.000     0.000     0.000     0.000
 122.6354167    16.500    27.596    24.264    -0.238     0.000     0.000     0.000     0.000     0.000     0.000     0.000     0.000
 122.6354167    16.000    27.707    24.327    -0.238     0.000     0.000     0.000     0.000     0.000     0.000     0.000     0.000
 122.6354167    15.500    27.819    24.391    -0.238     0.000     0.000     0.000     0.000     0.000     0.000     0.000     0.000
 122.6354167    15.000    27.931    24.457    -0.238     0.000     0.000     0.000     0.000     0.000     0.000     0.000     0.000
 122.6354167    14.500    28.044    24.523    -0.238     0.000     0.000     0.000     0.000     0.000     0.000     0.000     0.000
 122.6354167    14.000    28.158    24.591    -0.238     0.000     0.000     0.000     0.000     0.000     0.000     0.000     0.000
 122.6354167    13.500    28.272    24.659    -0.238     0.000     0.000     0.000     0.000     0.000     0.000     0.000     0.000
 122.6354167    13.000    28.388    24.729    -0.238     0.000     0.000     0.000     0.000     0.000     0.000     0.000     0.000
 122.6354167    12.500    28.504    24.800    -0.238     0.000     0.000     0.000     0.000     0.000     0.000     0.000     0.000
 122.6354167    12.000    28.622    24.872    -0.238     0.000     0.000     0.000     0.000     0.000     0.000     0.000     0.000
 122.6354167    11.500    28.740    24.945    -0.238     0.000     0.000     0.000     0.000     0.000     0.000     0.000     0.000
 122.6354167    11.000    28.860    25.020    -0.238     0.000     0.000     0.000     0.000     0.000     0.000     0.000     0.000
 122.6354167    10.500    28.981    25.097    -0.238     0.000     0.000     0.000     0.000     0.000     0.000     0.000     0.000
 122.6354167    10.000    29.104    25.175    -0.238    16.835    24.709    29.880    22.006     1.782    16.077   365.867   384.483
 122.6354167     9.500    26.545    22.217    -0.183    14.539    21.338    26.067    22.224     1.566    14.870   368.079   384.611
 122.6354167     9.000    23.462    18.696    -0.140    11.910    17.480    21.649    22.093     1.315    13.337   370.677   384.816
 122.6354167     8.500    20.578    15.467    -0.108     9.604    14.096    17.718    21.536     1.094    11.811   373.002   385.081
 122.6354167     8.000    18.021    12.700    -0.083     7.715    11.324    14.449    20.654     0.911    10.385   374.943   385.405
 122.6354167     7.500    15.795    10.404    -0.064     6.217     9.124    11.816    19.572     0.766     9.092   376.517   385.787
 122.6354167     7.000    13.863     8.533    -0.049     5.046     7.406     9.729    18.397     0.654     7.939   377.774   386.226
 122.6354167     6.500    12.180     7.025    -0.038     4.138     6.074     8.089    17.212     0.569     6.924   378.775   386.714
 122.6354167     6.000    10.703     5.822    -0.029     3.437     5.044     6.804    16.071     0.505     6.037   379.572   387.243
 122.6354167     5.500     9.404     4.869    -0.022     2.895     4.248     5.800    15.008     0.459     5.268   380.209   387.802
 122.6354167     5.000     8.259     4.119    -0.017     2.475     3.633     5.014    14.044     0.425     4.607   380.722   388.375
 122.6354167     4.500     7.253     3.538    -0.013     2.151     3.157     4.401    13.186     0.401     4.043   381.137   388.945
 122.6354167     4.000     6.378     3.096    -0.010     1.900     2.789     3.922    12.438     0.385     3.567   381.474   389.494
 122.6354167     3.500     5.633     2.767    -0.008     1.706     2.504     3.550    11.796     0.374     3.171   381.747   390.005
 122.6354167     3.000     5.015     2.533    -0.006     1.558     2.286     3.263    11.258     0.366     2.848   381.969   390.460
 122.6354167     2.500     4.524     2.379    -0.005     1.445     2.121     3.045    10.818     0.361     2.592   382.144   390.847
 122.6354167     2.000     4.158     2.290    -0.004     1.362     2.000     2.884    10.469     0.358     2.396   382.280   391.157
 122.6354167     1.500     3.915     2.258    -0.003     1.304     1.913     2.769    10.205     0.355     2.255   382.379   391.384
 122.6354167     1.000     3.787     2.273    -0.002     1.265     1.857     2.694    10.020     0.352     2.163   382.444   391.530
 122.6354167     0.500     3.769     2.326    -0.002     0.000     0.000     0.000     0.000     0.000     0.000     0.000     0.000
 122.6562500    23.000    48.537    64.340    -0.274     0.000     0.000     0.000     0.000     0.000     0.000     0.000     0.000
 122.6562500    22.500    48.754    64.222    -0.274     0.000     0.000     0.000     0.000     0.000     0.000     0.000     0.000
 122.6562500    22.000    48.971    64.104    -0.274     0.000     0.000     0.000     0.000     0.000     0.000     0.000     0.000
 122.6562500    21.500    49.189    63.988    -0.274     0.000     0.000     0.000     0.000     0.000     0.000     0.000     0.000
 122.6562500    21.000    49.407    63.874    -0.274     0.000     0.000     0.000     0.000     0.000     0.000     0.000     0.000
 122.6562500    20.500    49.626    63.761    -0.274     0.000     0.000     0.000     0.000     0.000     0.000     0.000     0.000
 122.6562500    20.000    49.846    63.649    -0.274     0.000     0.000     0.000     0.000     0.000     0.000     0.000     0.000
 122.6562500    19.500    50.066    63.539    -0.274     0.000     0.000     0.000     0.000     0.000     0.000     0.000     0.000
 122.6562500    19.000    50.287    63.431    -0.274     0.000     0.000     0.000     0.000     0.000     0.000     0.000     0.000
 122.6562500    18.500    50.508    63.325    -0.274     0.000     0.000     0.000     0.000     0.000     0.000     0.000     0.000
 122.6562500    18.000    50.730    63.220    -0.274     0.000     0.000     0.000     0.000     0.000     0.000     0.000     0.000
 122.6562500    17.500    50.953    63.117    -0.274     0.000     0.000     0.000     0.000     0.000     0.000     0.000     0.000
 122.6562500    17.000    51.177    63.016    -0.274     0.000     0.000     0.000     0.000     0.000     0.000     0.000     0.000
 122.6562500    16.500    51.401    62.917    -0.274     0.000     0.000     0.000     0.000     0.000     0.000     0.000     0.000
 122.6562500    16.000    51.626    62.820    -0.274     0.000     0.000     0.000     0.000     0.000     0.000     0.000     0.000
 122.6562500    15.500    51.852    62.725    -0.274     0.000     0.000     0.000     0.000     0.000     0.000     0.000     0.000
 122.6562500    15.000    52.080    62.632    -0.274     0.000     0.000     0.000     0.000     0.000     0.000     0.000     0.000
 122.6562500    14.500    52.308    62.541    -0.274     0.000     0.000     0.000     0.000     0.000     0.000     0.000     0.000
 122.6562500    14.000    52.537    62.453    -0.274     0.000     0.000     0.000     0.000     0.000     0.000     0.000     0.000
 122.6562500    13.500    52.767    62.368    -0.274     0.000     0.000     0.000     0.000     0.000     0.000     0.000     0.000
 122.6562500    13.000    52.999    62.284    -0.274     0.000     0.000     0.000     0.000     0.000     0.000     0.000     0.000
 122.6562500    12.500    53.232    62.204    -0.274     0.000     0.000     0.000     0.000     0.000     0.000     0.000     0.000
 122.6562500    12.000    53.466    62.126    -0.274     0.000     0.000     0.000     0.000     0.000     0.000     0.000     0.000
 122.6562500    11.500    53.702    62.052    -0.274     0.000     0.000     0.000     0.000     0.000     0.000     0.000     0.000
 122.6562500    11.000    53.939    61.980    -0.274     0.000     0.000     0.000     0.000     0.000     0.000     0.000     0.000
 122.6562500    10.500    54.178    61.912    -0.274     0.000     0.000     0.000     0.000     0.000     0.000     0.000     0.000
 122.6562500    10.000    54.419    61.848    -0.274    55.750    75.691    52.271    32.329     3.928    36.370   349.353   388.144
 122.6562500     9.500    48.848    54.680    -0.212    48.490    65.835    45.793    35.242     3.465    33.792   354.107   388.247
 122.6562500     9.000    42.199    46.084    -0.164    40.111    54.459    38.253    37.765     2.928    30.481   359.681   388.419
 122.6562500     8.500    36.035    38.091    -0.127    32.686    44.377    31.503    39.019     2.451    27.147   364.659   388.649
 122.6562500     8.000    30.629    31.152    -0.098    26.540    36.033    25.855    39.110     2.056    23.993   368.806   388.937
 122.6562500     7.500    25.974    25.336    -0.076    21.611    29.341    21.278    38.334     1.743    21.103   372.156   389.280
 122.6562500     7.000    21.991    20.560    -0.059    17.720    24.059    17.627    36.991     1.500    18.505   374.822   389.674
 122.6562500     6.500    18.587    16.686    -0.045    14.674    19.923    14.741    35.328     1.315    16.198   376.930   390.113
 122.6562500     6.000    15.681    13.562    -0.035    12.297    16.696    12.469    33.529     1.178    14.172   378.594   390.588
 122.6562500     5.500    13.199    11.054    -0.027    10.445    14.181    10.683    31.725     1.079    12.406   379.910   391.088
 122.6562500     5.000    11.087     9.047    -0.021     9.000    12.220     9.281    30.001     1.008    10.880   380.952   391.599
 122.6562500     4.500     9.295     7.448    -0.016     7.874    10.691     8.181    28.409     0.960     9.574   381.781   392.106
 122.6562500     4.000     7.793     6.179    -0.013     6.998     9.501     7.319    26.981     0.928     8.470   382.441   392.592
 122.6562500     3.500     6.549     5.183    -0.010     6.317     8.577     6.648    25.731     0.908     7.550   382.966   393.042
 122.6562500     3.000     5.546     4.411    -0.008     5.793     7.865     6.129    24.664     0.896     6.798   383.381   393.441
 122.6562500     2.500     4.767     3.825    -0.006     5.395     7.325     5.734    23.778     0.888     6.202   383.704   393.776
 122.6562500     2.000     4.195     3.395    -0.005     5.100     6.925     5.442    23.069     0.883     5.746   383.950   394.041
 122.6562500     1.500     3.819     3.096    -0.003     4.891     6.640     5.234    22.528     0.879     5.418   384.127   394.233
 122.6562500     1.000     3.627     2.903    -0.003     4.753     6.453     5.098    22.146     0.876     5.204   384.243   394.352
 122.6562500     0.500     3.606     2.797    -0.002     0.000     0.000     0.000     0.000     0.000     0.000     0.000     0.000
 122.6770833    23.000    83.555   158.752    -0.301     0.000     0.000     0.000     0.000     0.000     0.000     0.000     0.000
 122.6770833    22.500    83.866   158.035    -0.301     0.000     0.000     0.000     0.000     0.000     0.000     0.000     0.000
 122.6770833    22.000    84.177   157.321    -0.301     0.000     0.000     0.000     0.000     0.000     0.000     0.000     0.000
 122.6770833    21.500    84.488   156.610    -0.301     0.000     0.000     0.000     0.000     0.000     0.000     0.000     0.000
 122.6770833    21.000    84.800   155.900    -0.301     0.000     0.000     0.000     0.000     0.000     0.000     0.000     0.000
 122.6770833    20.500    85.112   155.194    -0.301     0.000     0.000     0.000     0.000     0.000     0.000     0.000     0.000
 122.6770833    20.000    85.425   154.489    -0.301     0.000     0.000     0.000     0.000     0.000     0.000     0.000     0.000
 122.6770833    19.500    85.737   153.788    -0.301     0.000     0.000     0.000     0.000     0.000     0.000     0.000     0.000
 122.6770833    19.000    86.051   153.089    -0.301     0.000     0.000     0.000     0.000     0.000     0.000     0.000     0.000
 122.6770833    18.500    86.364   152.392    -0.301     0.000     0.000     0.000     0.000     0.000     0.000     0.000     0.000
 122.6770833    18.000    86.678   151.699    -0.301     0.000     0.000     0.000     0.000     0.000     0.000     0.000     0.000
 122.6770833    17.500    86.992   151.008    -0.301     0.000     0.000     0.000     0.000     0.000     0.000     0.000     0.000
 122.6770833    17.000    87.307   150.321    -0.301     0.000     0.000     0.000     0.000     0.000     0.000     0.000     0.000
 122.6770833    16.500    87.622   149.636    -0.301     0.000     0.000     0.000     0.000     0.000     0.000     0.000     0.000
 122.6770833    16.000    87.938   148.955    -0.301     0.000     0.000     0.000     0.000     0.000     0.000     0.000     0.000
 122.6770833    15.500    88.254   148.277    -0.301     0.000     0.000     0.000     0.000     0.000     0.000     0.000     0.000
 122.6770833    15.000    88.570   147.603    -0.301     0.000     0.000     0.000     0.000     0.000     0.000     0.000     0.000
 122.6770833    14.500    88.887   146.932    -0.301     0.000     0.000     0.000     0.000     0.000     0.000     0.000     0.000
 122.6770833    14.000    89.205   146.264    -0.301     0.000     0.000     0.000     0.000     0.000     0.000     0.000     0.000
 122.6770833    13.500    89.523   145.601    -0.301     0.000     0.000     0.000     0.000     0.000     0.000     0.000     0.000
 122.6770833    13.000    89.842   144.942    -0.301     0.000     0.000     0.000     0.000     0.000     0.000     0.000     0.000
 122.6770833    12.500    90.161   144.287    -0.301     0.000     0.000     0.000     0.000     0.000     0.000     0.000     0.000
 122.6770833    12.000    90.481   143.636    -0.301     0.000     0.000     0.000     0.000     0.000     0.000     0.000     0.000
 122.6770833    11.500    90.802   142.990    -0.301     0.000     0.000     0.000     0.000     0.000     0.000     0.000     0.000
 122.6770833    11.000    91.123   142.348    -0.301     0.000     0.000     0.000     0.000     0.000     0.000     0.000     0.000
 122.6770833    10.500    91.445   141.712    -0.301     0.000     0.000     0.000     0.000     0.000     0.000     0.000     0.000
 122.6770833    10.000    91.768   141.082    -0.301   136.193   172.612    71.712    35.293     7.214    68.648   327.681   394.533
 122.6770833     9.500    81.908   125.912    -0.235   118.979   150.795    63.259    44.334     6.394    64.040   335.969   394.603
 122.6770833     9.000    70.229   107.586    -0.184    99.009   125.485    53.335    53.231     5.437    58.059   345.674   394.739
 122.6770833     8.500    59.459    90.287    -0.143    81.202   102.916    44.359    59.303     4.583    51.964   354.330   394.941
 122.6770833     8.000    50.051    75.025    -0.112    66.367    84.115    36.771    62.565     3.875    46.138   361.533   395.204
 122.6770833     7.500    41.981    62.013    -0.087    54.392    68.937    30.557    63.586     3.311    40.749   367.345   395.523
 122.6770833     7.000    35.113    51.124    -0.068    44.879    56.880    25.551    63.009     2.873    35.864   371.962   395.893
 122.6770833     6.500    29.274    42.112    -0.053    37.385    47.383    21.557    61.393     2.542    31.500   375.604   396.306
 122.6770833     6.000    24.326    34.683    -0.042    31.505    39.930    18.385    59.174     2.298    27.643   378.470   396.752
 122.6770833     5.500    20.124    28.586    -0.033    26.896    34.089    15.873    56.670     2.123    24.266   380.727   397.220
 122.6770833     5.000    16.569    23.583    -0.025    23.286    29.513    13.886    54.104     2.001    21.337   382.508   397.695
 122.6770833     4.500    13.573    19.478    -0.020    20.459    25.930    12.317    51.625     1.921    18.823   383.915   398.163
 122.6770833     4.000    11.069    16.109    -0.015    18.248    23.128    11.082    49.327     1.871    16.692   385.028   398.608
 122.6770833     3.500     9.000    13.349    -0.012    16.527    20.946    10.116    47.269     1.843    14.913   385.906   399.015
 122.6770833     3.000     7.325    11.091    -0.009    15.197    19.261     9.367    45.481     1.828    13.459   386.596   399.371
 122.6770833     2.500     6.006     9.254    -0.007    14.185    17.978     8.795    43.976     1.821    12.304   387.131   399.665
 122.6770833     2.000     5.014     7.773    -0.006    13.433    17.025     8.371    42.757     1.819    11.423   387.535   399.891
 122.6770833     1.500     4.324     6.588    -0.005    12.898    16.347     8.069    41.819     1.816    10.788   387.826   400.049
 122.6770833     1.000     3.921     5.647    -0.004    12.546    15.901     7.872    41.152     1.813    10.375   388.016   400.141
 122.6770833     0.500     3.787     4.905    -0.003     0.000     0.000     0.000     0.000     0.000     0.000     0.000     0.000
 122.6979167    23.000    61.178   219.180    -0.299     0.000     0.000     0.000     0.000     0.000     0.000     0.000     0.000
 122.6979167    22.500    61.359   218.331    -0.299     0.000     0.000     0.000     0.000     0.000     0.000     0.000     0.000
 122.6979167    22.000    61.540   217.483    -0.299     0.000     0.000     0.000     0.000     0.000     0.000     0.000     0.000
 122.6979167    21.500    61.720   216.636    -0.299     0.000     0.000     0.000     0.000     0.000     0.000     0.000     0.000
 122.6979167    21.000    61.900   215.789    -0.299     0.000     0.000     0.000     0.000     0.000     0.000     0.000     0.000
 122.6979167    20.500    62.079   214.943    -0.299     0.000     0.000     0.000     0.000     0.000     0.000     0.000     0.000
 122.6979167    20.000    62.258   214.098    -0.299     0.000     0.000     0.000     0.000     0.000     0.000     0.000     0.000
 122.6979167    19.500    62.436   213.254    -0.299     0.000     0.000     0.000     0.000     0.000     0.000     0.000     0.000
 122.6979167    19.000    62.614   212.410    -0.299     0.000     0.000     0.000     0.000     0.000     0.000     0.000     0.000
 122.6979167    18.500    62.790   211.567    -0.299     0.000     0.000     0.000     0.000     0.000     0.000     0.000     0.000
 122.6979167    18.000    62.966   210.726    -0.299     0.000     0.000     0.000     0.000     0.000     0.000     0.000     0.000
 122.6979167    17.500    63.142   209.885    -0.299     0.000     0.000     0.000     0.000     0.000     0.000     0.000     0.000
 122.6979167    17.000    63.316   209.046    -0.299     0.000     0.000     0.000     0.000     0.000     0.000     0.000     0.000
 122.6979167    16.500    63.489   208.207    -0.299     0.000     0.000     0.000     0.000     0.000     0.000     0.000     0.000
 122.6979167    16.000    63.662   207.370    -0.299     0.000     0.000     0.000     0.000     0.000     0.000     0.000     0.000
 122.6979167    15.500    63.834   206.534    -0.299     0.000     0.000     0.000     0.000     0.000     0.000     0.000     0.000
 122.6979167    15.000    64.004   205.700    -0.299     0.000     0.000     0.000     0.000     0.000     0.000     0.000     0.000
 122.6979167    14.500    64.174   204.867    -0.299     0.000     0.000     0.000     0.000     0.000     0.000     0.000     0.000
 122.6979167    14.000    64.342   204.035    -0.299     0.000     0.000     0.000     0.000     0.000     0.000     0.000     0.000
 122.6979167    13.500    64.509   203.205    -0.299     0.000     0.000     0.000     0.000     0.000     0.000     0.000     0.000
 122.6979167    13.000    64.675   202.377    -0.299     0.000     0.000     0.000     0.000     0.000     0.000     0.000     0.000
 122.6979167    12.500    64.839   201.551    -0.299     0.000     0.000     0.000     0.000     0.000     0.000     0.000     0.000
 122.6979167    12.000    65.002   200.726    -0.299     0.000     0.000     0.000     0.000     0.000     0.000     0.000     0.000
 122.6979167    11.500    65.164   199.904    -0.299     0.000     0.000     0.000     0.000     0.000     0.000     0.000     0.000
 122.6979167    11.000    65.323   199.083    -0.299     0.000     0.000     0.000     0.000     0.000     0.000     0.000     0.000
 122.6979167    10.500    65.481   198.266    -0.299     0.000     0.000     0.000     0.000     0.000     0.000     0.000     0.000
 122.6979167    10.000    65.636   197.450    -0.299   141.973   179.999    73.486    35.461     7.424    70.601   336.049   397.278
 122.6979167     9.500    59.399   176.600    -0.232   124.391   157.707    64.820    44.781     6.592    65.973   343.548   397.446
 122.6979167     9.000    52.166   151.326    -0.180   103.924   131.758    54.652    54.012     5.620    59.940   352.334   397.734
 122.6979167     8.500    45.580   127.390    -0.140    85.598   108.524    45.460    60.384     4.751    53.761   360.182   398.117
 122.6979167     8.000    39.801   106.217    -0.108    70.266    89.085    37.692    63.887     4.029    47.829   366.729   398.585
 122.6979167     7.500    34.734    88.130    -0.084    57.834    73.324    31.332    65.086     3.453    42.319   372.031   399.127
 122.6979167     7.000    30.262    72.977    -0.065    47.918    60.752    26.210    64.629     3.007    37.308   376.264   399.733
 122.6979167     6.500    26.286    60.425    -0.051    40.074    50.807    22.123    63.086     2.669    32.817   379.624   400.391
 122.6979167     6.000    22.746    50.079    -0.039    33.896    42.974    18.877    60.901     2.420    28.838   382.288   401.090
 122.6979167     5.500    19.620    41.540    -0.030    29.036    36.813    16.306    58.404     2.242    25.348   384.401   401.814
 122.6979167     5.000    16.859    34.494    -0.024    25.217    31.971    14.272    55.826     2.120    22.315   386.079   402.549
 122.6979167     4.500    14.429    28.682    -0.018    22.217    28.168    12.666    53.323     2.040    19.708   387.416   403.271
 122.6979167     4.000    12.300    23.895    -0.014    19.866    25.186    11.402    50.994     1.991    17.496   388.484   403.957
 122.6979167     3.500    10.452    19.965    -0.011    18.030    22.859    10.413    48.902     1.964    15.648   389.334   404.587
 122.6979167     3.000     8.879    16.743    -0.009    16.610    21.058     9.646    47.080     1.952    14.137   390.009   405.139
 122.6979167     2.500     7.573    14.115    -0.007    15.526    19.685     9.061    45.545     1.947    12.936   390.537   405.600
 122.6979167     2.000     6.523    11.990    -0.005    14.721    18.663     8.626    44.299     1.946    12.018   390.939   405.960
 122.6979167     1.500     5.727    10.285    -0.004    14.147    17.936     8.318    43.339     1.945    11.359   391.232   406.214
 122.6979167     1.000     5.181     8.933    -0.003    13.768    17.456     8.116    42.655     1.943    10.929   391.426   406.368
 122.6979167     0.500     4.884     7.863    -0.002     0.000     0.000     0.000     0.000     0.000     0.000     0.000     0.000
 122.7187500    23.000    31.849   190.622    -0.280     0.000     0.000     0.000     0.000     0.000     0.000     0.000     0.000
 122.7187500    22.500    31.911   190.447    -0.280     0.000     0.000     0.000     0.000     0.000     0.000     0.000     0.000
 122.7187500    22.000    31.972   190.271    -0.280     0.000     0.000     0.000     0.000     0.000     0.000     0.000     0.000
 122.7187500    21.500    32.032   190.096    -0.280     0.000     0.000     0.000     0.000     0.000     0.000     0.000     0.000
 122.7187500    21.000    32.092   189.921    -0.280     0.000     0.000     0.000     0.000     0.000     0.000     0.000     0.000
 122.7187500    20.500    32.152   189.747    -0.280     0.000     0.000     0.000     0.000     0.000     0.000     0.000     0.000
 122.7187500    20.000    32.211   189.572    -0.280     0.000     0.000     0.000     0.000     0.000     0.000     0.000     0.000
 122.7187500    19.500    32.270   189.398    -0.280     0.000     0.000     0.000     0.000     0.000     0.000     0.000     0.000
 122.7187500    19.000    32.327   189.224    -0.280     0.000     0.000     0.000     0.000     0.000     0.000     0.000     0.000
 122.7187500    18.500    32.385   189.051    -0.280     0.000     0.000     0.000     0.000     0.000     0.000     0.000     0.000
 122.7187500    18.000    32.442   188.878    -0.280     0.000     0.000     0.000     0.000     0.000     0.000     0.000     0.000
 122.7187500    17.500    32.498   188.705    -0.280     0.000     0.000     0.000     0.000     0.000     0.000     0.000     0.000
 122.7187500    17.000    32.553   188.533    -0.280     0.000     0.000     0.000     0.000     0.000     0.000     0.000     0.000
 122.7187500    16.500    32.608   188.361    -0.280     0.000     0.000     0.000     0.000     0.000     0.000     0.000     0.000
 122.7187500    16.000    32.663   188.189    -0.280     0.000     0.000     0.000     0.000     0.000     0.000     0.000     0.000
 122.7187500    15.500    32.716   188.018    -0.280     0.000     0.000     0.000     0.000     0.000     0.000     0.000     0.000
 122.7187500    15.000    32.769   187.848    -0.280     0.000     0.000     0.000     0.000     0.000     0.000     0.000     0.000
 122.7187500    14.500    32.821   187.678    -0.280     0.000     0.000     0.000     0.000     0.000     0.000     0.000     0.000
 122.7187500    14.000    32.873   187.509    -0.280     0.000     0.000     0.000     0.000     0.000     0.000     0.000     0.000
 122.7187500    13.500    32.923   187.341    -0.280     0.000     0.000     0.000     0.000     0.000     0.000     0.000     0.000
 122.7187500    13.000    32.973   187.173    -0.280     0.000     0.000     0.000     0.000     0.000     0.000     0.000     0.000
 122.7187500    12.500    33.022   187.007    -0.280     0.000     0.000     0.000     0.000     0.000     0.000     0.000     0.000
 122.7187500    12.000    33.070   186.841    -0.280     0.000     0.000     0.000     0.000     0.000     0.000     0.000     0.000
 122.7187500    11.500    33.117   186.676    -0.280     0.000     0.000     0.000     0.000     0.000     0.000     0.000     0.000
 122.7187500    11.000    33.163   186.512    -0.280     0.000     0.000     0.000     0.000     0.000     0.000     0.000     0.000
 122.7187500    10.500    33.208   186.349    -0.280     0.000     0.000     0.000     0.000     0.000     0.000     0.000     0.000
 122.7187500    10.000    33.251   186.188    -0.280   112.999   147.073    69.277    35.203     6.331    59.591   341.757   396.859
 122.7187500     9.500    31.351   165.892    -0.216    99.206   129.120    60.942    42.269     5.623    55.716   348.394   397.139
 122.7187500     9.000    29.288   141.179    -0.166    83.111   108.173    51.199    49.169     4.796    50.658   356.185   397.585
 122.7187500     8.500    27.458   117.827    -0.128    68.660    89.363    42.429    53.793     4.056    45.470   363.167   398.147
 122.7187500     8.000    25.761    97.267    -0.098    56.532    73.579    35.050    56.155     3.442    40.482   369.016   398.809
 122.7187500     7.500    24.089    79.806    -0.076    46.670    60.742    29.035    56.713     2.951    35.843   373.776   399.558
 122.7187500     7.000    22.387    65.283    -0.058    38.779    50.473    24.210    55.986     2.571    31.619   377.599   400.383
 122.7187500     6.500    20.630    53.369    -0.045    32.521    42.327    20.374    54.427     2.283    27.830   380.653   401.272
 122.7187500     6.000    18.845    43.665    -0.035    27.577    35.893    17.338    52.391     2.070    24.469   383.092   402.209
 122.7187500     5.500    17.068    35.799    -0.027    23.680    30.820    14.941    50.139     1.919    21.519   385.044   403.175
 122.7187500     5.000    15.338    29.438    -0.020    20.610    26.824    13.049    47.854     1.814    18.954   386.611   404.148
 122.7187500     4.500    13.727    24.259    -0.016    18.193    23.679    11.559    45.657     1.746    16.748   387.867   405.108
 122.7187500     4.000    12.218    20.102    -0.012    16.296    21.209    10.389    43.627     1.704    14.875   388.878   406.022
 122.7187500     3.500    10.828    16.798    -0.009    14.812    19.278     9.474    41.812     1.681    13.310   389.690   406.863
 122.7187500     3.000     9.579    14.206    -0.007    13.662    17.782     8.765    40.237     1.670    12.029   390.340   407.605
 122.7187500     2.500     8.490    12.211    -0.006    12.784    16.639     8.225    38.912     1.666    11.011   390.851   408.227
 122.7187500     2.000     7.579    10.717    -0.004    12.131    15.789     7.824    37.839     1.665    10.234   391.244   408.717
 122.7187500     1.500     6.853     9.647    -0.003    11.665    15.183     7.540    37.013     1.664     9.674   391.531   409.070
 122.7187500     1.000     6.319     8.931    -0.003    11.358    14.783     7.354    36.425     1.662     9.310   391.720   409.288
 122.7187500     0.500     5.989     8.498    -0.002     0.000     0.000     0.000     0.000     0.000     0.000     0.000     0.000
 122.7395833    23.000    51.168   214.354    -0.190     0.000     0.000     0.000     0.000     0.000     0.000     0.000     0.000
 122.7395833    22.500    51.341   214.253    -0.190     0.000     0.000     0.000     0.000     0.000     0.000     0.000     0.000
 122.7395833    22.000    51.514   214.151    -0.190     0.000     0.000     0.000     0.000     0.000     0.000     0.000     0.000
 122.7395833    21.500    51.689   214.049    -0.190     0.000     0.000     0.000     0.000     0.000     0.000     0.000     0.000
 122.7395833    21.000    51.864   213.947    -0.190     0.000     0.000     0.000     0.000     0.000     0.000     0.000     0.000
 122.7395833    20.500    52.041   213.844    -0.190     0.000     0.000     0.000     0.000     0.000     0.000     0.000     0.000
 122.7395833    20.000    52.218   213.740    -0.190     0.000     0.000     0.000     0.000     0.000     0.000     0.000     0.000
 122.7395833    19.500    52.397   213.637    -0.190     0.000     0.000     0.000     0.000     0.000     0.000     0.000     0.000
 122.7395833    19.000    52.577   213.532    -0.190     0.000     0.000     0.000     0.000     0.000     0.000     0.000     0.000
 122.7395833    18.500    52.758   213.428    -0.190     0.000     0.000     0.000     0.000     0.000     0.000     0.000     0.000
 122.7395833    18.000    52.941   213.322    -0.190     0.000     0.000     0.000     0.000     0.000     0.000     0.000     0.000
 122.7395833    17.500    53.125   213.217    -0.190     0.000     0.000     0.000     0.000     0.000     0.000     0.000     0.000
 122.7395833    17.000    53.310   213.110    -0.190     0.000     0.000     0.000     0.000     0.000     0.000     0.000     0.000
 122.7395833    16.500    53.497   213.003    -0.190     0.000     0.000     0.000     0.000     0.000     0.000     0.000     0.000
 122.7395833    16.000    53.685   212.896    -0.190     0.000     0.000     0.000     0.000     0.000     0.000     0.000     0.000
 122.7395833    15.500    53.875   212.788    -0.190     0.000     0.000     0.000     0.000     0.000     0.000     0.000     0.000
 122.7395833    15.000    54.067   212.680    -0.190     0.000     0.000     0.000     0.000     0.000     0.000     0.000     0.000
 122.7395833    14.500    54.261   212.571    -0.190     0.000     0.000     0.000     0.000     0.000     0.000     0.000     0.000
 122.7395833    14.000    54.456   212.462    -0.190     0.000     0.000     0.000     0.000     0.000     0.000     0.000     0.000
 122.7395833    13.500    54.654   212.352    -0.190     0.000     0.000     0.000     0.000     0.000     0.000     0.000     0.000
 122.7395833    13.000    54.854   212.241    -0.190     0.000     0.000     0.000     0.000     0.000     0.000     0.000     0.000
 122.7395833    12.500    55.056   212.130    -0.190     0.000     0.000     0.000     0.000     0.000     0.000     0.000     0.000
 122.7395833    12.000    55.260   212.018    -0.190     0.000     0.000     0.000     0.000     0.000     0.000     0.000     0.000
 122.7395833    11.500    55.468   211.906    -0.190     0.000     0.000     0.000     0.000     0.000     0.000     0.000     0.000
 122.7395833    11.000    55.678   211.794    -0.190     0.000     0.000     0.000     0.000     0.000     0.000     0.000     0.000
 122.7395833    10.500    55.891   211.680    -0.190     0.000     0.000     0.000     0.000     0.000     0.000     0.000     0.000
 122.7395833    10.000    56.107   211.567    -0.190   156.606   193.322    73.748    37.032     7.828    74.782   335.137   400.326
 122.7395833     9.500    51.275   188.877    -0.150   137.689   169.970    65.128    46.857     6.969    70.020   343.085   400.547
 122.7395833     9.000    45.720   161.104    -0.118   115.579   142.676    55.003    56.649     5.964    63.777   352.395   400.922
 122.7395833     8.500    40.690   134.727    -0.093    95.685   118.118    45.838    63.481     5.062    57.347   360.711   401.420
 122.7395833     8.000    36.255   111.382    -0.074    78.954    97.465    38.081    67.315     4.312    51.140   367.654   402.023
 122.7395833     7.500    32.306    91.458    -0.058    65.319    80.633    31.719    68.725     3.713    45.348   373.283   402.719
 122.7395833     7.000    28.721    74.837    -0.046    54.388    67.139    26.588    68.377     3.248    40.058   377.786   403.493
 122.7395833     6.500    25.444    61.146    -0.036    45.699    56.413    22.488    66.864     2.897    35.301   381.369   404.332
 122.7395833     6.000    22.433    49.968    -0.029    38.824    47.926    19.226    64.653     2.639    31.073   384.218   405.219
 122.7395833     5.500    19.670    40.895    -0.023    33.394    41.223    16.639    62.092     2.456    27.355   386.488   406.133
 122.7395833     5.000    17.206    33.493    -0.018    29.109    35.933    14.589    59.428     2.331    24.118   388.297   407.059
 122.7395833     4.500    15.017    27.481    -0.014    25.732    31.764    12.970    56.826     2.252    21.331   389.741   407.971
 122.7395833     4.000    13.068    22.652    -0.011    23.076    28.486    11.693    54.397     2.206    18.962   390.898   408.840
 122.7395833     3.500    11.351    18.814    -0.009    20.997    25.920    10.693    52.208     2.183    16.982   391.823   409.637
 122.7395833     3.000     9.872    15.806    -0.007    19.385    23.930     9.917    50.297     2.174    15.361   392.559   410.339
 122.7395833     2.500     8.639    13.490    -0.006    18.153    22.409     9.325    48.683     2.173    14.072   393.137   410.926
 122.7395833     2.000     7.647    11.764    -0.004    17.235    21.276     8.885    47.372     2.175    13.088   393.580   411.384
 122.7395833     1.500     6.896    10.538    -0.003    16.580    20.467     8.573    46.359     2.177    12.380   393.903   411.711
 122.7395833     1.000     6.394     9.723    -0.003    16.148    19.934     8.369    45.637     2.177    11.918   394.117   411.911
 122.7395833     0.500     6.142     9.241    -0.002     0.000     0.000     0.000     0.000     0.000     0.000     0.000     0.000
 122.7604167    23.000   171.306   331.691    -0.378     0.000     0.000     0.000     0.000     0.000     0.000     0.000     0.000
 122.7604167    22.500   171.585   331.449    -0.378     0.000     0.000     0.000     0.000     0.000     0.000     0.000     0.000
 122.7604167    22.000   171.865   331.207    -0.378     0.000     0.000     0.000     0.000     0.000     0.000     0.000     0.000
 122.7604167    21.500   172.146   330.967    -0.378     0.000     0.000     0.000     0.000     0.000     0.000     0.000     0.000
 122.7604167    21.000   172.429   330.728    -0.378     0.000     0.000     0.000     0.000     0.000     0.000     0.000     0.000
 122.7604167    20.500   172.714   330.490    -0.378     0.000     0.000     0.000     0.000     0.000     0.000     0.000     0.000
 122.7604167    20.000   173.001   330.253    -0.378     0.000     0.000     0.000     0.000     0.000     0.000     0.000     0.000
 122.7604167    19.500   173.289   330.017    -0.378     0.000     0.000     0.000     0.000     0.000     0.000     0.000     0.000
 122.7604167    19.000   173.580   329.783    -0.378     0.000     0.000     0.000     0.000     0.000     0.000     0.000     0.000
 122.7604167    18.500   173.872   329.550    -0.378     0.000     0.000     0.000     0.000     0.000     0.000     0.000     0.000
 122.7604167    18.000   174.166   329.318    -0.378     0.000     0.000     0.000     0.000     0.000     0.000     0.000     0.000
 122.7604167    17.500   174.462   329.088    -0.378     0.000     0.000     0.000     0.000     0.000     0.000     0.000     0.000
 122.7604167    17.000   174.761   328.859    -0.378     0.000     0.000     0.000     0.000     0.000     0.000     0.000     0.000
 122.7604167    16.500   175.062   328.631    -0.378     0.000     0.000     0.000     0.000     0.000     0.000     0.000     0.000
 122.7604167    16.000   175.365   328.406    -0.378     0.000     0.000     0.000     0.000     0.000     0.000     0.000     0.000
 122.7604167    15.500   175.670   328.181    -0.378     0.000     0.000     0.000     0.000     0.000     0.000     0.000     0.000
 122.7604167    15.000   175.979   327.959    -0.378     0.000     0.000     0.000     0.000     0.000     0.000     0.000     0.000
 122.7604167    14.500   176.289   327.739    -0.378     0.000     0.000     0.000     0.000     0.000     0.000     0.000     0.000
 122.7604167    14.000   176.603   327.520    -0.378     0.000     0.000     0.000     0.000     0.000     0.000     0.000     0.000
 122.7604167    13.500   176.920   327.303    -0.378     0.000     0.000     0.000     0.000     0.000     0.000     0.000     0.000
 122.7604167    13.000   177.240   327.089    -0.378     0.000     0.000     0.000     0.000     0.000     0.000     0.000     0.000
 122.7604167    12.500   177.563   326.876    -0.378     0.000     0.000     0.000     0.000     0.000     0.000     0.000     0.000
 122.7604167    12.000   177.889   326.666    -0.378     0.000     0.000     0.000     0.000     0.000     0.000     0.000     0.000
 122.7604167    11.500   178.219   326.459    -0.378     0.000     0.000     0.000     0.000     0.000     0.000     0.000     0.000
 122.7604167    11.000   178.553   326.254    -0.378     0.000     0.000     0.000     0.000     0.000     0.000     0.000     0.000
 122.7604167    10.500   178.892   326.052    -0.378     0.000     0.000     0.000     0.000     0.000     0.000     0.000     0.000
 122.7604167    10.000   179.234   325.853    -0.378   335.113   374.219    85.513    46.407    13.718   135.428   330.343   410.416
 122.7604167     9.500   160.211   291.621    -0.298   294.941   329.359    76.608    67.039    12.262   127.015   340.304   410.460
 122.7604167     9.000   137.748   249.523    -0.236   247.930   276.862    65.930    88.090    10.552   115.930   351.925   410.612
 122.7604167     8.500   117.094   209.318    -0.186   205.568   229.557    56.028   103.434     9.012   104.454   362.239   410.901
 122.7604167     8.000    99.103   173.489    -0.147   169.889   189.714    47.445   112.859     7.728    93.321   370.778   411.329
 122.7604167     7.500    83.698   142.690    -0.116   140.765   157.192    40.243   117.409     6.699    82.891   377.636   411.887
 122.7604167     7.000    70.573   116.776    -0.091   117.382   131.080    34.309   118.356     5.901    73.333   383.065   412.558
 122.7604167     6.500    59.391    95.272    -0.072    98.769   110.295    29.473   116.843     5.300    64.712   387.338   413.325
 122.7604167     6.000    49.850    77.589    -0.057    84.020    93.825    25.558   113.788     4.861    57.033   390.700   414.166
 122.7604167     5.500    41.799    63.027    -0.045    72.357    80.800    22.405   109.880     4.555    50.267   393.341   415.065
 122.7604167     5.000    34.982    51.118    -0.035    63.143    70.511    19.872   105.612     4.352    44.366   395.425   415.992
 122.7604167     4.500    29.199    41.454    -0.028    55.873    62.393    17.847   101.326     4.229    39.279   397.077   416.914
 122.7604167     4.000    24.321    33.661    -0.022    50.150    56.003    16.236    97.250     4.164    34.952   398.390   417.798
 122.7604167     3.500    20.240    27.442    -0.017    45.668    50.997    14.963    93.530     4.139    31.332   399.437   418.610
 122.7604167     3.000    16.854    22.567    -0.014    42.188    47.111    13.969    90.253     4.139    28.367   400.268   419.323
 122.7604167     2.500    14.113    18.824    -0.011    39.527    44.140    13.208    87.467     4.152    26.010   400.922   419.915
 122.7604167     2.000    11.966    16.044    -0.009    37.545    41.926    12.641    85.189     4.167    24.210   401.426   420.371
 122.7604167     1.500    10.374    14.084    -0.007    36.130    40.346    12.239    83.423     4.180    22.916   401.799   420.689
 122.7604167     1.000     9.318    12.808    -0.005    35.196    39.303    11.977    82.159     4.186    22.072   402.050   420.876
 122.7604167     0.500     8.781    12.091    -0.004     0.000     0.000     0.000     0.000     0.000     0.000     0.000     0.000
 122.7812500    23.000   218.610   385.144    -0.507     0.000     0.000     0.000     0.000     0.000     0.000     0.000     0.000
 122.7812500    22.500   218.761   384.969    -0.507     0.000     0.000     0.000     0.000     0.000     0.000     0.000     0.000
 122.7812500    22.000   218.912   384.795    -0.507     0.000     0.000     0.000     0.000     0.000     0.000     0.000     0.000
 122.7812500    21.500   219.064   384.620    -0.507     0.000     0.000     0.000     0.000     0.000     0.000     0.000     0.000
 122.7812500    21.000   219.217   384.447    -0.507     0.000     0.000     0.000     0.000     0.000     0.000     0.000     0.000
 122.7812500    20.500   219.370   384.273    -0.507     0.000     0.000     0.000     0.000     0.000     0.000     0.000     0.000
 122.7812500    20.000   219.525   384.100    -0.507     0.000     0.000     0.000     0.000     0.000     0.000     0.000     0.000
 122.7812500    19.500   219.679   383.928    -0.507     0.000     0.000     0.000     0.000     0.000     0.000     0.000     0.000
 122.7812500    19.000   219.835   383.755    -0.507     0.000     0.000     0.000     0.000     0.000     0.000     0.000     0.000
 122.7812500    18.500   219.991   383.584    -0.507     0.000     0.000     0.000     0.000     0.000     0.000     0.000     0.000
 122.7812500    18.000   220.149   383.412    -0.507     0.000     0.000     0.000     0.000     0.000     0.000     0.000     0.000
 122.7812500    17.500   220.307   383.241    -0.507     0.000     0.000     0.000     0.000     0.000     0.000     0.000     0.000
 122.7812500    17.000   220.465   383.071    -0.507     0.000     0.000     0.000     0.000     0.000     0.000     0.000     0.000
 122.7812500    16.500   220.625   382.901    -0.507     0.000     0.000     0.000     0.000     0.000     0.000     0.000     0.000
 122.7812500    16.000   220.785   382.731    -0.507     0.000     0.000     0.000     0.000     0.000     0.000     0.000     0.000
 122.7812500    15.500   220.947   382.562    -0.507     0.000     0.000     0.000     0.000     0.000     0.000     0.000     0.000
 122.7812500    15.000   221.109   382.394    -0.507     0.000     0.000     0.000     0.000     0.000     0.000     0.000     0.000
 122.7812500    14.500   221.272   382.226    -0.507     0.000     0.000     0.000     0.000     0.000     0.000     0.000     0.000
 122.7812500    14.000   221.436   382.059    -0.507     0.000     0.000     0.000     0.000     0.000     0.000     0.000     0.000
 122.7812500    13.500   221.601   381.892    -0.507     0.000     0.000     0.000     0.000     0.000     0.000     0.000     0.000
 122.7812500    13.000   221.767   381.726    -0.507     0.000     0.000     0.000     0.000     0.000     0.000     0.000     0.000
 122.7812500    12.500   221.934   381.560    -0.507     0.000     0.000     0.000     0.000     0.000     0.000     0.000     0.000
 122.7812500    12.000   222.103   381.395    -0.507     0.000     0.000     0.000     0.000     0.000     0.000     0.000     0.000
 122.7812500    11.500   222.272   381.231    -0.507     0.000     0.000     0.000     0.000     0.000     0.000     0.000     0.000
 122.7812500    11.000   222.443   381.067    -0.507     0.000     0.000     0.000     0.000     0.000     0.000     0.000     0.000
 122.7812500    10.500   222.614   380.904    -0.507     0.000     0.000     0.000     0.000     0.000     0.000     0.000     0.000
 122.7812500    10.000   222.787   380.742    -0.507   404.515   448.808    81.869    37.577    15.641   155.691   328.359   416.108
 122.7812500     9.500   198.768   342.873    -0.397   356.287   395.299    73.928    63.455    14.004   146.192   339.204   416.237
 122.7812500     9.000   171.036   295.399    -0.311   299.800   332.626    64.276    90.182    12.079   133.628   351.837   416.557
 122.7812500     8.500   146.802   248.481    -0.243   248.846   276.093    55.188   110.093    10.343   120.571   363.030   417.096
 122.7812500     8.000   125.640   206.523    -0.190   205.882   228.425    47.195   122.827     8.892   107.863   372.308   417.829
 122.7812500     7.500   107.386   170.406    -0.149   170.775   189.474    40.397   129.590     7.730    95.921   379.769   418.744
 122.7812500     7.000    91.708   139.966    -0.116   142.556   158.165    34.727   131.890     6.828    84.951   385.685   419.826
 122.7812500     6.500    78.255   114.636    -0.091   120.072   133.219    30.057   131.096     6.149    75.037   390.350   421.052
 122.7812500     6.000    66.690    93.739    -0.071   102.238   113.432    26.241   128.315     5.656    66.191   394.028   422.392
 122.7812500     5.500    56.763    76.567    -0.056    88.121    97.770    23.140   124.383     5.313    58.385   396.932   423.816
 122.7812500     5.000    48.327    62.424    -0.044    76.961    85.387    20.634   119.907     5.089    51.571   399.230   425.289
 122.7812500     4.500    41.086    50.918    -0.034    68.148    75.610    18.617   115.308     4.955    45.691   401.058   426.757
 122.7812500     4.000    34.895    41.623    -0.027    61.207    67.909    17.004   110.872     4.889    40.685   402.520   428.171
 122.7812500     3.500    29.637    34.199    -0.021    55.766    61.873    15.725   106.784     4.868    36.496   403.690   429.478
 122.7812500     3.000    25.209    28.378    -0.016    51.541    57.184    14.724   103.158     4.875    33.064   404.626   430.635
 122.7812500     2.500    21.564    23.905    -0.013    48.309    53.598    13.955   100.059     4.895    30.335   405.367   431.605
 122.7812500     2.000    18.641    20.594    -0.010    45.899    50.925    13.383    97.516     4.918    28.251   405.941   432.364
 122.7812500     1.500    16.403    18.274    -0.008    44.179    49.017    12.976    95.538     4.936    26.753   406.367   432.905
 122.7812500     1.000    14.830    16.784    -0.006    43.044    47.757    12.712    94.118     4.946    25.778   406.655   433.234
 122.7812500     0.500    13.905    15.972    -0.005     0.000     0.000     0.000     0.000     0.000     0.000     0.000     0.000
 122.8020833    23.000   226.484   344.357    -0.657     0.000     0.000     0.000     0.000     0.000     0.000     0.000     0.000
 122.8020833    22.500   226.356   344.501    -0.657     0.000     0.000     0.000     0.000     0.000     0.000     0.000     0.000
 122.8020833    22.000   226.227   344.644    -0.657     0.000     0.000     0.000     0.000     0.000     0.000     0.000     0.000
 122.8020833    21.500   226.097   344.786    -0.657     0.000     0.000     0.000     0.000     0.000     0.000     0.000     0.000
 122.8020833    21.000   225.966   344.926    -0.657     0.000     0.000     0.000     0.000     0.000     0.000     0.000     0.000
 122.8020833    20.500   225.834   345.065    -0.657     0.000     0.000     0.000     0.000     0.000     0.000     0.000     0.000
 122.8020833    20.000   225.701   345.203    -0.657     0.000     0.000     0.000     0.000     0.000     0.000     0.000     0.000
 122.8020833    19.500   225.566   345.340    -0.657     0.000     0.000     0.000     0.000     0.000     0.000     0.000     0.000
 122.8020833    19.000   225.431   345.475    -0.657     0.000     0.000     0.000     0.000     0.000     0.000     0.000     0.000
 122.8020833    18.500   225.294   345.608    -0.657     0.000     0.000     0.000     0.000     0.000     0.000     0.000     0.000
 122.8020833    18.000   225.157   345.740    -0.657     0.000     0.000     0.000     0.000     0.000     0.000     0.000     0.000
 122.8020833    17.500   225.017   345.870    -0.657     0.000     0.000     0.000     0.000     0.000     0.000     0.000     0.000
 122.8020833    17.000   224.877   345.999    -0.657     0.000     0.000     0.000     0.000     0.000     0.000     0.000     0.000
 122.8020833    16.500   224.735   346.126    -0.657     0.000     0.000     0.000     0.000     0.000     0.000     0.000     0.000
 122.8020833    16.000   224.591   346.250    -0.657     0.000     0.000     0.000     0.000     0.000     0.000     0.000     0.000
 122.8020833    15.500   224.445   346.373    -0.657     0.000     0.000     0.000     0.000     0.000     0.000     0.000     0.000
 122.8020833    15.000   224.298   346.494    -0.657     0.000     0.000     0.000     0.000     0.000     0.000     0.000     0.000
 122.8020833    14.500   224.149   346.613    -0.657     0.000     0.000     0.000     0.000     0.000     0.000     0.000     0.000
 122.8020833    14.000   223.998   346.729    -0.657     0.000     0.000     0.000     0.000     0.000     0.000     0.000     0.000
 122.8020833    13.500   223.845   346.843    -0.657     0.000     0.000     0.000     0.000     0.000     0.000     0.000     0.000
 122.8020833    13.000   223.689   346.954    -0.657     0.000     0.000     0.000     0.000     0.000     0.000     0.000     0.000
 122.8020833    12.500   223.531   347.063    -0.657     0.000     0.000     0.000     0.000     0.000     0.000     0.000     0.000
 122.8020833    12.000   223.370   347.169    -0.657     0.000     0.000     0.000     0.000     0.000     0.000     0.000     0.000
 122.8020833    11.500   223.207   347.271    -0.657     0.000     0.000     0.000     0.000     0.000     0.000     0.000     0.000
 122.8020833    11.000   223.040   347.370    -0.657     0.000     0.000     0.000     0.000     0.000     0.000     0.000     0.000
 122.8020833    10.500   222.870   347.466    -0.657     0.000     0.000     0.000     0.000     0.000     0.000     0.000     0.000
 122.8020833    10.000   222.697   347.558    -0.657   367.831   409.609    74.593    32.815    14.209   141.357   331.888   415.221
 122.8020833     9.500   200.650   313.283    -0.508   324.139   360.955    67.343    56.456    12.727   132.783   341.998   415.561
 122.8020833     9.000   174.119   271.287    -0.393   272.935   303.935    58.536    80.912    10.983   121.430   353.800   416.181
 122.8020833     8.500   148.970   231.660    -0.304   226.714   252.464    50.250    99.178     9.411   109.617   364.362   416.977
 122.8020833     8.000   127.173   195.674    -0.236   187.712   209.032    42.965   110.912     8.096    98.107   373.062   418.092
 122.8020833     7.500   109.347   163.606    -0.182   155.818   173.516    36.772   117.203     7.042    87.281   380.113   419.399
 122.8020833     7.000    95.102   135.271    -0.141   130.164   144.948    31.610   119.417     6.225    77.328   385.692   420.955
 122.8020833     6.500    83.163   111.143    -0.109   109.709   122.170    27.358   118.799     5.610    68.327   390.095   422.719
 122.8020833     6.000    72.659    91.262    -0.085    93.473   104.090    23.885   116.356     5.163    60.291   393.590   424.635
 122.8020833     5.500    63.467    74.899    -0.065    80.614    89.771    21.064   112.852     4.853    53.196   396.368   426.662
 122.8020833     5.000    55.415    61.485    -0.051    70.442    78.443    18.783   108.838     4.651    47.001   398.585   428.750
 122.8020833     4.500    48.353    50.566    -0.039    62.406    69.494    16.948   104.700     4.531    41.653   400.365   430.832
 122.8020833     4.000    42.135    41.794    -0.030    56.073    62.442    15.481   100.702     4.472    37.100   401.802   432.838
 122.8020833     3.500    36.717    34.820    -0.023    51.108    56.913    14.318    97.012     4.454    33.287   402.963   434.701
 122.8020833     3.000    32.057    29.367    -0.018    47.250    52.617    13.407    93.736     4.462    30.165   403.899   436.359
 122.8020833     2.500    28.115    25.222    -0.014    44.299    49.330    12.708    90.933     4.482    27.681   404.645   437.761
 122.8020833     2.000    24.863    22.200    -0.011    42.098    46.879    12.187    88.632     4.504    25.784   405.225   438.871
 122.8020833     1.500    22.287    20.132    -0.008    40.526    45.129    11.817    86.841     4.521    24.421   405.657   439.675
 122.8020833     1.000    20.366    18.874    -0.007    39.489    43.974    11.577    85.555     4.530    23.534   405.947   440.177
 122.8020833     0.500    19.099    18.271    -0.005     0.000     0.000     0.000     0.000     0.000     0.000     0.000     0.000
 122.8229167    23.000    29.656   177.268    -0.465     0.000     0.000     0.000     0.000     0.000     0.000     0.000     0.000
 122.8229167    22.500    29.327   177.612    -0.465     0.000     0.000     0.000     0.000     0.000     0.000     0.000     0.000
 122.8229167    22.000    28.996   177.956    -0.465     0.000     0.000     0.000     0.000     0.000     0.000     0.000     0.000
 122.8229167    21.500    28.663   178.299    -0.465     0.000     0.000     0.000     0.000     0.000     0.000     0.000     0.000
 122.8229167    21.000    28.326   178.642    -0.465     0.000     0.000     0.000     0.000     0.000     0.000     0.000     0.000
 122.8229167    20.500    27.988   178.984    -0.465     0.000     0.000     0.000     0.000     0.000     0.000     0.000     0.000
 122.8229167    20.000    27.646   179.326    -0.465     0.000     0.000     0.000     0.000     0.000     0.000     0.000     0.000
 122.8229167    19.500    27.302   179.667    -0.465     0.000     0.000     0.000     0.000     0.000     0.000     0.000     0.000
 122.8229167    19.000    26.955   180.007    -0.465     0.000     0.000     0.000     0.000     0.000     0.000     0.000     0.000
 122.8229167    18.500    26.605   180.346    -0.465     0.000     0.000     0.000     0.000     0.000     0.000     0.000     0.000
 122.8229167    18.000    26.252   180.684    -0.465     0.000     0.000     0.000     0.000     0.000     0.000     0.000     0.000
 122.8229167    17.500    25.896   181.022    -0.465     0.000     0.000     0.000     0.000     0.000     0.000     0.000     0.000
 122.8229167    17.000    25.536   181.359    -0.465     0.000     0.000     0.000     0.000     0.000     0.000     0.000     0.000
 122.8229167    16.500    25.173   181.694    -0.465     0.000     0.000     0.000     0.000     0.000     0.000     0.000     0.000
 122.8229167    16.000    24.806   182.029    -0.465     0.000     0.000     0.000     0.000     0.000     0.000     0.000     0.000
 122.8229167    15.500    24.436   182.362    -0.465     0.000     0.000     0.000     0.000     0.000     0.000     0.000     0.000
 122.8229167    15.000    24.061   182.694    -0.465     0.000     0.000     0.000     0.000     0.000     0.000     0.000     0.000
 122.8229167    14.500    23.682   183.025    -0.465     0.000     0.000     0.000     0.000     0.000     0.000     0.000     0.000
 122.8229167    14.000    23.299   183.354    -0.465     0.000     0.000     0.000     0.000     0.000     0.000     0.000     0.000
 122.8229167    13.500    22.911   183.682    -0.465     0.000     0.000     0.000     0.000     0.000     0.000     0.000     0.000
 122.8229167    13.000    22.518   184.008    -0.465     0.000     0.000     0.000     0.000     0.000     0.000     0.000     0.000
 122.8229167    12.500    22.121   184.332    -0.465     0.000     0.000     0.000     0.000     0.000     0.000     0.000     0.000
 122.8229167    12.000    21.718   184.655    -0.465     0.000     0.000     0.000     0.000     0.000     0.000     0.000     0.000
 122.8229167    11.500    21.309   184.975    -0.465     0.000     0.000     0.000     0.000     0.000     0.000     0.000     0.000
 122.8229167    11.000    20.894   185.293    -0.465     0.000     0.000     0.000     0.000     0.000     0.000     0.000     0.000
 122.8229167    10.500    20.473   185.609    -0.465     0.000     0.000     0.000     0.000     0.000     0.000     0.000     0.000
 122.8229167    10.000    20.045   185.922    -0.465    86.684   105.277    47.872    29.279     4.601    43.663   358.894   402.521
 122.8229167     9.500    23.432   165.786    -0.355    76.411    92.800    42.157    33.886     4.098    40.889   363.717   403.236
 122.8229167     9.000    27.372   141.439    -0.271    64.367    78.173    35.471    38.330     3.510    37.252   369.426   404.326
 122.8229167     8.500    30.518   118.856    -0.206    53.490    64.963    29.446    41.220     2.982    33.507   374.616   405.649
 122.8229167     8.000    32.917    98.923    -0.157    44.308    53.812    24.371    42.577     2.543    29.890   379.007   407.212
 122.8229167     7.500    34.355    82.049    -0.120    36.796    44.689    20.228    42.715     2.192    26.514   382.635   408.994
 122.8229167     7.000    34.845    68.090    -0.092    30.751    37.347    16.900    41.988     1.920    23.430   385.601   410.978
 122.8229167     6.500    34.610    56.605    -0.070    25.929    31.491    14.251    40.707     1.714    20.656   388.017   413.151
 122.8229167     6.000    33.721    47.256    -0.053    22.101    26.841    12.151    39.115     1.563    18.189   389.991   415.479
 122.8229167     5.500    32.336    39.677    -0.041    19.067    23.157    10.490    37.392     1.456    16.019   391.611   417.916
 122.8229167     5.000    30.635    33.515    -0.031    16.667    20.241     9.179    35.663     1.383    14.128   392.947   420.409
 122.8229167     4.500    28.726    28.537    -0.024    14.769    17.937     8.144    34.012     1.337    12.500   394.053   422.888
 122.8229167     4.000    26.692    24.580    -0.018    13.274    16.121     7.331    32.492     1.310    11.116   394.975   425.278
 122.8229167     3.500    24.629    21.489    -0.014    12.101    14.697     6.694    31.137     1.297     9.958   395.741   427.502
 122.8229167     3.000    22.625    19.137    -0.011    11.190    13.590     6.201    29.963     1.292     9.011   396.373   429.490
 122.8229167     2.500    20.762    17.413    -0.008    10.493    12.743     5.825    28.977     1.292     8.257   396.886   431.184
 122.8229167     2.000    19.099    16.225    -0.006     9.973    12.112     5.546    28.179     1.293     7.681   397.289   432.543
 122.8229167     1.500    17.677    15.495    -0.005     9.601    11.661     5.348    27.564     1.294     7.266   397.587   433.545
 122.8229167     1.000    16.525    15.148    -0.004     9.356    11.363     5.219    27.128     1.294     6.996   397.785   434.188
 122.8229167     0.500    15.654    15.117    -0.003     0.000     0.000     0.000     0.000     0.000     0.000     0.000     0.000
 122.8437500    23.000    82.527   206.797    -0.410     0.000     0.000     0.000     0.000     0.000     0.000     0.000     0.000
 122.8437500    22.500    82.554   206.676    -0.410     0.000     0.000     0.000     0.000     0.000     0.000     0.000     0.000
 122.8437500    22.000    82.583   206.555    -0.410     0.000     0.000     0.000     0.000     0.000     0.000     0.000     0.000
 122.8437500    21.500    82.613   206.436    -0.410     0.000     0.000     0.000     0.000     0.000     0.000     0.000     0.000
 122.8437500    21.000    82.645   206.317    -0.410     0.000     0.000     0.000     0.000     0.000     0.000     0.000     0.000
 122.8437500    20.500    82.679   206.199    -0.410     0.000     0.000     0.000     0.000     0.000     0.000     0.000     0.000
 122.8437500    20.000    82.714   206.081    -0.410     0.000     0.000     0.000     0.000     0.000     0.000     0.000     0.000
 122.8437500    19.500    82.751   205.965    -0.410     0.000     0.000     0.000     0.000     0.000     0.000     0.000     0.000
 122.8437500    19.000    82.790   205.849    -0.410     0.000     0.000     0.000     0.000     0.000     0.000     0.000     0.000
 122.8437500    18.500    82.831   205.734    -0.410     0.000     0.000     0.000     0.000     0.000     0.000     0.000     0.000
 122.8437500    18.000    82.874   205.621    -0.410     0.000     0.000     0.000     0.000     0.000     0.000     0.000     0.000
 122.8437500    17.500    82.919   205.508    -0.410     0.000     0.000     0.000     0.000     0.000     0.000     0.000     0.000
 122.8437500    17.000    82.967   205.396    -0.410     0.000     0.000     0.000     0.000     0.000     0.000     0.000     0.000
 122.8437500    16.500    83.017   205.285    -0.410     0.000     0.000     0.000     0.000     0.000     0.000     0.000     0.000
 122.8437500    16.000    83.070   205.175    -0.410     0.000     0.000     0.000     0.000     0.000     0.000     0.000     0.000
 122.8437500    15.500    83.126   205.067    -0.410     0.000     0.000     0.000     0.000     0.000     0.000     0.000     0.000
 122.8437500    15.000    83.185   204.960    -0.410     0.000     0.000     0.000     0.000     0.000     0.000     0.000     0.000
 122.8437500    14.500    83.247   204.854    -0.410     0.000     0.000     0.000     0.000     0.000     0.000     0.000     0.000
 122.8437500    14.000    83.312   204.750    -0.410     0.000     0.000     0.000     0.000     0.000     0.000     0.000     0.000
 122.8437500    13.500    83.381   204.647    -0.410     0.000     0.000     0.000     0.000     0.000     0.000     0.000     0.000
 122.8437500    13.000    83.454   204.545    -0.410     0.000     0.000     0.000     0.000     0.000     0.000     0.000     0.000
 122.8437500    12.500    83.531   204.446    -0.410     0.000     0.000     0.000     0.000     0.000     0.000     0.000     0.000
 122.8437500    12.000    83.612   204.348    -0.410     0.000     0.000     0.000     0.000     0.000     0.000     0.000     0.000
 122.8437500    11.500    83.698   204.252    -0.410     0.000     0.000     0.000     0.000     0.000     0.000     0.000     0.000
 122.8437500    11.000    83.789   204.159    -0.410     0.000     0.000     0.000     0.000     0.000     0.000     0.000     0.000
 122.8437500    10.500    83.886   204.067    -0.410     0.000     0.000     0.000     0.000     0.000     0.000     0.000     0.000
 122.8437500    10.000    83.988   203.978    -0.410   143.379   177.443    70.426    36.362     7.245    68.981   355.337   401.655
 122.8437500     9.500    77.983   182.491    -0.317   126.402   156.433    62.130    45.027     6.459    64.672   360.713   402.121
 122.8437500     9.000    70.282   156.887    -0.244   106.497   131.798    52.402    53.650     5.538    59.003   367.037   402.854
 122.8437500     8.500    62.765   132.970    -0.189    88.518   109.548    43.613    59.639     4.712    53.143   372.711   403.787
 122.8437500     8.000    55.874   111.949    -0.146    73.337    90.760    36.190    62.958     4.023    47.466   377.464   404.917
 122.8437500     7.500    49.561    94.157    -0.112    60.915    75.387    30.113    64.115     3.473    42.152   381.347   406.222
 122.8437500     7.000    43.818    79.334    -0.087    50.917    63.013    25.219    63.701     3.046    37.286   384.474   407.697
 122.8437500     6.500    39.342    66.276    -0.067    42.940    53.142    21.314    62.247     2.724    32.900   386.949   409.369
 122.8437500     6.000    35.856    54.811    -0.052    36.605    45.302    18.212    60.170     2.488    28.994   388.911   411.206
 122.8437500     5.500    32.567    45.415    -0.040    31.586    39.090    15.753    57.783     2.321    25.553   390.499   413.138
 122.8437500     5.000    29.451    37.771    -0.031    27.613    34.173    13.808    55.308     2.208    22.553   391.794   415.116
 122.8437500     4.500    26.528    31.589    -0.024    24.473    30.287    12.271    52.895     2.137    19.967   392.857   417.082
 122.8437500     4.000    23.821    26.628    -0.018    21.997    27.223    11.061    50.643     2.096    17.767   393.735   418.974
 122.8437500     3.500    21.364    22.690    -0.014    20.056    24.821    10.113    48.615     2.077    15.927   394.459   420.731
 122.8437500     3.000    19.199    19.603    -0.011    18.547    22.953     9.378    46.845     2.071    14.419   395.054   422.298
 122.8437500     2.500    17.341    17.248    -0.008    17.392    21.524     8.818    45.350     2.073    13.221   395.535   423.629
 122.8437500     2.000    15.818    15.511    -0.007    16.531    20.458     8.402    44.135     2.076    12.305   395.914   424.690
 122.8437500     1.500    14.643    14.296    -0.005    15.916    19.697     8.106    43.196     2.079    11.646   396.197   425.467
 122.8437500     1.000    13.820    13.519    -0.004    15.510    19.195     7.913    42.526     2.080    11.217   396.386   425.961
 122.8437500     0.500    13.351    13.094    -0.003     0.000     0.000     0.000     0.000     0.000     0.000     0.000     0.000
 122.8645833    23.000   137.074   312.327    -0.497     0.000     0.000     0.000     0.000     0.000     0.000     0.000     0.000
 122.8645833    22.500   137.519   311.916    -0.497     0.000     0.000     0.000     0.000     0.000     0.000     0.000     0.000
 122.8645833    22.000   137.965   311.505    -0.497     0.000     0.000     0.000     0.000     0.000     0.000     0.000     0.000
 122.8645833    21.500   138.411   311.095    -0.497     0.000     0.000     0.000     0.000     0.000     0.000     0.000     0.000
 122.8645833    21.000   138.858   310.685    -0.497     0.000     0.000     0.000     0.000     0.000     0.000     0.000     0.000
 122.8645833    20.500   139.305   310.277    -0.497     0.000     0.000     0.000     0.000     0.000     0.000     0.000     0.000
 122.8645833    20.000   139.753   309.869    -0.497     0.000     0.000     0.000     0.000     0.000     0.000     0.000     0.000
 122.8645833    19.500   140.201   309.462    -0.497     0.000     0.000     0.000     0.000     0.000     0.000     0.000     0.000
 122.8645833    19.000   140.649   309.057    -0.497     0.000     0.000     0.000     0.000     0.000     0.000     0.000     0.000
 122.8645833    18.500   141.098   308.652    -0.497     0.000     0.000     0.000     0.000     0.000     0.000     0.000     0.000
 122.8645833    18.000   141.548   308.248    -0.497     0.000     0.000     0.000     0.000     0.000     0.000     0.000     0.000
 122.8645833    17.500   141.998   307.846    -0.497     0.000     0.000     0.000     0.000     0.000     0.000     0.000     0.000
 122.8645833    17.000   142.448   307.445    -0.497     0.000     0.000     0.000     0.000     0.000     0.000     0.000     0.000
 122.8645833    16.500   142.899   307.045    -0.497     0.000     0.000     0.000     0.000     0.000     0.000     0.000     0.000
 122.8645833    16.000   143.350   306.646    -0.497     0.000     0.000     0.000     0.000     0.000     0.000     0.000     0.000
 122.8645833    15.500   143.802   306.249    -0.497     0.000     0.000     0.000     0.000     0.000     0.000     0.000     0.000
 122.8645833    15.000   144.254   305.853    -0.497     0.000     0.000     0.000     0.000     0.000     0.000     0.000     0.000
 122.8645833    14.500   144.707   305.459    -0.497     0.000     0.000     0.000     0.000     0.000     0.000     0.000     0.000
 122.8645833    14.000   145.160   305.067    -0.497     0.000     0.000     0.000     0.000     0.000     0.000     0.000     0.000
 122.8645833    13.500   145.614   304.676    -0.497     0.000     0.000     0.000     0.000     0.000     0.000     0.000     0.000
 122.8645833    13.000   146.068   304.287    -0.497     0.000     0.000     0.000     0.000     0.000     0.000     0.000     0.000
 122.8645833    12.500   146.523   303.900    -0.497     0.000     0.000     0.000     0.000     0.000     0.000     0.000     0.000
 122.8645833    12.000   146.978   303.515    -0.497     0.000     0.000     0.000     0.000     0.000     0.000     0.000     0.000
 122.8645833    11.500   147.434   303.133    -0.497     0.000     0.000     0.000     0.000     0.000     0.000     0.000     0.000
 122.8645833    11.000   147.891   302.753    -0.497     0.000     0.000     0.000     0.000     0.000     0.000     0.000     0.000
 122.8645833    10.500   148.347   302.375    -0.497     0.000     0.000     0.000     0.000     0.000     0.000     0.000     0.000
 122.8645833    10.000   148.805   302.001    -0.497   276.953   314.906    85.896    47.943    11.918   116.573   336.895   411.258
 122.8645833     9.500   134.366   270.834    -0.386   244.151   277.609    76.501    64.484    10.655   109.383   345.920   411.556
 122.8645833     9.000   117.130   232.709    -0.299   205.691   233.878    65.341    81.249     9.171    99.898   356.486   412.067
 122.8645833     8.500   100.975   196.576    -0.232   170.955   194.382    55.104    93.312     7.836    90.065   365.913   412.757
 122.8645833     8.000    86.441   164.757    -0.180   141.627   161.035    46.323   100.523     6.722    80.517   373.773   413.610
 122.8645833     7.500    73.491   137.816    -0.140   117.631   133.750    39.027   103.753     5.829    71.560   380.149   414.599
 122.8645833     7.000    61.968   115.525    -0.108    98.318   111.791    33.069   104.053     5.137    63.344   385.249   415.710
 122.8645833     6.500    51.696    97.338    -0.084    82.911    94.273    28.253   102.366     4.616    55.928   389.295   416.943
 122.8645833     6.000    43.176    81.954    -0.065    70.676    80.361    24.381    99.449     4.235    49.316   392.470   418.313
 122.8645833     5.500    36.848    68.212    -0.051    60.981    69.337    21.281    95.869     3.969    43.486   394.959   419.795
 122.8645833     5.000    32.087    56.124    -0.039    53.308    60.613    18.805    92.032     3.793    38.400   396.913   421.348
 122.8645833     4.500    27.935    46.242    -0.030    47.244    53.718    16.834    88.218     3.686    34.012   398.482   422.891
 122.8645833     4.000    24.318    38.235    -0.024    42.464    48.283    15.271    84.615     3.630    30.278   399.747   424.372
 122.8645833     3.500    21.203    31.805    -0.018    38.715    44.020    14.040    81.340     3.608    27.153   400.768   425.740
 122.8645833     3.000    18.566    26.713    -0.014    35.801    40.707    13.082    78.463     3.608    24.594   401.589   426.952
 122.8645833     2.500    16.393    22.762    -0.011    33.571    38.172    12.348    76.022     3.619    22.558   402.243   427.971
 122.8645833     2.000    14.678    19.779    -0.009    31.908    36.281    11.803    74.030     3.632    21.003   402.750   428.775
 122.8645833     1.500    13.421    17.614    -0.007    30.721    34.931    11.416    72.487     3.642    19.885   403.127   429.352
 122.8645833     1.000    12.613    16.142    -0.005    29.937    34.039    11.164    71.383     3.647    19.157   403.381   429.708
 122.8645833     0.500    12.260    15.226    -0.004     0.000     0.000     0.000     0.000     0.000     0.000     0.000     0.000
 122.8854167    23.000    76.376   286.298    -0.365     0.000     0.000     0.000     0.000     0.000     0.000     0.000     0.000
 122.8854167    22.500    76.544   286.027    -0.365     0.000     0.000     0.000     0.000     0.000     0.000     0.000     0.000
 122.8854167    22.000    76.712   285.757    -0.365     0.000     0.000     0.000     0.000     0.000     0.000     0.000     0.000
 122.8854167    21.500    76.879   285.489    -0.365     0.000     0.000     0.000     0.000     0.000     0.000     0.000     0.000
 122.8854167    21.000    77.046   285.221    -0.365     0.000     0.000     0.000     0.000     0.000     0.000     0.000     0.000
 122.8854167    20.500    77.211   284.955    -0.365     0.000     0.000     0.000     0.000     0.000     0.000     0.000     0.000
 122.8854167    20.000    77.376   284.690    -0.365     0.000     0.000     0.000     0.000     0.000     0.000     0.000     0.000
 122.8854167    19.500    77.540   284.426    -0.365     0.000     0.000     0.000     0.000     0.000     0.000     0.000     0.000
 122.8854167    19.000    77.703   284.163    -0.365     0.000     0.000     0.000     0.000     0.000     0.000     0.000     0.000
 122.8854167    18.500    77.866   283.902    -0.365     0.000     0.000     0.000     0.000     0.000     0.000     0.000     0.000
 122.8854167    18.000    78.027   283.642    -0.365     0.000     0.000     0.000     0.000     0.000     0.000     0.000     0.000
 122.8854167    17.500    78.187   283.383    -0.365     0.000     0.000     0.000     0.000     0.000     0.000     0.000     0.000
 122.8854167    17.000    78.347   283.126    -0.365     0.000     0.000     0.000     0.000     0.000     0.000     0.000     0.000
 122.8854167    16.500    78.505   282.870    -0.365     0.000     0.000     0.000     0.000     0.000     0.000     0.000     0.000
 122.8854167    16.000    78.663   282.616    -0.365     0.000     0.000     0.000     0.000     0.000     0.000     0.000     0.000
 122.8854167    15.500    78.819   282.363    -0.365     0.000     0.000     0.000     0.000     0.000     0.000     0.000     0.000
 122.8854167    15.000    78.974   282.112    -0.365     0.000     0.000     0.000     0.000     0.000     0.000     0.000     0.000
 122.8854167    14.500    79.128   281.862    -0.365     0.000     0.000     0.000     0.000     0.000     0.000     0.000     0.000
 122.8854167    14.000    79.280   281.614    -0.365     0.000     0.000     0.000     0.000     0.000     0.000     0.000     0.000
 122.8854167    13.500    79.431   281.367    -0.365     0.000     0.000     0.000     0.000     0.000     0.000     0.000     0.000
 122.8854167    13.000    79.581   281.123    -0.365     0.000     0.000     0.000     0.000     0.000     0.000     0.000     0.000
 122.8854167    12.500    79.729   280.880    -0.365     0.000     0.000     0.000     0.000     0.000     0.000     0.000     0.000
 122.8854167    12.000    79.876   280.639    -0.365     0.000     0.000     0.000     0.000     0.000     0.000     0.000     0.000
 122.8854167    11.500    80.021   280.400    -0.365     0.000     0.000     0.000     0.000     0.000     0.000     0.000     0.000
 122.8854167    11.000    80.164   280.163    -0.365     0.000     0.000     0.000     0.000     0.000     0.000     0.000     0.000
 122.8854167    10.500    80.305   279.928    -0.365     0.000     0.000     0.000     0.000     0.000     0.000     0.000     0.000
 122.8854167    10.000    80.445   279.695    -0.365   204.487   244.437    80.165    40.215     9.498    91.601   340.720   411.625
 122.8854167     9.500    75.299   249.637    -0.282   180.229   215.440    71.016    52.865     8.479    85.923   349.150   412.110
 122.8854167     9.000    69.207   212.999    -0.218   151.794   181.450    60.230    65.632     7.283    78.440   359.049   412.883
 122.8854167     8.500    63.317   178.465    -0.168   126.120   150.760    50.422    74.745     6.208    70.691   367.926   413.860
 122.8854167     8.000    57.625   148.235    -0.130   104.451   124.857    42.082    80.105     5.312    63.173   375.377   415.011
 122.8854167     7.500    52.059   122.790    -0.101    86.726   103.670    35.211    82.396     4.595    56.127   381.468   416.302
 122.8854167     7.000    46.557   101.893    -0.078    72.465    86.622    29.645    82.435     4.039    49.668   386.383   417.719
 122.8854167     6.500    41.133    84.971    -0.060    61.092    73.027    25.177    80.957     3.619    43.841   390.319   419.259
 122.8854167     6.000    35.827    71.393    -0.046    52.062    62.234    21.609    78.547     3.313    38.648   393.461   420.909
 122.8854167     5.500    30.749    60.568    -0.036    44.910    53.683    18.769    75.643     3.097    34.072   395.989   422.617
 122.8854167     5.000    26.057    51.852    -0.028    39.250    46.918    16.512    72.558     2.952    30.080   398.010   424.369
 122.8854167     4.500    22.794    43.780    -0.021    34.778    41.572    14.723    69.508     2.863    26.637   399.612   426.136
 122.8854167     4.000    20.550    36.446    -0.017    31.254    37.359    13.310    66.637     2.814    23.708   400.875   427.869
 122.8854167     3.500    18.457    30.590    -0.013    28.490    34.056    12.201    64.033     2.792    21.257   401.901   429.472
 122.8854167     3.000    16.561    25.981    -0.010    26.342    31.488    11.339    61.749     2.788    19.250   402.730   430.894
 122.8854167     2.500    14.891    22.440    -0.008    24.699    29.524    10.681    59.814     2.793    17.653   403.391   432.096
 122.8854167     2.000    13.487    19.802    -0.006    23.473    28.059    10.191    58.236     2.800    16.434   403.904   433.048
 122.8854167     1.500    12.373    17.931    -0.005    22.598    27.013     9.844    57.015     2.806    15.557   404.283   433.738
 122.8854167     1.000    11.571    16.701    -0.004    22.021    26.323     9.617    56.143     2.808    14.986   404.537   434.170
 122.8854167     0.500    11.099    15.992    -0.003     0.000     0.000     0.000     0.000     0.000     0.000     0.000     0.000
 122.9062500    23.000   119.890   347.251    -0.483     0.000     0.000     0.000     0.000     0.000     0.000     0.000     0.000
 122.9062500    22.500   119.995   346.785    -0.483     0.000     0.000     0.000     0.000     0.000     0.000     0.000     0.000
 122.9062500    22.000   120.101   346.319    -0.483     0.000     0.000     0.000     0.000     0.000     0.000     0.000     0.000
 122.9062500    21.500   120.208   345.854    -0.483     0.000     0.000     0.000     0.000     0.000     0.000     0.000     0.000
 122.9062500    21.000   120.315   345.388    -0.483     0.000     0.000     0.000     0.000     0.000     0.000     0.000     0.000
 122.9062500    20.500   120.424   344.923    -0.483     0.000     0.000     0.000     0.000     0.000     0.000     0.000     0.000
 122.9062500    20.000   120.533   344.457    -0.483     0.000     0.000     0.000     0.000     0.000     0.000     0.000     0.000
 122.9062500    19.500   120.644   343.992    -0.483     0.000     0.000     0.000     0.000     0.000     0.000     0.000     0.000
 122.9062500    19.000   120.755   343.527    -0.483     0.000     0.000     0.000     0.000     0.000     0.000     0.000     0.000
 122.9062500    18.500   120.868   343.061    -0.483     0.000     0.000     0.000     0.000     0.000     0.000     0.000     0.000
 122.9062500    18.000   120.982   342.596    -0.483     0.000     0.000     0.000     0.000     0.000     0.000     0.000     0.000
 122.9062500    17.500   121.096   342.130    -0.483     0.000     0.000     0.000     0.000     0.000     0.000     0.000     0.000
 122.9062500    17.000   121.212   341.665    -0.483     0.000     0.000     0.000     0.000     0.000     0.000     0.000     0.000
 122.9062500    16.500   121.329   341.199    -0.483     0.000     0.000     0.000     0.000     0.000     0.000     0.000     0.000
 122.9062500    16.000   121.448   340.734    -0.483     0.000     0.000     0.000     0.000     0.000     0.000     0.000     0.000
 122.9062500    15.500   121.567   340.268    -0.483     0.000     0.000     0.000     0.000     0.000     0.000     0.000     0.000
 122.9062500    15.000   121.688   339.803    -0.483     0.000     0.000     0.000     0.000     0.000     0.000     0.000     0.000
 122.9062500    14.500   121.811   339.337    -0.483     0.000     0.000     0.000     0.000     0.000     0.000     0.000     0.000
 122.9062500    14.000   121.935   338.871    -0.483     0.000     0.000     0.000     0.000     0.000     0.000     0.000     0.000
 122.9062500    13.500   122.060   338.406    -0.483     0.000     0.000     0.000     0.000     0.000     0.000     0.000     0.000
 122.9062500    13.000   122.187   337.940    -0.483     0.000     0.000     0.000     0.000     0.000     0.000     0.000     0.000
 122.9062500    12.500   122.315   337.474    -0.483     0.000     0.000     0.000     0.000     0.000     0.000     0.000     0.000
 122.9062500    12.000   122.445   337.008    -0.483     0.000     0.000     0.000     0.000     0.000     0.000     0.000     0.000
 122.9062500    11.500   122.577   336.541    -0.483     0.000     0.000     0.000     0.000     0.000     0.000     0.000     0.000
 122.9062500    11.000   122.711   336.075    -0.483     0.000     0.000     0.000     0.000     0.000     0.000     0.000     0.000
 122.9062500    10.500   122.847   335.608    -0.483     0.000     0.000     0.000     0.000     0.000     0.000     0.000     0.000
 122.9062500    10.000   122.984   335.141    -0.483   273.597   312.317    87.076    48.357    11.884   116.099   336.466   415.546
 122.9062500     9.500   113.135   299.423    -0.373   241.045   275.157    77.510    64.780    10.619   108.895   345.979   415.961
 122.9062500     9.000   101.558   255.763    -0.288   202.905   231.619    66.154    81.399     9.133    99.402   357.127   416.646
 122.9062500     8.500    90.705   214.410    -0.223   168.487   192.332    55.745    93.324     7.796    89.574   367.096   417.538
 122.9062500     8.000    80.756   178.016    -0.172   139.455   159.191    46.824   100.416     6.681    80.039   375.435   418.609
 122.9062500     7.500    71.581   147.237    -0.133   115.722   132.099    39.418   103.550     5.788    71.105   382.226   419.825
 122.9062500     7.000    63.066   121.803    -0.103    96.638   110.315    33.375   103.775     5.095    62.916   387.686   421.168
 122.9062500     6.500    55.114   101.085    -0.079    81.427    92.951    28.493   102.034     4.573    55.529   392.038   422.637
 122.9062500     6.000    47.704    84.343    -0.061    69.357    79.172    24.572    99.079     4.192    48.948   395.497   424.219
 122.9062500     5.500    40.863    70.902    -0.047    59.800    68.263    21.433    95.473     3.925    43.148   398.267   425.860
 122.9062500     5.000    34.607    60.142    -0.037    52.242    59.635    18.928    91.620     3.748    38.089   400.494   427.523
 122.9062500     4.500    28.943    51.564    -0.028    46.272    52.820    16.935    87.799     3.639    33.728   402.291   429.159
 122.9062500     4.000    24.207    44.416    -0.022    41.569    47.451    15.355    84.192     3.581    30.016   403.730   430.736
 122.9062500     3.500    21.047    37.619    -0.017    37.881    43.242    14.111    80.917     3.558    26.911   404.838   432.250
 122.9062500     3.000    18.748    31.713    -0.013    35.017    39.973    13.143    78.042     3.556    24.368   405.711   433.611
 122.9062500     2.500    16.760    27.105    -0.010    32.826    37.471    12.402    75.604     3.565    22.346   406.408   434.757
 122.9062500     2.000    15.093    23.613    -0.008    31.192    35.606    11.852    73.615     3.577    20.801   406.949   435.660
 122.9062500     1.500    13.777    21.059    -0.006    30.026    34.275    11.461    72.076     3.587    19.690   407.350   436.312
 122.9062500     1.000    12.821    19.299    -0.005    29.256    33.396    11.206    70.975     3.591    18.966   407.621   436.716
 122.9062500     0.500    12.253    18.179    -0.004     0.000     0.000     0.000     0.000     0.000     0.000     0.000     0.000
 122.9270833    23.000   136.952   367.691    -0.704     0.000     0.000     0.000     0.000     0.000     0.000     0.000     0.000
 122.9270833    22.500   136.956   367.272    -0.704     0.000     0.000     0.000     0.000     0.000     0.000     0.000     0.000
 122.9270833    22.000   136.959   366.853    -0.704     0.000     0.000     0.000     0.000     0.000     0.000     0.000     0.000
 122.9270833    21.500   136.963   366.433    -0.704     0.000     0.000     0.000     0.000     0.000     0.000     0.000     0.000
 122.9270833    21.000   136.966   366.014    -0.704     0.000     0.000     0.000     0.000     0.000     0.000     0.000     0.000
 122.9270833    20.500   136.969   365.594    -0.704     0.000     0.000     0.000     0.000     0.000     0.000     0.000     0.000
 122.9270833    20.000   136.971   365.174    -0.704     0.000     0.000     0.000     0.000     0.000     0.000     0.000     0.000
 122.9270833    19.500   136.974   364.753    -0.704     0.000     0.000     0.000     0.000     0.000     0.000     0.000     0.000
 122.9270833    19.000   136.976   364.333    -0.704     0.000     0.000     0.000     0.000     0.000     0.000     0.000     0.000
 122.9270833    18.500   136.979   363.912    -0.704     0.000     0.000     0.000     0.000     0.000     0.000     0.000     0.000
 122.9270833    18.000   136.981   363.492    -0.704     0.000     0.000     0.000     0.000     0.000     0.000     0.000     0.000
 122.9270833    17.500   136.982   363.070    -0.704     0.000     0.000     0.000     0.000     0.000     0.000     0.000     0.000
 122.9270833    17.000   136.983   362.649    -0.704     0.000     0.000     0.000     0.000     0.000     0.000     0.000     0.000
 122.9270833    16.500   136.984   362.227    -0.704     0.000     0.000     0.000     0.000     0.000     0.000     0.000     0.000
 122.9270833    16.000   136.985   361.805    -0.704     0.000     0.000     0.000     0.000     0.000     0.000     0.000     0.000
 122.9270833    15.500   136.986   361.382    -0.704     0.000     0.000     0.000     0.000     0.000     0.000     0.000     0.000
 122.9270833    15.000   136.985   360.959    -0.704     0.000     0.000     0.000     0.000     0.000     0.000     0.000     0.000
 122.9270833    14.500   136.985   360.536    -0.704     0.000     0.000     0.000     0.000     0.000     0.000     0.000     0.000
 122.9270833    14.000   136.984   360.112    -0.704     0.000     0.000     0.000     0.000     0.000     0.000     0.000     0.000
 122.9270833    13.500   136.983   359.687    -0.704     0.000     0.000     0.000     0.000     0.000     0.000     0.000     0.000
 122.9270833    13.000   136.981   359.262    -0.704     0.000     0.000     0.000     0.000     0.000     0.000     0.000     0.000
 122.9270833    12.500   136.978   358.836    -0.704     0.000     0.000     0.000     0.000     0.000     0.000     0.000     0.000
 122.9270833    12.000   136.975   358.410    -0.704     0.000     0.000     0.000     0.000     0.000     0.000     0.000     0.000
 122.9270833    11.500   136.972   357.982    -0.704     0.000     0.000     0.000     0.000     0.000     0.000     0.000     0.000
 122.9270833    11.000   136.967   357.554    -0.704     0.000     0.000     0.000     0.000     0.000     0.000     0.000     0.000
 122.9270833    10.500   136.962   357.124    -0.704     0.000     0.000     0.000     0.000     0.000     0.000     0.000     0.000
 122.9270833    10.000   136.956   356.694    -0.704   298.484   336.567    88.982    50.899    12.736   124.900   322.667   416.067
 122.9270833     9.500   126.559   318.856    -0.540   262.809   296.340    79.350    68.763    11.379   117.115   333.902   416.558
 122.9270833     9.000   114.599   272.312    -0.414   221.040   249.242    67.884    86.846     9.785   106.866   347.069   417.368
 122.9270833     8.500   103.408   228.141    -0.318   183.381   206.778    57.340    99.835     8.352    96.263   358.851   418.412
 122.9270833     8.000    93.117   189.217    -0.244   151.643   170.991    48.274   107.579     7.156    85.985   368.713   419.658
 122.9270833     7.500    83.574   156.255    -0.187   125.722   141.763    40.725   111.030     6.198    76.361   376.746   421.070
 122.9270833     7.000    74.646   128.988    -0.144   104.897   118.281    34.548   111.325     5.456    67.546   383.200   422.631
 122.9270833     6.500    66.234   106.759    -0.110    88.312    99.580    29.546   109.487     4.896    59.598   388.343   424.340
 122.9270833     6.000    58.307    88.800    -0.085    75.163    84.753    25.520   106.332     4.487    52.521   392.428   426.182
 122.9270833     5.500    50.933    74.367    -0.065    64.759    73.022    22.291   102.469     4.201    46.285   395.696   428.097
 122.9270833     5.000    44.121    62.825    -0.050    56.537    63.751    19.709    98.337     4.011    40.849   398.319   430.039
 122.9270833     4.500    37.914    53.615    -0.038    50.047    56.432    17.652    94.234     3.894    36.163   400.433   431.954
 122.9270833     4.000    32.309    46.315    -0.029    44.936    50.670    16.020    90.362     3.832    32.176   402.139   433.784
 122.9270833     3.500    27.351    40.530    -0.023    40.932    46.155    14.733    86.844     3.807    28.841   403.506   435.482
 122.9270833     3.000    23.620    35.380    -0.017    37.823    42.648    13.731    83.756     3.805    26.111   404.569   437.022
 122.9270833     2.500    21.395    30.342    -0.013    35.445    39.967    12.964    81.137     3.815    23.939   405.374   438.360
 122.9270833     2.000    19.484    26.543    -0.010    33.672    37.968    12.394    79.001     3.827    22.280   405.998   439.418
 122.9270833     1.500    17.919    23.795    -0.008    32.407    36.542    11.989    77.347     3.838    21.088   406.458   440.183
 122.9270833     1.000    16.732    21.923    -0.006    31.572    35.601    11.725    76.165     3.842    20.311   406.767   440.660
 122.9270833     0.500    15.953    20.762    -0.005     0.000     0.000     0.000     0.000     0.000     0.000     0.000     0.000
 122.9479167    23.000   115.592   352.658    -0.743     0.000     0.000     0.000     0.000     0.000     0.000     0.000     0.000
 122.9479167    22.500   115.503   352.362    -0.743     0.000     0.000     0.000     0.000     0.000     0.000     0.000     0.000
 122.9479167    22.000   115.413   352.067    -0.743     0.000     0.000     0.000     0.000     0.000     0.000     0.000     0.000
 122.9479167    21.500   115.322   351.771    -0.743     0.000     0.000     0.000     0.000     0.000     0.000     0.000     0.000
 122.9479167    21.000   115.231   351.475    -0.743     0.000     0.000     0.000     0.000     0.000     0.000     0.000     0.000
 122.9479167    20.500   115.139   351.179    -0.743     0.000     0.000     0.000     0.000     0.000     0.000     0.000     0.000
 122.9479167    20.000   115.046   350.882    -0.743     0.000     0.000     0.000     0.000     0.000     0.000     0.000     0.000
 122.9479167    19.500   114.952   350.585    -0.743     0.000     0.000     0.000     0.000     0.000     0.000     0.000     0.000
 122.9479167    19.000   114.857   350.288    -0.743     0.000     0.000     0.000     0.000     0.000     0.000     0.000     0.000
 122.9479167    18.500   114.762   349.990    -0.743     0.000     0.000     0.000     0.000     0.000     0.000     0.000     0.000
 122.9479167    18.000   114.666   349.692    -0.743     0.000     0.000     0.000     0.000     0.000     0.000     0.000     0.000
 122.9479167    17.500   114.568   349.394    -0.743     0.000     0.000     0.000     0.000     0.000     0.000     0.000     0.000
 122.9479167    17.000   114.470   349.095    -0.743     0.000     0.000     0.000     0.000     0.000     0.000     0.000     0.000
 122.9479167    16.500   114.371   348.796    -0.743     0.000     0.000     0.000     0.000     0.000     0.000     0.000     0.000
 122.9479167    16.000   114.270   348.496    -0.743     0.000     0.000     0.000     0.000     0.000     0.000     0.000     0.000
 122.9479167    15.500   114.169   348.196    -0.743     0.000     0.000     0.000     0.000     0.000     0.000     0.000     0.000
 122.9479167    15.000   114.066   347.895    -0.743     0.000     0.000     0.000     0.000     0.000     0.000     0.000     0.000
 122.9479167    14.500   113.962   347.594    -0.743     0.000     0.000     0.000     0.000     0.000     0.000     0.000     0.000
 122.9479167    14.000   113.857   347.292    -0.743     0.000     0.000     0.000     0.000     0.000     0.000     0.000     0.000
 122.9479167    13.500   113.750   346.990    -0.743     0.000     0.000     0.000     0.000     0.000     0.000     0.000     0.000
 122.9479167    13.000   113.642   346.687    -0.743     0.000     0.000     0.000     0.000     0.000     0.000     0.000     0.000
 122.9479167    12.500   113.532   346.383    -0.743     0.000     0.000     0.000     0.000     0.000     0.000     0.000     0.000
 122.9479167    12.000   113.421   346.078    -0.743     0.000     0.000     0.000     0.000     0.000     0.000     0.000     0.000
 122.9479167    11.500   113.308   345.772    -0.743     0.000     0.000     0.000     0.000     0.000     0.000     0.000     0.000
 122.9479167    11.000   113.192   345.466    -0.743     0.000     0.000     0.000     0.000     0.000     0.000     0.000     0.000
 122.9479167    10.500   113.075   345.158    -0.743     0.000     0.000     0.000     0.000     0.000     0.000     0.000     0.000
 122.9479167    10.000   112.956   344.849    -0.743   271.754   310.571    86.971    48.154    11.869   115.953   314.790   414.088
 122.9479167     9.500   106.162   307.923    -0.569   239.062   273.210    77.427    64.662    10.593   108.664   326.670   414.683
 122.9479167     9.000    98.528   262.515    -0.435   200.827   229.513    66.090    81.333     9.096    99.083   340.609   415.642
 122.9479167     8.500    91.299   219.508    -0.333   166.396   190.164    55.694    93.259     7.752    89.188   353.103   416.856
 122.9479167     8.000    84.428   181.659    -0.255   137.417   157.046    46.779   100.318     6.631    79.613   363.579   418.288
 122.9479167     7.500    77.749   149.648    -0.195   113.780   130.032    39.375   103.399     5.734    70.658   372.127   419.899
 122.9479167     7.000    71.145   123.226    -0.149    94.814   108.357    33.332   103.567     5.038    62.465   379.008   421.673
 122.9479167     6.500    64.565   101.761    -0.114    79.729    91.117    28.449   101.771     4.513    55.087   384.500   423.610
 122.9479167     6.000    58.075    84.468    -0.087    67.782    77.463    24.527    98.769     4.129    48.521   388.871   425.690
 122.9479167     5.500    51.792    70.632    -0.067    58.339    66.672    21.388    95.125     3.859    42.741   392.374   427.851
 122.9479167     5.000    45.831    59.582    -0.051    50.884    58.153    18.882    91.244     3.679    37.705   395.191   430.042
 122.9479167     4.500    40.243    50.811    -0.039    45.005    51.433    16.888    87.401     3.567    33.366   397.463   432.203
 122.9479167     4.000    35.098    43.879    -0.030    40.379    46.147    15.308    83.779     3.506    29.676   399.298   434.271
 122.9479167     3.500    30.445    38.448    -0.023    36.757    42.008    14.064    80.495     3.480    26.590   400.778   436.182
 122.9479167     3.000    26.316    34.216    -0.018    33.946    38.795    13.095    77.614     3.475    24.064   401.945   437.897
 122.9479167     2.500    22.946    30.839    -0.013    31.798    36.340    12.354    75.173     3.481    22.055   402.876   439.338
 122.9479167     2.000    21.139    27.210    -0.010    30.197    34.510    11.803    73.183     3.491    20.521   403.542   440.532
 122.9479167     1.500    19.620    24.611    -0.008    29.055    33.205    11.412    71.643     3.499    19.418   404.032   441.399
 122.9479167     1.000    18.428    22.877    -0.006    28.301    32.344    11.157    70.543     3.502    18.699   404.357   441.944
 122.9479167     0.500    17.599    21.844    -0.005     0.000     0.000     0.000     0.000     0.000     0.000     0.000     0.000
 122.9687500    23.000    43.922   287.746    -0.721     0.000     0.000     0.000     0.000     0.000     0.000     0.000     0.000
 122.9687500    22.500    43.776   287.690    -0.721     0.000     0.000     0.000     0.000     0.000     0.000     0.000     0.000
 122.9687500    22.000    43.628   287.634    -0.721     0.000     0.000     0.000     0.000     0.000     0.000     0.000     0.000
 122.9687500    21.500    43.479   287.578    -0.721     0.000     0.000     0.000     0.000     0.000     0.000     0.000     0.000
 122.9687500    21.000    43.328   287.521    -0.721     0.000     0.000     0.000     0.000     0.000     0.000     0.000     0.000
 122.9687500    20.500    43.175   287.464    -0.721     0.000     0.000     0.000     0.000     0.000     0.000     0.000     0.000
 122.9687500    20.000    43.021   287.405    -0.721     0.000     0.000     0.000     0.000     0.000     0.000     0.000     0.000
 122.9687500    19.500    42.865   287.346    -0.721     0.000     0.000     0.000     0.000     0.000     0.000     0.000     0.000
 122.9687500    19.000    42.707   287.287    -0.721     0.000     0.000     0.000     0.000     0.000     0.000     0.000     0.000
 122.9687500    18.500    42.547   287.226    -0.721     0.000     0.000     0.000     0.000     0.000     0.000     0.000     0.000
 122.9687500    18.000    42.385   287.165    -0.721     0.000     0.000     0.000     0.000     0.000     0.000     0.000     0.000
 122.9687500    17.500    42.221   287.103    -0.721     0.000     0.000     0.000     0.000     0.000     0.000     0.000     0.000
 122.9687500    17.000    42.055   287.040    -0.721     0.000     0.000     0.000     0.000     0.000     0.000     0.000     0.000
 122.9687500    16.500    41.886   286.976    -0.721     0.000     0.000     0.000     0.000     0.000     0.000     0.000     0.000
 122.9687500    16.000    41.716   286.911    -0.721     0.000     0.000     0.000     0.000     0.000     0.000     0.000     0.000
 122.9687500    15.500    41.543   286.845    -0.721     0.000     0.000     0.000     0.000     0.000     0.000     0.000     0.000
 122.9687500    15.000    41.367   286.778    -0.721     0.000     0.000     0.000     0.000     0.000     0.000     0.000     0.000
 122.9687500    14.500    41.189   286.710    -0.721     0.000     0.000     0.000     0.000     0.000     0.000     0.000     0.000
 122.9687500    14.000    41.008   286.640    -0.721     0.000     0.000     0.000     0.000     0.000     0.000     0.000     0.000
 122.9687500    13.500    40.824   286.569    -0.721     0.000     0.000     0.000     0.000     0.000     0.000     0.000     0.000
 122.9687500    13.000    40.638   286.496    -0.721     0.000     0.000     0.000     0.000     0.000     0.000     0.000     0.000
 122.9687500    12.500    40.448   286.422    -0.721     0.000     0.000     0.000     0.000     0.000     0.000     0.000     0.000
 122.9687500    12.000    40.255   286.346    -0.721     0.000     0.000     0.000     0.000     0.000     0.000     0.000     0.000
 122.9687500    11.500    40.059   286.269    -0.721     0.000     0.000     0.000     0.000     0.000     0.000     0.000     0.000
 122.9687500    11.000    39.859   286.189    -0.721     0.000     0.000     0.000     0.000     0.000     0.000     0.000     0.000
 122.9687500    10.500    39.655   286.107    -0.721     0.000     0.000     0.000     0.000     0.000     0.000     0.000     0.000
 122.9687500    10.000    39.447   286.024    -0.721   177.377   216.567    77.356    38.165     8.623    82.747   313.533   408.248
 122.9687500     9.500    41.903   254.389    -0.549   155.847   190.281    68.415    49.459     7.677    77.467   324.713   408.989
 122.9687500     9.000    45.040   215.828    -0.418   130.702   159.580    57.892    60.767     6.570    70.546   337.875   410.131
 122.9687500     8.500    47.689   179.540    -0.318   108.099   131.983    48.342    68.729     5.577    63.421   349.722   411.524
 122.9687500     8.000    49.306   147.858    -0.242    89.109   108.798    40.240    73.292     4.751    56.544   359.700   413.130
 122.9687500     7.500    49.726   121.296    -0.185    73.648    89.921    33.581    75.097     4.090    50.130   367.880   414.908
 122.9687500     7.000    48.954    99.608    -0.141    61.265    74.801    28.198    74.898     3.578    44.274   374.498   416.842
 122.9687500     6.500    47.177    82.143    -0.107    51.432    62.795    23.887    73.363     3.191    39.009   379.806   418.936
 122.9687500     6.000    44.597    68.231    -0.081    43.657    53.303    20.452    71.022     2.907    34.332   384.051   421.170
 122.9687500     5.500    41.505    57.216    -0.062    37.521    45.811    17.722    68.268     2.706    30.219   387.469   423.482
 122.9687500     5.000    38.128    48.516    -0.047    32.684    39.905    15.558    65.380     2.569    26.639   390.227   425.823
 122.9687500     4.500    34.627    41.697    -0.036    28.873    35.253    13.844    62.547     2.482    23.557   392.461   428.128
 122.9687500     4.000    31.167    36.370    -0.027    25.879    31.597    12.493    59.894     2.431    20.938   394.270   430.335
 122.9687500     3.500    27.854    32.230    -0.021    23.536    28.737    11.433    57.499     2.406    18.749   395.717   432.392
 122.9687500     3.000    24.779    29.072    -0.016    21.720    26.519    10.610    55.405     2.397    16.957   396.867   434.233
 122.9687500     2.500    22.080    26.712    -0.012    20.332    24.825     9.982    53.635     2.396    15.533   397.792   435.775
 122.9687500     2.000    19.898    24.876    -0.009    19.299    23.563     9.515    52.195     2.399    14.445   398.495   437.010
 122.9687500     1.500    18.778    22.865    -0.007    18.562    22.664     9.184    51.083     2.401    13.663   398.974   437.945
 122.9687500     1.000    17.841    21.575    -0.005    18.076    22.070     8.968    50.290     2.401    13.153   399.289   438.539
 122.9687500     0.500    17.136    20.866    -0.004     0.000     0.000     0.000     0.000     0.000     0.000     0.000     0.000
 122.9895833    23.000   -18.352   226.553    -0.604     0.000     0.000     0.000     0.000     0.000     0.000     0.000     0.000
 122.9895833    22.500   -18.423   226.626    -0.604     0.000     0.000     0.000     0.000     0.000     0.000     0.000     0.000
 122.9895833    22.000   -18.495   226.698    -0.604     0.000     0.000     0.000     0.000     0.000     0.000     0.000     0.000
 122.9895833    21.500   -18.568   226.770    -0.604     0.000     0.000     0.000     0.000     0.000     0.000     0.000     0.000
 122.9895833    21.000   -18.643   226.843    -0.604     0.000     0.000     0.000     0.000     0.000     0.000     0.000     0.000
 122.9895833    20.500   -18.719   226.915    -0.604     0.000     0.000     0.000     0.000     0.000     0.000     0.000     0.000
 122.9895833    20.000   -18.797   226.988    -0.604     0.000     0.000     0.000     0.000     0.000     0.000     0.000     0.000
 122.9895833    19.500   -18.875   227.060    -0.604     0.000     0.000     0.000     0.000     0.000     0.000     0.000     0.000
 122.9895833    19.000   -18.955   227.133    -0.604     0.000     0.000     0.000     0.000     0.000     0.000     0.000     0.000
 122.9895833    18.500   -19.037   227.205    -0.604     0.000     0.000     0.000     0.000     0.000     0.000     0.000     0.000
 122.9895833    18.000   -19.120   227.277    -0.604     0.000     0.000     0.000     0.000     0.000     0.000     0.000     0.000
 122.9895833    17.500   -19.205   227.350    -0.604     0.000     0.000     0.000     0.000     0.000     0.000     0.000     0.000
 122.9895833    17.000   -19.291   227.422    -0.604     0.000     0.000     0.000     0.000     0.000     0.000     0.000     0.000
 122.9895833    16.500   -19.378   227.494    -0.604     0.000     0.000     0.000     0.000     0.000     0.000     0.000     0.000
 122.9895833    16.000   -19.468   227.566    -0.604     0.000     0.000     0.000     0.000     0.000     0.000     0.000     0.000
 122.9895833    15.500   -19.559   227.638    -0.604     0.000     0.000     0.000     0.000     0.000     0.000     0.000     0.000
 122.9895833    15.000   -19.651   227.710    -0.604     0.000     0.000     0.000     0.000     0.000     0.000     0.000     0.000
 122.9895833    14.500   -19.746   227.781    -0.604     0.000     0.000     0.000     0.000     0.000     0.000     0.000     0.000
 122.9895833    14.000   -19.842   227.852    -0.604     0.000     0.000     0.000     0.000     0.000     0.000     0.000     0.000
 122.9895833    13.500   -19.941   227.923    -0.604     0.000     0.000     0.000     0.000     0.000     0.000     0.000     0.000
 122.9895833    13.000   -20.041   227.993    -0.604     0.000     0.000     0.000     0.000     0.000     0.000     0.000     0.000
 122.9895833    12.500   -20.143   228.063    -0.604     0.000     0.000     0.000     0.000     0.000     0.000     0.000     0.000
 122.9895833    12.000   -20.247   228.133    -0.604     0.000     0.000     0.000     0.000     0.000     0.000     0.000     0.000
 122.9895833    11.500   -20.354   228.202    -0.604     0.000     0.000     0.000     0.000     0.000     0.000     0.000     0.000
 122.9895833    11.000   -20.463   228.271    -0.604     0.000     0.000     0.000     0.000     0.000     0.000     0.000     0.000
 122.9895833    10.500   -20.574   228.339    -0.604     0.000     0.000     0.000     0.000     0.000     0.000     0.000     0.000
 122.9895833    10.000   -20.688   228.407    -0.604   104.428   136.595    67.570    35.403     6.009    56.428   313.334   403.194
 122.9895833     9.500   -11.619   202.015    -0.458    91.596   119.810    59.403    41.825     5.332    52.721   323.867   403.981
 122.9895833     9.000    -0.828   170.134    -0.347    76.639   100.247    49.863    48.036     4.543    47.890   336.298   405.164
 122.9895833     8.500     8.725   140.481    -0.262    63.227    82.703    41.283    52.116     3.837    42.947   347.525   406.569
 122.9895833     8.000    16.242   114.918    -0.199    51.987    68.001    34.071    54.096     3.251    38.203   357.021   408.149
 122.9895833     7.500    21.646    93.741    -0.151    42.859    56.061    28.196    54.413     2.784    33.799   364.836   409.866
 122.9895833     7.000    25.126    76.609    -0.114    35.566    46.521    23.488    53.555     2.421    29.795   371.179   411.711
 122.9895833     6.500    26.957    62.964    -0.086    29.788    38.964    19.749    51.944     2.147    26.208   376.282   413.689
 122.9895833     6.000    27.462    52.208    -0.065    25.231    33.003    16.791    49.911     1.944    23.030   380.373   415.785
 122.9895833     5.500    27.017    43.778    -0.050    21.641    28.308    14.457    47.697     1.799    20.242   383.672   417.945
 122.9895833     5.000    25.858    37.248    -0.038    18.817    24.613    12.617    45.471     1.699    17.820   386.340   420.124
 122.9895833     4.500    24.273    32.188    -0.028    16.596    21.708    11.169    43.343     1.633    15.739   388.502   422.264
 122.9895833     4.000    22.450    28.299    -0.022    14.853    19.429    10.031    41.385     1.592    13.972   390.255   424.308
 122.9895833     3.500    20.511    25.331    -0.016    13.492    17.648     9.142    39.639     1.569    12.496   391.648   426.221
 122.9895833     3.000    18.661    23.083    -0.012    12.437    16.268     8.454    38.127     1.557    11.289   392.768   427.918
 122.9895833     2.500    16.956    21.457    -0.009    11.633    15.216     7.930    36.858     1.552    10.329   393.657   429.348
 122.9895833     2.000    15.468    20.326    -0.007    11.034    14.433     7.541    35.831     1.550     9.596   394.339   430.486
 122.9895833     1.500    14.563    19.251    -0.005    10.607    13.875     7.265    35.042     1.549     9.069   394.818   431.333
 122.9895833     1.000    13.941    18.498    -0.004    10.326    13.507     7.084    34.481     1.547     8.725   395.123   431.878
 122.9895833     0.500    13.511    18.110    -0.003     0.000     0.000     0.000     0.000     0.000     0.000     0.000     0.000
