 121.0104167   290.974    64.197   -98.650   294.489    24.927     0.368    88.703   451.761   299.803    34.157    57.255     1.432    21.666   355.679     0.000     0.310    -3.219
 121.0312500   216.306    51.891   -54.410   199.280    23.774     0.222    72.432   444.953   298.645    20.634    36.620     1.247    14.739   251.486     0.000     0.278    -1.089
 121.0520833   133.365   -39.469  -109.156   282.018    21.120     0.437    54.546   442.351   298.313     0.504    20.063     3.037    16.522   237.511     0.000     0.319    -0.533
 121.0729167    47.550   -36.762  -110.607   210.617    15.671     0.503    35.406   438.184   297.552   -14.978     4.891     2.864    17.004   169.367     0.000     0.327    -0.721
 121.0937500   -27.743   -25.219   -99.516   119.944     8.655     0.593    18.348   436.261   296.999   -22.591    -4.574     1.631    16.386    87.752     0.000     0.336    -0.361
 121.1145833   -82.934   -31.039   -70.774    48.380     2.559     0.527     5.072   432.572   296.116   -28.537   -12.108     1.090    15.338    15.652     0.000     0.335    -0.964
 121.1354167   -98.904   -39.502   -71.391    43.806     0.269     0.490     0.495   427.172   295.226   -30.753   -14.871     1.133    14.750     2.950     0.000     0.332    -1.064
 121.1562500   -97.000   -28.153   -64.455    27.719     0.000     0.505     0.000   422.301   294.100   -30.993   -15.144     1.361    14.488     2.649     0.000     0.334    -1.119
 121.1770833   -94.163   -22.999   -40.624     7.124     0.000     0.559     0.000   413.933   292.063   -35.578   -18.945     3.187    13.447     2.215     0.000     0.343    -2.086
 121.1979167   -91.617   -35.370   -30.261    19.795    -0.000     0.545     0.000   402.828   290.120   -43.657   -25.063     6.186    12.408     1.733     0.000     0.342    -2.124
 121.2187500   -88.802   -22.690   -39.858    20.465     0.000     0.407     0.000   395.429   289.123   -45.584   -27.219     6.987    11.378     1.485     0.000     0.331    -1.135
 121.2395833   -89.098   -17.303   -49.331    22.879    -0.000     0.525     0.000   392.213   288.728   -44.918   -26.676     7.259    10.983     1.443     0.000     0.339    -0.426
 121.2604167   -87.744   -16.615   -49.812    21.418    -0.000     0.536     0.000   390.673   288.265   -42.245   -24.961     6.628    10.656     1.464     0.000     0.339    -0.489
 121.2812500   -86.534   -21.493   -40.352    20.538     0.000     0.487     0.000   386.012   287.435   -44.270   -26.550     7.367    10.352     1.357     0.000     0.338    -0.957
 121.3020833   -90.715   -13.105   -51.004    17.523     0.000     0.532     0.000   383.822   287.011   -43.683   -26.349     7.211    10.124     1.354     0.000     0.339    -0.445
 121.3229167   -89.070   -14.846   -32.242     5.523     0.000     0.521     0.000   378.965   285.710   -46.111   -28.276     8.250     9.586     1.177     0.000     0.341    -1.393
 121.3437500   -84.301   -17.112   -17.379     0.798     0.000     0.249     0.000   369.679   283.174   -47.921   -32.829     7.097     7.995     0.833     0.000     0.303    -2.687
 121.3645833   -79.578   -13.621   -18.280     0.693    -0.000     0.104     0.000   357.196   281.613   -46.750   -39.398     2.350     5.002     0.475     0.000     0.261    -1.619
 121.3854167   -81.382    -4.947   -35.365     5.938    -0.000     0.177     0.000   355.544   281.992   -47.260   -40.037     2.972     4.252     0.392     0.000     0.265     0.252
 121.4062500   -90.582   -18.693   -50.325    29.911     0.000     0.478     0.000   362.089   282.946   -52.469   -34.474    10.721     7.273     0.663     0.000     0.333     0.995
 121.4270833   -90.448   -14.113   -37.291    13.577     0.000     0.462     0.000   360.390   282.343   -51.927   -33.497    10.953     7.477     0.696     0.000     0.337    -0.694
 121.4479167   -84.566   -14.785   -24.416     5.389    -0.000     0.212     0.000   353.570   280.407   -48.762   -35.957     6.743     6.062     0.528     0.000     0.286    -1.993
 121.4687500   -85.385    -1.918   -57.887    20.859    -0.000     0.347     0.000   353.453   282.184   -48.219   -35.090     7.279     5.849     0.573     0.000     0.301     1.779
 121.4895833   -90.352    -9.606   -43.982    12.493    -0.000     0.552     0.000   357.056   281.887   -48.957   -31.412    10.364     7.181     0.744     0.000     0.341    -0.299
 121.5104167   -91.522    -3.869   -48.687     9.160     0.000     0.590     0.000   356.078   281.738   -47.938   -30.838    10.131     6.969     0.731     0.000     0.342    -0.189
 121.5312500   -92.305    -5.995   -48.020     9.382     0.119     0.500     0.205   354.580   281.403   -47.228   -30.688     9.781     6.759     0.761     0.000     0.337    -0.444
 121.5520833   -77.491    -9.055   -27.395     4.103     1.529     0.185     2.953   347.548   279.614   -43.308   -32.872     5.160     5.276     3.340     0.000     0.277    -1.836
 121.5729167   -37.226    21.967   -40.877    14.534     6.376     0.181    14.028   348.350   280.847   -34.220   -27.090     3.093     4.037    18.722     0.000     0.263     1.370
 121.5937500    23.566    41.476   -26.510    23.446    11.653     0.155    29.893   356.715   282.647   -17.226   -10.672     2.867     3.688    39.257     0.000     0.268     2.380
 121.6145833    96.819    21.850   -13.008    87.439    15.412     0.386    48.288   367.918   284.404    -1.581    10.566     6.146     6.001    80.160     0.000     0.348     2.120
 121.6354167   180.561    29.778     8.270   119.740    18.342     0.385    67.292   377.722   286.103    20.693    32.409     4.879     6.837   116.145     0.000     0.372     2.079
 121.6562500   263.541    11.626    27.614   181.790    20.881     0.334    85.494   387.779   287.647    40.673    53.403     4.338     8.392   160.684     0.000     0.408     1.839
 121.6770833   345.975    14.394    41.144   230.186    22.998     0.278   103.005   397.154   289.164    58.338    72.852     4.125    10.389   210.407     0.000     0.382     1.913
 121.6979167   423.762    20.515    61.977   266.361    24.716     0.249   119.295   405.501   290.498    73.265    89.627     4.265    12.097   254.021     0.000     0.372     1.644
 121.7187500   499.175    17.241    81.023   314.442    26.131     0.305   135.037   412.944   291.646    85.046   104.773     5.405    14.322   299.567     0.000     0.393     1.423
 121.7395833   581.895    28.798   111.090   342.585    27.282     0.293   151.282   420.505   292.714    97.948   120.678     6.432    16.298   338.612     0.000     0.389     1.474
 121.7604167   581.947    25.508   113.102   350.689    27.485     0.265   148.378   425.443   293.449    92.075   117.281     7.462    17.744   346.956     0.000     0.388     0.573
 121.7812500   483.141    15.399    60.994   339.578    26.582     0.233   123.809   426.066   294.049    66.668    93.123     7.830    18.626   326.726     0.000     0.389     0.502
 121.8020833   517.504    13.019    64.220   361.193    27.124     0.182   131.260   431.176   294.812    78.418   103.720     6.552    18.750   343.582     0.000     0.365     0.654
 121.8229167   392.847     4.185    -9.055   348.301    25.841     0.229   103.541   430.517   295.316    49.704    75.981     6.486    19.790   324.460     0.000     0.401    -0.288
 121.8437500   360.133    14.621   -22.498   321.817    25.225     0.249    91.866   431.505   295.687    45.701    68.977     4.784    18.491   311.784     0.000     0.370     0.491
 121.8645833   369.635     8.839   -18.470   330.752    25.233     0.285    91.346   433.008   295.836    48.340    70.794     4.101    18.353   318.869     0.000     0.363     0.173
 121.8854167   338.520    19.150   -25.656   304.394    24.796     0.362    84.184   432.254   295.780    40.766    62.822     4.220    17.836   306.373     0.000     0.348    -0.135
 121.9062500   309.371    21.498   -26.980   280.061    24.340     0.409    77.866   431.766   295.472    35.223    56.378     4.193    16.961   289.158     0.000     0.346    -0.432
 121.9270833   199.477    16.110   -35.233   208.475    21.290     0.402    53.541   427.185   294.956    10.717    30.717     4.684    15.316   217.253     0.000     0.339    -0.592
 121.9479167   269.000     8.010   -27.435   259.074    23.638     0.591    69.571   428.171   294.879    29.306    47.974     4.191    14.477   254.552     0.000     0.348     0.046
 121.9687500   201.945    -7.934   -27.104   226.199    21.639     0.678    55.294   424.749   294.145    11.676    31.105     5.210    14.219   215.274     0.000     0.348    -0.892
 121.9895833   152.426   -10.684   -31.272   194.252    19.386     0.721    44.487   421.090   293.657     0.683    19.994     5.755    13.556   177.562     0.000     0.348    -0.554
 122.0104167   131.865   -11.001   -37.037   181.168    18.040     0.711    40.056   419.324   293.353    -0.911    16.953     4.957    12.907   161.975     0.000     0.348    -0.356
 122.0312500    66.616   -10.301   -25.692   115.484    12.502     0.645    25.126   416.638   292.760   -12.262     4.349     4.567    12.044   102.369     0.000     0.347    -0.613
 122.0520833    38.637   -13.341   -23.795    92.352     9.822     0.638    19.154   413.480   292.290   -16.065    -0.430     4.353    11.282    75.137     0.000     0.347    -0.514
 122.0729167     1.483   -12.055   -19.789    54.043     5.393     0.724    10.216   412.006   291.945   -20.393    -5.542     3.921    10.930    36.641     0.000     0.349    -0.323
 122.0937500   -21.910   -12.625    -8.151    23.017     2.326     0.712     4.237   409.208   291.286   -23.435    -9.422     3.724    10.289    10.399     0.000     0.349    -0.716
 122.1145833   -33.995   -12.037    -7.389    11.993     0.759     0.607     1.278   405.169   290.548   -25.698   -12.365     3.877     9.457     1.880     0.000     0.348    -0.863
 122.1354167   -38.093   -10.473   -11.148    11.254     0.083     0.530     0.141   401.254   289.922   -27.004   -13.912     4.229     8.864     1.381     0.000     0.347    -0.723
 122.1562500   -32.463    -3.062    -6.808     2.625    -0.000     0.181     0.000   397.020   289.069   -24.365   -14.502     2.681     7.182     1.196     0.000     0.299    -0.853
 122.1770833   -30.791    -5.304   -11.902    11.477    -0.000     0.381     0.000   396.697   289.200   -25.154   -13.467     4.080     7.608     1.173     0.000     0.340     0.092
 122.1979167   -32.912    -2.057   -10.113     4.916     0.000     0.409     0.000   395.037   288.834   -25.247   -13.548     4.308     7.391     1.105     0.000     0.344    -0.411
 122.2187500   -29.152     0.230    -2.855    -1.057    -0.000     0.380     0.000   392.971   288.301   -24.959   -13.604     4.518     6.836     0.979     0.000     0.346    -0.511
 122.2395833   -24.145     0.210     5.606    -2.867     0.000     0.570     0.000   389.993   287.697   -26.459   -14.710     5.564     6.185     0.781     0.000     0.350    -0.634
 122.2604167   -21.973    -0.775     1.357     3.573    -0.000     0.518     0.000   388.331   287.472   -25.892   -14.569     5.653     5.670     0.683     0.000     0.350    -0.236
 122.2812500   -17.666     1.196     7.384    -0.913    -0.000     0.532     0.000   387.225   287.118   -24.995   -14.022     5.660     5.313     0.620     0.000     0.351    -0.338
 122.3020833   -13.495     3.585     5.390     4.301     0.000     0.382     0.000   384.261   286.613   -26.149   -15.318     6.233     4.598     0.391    10.634     0.352    -0.621
 122.3229167   -13.551    -2.081     1.021    13.661    -0.000     0.398     0.000   382.975   286.475   -25.980   -15.329     6.330     4.321     0.330     9.143     0.351    -0.172
 122.3437500   -14.439     1.157    -2.613    11.785     0.000     0.396     0.000   382.585   286.469   -24.739   -14.694     5.995     4.050     0.314     8.651     0.349    -0.028
 122.3645833   -15.184     0.999    -3.716    11.017     0.000     0.380     0.000   382.434   286.453   -23.468   -14.030     5.619     3.819     0.303     8.147     0.348    -0.016
 122.3854167   -14.046     0.529    -2.926    10.817     0.000     0.355     0.000   382.249   286.437   -22.421   -13.408     5.373     3.639     0.291     7.586     0.348    -0.046
 122.4062500   -21.987    -0.863   -10.600    11.949     0.000     0.380     0.000   381.798   286.422   -22.378   -13.797     5.084     3.498     0.281     7.474     0.344    -0.096
 122.4270833   -27.164    -7.032   -13.414    16.340    -0.000     0.427     0.000   380.923   286.297   -22.882   -14.339     5.096     3.447     0.273     7.641     0.344    -0.177
 122.4479167   -29.676    -6.750   -18.826    19.080    -0.000     0.545     0.000   380.341   286.219   -23.078   -14.397     5.095     3.585     0.309     9.762     0.346    -0.103
 122.4687500   -26.438     5.212   -16.667     7.015    -0.000     0.505     0.000   380.060   286.202   -22.034   -13.685     4.934     3.415     0.290     8.826     0.346     0.036
 122.4895833   -15.259     7.441    -8.669     4.854     0.000     0.441     0.000   381.026   286.292   -19.040   -11.466     4.499     3.075     0.265     7.609     0.347     0.155
 122.5104167   -17.499    -0.695    -8.384    10.434     0.000     0.403     0.000   380.907   286.265   -18.824   -11.519     4.345     2.960     0.252     6.904     0.346    -0.029
 122.5312500   -10.871    -0.227    -0.597     7.822     0.026     0.389     0.043   381.098   286.171   -17.840   -10.603     4.310     2.927     0.258     6.100     0.349    -0.029
 122.5520833    -9.133     3.505     3.069     2.853     0.292     0.472     0.506   380.328   286.006   -18.397   -10.891     4.668     2.838     0.249     5.943     0.351    -0.163
 122.5729167    -2.486     6.734     5.325     2.295     1.145     0.558     2.014   380.401   286.050   -16.938    -9.697     4.696     2.545     0.794     5.124     0.351     0.099
 122.5937500     8.588     7.146    10.234     5.102     2.341     0.571     4.044   381.308   286.199   -14.114    -7.209     4.433     2.472     2.486     4.994     0.352     0.220
 122.6145833    20.035     7.019    14.431     9.264     4.024     0.506     6.985   382.433   286.410   -10.992    -4.352     4.155     2.485     5.497     5.054     0.354     0.312
 122.6354167    56.952     8.946    26.251    23.463     9.665     0.488    17.859   384.486   286.770    -2.271     4.044     3.897     2.418    18.043     6.451     0.358     0.563
 122.6562500   136.923     7.711    49.030    63.827    16.900     0.524    40.298   388.173   287.479    15.275    21.909     3.854     2.781    47.101    10.721     0.363     1.080
 122.6770833   273.013   -14.401    85.095   157.138    21.626     0.549    75.862   394.616   288.426    44.016    52.519     4.129     4.374   100.704    22.795     0.370     1.164
 122.6979167   291.548   -30.219    63.201   217.023    21.942     0.548    78.025   397.393   288.875    41.355    53.491     5.041     7.096   136.443    35.797     0.365     0.189
 122.7187500   243.408    -5.332    33.803   188.534    20.973     0.529    65.922   396.979   289.001    26.381    40.773     6.024     8.368   134.908    37.737     0.360     0.022
 122.7395833   312.746     4.165    53.172   212.182    22.465     0.437    82.610   400.490   289.643    41.954    57.466     6.384     9.129   157.713    40.015     0.379     1.273
 122.7604167   611.824     6.418   174.546   328.221    26.621     0.615   149.146   410.624   290.666   100.871   122.144     9.287    11.986   242.245    64.818     0.379     1.767
 122.7812500   713.500     0.727   222.472   381.094    27.566     0.713   171.332   416.295   291.180   108.546   138.579    14.162    15.872   284.783    73.101     0.371     0.662
 122.8020833   645.733    -2.947   230.755   339.822    26.483     0.811   155.566   415.438   290.660    79.296   116.638    18.975    18.368   279.450    46.534     0.363    -1.193
 122.8229167   177.121    -4.476    31.364   175.424    17.847     0.682    48.263   402.621   289.377   -22.923     7.711    15.207    15.428   125.770    48.792     0.353    -2.267
 122.8437500   304.930    -0.387    85.381   203.857    21.939     0.641    76.226   401.790   289.700    14.879    41.409    13.479    13.051   163.992    22.548     0.361     1.200
 122.8645833   522.699     3.596   141.089   308.057    25.952     0.705   128.491   411.403   291.049    68.454    96.059    12.708    14.897   255.982    19.753     0.364     1.503
 122.8854167   397.091    -4.192    79.993   282.609    24.576     0.606   101.099   411.833   291.453    38.477    65.658    11.313    15.868   244.413    11.484     0.362     0.204
 122.9062500   514.090   -15.219   124.161   342.709    26.194     0.695   127.983   415.739   291.867    61.694    91.892    12.452    17.747   294.977     8.513     0.362     0.746
 122.9270833   543.704   -19.835   141.387   362.988    26.491     0.840   137.636   416.261   291.846    59.280    95.620    15.981    20.359   316.852     6.050     0.357    -0.116
 122.9479167   490.136   -19.360   120.241   347.770    25.726     0.863   127.821   414.283   291.488    42.177    81.239    17.499    21.563   308.408     3.625     0.355    -0.692
 122.9687500   323.189   -12.984    48.070   283.365    23.167     0.850    91.370   408.439   290.861     5.932    43.644    16.921    20.792   256.748     2.018     0.352    -1.194
 122.9895833   191.588    -0.237   -12.708   219.204    20.648     0.779    62.528   403.287   290.431   -13.953    17.719    13.478    18.194   206.101     1.105     0.349    -0.719
 123.0104167   169.148     8.569   -23.805   195.504    20.068     0.746    58.120   401.266   290.260   -10.877    16.236    11.012    16.101   190.441     0.202     0.348    -0.244
 123.0312500   131.718     2.295   -34.133   176.840    18.910     0.653    49.703   399.973   290.061   -12.953    10.275     8.899    14.329   167.461     0.304     0.346    -0.331
 123.0520833    94.036   -11.493   -42.250   167.303    17.359     0.689    41.829   397.408   289.659   -19.025     3.133     8.419    13.739   148.346     0.045     0.345    -0.498
 123.0729167    81.905     0.215   -38.369   140.518    16.543     0.669    39.548   395.396   289.193   -19.935     0.824     7.949    12.810   134.820     0.402     0.345    -0.523
 123.0937500    13.839    -7.046   -35.200    88.597    11.512     0.593    23.674   391.741   288.400   -31.586   -11.956     7.873    11.756    81.373     0.631     0.343    -0.926
 123.1145833   -61.626   -17.539   -35.020    34.749     3.750     0.483     6.998   386.480   287.471   -42.708   -24.209     7.836    10.663    19.828     0.984     0.338    -1.108
 123.1354167   -90.860   -18.869   -46.146    20.605     0.397     0.492     0.735   381.942   286.831   -45.639   -27.988     7.708     9.942     1.853     0.142     0.336    -0.812
 123.1562500   -94.037   -11.261   -53.129    14.583     0.002     0.558     0.003   379.443   286.387   -43.740   -27.032     7.298     9.409     1.225     0.004     0.339    -0.489
 123.1770833   -94.787   -12.237   -52.416    13.727    -0.000     0.561     0.000   376.438   285.821   -43.202   -26.983     7.305     8.913     1.147     0.258     0.341    -0.660
 123.1979167   -94.682   -13.195   -53.738    15.503     0.000     0.503     0.000   373.818   285.307   -42.631   -26.868     7.206     8.556     1.100     0.359     0.336    -0.621
 123.2187500   -94.870   -13.213   -47.369    10.203     0.000     0.366     0.000   369.667   284.381   -43.390   -28.262     7.124     8.004     0.982     0.558     0.321    -1.100
 123.2395833   -94.136   -10.465   -49.599    11.472    -0.000     0.368     0.000   365.692   283.925   -45.068   -29.546     7.836     7.685     0.896     0.209     0.327    -0.477
 123.2604167   -92.732   -14.704   -39.320     6.602     0.000     0.247     0.000   361.127   282.408   -43.551   -31.186     5.773     6.592     0.745     0.068     0.292    -1.760
 123.2812500   -87.478   -13.233   -35.652     5.389    -0.000     0.181     0.000   353.557   281.304   -42.786   -35.385     2.781     4.620     0.552     0.038     0.261    -1.195
 123.3020833   -85.787    -8.306   -38.975     5.077    -0.000     0.187     0.000   350.622   280.834   -43.090   -36.408     2.764     3.918     0.482     0.004     0.261    -0.493
 123.3229167   -87.243     7.028   -64.191    11.586     0.000     0.269     0.000   352.915   282.443   -43.341   -33.530     5.170     4.641     0.553     0.000     0.283     1.674
 123.3437500   -92.920    -1.464   -65.298    13.673    -0.000     0.422     0.000   359.817   282.901   -40.453   -26.665     7.284     6.503     0.804     0.000     0.325     0.622
 123.3645833   -92.219    -4.049   -54.318     6.067     0.000     0.418     0.000   359.228   282.549   -39.529   -26.017     7.053     6.459     0.793     0.000     0.328    -0.390
 123.3854167   -90.316    -5.718   -49.577     5.580     0.000     0.346     0.000   356.820   282.016   -39.975   -26.907     6.955     6.113     0.718     0.000     0.317    -0.626
 123.4062500   -85.938   -13.171   -34.221     3.258    -0.000     0.229     0.000   351.936   280.277   -39.910   -29.303     5.326     5.281     0.583     0.010     0.289    -1.894
 123.4270833   -75.092   -16.038   -17.629     1.692    -0.000     0.074     0.000   340.408   278.343   -41.211   -35.612     2.091     3.509     0.315     0.006     0.261    -1.906
 123.4479167   -72.489    -2.308   -31.234     2.946    -0.000     0.086     0.000   337.836   278.332   -41.709   -36.990     1.951     2.767     0.238     0.000     0.261    -0.185
 123.4687500   -71.258    -1.153   -30.754     1.729     0.000     0.087     0.000   337.215   278.343   -41.048   -36.588     2.060     2.400     0.218     0.000     0.261    -0.032
 123.4895833   -72.831     2.627   -38.181     1.605    -0.000     0.128     0.000   339.556   278.732   -39.220   -34.621     2.297     2.302     0.254     0.000     0.261     0.337
 123.5104167   -68.678    -7.019   -21.718     0.471    -0.000     0.076     0.000   336.192   277.831   -39.682   -35.309     2.179     2.193     0.185     0.000     0.261    -0.729
 123.5312500   -65.942    12.430   -44.963     2.332     0.177     0.141     0.306   339.624   279.200   -36.997   -32.576     2.289     2.131     0.314     0.000     0.261     1.257
 123.5520833   -53.502     9.095   -34.893     2.899     1.633     0.161     3.050   344.580   279.853   -31.501   -26.745     2.445     2.311     3.105     0.000     0.261     0.897
 123.5729167   -31.545    17.989   -33.311     8.854     5.159     0.210    10.025   348.653   281.065   -26.637   -20.158     3.565     2.914    13.325     0.000     0.279     1.560
 123.5937500    14.414    18.253   -19.725    32.163    10.192     0.372    22.642   355.992   281.907   -17.563    -6.843     6.328     4.391    35.332     0.000     0.340     1.285
 123.6145833   100.313    20.808    13.143    62.550    14.493     0.330    43.210   363.047   283.033     2.195    12.483     5.680     4.608    61.447     0.000     0.381     1.617
 123.6354167   197.552    10.221    48.840   111.937    17.701     0.272    66.688   371.989   284.269    24.892    35.692     5.179     5.621    96.769     0.000     0.393     1.663
 123.6562500   273.676     7.741    77.965   147.107    19.561     0.378    84.577   378.118   285.306    39.505    52.351     5.669     7.177   131.328     0.000     0.412     1.359
 123.6770833   349.173     4.897   117.750   173.938    21.122     0.355    99.429   384.005   285.944    51.573    67.056     6.877     8.606   160.033     0.000     0.418     1.015
 123.6979167   388.913     7.732   136.004   189.375    21.928     0.272   105.118   388.021   286.475    54.722    72.848     8.165     9.961   178.436     0.000     0.391     1.079
 123.7187500   450.594    17.878   159.671   203.931    23.507     0.196   120.027   394.108   287.046    67.948    87.502     8.718    10.837   201.999     0.000     0.364     1.167
 123.7395833   522.376     6.806   199.608   237.160    24.751     0.204   135.653   398.853   287.448    78.175   100.841    10.521    12.145   225.339     0.000     0.364     0.627
 123.7604167   596.559    -2.233   241.236   273.110    25.415     0.319   151.874   400.984   287.851    83.995   111.921    13.558    14.369   250.354     0.000     0.385     0.450
 123.7812500   620.989     8.117   242.682   283.508    26.061     0.246   156.771   405.451   288.292    85.946   116.324    14.470    15.907   268.400     0.000     0.364     0.736
 123.8020833   560.005    10.626   204.405   276.196    25.744     0.197   140.607   407.231   288.811    68.192    99.956    14.923    16.842   261.719     0.000     0.364     0.587
 123.8229167   470.450     5.198   148.041   263.306    25.122     0.097   118.957   410.174   289.170    53.870    82.881    12.548    16.463   245.701     0.000     0.364     0.036
 123.8437500   357.566   -13.167   107.222   240.351    23.054     0.163    92.360   404.339   288.888    24.878    54.560    13.120    16.561   215.742     0.000     0.373    -1.718
 123.8645833   301.675    21.449    68.704   198.782    21.831     0.436    78.815   400.149   289.073    12.829    41.518    13.061    15.629   201.182     0.000     0.383    -0.090
 123.8854167   252.507     5.125    36.022   202.370    21.043     0.478    67.705   399.646   289.344     8.920    34.138    10.883    14.335   188.627     0.000     0.365     0.071
 123.9062500   243.778     1.851    19.055   210.649    20.897     0.500    64.841   400.671   289.738    11.788    34.845     9.157    13.900   192.531     0.000     0.359     0.435
 123.9270833   319.885     8.734    49.516   232.174    22.357     0.683    80.909   403.665   290.052    28.915    52.554     9.336    14.304   221.981     0.000     0.356     0.546
 123.9479167   351.266    -0.437    78.053   243.410    22.873     0.837    88.441   404.615   289.812    30.566    57.697    11.932    15.199   231.439     0.000     0.355    -0.326
 123.9687500   253.027   -15.079    51.858   212.227    20.928     0.825    67.774   399.875   289.040     5.008    33.241    13.255    14.977   194.098     0.000     0.353    -0.987
 123.9895833   253.595   -18.384    59.058   208.098    20.590     0.735    68.403   396.713   288.440     5.436    32.322    12.587    14.299   184.900     0.000     0.355    -0.613
 124.0104167   203.391   -20.960    37.914   191.767    19.310     0.668    59.277   392.938   287.848    -4.453    21.065    11.728    13.790   166.089     0.000     0.355    -0.878
 124.0312500   115.627   -12.659    10.852   141.488    15.904     0.695    37.568   388.429   287.200   -23.176     1.780    11.667    13.289   125.640     0.000     0.351    -0.877
 124.0520833    48.976     3.335     5.784    72.663    10.767     0.682    20.904   385.104   286.644   -32.192    -9.930    10.509    11.753    73.184     0.000     0.351    -0.615
 124.0729167     0.345    -5.765    10.502    33.939     4.748     0.702     8.465   382.268   286.074   -37.718   -17.205     9.953    10.560    26.812     0.000     0.351    -0.612
 124.0937500   -15.671    -8.882    17.596    15.316     2.038     0.715     3.522   379.049   285.350   -38.923   -19.425     9.775     9.724     8.295     0.000     0.351    -0.778
 124.1145833   -21.973    -2.497    20.561     0.066     0.413     0.599     0.677   375.015   284.575   -39.252   -21.393     9.283     8.576     1.298     0.000     0.352    -0.850
 124.1354167   -18.003     5.262     1.572    16.004     0.026     0.510     0.043   370.582   283.840   -39.875   -22.653     9.700     7.522     0.781    24.458     0.350    -0.967
 124.1562500   -15.298     9.123    11.338     3.926    -0.000     0.405     0.000   367.598   283.222   -39.104   -22.670     9.965     6.469     0.562    15.945     0.354    -0.580
 124.1770833   -12.698     1.858    16.930     7.483    -0.000     0.347     0.000   365.362   282.736   -38.503   -22.496    10.183     5.823     0.413    11.023     0.360    -0.466
 124.1979167   -10.715     0.445    20.377     7.206     0.000     0.309     0.000   363.298   282.375   -38.359   -22.500    10.508     5.351     0.306     7.853     0.368    -0.384
 124.2187500   -11.245     3.906    15.176     6.322    -0.000     0.333     0.000   362.464   282.295   -36.549   -21.684    10.130     4.736     0.248     6.524     0.362    -0.100
 124.2395833   -11.623     4.179    13.954     5.088    -0.000     0.355     0.000   362.018   282.252   -34.782   -20.818     9.699     4.265     0.204     5.504     0.359    -0.062
 124.2604167   -12.055     2.175    12.399     6.627     0.000     0.397     0.000   361.833   282.240   -33.227   -19.985     9.281     3.961     0.173     4.899     0.356    -0.028
 124.2812500   -11.716    -0.742    11.898     9.124    -0.000     0.397     0.000   361.595   282.220   -31.968   -19.263     8.942     3.763     0.169     4.771     0.356    -0.028
 124.3020833   -10.952     0.154    11.178     8.252     0.000     0.370     0.000   361.579   282.224   -30.546   -18.400     8.543     3.603     0.168     4.597     0.357     0.010
 124.3229167    -9.052    -4.784    14.442    11.078     0.000     0.365     0.000   361.356   282.100   -29.665   -17.796     8.351     3.518     0.171     4.685     0.359    -0.123
 124.3437500    -6.465    -9.682    20.620    13.353    -0.000     0.470     0.000   360.227   281.771   -30.405   -18.075     8.709     3.621     0.170     5.249     0.355    -0.350
 124.3645833    -5.914    -2.548    20.480     7.592     0.000     0.417     0.000   358.743   281.580   -31.249   -18.578     9.060     3.612     0.146     4.287     0.358    -0.188
 124.3854167    -5.595     4.705    16.377     2.885     0.000     0.218     0.000   359.018   281.674   -29.655   -17.429     8.828     3.398     0.130     2.918     0.400     0.094
 124.4062500    -5.092    -0.947    18.685     6.005    -0.000     0.166     0.000   359.009   281.623   -28.793   -16.845     8.684     3.264     0.122     2.470     0.417    -0.043
 124.4270833    -4.961    -3.074    19.316     7.314     0.000     0.136     0.000   358.555   281.513   -28.446   -16.622     8.496     3.328     0.122     2.250     0.390    -0.072
 124.4479167    -5.407    -0.439    17.042     5.700    -0.000     0.118     0.000   358.252   281.491   -27.697   -16.346     8.107     3.244     0.123     2.103     0.369    -0.013
 124.4687500    -5.585     1.261    15.079     4.769    -0.000     0.112     0.000   358.299   281.537   -26.736   -15.871     7.767     3.098     0.123     2.048     0.366     0.042
 124.4895833    -5.577     1.042    14.340     4.985    -0.000     0.111     0.000   358.461   281.581   -25.988   -15.377     7.518     3.092     0.126     2.076     0.366     0.044
 124.5104167    -5.426    -0.785    14.934     5.648     0.001     0.101     0.001   358.566   281.556   -25.215   -14.937     7.229     3.049     0.128     2.031     0.364    -0.008
 124.5312500    -5.342    -2.282    16.036     6.379     0.041     0.097     0.069   358.169   281.484   -25.396   -15.023     7.256     3.118     0.128     2.003     0.364    -0.079
 124.5520833    -3.291     2.843    14.024     4.166     0.476     0.097     0.841   358.374   281.589   -24.468   -14.288     7.108     3.071     0.266     2.077     0.364     0.144
 124.5729167     9.846     5.610    18.646     6.427     2.578     0.117     4.615   359.638   281.826   -21.222   -11.374     6.831     3.016     2.891     2.662     0.364     0.385
 124.5937500    41.371     4.185    34.725    17.092     6.952     0.165    12.538   361.694   282.049   -14.897    -5.044     6.785     3.068    10.980     4.006     0.385     0.266
 124.6145833    39.979     2.991    32.855    19.172     6.656     0.223    11.640   362.316   282.228   -15.154    -4.948     6.988     3.218    11.270     4.820     0.417     0.114
 124.6354167    39.341     2.600    30.215    20.807     6.656     0.230    11.534   362.978   282.396   -14.474    -4.423     6.766     3.285    12.138     5.297     0.416     0.192
 124.6562500    56.203     4.290    35.157    26.922     8.748     0.267    15.776   364.100   282.609   -10.484    -0.536     6.567     3.382    17.974     6.431     0.406     0.318
 124.6770833   105.796     7.924    54.954    42.873    12.968     0.566    27.628   365.809   282.954    -0.466     9.495     6.447     3.514    31.851    10.012     0.361     0.510
 124.6979167   173.734     8.586    81.059    69.631    15.884     0.648    43.439   369.588   283.609    13.467    24.346     6.878     4.001    49.667    14.281     0.360     0.991
 124.7187500   279.861     0.429   127.279   117.106    18.536     0.756    69.280   374.404   284.264    34.171    47.871     8.386     5.314    78.388    23.414     0.360     0.876
 124.7395833   288.390     1.910   119.033   134.729    19.005     0.772    71.550   377.062   284.797    32.281    48.463     9.519     6.663    92.066    29.207     0.359     0.437
 124.7604167   245.352     6.655    84.659   130.301    18.636     0.703    63.027   378.541   285.187    23.556    39.463     8.768     7.139    93.433    29.895     0.358     0.182
 124.7812500   178.552     3.142    49.862   116.394    17.053     0.633    45.143   378.571   285.354     9.077    23.602     7.537     6.988    81.980    27.814     0.357     0.078
 124.8020833   259.968    10.746    78.590   141.831    18.941     0.702    63.809   381.410   286.038    27.503    42.991     8.079     7.409   101.741    33.072     0.358     1.297
 124.8229167   458.902    16.127   159.504   208.161    22.897     0.682   114.129   390.319   287.073    74.017    91.470     8.633     8.820   154.336    44.625     0.369     1.093
 124.8437500   252.968     4.175    38.829   185.143    20.081     0.706    69.333   388.933   287.701    24.470    42.701     8.490     9.741   130.553    38.774     0.355     0.351
 124.8645833   518.481     7.005   167.389   259.254    24.383     0.771   128.470   397.684   288.480    83.155   103.741     9.269    11.316   203.808    39.599     0.362     1.678
 124.8854167   554.913     7.053   195.494   270.470    25.247     0.709   136.555   401.801   288.967    81.333   106.698    11.904    13.461   228.880    27.422     0.368     0.563
 124.9062500   533.906     6.157   181.226   273.031    25.419     0.622   134.108   404.381   289.444    73.050   100.244    12.453    14.741   240.925    15.863     0.374     0.441
 124.9270833   475.095     3.401   146.081   265.567    25.014     0.523   122.974   405.339   289.833    59.673    86.691    11.726    15.293   239.823     7.610     0.383     0.373
 124.9479167   476.427     5.170   144.649   266.982    25.172     0.469   123.661   407.404   290.076    59.663    86.715    11.308    15.744   249.229     3.061     0.392    -0.037
 124.9687500   257.195     4.647    40.056   199.556    21.737     0.418    73.674   402.622   290.033    13.486    37.644     9.592    14.566   187.919     1.675     0.368    -0.551
 124.9895833   318.704     4.112    55.334   224.908    23.135     0.399    90.247   404.783   290.361    33.843    55.718     8.047    13.828   210.499     0.000     0.384     0.507
 125.0104167   282.955     1.238    36.473   218.339    22.681     0.317    84.103   404.976   290.506    27.016    48.287     7.492    13.780   202.929     0.335     0.392    -0.111
 125.0312500   198.631     7.301     9.617   172.203    20.832     0.221    65.999   402.522   290.161    10.231    30.134     6.773    13.131   168.499     1.550     0.386    -0.721
 125.0520833    56.248    29.877    -6.165    44.648    15.105     0.126    33.147   395.668   288.809   -10.685     0.666     2.734     8.617    78.172     1.206     0.287    -1.428
 125.0729167    11.825   -27.655   -26.018    87.889    11.876     0.307    23.308   392.024   288.502   -21.652    -7.620     5.373     8.658    62.907     0.000     0.326    -0.739
 125.0937500   -26.864    -3.774   -36.454    41.603     7.523     0.319    13.997   388.220   288.025   -27.591   -13.976     5.382     8.233    36.397     0.007     0.331    -0.649
 125.1145833   -60.607   -12.555   -20.823     5.448     2.478     0.169     4.417   380.607   286.042   -30.421   -22.531     2.266     5.623     7.388     0.089     0.273    -2.257
 125.1354167   -71.419   -14.235   -31.078     7.361     0.288     0.162     0.515   373.754   285.358   -32.518   -27.605     1.307     3.606     0.593     0.005     0.261    -0.950
 125.1562500   -75.136   -15.832   -48.366    21.556     0.004     0.241     0.007   373.180   286.085   -33.273   -26.320     3.045     3.907     0.464     0.000     0.280     0.778
 125.1770833   -81.031   -13.647   -57.139    20.904     0.000     0.402     0.000   377.783   286.276   -31.492   -20.539     4.784     6.169     0.763     0.000     0.325     0.343
 125.1979167   -80.207    -4.635   -48.567     4.486     0.000     0.408     0.000   375.983   285.815   -30.975   -20.146     4.709     6.120     0.733     0.000     0.328    -0.515
 125.2187500   -79.375     5.312   -54.827    -0.210    -0.000     0.418     0.000   374.923   285.762   -29.584   -19.467     4.506     5.611     0.664     0.000     0.328    -0.065
 125.2395833   -80.709    -5.500   -53.444     6.717     0.000     0.455     0.000   374.332   285.491   -28.215   -18.782     4.250     5.183     0.611     0.000     0.332    -0.266
 125.2604167   -80.608   -24.051   -48.244    22.080     0.000     0.455     0.000   371.876   284.991   -29.852   -19.773     4.751     5.327     0.617     0.000     0.334    -0.542
 125.2812500   -80.680   -15.730   -53.481    18.731     0.000     0.511     0.000   370.709   284.797   -30.014   -19.531     4.795     5.688     0.698     0.000     0.337    -0.186
 125.3020833   -80.377    -8.668   -49.294     8.362     0.000     0.516     0.000   369.080   284.376   -30.325   -19.719     4.928     5.678     0.689     0.000     0.338    -0.452
 125.3229167   -78.700    -6.422   -45.996     5.502     0.000     0.478     0.000   366.728   283.917   -31.262   -20.485     5.344     5.434     0.619     0.000     0.336    -0.522
 125.3437500   -76.565    -4.883   -44.829     5.068     0.000     0.391     0.000   364.591   283.534   -31.461   -20.960     5.402     5.098     0.549     0.000     0.327    -0.460
 125.3645833   -76.089    -5.346   -44.772     6.270     0.000     0.350     0.000   362.558   283.220   -31.842   -21.571     5.457     4.814     0.492     0.000     0.321    -0.399
 125.3854167   -78.796    -3.207   -50.690     6.695     0.000     0.347     0.000   361.657   283.123   -31.448   -21.536     5.275     4.636     0.479     0.000     0.318    -0.146
 125.4062500   -78.194    -8.076   -41.525     4.081    -0.000     0.289     0.000   359.154   282.443   -31.899   -22.618     4.963     4.318     0.409     0.000     0.307    -0.774
 125.4270833   -76.521    -6.112   -44.761     7.149     0.001     0.282     0.002   357.123   282.222   -32.535   -23.325     5.137     4.073     0.363     0.000     0.303    -0.262
 125.4479167   -73.584    -9.232   -36.636     5.026     0.006     0.206     0.010   353.850   281.233   -31.577   -24.850     3.343     3.384     0.292     0.006     0.276    -1.165
 125.4687500   -73.967    11.708   -67.188    10.704     0.001     0.263     0.002   353.455   283.063   -31.059   -24.827     3.196     3.036     0.309     0.000     0.279     1.867
 125.4895833   -85.904     5.687   -92.623    20.420    -0.000     0.615     0.000   365.738   284.487   -21.247   -14.258     2.198     4.791     0.770     0.000     0.336     1.859
 125.5104167   -88.703    -9.044   -76.640    16.530     0.001     0.757     0.001   367.876   284.566   -19.687   -12.857     1.381     5.450     0.918     0.000     0.344     0.139
 125.5312500   -88.341    -7.365   -75.572    14.653     0.267     0.887     0.478   368.391   284.570   -20.134   -12.487     1.560     6.087     1.270     0.000     0.346     0.076
 125.5520833   -72.741    -2.830   -67.691    16.857     2.518     0.968     5.146   368.184   284.408   -18.952   -10.581     2.020     6.351    10.265     0.000     0.347    -0.125
 125.5729167   -27.858     7.041   -66.901    45.146     8.059     0.915    17.357   368.117   284.691   -13.495    -4.935     2.347     6.213    41.518     0.000     0.347     0.350
 125.5937500    31.302    14.094   -74.197    89.321    13.080     1.043    31.579   372.665   285.748     0.793     8.158     0.742     6.623    80.163     0.000     0.348     1.290
 125.6145833   113.520     7.478   -50.184   136.203    16.705     1.349    50.630   378.601   286.587    18.889    26.061    -0.614     7.787   122.762     0.000     0.349     1.135
 125.6354167   197.890     5.910    -6.714   165.382    18.903     1.530    68.991   382.919   287.104    32.522    42.678     1.041     9.115   154.084     0.000     0.350     0.790
 125.6562500   277.444     8.841    33.462   190.348    20.519     1.634    85.833   386.941   287.658    43.996    58.304     3.910    10.398   180.095     0.000     0.350     0.797
 125.6770833   343.233    12.307    63.042   213.727    21.827     1.631    99.511   391.140   288.313    53.284    71.473     6.528    11.661   204.056     0.000     0.351     0.873
 125.6979167   407.532    10.773    87.854   244.444    23.121     1.560   112.991   395.915   289.063    63.478    84.685     8.279    12.927   230.524     0.000     0.351     0.983
 125.7187500   489.753     4.380   121.164   287.639    24.491     1.583   130.782   400.951   289.781    75.605   101.319    10.836    14.878   265.903     0.000     0.351     0.965
 125.7395833   568.311     7.653   154.690   319.302    25.638     1.568   147.793   405.781   290.476    85.741   116.706    13.974    16.991   299.082     0.000     0.351     0.925
 125.7604167   625.536     8.968   174.742   348.547    26.446     1.511   159.926   410.604   291.169    92.402   127.819    16.352    19.065   327.597     0.000     0.352     0.875
 125.7812500   667.340     4.785   191.664   375.210    26.893     1.513   168.572   414.687   291.771    94.956   135.421    19.299    21.166   349.389     0.000     0.352     0.724
 125.8020833   696.855     1.630   203.616   396.694    27.089     1.599   174.671   418.235   292.292    94.318   140.642    22.808    23.517   366.644     0.000     0.352     0.597
 125.8229167   711.099     4.641   207.104   407.087    27.178     1.628   177.502   421.107   292.843    91.665   142.374    25.337    25.372   377.745     0.000     0.352     0.602
 125.8437500   711.036     7.827   192.156   419.141    27.346     1.548   177.581   424.945   293.512    91.197   142.170    24.296    26.677   389.888     0.000     0.352     0.714
 125.8645833   701.609     4.322   180.707   428.211    27.454     1.446   175.940   427.772   293.941    87.945   139.076    23.312    27.820   398.029     0.000     0.352     0.424
 125.8854167   677.080     6.496   153.148   436.903    27.694     1.422   171.446   429.798   294.315    80.282   132.396    23.421    28.693   408.724     0.000     0.352     0.252
 125.9062500   638.179     5.449   119.037   441.850    27.768     1.441   163.932   431.537   294.648    71.656   123.518    22.803    29.059   412.969     0.000     0.352     0.187
 125.9270833   584.333     3.070    81.846   439.605    27.568     1.460   152.996   431.465   294.875    59.763   111.123    22.227    29.133   409.886     0.000     0.351     0.050
 125.9479167   530.790     5.302    38.267   433.242    27.263     1.355   142.045   432.216   295.172    53.856   100.671    18.451    28.365   405.471     0.000     0.351     0.123
 125.9687500   466.640    -0.410    -1.972   426.865    26.675     1.407   128.779   431.662   295.307    42.245    87.503    17.263    27.994   396.210     0.000     0.351    -0.089
 125.9895833   392.270     1.815   -51.361   410.268    25.847     1.401   113.067   430.936   295.478    31.622    73.163    14.477    27.064   382.212     0.000     0.350    -0.074
 126.0104167   311.438     2.415   -98.553   386.718    24.785     1.370    95.822   429.845   295.529    21.068    57.924    11.127    25.728   362.410     0.000     0.349    -0.211
 126.0312500   226.378    -1.379  -137.973   356.110    23.333     1.243    77.557   427.562   295.438     9.988    41.570     7.670    23.913   331.957     0.000     0.348    -0.367
 126.0520833   139.840    -2.112  -167.426   310.931    21.099     1.174    58.925   424.786   295.244    -1.166    25.806     4.704    22.268   289.388     0.000     0.347    -0.388
 126.0729167    53.837     0.336  -160.756   226.419    17.067     1.031    39.909   421.913   294.724   -11.597    10.859     2.493    19.963   214.729     0.000     0.345    -0.566
 126.0937500   -25.663    -6.149  -121.544   123.620    10.281     0.823    21.454   418.504   293.922   -20.877    -2.248     1.322    17.307   112.708     0.000     0.343    -0.713
 126.1145833   -86.140   -10.758   -84.343    38.023     3.343     0.789     6.551   414.888   293.031   -28.221   -11.349     1.053    15.820    25.613     0.000     0.344    -0.840
 126.1354167  -105.755   -10.661   -78.583    14.578     0.387     0.736     0.724   410.117   292.139   -30.042   -14.708     1.035    14.299     3.357     0.000     0.343    -1.048
 126.1562500  -104.931   -12.336   -79.216    17.436     0.002     0.676     0.004   405.440   291.448   -30.011   -15.416     1.327    13.269     2.459     0.000     0.341    -0.803
 126.1770833  -102.906   -13.370   -82.827    22.411    -0.000     0.623     0.000   402.719   291.048   -28.633   -14.752     1.118    12.763     2.396     0.000     0.339    -0.487
 126.1979167  -100.815   -13.878   -76.242    18.360    -0.000     0.564     0.000   399.819   290.391   -28.340   -14.781     1.193    12.367     2.316     0.000     0.336    -0.714
 126.2187500   -98.600   -10.913   -73.616    16.240     0.000     0.578     0.000   395.993   289.830   -29.698   -15.883     1.851    11.964     2.180     0.000     0.338    -0.612
 126.2395833   -99.400    -0.924   -88.565    16.821     0.000     0.656     0.000   395.730   289.970   -26.897   -14.121     1.039    11.738     2.210     0.000     0.342     0.164
 126.2604167  -100.128    -3.200   -79.717     8.310     0.000     0.696     0.000   395.223   289.439   -25.008   -13.070     0.578    11.360     2.184     0.000     0.342    -0.514
 126.2812500   -97.079    -4.924   -57.878    -3.146     0.000     0.641     0.000   389.409   288.115   -29.679   -16.705     2.397    10.577     1.863     0.000     0.342    -1.452
 126.3020833   -94.497     3.178   -63.098    -1.199     0.000     0.519     0.000   384.058   287.523   -32.673   -19.404     3.719     9.550     1.556     0.000     0.335    -0.705
 126.3229167   -95.686     7.274   -79.095     5.125    -0.000     0.678     0.000   384.383   287.682   -29.254   -17.320     2.968     8.965     1.520     0.000     0.341     0.263
 126.3437500   -96.588     1.784   -76.377     6.124     0.000     0.818     0.000   384.110   287.538   -27.979   -16.321     2.863     8.795     1.477     0.000     0.345    -0.140
 126.3645833   -96.705    -1.819   -75.876     8.150    -0.000     0.805     0.000   383.339   287.314   -26.916   -15.905     2.570     8.441     1.436     0.000     0.345    -0.244
 126.3854167   -95.898    -3.864   -72.614     8.675    -0.000     0.848     0.000   381.581   287.015   -27.794   -16.404     3.127     8.263     1.362     0.000     0.346    -0.301
 126.4062500   -95.363    -0.499   -81.345    12.831     0.000     0.979     0.000   381.578   287.190   -26.556   -15.249     3.002     8.305     1.373     0.000     0.347     0.206
 126.4270833   -95.760     0.996   -90.905    16.379     0.000     1.044     0.000   383.349   287.662   -22.721   -12.815     1.428     8.478     1.482     0.000     0.347     0.491
 126.4479167   -96.792     2.200   -95.978    15.272     0.000     0.997     0.000   385.547   288.124   -18.751   -10.535    -0.347     8.563     1.609     0.000     0.347     0.466
 126.4687500   -97.308     3.259   -96.623    11.951     0.000     0.965     0.000   387.231   288.435   -16.227    -9.020    -1.423     8.630     1.697     0.000     0.346     0.332
 126.4895833   -97.674     3.463   -97.073    10.158    -0.000     1.019     0.000   388.506   288.637   -14.455    -7.969    -2.262     8.748     1.745     0.000     0.347     0.234
 126.5104167   -97.598     4.261   -98.437     9.542    -0.000     1.053     0.000   389.406   288.844   -13.202    -7.245    -2.852     8.809     1.778     0.000     0.347     0.239
 126.5312500   -97.519     5.717  -101.515     8.729     0.220     1.189     0.393   390.867   289.071   -10.750    -5.975    -4.168     8.943     2.024     0.000     0.348     0.300
 126.5520833   -84.362     4.174  -100.406    19.426     2.208     1.313     4.549   391.795   289.252    -7.778    -3.621    -4.959     9.116    11.628     0.000     0.348     0.222
 126.5729167   -37.523     9.253  -115.074    68.237     8.011     1.385    17.116   393.109   289.626    -0.317     3.242    -5.700     9.259    62.300     0.000     0.349     0.378
 126.5937500    36.174    13.063  -125.192   135.190    14.630     1.474    34.251   395.602   290.221    12.427    15.750    -6.263     9.586   129.356     0.000     0.349     0.687
 126.6145833   110.672    14.107  -119.608   188.352    18.493     1.561    50.778   399.836   290.910    26.954    30.577    -6.689    10.312   181.439     0.000     0.349     0.867
 126.6354167   188.971    12.799   -94.745   230.036    20.931     1.609    67.667   404.045   291.601    39.962    45.952    -5.278    11.267   220.848     0.000     0.349     0.919
 126.6562500   276.415    11.197   -72.427   280.963    22.983     1.743    86.622   409.613   292.444    55.612    64.178    -4.292    12.858   266.230     0.000     0.350     1.069
 126.6770833   345.850    13.311   -49.548   315.900    24.414     1.767   101.214   414.681   293.256    65.183    78.023    -1.707    14.547   302.067     0.000     0.350     1.005
 126.6979167   415.885    17.445   -31.006   352.002    25.712     1.762   115.971   420.684   294.248    76.231    92.637     0.077    16.329   337.814     0.000     0.350     1.213
 126.7187500   488.340    18.239    -2.354   383.553    26.809     1.707   131.417   427.292   295.207    87.679   107.744     1.872    18.193   368.878     0.000     0.350     1.223
 126.7395833   561.930    16.421    24.697   421.461    27.716     1.636   147.069   434.336   296.222    98.111   122.786     4.272    20.403   401.861     0.000     0.350     1.241
 126.7604167   617.558    14.953    31.158   463.490    28.234     1.638   158.959   442.985   297.273   106.742   135.475     5.678    23.054   439.240     0.000     0.351     1.216
 126.7812500   657.468    12.730    57.208   478.290    28.088     1.724   167.123   448.956   297.971   108.377   143.045     8.811    25.857   454.494     0.000     0.351     0.862
 126.8020833   678.752    18.378    70.651   481.980    27.886     1.690   171.136   453.712   298.540   107.049   146.281    11.325    27.907   463.770     0.000     0.351     0.693
 126.8229167   683.885    20.322    72.888   486.278    27.647     1.661   171.841   457.460   299.202   103.626   145.981    13.003    29.351   467.158     0.000     0.351     0.770
 126.8437500   702.377    10.927    71.570   510.450    26.926     1.556   175.847   463.467   300.104   108.447   151.375    12.049    30.879   476.811     0.000     0.352     0.983
 126.8645833   691.188     2.744    57.637   525.813    26.155     1.539   174.118   468.286   300.915   104.188   148.932    11.542    33.201   483.040     0.000     0.351     0.806
 126.8854167   664.693     9.483    33.997   522.929    25.614     1.509   169.246   472.017   301.550    97.707   143.020    10.622    34.691   488.064     0.000     0.351     0.577
 126.9062500   620.844     8.529     0.203   523.551    25.320     1.472   160.577   474.291   301.970    88.326   133.126     9.530    35.270   490.285     0.000     0.351     0.235
 126.9270833   549.131     4.473   -49.897   520.433    25.142     1.414   145.598   474.723   302.184    74.142   117.321     8.023    35.157   486.305     0.000     0.351    -0.020
 126.9479167   496.139     5.947   -86.893   511.148    24.959     1.332   134.471   474.550   302.379    65.902   106.386     6.232    34.252   479.760     0.000     0.350     0.035
 126.9687500   455.482     3.443  -118.498   509.081    24.532     1.327   126.165   475.283   302.693    61.296    99.062     4.127    33.638   474.061     0.000     0.350     0.160
 126.9895833   386.682     0.802  -161.361   497.014    24.025     1.338   111.773   474.916   302.840    50.334    85.499     2.112    33.053   462.340     0.000     0.349    -0.106
 127.0104167   308.080    11.210  -201.138   460.397    23.571     1.271    94.824   472.965   302.745    37.978    69.526     0.206    31.342   441.396     0.000     0.348    -0.368
 127.0312500   229.823    12.286  -226.252   418.475    22.892     1.194    77.647   469.425   302.402    25.926    53.289    -1.264    28.626   406.989     0.000     0.347    -0.613
 127.0520833   128.681    -0.113  -237.017   357.132    20.258     1.103    55.349   463.792   301.874     9.328    32.902    -2.340    25.913   338.855     0.000     0.345    -0.650
 127.0729167    54.764    -1.206  -201.646   258.493    15.901     0.919    38.573   457.977   301.208    -0.285    19.278    -2.857    22.419   244.939     0.000     0.342    -0.593
 127.0937500   -21.185   -11.360  -147.280   147.152     9.436     0.823    21.512   454.816   300.385    -9.092     7.707    -3.257    20.055   128.535     0.000     0.342    -0.606
 127.1145833   -78.699   -15.493   -89.419    44.075     3.349     0.653     7.086   450.528   299.206   -16.711    -1.671    -3.035    18.075    28.691     0.000     0.341    -1.152
 127.1354167   -96.216    -9.655   -78.407    14.284     0.473     0.581     0.906   443.301   298.129   -21.147    -6.960    -2.095    16.283     4.396     0.000     0.339    -1.291
 127.1562500   -95.900    -2.811   -88.496    14.661     0.011     0.536     0.018   439.814   297.728   -18.798    -6.241    -2.267    14.824     3.310     0.000     0.332    -0.457
 127.1770833   -94.120    -8.580   -82.628    15.082     0.000     0.590     0.000   436.692   297.049   -17.346    -5.795    -2.385    13.936     3.120     0.000     0.337    -0.649
 127.1979167   -91.993   -11.897   -80.883    18.550     0.000     0.672     0.000   433.503   296.421   -17.122    -5.972    -2.201    13.351     2.965     0.000     0.341    -0.640
 127.2187500   -89.995    -9.166   -81.074    18.236     0.000     0.628     0.000   430.230   295.990   -17.478    -6.543    -1.857    12.791     2.809     0.000     0.339    -0.514
 127.2395833   -90.759    -5.956   -80.994    13.062    -0.000     0.653     0.000   428.475   295.475   -16.352    -6.105    -2.093    12.340     2.743     0.000     0.340    -0.519
 127.2604167   -89.257    -2.232   -67.528     1.067    -0.000     0.639     0.000   423.244   294.493   -19.525    -8.873    -0.855    11.507     2.405     0.000     0.341    -1.039
 127.2812500   -88.428     4.011   -75.867     3.243     0.000     0.754     0.000   420.392   294.143   -19.498    -9.341    -0.557    10.715     2.181     0.000     0.345    -0.318
 127.3020833   -88.244    -0.383   -78.165     8.920    -0.000     0.780     0.000   418.832   293.899   -18.317    -8.935    -0.767    10.149     2.072     0.000     0.345    -0.299
 127.3229167   -88.413     1.875   -83.665    10.078    -0.000     0.795     0.000   418.120   293.916   -16.705    -8.125    -1.130     9.710     2.023     0.000     0.344     0.004
 127.3437500   -88.915     1.009   -83.294     7.885    -0.000     0.806     0.000   418.346   293.750   -14.327    -6.789    -1.866     9.404     2.026     0.000     0.345    -0.188
 127.3645833   -87.733    -3.419   -72.515     5.587     0.000     0.669     0.000   414.959   293.202   -16.736    -8.832    -0.758     8.661     1.819     0.000     0.342    -0.650
 127.3854167   -87.585     1.621   -83.217     9.409     0.000     0.735     0.000   414.346   293.269   -15.512    -8.144    -1.020     8.387     1.786     0.000     0.343     0.113
 127.4062500   -88.789     2.351   -82.892     5.387     0.000     0.847     0.000   414.641   293.120   -13.512    -6.992    -1.836     8.356     1.782     0.000     0.345    -0.123
 127.4270833   -88.836    -0.072   -78.051     4.555    -0.000     0.872     0.000   412.526   292.788   -14.916    -8.169    -1.248     7.995     1.640     0.000     0.346    -0.352
 127.4479167   -90.033     3.716   -87.832     7.183    -0.000     1.006     0.000   412.562   292.882   -13.224    -7.323    -2.013     7.915     1.626     0.000     0.347     0.124
 127.4687500   -91.061    -1.016   -84.792     7.014     0.000     1.039     0.000   412.468   292.667   -12.026    -6.839    -2.508     7.696     1.603     0.000     0.347    -0.242
 127.4895833   -90.117   -10.511   -74.408    10.459    -0.000     0.876     0.000   409.532   292.094   -14.999    -8.782    -1.024     7.241     1.468     0.000     0.346    -0.658
 127.5104167   -88.722   -10.893   -72.001    11.433     0.000     0.812     0.000   406.950   291.582   -16.669    -9.959    -0.264     6.974     1.379     0.000     0.345    -0.591
 127.5312500   -85.232    -5.295   -67.823     7.043     0.224     0.591     0.402   403.513   291.180   -18.669   -11.565     0.629     6.474     1.381     0.000     0.339    -0.488
 127.5520833   -71.557     8.650   -78.850    12.256     2.247     0.730     4.653   404.326   291.560   -14.098    -7.851    -0.014     6.260     8.912     0.000     0.343     0.485
 127.5729167   -24.145    15.933   -86.877    50.180     8.147     0.676    17.279   406.829   292.141    -3.951     1.023    -1.086     6.060    50.820     0.000     0.341     0.569
 127.5937500    47.002    22.860   -80.363    94.679    15.108     0.552    33.953   409.557   292.686     9.210    13.793    -1.346     5.930   102.889     0.000     0.336     0.616
 127.6145833   119.955    35.229   -62.483   122.143    19.660     0.386    50.282   413.755   293.549    23.982    28.492    -1.160     5.670   138.248     0.000     0.325     1.084
 127.6354167   196.044    16.933   -62.223   197.074    22.722     0.403    67.049   421.344   295.027    42.572    46.819    -1.834     6.081   185.617     0.000     0.329     1.689
 127.6562500   258.057    -7.396   -82.371   290.457    24.435     0.780    80.493   428.693   295.985    56.165    62.036    -3.157     9.028   259.559     0.000     0.345     1.201
 127.6770833   355.692     2.573   -44.048   326.260    26.149     0.922   101.734   433.249   296.494    70.066    80.229    -1.580    11.743   309.468     0.000     0.349     0.841
 127.6979167   440.237     5.932   -22.314   371.254    27.263     0.775   119.953   439.922   297.587    84.003    97.350    -0.155    13.502   347.081     0.000     0.351     1.362
 127.7187500   502.429   -16.203    -6.771   430.503    27.474     0.682   133.595   447.399   298.602    93.664   110.513     0.521    16.328   382.588     0.000     0.353     1.236
 127.7395833   557.858   -17.585     1.953   472.770    27.620     0.658   146.157   455.353   299.267    99.938   121.954     1.978    20.038   424.836     0.000     0.358     0.783
 127.7604167   608.708     3.702    18.611   479.401    27.015     0.638   157.443   463.219   300.062   105.909   133.001     3.499    23.593   447.663     0.000     0.367     1.086
 127.7812500   647.193    14.067    40.654   481.422    25.960     0.584   165.596   470.520   300.818   110.105   141.513     4.939    26.469   457.663     0.000     0.381     0.946
 127.8020833   677.627     9.229    63.774   491.779    24.787     0.603   171.665   476.370   301.414   112.018   147.512     6.258    29.237   462.880     0.000     0.382     0.827
 127.8229167   692.108     2.781    90.772   489.080    23.513     0.496   174.654   481.061   301.790   108.921   149.248     8.384    31.943   454.332     0.000     0.410     0.553
 127.8437500   691.592    11.954    92.967   479.639    22.537     0.444   174.759   484.822   302.293   106.415   148.281     8.511    33.354   450.602     0.000     0.411     0.616
 127.8645833   678.020    20.873    90.746   463.351    22.021     0.379   171.781   487.116   302.781   102.427   143.576     7.749    33.400   443.370     0.000     0.399     0.623
 127.8854167   653.596    14.870    78.613   463.221    21.466     0.268   166.534   488.965   303.334    96.337   136.814     6.839    33.639   435.920     0.000     0.374     0.555
 127.9062500   614.509    16.087    52.479   457.935    21.160     0.259   158.436   490.773   303.790    87.682   128.031     6.323    34.025   432.908     0.000     0.374     0.326
 127.9270833   560.693    -2.231    44.190   441.321    21.002     0.163   146.674   488.480   303.932    77.774   115.840     5.039    33.027   404.277     0.000     0.372    -0.361
 127.9479167   515.554    -2.213   -31.805   485.442    22.466     0.455   137.199   487.897   303.935    64.596   103.728     5.639    33.494   448.889     0.000     0.378    -0.465
 127.9687500   453.337     3.082   -67.869   465.461    22.696     0.463   123.991   485.752   303.835    53.109    90.245     4.953    32.183   437.066     0.000     0.363    -0.446
 127.9895833   382.265    10.773   -88.862   420.978    23.197     0.342   108.493   480.874   303.348    40.353    73.971     4.275    29.343   406.968     0.000     0.344    -0.978
 128.0104167   310.459   157.214   -22.917   140.702    24.156     0.123    91.849   470.295   301.982    35.767    56.067     1.058    19.241   286.288     0.000     0.267    -0.307
 128.0312500   226.032    46.558   -21.330   172.298    23.391     0.100    74.164   467.697   301.636    29.040    40.127    -0.130    11.216   210.669     0.000     0.261    -0.534
 128.0520833   142.495    -6.485   -23.457   158.772    21.002     0.088    55.802   461.970   300.776    14.948    21.317    -0.306     6.675   154.347     0.000     0.261    -1.284
 128.0729167    65.324   -50.586   -31.218   149.686    16.155     0.087    37.374   453.254   299.656    -0.776     2.664    -0.335     3.775   108.150     0.000     0.261    -1.781
 128.0937500    -3.743   -75.600   -44.473   132.429     9.319     0.109    19.892   445.210   298.986   -14.826   -12.692    -0.191     2.325    67.490     0.000     0.261    -1.274
 128.1145833   -60.629   -75.987   -55.169    92.678     3.162     0.155     6.419   444.477   299.282   -22.139   -19.184     0.156     2.799    19.364     0.000     0.261    -0.011
 128.1354167   -83.620   -51.849   -55.872    49.629     0.405     0.191     0.770   443.267   298.791   -24.847   -19.490     0.402     4.955     3.606     0.000     0.261    -0.681
 128.1562500   -91.990   -28.486   -83.069    43.683     0.005     0.348     0.008   444.780   299.451   -25.616   -13.729     0.266    11.621     3.361     0.000     0.296     1.498
 128.1770833   -96.466   -14.253   -75.878    18.249    -0.000     0.521     0.000   445.094   298.403   -23.611    -8.642    -1.292    16.261     3.542     0.000     0.333    -0.972
 128.1979167   -94.559   -10.466   -90.219    28.006    -0.000     0.553     0.000   442.656   298.314   -21.776    -7.734    -1.565    15.607     3.461     0.000     0.334    -0.104
 128.2187500   -92.391    -8.379   -90.597    25.328     0.000     0.557     0.000   442.016   298.207   -18.633    -5.712    -2.292    15.212     3.491     0.000     0.334    -0.111
 128.2395833   -89.786    -5.539   -87.967    20.450     0.000     0.588     0.000   441.212   297.983   -16.518    -4.342    -2.747    14.923     3.489     0.000     0.336    -0.211
 128.2604167   -88.355    -4.466   -85.433    17.762     0.000     0.575     0.000   439.540   297.680   -15.866    -4.180    -2.763    14.450     3.391     0.000     0.336    -0.352
 128.2812500   -87.327    -8.215   -79.815    17.332    -0.000     0.540     0.000   437.402   297.129   -16.016    -4.523    -2.585    14.078     3.292     0.000     0.334    -0.614
 128.3020833   -84.548    -2.525   -62.120     0.884     0.000     0.454     0.000   432.056   295.939   -19.506    -7.531    -1.282    13.258     2.930     0.000     0.329    -1.281
 128.3229167   -81.367     2.460   -52.737    -6.466    -0.000     0.438     0.000   425.577   294.722   -23.356   -11.059     0.313    11.985     2.437     0.000     0.330    -1.268
 128.3437500   -78.355    -4.959   -47.546     1.222     0.000     0.404     0.000   419.841   293.651   -25.976   -13.682     1.529    10.764     2.040     0.000     0.327    -1.095
 128.3645833   -75.911    -9.970   -42.617     6.486     0.000     0.446     0.000   414.343   292.674   -28.800   -16.049     2.805     9.945     1.725     0.000     0.334    -1.011
 128.3854167   -74.376    -5.523   -49.647     9.821     0.000     0.471     0.000   411.419   292.244   -28.548   -16.234     3.004     9.311     1.592     0.000     0.337    -0.477
 128.4062500   -71.557    -7.886   -40.856     7.187    -0.000     0.351     0.000   407.714   291.397   -28.959   -17.246     3.180     8.532     1.405     0.000     0.321    -1.043
 128.4270833   -63.721   -15.680   -17.323     1.384     0.000     0.145     0.000   397.858   289.468   -30.050   -22.742     1.414     5.894     0.990     0.000     0.265    -2.051
 128.4479167   -67.547   -12.800   -37.509    15.283     0.000     0.375     0.000   397.514   289.879   -33.162   -22.112     4.312     6.738     0.963     0.000     0.316     0.641
 128.4687500   -69.416    -9.605   -34.291     9.408     0.000     0.561     0.000   396.672   289.347   -34.373   -21.117     5.858     7.398     0.970     0.000     0.343    -0.555
 128.4895833   -69.346     0.020   -43.629     7.461    -0.000     0.635     0.000   395.192   289.326   -33.139   -20.485     5.713     6.941     0.909     0.000     0.344    -0.060
 128.5104167   -69.919     1.191   -51.458     9.572     0.001     0.601     0.002   396.021   289.525   -29.402   -18.168     4.578     6.656     0.960     0.000     0.342     0.178
 128.5312500   -68.486    -1.945   -45.292     7.044     0.234     0.536     0.419   395.442   289.355   -28.092   -17.406     4.238     6.447     1.105     0.000     0.340    -0.201
 128.5520833   -54.382     1.925   -37.625     7.357     2.247     0.423     4.568   394.347   289.083   -25.796   -15.523     4.157     6.116     7.113     0.000     0.334    -0.242
 128.5729167    -9.740     7.614   -24.602    27.490     7.944     0.383    16.265   393.349   288.856   -20.180    -9.941     4.559     5.680    33.351     0.000     0.337    -0.062
 128.5937500    56.277    21.420   -13.614    55.742    14.403     0.363    31.932   395.276   289.378    -8.077     2.007     4.696     5.387    64.069     0.000     0.345     0.806
 128.6145833   130.526    37.461   -15.782    95.270    19.013     0.326    49.330   402.636   290.999    11.711    20.514     3.396     5.407   102.326     0.000     0.352     1.867
 128.6354167   208.038    38.994   -25.350   157.628    22.278     0.358    67.208   413.280   293.116    34.467    41.932     1.343     6.121   157.680     0.000     0.351     2.300
 128.6562500   286.596    27.692   -26.397   227.900    24.679     0.357    84.839   424.331   294.974    55.344    62.718    -0.131     7.506   219.448     0.000     0.355     2.058
 128.6770833   365.754    19.259   -20.274   294.100    26.305     0.413   102.343   433.035   296.442    71.005    80.480    -0.231     9.706   281.076     0.000     0.357     1.665
 128.6979167   439.117    16.749   -15.748   351.543    27.393     0.440   118.611   441.962   297.862    84.922    96.838    -0.040    11.956   334.774     0.000     0.358     1.651
 128.7187500   502.532     7.720     2.084   397.244    27.610     0.471   132.570   449.840   298.994    94.066   109.706     0.721    14.919   373.085     0.000     0.362     1.418
 128.7395833   560.788    19.478    28.669   408.594    27.259     0.438   145.335   458.006   300.069   102.629   121.900     1.661    17.610   394.440     0.000     0.377     1.418
 128.7604167   609.195     6.303    35.945   457.158    26.644     0.502   156.125   468.152   300.962   108.821   132.853     2.992    21.041   428.692     0.000     0.385     0.968
 128.7812500   646.227     4.641    53.927   475.159    25.175     0.522   164.517   476.781   301.765   111.470   141.112     4.809    24.834   442.960     0.000     0.396     1.030
 128.8020833   675.034     4.551    74.113   482.916    23.936     0.568   170.682   482.089   302.461   112.549   146.281     5.971    27.761   449.252     0.000     0.387     0.905
 128.8229167   688.561    -0.761    84.136   493.790    22.797     0.610   173.696   486.748   303.089   110.638   148.143     6.983    30.523   453.090     0.000     0.380     0.758
 128.8437500   689.149    -5.974    88.204   499.913    21.701     0.588   174.307   490.672   303.602   106.445   147.416     7.727    33.244   452.999     0.000     0.385     0.561
 128.8645833   678.475    -7.052    81.533   503.292    21.245     0.604   172.772   492.723   303.931   100.424   143.621     8.063    35.134   456.078     0.000     0.379     0.277
 128.8854167   655.622    -7.251    63.460   507.445    21.163     0.613   168.727   493.473   304.120    91.925   136.782     8.334    36.523   460.670     0.000     0.376     0.043
 128.9062500   617.763     1.798    35.132   498.828    21.296     0.598   160.997   493.538   304.271    82.086   126.879     8.115    36.678   461.526     0.000     0.375    -0.080
 128.9270833   565.561    -8.386    -2.731   505.035    21.426     0.542   150.443   492.967   304.385    71.819   114.871     7.100    35.952   458.656     0.000     0.375    -0.176
 128.9479167   515.962    -6.489   -39.148   499.595    21.637     0.532   140.513   491.483   304.336    62.362   103.857     6.166    35.329   458.119     0.000     0.368    -0.358
 128.9687500   452.364    19.832   -66.880   450.572    22.299     0.468   126.475   487.732   304.028    49.481    88.670     5.771    33.419   440.751     0.000     0.362    -0.641
 128.9895833   383.107     4.479   -93.108   436.838    23.167     0.408   111.009   482.157   303.427    35.917    72.015     5.449    30.649   417.766     0.000     0.347    -1.018
 129.0104167   309.273    27.540   -94.230   356.126    24.021     0.328    94.263   472.463   301.974    21.523    52.643     4.753    26.367   371.826     0.000     0.315    -1.687
 129.0312500   232.756   103.252   -33.858   148.667    23.950     0.151    76.218   460.205   300.545    15.494    32.911     1.276    16.141   247.929     0.000     0.263    -0.799
 129.0520833   149.539    14.000   -35.169   165.965    21.683     0.143    57.535   455.593   299.822     5.755    15.967     0.420     9.793   180.316     0.000     0.261    -1.012
 129.0729167    67.756   -41.839   -41.274   161.492    16.873     0.162    38.875   448.240   298.706    -9.073    -2.032     0.416     6.625   129.735     0.000     0.261    -1.550
 129.0937500    -8.804   -72.834   -54.197   142.534     9.879     0.204    20.988   441.652   298.259   -23.528   -16.606     0.897     6.024    77.949     0.000     0.265    -0.780
 129.1145833   -77.358   -95.636   -81.797   134.566     3.392     0.455     6.992   447.140   298.921   -35.522   -16.790     2.754    15.978    24.538     0.000     0.323     1.030
 129.1354167  -105.001   -33.967   -70.393    37.887     0.450     0.520     0.859   443.156   297.768   -37.184   -17.854     2.001    17.329     4.051     0.000     0.334    -1.344
 129.1562500  -109.055   -31.680   -71.634    33.619     0.006     0.560     0.010   436.154   296.625   -38.109   -19.325     2.460    16.325     3.049     0.000     0.337    -1.250
 129.1770833  -109.250   -24.628   -68.217    23.464    -0.000     0.561     0.000   430.204   295.339   -38.480   -20.169     2.845    15.467     2.836     0.000     0.337    -1.389
 129.1979167  -103.505   -13.001   -55.561     9.444     0.000     0.399     0.000   420.402   293.889   -42.595   -24.413     4.346    13.836     2.299     0.000     0.323    -1.792
 129.2187500  -103.240    -1.237   -86.228    20.852     0.000     0.474     0.000   420.110   294.369   -37.341   -21.042     3.428    12.871     2.321     0.000     0.324     0.714
 129.2395833  -102.278   -12.638   -60.413     8.785    -0.000     0.665     0.000   417.265   293.175   -36.813   -20.655     3.676    12.482     2.178     0.000     0.343    -1.199
 129.2604167   -99.749   -11.375   -57.866     8.945     0.000     0.653     0.000   412.465   292.137   -38.361   -22.181     4.530    11.650     1.928     0.000     0.343    -1.092
 129.2812500   -95.704   -16.880   -44.781     9.874     0.000     0.590     0.000   405.260   290.864   -42.504   -25.551     6.240    10.713     1.569     0.000     0.342    -1.413
 129.3020833   -91.792   -14.794   -49.679    16.065    -0.000     0.465     0.000   400.774   290.161   -42.568   -26.103     6.455    10.011     1.421     0.000     0.337    -0.815
 129.3229167   -88.163   -11.939   -41.743     9.634     0.000     0.356     0.000   395.953   289.264   -43.112   -27.278     6.612     9.222     1.230     0.000     0.323    -1.004
 129.3437500   -85.575    -4.955   -44.662     7.237    -0.000     0.376     0.000   392.842   288.902   -42.879   -27.395     6.906     8.579     1.099     0.000     0.323    -0.316
 129.3645833   -85.073    -1.936   -45.655     5.058    -0.000     0.594     0.000   391.642   288.555   -42.219   -26.464     7.543     8.212     1.030     0.000     0.342    -0.321
 129.3854167   -84.371     3.421   -52.360     4.462    -0.000     0.647     0.000   390.945   288.508   -39.822   -25.081     7.064     7.677     0.981     0.000     0.343    -0.070
 129.4062500   -83.988     1.471   -48.596     1.613    -0.000     0.594     0.000   389.943   288.182   -38.105   -24.305     6.664     7.136     0.904     0.000     0.342    -0.372
 129.4270833   -83.125    -5.530   -40.993     3.296     0.000     0.538     0.000   386.885   287.584   -39.269   -25.481     7.186     6.601     0.750     0.000     0.342    -0.629
 129.4479167   -81.193    -8.336   -40.272     7.817    -0.000     0.588     0.000   384.433   287.103   -39.883   -25.967     7.690     6.227     0.655     0.000     0.343    -0.518
 129.4687500   -79.242    -6.600   -40.489     7.748    -0.000     0.541     0.000   382.494   286.750   -39.503   -25.865     7.709     5.929     0.602     0.000     0.341    -0.398
 129.4895833   -78.160    -1.529   -39.714     2.788    -0.000     0.516     0.000   380.560   286.447   -39.375   -25.979     7.807     5.590     0.530     0.000     0.340    -0.330
 129.5104167   -77.514     1.497   -41.681     1.049     0.001     0.603     0.002   379.760   286.266   -38.199   -25.325     7.730     5.143     0.462     0.000     0.343    -0.181
 129.5312500   -74.634    -4.245   -38.588     5.985     0.278     0.544     0.498   378.389   286.014   -37.510   -24.960     7.684     4.865     0.566     0.000     0.342    -0.276
 129.5520833   -58.437     1.615   -33.969     8.192     2.544     0.391     5.123   377.524   285.938   -34.232   -22.441     7.194     4.598     5.294     0.000     0.332    -0.045
 129.5729167   -13.144    18.295   -20.840    12.406     8.337     0.199    17.055   378.594   286.151   -23.578   -14.919     4.692     3.967    20.142     0.000     0.296     0.573
 129.5937500    52.941    42.318   -17.724    30.878    14.644     0.149    33.675   386.194   288.021    -4.736     1.450     2.809     3.377    44.562     0.000     0.294     2.206
 129.6145833   125.895    33.166   -20.989    96.953    19.081     0.229    51.469   397.693   290.059    14.584    22.198     3.050     4.564    95.152     0.000     0.375     2.181
 129.6354167   204.378    30.865   -17.787   153.314    22.207     0.279    69.348   408.740   291.882    35.893    43.141     1.418     5.830   150.145     0.000     0.409     2.093
 129.6562500   284.254    16.690    -0.117   213.795    24.341     0.298    86.788   417.305   293.187    52.307    61.214     1.331     7.576   202.757     0.000     0.413     1.579
 129.6770833   361.439    27.195    21.460   244.027    25.994     0.219   103.569   425.650   294.385    67.067    78.012     1.820     9.126   243.618     0.000     0.367     1.690
 129.6979167   434.779    26.563    44.626   283.138    27.113     0.184   119.199   432.669   295.523    78.883    92.237     2.559    10.796   281.438     0.000     0.364     1.569
 129.7187500   497.125    16.369    59.212   330.538    27.818     0.155   132.663   440.653   296.640    89.563   105.438     3.232    12.643   317.107     0.000     0.364     1.443
 129.7395833   555.984     8.435    69.756   379.050    27.961     0.152   145.309   447.642   297.708    97.353   116.972     4.191    15.428   355.792     0.000     0.364     1.389
 129.7604167   604.028    36.419    86.045   373.627    27.270     0.128   155.559   456.680   298.920   106.259   128.266     4.506    17.502   374.175     0.000     0.364     1.679
 129.7812500   644.475     2.342   107.850   424.898    26.700     0.211   163.382   463.221   299.802   108.954   134.853     5.734    20.165   394.092     0.000     0.377     0.431
 129.8020833   675.815    -8.205    89.978   487.117    26.528     0.521   170.034   469.969   300.697   106.144   139.545     8.559    24.843   440.201     0.000     0.394     0.781
 129.8229167   690.725    -6.090    95.271   495.961    25.579     0.609   174.127   475.503   301.135   105.083   142.590     9.710    27.797   455.404     0.000     0.380     0.501
 129.8437500   692.851   -12.555   101.152   505.124    25.222     0.635   175.000   477.138   301.342    98.932   140.279    11.261    30.087   459.216     0.000     0.377     0.198
 129.8645833   683.529   -11.372    86.188   517.139    25.029     0.723   173.969   478.365   301.515    91.498   136.543    12.564    32.481   470.529     0.000     0.368     0.076
 129.8854167   661.943     2.660    74.588   501.551    25.182     0.723   169.672   478.438   301.571    83.202   129.429    13.134    33.093   470.141     0.000     0.366    -0.058
 129.9062500   626.100   -19.711    45.693   526.386    25.293     0.691   162.754   478.005   301.648    73.889   120.068    12.690    33.490   471.786     0.000     0.366    -0.157
 129.9270833   577.582   -16.167     9.642   521.885    25.410     0.714   153.192   476.251   301.627    62.523   108.394    11.991    33.881   471.845     0.000     0.360    -0.300
 129.9479167   521.681     4.019   -23.375   489.642    25.639     0.702   141.290   474.047   301.469    51.791    95.570    11.045    32.735   463.000     0.000     0.358    -0.397
 129.9687500   460.469     2.966   -53.222   470.872    25.777     0.705   127.870   470.330   301.204    40.400    81.589    10.056    31.133   446.303     0.000     0.354    -0.547
 129.9895833   389.326     9.891   -85.675   436.838    25.751     0.658   112.162   466.500   300.827    28.927    66.185     8.662    28.596   423.219     0.000     0.350    -0.657
 130.0104167   315.238     8.822  -100.930   392.384    25.320     0.552    95.449   460.532   300.258    15.833    49.647     7.845    25.969   382.643     0.000     0.342    -0.872
 130.0312500   236.619     3.134  -105.405   337.983    24.196     0.458    77.722   452.317   299.469     1.987    31.914     6.998    22.930   328.428     0.000     0.327    -1.079
 130.0520833   153.142   -10.912  -117.897   294.299    21.841     0.452    59.248   445.871   298.781   -11.437    15.332     6.241    20.528   273.066     0.000     0.321    -0.911
 130.0729167    67.020    -6.376  -109.578   206.955    17.197     0.443    40.182   441.393   297.860   -23.091     0.746     5.356    18.480   196.266     0.000     0.320    -0.891
 130.0937500    -9.743    -1.856   -64.979    91.814    10.399     0.341    22.051   434.410   296.429   -33.451   -13.186     4.738    15.527    96.864     0.000     0.310    -1.271
 130.1145833   -71.991   -17.019   -48.209    35.435     3.802     0.503     7.615   430.370   295.209   -41.112   -21.270     5.519    14.323    25.388     0.000     0.337    -1.086
 130.1354167   -96.603   -22.960   -40.800    14.663     0.527     0.527     0.991   422.150   293.667   -45.761   -26.759     6.378    12.624     2.669     0.000     0.340    -1.744
 130.1562500   -96.748   -23.550   -45.866    20.151     0.011     0.538     0.019   414.951   292.626   -46.335   -28.064     7.052    11.220     1.541     0.000     0.340    -1.148
 130.1770833   -94.784   -29.444   -53.328    32.886    -0.000     0.584     0.000   411.193   292.076   -44.290   -26.843     6.815    10.632     1.505     0.000     0.341    -0.608
 130.1979167   -93.567   -34.827   -45.860    31.750     0.000     0.599     0.000   407.517   291.117   -43.627   -26.401     6.764    10.462     1.512     0.000     0.343    -1.002
 130.2187500   -90.550   -31.980   -31.253    21.777     0.000     0.628     0.000   400.534   289.725   -47.604   -29.144     8.315    10.145     1.330     0.000     0.345    -1.490
 130.2395833   -87.320   -18.546   -33.718    14.810    -0.000     0.616     0.000   395.051   288.807   -48.872   -30.254     9.127     9.491     1.157     0.000     0.345    -0.994
 130.2604167   -85.615   -19.134   -28.937    13.089    -0.000     0.651     0.000   390.419   287.803   -49.568   -30.979     9.729     8.859     1.013     0.000     0.346    -1.065
 130.2812500   -83.456   -18.656   -22.015    10.625     0.000     0.704     0.000   384.749   286.719   -52.235   -32.779    11.194     8.262     0.824     0.000     0.347    -1.174
 130.3020833   -82.376   -10.441   -28.771     9.905    -0.000     0.706     0.000   380.647   286.160   -52.431   -33.239    11.581     7.610     0.695     0.000     0.347    -0.639
 130.3229167   -82.721    -6.752   -34.395     9.571     0.000     0.738     0.000   378.800   285.850   -50.794   -32.076    11.569     7.149     0.652     0.000     0.347    -0.350
 130.3437500   -83.033    -9.125   -31.759     8.704     0.000     0.752     0.000   376.423   285.359   -50.295   -31.816    11.749     6.731     0.587     0.000     0.347    -0.557
 130.3645833   -83.334    -7.675   -35.162     8.890     0.000     0.632     0.000   373.830   284.987   -48.921   -31.937    10.760     6.224     0.521     0.000     0.345    -0.466
 130.3854167   -83.965    -2.203   -40.625     6.477     0.000     0.506     0.000   372.217   284.845   -47.415   -31.341    10.195     5.879     0.488     0.000     0.340    -0.198
 130.4062500   -85.307    -2.036   -41.456     4.251    -0.000     0.608     0.000   371.652   284.630   -45.850   -30.399     9.925     5.527     0.456     0.000     0.344    -0.216
 130.4270833   -84.815   -10.628   -35.141     7.807     0.000     0.601     0.000   369.458   284.093   -46.270   -30.810    10.195     5.264     0.396     0.000     0.344    -0.583
 130.4479167   -83.323   -10.283   -33.407     7.988     0.000     0.572     0.000   366.791   283.606   -47.082   -31.439    10.611     5.032     0.335     0.000     0.344    -0.539
 130.4687500   -82.770    -9.251   -35.249     8.986    -0.000     0.549     0.000   364.856   283.269   -46.880   -31.420    10.649     4.811     0.300     0.000     0.343    -0.376
 130.4895833   -82.646    -8.167   -37.085     9.533    -0.000     0.564     0.000   363.252   283.041   -46.657   -31.286    10.676     4.695     0.293     0.000     0.343    -0.270
 130.5104167   -82.450    -2.762   -39.916     5.475     0.003     0.550     0.006   362.602   282.915   -45.107   -30.363    10.228     4.516     0.293     0.000     0.342    -0.141
 130.5312500   -80.047    -3.393   -35.495     3.712     0.325     0.566     0.582   361.339   282.641   -44.600   -30.000    10.305     4.294     0.428     0.000     0.343    -0.271
 130.5520833   -62.835     3.894   -33.101     7.080     2.847     0.514     5.850   361.142   282.780   -40.950   -26.888     9.983     4.078     4.862     0.000     0.342     0.242
 130.5729167   -13.684    13.639   -20.592    22.494     8.885     0.530    19.187   364.418   283.445   -30.189   -17.228     8.978     3.983    22.093     0.000     0.347     0.964
 130.5937500    56.474    27.335    -0.940    42.060    13.966     0.449    36.065   370.167   284.668   -13.585    -1.758     7.741     4.086    46.200     0.000     0.354     1.603
 130.6145833   133.640    34.422    14.443    74.811    17.509     0.457    54.158   379.631   286.332     7.911    18.168     5.853     4.404    78.745     0.000     0.361     2.053
 130.6354167   215.729    24.235    44.931   118.356    20.156     0.472    72.547   388.154   287.691    26.488    37.206     5.355     5.363   115.904     0.000     0.372     1.720
 130.6562500   296.746    24.845    68.568   157.960    22.478     0.435    90.463   397.016   289.033    43.692    55.821     5.543     6.586   155.199     0.000     0.392     1.682
 130.6770833   376.179    17.654    95.645   204.140    24.341     0.444   107.823   404.538   290.140    57.328    72.278     6.692     8.257   196.243     0.000     0.397     1.412
 130.6979167   449.673    19.603   120.793   239.988    25.872     0.452   123.538   411.316   291.125    68.032    86.520     8.408    10.080   234.151     0.000     0.401     1.257
 130.7187500   513.372    20.963   138.310   276.196    27.141     0.442   137.248   418.018   292.169    76.638    98.913    10.325    11.950   268.926     0.000     0.411     1.264
 130.7395833   573.469    18.150   148.430   320.124    28.120     0.433   149.924   424.987   293.224    85.495   110.992    11.485    14.013   307.908     0.000     0.415     1.270
 130.7604167   626.482    14.472   166.885   353.426    28.641     0.489   160.557   430.177   294.000    90.756   119.962    13.056    16.150   339.676     0.000     0.402     0.943
 130.7812500   667.639    14.731   181.607   376.854    28.850     0.580   168.772   434.628   294.695    93.597   126.590    14.742    18.251   362.576     0.000     0.384     0.849
 130.8020833   697.969     7.131   195.864   399.581    28.826     0.609   175.042   438.854   295.271    94.693   131.418    16.424    20.301   377.509     0.000     0.381     0.699
 130.8229167   713.255    -2.045   199.982   422.979    28.627     0.658   178.117   441.841   295.803    91.773   132.453    18.083    22.597   390.072     0.000     0.375     0.565
 130.8437500   713.476     6.385   185.651   431.247    28.404     0.620   178.341   445.898   296.611    89.376   131.812    18.124    24.312   400.913     0.000     0.379     0.817
 130.8645833   698.237     0.461   159.641   451.056    28.078     0.534   175.791   450.675   297.480    86.286   129.063    16.935    25.843   412.315     0.000     0.391     0.793
 130.8854167   671.831     1.285   125.151   464.652    27.960     0.515   171.169   454.678   298.096    80.329   123.537    15.928    27.280   429.018     0.000     0.392     0.413
 130.9062500   632.327    11.104    91.314   457.623    27.946     0.491   163.462   457.825   298.510    72.153   115.233    15.403    27.677   434.512     0.000     0.397     0.135
 130.9270833   578.723    21.618    47.988   445.256    27.806     0.461   152.443   458.780   299.027    63.299   103.564    13.150    27.116   431.012     0.000     0.384     0.562
 130.9479167   531.283   -12.178    15.487   471.763    27.444     0.453   142.415   459.410   299.270    56.467    94.221    11.123    26.631   429.409     0.000     0.384    -0.256
 130.9687500   470.161    18.811   -13.998   420.995    27.223     0.517   129.023   457.778   299.050    44.784    80.681    10.264    25.633   416.985     0.000     0.363    -0.431
 130.9895833   395.357    29.739   -24.300   361.618    26.827     0.581   112.241   451.892   298.478    29.089    62.630    10.213    23.328   376.356     0.000     0.353    -0.789
 131.0104167   303.925    12.915   -51.473   330.079    25.760     0.580    92.087   446.116   298.007    13.130    43.364     9.497    20.736   328.988     0.000     0.345    -0.726
 131.0312500   238.747     2.858   -61.905   294.876    24.584     0.559    78.244   441.789   297.383     3.719    30.841     8.604    18.518   288.467     0.000     0.342    -0.801
 131.0520833   153.153    -6.133   -63.785   234.693    21.954     0.523    58.699   436.741   296.507   -10.564    13.751     8.009    16.307   225.479     0.000     0.339    -1.057
 131.0729167    43.491   -19.672   -60.650   152.824    15.022     0.526    32.739   431.217   295.499   -27.950    -6.047     7.408    14.495   134.372     0.000     0.338    -1.061
 131.0937500   -14.418   -17.248   -43.515    82.117     9.406     0.466    19.100   425.115   294.282   -34.507   -15.187     6.853    12.467    71.281     0.000     0.337    -1.264
 131.1145833   -74.223   -30.746   -31.292    32.519     2.870     0.477     5.474   418.073   292.817   -43.090   -25.002     7.105    10.983    13.733     0.000     0.340    -1.614
 131.1354167   -95.719   -39.249   -29.116    23.026     0.306     0.444     0.549   408.553   291.016   -48.322   -30.571     8.063     9.688     1.372     0.000     0.338    -2.058
 131.1562500   -94.989   -41.771   -27.045    26.616     0.002     0.331     0.004   398.698   289.301   -50.899   -33.587     8.698     8.614     0.892     0.000     0.326    -1.889
 131.1770833   -92.032   -37.830   -31.979    30.277     0.000     0.345     0.000   392.165   288.401   -51.554   -34.294     9.222     8.038     0.793     0.000     0.325    -0.946
 131.1979167   -90.880   -26.374   -29.128    18.669     0.000     0.544     0.000   387.882   287.409   -53.003   -34.243    10.795     7.965     0.768     0.000     0.343    -1.043
 131.2187500   -88.334   -13.032   -31.040     9.090     0.000     0.583     0.000   383.461   286.666   -52.532   -34.150    11.148     7.235     0.634     0.000     0.344    -0.820
 131.2395833   -86.087   -14.803   -32.534    13.013    -0.000     0.583     0.000   380.285   286.096   -51.132   -33.426    11.044     6.662     0.559     0.000     0.344    -0.630
 131.2604167   -83.692   -13.593   -32.089    12.703     0.000     0.541     0.000   377.309   285.605   -50.161   -32.938    10.945     6.278     0.512     0.000     0.343    -0.553
 131.2812500   -81.370    -7.247   -35.165     9.593    -0.000     0.540     0.000   375.537   285.354   -48.270   -31.771    10.583     5.917     0.487     0.000     0.342    -0.280
 131.3020833   -78.162    -8.027   -31.361     7.954    -0.000     0.528     0.000   374.195   284.971   -46.324   -30.535    10.193     5.595     0.466     0.000     0.343    -0.404
 131.3229167   -78.818    -9.363   -26.972     5.417    -0.000     0.513     0.000   371.140   284.361   -47.211   -31.375    10.591     5.245     0.376     0.000     0.343    -0.690
 131.3437500   -79.872    -3.595   -32.414     3.520    -0.000     0.498     0.000   368.751   284.031   -46.995   -31.533    10.631     4.831     0.298     0.000     0.341    -0.388
 131.3645833   -79.736    -0.228   -36.468     2.652     0.000     0.500     0.000   367.504   283.884   -45.501   -30.757    10.309     4.436     0.249     0.000     0.340    -0.190
 131.3854167   -78.719    -2.984   -33.909     2.210    -0.000     0.379     0.000   366.067   283.220   -43.248   -30.108     9.106     4.034     0.196     0.001     0.326    -0.788
 131.4062500   -67.940   -14.577   -10.594    -0.150     0.000     0.074     0.000   355.243   281.067   -40.613   -34.970     2.905     2.738    -0.073    -0.240     0.261    -2.006
 131.4270833   -66.385    -1.349   -24.611    -0.214     0.000     0.108     0.000   353.655   281.132   -40.150   -35.961     2.107     2.083    -0.137    -1.241     0.261    -0.060
 131.4479167   -66.398    -7.760   -17.759     0.261     0.000     0.077     0.000   351.138   280.409   -40.466   -36.649     2.068     1.749    -0.187    -1.981     0.261    -0.674
 131.4687500   -65.017    -8.699   -17.292     1.717    -0.000     0.073     0.000   349.145   280.070   -40.423   -36.943     1.987     1.492    -0.222    -2.423     0.261    -0.320
 131.4895833   -66.246   -12.284   -17.287     4.177    -0.000     0.082     0.000   347.674   279.792   -40.571   -37.252     1.996     1.322    -0.231    -2.729     0.261    -0.281
 131.5104167   -68.248    -8.000   -22.941     3.317     0.004     0.112     0.006   347.469   279.714   -40.455   -37.016     2.171     1.268    -0.203    -2.826     0.261    -0.169
 131.5312500   -64.161    -8.077   -14.985    -0.000     0.415     0.065     0.744   344.595   278.967   -40.537   -37.147     2.157     1.233    -0.776    -2.545     0.261    -0.562
 131.5520833   -44.399     0.756    -9.875    -0.631     3.383     0.039     7.363   345.939   279.659   -35.743   -32.542     2.027     1.175    -3.852    -1.551     0.261     1.094
 131.5729167     5.487    30.405    -8.457     2.533     9.709     0.097    23.109   357.753   282.411   -21.837   -17.286     3.029     1.522     6.056     1.010     0.280     2.842
 131.5937500    86.806    19.689    50.325    28.733    14.560     0.338    43.055   366.154   283.193   -13.093     0.257    10.032     3.317    29.089     5.016     0.403     1.151
 131.6145833   178.412    47.002    73.414    44.752    18.058     0.367    63.971   375.962   284.936    11.004    23.387     8.965     3.417    53.310     7.150     0.412     2.240
 131.6354167   251.013    47.268    80.165    87.578    20.855     0.276    79.862   387.656   287.067    33.394    43.932     6.626     3.911    89.721     7.353     0.375     2.608
 131.6562500   311.910    39.084    84.107   136.185    23.094     0.247    92.899   398.871   289.047    50.243    60.535     5.271     5.021   137.763     1.300     0.364     2.290
 131.6770833   376.394    38.666   101.864   170.764    24.849     0.241   106.556   407.637   290.542    63.201    74.614     5.120     6.293   179.782     0.000     0.367     1.898
 131.6979167   444.430    35.622   123.782   206.987    26.523     0.202   121.050   416.587   291.843    76.298    89.291     5.569     7.423   214.871     0.000     0.364     1.741
 131.7187500   496.717    23.448   128.084   258.922    27.606     0.181   131.998   424.803   293.123    84.707   100.098     6.214     9.177   253.258     0.000     0.364     1.556
 131.7395833   554.510    26.548   134.758   296.879    28.389     0.160   144.122   433.330   294.457    94.537   112.281     6.728    11.016   291.869     0.000     0.364     1.787
 131.7604167   586.971    13.827   130.770   339.221    28.354     0.104   151.091   443.080   295.625   101.779   120.906     6.313    12.814   321.888     0.000     0.364     1.374
 131.7812500   598.629   -14.523   140.188   382.233    28.580     0.190   151.825   443.427   295.763    91.358   116.039     8.870    15.811   349.823     0.000     0.368    -0.627
 131.8020833   629.499    15.839   160.449   368.449    29.051     0.416   157.039   442.578   295.963    84.667   115.721    13.155    17.899   363.689     0.000     0.412     0.094
 131.8229167   631.354    -4.510   158.132   396.900    29.064     0.468   157.197   443.821   296.217    80.636   114.106    14.434    19.036   369.292     0.000     0.401     0.196
 131.8437500   629.863   -14.228   149.332   418.018    28.923     0.580   156.849   444.431   296.370    76.598   111.914    14.849    20.467   380.844     0.000     0.377     0.142
 131.8645833   651.680    -4.170   159.482   419.074    28.869     0.611   162.334   445.503   296.619    77.053   115.218    16.304    21.862   389.176     0.000     0.374     0.241
 131.8854167   609.869     6.195   113.987   420.778    28.701     0.583   154.065   447.979   297.163    68.691   106.342    15.112    22.539   395.684     0.000     0.374     0.218
 131.9062500   525.027     4.997    59.555   407.963    28.252     0.635   135.436   447.817   297.429    52.472    88.099    13.493    22.133   386.479     0.000     0.362     0.041
 131.9270833   540.462     1.301    59.230   422.217    28.293     0.679   139.783   449.140   297.798    57.329    92.834    13.203    22.302   395.617     0.000     0.360     0.386
 131.9479167   517.987     2.089    38.327   423.049    27.998     0.684   135.811   450.907   298.067    54.423    88.946    12.059    22.465   398.378     0.000     0.358     0.099
 131.9687500   456.833   -10.644    15.192   413.631    27.529     0.749   123.503   448.345   297.741    39.274    74.582    12.761    22.547   385.035     0.000     0.354    -0.621
 131.9895833   374.944    -3.644   -17.245   372.840    26.622     0.726   106.232   444.155   297.130    23.880    56.918    11.706    21.332   356.873     0.000     0.351    -0.887
 132.0104167   293.296     4.525   -20.787   303.330    25.302     0.728    87.622   437.412   296.139     7.340    38.161    11.698    19.123   303.874     0.000     0.350    -1.112
 132.0312500   248.662   -12.317   -16.295   279.025    24.331     0.740    78.936   431.862   295.107    -0.570    28.578    11.925    17.222   265.347     0.000     0.350    -1.181
 132.0520833   149.957   -29.713   -25.435   227.357    21.511     0.777    58.094   424.164   293.679   -20.545     7.813    12.714    15.645   203.888     0.000     0.349    -1.707
 132.0729167    46.400   -41.537   -30.591   158.376    15.868     0.718    34.477   415.035   292.256   -38.216   -12.663    11.870    13.683   125.059     0.000     0.347    -1.632
 132.0937500    -1.260   -41.491   -36.485   120.677    11.755     0.642    23.797   408.411   291.117   -42.674   -19.806    10.593    12.275    84.530     0.000     0.345    -1.287
 132.1145833   -59.931   -44.170   -26.154    63.558     5.186     0.584     9.914   400.886   289.662   -51.564   -29.578    10.635    11.352    30.707     0.000     0.345    -1.601
 132.1354167   -92.882   -39.434   -23.464    28.587     0.801     0.563     1.504   392.898   288.117   -56.833   -35.336    11.063    10.434     3.116     0.000     0.344    -1.738
 132.1562500   -96.689   -30.471   -19.608    14.881     0.030     0.696     0.050   384.593   286.468   -59.693   -37.555    12.638     9.501     1.070     0.000     0.347    -1.797
 132.1770833   -94.478   -20.359   -21.540     9.684    -0.000     0.613     0.000   376.832   285.199   -60.844   -39.144    13.338     8.361     0.813     0.056     0.346    -1.419
 132.1979167   -92.721   -13.943   -31.165    12.279    -0.000     0.652     0.000   372.544   284.588   -59.204   -38.335    13.320     7.548     0.700     0.018     0.346    -0.688
 132.2187500   -91.651    -9.059   -36.224    10.916     0.000     0.718     0.000   370.133   284.231   -56.881   -36.654    13.204     7.022     0.659     0.002     0.346    -0.404
 132.2395833   -89.690    -4.672   -36.748     7.088     0.000     0.784     0.000   368.593   283.937   -55.046   -34.729    13.699     6.618     0.627     0.005     0.347    -0.314
 132.2604167   -86.649    -2.584   -33.491     3.377    -0.000     0.829     0.000   366.853   283.563   -53.538   -33.339    14.064     6.135     0.561     0.082     0.348    -0.413
 132.2812500   -84.845    -0.390   -36.977     2.697     0.000     0.721     0.000   364.978   283.328   -49.881   -32.630    11.808     5.444     0.479     0.067     0.346    -0.294
 132.3020833   -85.157     0.187   -41.845     4.528     0.000     0.747     0.000   364.485   283.276   -47.954   -31.286    11.540     5.128     0.457     0.004     0.346    -0.073
 132.3229167   -85.727    -1.627   -42.152     4.088     0.000     0.706     0.000   363.547   283.102   -45.821   -30.578    10.474     4.769     0.423     0.027     0.346    -0.214
 132.3437500   -86.519    -0.647   -44.734     4.077     0.000     0.735     0.000   362.712   283.010   -45.098   -29.976    10.573     4.549     0.396     0.006     0.346    -0.117
 132.3645833   -88.214    -0.085   -48.291     3.937     0.000     0.762     0.000   362.389   282.960   -43.705   -29.003    10.378     4.324     0.382     0.003     0.346    -0.069
 132.3854167   -90.636    -4.797   -47.811     5.955     0.000     0.814     0.000   361.503   282.750   -43.745   -28.690    10.875     4.181     0.363     0.006     0.347    -0.237
 132.4062500   -91.439    -6.163   -46.957     5.504    -0.000     0.808     0.000   360.111   282.431   -43.457   -28.679    10.756     4.022     0.340     0.025     0.347    -0.367
 132.4270833   -90.259    -4.919   -45.794     3.326     0.000     0.666     0.000   358.074   282.063   -42.427   -29.171     9.559     3.697     0.279     0.027     0.344    -0.444
 132.4479167   -89.076    -5.327   -46.541     5.393     0.000     0.554     0.000   356.446   281.818   -42.307   -29.311     9.474     3.521     0.241     0.007     0.341    -0.295
 132.4687500   -88.745    -5.432   -48.883     7.424    -0.000     0.564     0.000   355.555   281.727   -41.756   -28.961     9.367     3.428     0.238     0.000     0.341    -0.098
 132.4895833   -89.749    -6.178   -51.717     8.817    -0.000     0.658     0.000   355.507   281.673   -40.622   -28.119     9.064     3.438     0.274     0.000     0.344    -0.048
 132.5104167   -89.562    -6.779   -49.085     7.085     0.004     0.611     0.006   354.471   281.427   -40.458   -28.061     8.976     3.421     0.278     0.000     0.342    -0.325
 132.5312500   -82.121   -13.374   -30.770     2.977     0.360     0.257     0.642   349.613   279.760   -39.164   -29.975     6.199     2.990     0.178     0.008     0.294    -1.791
 132.5520833   -60.188     0.998   -27.808     1.359     2.875     0.161     5.866   345.497   279.827   -34.965   -30.185     2.609     2.170     0.837     0.006     0.261     0.228
 132.5729167   -25.391    18.079   -35.146    17.886     7.902     0.293    16.406   352.680   281.728   -28.436   -19.553     6.162     2.722    14.437     0.071     0.308     2.227
 132.5937500    30.187    20.234   -14.817    38.447    12.273     0.389    30.398   360.295   282.849   -15.234    -4.715     7.164     3.355    38.365     0.000     0.346     1.558
 132.6145833   127.112    21.520    21.628    74.713    16.266     0.353    52.957   369.478   284.239     7.400    17.392     6.139     3.853    70.720     0.000     0.387     1.851
 132.6354167   198.884    13.739    44.911   115.402    18.690     0.336    69.151   377.820   285.507    23.256    34.205     6.020     4.929   104.041     0.000     0.417     1.574
 132.6562500   276.271    17.537    66.982   150.725    20.861     0.307    86.842   385.856   286.857    39.118    51.621     6.314     6.190   140.565     0.000     0.397     1.909
 132.6770833   374.954    22.282    92.282   197.949    23.288     0.196   108.757   395.795   288.437    60.186    73.556     5.865     7.506   187.894     0.000     0.364     2.255
 132.6979167   448.016    18.027   112.901   242.632    25.068     0.172   124.705   404.686   289.671    72.885    88.711     6.550     9.276   231.892     0.000     0.364     1.571
 132.7187500   509.641    16.879   134.657   276.346    26.315     0.184   137.766   411.561   290.613    80.500    99.639     8.058    11.081   267.319     0.000     0.364     1.259
 132.7395833   568.526    12.689   153.822   313.154    27.271     0.173   150.196   418.020   291.427    87.716   110.228     9.527    12.985   300.055     0.000     0.364     1.146
 132.7604167   623.877    10.864   183.465   339.082    27.828     0.253   161.028   422.139   291.906    90.414   117.687    12.161    15.112   327.856     0.000     0.378     0.053
 132.7812500   676.536    33.646   214.025   339.749    28.176     0.544   170.660   424.666   292.645    88.242   123.932    18.334    17.356   344.556     0.000     0.397     0.874
 132.8020833   708.668    19.263   231.586   366.177    28.382     0.581   176.738   428.909   293.281    90.874   129.388    19.834    18.680   356.889     0.000     0.391     0.768
 132.8229167   719.401    14.052   233.181   382.454    28.451     0.600   178.920   432.599   293.860    89.084   130.105    20.866    20.155   367.326     0.000     0.387     0.629
 132.8437500   716.760     7.124   229.810   394.861    28.491     0.625   178.465   435.043   294.286    84.554   127.495    21.553    21.387   373.937     0.000     0.382     0.411
 132.8645833   702.571     8.890   214.065   400.884    28.514     0.658   175.695   436.816   294.726    78.402   122.654    21.777    22.474   380.294     0.000     0.376     0.330
 132.8854167   671.778    18.211   189.281   393.149    28.637     0.720   169.332   438.460   295.141    70.847   115.067    21.439    22.781   382.022     0.000     0.368     0.290
 132.9062500   627.436     8.605   162.452   394.303    28.618     0.669   160.247   438.921   295.277    62.158   104.741    20.025    22.557   378.017     0.000     0.370    -0.082
 132.9270833   567.348     0.069   132.510   389.103    28.337     0.870   147.547   436.879   295.157    46.070    90.714    22.098    22.546   368.198     0.000     0.357    -0.405
 132.9479167   519.124    -5.687   109.460   379.234    27.886     0.920   137.254   434.586   294.894    36.621    80.528    22.028    21.880   355.499     0.000     0.355    -0.503
 132.9687500   428.210    -8.038    63.676   352.519    26.808     0.912   117.664   430.991   294.578    20.663    61.832    20.487    20.681   328.443     0.000     0.353    -0.611
 132.9895833   376.852    -9.442    37.374   335.065    26.035     0.921   107.384   428.187   294.289    14.337    52.762    18.959    19.465   310.501     0.000     0.352    -0.481
 133.0104167   316.182    -9.813    12.417   308.681    25.015     0.920    95.314   425.016   293.862     5.565    41.349    17.511    18.274   287.020     0.000     0.351    -0.667
 133.0312500   232.989   -10.309   -14.396   265.090    23.344     0.830    77.548   420.545   293.227    -6.484    24.806    14.727    16.564   247.760     0.000     0.350    -0.912
 133.0520833   146.392   -13.338   -35.890   214.591    20.997     0.706    58.639   415.253   292.405   -17.882     8.051    11.491    14.442   199.307     0.000     0.348    -1.088
 133.0729167    64.770   -19.776   -45.804   162.734    17.447     0.727    40.781   409.225   291.362   -31.163    -6.964    11.197    13.002   146.265     0.000     0.347    -1.221
 133.0937500    -9.750   -20.916   -41.505    97.069    11.645     0.797    23.620   402.929   290.128   -43.064   -19.405    11.959    11.701    83.912     0.000     0.347    -1.333
 133.1145833   -69.659   -22.611   -30.948    36.668     4.734     0.804     8.912   395.826   288.722   -51.239   -28.975    12.105    10.159    26.110     0.000     0.348    -1.529
 133.1354167   -97.538   -22.472   -29.700    12.170     0.743     0.855     1.366   388.309   287.351   -55.974   -33.754    13.368     8.853     2.442     0.000     0.348    -1.562
 133.1562500   -99.781   -18.908   -36.943    11.346     0.031     0.765     0.052   381.845   286.334   -54.112   -34.451    12.085     7.576     0.842     0.000     0.347    -1.165
 133.1770833   -97.912   -13.287   -42.882    10.641    -0.000     0.720     0.000   377.694   285.693   -51.654   -33.762    11.124     6.768     0.736     0.000     0.346    -0.731
 133.1979167   -95.134    -6.922   -44.665     6.348     0.000     0.665     0.000   374.785   285.223   -49.356   -32.721    10.501     6.135     0.653     0.000     0.345    -0.540
 133.2187500   -92.716    -3.011   -44.733     2.847     0.000     0.603     0.000   372.495   284.822   -47.362   -31.689    10.103     5.571     0.569     0.000     0.343    -0.457
 133.2395833   -91.065    -2.682   -43.571     1.669     0.000     0.577     0.000   370.311   284.403   -46.005   -31.072     9.908     5.025     0.473     0.000     0.342    -0.476
 133.2604167   -88.731    -4.829   -42.453     3.887     0.000     0.482     0.000   367.995   284.014   -44.887   -30.678     9.643     4.566     0.389     0.000     0.337    -0.450
 133.2812500   -87.332    -3.854   -42.900     3.560     0.000     0.494     0.000   366.407   283.719   -43.821   -30.057     9.523     4.241     0.342     0.000     0.338    -0.316
 133.3020833   -84.653    -2.329   -40.972     1.672     0.000     0.473     0.000   364.863   283.410   -42.686   -29.445     9.368     3.874     0.277     0.003     0.337    -0.338
 133.3229167   -82.114    -5.145   -39.385     4.479     0.000     0.440     0.000   363.356   283.120   -41.743   -28.959     9.187     3.597     0.232     0.002     0.335    -0.321
 133.3437500   -80.815    -9.212   -34.080     4.468     0.000     0.364     0.000   361.245   282.303   -41.045   -29.096     8.606     3.343     0.179     0.002     0.325    -0.946
 133.3645833   -70.954   -19.926   -10.645     1.742    -0.000     0.079     0.000   349.733   279.918   -39.829   -34.687     2.840     2.302    -0.084    -0.247     0.261    -2.297
 133.3854167   -68.832   -10.322   -21.223     3.389     0.000     0.095     0.000   346.274   279.642   -40.345   -36.614     2.016     1.715    -0.165    -1.332     0.261    -0.331
 133.4062500   -68.479   -12.952   -19.681     4.608    -0.000     0.110     0.000   345.177   279.292   -40.159   -36.587     2.124     1.448    -0.160    -1.989     0.261    -0.295
 133.4270833   -68.096    -6.447   -23.823     2.171     0.000     0.134     0.000   344.564   279.207   -39.872   -36.182     2.339     1.351    -0.146    -2.153     0.261    -0.123
 133.4479167   -68.656    -5.822   -25.129     2.067     0.000     0.147     0.000   344.021   279.102   -39.617   -35.737     2.531     1.349    -0.137    -2.215     0.261    -0.155
 133.4687500   -69.171    -6.100   -25.824     2.314    -0.000     0.159     0.000   343.348   278.974   -39.397   -35.379     2.653     1.366    -0.130    -2.231     0.261    -0.163
 133.4895833   -68.685    -1.593   -28.483     0.337    -0.000     0.169     0.000   342.965   279.057   -38.974   -34.755     2.824     1.395    -0.122    -2.207     0.262     0.028
 133.5104167   -71.779     8.857   -45.478     3.823     0.010     0.317     0.017   347.469   280.557   -40.453   -30.810     7.531     2.112    -0.021    -0.737     0.307     1.473
 133.5312500   -71.775     0.281   -36.260     3.431     0.408     0.434     0.729   350.301   280.609   -39.322   -27.416     9.465     2.440     0.080     0.751     0.336     0.095
 133.5520833   -54.880    13.015   -33.656    -0.599     3.081     0.420     6.423   351.716   281.094   -34.282   -23.259     8.726     2.298     1.586     1.120     0.336     0.642
 133.5729167    -7.877    29.268   -20.186     3.045     8.911     0.390    19.348   357.200   282.202   -21.511   -12.352     7.061     2.098    10.751     2.479     0.342     1.506
 133.5937500    57.352    27.103    10.251    23.797    13.547     0.331    35.154   364.341   283.261    -5.300     2.744     5.935     2.108    28.489     3.911     0.372     1.501
 133.6145833   132.119    28.562    42.690    48.027    16.705     0.286    51.743   372.263   284.476    11.112    19.454     5.861     2.482    50.217     4.454     0.399     1.729
 133.6354167   218.204    38.070    64.658    81.739    19.641     0.320    71.064   382.387   286.334    31.600    39.977     5.215     3.162    85.963     1.294     0.392     2.137
 133.6562500   296.177    39.607    76.030   127.942    22.032     0.503    88.379   392.617   288.315    50.309    58.589     4.146     4.134   132.146     0.000     0.384     2.288
 133.6770833   360.897    24.072    93.529   179.318    23.822     0.549   102.485   400.956   289.802    62.260    72.098     4.337     5.501   174.412     0.000     0.374     1.719
 133.6979167   435.998    19.181    96.805   242.361    25.628     0.606   118.720   410.009   291.503    75.792    87.938     4.834     7.312   227.487     0.000     0.370     1.860
 133.7187500   504.966     8.535    91.176   317.332    26.999     0.791   133.499   418.573   293.098    86.249   101.884     5.728     9.906   290.917     0.000     0.358     1.673
 133.7395833   566.786     6.144    92.750   372.201    27.956     0.854   146.866   426.482   294.471    94.176   113.886     7.051    12.658   344.349     0.000     0.356     1.516
 133.7604167   620.066    12.074   100.817   405.405    28.330     0.938   158.435   434.434   295.788   100.254   124.443     8.602    15.587   381.655     0.000     0.355     1.515
 133.7812500   657.573    18.805   112.053   420.946    28.368     0.908   166.419   442.292   296.906   104.484   131.859     9.515    17.859   404.623     0.000     0.356     1.284
 133.8020833   683.094     9.115   107.716   459.790    28.302     0.939   172.027   450.277   297.890   105.423   136.972    11.108    20.441   433.225     0.000     0.356     1.049
 133.8229167   695.214     0.429   101.179   487.901    27.812     0.905   175.075   457.430   298.755   104.781   139.483    11.854    22.849   452.221     0.000     0.358     0.924
 133.8437500   695.041    -5.609    95.063   505.146    27.207     0.937   175.652   461.938   299.333    99.859   138.359    13.078    25.422   465.240     0.000     0.357     0.581
 133.8645833   686.330    -6.405    89.230   508.655    26.803     0.881   174.712   464.678   299.768    94.414   134.901    13.465    27.022   468.566     0.000     0.359     0.437
 133.8854167   664.582   -18.817    59.668   535.174    26.332     0.849   171.822   467.406   300.335    88.154   130.041    13.137    28.750   478.834     0.000     0.359     0.404
 133.9062500   621.688    -9.927    16.721   535.188    25.859     0.821   164.043   469.902   300.877    79.401   121.223    11.841    29.981   486.834     0.000     0.358     0.305
 133.9270833   568.932    -1.505   -21.460   520.379    25.505     0.678   153.872   471.589   301.173    71.475   110.563     9.483    29.606   484.478     0.000     0.361     0.044
 133.9479167   517.696    -2.646   -55.250   514.165    25.365     0.675   143.234   470.975   301.327    61.542    99.301     8.413    29.346   479.467     0.000     0.357    -0.116
 133.9687500   452.826     4.880   -91.864   489.239    25.158     0.596   129.091   469.573   301.397    50.836    85.668     6.827    28.005   464.313     0.000     0.353    -0.265
 133.9895833   382.075     9.038  -118.894   454.355    25.005     0.490   113.592   466.440   301.127    38.251    70.608     5.965    26.392   439.302     0.000     0.343    -0.675
 134.0104167   307.773    50.948   -95.754   329.238    24.997     0.308    96.351   457.049   299.790    24.907    51.231     4.637    21.686   371.150     0.000     0.306    -1.565
 134.0312500   229.830    20.401   -92.428   291.653    23.973     0.275    78.134   446.529   298.464    11.611    31.739     3.379    16.748   308.077     0.000     0.285    -1.408
 134.0520833   148.796    34.392   -59.046   173.687    21.737     0.181    59.065   437.255   297.266     1.033    12.984     1.082    10.869   210.331     0.000     0.261    -1.271
 134.0729167    64.576   -17.181   -58.164   153.384    17.334     0.154    39.935   430.144   296.110   -11.930    -4.026     0.648     7.255   143.274     0.000     0.261    -1.533
 134.0937500   -11.240   -33.200   -44.284    93.348    10.412     0.100    21.353   420.601   294.380   -25.104   -19.613     0.426     5.065    73.798     0.000     0.261    -2.000
 134.1145833   -60.254   -39.447   -29.813    44.822     3.716     0.055     7.073   410.200   292.977   -34.170   -30.282     0.322     3.566    19.278     0.070     0.261    -1.645
 134.1354167   -86.769   -39.231   -54.870    41.392     0.470     0.108     0.858   410.323   293.828   -34.360   -30.953     0.537     2.870     2.545     0.000     0.261     0.301
 134.1562500   -94.907    -9.669   -59.823     5.759     0.007     0.181     0.012   412.653   293.727   -31.269   -26.326     1.042     3.901     2.236     0.000     0.261     0.095
 134.1770833   -95.823    17.836   -59.803   -22.068     0.000     0.235     0.000   410.314   293.350   -31.784   -24.433     1.567     5.784     2.034     0.000     0.268    -0.003
 134.1979167  -104.723    -4.405   -96.345    20.799    -0.000     0.480     0.000   416.748   294.005   -26.088   -15.551     1.233     9.304     2.282     0.000     0.322     1.317
 134.2187500  -104.641   -13.329   -77.945    12.287    -0.000     0.546     0.000   415.162   293.163   -24.760   -14.531     0.748     9.481     2.253     0.000     0.334    -0.895
 134.2395833  -101.031   -15.681   -61.845     6.188    -0.000     0.444     0.000   409.290   291.851   -28.344   -17.455     2.027     8.862     1.958     0.000     0.327    -1.349
 134.2604167   -97.557   -21.045   -46.356     5.265     0.000     0.558     0.000   401.744   290.212   -33.762   -21.295     4.202     8.266     1.605     0.000     0.342    -1.658
 134.2812500   -92.284    -9.228   -53.746     7.621     0.000     0.446     0.000   395.517   289.481   -36.009   -23.323     5.233     7.453     1.327     0.000     0.331    -0.922
 134.3020833   -90.303    -3.930   -65.281    11.574     0.000     0.438     0.000   394.541   289.497   -32.729   -21.305     4.470     6.954     1.314     0.000     0.327     0.063
 134.3229167   -87.281    -6.703   -58.463     9.935    -0.000     0.491     0.000   392.949   289.178   -31.662   -20.493     4.451     6.717     1.270     0.000     0.334    -0.389
 134.3437500   -89.098     0.909   -71.688    10.456    -0.000     0.420     0.000   393.017   289.377   -28.850   -18.950     3.481     6.420     1.303     0.000     0.323     0.075
 134.3645833   -88.697    -8.015   -56.467     5.552     0.000     0.341     0.000   390.656   288.700   -29.006   -19.654     3.299     6.053     1.208     0.000     0.312    -0.762
 134.3854167   -85.458   -14.407   -44.355     4.824     0.000     0.347     0.000   387.536   287.616   -30.471   -20.640     4.031     5.800     1.078     0.000     0.319    -1.049
 134.4062500   -74.423   -27.349    -9.220     0.053    -0.000     0.113     0.000   373.769   284.516   -34.736   -28.526     1.971     4.239     0.614     0.064     0.266    -3.169
 134.4270833   -67.087    -8.039   -24.412     3.158    -0.000     0.086     0.000   365.657   283.678   -36.809   -32.493     1.322     2.994     0.347     0.002     0.261    -0.985
 134.4479167   -65.581     1.770   -48.938    15.985    -0.000     0.100     0.000   366.114   284.854   -35.014   -31.118     1.482     2.414     0.362     0.000     0.261     0.616
 134.4687500   -69.933    -7.171   -57.268    23.347     0.000     0.157     0.000   372.649   286.244   -30.076   -25.993     1.757     2.326     0.669     0.000     0.261     1.235
 134.4895833   -72.448   -14.230   -42.068    12.755     0.000     0.159     0.000   373.588   285.874   -28.645   -24.406     1.698     2.541     0.829     0.000     0.261    -0.260
 134.5104167   -72.360    -9.367   -42.674     9.294     0.004     0.143     0.006   371.686   285.576   -29.250   -25.061     1.541     2.647     0.837     0.000     0.261    -0.364
 134.5312500   -71.593    -5.490   -39.588     3.185     0.353     0.146     0.642   370.158   285.220   -29.442   -25.217     1.528     2.698     1.224     0.000     0.261    -0.259
 134.5520833   -55.004     3.606   -35.055     3.570     2.952     0.143     6.116   369.198   284.912   -27.013   -22.723     1.554     2.737    10.082     0.000     0.261    -0.112
 134.5729167   -10.528    19.349   -22.505    11.283     8.754     0.122    18.109   370.383   284.991   -19.319   -15.106     1.523     2.690    29.878     0.000     0.261     0.663
 134.5937500    47.228    46.843    -8.123    10.883    13.997     0.080    33.101   376.967   286.134    -4.504    -0.507     1.431     2.566    43.566     0.000     0.261     2.129
 134.6145833   120.979    19.679   -16.513   104.014    18.282     0.146    51.582   388.513   288.014    11.971    19.958     3.660     4.327    93.945     0.000     0.366     1.828
 134.6354167   200.066    55.145     6.272   103.137    21.412     0.098    70.016   399.708   289.807    33.083    40.614     2.798     4.733   125.783     0.000     0.364     2.429
 134.6562500   280.493    23.200    17.708   185.949    23.780     0.146    87.695   409.816   291.596    51.871    59.651     2.114     5.666   175.396     0.000     0.365     1.766
 134.6770833   360.246    11.578     9.229   272.280    25.430     0.376   104.603   417.538   293.313    65.293    75.551     2.232     8.027   249.228     0.000     0.392     1.866
 134.6979167   439.448     8.257    18.958   332.335    26.844     0.413   121.783   425.729   294.751    78.282    91.225     2.735    10.208   308.127     0.000     0.381     1.616
 134.7187500   504.825    11.231    19.540   383.406    27.687     0.437   136.089   434.649   296.320    88.831   104.594     3.128    12.636   357.989     0.000     0.371     1.818
 134.7395833   564.066     5.788    36.508   422.926    27.825     0.490   149.096   443.698   297.607    97.309   116.584     3.817    15.459   393.738     0.000     0.372     1.536
 134.7604167   612.815     4.699    44.750   460.245    27.891     0.545   160.065   453.488   298.496   102.150   126.451     5.666    18.635   432.551     0.000     0.377     0.971
 134.7812500   648.970     3.163    60.627   480.988    27.245     0.560   167.998   461.769   299.231   103.270   133.328     8.258    21.800   451.263     0.000     0.388     0.922
 134.8020833   674.863     2.984    74.422   494.277    26.227     0.562   173.452   468.061   299.956   102.329   137.842    10.712    24.801   461.574     0.000     0.397     0.853
 134.8229167   687.544    13.775    83.719   485.221    24.595     0.483   176.467   475.599   300.827   103.718   141.470    10.984    26.769   458.991     0.000     0.408     1.111
 134.8437500   686.511     7.132    86.061   488.973    23.239     0.385   176.523   480.984   301.620   103.295   140.728     9.482    27.951   456.017     0.000     0.391     1.050
 134.8645833   675.592    17.937    91.440   464.806    21.755     0.246   174.829   485.301   302.407   100.041   137.752     8.505    29.206   441.438     0.000     0.370     1.367
 134.8854167   647.754    34.578   115.264   397.042    19.477     0.110   169.930   490.872   302.981    99.924   135.707     6.491    29.292   393.181     0.000     0.364     0.946
 134.9062500   614.684    -7.988    76.410   469.384    22.274     0.212   161.883   485.384   302.631    78.456   118.089     9.236    30.398   436.716     0.000     0.367    -1.577
 134.9270833   566.905    -4.462    19.029   485.300    22.690     0.272   152.246   485.387   302.851    67.198   107.230     9.461    30.571   446.681     0.000     0.375    -0.160
 134.9479167   514.923    11.784   -11.840   456.361    22.645     0.245   141.208   484.438   302.960    58.920    97.074     8.272    29.882   436.813     0.000     0.370    -0.302
 134.9687500   453.584    45.070   -43.107   406.174    24.011     0.378   126.665   478.897   302.523    46.103    81.632     7.908    27.621   429.070     0.000     0.388    -0.656
 134.9895833   384.508    14.462   -67.369   405.538    24.919     0.435   110.724   472.353   301.861    32.861    64.983     7.507    24.614   403.898     0.000     0.349    -0.984
 135.0104167   308.490    32.455   -77.210   333.509    25.045     0.331    93.738   465.076   300.934    20.898    48.154     6.302    20.955   354.481     0.000     0.323    -1.161
 135.0312500   229.369    37.730   -62.631   245.293    24.184     0.257    75.455   455.268   299.883    10.069    30.005     4.095    15.841   278.307     0.000     0.294    -1.092
 135.0520833   144.852    23.672   -51.867   174.481    21.690     0.216    56.664   449.193   298.933    -0.388    13.186     2.312    11.263   199.118     0.000     0.277    -1.046
 135.0729167    61.848   -21.241   -58.818   156.079    16.789     0.243    38.241   444.178   298.292   -13.229    -1.591     2.419     9.220   139.202     0.000     0.283    -0.942
 135.0937500   -12.931   -50.365   -60.581   124.393     9.954     0.280    21.048   439.599   297.482   -25.517   -12.655     3.193     9.669    80.367     0.000     0.295    -0.861
 135.1145833   -68.677   -51.167   -56.565    72.086     3.871     0.340     7.813   436.472   296.749   -32.358   -18.116     3.491    10.750    24.799     0.000     0.313    -0.673
 135.1354167   -91.968   -42.001   -46.596    33.333     0.637     0.384     1.178   430.690   295.340   -35.196   -21.009     3.538    10.648     3.038     0.000     0.329    -1.509
 135.1562500   -93.418   -51.804   -36.466    35.619     0.026     0.449     0.044   421.875   293.541   -38.926   -23.753     5.029    10.144     1.875     0.000     0.336    -1.842
 135.1770833   -89.580   -42.317   -30.720    27.941    -0.000     0.491     0.000   412.744   291.897   -42.743   -26.497     6.677     9.569     1.602     0.000     0.341    -1.740
 135.1979167   -85.131   -34.232   -29.114    24.143     0.000     0.510     0.000   405.375   290.586   -44.521   -27.853     7.718     8.950     1.404     0.000     0.342    -1.408
 135.2187500   -83.239   -25.160   -25.537    14.893     0.000     0.487     0.000   398.632   289.307   -46.036   -29.234     8.521     8.281     1.205     0.000     0.342    -1.399
 135.2395833   -81.638   -16.525   -25.538     8.943     0.000     0.424     0.000   392.072   288.273   -47.368   -30.745     9.210     7.412     0.960     0.000     0.338    -1.151
 135.2604167   -79.917   -13.848   -32.768    13.224    -0.000     0.510     0.000   388.847   287.781   -46.006   -29.874     9.305     6.827     0.877     0.000     0.341    -0.519
 135.2812500   -76.321   -15.269   -28.110    12.460    -0.000     0.564     0.000   386.066   287.152   -44.736   -29.015     9.322     6.399     0.816     0.000     0.344    -0.666
 135.3020833   -73.494   -13.970   -25.909    11.629    -0.000     0.533     0.000   382.675   286.568   -44.597   -29.033     9.516     6.048     0.743     0.000     0.344    -0.648
 135.3229167   -72.571    -8.506   -29.240     8.981    -0.000     0.549     0.000   380.490   286.200   -43.391   -28.365     9.355     5.671     0.691     0.000     0.344    -0.416
 135.3437500   -72.534    -9.989   -28.758     9.401    -0.000     0.525     0.000   378.212   285.776   -42.706   -28.101     9.235     5.370     0.645     0.000     0.343    -0.482
 135.3645833   -72.237    -5.159   -30.037     5.407     0.000     0.511     0.000   376.119   285.431   -42.052   -27.845     9.149     5.057     0.592     0.000     0.342    -0.396
 135.3854167   -71.904    -0.892   -31.635     1.841    -0.000     0.478     0.000   374.477   285.147   -40.880   -27.340     8.881     4.659     0.522     0.000     0.340    -0.338
 135.4062500   -71.040    -2.313   -30.738     2.302    -0.000     0.374     0.000   372.472   284.779   -39.851   -27.198     8.401     4.252     0.441     0.000     0.331    -0.440
 135.4270833   -70.119    -3.450   -30.178     2.874     0.000     0.325     0.000   370.576   284.386   -38.928   -27.117     7.883     3.928     0.383     0.000     0.329    -0.437
 135.4479167   -68.606    -2.169   -30.329     2.262    -0.000     0.280     0.000   368.356   284.227   -38.200   -27.454     7.202     3.544     0.294     0.000     0.312    -0.171
 135.4687500   -69.474    -1.200   -36.256     5.435     0.000     0.479     0.000   369.437   284.360   -37.627   -25.766     8.350     3.511     0.327     0.000     0.339     0.173
 135.4895833   -68.983    -5.256   -34.773     7.119    -0.000     0.564     0.000   369.578   284.246   -35.959   -24.504     8.017     3.438     0.354     0.000     0.343    -0.115
 135.5104167   -68.369    -9.704   -29.246     7.405     0.011     0.502     0.019   367.861   283.861   -36.402   -24.894     8.155     3.354     0.325     0.000     0.342    -0.422
 135.5312500   -64.680    -8.443   -28.924     9.079     0.420     0.520     0.760   366.528   283.659   -36.210   -24.554     8.336     3.320     0.632     0.000     0.343    -0.182
 135.5520833   -46.806    -1.496   -22.471     9.839     2.993     0.397     6.055   366.135   283.474   -32.554   -21.535     7.757     3.262     6.196     0.000     0.336    -0.124
 135.5729167    -8.293    14.227    -2.264     0.283     7.928     0.041    15.767   365.098   283.241   -21.044   -15.980     2.608     2.455     9.849     0.000     0.261     0.505
 135.5937500    40.854    14.760     2.456    32.220    12.850     0.075    28.987   372.475   284.688   -10.008    -3.134     4.213     2.661    29.793     0.000     0.314     1.425
 135.6145833   123.339    28.047    29.027    59.744    17.100     0.115    48.879   380.011   285.909     4.682    14.722     6.505     3.535    65.324     0.000     0.364     1.838
 135.6354167   206.070    30.110    56.754    94.542    19.920     0.170    67.437   388.051   287.262    23.006    33.270     6.135     4.129    99.244     0.000     0.364     1.658
 135.6562500   274.510    32.147    71.754   130.626    22.106     0.217    82.398   396.799   288.736    38.237    49.194     5.971     4.985   134.671     0.000     0.365     1.747
 135.6770833   356.613    34.392    92.277   173.548    24.256     0.261   100.406   405.796   290.295    54.540    67.057     6.330     6.187   177.316     0.000     0.371     1.857
 135.6979167   435.614    36.959   101.589   224.232    26.284     0.290   117.855   416.281   292.001    70.937    84.895     6.375     7.583   227.079     0.000     0.375     1.897
 135.7187500   501.852    22.934   117.558   279.687    27.609     0.342   132.177   424.489   293.250    80.332    97.331     7.478     9.521   273.938     0.000     0.400     1.341
 135.7395833   562.605    14.011   141.776   321.422    28.421     0.437   145.045   429.771   294.049    84.394   106.373    10.231    11.748   311.419     0.000     0.410     1.002
 135.7604167   614.491     9.190   162.351   354.716    28.868     0.550   155.951   433.902   294.733    87.396   113.733    12.537    13.799   339.511     0.000     0.386     0.838
 135.7812500   651.539     8.178   177.577   375.845    29.031     0.610   163.746   438.650   295.251    89.287   119.415    14.308    15.820   360.212     0.000     0.378     0.652
 135.8020833   661.925     1.771   195.472   382.290    29.038     0.663   165.786   439.754   295.360    82.211   117.211    17.344    17.656   364.650     0.000     0.373     0.181
 135.8229167   692.368    14.094   202.854   390.373    28.958     0.715   172.160   443.178   296.093    84.210   122.644    19.268    19.166   374.051     0.000     0.370     0.837
 135.8437500   696.213    12.984   193.991   403.920    28.710     0.704   173.311   448.347   296.770    84.605   123.833    18.725    20.504   386.000     0.000     0.370     0.713
 135.8645833   689.017    12.199   190.358   409.259    28.875     0.780   172.036   449.998   297.138    76.926   119.617    20.909    21.782   393.817     0.000     0.365     0.274
 135.8854167   671.414    20.426   144.670   428.286    28.685     0.742   169.083   456.106   298.322    76.986   118.224    18.925    22.314   408.134     0.000     0.367     1.047
 135.9062500   629.306     5.812    91.960   458.083    28.120     0.732   161.251   462.009   299.341    72.680   111.933    16.057    23.196   424.930     0.000     0.365     0.771
 135.9270833   577.351     2.351    48.566   461.440    27.658     0.701   151.027   465.238   299.894    64.695   102.243    13.948    23.601   431.533     0.000     0.364     0.299
 135.9479167   523.502    -3.766    12.372   459.358    27.238     0.704   140.054   465.916   300.092    55.586    91.544    12.349    23.609   428.690     0.000     0.360    -0.049
 135.9687500   459.263    -6.008   -19.249   442.707    27.005     0.743   126.302   463.259   299.883    42.287    77.335    11.866    23.182   416.350     0.000     0.355    -0.474
 135.9895833   389.734    -5.831   -46.390   412.473    26.535     0.716   111.048   458.783   299.498    30.139    62.251    10.375    21.737   390.386     0.000     0.352    -0.656
 136.0104167   313.143   -16.633   -59.412   375.445    25.843     0.713    94.373   452.488   298.180    15.273    45.333     9.896    20.165   358.505     0.000     0.349    -1.531
 136.0312500   235.689   -29.259   -24.197   299.473    24.340     0.766    76.989   438.456   295.832    -7.859    23.389    13.019    18.229   287.946     0.000     0.349    -2.469
 136.0520833   154.659   -39.605   -23.518   246.484    21.771     0.809    59.064   426.682   294.010   -26.669     4.537    15.085    16.122   218.811     0.000     0.349    -2.033
 136.0729167    73.990   -34.032   -28.817   177.977    17.720     0.838    40.755   417.817   292.529   -39.493   -10.225    15.202    14.066   152.855     0.000     0.349    -1.646
 136.0937500     0.702   -32.688   -21.793   105.419    11.427     0.807    23.126   409.648   291.107   -48.690   -22.387    14.232    12.071    82.883     0.000     0.349    -1.547
 136.1145833   -56.617   -26.300   -19.853    45.863     4.680     0.863     8.877   402.900   289.989   -55.088   -30.037    14.439    10.612    26.532     0.000     0.349    -1.239
 136.1354167   -83.663   -20.659   -24.168    16.745     0.822     0.822     1.500   397.162   288.981   -54.403   -32.491    12.785     9.127     2.722     0.000     0.348    -1.178
 136.1562500   -85.877   -21.480   -22.904    13.172     0.046     0.816     0.077   391.311   287.870   -53.439   -32.629    12.710     8.099     1.055     0.000     0.348    -1.227
 136.1770833   -83.193   -14.647   -23.284     8.520     0.000     0.789     0.000   385.682   286.967   -52.765   -32.873    12.713     7.179     0.869     0.000     0.348    -1.017
 136.1979167   -82.028    -6.878   -31.694     6.366    -0.000     0.720     0.000   382.364   286.485   -49.259   -31.864    11.094     6.301     0.753     0.000     0.347    -0.562
 136.2187500   -80.912    -6.459   -33.174     6.270     0.000     0.683     0.000   379.806   286.065   -47.064   -30.993    10.369     5.702     0.671     0.000     0.346    -0.484
 136.2395833   -79.523    -3.973   -35.072     5.022    -0.000     0.606     0.000   377.780   285.752   -45.124   -30.001     9.906     5.217     0.603     0.000     0.344    -0.374
 136.2604167   -78.466    -4.289   -35.178     4.782     0.000     0.533     0.000   375.995   285.436   -43.413   -29.147     9.460     4.806     0.545     0.000     0.342    -0.368
 136.2812500   -77.538    -5.444   -33.978     4.734    -0.000     0.511     0.000   374.110   285.079   -42.452   -28.709     9.296     4.447     0.483     0.000     0.341    -0.397
 136.3020833   -76.936    -6.416   -34.399     5.951     0.000     0.516     0.000   372.360   284.762   -41.717   -28.343     9.218     4.156     0.435     0.000     0.341    -0.355
 136.3229167   -76.030    -5.534   -35.609     6.191     0.000     0.502     0.000   370.843   284.527   -40.804   -27.842     9.039     3.923     0.403     0.000     0.341    -0.275
 136.3437500   -75.108    -4.508   -35.697     4.890    -0.000     0.487     0.000   369.773   284.296   -39.540   -27.103     8.725     3.711     0.382     0.000     0.340    -0.252
 136.3645833   -74.966    -5.535   -32.573     3.149     0.000     0.491     0.000   367.997   283.903   -39.569   -27.235     8.847     3.487     0.329     0.000     0.341    -0.437
 136.3854167   -75.232    -3.032   -34.592     2.270    -0.000     0.431     0.000   365.981   283.571   -39.452   -27.487     8.755     3.210     0.263     0.000     0.335    -0.427
 136.4062500   -71.455   -10.441   -22.934     0.847    -0.000     0.189     0.000   360.413   281.951   -37.218   -29.770     4.887     2.561     0.107    -0.009     0.281    -1.709
 136.4270833   -67.121    -7.533   -23.655     1.338    -0.000     0.130     0.000   354.964   281.376   -36.653   -32.679     2.158     1.816    -0.040    -0.200     0.261    -0.617
 136.4479167   -66.793   -12.888   -19.891     3.878     0.000     0.128     0.000   352.397   280.744   -37.330   -33.720     2.102     1.508    -0.093    -0.811     0.261    -0.563
 136.4687500   -66.205    -6.056   -24.473     2.090    -0.000     0.133     0.000   350.766   280.534   -37.506   -34.005     2.173     1.327    -0.112    -1.496     0.261    -0.261
 136.4895833   -65.892    -5.867   -24.655     1.988    -0.000     0.136     0.000   349.930   280.352   -37.146   -33.662     2.250     1.234    -0.114    -1.729     0.261    -0.211
 136.5104167   -65.053    -7.868   -21.657     1.983     0.015     0.119     0.026   348.312   279.896   -37.056   -33.704     2.195     1.157    -0.128    -1.863     0.261    -0.454
 136.5312500   -60.026    -4.850   -17.070    -0.768     0.510     0.072     0.917   345.436   279.357   -36.944   -33.882     2.013     1.048    -0.676    -1.926     0.261    -0.395
 136.5520833   -41.354    10.616   -17.615    -3.820     3.443     0.059     7.304   348.168   280.349   -31.719   -28.849     1.892     0.978    -2.598    -1.134     0.261     1.183
 136.5729167     1.314    30.163   -10.000    -3.103     9.231     0.057    20.260   357.984   282.357   -18.425   -15.533     1.823     1.070     5.492     0.596     0.261     2.678
 136.5937500    75.041    16.313    33.319    32.232    14.366     0.236    39.204   367.572   283.455    -8.048     2.005     7.794     2.258    30.507     4.092     0.393     1.225
 136.6145833   161.898    34.567    65.002    49.234    17.702     0.261    59.067   375.608   284.770    11.212    21.479     7.682     2.585    54.807     5.535     0.382     1.883
 136.6354167   237.877    26.634    99.163    83.022    20.045     0.258    75.530   383.502   285.971    27.514    38.088     7.410     3.164    84.280     3.264     0.379     1.544
 136.6562500   306.964    22.186   128.520   115.271    21.921     0.348    90.244   390.639   287.130    39.511    52.285     8.574     4.200   114.859     0.019     0.406     1.476
 136.6770833   373.621    25.469   142.688   151.197    23.704     0.261   104.566   398.393   288.392    52.590    66.278     8.431     5.256   151.537     0.000     0.375     1.676
 136.6979167   442.435    18.110   175.342   186.414    25.231     0.360   119.237   404.917   289.284    61.618    78.836    10.505     6.713   184.019     0.000     0.408     0.951
 136.7187500   505.333    16.538   206.220   214.442    26.391     0.411   132.614   409.888   289.989    67.082    89.018    13.641     8.295   211.508     0.000     0.417     1.052
 136.7395833   560.909    34.281   202.768   241.233    27.680     0.245   145.073   418.194   291.289    80.360   101.812    12.063     9.389   245.603     0.000     0.370     2.268
 136.7604167   608.623    35.572   195.564   282.026    28.628     0.137   156.293   429.918   292.724    93.550   115.503    11.200    10.753   284.359     0.000     0.364     1.911
 136.7812500   650.543    22.975   206.278   325.511    28.985     0.186   164.557   435.263   293.915    94.736   120.522    12.858    12.929   316.917     0.000     0.364     1.044
 136.8020833   678.353    26.967   196.490   353.646    28.776     0.165   170.428   443.588   295.299    99.583   127.148    12.761    14.803   344.400     0.000     0.364     1.667
 136.8229167   693.117     8.617   195.558   387.809    28.181     0.162   173.751   450.429   296.411   100.052   129.842    12.915    16.875   362.327     0.000     0.364     1.081
 136.8437500   694.382   -10.692   188.920   420.882    27.612     0.189   173.959   454.437   297.218    94.735   127.602    13.493    19.374   378.360     0.000     0.364     0.537
 136.8645833   688.516     0.247   184.863   416.726    27.468     0.248   172.571   455.798   297.640    86.717   122.594    14.482    21.394   389.392     0.000     0.367    -0.038
 136.8854167   668.079    26.190   170.272   395.981    27.872     0.378   168.137   456.004   298.093    75.593   114.550    16.620    22.337   393.279     0.000     0.416     0.042
 136.9062500   630.042    20.549   141.448   399.668    27.990     0.452   160.365   456.900   298.469    68.203   106.548    16.253    22.093   392.131     0.000     0.401     0.174
 136.9270833   582.452    14.432   106.883   400.759    28.000     0.529   150.372   456.514   298.777    60.300    96.236    14.464    21.472   388.741     0.000     0.377     0.078
 136.9479167   530.062    17.695    67.244   390.671    27.667     0.446   139.230   457.733   299.215    54.246    87.096    12.300    20.550   380.948     0.000     0.383     0.206
 136.9687500   463.779    -0.839    30.920   390.598    27.254     0.405   125.192   456.744   299.257    43.368    74.182    11.036    19.778   368.698     0.000     0.375    -0.269
 136.9895833   392.616   -10.350    -5.536   378.613    26.731     0.489   110.006   453.429   298.963    30.575    59.545    10.091    18.879   353.061     0.000     0.355    -0.685
 137.0104167   305.444    -3.636   -43.165   336.601    25.738     0.459    91.057   449.131   298.627    16.346    42.549     8.928    17.274   319.712     0.000     0.343    -0.703
 137.0312500   233.480   -19.938   -74.216   322.263    24.366     0.498    75.342   445.373   298.226     6.097    29.635     7.632    15.906   292.237     0.000     0.336    -0.726
 137.0520833   154.161   -26.836   -86.818   275.626    21.905     0.509    58.136   440.164   297.385    -6.743    14.826     6.850    14.719   246.580     0.000     0.333    -1.068
 137.0729167    72.140   -33.058   -82.424   208.015    17.370     0.491    39.894   434.333   296.353   -19.287     0.370     6.242    13.415   177.569     0.000     0.331    -1.107
 137.0937500    -4.518   -45.562   -65.892   138.142    10.704     0.541    22.408   428.513   295.111   -30.056   -11.637     5.901    12.518   100.472     0.000     0.338    -1.151
 137.1145833   -60.456   -44.633   -33.720    58.865     4.335     0.621     8.563   420.967   293.274   -39.117   -21.071     6.399    11.647    31.101     0.000     0.344    -1.850
 137.1354167   -85.164   -35.788   -22.041    20.349     0.775     0.627     1.420   410.964   291.386   -45.589   -27.508     7.654    10.427     3.305     0.000     0.346    -2.095
 137.1562500   -85.465   -23.525   -25.046    12.031     0.042     0.596     0.070   402.038   289.952   -47.331   -29.548     8.635     9.147     1.524     0.000     0.345    -1.594
 137.1770833   -82.849   -17.350   -30.343    12.219     0.000     0.524     0.000   395.963   289.008   -46.307   -29.445     8.755     8.107     1.302     0.000     0.342    -1.068
 137.1979167   -81.481   -15.574   -32.195    12.232     0.000     0.499     0.000   391.471   288.249   -45.096   -29.028     8.693     7.375     1.163     0.000     0.341    -0.848
 137.2187500   -79.756   -13.615   -31.897    10.650    -0.000     0.506     0.000   387.734   287.569   -44.148   -28.630     8.727     6.791     1.051     0.000     0.341    -0.747
 137.2395833   -80.066   -13.732   -32.260    10.444     0.000     0.541     0.000   384.269   286.905   -43.777   -28.607     8.870     6.300     0.954     0.000     0.343    -0.741
 137.2604167   -82.287   -12.750   -34.476     9.658    -0.000     0.549     0.000   380.667   286.280   -44.000   -29.063     9.064     5.873     0.857     0.000     0.342    -0.719
 137.2812500   -83.170   -10.189   -37.537     8.617     0.000     0.538     0.000   377.730   285.780   -43.490   -28.981     9.030     5.479     0.782     0.000     0.342    -0.571
 137.3020833   -82.528    -8.995   -37.954     7.718    -0.000     0.512     0.000   375.160   285.324   -42.779   -28.716     8.947     5.116     0.714     0.014     0.340    -0.517
 137.3229167   -81.310    -8.613   -38.066     7.782     0.000     0.496     0.000   372.975   284.926   -41.973   -28.325     8.842     4.807     0.662     0.022     0.339    -0.441
 137.3437500   -79.973    -9.793   -36.138     7.902    -0.000     0.495     0.000   370.902   284.482   -41.462   -28.057     8.848     4.557     0.617     0.023     0.340    -0.483
 137.3645833   -79.485    -9.601   -34.953     7.226    -0.000     0.488     0.000   368.461   284.021   -41.646   -28.289     9.029     4.328     0.563     0.027     0.340    -0.510
 137.3854167   -78.392    -7.616   -34.866     5.823     0.000     0.470     0.000   366.429   283.591   -41.242   -28.136     9.017     4.088     0.515     0.039     0.339    -0.490
 137.4062500   -75.876   -12.013   -25.498     3.471     0.000     0.260     0.000   362.010   282.188   -40.310   -29.587     7.118     3.605     0.389     0.053     0.305    -1.526
 137.4270833   -70.367   -10.302   -23.485     2.956    -0.000     0.147     0.000   354.421   281.239   -38.545   -33.444     2.584     2.516     0.200     0.005     0.261    -0.991
 137.4479167   -73.457     3.839   -46.946     7.866    -0.000     0.247     0.000   355.606   282.593   -39.515   -32.154     4.788     2.573     0.240     0.000     0.283     1.298
 137.4687500   -78.851    -2.781   -44.747     7.393    -0.000     0.388     0.000   360.684   282.746   -38.912   -27.302     8.243     3.367     0.413     0.000     0.327     0.195
 137.4895833   -77.290    -3.984   -40.381     5.088    -0.000     0.303     0.000   359.179   282.215   -37.301   -27.095     7.041     3.166     0.384     0.000     0.310    -0.712
 137.5104167   -71.037    -8.663   -29.679     3.441     0.013     0.146     0.021   353.332   281.213   -34.995   -30.131     2.562     2.302     0.250     0.000     0.261    -1.142
 137.5312500   -64.642   -11.929   -15.238    -0.837     0.478     0.095     0.859   348.751   280.054   -35.753   -31.948     1.954     1.852     0.196     0.000     0.261    -0.885
 137.5520833   -44.069     3.517   -13.210    -2.413     3.308     0.077     6.948   348.362   280.164   -32.429   -28.971     1.853     1.604     1.531     0.009     0.261     0.466
 137.5729167    -3.023    28.075    -8.753    -3.118     8.677     0.062    18.459   355.080   281.542   -21.302   -17.948     1.824     1.530     9.408     0.024     0.261     2.075
 137.5937500    53.749    22.620    11.880    29.201    13.203     0.198    32.903   364.687   283.151   -11.415    -2.509     6.556     2.350    32.528     0.004     0.367     1.463
 137.6145833   124.984    32.185    31.797    55.600    16.360     0.358    49.147   372.313   284.683     3.488    13.879     7.491     2.900    60.589     0.000     0.395     1.913
 137.6354167   205.975    25.908    61.775    93.421    19.123     0.392    67.485   381.499   286.007    23.098    33.014     6.405     3.510    95.008     0.000     0.400     1.773
 137.6562500   288.932    23.771   107.345   119.369    21.283     0.336    85.814   388.519   286.985    36.961    49.182     7.770     4.451   122.993     0.000     0.403     1.486
 137.6770833   363.640    32.462   122.848   154.200    23.428     0.292   102.243   397.682   288.410    52.319    65.675     7.957     5.399   158.865     0.000     0.381     1.811
 137.6979167   436.543    26.359   147.996   196.815    25.116     0.286   118.117   405.176   289.674    63.605    79.285     8.948     6.733   196.525     0.000     0.383     1.768
 137.7187500   497.275    25.311   152.516   241.527    26.724     0.195   131.837   414.738   291.052    75.959    93.110     9.018     8.133   237.106     0.000     0.364     1.962
 137.7395833   553.008    11.781   161.686   292.761    27.816     0.146   144.306   423.768   292.098    85.419   104.914     9.497     9.999   278.065     0.000     0.364     1.362
 137.7604167   603.894    10.903   179.353   325.833    28.339     0.187   154.616   428.082   292.951    86.931   110.966    11.751    12.284   311.078     0.000     0.364     0.875
 137.7812500   644.245    38.390   173.220   336.660    28.609     0.164   163.391   436.195   294.374    93.940   119.941    12.049    13.952   339.262     0.000     0.364     2.035
 137.8020833   665.855    36.039   174.860   350.475    27.974     0.098   168.783   447.696   295.631   102.636   128.459    10.737    15.087   351.983     0.000     0.364     1.845
 137.8229167   681.003    -3.555   193.643   394.386    27.785     0.130   171.467   450.872   296.069    96.607   126.671    12.616    17.449   366.261     0.000     0.364    -0.079
 137.8437500   687.967     0.291   191.432   407.961    27.908     0.206   172.088   451.555   296.688    88.060   122.397    14.758    19.578   379.149     0.000     0.364     0.222
 137.8645833   681.573    -4.444   180.074   424.452    27.779     0.272   170.684   452.978   297.229    81.427   118.162    15.463    21.272   390.890     0.000     0.374     0.064
 137.8854167   658.730    17.138   155.084   413.774    28.063     0.376   166.120   455.168   297.672    72.695   111.951    16.970    22.285   401.947     0.000     0.409     0.038
 137.9062500   621.194    15.153   126.128   417.042    28.390     0.507   158.435   455.675   297.850    62.949   103.357    17.995    22.412   406.618     0.000     0.394    -0.078
 137.9270833   573.960     9.700    93.644   415.170    28.392     0.544   148.732   455.559   297.964    55.521    93.682    16.461    21.700   401.187     0.000     0.381    -0.074
 137.9479167   524.102     0.118    63.473   413.242    28.156     0.542   138.267   454.242   298.005    47.473    83.281    14.830    20.979   391.473     0.000     0.375    -0.204
 137.9687500   461.476    -3.310    26.748   400.310    27.632     0.538   124.777   452.226   297.953    38.068    70.835    12.759    20.008   377.343     0.000     0.367    -0.340
 137.9895833   392.352    -9.566    -0.326   378.379    26.827     0.648   109.622   447.709   297.544    24.550    56.047    12.336    19.161   355.594     0.000     0.354    -0.685
 138.0104167   315.302    -6.673   -27.439   339.143    25.747     0.667    92.663   442.397   296.948    11.155    40.320    11.502    17.663   323.532     0.000     0.350    -0.885
 138.0312500   230.773   -10.030   -48.134   291.991    23.962     0.600    73.852   436.489   296.261    -2.087    23.984    10.262    15.809   276.161     0.000     0.345    -0.968
 138.0520833   144.956   -22.827   -59.826   243.824    21.201     0.589    54.859   430.788   295.297   -15.062     8.393     9.325    14.129   221.668     0.000     0.343    -1.154
 138.0729167    74.017   -25.001   -53.467   179.785    17.142     0.597    38.677   424.177   294.150   -26.061    -4.419     8.980    12.662   159.885     0.000     0.343    -1.240
 138.0937500     4.790   -18.613   -47.717   105.715    10.856     0.557    22.214   419.033   293.289   -33.704   -14.524     8.036    11.144    89.506     0.000     0.342    -0.892
 138.1145833   -50.795   -22.798   -33.641    45.299     4.417     0.576     8.571   414.416   292.289   -38.627   -21.444     7.251     9.932    28.510     0.000     0.344    -1.027
 138.1354167   -77.425   -25.526   -24.661    16.267     0.742     0.611     1.354   407.933   290.941   -41.994   -25.737     7.422     8.835     2.950     0.000     0.346    -1.511
 138.1562500   -78.830   -26.210   -22.148    14.617     0.035     0.630     0.058   400.495   289.607   -43.631   -27.493     8.238     7.899     1.358     0.000     0.346    -1.458
 138.1770833   -76.546   -20.992   -22.975    12.684     0.000     0.629     0.000   394.358   288.545   -44.091   -28.155     8.813     7.122     1.157     0.000     0.346    -1.172
 138.1979167   -74.355   -17.374   -23.469    11.364     0.000     0.545     0.000   389.244   287.674   -43.900   -28.396     9.041     6.463     1.000     0.000     0.345    -0.976
 138.2187500   -72.981   -13.643   -26.633    11.183    -0.000     0.502     0.000   385.259   287.083   -43.214   -28.235     9.055     5.924     0.890     0.000     0.343    -0.674
 138.2395833   -72.240    -8.422   -32.286    10.048     0.000     0.531     0.000   383.136   286.787   -41.230   -27.040     8.670     5.520     0.855     0.000     0.343    -0.350
 138.2604167   -71.644    -4.596   -33.810     6.363    -0.000     0.487     0.000   381.398   286.512   -39.268   -25.979     8.141     5.148     0.811     0.000     0.340    -0.332
 138.2812500   -71.170    -4.432   -34.743     6.053    -0.000     0.474     0.000   379.902   286.259   -37.750   -25.162     7.778     4.810     0.766     0.000     0.339    -0.298
 138.3020833   -71.221    -3.720   -37.314     6.556     0.000     0.445     0.000   378.480   286.089   -36.506   -24.558     7.424     4.525     0.729     0.000     0.336    -0.236
 138.3229167   -72.236    -4.345   -38.695     5.937     0.000     0.406     0.000   377.623   285.861   -34.860   -23.721     6.851     4.288     0.713     0.000     0.332    -0.273
 138.3437500   -72.820    -9.620   -31.486     4.821     0.000     0.342     0.000   374.609   285.176   -35.751   -24.834     6.907     4.011     0.617     0.000     0.326    -0.784
 138.3645833   -71.917    -7.632   -34.113     6.073    -0.000     0.266     0.000   371.236   284.691   -35.663   -25.930     6.113     3.620     0.520     0.000     0.306    -0.582
 138.3854167   -72.317    -6.930   -37.832     7.521     0.000     0.284     0.000   370.548   284.415   -34.751   -25.135     6.120     3.495     0.525     0.000     0.309    -0.325
 138.4062500   -64.105   -16.129   -14.076     2.014    -0.000     0.104     0.000   361.973   282.539   -34.060   -29.297     2.215     2.549     0.303     0.001     0.261    -1.854
 138.4270833   -59.009    -6.718   -20.240     2.747     0.000     0.092     0.000   358.440   282.050   -34.266   -30.654     1.653     1.959     0.203     0.000     0.261    -0.533
 138.4479167   -56.906   -12.657    -9.844     1.700    -0.000     0.057     0.000   354.214   280.999   -35.187   -31.972     1.590     1.625     0.105    -0.002     0.261    -0.918
 138.4687500   -57.225   -13.133   -10.869     3.460    -0.000     0.065     0.000   351.196   280.310   -36.054   -33.115     1.573     1.366     0.031    -0.035     0.261    -0.628
 138.4895833   -55.486    -8.135   -11.428     1.750     0.000     0.044     0.000   347.376   279.492   -36.931   -34.156     1.608     1.167    -0.045    -0.180     0.261    -0.742
 138.5104167   -53.464    -1.414   -15.887     0.585     0.023     0.046     0.039   345.903   279.456   -36.595   -33.967     1.625     1.003    -0.078    -0.440     0.261    -0.154
 138.5312500   -51.558     1.802   -18.801    -0.015     0.583     0.062     1.052   346.809   280.024   -35.021   -32.443     1.675     0.903    -0.260    -0.615     0.261     0.477
 138.5520833   -34.078    15.856   -21.802    -1.373     3.668     0.112     7.888   353.139   281.469   -28.365   -25.559     1.852     0.954     1.898     0.210     0.261     1.607
 138.5729167    11.976    28.558   -13.119    11.962     9.545     0.187    20.159   362.648   283.357   -17.618   -11.932     4.132     1.554    17.684     1.317     0.302     2.194
 138.5937500    50.217    27.847    -0.760    30.483    13.116     0.249    29.695   370.336   284.491    -8.676    -0.179     6.262     2.235    38.383     0.362     0.374     1.323
 138.6145833    94.445    35.359     7.304    45.153    16.016     0.169    40.769   378.186   285.875     4.654    12.416     5.374     2.387    56.259     0.004     0.383     1.975
 138.6354167   200.914    41.077    40.736    85.227    20.104     0.097    65.688   390.037   287.645    31.298    37.615     3.633     2.684    96.033     0.000     0.364     2.577
 138.6562500   260.770    20.054    61.450   135.551    22.012     0.124    78.117   398.149   288.953    42.258    49.780     3.854     3.667   131.055     0.000     0.364     1.457
 138.6770833   353.260    14.938    88.120   191.912    24.068     0.203    98.873   405.354   290.221    56.792    67.090     5.017     5.280   181.664     0.000     0.365     1.498
 138.6979167   417.178    18.882   102.770   228.034    25.583     0.218   113.010   412.794   291.347    66.086    79.066     6.127     6.853   222.345     0.000     0.366     1.406
 138.7187500   464.507    15.676   114.105   261.409    26.683     0.192   123.357   419.672   292.278    72.115    87.825     7.308     8.402   254.090     0.000     0.364     1.202
 138.7395833   529.759    16.744   130.530   301.060    27.706     0.215   137.185   425.861   293.275    80.096    98.984     8.724    10.164   292.160     0.000     0.364     1.329
 138.7604167   589.279    25.405   139.659   330.819    28.359     0.145   150.564   435.217   294.478    91.496   112.372     9.076    11.800   325.889     0.000     0.364     1.901
 138.7812500   647.328    26.162   161.824   357.052    28.284     0.125   163.405   444.204   295.583   100.646   124.267     9.851    13.770   352.551     0.000     0.364     1.644
 138.8020833   643.903    15.097   160.206   371.390    27.768     0.102   163.078   450.813   296.335    96.479   122.232    10.298    15.455   358.962     0.000     0.364     0.732
 138.8229167   684.305   -11.471   191.442   412.563    27.928     0.220   170.850   451.231   296.611    92.181   123.728    13.441    18.106   379.119     0.000     0.367    -0.411
 138.8437500   709.870     2.129   201.445   421.810    28.168     0.422   176.055   452.346   297.066    84.355   123.967    18.836    20.776   396.531     0.000     0.418     0.131
 138.8645833   683.820     4.923   171.594   430.715    28.251     0.437   171.206   455.626   297.454    76.537   117.998    19.605    21.856   407.565     0.000     0.418     0.050
 138.8854167   598.221     7.721   108.803   423.055    28.351     0.469   153.024   455.229   297.751    58.783    99.117    18.511    21.823   404.016     0.000     0.407    -0.140
 138.9062500   516.205     5.693    51.176   411.492    27.958     0.433   134.726   454.213   298.096    47.798    83.327    14.861    20.668   391.098     0.000     0.402     0.046
 138.9270833   492.371    18.814    34.692   390.057    27.485     0.398   128.966   454.478   298.413    48.514    80.477    12.183    19.780   383.859     0.000     0.400     0.294
 138.9479167   435.225    10.153    12.046   375.458    27.233     0.568   116.166   451.761   298.215    37.967    67.727    11.193    18.567   369.682     0.000     0.359    -0.398
 138.9687500   406.030     3.074    -2.541   372.328    26.999     0.600   110.481   449.819   298.098    33.481    62.031    10.745    17.805   359.027     0.000     0.355    -0.312
 138.9895833   320.646    12.874   -36.540   324.703    25.922     0.469    92.021   446.747   297.986    20.024    45.726     9.411    16.291   321.937     0.000     0.348    -0.415
 139.0104167   256.363    -3.967   -56.175   306.242    24.747     0.473    77.880   442.988   297.663    10.755    33.800     8.196    14.849   292.176     0.000     0.342    -0.491
 139.0312500   239.465   -13.197   -54.524   298.178    24.239     0.493    74.364   440.473   297.211     9.569    30.965     7.536    13.860   278.272     0.000     0.340    -0.562
 139.0520833   174.577   -21.658   -71.739   271.281    22.286     0.576    60.529   436.549   296.589    -2.467    18.027     7.269    13.226   245.950     0.000     0.341    -0.840
 139.0729167    95.240   -29.478   -70.816   211.998    18.325     0.565    43.002   431.506   295.594   -15.372     3.638     6.745    12.265   185.521     0.000     0.339    -1.091
 139.0937500    11.488   -39.424   -48.978   130.005    11.359     0.520    23.742   424.767   294.185   -28.703   -10.856     6.630    11.217   101.322     0.000     0.340    -1.412
 139.1145833   -50.559   -36.964   -27.551    53.203     4.287     0.501     8.378   417.517   292.743   -37.773   -20.818     6.755    10.201    28.772     0.000     0.342    -1.474
 139.1354167   -74.653   -25.942   -24.569    18.294     0.745     0.495     1.349   410.189   291.467   -40.970   -24.926     6.969     9.075     3.009     0.000     0.342    -1.466
 139.1562500   -76.843   -21.203   -29.839    15.675     0.042     0.477     0.070   404.066   290.491   -40.381   -25.265     7.003     8.113     1.577     0.000     0.340    -1.094
 139.1770833   -75.055   -17.888   -29.062    12.553    -0.000     0.494     0.000   399.162   289.585   -39.667   -25.093     7.163     7.412     1.424     0.000     0.341    -0.990
 139.1979167   -71.771   -12.703   -26.638     7.839    -0.000     0.441     0.000   394.401   288.763   -39.373   -25.273     7.377     6.723     1.246     0.000     0.339    -0.897
 139.2187500   -69.552   -10.184   -28.236     8.121    -0.000     0.503     0.000   391.050   288.186   -38.629   -24.885     7.578     6.166     1.128     0.000     0.342    -0.624
 139.2395833   -69.449    -7.501   -30.832     7.035    -0.000     0.533     0.000   388.318   287.736   -37.639   -24.462     7.515     5.662     1.036     0.000     0.343    -0.512
 139.2604167   -69.451    -4.644   -33.713     5.688     0.000     0.556     0.000   386.227   287.413   -36.415   -23.840     7.314     5.261     0.964     0.000     0.343    -0.368
 139.2812500   -69.221    -2.068   -37.302     5.143     0.000     0.588     0.000   384.861   287.244   -34.791   -22.919     6.978     4.894     0.914     0.000     0.344    -0.202
 139.3020833   -68.500    -2.398   -37.823     4.751     0.000     0.588     0.000   384.098   287.046   -32.813   -21.745     6.480     4.588     0.887     0.000     0.344    -0.217
 139.3229167   -65.607    -4.427   -32.376     4.067     0.000     0.509     0.000   382.184   286.678   -32.447   -21.648     6.495     4.304     0.813     0.000     0.341    -0.423
 139.3437500   -62.770    -1.920   -34.025     4.731    -0.000     0.378     0.000   380.620   286.495   -31.286   -21.214     6.069     4.003     0.756     0.000     0.331    -0.269
 139.3645833   -64.614    -2.543   -38.008     6.165    -0.000     0.338     0.000   379.687   286.447   -30.136   -20.857     5.499     3.780     0.738     0.000     0.322    -0.093
 139.3854167   -66.321    -2.319   -39.527     5.398    -0.000     0.349     0.000   378.911   286.203   -29.476   -20.563     5.262     3.652     0.724     0.000     0.322    -0.396
 139.4062500   -59.914    -7.404   -23.251     1.021     0.000     0.120     0.000   372.060   284.816   -28.668   -24.193     1.838     2.637     0.512     0.006     0.261    -1.613
 139.4270833   -55.073    -4.511   -18.998    -0.902    -0.000     0.071     0.000   366.965   284.024   -29.854   -26.536     1.307     2.011     0.351     0.003     0.261    -0.808
 139.4479167   -56.766    -3.226   -25.849     2.096    -0.000     0.094     0.000   366.192   284.042   -29.679   -26.698     1.315     1.666     0.303     0.000     0.261    -0.109
 139.4687500   -58.685   -11.226   -20.026     3.643    -0.000     0.089     0.000   363.593   283.425   -30.519   -27.700     1.373     1.447     0.236     0.000     0.261    -0.556
 139.4895833   -61.189    -0.389   -36.496     4.969    -0.000     0.147     0.000   364.621   283.949   -29.672   -26.706     1.607     1.359     0.271     0.000     0.261     0.399
 139.5104167   -62.553    -7.336   -29.820     3.747     0.012     0.163     0.020   364.934   283.644   -28.903   -25.694     1.801     1.407     0.305     0.000     0.261    -0.242
 139.5312500   -58.734   -10.808   -19.821     2.093     0.486     0.120     0.885   361.772   282.806   -29.507   -26.499     1.651     1.357     0.525     0.000     0.261    -0.691
 139.5520833   -38.068     0.978   -13.047     0.494     3.524     0.083     7.473   360.507   282.683   -26.696   -23.912     1.533     1.251     3.923     0.000     0.261     0.202
 139.5729167     6.518    29.636   -10.280     0.594     9.590     0.066    20.060   366.815   284.000   -15.393   -12.649     1.498     1.246    14.989     0.000     0.261     1.960
 139.5937500    59.029    22.299    -4.232    41.468    14.277     0.113    33.762   376.949   285.742    -2.277     3.051     3.469     1.859    41.334     0.000     0.325     1.772
 139.6145833   142.025    38.554    16.236    70.948    18.307     0.225    53.427   386.014   287.340    14.339    21.979     4.963     2.677    81.735     0.000     0.377     1.949
 139.6354167   220.997    38.809    22.529   123.289    21.169     0.360    71.107   396.271   289.305    34.092    41.091     3.631     3.368   127.920     0.000     0.407     2.278
 139.6562500   300.287    24.598    49.106   175.033    23.392     0.413    88.693   405.243   290.634    49.868    57.825     3.509     4.448   174.458     0.000     0.391     1.682
 139.6770833   379.893    20.241    82.093   215.609    25.156     0.435   106.215   412.108   291.649    60.651    71.958     5.366     5.941   214.086     0.000     0.396     1.300
 139.6979167   449.753    33.694    94.212   247.299    26.818     0.308   121.622   421.254   292.959    72.522    86.370     6.496     7.352   253.037     0.000     0.391     2.027
 139.7187500   507.650    22.657   115.279   283.922    27.833     0.139   134.593   431.236   293.941    84.354    99.245     6.381     8.511   282.647     0.000     0.364     1.439
 139.7395833   571.522     3.498   143.002   342.041    28.579     0.354   147.196   433.424   294.645    82.716   104.729    10.734    11.280   323.889     0.000     0.402     0.266
 139.7604167   625.842    13.681   154.540   368.896    28.938     0.534   158.518   438.887   295.583    87.573   113.994    13.043    13.378   354.741     0.000     0.390     1.153
 139.7812500   665.155     7.797   173.958   392.494    28.835     0.547   166.804   444.289   296.354    89.957   120.294    14.841    15.496   372.995     0.000     0.389     0.949
 139.8020833   687.650    12.735   182.590   401.094    28.440     0.492   171.495   450.066   297.118    90.252   123.890    16.142    17.497   384.728     0.000     0.403     0.980
 139.8229167   698.538    11.629   182.066   410.325    27.805     0.312   174.173   456.781   297.753    93.719   126.265    14.023    18.524   393.338     0.000     0.388     0.800
 139.8437500   668.571    -1.718   152.250   437.785    27.962     0.385   167.886   459.719   298.275    79.860   116.686    16.281    20.545   407.272     0.000     0.411     0.394
 139.8645833   665.428    20.186   143.635   413.703    26.382     0.197   168.472   467.129   299.017    86.515   120.579    13.186    20.879   401.128     0.000     0.366     1.389
 139.8854167   627.886    10.491   133.544   408.060    26.209     0.165   160.457   467.422   299.307    75.835   110.368    13.054    21.480   392.579     0.000     0.364    -0.043
 139.9062500   591.564    -3.715   104.905   426.416    26.641     0.208   152.415   465.772   299.539    64.224    99.662    13.448    21.989   397.190     0.000     0.364    -0.266
 139.9270833   550.995     7.357    69.456   420.817    26.960     0.308   143.820   464.998   299.621    53.947    90.118    13.851    22.321   405.118     0.000     0.405    -0.582
 139.9479167   492.227    27.145    37.003   384.097    27.275     0.437   130.692   463.099   299.468    44.345    77.964    12.988    20.632   392.241     0.000     0.392    -0.363
 139.9687500   418.121    -5.242     1.488   391.548    27.061     0.531   114.013   458.338   299.090    30.995    61.999    11.841    19.163   372.351     0.000     0.362    -0.668
 139.9895833   361.804     1.440   -16.752   355.922    26.499     0.571   101.384   453.491   298.661    21.875    50.552    11.006    17.671   345.781     0.000     0.353    -0.681
 140.0104167   266.365     5.307   -46.944   302.278    25.046     0.500    80.038   447.511   298.213     6.468    31.889     9.752    15.669   297.862     0.000     0.344    -0.745
 140.0312500   201.238     0.188   -62.574   264.754    23.321     0.492    64.959   443.957   297.834    -0.551    21.251     8.162    13.639   256.816     0.000     0.338    -0.580
 140.0520833   109.763   -20.566   -66.648   210.607    18.757     0.451    43.900   440.028   297.244   -12.907     5.849     6.734    12.021   186.967     0.000     0.332    -0.723
 140.0729167    40.563   -33.310   -59.019   154.730    12.998     0.480    27.741   436.134   296.371   -20.954    -4.151     5.651    11.152   124.092     0.000     0.338    -0.883
 140.0937500    -3.956   -29.302   -39.700    92.958     8.646     0.408    17.679   429.865   295.166   -26.663   -11.326     5.345     9.992    72.231     0.000     0.333    -1.250
 140.1145833   -47.769   -30.631   -32.742    48.781     4.036     0.452     7.936   424.353   294.131   -32.090   -17.604     5.334     9.152    25.692     0.000     0.338    -1.085
 140.1354167   -73.453   -31.570   -28.084    23.407     0.804     0.483     1.461   418.010   292.867   -35.777   -21.850     5.561     8.366     3.085     0.000     0.341    -1.428
 140.1562500   -74.185   -28.316   -25.667    18.391     0.049     0.511     0.083   410.973   291.644   -37.298   -23.394     6.281     7.622     1.588     0.000     0.343    -1.294
 140.1770833   -65.427   -22.329   -21.427    15.937    -0.000     0.547     0.000   405.882   290.698   -36.591   -22.901     6.706     6.984     1.429     0.000     0.345    -1.018
 140.1979167   -72.082   -21.099   -28.311    16.146    -0.000     0.523     0.000   400.538   289.873   -37.829   -24.336     7.032     6.462     1.277     0.000     0.343    -0.989
 140.2187500   -73.682   -19.789   -31.152    15.605    -0.000     0.543     0.000   396.614   289.152   -37.575   -24.420     7.098     6.058     1.193     0.000     0.343    -0.770
 140.2395833   -68.230   -17.800   -24.959    12.992    -0.000     0.553     0.000   392.613   288.412   -37.662   -24.453     7.515     5.694     1.092     0.000     0.345    -0.801
 140.2604167   -68.725   -13.714   -30.537    13.044    -0.000     0.531     0.000   389.647   287.961   -36.996   -24.238     7.420     5.337     1.032     0.000     0.343    -0.522
 140.2812500   -67.289   -11.299   -30.796    11.347    -0.000     0.529     0.000   387.299   287.577   -36.112   -23.697     7.295     5.120     1.001     0.000     0.343    -0.430
 140.3020833   -66.412    -6.629   -31.786     7.173    -0.000     0.536     0.000   385.625   287.248   -34.808   -22.936     7.039     4.833     0.960     0.000     0.343    -0.362
 140.3229167   -66.082    -9.931   -29.079     8.153    -0.000     0.550     0.000   383.373   286.793   -34.734   -23.003     7.148     4.582     0.900     0.000     0.344    -0.491
 140.3437500   -63.510   -11.125   -27.077     9.590     0.000     0.585     0.000   381.336   286.371   -34.459   -22.790     7.293     4.377     0.854     0.000     0.345    -0.439
 140.3645833   -60.656   -11.111   -25.014    10.211    -0.000     0.583     0.000   379.261   285.994   -34.337   -22.653     7.435     4.249     0.826     0.000     0.345    -0.406
 140.3854167   -57.829    -4.597   -26.752     6.999    -0.000     0.574     0.000   377.968   285.835   -33.305   -21.934     7.281     4.089     0.808     0.000     0.345    -0.174
 140.4062500   -51.272    -1.027   -24.023     4.738     0.000     0.469     0.000   377.642   285.753   -30.902   -20.276     6.716     3.909     0.806     0.000     0.342    -0.058
 140.4270833   -42.651    -0.635   -15.548     2.545     0.000     0.284     0.000   376.773   285.515   -28.766   -19.162     5.940     3.664     0.767     0.000     0.328    -0.246
 140.4479167   -48.440    -2.785   -22.716     6.291    -0.000     0.290     0.000   375.640   285.476   -29.094   -19.804     5.795     3.495     0.731     0.000     0.324    -0.137
 140.4687500   -48.986    -3.770   -27.480     9.903    -0.000     0.317     0.000   375.912   285.639   -27.835   -18.780     5.548     3.507     0.779     0.000     0.326     0.197
 140.4895833   -41.841    -0.522   -20.794     4.951    -0.000     0.383     0.000   377.035   285.681   -25.589   -16.660     5.377     3.552     0.833     0.000     0.338     0.112
 140.5104167   -43.328    -3.209   -16.994     3.119     0.011     0.374     0.019   376.217   285.373   -25.866   -16.977     5.414     3.474     0.806     0.000     0.339    -0.378
 140.5312500   -45.223    -7.916   -10.764     0.996     0.409     0.169     0.740   371.385   284.094   -26.266   -19.858     3.493     2.915     1.012     0.000     0.288    -1.273
 140.5520833   -27.515     3.743   -14.493     5.693     2.754     0.122     5.475   368.844   284.132   -22.575   -18.989     1.446     2.140     7.150     0.000     0.261     0.116
 140.5729167    -3.177    15.347   -12.650    10.497     6.513     0.121    12.168   370.893   284.580   -17.028   -13.713     1.408     1.906    19.137     0.000     0.263     0.657
 140.5937500    25.224     5.780   -14.206    45.498    10.227     0.258    19.997   375.615   285.635   -12.897    -5.782     4.503     2.612    39.278     0.000     0.325     1.049
 140.6145833    86.809    22.414    -3.721    67.949    14.924     0.371    35.036   380.682   286.626    -1.157     7.461     5.417     3.201    72.172     0.000     0.355     1.324
 140.6354167   192.365    40.586    18.020   108.022    19.493     0.377    60.383   390.646   288.358    23.580    31.682     4.535     3.567   118.141     0.000     0.385     2.157
 140.6562500   280.218    47.625    31.616   153.308    22.729     0.285    81.509   403.286   290.320    45.188    53.601     3.987     4.426   165.686     0.000     0.385     2.481
 140.6770833   357.826    44.258    48.827   199.262    25.008     0.151    99.509   415.226   292.285    62.780    71.516     3.452     5.284   207.920     0.000     0.364     2.699
 140.6979167   430.746    23.708    65.032   263.060    26.517     0.097   116.140   426.271   293.829    76.980    87.205     3.416     6.809   255.945     0.000     0.364     1.966
 140.7187500   486.083     1.349    85.454   316.703    27.396     0.113   128.324   433.302   294.619    81.799    95.645     5.012     8.834   296.580     0.000     0.364     0.778
 140.7395833   538.855   -14.862   100.358   373.360    27.906     0.214   139.320   435.219   295.083    79.664    99.653     8.146    11.843   339.752     0.000     0.369     0.335
 140.7604167   593.655    17.524   123.280   369.148    28.266     0.277   150.888   439.261   295.753    82.697   107.037    10.492    13.848   362.615     0.000     0.393     1.007
 140.7812500   641.935    26.514   139.660   381.706    28.016     0.216   161.706   447.441   296.856    92.231   118.152    10.731    15.190   376.083     0.000     0.366     1.823
 140.8020833   670.970    15.085   150.177   402.072    26.309     0.120   169.104   459.103   298.204   101.608   128.412     9.887    16.917   379.620     0.000     0.364     2.028
 140.8229167   685.668   -16.090   155.287   449.104    25.653     0.157   172.482   465.178   298.890    97.121   128.425    11.267    20.037   402.148     0.000     0.364     0.245
 140.8437500   686.608     4.135   146.576   445.584    25.484     0.208   172.760   469.406   299.357    90.032   125.221    12.869    22.320   420.199     0.000     0.364     0.280
 140.8645833   669.684     9.381   132.424   445.060    25.362     0.218   169.349   471.945   299.672    82.784   119.611    13.446    23.381   426.128     0.000     0.364     0.035
 140.8854167   657.472     1.199   117.525   465.537    25.975     0.342   166.593   471.810   299.807    73.715   113.344    15.177    24.452   440.812     0.000     0.393    -0.503
 140.9062500   622.106    13.661    87.242   460.749    26.428     0.498   159.134   471.372   299.960    60.541   104.922    18.985    25.397   446.561     0.000     0.409    -0.088
 140.9270833   579.113    10.451    61.065   453.021    26.615     0.509   149.974   469.866   300.046    54.678    95.848    16.854    24.317   437.748     0.000     0.397    -0.102
 140.9479167   528.011     6.495    29.079   445.188    26.300     0.438   139.146   469.657   300.248    47.277    86.155    15.303    23.575   424.994     0.000     0.412    -0.027
 140.9687500   469.961    13.214    -8.519   424.942    26.146     0.427   126.577   468.154   300.388    40.455    75.201    12.558    22.188   413.439     0.000     0.402    -0.131
 140.9895833   401.702    21.652   -37.898   386.749    25.849     0.389   111.384   464.897   300.408    31.441    61.764    10.161    20.162   387.141     0.000     0.377    -0.243
 141.0104167   328.194    46.020   -45.941   306.712    25.394     0.265    94.539   459.880   299.943    21.871    47.180     8.033    17.276   337.678     0.000     0.344    -0.468
 141.0312500   253.131   -48.344   -77.973   369.519    24.248     0.362    77.504   453.705   299.977    10.527    31.809     6.367    14.914   308.215     0.000     0.320    -0.599
 141.0520833   167.557   -31.631  -138.964   342.054    21.794     0.657    59.678   451.387   299.729    -3.469    18.416     5.841    16.045   299.338     0.000     0.337    -0.433
 141.0729167    81.491   -11.674  -135.052   241.947    17.218     0.675    40.981   447.890   299.022   -13.053     6.012     4.354    14.712   226.309     0.000     0.338    -0.677
 141.0937500    -7.297   -12.492   -89.951   118.489     9.404     0.542    20.438   443.955   298.111   -22.599    -6.360     3.257    12.981   107.123     0.000     0.334    -0.744
 141.1145833   -57.026   -15.948   -55.962    42.103     3.794     0.482     7.768   439.888   297.138   -26.301   -12.286     2.496    11.519    29.972     0.000     0.335    -0.918
 141.1354167   -77.163   -14.930   -44.163    11.849     0.749     0.414     1.365   433.852   295.973   -28.535   -15.845     2.449    10.241     3.839     0.000     0.330    -1.384
 141.1562500   -76.608    -8.786   -42.734     4.975     0.045     0.329     0.077   427.066   294.876   -28.752   -17.281     2.594     8.877     2.440     0.000     0.316    -1.311
 141.1770833   -70.960   -14.306   -27.856     2.219    -0.000     0.201     0.000   418.323   292.947   -28.835   -20.270     1.664     6.902     1.983     0.000     0.279    -2.182
 141.1979167   -65.335   -10.623   -22.383    -0.637     0.000     0.129     0.000   408.071   291.564   -30.183   -24.700     0.773     4.710     1.504     0.000     0.261    -1.509
 141.2187500   -62.419    -8.639   -25.553     3.256    -0.000     0.105     0.000   402.332   290.730   -30.485   -26.001     0.835     3.648     1.229     0.000     0.261    -0.999
 141.2395833   -62.328    -8.135   -29.312     5.900    -0.000     0.100     0.000   398.650   290.349   -30.220   -26.342     0.918     2.960     1.072     0.000     0.261    -0.561
 141.2604167   -64.225    -8.042   -34.165     7.242    -0.000     0.124     0.000   397.661   290.166   -28.955   -25.288     1.068     2.599     1.045     0.000     0.261    -0.306
 141.2812500   -62.914   -11.683   -25.240     4.372     0.000     0.090     0.000   393.323   289.320   -29.485   -26.114     1.051     2.321     0.909     0.000     0.261    -0.878
 141.3020833   -65.708    -6.310   -36.843     6.061    -0.000     0.141     0.000   392.655   289.473   -28.725   -25.405     1.177     2.143     0.886     0.000     0.261     0.108
 141.3229167   -75.282     5.751   -76.620    18.501     0.000     0.349     0.000   398.234   291.563   -25.555   -19.974     2.289     3.291     1.175     0.000     0.294     2.640
 141.3437500   -86.751    -4.695   -72.141     8.960    -0.000     0.712     0.000   405.574   291.439   -18.859   -12.890     1.253     4.716     1.563     0.000     0.343    -0.015
 141.3645833   -88.165   -10.014   -65.798     9.169    -0.000     0.562     0.000   403.520   290.944   -20.886   -14.423     1.686     4.777     1.512     0.000     0.338    -0.636
 141.3854167   -86.548    -9.467   -54.196     2.472    -0.000     0.411     0.000   398.958   290.044   -24.271   -17.162     2.684     4.425     1.297     0.000     0.326    -1.085
 141.4062500   -82.595   -15.069   -42.544     3.562    -0.000     0.278     0.000   393.266   288.614   -26.859   -20.082     2.897     3.880     1.061     0.000     0.300    -1.684
 141.4270833   -72.666   -14.573   -23.970    -2.128     0.000     0.142     0.000   382.245   286.846   -30.132   -26.175     1.279     2.678     0.657     0.000     0.261    -1.864
 141.4479167   -70.225    -5.101   -34.631     0.987    -0.000     0.145     0.000   378.280   286.437   -30.919   -27.552     1.333     2.034     0.486     0.000     0.261    -0.562
 141.4687500   -69.980    -9.627   -31.916     3.259     0.000     0.134     0.000   375.720   285.786   -30.965   -27.827     1.464     1.674     0.400     0.000     0.261    -0.731
 141.4895833   -67.053   -14.969   -20.425     2.769    -0.000     0.074     0.000   369.100   284.376   -33.024   -30.324     1.350     1.350     0.218     0.000     0.261    -1.405
 141.5104167   -68.679    -4.379   -41.136     9.779     0.023     0.101     0.039   367.195   285.038   -33.263   -30.812     1.377     1.074     0.162     0.000     0.261     0.319
 141.5312500   -80.912    -5.925  -101.048    48.019     0.634     0.351     1.198   378.804   288.681   -26.262   -21.713     2.579     1.969     1.867     0.000     0.291     4.304
 141.5520833   -67.458   -20.736   -80.093    47.757     4.061     0.590     9.086   389.184   288.701   -14.551    -9.546     1.002     4.003    22.449     0.000     0.338     0.165
 141.5729167   -10.356    -7.089   -92.975    97.717    10.787     0.553    23.295   389.819   289.386    -8.738    -2.632     1.509     4.598    75.434     0.000     0.334     0.729
 141.5937500    58.876     2.356  -127.620   174.566    16.396     0.932    41.113   397.127   290.833     7.856    13.474    -0.288     5.906   148.976     0.000     0.345     1.717
 141.6145833   137.258     8.291  -123.332   227.730    19.870     1.267    59.458   404.235   291.844    23.299    29.786    -0.890     7.377   213.136     0.000     0.348     1.269
 141.6354167   219.823     1.516   -95.605   278.565    22.148     1.447    77.840   409.599   292.447    34.489    44.727     1.438     8.800   262.046     0.000     0.349     0.858
 141.6562500   302.417    -2.303   -61.210   323.094    23.765     1.588    95.934   413.597   292.999    42.050    58.576     6.045    10.482   301.842     0.000     0.350     0.786
 141.6770833   381.563    12.725   -35.025   350.086    25.181     1.491   113.219   419.142   293.880    52.639    73.175     8.562    11.974   337.323     0.000     0.350     1.138
 141.6979167   453.640    16.883    -3.821   377.804    26.333     1.521   128.547   425.645   294.830    61.575    86.474    11.391    13.508   366.681     0.000     0.350     1.198
 141.7187500   515.311     8.306    11.058   427.880    27.386     1.702   141.868   432.988   295.700    67.040    98.191    15.597    15.554   407.248     0.000     0.350     1.027
 141.7395833   566.756    10.882    33.950   451.001    27.896     1.812   152.352   439.365   296.437    70.004   107.422    19.856    17.561   433.093     0.000     0.351     0.919
 141.7604167   606.487     6.148    54.584   471.616    28.023     1.730   160.266   444.834   297.117    73.278   114.359    21.861    19.221   448.219     0.000     0.351     0.861
 141.7812500   645.961    -6.589    79.761   496.782    27.676     1.741   168.770   449.509   297.724    75.195   121.483    24.827    21.461   459.624     0.000     0.351     0.812
 141.8020833   687.196    -1.224   113.389   497.611    27.087     1.814   177.268   453.627   298.272    76.669   128.993    28.698    23.626   464.527     0.000     0.351     0.750
 141.8229167   707.007     1.398   126.824   501.781    26.536     1.772   181.528   457.486   298.795    76.386   132.213    30.343    25.484   469.749     0.000     0.351     0.618
 141.8437500   708.282     4.111   127.175   501.253    26.080     1.602   182.027   460.934   299.203    75.306   131.244    29.169    26.768   472.323     0.000     0.352     0.437
 141.8645833   697.094     1.410   117.793   506.723    25.905     1.489   180.666   463.136   299.526    70.867   127.401    28.668    27.867   475.339     0.000     0.352     0.302
 141.8854167   673.608     2.657    96.565   508.757    25.733     1.458   177.701   464.772   299.946    65.240   122.115    28.167    28.708   476.351     0.000     0.352     0.388
 141.9062500   633.276     3.342    59.025   511.098    25.609     1.346   170.694   466.339   300.301    59.620   113.771    25.167    28.984   479.978     0.000     0.352     0.191
 141.9270833   585.860     5.965    22.101   507.116    25.560     1.368   161.565   466.756   300.540    50.588   103.895    24.228    29.079   480.307     0.000     0.352     0.090
 141.9479167   535.932     8.357   -17.051   500.117    25.544     1.285   151.094   466.885   300.647    44.652    94.110    21.152    28.306   478.251     0.000     0.351    -0.143
 141.9687500   472.521     2.934   -56.950   491.847    25.368     1.262   137.875   465.560   300.615    34.992    81.498    19.137    27.369   467.612     0.000     0.351    -0.302
 141.9895833   400.735     2.143  -102.956   476.628    25.102     1.223   122.275   463.484   300.566    25.246    67.775    16.489    26.039   453.199     0.000     0.350    -0.326
 142.0104167   321.408     0.523  -153.479   458.907    24.598     1.172   105.056   461.134   300.485    15.888    53.542    13.136    24.519   435.747     0.000     0.349    -0.431
 142.0312500   237.267    -1.873  -195.361   428.856    23.762     1.076    86.321   457.658   300.310     6.126    38.191     9.487    22.578   406.731     0.000     0.347    -0.482
 142.0520833   154.069    -6.472  -233.743   398.601    22.191     1.069    67.358   454.205   300.048    -3.799    23.991     6.766    21.024   374.777     0.000     0.346    -0.518
 142.0729167    71.419    -3.789  -234.138   321.998    18.776     0.982    48.158   449.779   299.633   -12.199    10.619     3.821    18.996   305.331     0.000     0.343    -0.453
 142.0937500    -9.456   -15.965  -187.290   214.167    12.686     0.826    29.155   444.921   298.957   -19.860    -1.286     1.646    16.928   191.647     0.000     0.340    -0.507
 142.1145833   -78.399   -14.789  -119.525    83.164     5.849     0.707    12.674   441.494   297.787   -26.312   -10.056     0.788    15.468    71.209     0.000     0.339    -0.938
 142.1354167  -114.795    -5.549   -82.470     7.038     1.171     0.656     2.266   434.364   296.448   -32.376   -17.106     1.442    13.828     8.225     0.000     0.340    -1.437
 142.1562500  -118.425   -10.260   -91.139    13.971     0.071     0.754     0.122   430.006   295.613   -30.101   -16.409     1.035    12.658     3.843     0.000     0.343    -0.895
 142.1770833  -113.326   -21.555   -74.850    17.236     0.000     0.526     0.000   422.146   294.260   -32.455   -18.872     2.017    11.566     3.437     0.000     0.333    -1.702
 142.1979167  -108.329   -16.950   -78.929    22.131     0.000     0.371     0.000   415.566   293.580   -33.561   -20.507     2.459    10.596     3.166     0.000     0.311    -1.020
 142.2187500  -109.251    -2.986  -104.375    25.686    -0.000     0.431     0.000   416.248   294.339   -28.532   -16.802     1.414    10.316     3.301     0.000     0.315     0.957
 142.2395833  -112.860    -0.206  -110.568    19.016    -0.000     0.610     0.000   419.436   294.700   -21.716   -11.924    -0.751    10.542     3.538     0.000     0.335     0.614
 142.2604167  -116.516     3.674  -120.607    16.265     0.000     0.898     0.000   422.695   295.072   -16.401    -8.359    -2.916    10.958     3.738     0.000     0.344     0.553
 142.2812500  -118.216     3.630  -122.003    13.130    -0.000     1.206     0.000   424.239   295.186   -13.183    -6.907    -5.108    11.384     3.805     0.000     0.347     0.210
 142.3020833  -119.201    -0.354  -120.786    13.621    -0.000     1.406     0.000   424.724   295.056   -11.594    -6.477    -6.380    11.497     3.825     0.000     0.348    -0.088
 142.3229167  -118.768    -2.762  -111.115     9.517     0.000     1.536     0.000   422.663   294.512   -13.846    -7.931    -5.473    11.388     3.687     0.000     0.349    -0.562
 142.3437500  -117.460    -3.745  -106.345     9.838     0.000     1.533     0.000   419.642   293.965   -16.609    -9.460    -3.813    10.962     3.494     0.000     0.349    -0.598
 142.3645833  -115.808    -4.867  -103.889    11.474    -0.000     1.482     0.000   416.990   293.489   -18.005   -10.224    -2.785    10.567     3.346     0.000     0.349    -0.521
 142.3854167  -114.422    -5.661  -100.036    11.056     0.000     1.496     0.000   414.341   292.969   -19.221   -10.959    -1.928    10.191     3.203     0.000     0.349    -0.560
 142.4062500  -113.291    -5.733   -96.669    10.445     0.000     1.493     0.000   411.470   292.438   -20.755   -11.848    -0.917     9.824     3.058     0.000     0.349    -0.578
 142.4270833  -112.691    -2.691   -95.675     7.936    -0.000     1.507     0.000   408.827   291.980   -21.760   -12.510    -0.166     9.416     2.913     0.000     0.349    -0.501
 142.4479167  -112.998    -1.972   -96.858     8.317     0.000     1.537     0.000   406.654   291.628   -22.094   -12.881     0.213     9.001     2.787     0.000     0.349    -0.391
 142.4687500  -114.043    -4.305   -97.952    10.633    -0.000     1.548     0.000   404.907   291.300   -22.053   -13.062     0.297     8.694     2.704     0.000     0.349    -0.366
 142.4895833  -114.660    -2.672   -98.159     9.119    -0.000     1.545     0.000   402.959   291.003   -22.612   -13.494     0.686     8.431     2.616     0.000     0.349    -0.336
 142.5104167  -114.300     0.098   -98.173     6.019     0.027     1.469     0.045   401.647   290.710   -21.881   -13.344     0.488     8.048     2.535     0.000     0.349    -0.362
 142.5312500  -107.973    -1.661   -91.694     8.155     0.685     1.052     1.315   399.007   290.377   -22.355   -13.847     1.090     7.418     4.075     0.000     0.347    -0.418
 142.5520833   -79.239     1.851  -101.004    37.934     4.251     1.079     9.818   398.401   290.377   -18.002    -9.788     0.937     7.277    32.463     0.000     0.347    -0.016
 142.5729167   -16.680     6.758  -119.054   105.833    11.210     1.150    24.675   398.062   290.458   -10.250    -1.627     1.386     7.237   103.986     0.000     0.347     0.033
 142.5937500    59.918    10.972  -122.124   169.542    16.595     1.227    42.082   399.655   290.828     1.019    10.654     2.236     7.399   167.490     0.000     0.348     0.510
 142.6145833   142.214    10.218  -106.936   224.297    19.815     1.436    60.387   403.397   291.404    13.823    25.663     3.786     8.054   217.689     0.000     0.349     0.813
 142.6354167   226.126    10.956   -79.262   267.560    21.993     1.570    78.528   407.951   292.038    25.993    41.237     6.268     8.976   259.809     0.000     0.349     0.879
 142.6562500   308.505    13.915   -45.045   301.652    23.694     1.532    95.995   412.711   292.697    37.074    56.120     9.064     9.983   295.451     0.000     0.350     0.909
 142.6770833   384.268    14.445   -11.852   333.388    25.112     1.410   112.252   417.882   293.426    47.305    69.672    11.332    11.035   325.609     0.000     0.350     0.983
 142.6979167   450.822     7.407    17.380   370.761    26.187     1.451   126.660   423.306   294.197    54.289    81.491    14.597    12.605   353.783     0.000     0.350     0.985
 142.7187500   503.834     5.860    33.419   405.635    27.035     1.603   138.442   429.037   294.993    57.968    91.254    18.827    14.459   384.793     0.000     0.351     0.952
 142.7395833   556.333    12.286    45.682   432.299    27.785     1.560   150.059   435.702   295.821    65.030   101.717    20.556    16.131   415.778     0.000     0.351     1.035
 142.7604167   624.367     8.691    82.803   456.867    28.079     1.466   164.739   442.555   296.591    74.974   114.960    22.101    17.884   435.999     0.000     0.352     1.031
 142.7812500   668.068    -2.872   114.603   480.362    27.778     1.556   174.129   447.642   297.179    75.198   122.265    26.810    20.257   448.331     0.000     0.352     0.777
 142.8020833   697.095     0.336   134.064   486.462    27.362     1.500   180.390   451.854   297.656    75.588   126.938    29.094    22.256   457.362     0.000     0.352     0.646
 142.8229167   708.036     1.895   142.437   488.396    26.817     1.414   182.911   455.413   298.257    74.594   127.932    29.464    23.875   457.318     0.000     0.353     0.715
 142.8437500   709.690    -0.928   136.581   501.268    26.268     1.439   183.748   459.384   298.900    72.128   128.045    30.370    25.546   464.955     0.000     0.352     0.641
 142.8645833   698.521     4.614   125.775   500.041    25.910     1.463   181.849   462.478   299.430    67.637   125.107    30.725    26.745   469.707     0.000     0.352     0.454
 142.8854167   675.191     5.598   102.705   503.138    25.681     1.426   177.594   465.200   299.962    63.246   119.974    29.235    27.494   473.277     0.000     0.352     0.505
 142.9062500   635.967     2.952    68.447   507.239    25.547     1.362   170.106   467.012   300.339    57.081   111.646    26.771    27.795   476.619     0.000     0.352     0.248
 142.9270833   587.237    -4.373    31.337   512.309    25.483     1.371   160.844   467.141   300.491    48.008   101.600    25.596    27.996   477.514     0.000     0.352    -0.044
 142.9479167   537.264    -1.858    -3.400   503.317    25.407     1.409   150.972   466.147   300.507    39.396    91.717    24.625    27.696   473.352     0.000     0.351    -0.192
 142.9687500   474.341    -1.383   -44.330   490.094    25.175     1.402   137.188   464.518   300.439    30.221    79.406    22.491    26.694   463.014     0.000     0.351    -0.260
 142.9895833   402.514    -0.992   -91.741   476.880    24.914     1.512   121.305   461.944   300.311    18.764    65.906    21.533    25.609   451.997     0.000     0.350    -0.397
 143.0104167   324.401     7.283  -141.371   447.630    24.484     1.439   104.097   459.422   300.136    11.339    52.262    17.090    23.833   433.412     0.000     0.349    -0.480
 143.0312500   243.925    10.930  -183.159   414.525    23.808     1.378    85.742   455.991   299.840     2.237    37.544    13.550    21.756   407.841     0.000     0.349    -0.609
 143.0520833   161.968     8.126  -215.028   375.261    22.304     1.279    67.045   452.363   299.437    -5.729    23.389     9.570    19.548   369.554     0.000     0.348    -0.662
 143.0729167    79.470    -0.732  -210.348   305.573    18.930     1.095    48.004   446.742   298.941   -14.511     8.925     6.224    17.212   295.162     0.000     0.346    -0.512
 143.0937500    -2.393   -11.732  -179.228   209.702    12.812     1.156    29.263   443.825   298.514   -20.955    -1.362     3.596    15.997   188.935     0.000     0.346    -0.180
 143.1145833   -70.030   -14.204  -120.171    90.449     6.075     1.059    13.149   441.352   297.767   -25.519    -9.221     1.678    14.620    73.322     0.000     0.347    -0.584
 143.1354167  -110.522   -12.833   -91.817    23.087     1.360     0.997     2.647   437.706   296.963   -28.074   -13.901     0.784    13.389     9.213     0.000     0.347    -0.884
 143.1562500  -117.210   -10.367   -97.404    18.367     0.102     1.017     0.176   433.334   296.410   -27.172   -14.294     0.421    12.457     4.002     0.000     0.347    -0.635
 143.1770833  -116.975    -6.008  -108.717    20.984     0.000     1.097     0.000   431.877   296.354   -23.186   -12.133    -0.937    11.990     3.970     0.000     0.347    -0.048
 143.1979167  -116.925    -2.770  -111.920    16.727    -0.000     1.296     0.000   431.930   296.234   -18.871    -9.843    -2.868    11.895     4.010     0.000     0.348    -0.091
 143.2187500  -116.985    -4.467  -103.111    10.364     0.000     1.367     0.000   429.640   295.613   -19.099   -10.280    -2.680    11.499     3.866     0.000     0.349    -0.671
 143.2395833  -115.808    -8.448   -93.327     9.230    -0.000     1.272     0.000   425.070   294.716   -22.265   -12.283    -0.849    10.831     3.592     0.000     0.348    -0.999
 143.2604167  -114.297   -10.038   -88.006     9.725     0.000     1.131     0.000   419.958   293.818   -24.958   -14.207     0.702    10.049     3.306     0.000     0.348    -1.019
 143.2812500  -113.302   -10.776   -83.756     9.122    -0.000     0.979     0.000   414.937   292.903   -26.856   -15.903     1.679     9.273     3.050     0.000     0.347    -1.036
 143.3020833  -112.246    -9.174   -82.843     9.335    -0.000     0.923     0.000   410.003   292.176   -28.761   -17.521     2.648     8.593     2.798     0.000     0.346    -0.803
 143.3229167  -112.240    -6.617   -90.934    13.363    -0.000     1.028     0.000   407.913   291.904   -27.773   -16.808     2.625     8.339     2.725     0.000     0.347    -0.280
 143.3437500  -112.186    -5.938   -91.716    12.236     0.000     1.088     0.000   406.444   291.618   -26.458   -16.066     2.305     8.088     2.676     0.000     0.347    -0.310
 143.3645833  -111.811    -6.728   -90.215    11.638    -0.000     1.106     0.000   404.625   291.260   -26.114   -15.951     2.312     7.851     2.615     0.000     0.348    -0.393
 143.3854167  -111.042    -4.518   -91.616    11.168     0.000     1.081     0.000   402.783   291.036   -25.797   -15.942     2.312     7.542     2.542     0.000     0.347    -0.278
 143.4062500  -110.968    -1.984   -97.169    12.034     0.000     0.984     0.000   402.220   291.047   -23.820   -15.041     1.464     7.315     2.544     0.000     0.346    -0.028
 143.4270833  -111.167    -2.292   -94.827     8.680    -0.000     1.016     0.000   401.884   290.839   -22.539   -14.330     1.041     7.169     2.532     0.000     0.347    -0.189
 143.4479167  -110.195    -6.232   -89.528     9.878     0.000     1.146     0.000   399.964   290.463   -23.938   -14.975     1.860     7.103     2.447     0.000     0.348    -0.375
 143.4687500  -109.125    -4.270   -92.713    11.253    -0.000     1.217     0.000   399.059   290.308   -23.233   -14.490     1.742     7.002     2.426     0.000     0.348    -0.162
 143.4895833  -108.010    -4.935   -89.358     9.680    -0.000     1.175     0.000   397.775   290.019   -23.060   -14.500     1.752     6.809     2.380     0.000     0.348    -0.336
 143.5104167  -105.409    -4.444   -87.218     9.780     0.042     1.034     0.070   396.035   289.791   -23.269   -14.809     1.898     6.562     2.317     0.000     0.347    -0.257
 143.5312500   -94.152     3.743   -87.923    10.137     0.716     1.101     1.358   396.406   290.024   -20.453   -12.510     1.452     6.491     3.886     0.000     0.348     0.344
 143.5520833   -60.316    10.380   -86.940    28.283     3.464     1.165     7.446   399.207   290.514   -12.614    -6.183    -0.054     6.485    24.557     0.000     0.348     0.575
 143.5729167   -28.545    12.626   -90.610    56.224     6.390     1.167    12.699   401.322   290.936    -7.211    -1.175    -0.507     6.543    55.685     0.000     0.348     0.425
 143.5937500     0.812    15.575  -103.373    89.497     9.423     1.159    18.816   403.823   291.511    -1.445     4.217    -0.903     6.565    89.468     0.000     0.348     0.558
 143.6145833    14.872    13.249  -121.549   120.125    11.835     1.124    24.251   406.224   292.028     2.620     8.039    -1.245     6.664   118.496     0.000     0.347     0.427
 143.6354167    97.218    16.744  -143.018   206.414    18.406     1.182    46.752   408.330   292.723    16.247    22.881    -0.378     7.011   205.397     0.000     0.347     0.831
 143.6562500   255.744    26.887  -114.917   297.350    23.198     1.251    83.498   416.259   294.167    44.533    53.210     0.690     7.987   294.268     0.000     0.348     1.889
 143.6770833   362.920    20.234   -85.484   364.179    25.342     1.345   107.445   427.143   295.785    62.055    74.089     2.264     9.770   349.939     0.000     0.349     1.936
 143.6979167   416.947     8.021   -73.708   415.383    26.369     1.526   119.141   436.816   296.851    65.962    83.661     5.529    12.170   394.937     0.000     0.350     1.290
 143.7187500   484.186     9.419   -34.586   437.857    27.091     1.496   133.561   443.617   297.515    70.616    94.447     9.744    14.086   423.063     0.000     0.350     0.881
 143.7395833   540.831     3.890    -0.563   461.973    27.289     1.396   145.810   449.512   298.115    74.599   103.460    12.900    15.961   440.945     0.000     0.351     0.932
 143.7604167   632.852     0.507    65.121   483.395    27.180     1.424   165.505   454.950   298.597    82.984   119.343    18.082    18.277   458.505     0.000     0.352     0.845
 143.7812500   663.466     7.288    86.817   485.872    26.703     1.243   171.893   459.927   299.103    82.912   122.794    19.681    20.201   465.192     0.000     0.353     0.577
 143.8020833   628.033    11.470    63.239   480.115    26.490     1.039   164.255   462.619   299.519    72.623   112.524    18.737    21.164   464.135     0.000     0.355     0.586
 143.8229167   726.096     6.485   145.443   485.884    25.175     1.158   183.718   467.980   300.026    87.305   133.339    22.770    23.265   461.759     0.000     0.355     0.980
 143.8437500   750.042     2.853   169.526   490.666    24.189     1.083   189.196   472.353   300.465    86.491   135.784    24.313    24.980   461.680     0.000     0.357     0.505
 143.8645833   732.783     8.992   155.091   487.778    23.894     0.886   186.396   476.001   300.760    80.670   129.649    23.012    25.967   466.205     0.000     0.363     0.252
 143.8854167   691.091     9.700   122.197   489.122    24.131     0.738   178.674   477.472   300.913    70.135   118.251    21.839    26.278   470.115     0.000     0.371    -0.062
 143.9062500   629.669     6.244    75.612   490.222    24.503     0.602   166.761   477.276   301.030    57.788   104.107    20.273    26.046   468.642     0.000     0.384    -0.198
 143.9270833   574.034     1.772    32.236   491.861    24.402     0.488   155.333   478.215   301.204    48.317    93.800    19.829    25.655   465.324     0.000     0.412    -0.151
 143.9479167   524.883     1.911    -7.348   487.244    24.442     0.495   144.984   477.345   301.346    43.200    85.007    17.018    24.789   461.996     0.000     0.402    -0.124
 143.9687500   464.474     8.586   -40.832   462.154    24.370     0.436   132.120   475.602   301.331    34.843    73.233    14.818    23.571   446.978     0.000     0.411    -0.277
 143.9895833   396.322    10.843   -73.857   433.531    24.709     0.441   116.812   470.412   301.041    26.415    58.899    11.402    21.083   426.150     0.000     0.367    -0.610
 144.0104167   322.585    41.226   -77.409   345.269    24.723     0.338   100.074   462.459   300.024    14.667    42.387     9.613    18.107   377.080     0.000     0.331    -1.168
 144.0312500   251.195   133.346   -23.951   128.152    24.534     0.121    83.394   453.405   298.950    13.739    28.159     2.796    11.625   253.963     0.000     0.265    -0.091
 144.0520833   165.386    18.747   -25.222   167.718    22.835     0.112    64.805   449.041   298.270     5.123    12.746     0.845     6.777   186.093     0.000     0.261    -0.980
 144.0729167    83.088     1.070   -20.571   111.283    18.981     0.069    45.933   442.334   297.176    -7.396    -3.339     0.408     3.649   118.571     0.000     0.261    -1.299
 144.0937500     7.545   -20.319   -14.210    63.530    12.628     0.037    26.957   433.137   295.688   -19.529   -17.923     0.109     1.497    56.394     0.000     0.261    -1.928
 144.1145833   -53.184   -77.584   -29.162    85.334     5.320     0.064    10.457   423.584   295.037   -30.233   -30.137     0.051     0.045    23.698     0.000     0.261    -1.539
 144.1354167   -89.911   -81.207   -48.382    72.754     0.753     0.135     1.397   422.778   295.238   -32.785   -32.605     0.471    -0.291     3.605     0.000     0.261    -0.291
 144.1562500   -97.479   -37.213   -56.042    28.832     0.017     0.231     0.028   421.608   295.111   -33.197   -29.311     1.863     2.023     2.371     0.000     0.272     0.142
 144.1770833  -102.586   -37.734   -78.684    46.014    -0.000     0.327     0.000   424.035   295.144   -32.195   -22.498     3.073     6.624     2.799     0.000     0.300     0.013
 144.1979167   -94.643   -31.133   -51.318    21.674    -0.000     0.206     0.000   416.138   293.424   -31.729   -24.648     1.318     5.763     2.611     0.000     0.266    -2.136
 144.2187500   -90.279   -12.368   -44.429     0.085    -0.000     0.202     0.000   409.059   292.554   -32.906   -26.859     1.355     4.693     2.340     0.000     0.265    -0.660
 144.2395833   -96.316    -3.251   -49.243    -9.752     0.000     0.560     0.000   409.990   291.626   -33.708   -22.785     4.763     6.160     2.268     0.000     0.337    -0.362
 144.2604167   -92.920    -7.761   -51.088     2.544    -0.000     0.648     0.000   404.157   290.818   -35.730   -24.307     5.973     5.450     1.943     0.000     0.343    -0.884
 144.2812500   -91.473    -3.839   -62.337     8.251    -0.000     0.649     0.000   401.933   290.669   -33.351   -22.916     5.497     4.939     1.850     0.000     0.342    -0.197
 144.3020833   -91.317    -4.830   -64.244     8.368    -0.000     0.669     0.000   401.325   290.475   -30.374   -21.032     4.675     4.667     1.856     0.000     0.343    -0.237
 144.3229167   -89.613    -5.924   -58.908     6.529    -0.000     0.482     0.000   398.266   290.002   -30.569   -21.603     4.655     4.311     1.727     0.000     0.332    -0.740
 144.3437500   -80.622   -17.146   -36.060     6.528    -0.000     0.175     0.000   389.476   288.031   -31.512   -25.965     2.233     3.314     1.412     0.000     0.271    -2.433
 144.3645833   -70.819   -12.437   -26.304     3.175    -0.000     0.077     0.000   380.168   286.613   -33.670   -30.130     1.203     2.337     1.104     0.000     0.261    -1.582
 144.3854167   -64.042   -11.414   -14.045    -1.823     0.000     0.041     0.000   372.420   285.207   -35.501   -32.544     1.160     1.797     0.858     0.000     0.261    -1.259
 144.4062500   -64.438     1.427   -27.596    -4.129     0.000     0.076     0.000   372.063   285.691   -34.440   -31.760     1.251     1.429     0.793     0.000     0.261     0.300
 144.4270833   -70.893    -5.879   -19.752   -11.107    -0.000     0.149     0.000   372.488   284.882   -33.716   -30.796     1.619     1.301     0.730     0.000     0.261    -0.439
 144.4479167   -69.554    -2.548   -26.859    -4.907     0.000     0.159     0.000   369.298   284.266   -34.612   -31.490     1.927     1.195     0.557     0.000     0.261    -0.628
 144.4687500   -68.343    -2.742   -27.678    -2.693     0.000     0.154     0.000   366.721   283.804   -34.728   -31.742     1.992     0.993     0.435     0.000     0.261    -0.503
 144.4895833   -66.508    -1.418   -30.167    -0.458     0.000     0.148     0.000   365.103   283.576   -34.159   -31.344     2.013     0.802     0.365     0.000     0.261    -0.307
 144.5104167   -64.471    -0.788   -27.941    -1.777     0.022     0.119     0.036   363.365   283.190   -33.503   -31.004     1.886     0.613     0.302     0.000     0.261    -0.462
 144.5312500   -59.251    -9.568   -16.019     0.477     0.523     0.073     0.945   359.794   282.396   -33.506   -31.348     1.692     0.466     0.321     0.000     0.261    -0.634
 144.5520833   -41.272    -5.394   -11.485     5.206     3.445     0.073     7.328   359.892   282.462   -30.030   -28.040     1.643     0.347     3.414     0.000     0.261     0.430
 144.5729167     9.100    33.993   -11.138     1.190     9.946     0.047    21.208   367.257   284.096   -17.331   -15.265     1.702     0.364    16.516     0.000     0.261     2.387
 144.5937500    76.236    25.905   -10.941    60.410    15.362     0.185    38.597   379.764   286.458    -1.240     3.627     4.289     0.578    57.471     0.000     0.329     2.101
 144.6145833   126.218    22.337    -3.118    96.609    17.954     0.292    50.019   387.452   287.809     8.824    15.657     5.644     1.190    96.654     0.000     0.372     1.567
 144.6354167   182.066    19.798     7.368   132.941    20.100     0.319    62.209   394.686   289.121    20.445    27.957     5.601     1.910   130.371     0.000     0.390     1.513
 144.6562500   245.477    25.580     4.190   179.163    22.305     0.325    75.959   404.101   290.849    34.607    42.729     5.313     2.809   174.960     0.000     0.409     1.937
 144.6770833   322.386    19.443    11.590   239.536    24.349     0.361    92.928   413.691   292.465    49.899    58.935     5.070     3.965   229.991     0.000     0.395     1.918
 144.6979167   413.469    26.836    37.913   281.987    26.272     0.261   113.410   423.545   293.819    64.824    76.606     6.272     5.509   282.170     0.000     0.382     1.908
 144.7187500   471.088    36.857    57.993   301.463    27.290     0.171   126.224   432.415   295.121    73.047    86.686     6.999     6.640   311.566     0.000     0.364     1.728
 144.7395833   511.949    13.206    71.339   349.907    27.678     0.168   135.413   439.480   296.230    76.016    92.601     8.370     8.214   337.982     0.000     0.364     1.481
 144.7604167   592.986     3.875   104.922   393.174    27.443     0.156   154.022   449.632   297.385    89.395   109.018     9.281    10.342   369.194     0.000     0.364     1.621
 144.7812500   639.600     4.115   115.466   429.822    27.443     0.248   164.392   457.430   298.289    89.460   114.299    11.780    13.059   406.895     0.000     0.367     0.737
 144.8020833   669.925     9.375   116.357   450.717    26.323     0.299   171.571   467.504   299.403    92.340   120.654    12.977    15.337   427.955     0.000     0.371     1.136
 144.8229167   682.954     1.557   116.567   472.266    24.915     0.411   174.894   475.838   300.430    91.605   123.446    14.172    17.669   440.794     0.000     0.393     0.958
 144.8437500   682.960    -4.944   115.048   483.981    23.535     0.413   175.557   481.663   301.264    87.940   122.647    14.876    19.830   446.610     0.000     0.396     0.935
 144.8645833   673.400    -9.236   112.868   487.627    22.826     0.387   173.894   484.488   301.740    81.791   118.358    15.147    21.419   449.870     0.000     0.398     0.349
 144.8854167   653.665   -10.515    93.061   501.338    22.656     0.475   170.241   486.474   302.070    69.646   112.723    19.645    23.432   462.397     0.000     0.417     0.135
 144.9062500   614.140     9.277    65.756   471.904    22.263     0.338   162.282   487.145   302.392    66.794   104.365    14.692    22.879   452.851     0.000     0.387     0.409
 144.9270833   567.140    12.109    51.651   445.505    22.242     0.224   151.910   485.449   302.533    58.074    93.374    13.057    22.243   433.450     0.000     0.371    -0.199
 144.9479167   520.336    11.450     2.517   461.494    23.176     0.435   141.876   484.312   302.512    45.339    83.126    15.430    22.357   450.686     0.000     0.412    -0.464
 144.9687500   461.759     3.192   -43.157   462.985    23.629     0.506   129.277   481.879   302.423    39.156    72.071    12.385    20.530   446.335     0.000     0.377    -0.418
 144.9895833   393.141     3.453   -80.960   442.392    23.797     0.473   114.394   478.565   302.228    28.821    58.815    10.922    19.071   428.929     0.000     0.367    -0.566
 145.0104167   322.849    38.471   -78.700   346.911    24.078     0.352    97.977   469.895   301.233    17.323    42.736     9.156    16.257   378.345     0.000     0.333    -1.157
 145.0312500   248.571   134.279   -23.472   124.073    24.187     0.126    80.354   459.623   299.882    14.049    27.255     2.825    10.381   255.590     0.000     0.266    -0.359
 145.0520833   163.206    11.875   -24.940   171.716    22.321     0.124    61.202   454.841   299.225     5.590    12.062     0.758     5.714   185.984     0.000     0.261    -1.035
 145.0729167    89.082   -50.840   -36.468   185.408    18.415     0.155    43.697   446.752   298.112    -7.329    -3.941     0.601     2.786   147.643     0.000     0.261    -1.690
 145.0937500    19.939   -64.204   -46.178   151.367    12.442     0.169    26.876   438.499   297.095   -19.567   -17.317     0.713     1.537   101.341     0.000     0.261    -1.479
 145.1145833   -40.940   -63.559   -53.921   103.911     5.798     0.172    11.920   434.228   296.931   -26.865   -24.631     0.792     1.443    45.488     0.000     0.261    -0.506
 145.1354167   -79.841   -53.637   -50.541    54.010     1.189     0.183     2.252   433.256   296.692   -29.056   -26.148     0.849     2.058     6.123     0.000     0.261    -0.616
 145.1562500   -84.162   -14.715   -37.721    -0.649     0.080     0.171     0.137   427.372   295.358   -29.724   -26.214     0.806     2.705     2.795     0.000     0.261    -1.352
 145.1770833   -82.249    20.277   -24.266   -44.875     0.000     0.177     0.000   419.083   293.397   -31.635   -27.725     0.940     2.970     2.197     0.000     0.261    -1.750
 145.1979167   -78.286   -11.520   -21.440    -9.870    -0.000     0.167     0.000   410.068   291.658   -33.786   -30.012     1.110     2.663     1.542     0.000     0.261    -1.671
 145.2187500   -75.676   -26.148   -24.582    10.986    -0.000     0.178     0.000   403.197   290.769   -35.050   -31.229     1.710     2.111     1.210     0.000     0.267    -0.882
 145.2395833   -81.387   -26.216   -38.905    21.420    -0.000     0.410     0.000   404.356   290.690   -37.617   -27.453     7.144     3.020     1.370     0.000     0.332    -0.069
 145.2604167   -80.123    -9.784   -39.629     6.079    -0.000     0.327     0.000   400.116   290.141   -36.108   -26.943     6.533     2.631     1.250     0.000     0.318    -0.682
 145.2812500   -80.128   -12.487   -38.544     5.632     0.000     0.460     0.000   398.744   289.603   -34.282   -25.192     6.733     2.356     1.223     0.000     0.335    -0.447
 145.3020833   -75.449   -21.074   -17.704     2.258     0.000     0.576     0.000   392.964   288.221   -37.480   -27.208     8.338     1.934     0.993     0.000     0.346    -1.448
 145.3229167   -74.117   -14.630   -22.451     3.243    -0.000     0.579     0.000   387.567   287.342   -39.299   -28.566     9.205     1.528     0.799     0.000     0.345    -0.980
 145.3437500   -74.613   -11.341   -26.055     2.964     0.000     0.534     0.000   383.478   286.685   -39.430   -28.918     9.369     1.143     0.664     0.000     0.344    -0.751
 145.3645833   -73.529    -9.544   -27.879     3.079     0.000     0.487     0.000   380.459   286.170   -38.598   -28.565     9.233     0.801     0.578     0.000     0.341    -0.587
 145.3854167   -71.335    -6.633   -27.244     0.726    -0.000     0.384     0.000   377.609   285.693   -37.648   -28.267     8.850     0.531     0.492     0.000     0.334    -0.536
 145.4062500   -67.993    -2.405   -28.097    -0.925    -0.000     0.377     0.000   375.884   285.446   -36.312   -27.413     8.663     0.236     0.427     0.000     0.333    -0.255
 145.4270833   -61.948    -1.177   -26.760     0.118    -0.000     0.331     0.000   375.069   285.203   -33.844   -25.846     7.911     0.087     0.400     0.000     0.329    -0.285
 145.4479167   -59.033   -10.279   -15.832     0.153    -0.000     0.118     0.000   368.562   283.726   -31.540   -28.756     2.835    -0.050     0.213     0.000     0.264    -1.536
 145.4687500   -59.375    -5.302   -21.317     0.411     0.000     0.096     0.000   364.375   283.238   -32.551   -30.951     1.731    -0.131     0.094    -0.006     0.261    -0.615
 145.4895833   -59.425    -7.032   -19.596     0.778    -0.000     0.082     0.000   361.788   282.693   -32.988   -31.606     1.629    -0.247     0.027    -0.076     0.261    -0.586
 145.5104167   -56.880   -10.233   -12.996     0.919     0.042     0.049     0.070   357.760   281.754   -33.730   -32.495     1.559    -0.325    -0.060    -0.370     0.261    -0.841
 145.5312500   -49.355    -9.336    -8.045     1.208     0.835     0.030     1.544   354.983   281.305   -33.085   -31.988     1.528    -0.431    -0.844    -0.813     0.261    -0.097
 145.5520833   -23.826    10.141    -9.285    -0.395     4.581     0.027    10.370   360.344   282.749   -25.926   -24.748     1.569    -0.391     0.349    -0.221     0.261     1.639
 145.5729167    25.367    39.649    -6.586    -0.281    11.241     0.027    24.733   372.949   285.119   -10.527    -9.166     1.633    -0.273    15.470     1.050     0.261     3.111
 145.5937500    79.227    23.738     8.966    46.341    15.671     0.099    38.793   382.201   286.409    -0.868     4.705     6.115    -0.542    50.436     2.658     0.364     1.050
 145.6145833   110.526    37.416     8.969    55.094    17.775     0.174    45.956   388.662   287.853     7.562    13.245     6.127    -0.444    70.004     0.367     0.368     1.484
 145.6354167   167.097    42.235     3.432    94.256    20.597     0.153    58.836   400.153   289.869    24.719    29.186     4.635    -0.168   105.190     0.006     0.364     2.454
 145.6562500   276.287    39.531    31.171   155.237    23.779     0.155    82.863   412.191   291.793    47.879    52.459     4.002     0.579   164.337     0.000     0.364     2.470
 145.6770833   345.902    46.702    42.260   194.329    25.570     0.136    98.347   422.686   293.718    60.139    66.093     4.447     1.507   209.889     0.000     0.364     2.472
 145.6979167   434.215    10.241    58.362   286.635    27.140     0.109   118.640   434.874   295.417    77.185    84.395     4.501     2.708   267.544     0.000     0.364     1.792
 145.7187500   473.657   -26.160    46.432   381.560    27.559     0.315   125.875   438.747   296.322    71.583    85.214     7.426     6.205   335.419     0.000     0.405     0.241
 145.7395833   401.907    25.831     3.772   316.983    26.754     0.266   108.895   441.144   297.111    54.284    69.165     7.929     6.952   323.445     0.000     0.389     1.037
 145.7604167   576.707    53.816    92.332   330.777    26.751     0.116   149.972   456.604   298.536    96.576   111.126     6.981     7.569   355.964     0.000     0.364     3.207
 145.7812500   643.910     5.662   152.345   388.500    26.495     0.178   164.889   462.820   299.088    96.762   117.390    10.665     9.963   375.743     0.000     0.364     0.641
 145.8020833   675.313    -3.879   164.215   416.109    24.783     0.164   172.322   472.115   299.928    97.770   122.533    12.201    12.562   386.636     0.000     0.364     1.098
 145.8229167   703.469    -2.783   185.798   430.549    24.932     0.300   177.529   474.527   300.140    90.447   121.033    15.540    15.046   409.953     0.000     0.382    -0.541
 145.8437500   720.191     5.477   185.435   448.350    24.779     0.497   180.974   479.167   300.642    80.438   121.855    24.186    17.231   429.083     0.000     0.418     0.490
 145.8645833   734.847    -6.538   192.390   465.071    23.276     0.493   183.847   484.396   301.288    83.252   125.625    23.780    18.593   430.220     0.000     0.417     0.672
 145.8854167   656.626    -1.447   133.999   460.362    23.813     0.512   167.432   483.352   301.407    64.516   106.532    22.721    19.295   437.133     0.000     0.408    -0.803
 145.9062500   375.304     2.007   -30.596   391.170    25.133     0.439   103.481   469.238   300.901    14.037    44.766    14.504    16.225   382.661     0.000     0.361    -1.313
 145.9270833   412.055   -12.144   -38.344   429.703    25.680     0.494   111.897   469.051   301.068    32.524    59.094    12.058    14.513   401.460     0.000     0.361     0.317
 145.9479167   401.712    -3.080   -45.861   418.116    25.394     0.497   108.996   470.154   300.843    33.086    58.649    11.182    14.381   403.419     0.000     0.363    -0.550
 145.9687500   282.068    24.301   -70.256   320.943    24.537     0.426    79.405   461.080   300.102     8.028    30.940    10.520    12.392   342.185     0.000     0.341    -0.949
 145.9895833   307.973    26.662   -60.107   321.393    25.024     0.408    85.092   459.249   300.218    19.714    39.155     9.022    10.419   336.843     0.000     0.338     0.310
 146.0104167   307.938    30.496   -50.869   305.905    25.197     0.363    87.064   459.188   300.119    22.503    40.293     8.401     9.389   327.819     0.000     0.338    -0.098
 146.0312500   272.700    21.167   -47.008   280.784    24.976     0.318    82.883   456.542   299.782    18.226    33.635     7.628     7.781   298.307     0.000     0.328    -0.469
 146.0520833   182.641   -22.853   -60.512   267.209    22.827     0.358    63.597   450.334   298.838     0.056    14.630     7.566     7.008   250.960     0.000     0.323    -1.259
 146.0729167    87.061   -37.501   -63.757   205.531    18.005     0.400    42.155   443.790   297.720   -16.004    -2.342     7.378     6.284   180.368     0.000     0.329    -1.208
 146.0937500    23.847   -40.527   -50.150   141.740    12.661     0.482    27.289   436.814   296.320   -25.810   -12.435     7.642     5.733   117.703     0.000     0.340    -1.405
 146.1145833   -35.532   -28.975   -38.965    65.089     6.267     0.467    12.823   430.926   295.274   -31.627   -19.915     6.949     4.762    47.985     0.000     0.338    -1.054
 146.1354167   -76.908   -36.557   -25.623    23.076     1.484     0.490     2.807   424.153   293.769   -36.138   -25.367     6.801     3.970     5.998     0.000     0.342    -1.666
 146.1562500   -82.734   -39.193   -17.266    15.601     0.123     0.514     0.213   414.316   291.931   -39.878   -28.671     7.999     3.208     1.547     0.000     0.344    -1.999
 146.1770833   -78.980   -28.395   -16.572     9.276    -0.000     0.514     0.000   405.680   290.459   -41.691   -30.119     9.039     2.533     1.230     0.000     0.345    -1.598
 146.1979167   -75.947   -24.445   -17.498     9.383    -0.000     0.522     0.000   398.930   289.310   -42.129   -30.603     9.626     1.901     0.995     0.000     0.345    -1.258
 146.2187500   -73.314   -24.334   -18.408    12.362     0.000     0.529     0.000   393.614   288.398   -41.932   -30.515     9.900     1.517     0.865     0.000     0.345    -1.002
 146.2395833   -71.185   -17.675   -19.336     7.980    -0.000     0.562     0.000   389.389   287.663   -41.344   -30.123    10.025     1.196     0.770     0.000     0.346    -0.811
 146.2604167   -69.836    -9.693   -22.052     2.877     0.000     0.579     0.000   385.999   287.131   -40.364   -29.545     9.962     0.856     0.676     0.000     0.346    -0.605
 146.2812500   -68.505    -3.497   -26.423     0.098     0.000     0.531     0.000   383.797   286.835   -38.327   -28.362     9.466     0.499     0.601     0.000     0.344    -0.355
 146.3020833   -67.510    -2.183   -27.750    -1.038     0.000     0.462     0.000   382.215   286.557   -36.198   -27.189     8.833     0.176     0.543     0.000     0.340    -0.342
 146.3229167   -67.137    -3.509   -26.321    -1.790     0.000     0.328     0.000   379.714   286.131   -35.024   -27.087     8.035    -0.097     0.446     0.006     0.327    -0.493
 146.3437500   -66.725    -3.327   -29.143     0.272     0.000     0.379     0.000   378.451   286.021   -34.399   -26.463     8.244    -0.308     0.401     0.001     0.335    -0.129
 146.3645833   -65.980    -6.132   -27.825     1.536    -0.000     0.312     0.000   376.758   285.651   -33.132   -26.062     7.545    -0.475     0.354     0.008     0.323    -0.425
 146.3854167   -65.863    -7.167   -27.038     1.544    -0.000     0.355     0.000   375.666   285.297   -32.814   -25.605     7.788    -0.579     0.334     0.002     0.330    -0.388
 146.4062500   -59.694   -16.777    -9.914     0.442     0.000     0.115     0.000   368.106   283.331   -31.541   -28.768     3.352    -0.578     0.124    -0.008     0.269    -1.903
 146.4270833   -54.436   -10.958   -10.738     0.599    -0.000     0.062     0.000   361.827   282.361   -32.440   -31.361     1.659    -0.580    -0.034    -0.225     0.261    -0.899
 146.4479167   -52.227    -8.395   -10.706     0.367    -0.000     0.047     0.000   358.434   281.825   -32.980   -32.111     1.501    -0.632    -0.108    -0.826     0.261    -0.513
 146.4687500   -53.045    -5.877   -16.218     1.651    -0.000     0.067     0.000   358.035   281.901   -32.518   -31.691     1.501    -0.674    -0.107    -1.387     0.261    -0.083
 146.4895833   -53.228    -8.411   -13.864     1.604    -0.000     0.063     0.000   356.914   281.601   -32.247   -31.406     1.546    -0.705    -0.107    -1.484     0.261    -0.310
 146.5104167   -52.100    -3.569   -15.562    -1.152     0.043     0.068     0.073   356.113   281.564   -31.741   -30.909     1.564    -0.732    -0.106    -1.575     0.261    -0.075
 146.5312500   -48.616     2.010   -18.938    -2.364     0.865     0.091     1.606   357.508   282.059   -29.839   -28.910     1.644    -0.715    -0.570    -1.430     0.261     0.516
 146.5520833   -25.406    10.402   -12.585    -1.377     4.763     0.099    10.645   362.533   283.104   -23.183   -22.138     1.745    -0.701     1.031    -0.138     0.261     1.336
 146.5729167    26.788    30.691     1.603     6.312    11.375     0.256    25.212   371.078   284.619   -13.584    -8.891     5.820    -1.127    19.312     2.854     0.338     1.765
 146.5937500    92.809    38.970    22.685    28.795    15.884     0.359    41.392   378.975   286.031     0.598     6.080     6.938    -1.456    42.749     4.391     0.382     1.761
 146.6145833   153.400    35.328    36.322    63.445    18.961     0.333    55.685   388.639   287.603    16.449    21.354     6.173    -1.269    73.356     1.912     0.415     1.855
 146.6354167   205.481    26.585    49.758   100.003    21.077     0.313    67.242   396.945   288.925    27.486    33.004     6.191    -0.672   106.450     0.000     0.410     1.650
 146.6562500   279.007    25.056    76.112   135.527    23.163     0.236    83.606   404.704   290.073    40.457    47.184     6.637     0.090   142.505     0.000     0.375     1.855
 146.6770833   372.273    24.694   111.195   177.880    25.377     0.157   104.724   413.871   291.179    56.649    65.386     7.629     1.108   184.327     0.000     0.364     1.856
 146.6979167   444.284    21.120   133.430   221.801    26.920     0.141   120.775   422.417   292.227    66.560    78.083     9.135     2.387   224.068     0.000     0.364     1.372
 146.7187500   508.683    14.235   154.534   267.967    27.935     0.191   134.508   427.989   293.157    71.026    86.742    11.468     4.248   263.387     0.000     0.364     0.921
 146.7395833   566.727    23.195   165.201   302.126    28.690     0.261   146.669   433.290   294.304    75.053    94.411    13.408     5.951   301.821     0.000     0.371     1.152
 146.7604167   612.242    29.715   168.680   330.952    29.029     0.266   156.371   441.100   295.619    81.269   102.723    14.061     7.393   332.885     0.000     0.371     1.627
 146.7812500   638.349    17.899   174.470   359.950    28.652     0.239   162.042   449.253   296.719    84.692   108.133    14.405     9.037   351.938     0.000     0.364     1.337
 146.8020833   660.710    22.856   182.933   367.768    27.914     0.229   166.977   456.009   297.755    85.754   111.782    15.111    10.917   363.941     0.000     0.364     1.398
 146.8229167   682.767    26.304   196.746   368.656    26.542     0.187   172.086   464.425   298.668    89.915   118.443    14.822    13.706   367.273     0.000     0.364     1.146
 146.8437500   691.318     1.877   200.356   408.654    26.799     0.297   172.811   466.127   299.165    80.590   117.725    16.254    20.881   382.516     0.000     0.381    -0.159
 146.8645833   681.964     3.304   161.906   437.259    26.664     0.383   170.415   470.621   299.814    79.263   121.119    15.572    26.283   404.258     0.000     0.406     0.233
 146.8854167   636.804    -5.061   127.449   442.826    26.160     0.389   160.723   472.163   300.322    71.299   116.266    14.604    30.363   399.815     0.000     0.412     0.292
 146.9062500   625.238     0.966    94.771   460.955    26.237     0.445   158.276   472.800   300.778    68.349   117.293    14.154    34.791   420.101     0.000     0.412     0.198
 146.9270833   577.108    -8.057    46.417   476.980    26.501     0.481   148.494   471.682   301.069    61.794   108.261    10.767    35.699   428.363     0.000     0.387    -0.026
 146.9479167   541.608   -11.321     9.366   486.375    26.285     0.514   141.644   471.436   301.248    57.265   102.364     8.691    36.408   435.531     0.000     0.371    -0.077
 146.9687500   478.716    18.004   -21.185   437.302    26.435     0.565   128.362   468.723   301.007    45.112    88.444     7.992    35.340   423.137     0.000     0.358    -0.517
 146.9895833   412.764    13.422   -42.042   409.607    26.560     0.625   114.197   464.306   300.456    32.569    73.239     7.782    32.887   398.141     0.000     0.352    -0.791
 147.0104167   337.935    -4.737   -55.130   381.998    26.117     0.652    97.792   457.302   299.625    16.875    55.100     7.869    30.356   359.124     0.000     0.348    -1.071
 147.0312500   258.301   -11.819   -61.909   332.876    24.943     0.614    80.086   449.657   298.521     0.449    36.209     8.032    27.728   309.749     0.000     0.344    -1.296
 147.0520833   177.421   -21.201   -56.961   272.862    22.813     0.617    62.191   442.290   297.198   -15.833    17.670     8.535    24.968   246.948     0.000     0.344    -1.446
 147.0729167    98.976   -39.812   -49.592   221.631    18.940     0.693    44.408   434.764   295.734   -31.717     0.641     9.283    23.074   181.449     0.000     0.346    -1.535
 147.0937500    24.048   -40.622   -27.141   141.406    12.806     0.771    26.823   426.449   294.003   -47.825   -14.876    11.216    21.733   105.847     0.000     0.348    -1.769
 147.1145833   -37.138   -40.063    -7.052    70.297     5.955     0.726    11.636   417.192   292.266   -58.478   -27.470    11.798    19.210    37.890     0.000     0.349    -1.842
 147.1354167   -70.372   -39.278    -1.324    36.296     1.532     0.710     2.822   408.636   290.647   -64.271   -34.509    12.538    17.224     4.931     0.000     0.349    -1.795
 147.1562500   -76.852   -39.077     3.252    30.128     0.144     0.768     0.251   399.677   288.976   -69.320   -38.032    15.208    16.079     1.031     0.000     0.350    -1.836
 147.1770833   -75.259   -28.099     2.078    25.246    -0.000     0.862     0.000   392.025   287.779   -73.155   -39.576    18.452    15.126     0.791     0.000     0.350    -1.330
 147.1979167   -74.430   -13.852    -9.353    19.501     0.000     0.859     0.000   387.902   287.220   -70.071   -38.456    17.888    13.727     0.696     0.000     0.349    -0.654
 147.2187500   -75.921    -8.010   -18.092    15.597    -0.000     0.774     0.000   385.166   286.875   -64.982   -37.354    15.351    12.277     0.633     0.000     0.349    -0.434
 147.2395833   -76.770    -4.650   -26.068    14.067    -0.000     0.682     0.000   383.700   286.726   -59.914   -35.957    12.861    11.096     0.605     0.000     0.347    -0.205
 147.2604167   -77.165    -6.283   -26.768    13.588     0.000     0.680     0.000   382.639   286.489   -57.433   -34.729    12.206    10.498     0.594     0.000     0.347    -0.268
 147.2812500   -76.112    -7.851   -23.401    12.127     0.000     0.681     0.000   380.707   286.092   -56.553   -34.383    12.165    10.005     0.543     0.000     0.347    -0.435
 147.3020833   -74.956    -6.260   -24.041    11.445     0.000     0.695     0.000   378.905   285.787   -55.762   -33.973    12.256     9.534     0.498     0.006     0.347    -0.339
 147.3229167   -74.610    -5.123   -24.219    10.145     0.000     0.728     0.000   377.481   285.503   -55.100   -33.345    12.650     9.105     0.457     0.008     0.348    -0.314
 147.3437500   -74.954    -6.202   -23.699    10.514     0.000     0.767     0.000   375.756   285.195   -55.219   -33.111    13.317     8.791     0.412     0.012     0.348    -0.349
 147.3645833   -74.369    -3.140   -26.340     8.763     0.000     0.747     0.000   374.458   285.002   -53.428   -32.492    12.671     8.266     0.379     0.013     0.348    -0.225
 147.3854167   -73.390    -1.264   -28.167     7.409     0.000     0.716     0.000   373.570   284.879   -51.217   -31.733    11.771     7.713     0.347     0.010     0.347    -0.151
 147.4062500   -73.123    -1.167   -30.691     8.017     0.000     0.666     0.000   372.974   284.823   -49.195   -30.962    10.940     7.292     0.332     0.006     0.346    -0.088
 147.4270833   -73.824    -0.099   -32.829     6.849    -0.000     0.605     0.000   372.538   284.782   -47.679   -30.224    10.468     6.987     0.322     0.006     0.345    -0.067
 147.4479167   -73.587    -1.774   -31.392     6.257     0.000     0.600     0.000   372.024   284.626   -46.509   -29.634    10.200     6.675     0.301     0.006     0.345    -0.169
 147.4687500   -73.060    -4.045   -29.032     6.737    -0.000     0.579     0.000   370.729   284.370   -46.432   -29.751    10.285     6.396     0.260     0.008     0.345    -0.288
 147.4895833   -72.978    -1.856   -31.550     6.433    -0.000     0.544     0.000   369.721   284.248   -45.850   -29.564    10.164     6.122     0.233     0.003     0.343    -0.155
 147.5104167   -72.828    -1.214   -33.067     6.197     0.046     0.481     0.077   369.098   284.152   -44.613   -29.008     9.759     5.845     0.215     0.003     0.340    -0.132
 147.5312500   -67.370    -0.476   -30.534     6.311     0.851     0.346     1.580   368.097   284.065   -42.622   -28.090     8.993     5.539     0.763     0.002     0.328    -0.050
 147.5520833   -40.638     8.034   -24.863    12.129     4.662     0.366     9.986   370.042   284.522   -36.590   -22.521     8.612     5.458     8.878     0.000     0.335     0.652
 147.5729167    12.897    18.005    -9.153    27.307    10.954     0.379    23.319   374.180   285.297   -24.366   -11.091     7.855     5.419    28.441     0.000     0.347     1.104
 147.5937500    83.223    21.457    12.380    55.280    15.681     0.431    40.067   380.355   286.297    -7.252     5.201     6.807     5.646    55.786     0.000     0.359     1.357
 147.6145833   160.380    12.798    47.901    88.989    18.663     0.465    57.394   386.292   287.017     9.589    22.399     6.451     6.359    84.403     0.000     0.369     1.102
 147.6354167   238.052     7.522    88.805   117.639    20.728     0.385    74.113   391.113   287.542    23.197    38.347     7.566     7.584   109.425     0.000     0.403     0.888
 147.6562500   312.058    24.740   104.745   141.289    22.694     0.245    90.076   398.052   288.679    39.467    55.772     7.599     8.705   139.253     0.000     0.376     1.817
 147.6770833   380.286    23.161   117.651   183.131    24.457     0.231   104.754   405.797   289.960    55.064    72.386     7.246    10.076   176.264     0.000     0.370     1.279
 147.6979167   453.852    33.302   127.312   223.129    26.162     0.425   120.409   413.917   291.479    68.547    89.491     8.741    12.204   220.804     0.000     0.413     1.561
 147.7187500   511.465    26.465   144.033   259.843    27.389     0.401   132.666   421.160   292.475    79.841   102.112     8.686    13.585   257.370     0.000     0.418     1.282
 147.7395833   567.055    13.803   178.481   289.216    28.139     0.433   144.123   425.149   292.900    84.918   110.956    10.672    15.366   281.164     0.000     0.412     0.639
 147.7604167   625.776     2.938   214.968   319.057    28.637     0.594   156.486   427.502   293.094    88.458   120.223    14.101    17.663   301.289     0.000     0.385     0.356
 147.7812500   669.759     3.968   237.863   337.754    28.851     0.659   165.559   429.588   293.435    89.686   126.588    17.005    19.897   316.549     0.000     0.378     0.488
 147.8020833   697.564    12.900   237.478   354.671    28.996     0.576   171.301   434.051   294.188    91.650   132.026    18.441    21.936   334.070     0.000     0.393     0.865
 147.8229167   705.113    13.583   226.707   372.166    28.989     0.511   173.024   439.111   294.996    91.791   133.896    18.448    23.657   349.645     0.000     0.406     0.866
 147.8437500   704.824    11.680   218.515   384.114    28.850     0.472   173.309   442.868   295.675    89.816   133.275    18.237    25.223   360.110     0.000     0.413     0.699
 147.8645833   701.655    17.236   205.448   389.559    28.667     0.470   172.950   447.059   296.449    88.671   132.799    17.739    26.389   368.505     0.000     0.412     0.741
 147.8854167   680.245     7.087   185.859   403.719    28.582     0.536   168.789   449.356   296.946    83.208   127.078    16.616    27.254   375.791     0.000     0.392     0.373
 147.9062500   644.436     1.935   161.558   406.941    28.531     0.548   161.735   449.882   297.187    73.935   117.523    15.837    27.750   377.267     0.000     0.385     0.067
 147.9270833   600.012     4.101   129.782   401.222    28.414     0.542   152.907   449.915   297.388    64.901   107.025    14.623    27.501   374.545     0.000     0.380     0.007
 147.9479167   550.942     2.082    97.181   396.043    28.171     0.543   142.656   449.339   297.551    55.708    95.815    13.283    26.823   368.532     0.000     0.374    -0.073
 147.9687500   489.675     8.117    59.182   377.214    27.706     0.538   129.187   448.590   297.626    45.349    82.683    11.635    25.698   358.143     0.000     0.367    -0.186
 147.9895833   422.672     8.187    35.064   348.132    27.191     0.624   114.341   446.034   297.260    31.906    67.614    11.394    24.314   337.262     0.000     0.357    -0.617
 148.0104167   349.140    -3.956    15.051   321.858    26.333     0.650    98.701   441.572   296.632    17.065    50.976    11.322    22.588   304.594     0.000     0.354    -0.878
 148.0312500   270.100   -13.365    -4.552   286.524    24.950     0.629    81.915   436.632   295.872     2.495    33.916    10.797    20.623   263.909     0.000     0.351    -1.002
 148.0520833   188.958   -24.828   -15.447   244.001    22.790     0.626    64.063   430.455   294.844   -13.504    16.169    10.764    18.909   215.851     0.000     0.350    -1.263
 148.0729167   105.873   -26.237   -26.094   187.930    19.087     0.643    45.267   424.032   293.850   -28.534    -0.711    10.639    17.184   159.736     0.000     0.348    -1.192
 148.0937500    17.532   -27.681   -27.075   114.837    12.015     0.647    24.596   418.491   292.790   -41.400   -15.888    10.044    15.467    88.197     0.000     0.347    -1.149
 148.1145833   -37.916   -35.100    -9.160    58.052     5.528     0.627    10.609   411.378   291.299   -50.128   -25.936    10.288    13.905    32.249     0.000     0.348    -1.579
 148.1354167   -66.091   -32.136    -3.438    26.920     1.306     0.604     2.363   403.491   289.903   -55.873   -32.227    11.081    12.566     3.928     0.000     0.349    -1.564
 148.1562500   -70.272   -19.613   -10.463    16.940     0.109     0.642     0.188   397.443   288.948   -56.063   -33.314    11.435    11.314     0.960     0.000     0.348    -1.074
 148.1770833   -67.726   -12.425   -13.197    12.948    -0.000     0.595     0.000   393.138   288.261   -54.287   -32.689    11.346    10.252     0.823     0.000     0.347    -0.765
 148.1979167   -63.955    -9.971   -13.084    11.578     0.000     0.455     0.000   389.910   287.709   -51.873   -31.645    10.895     9.332     0.715     0.000     0.345    -0.606
 148.2187500   -62.718   -12.436   -12.445    13.763     0.000     0.484     0.000   387.070   287.207   -51.041   -31.315    10.974     8.752     0.641     0.000     0.346    -0.559
 148.2395833   -61.420   -12.308   -12.537    13.910    -0.000     0.525     0.000   384.813   286.755   -49.994   -30.741    10.946     8.308     0.598     0.000     0.347    -0.490
 148.2604167   -60.057   -11.548   -10.230    12.175    -0.000     0.565     0.000   382.159   286.256   -49.897   -30.768    11.184     7.944     0.544     0.000     0.348    -0.558
 148.2812500   -61.503    -5.447   -15.141     8.550     0.000     0.538     0.000   379.997   285.945   -49.098   -30.589    11.042     7.467     0.484     0.000     0.346    -0.368
 148.3020833   -60.601    -4.062   -17.115     8.411     0.000     0.548     0.000   378.637   285.750   -47.613   -29.784    10.776     7.052     0.448     0.000     0.346    -0.223
 148.3229167   -59.519    -0.698   -19.642     6.626    -0.000     0.520     0.000   377.815   285.640   -45.654   -28.692    10.280     6.682     0.428     0.000     0.345    -0.152
 148.3437500   -54.522    -3.896   -10.376     0.988     0.000     0.135     0.000   372.685   284.097   -39.841   -29.711     5.060     5.071     0.280     0.001     0.280    -1.397
 148.3645833   -51.449    -2.315   -11.900     0.880    -0.000     0.063     0.000   367.445   283.456   -37.514   -32.122     1.984     3.408     0.121    -0.004     0.261    -0.600
 148.3854167   -50.820     0.175   -14.180     0.482    -0.000     0.065     0.000   365.999   283.349   -37.154   -32.636     1.745     2.772     0.060    -0.035     0.261    -0.143
 148.4062500   -52.047     1.126   -18.258     1.074     0.000     0.096     0.000   366.802   283.637   -36.160   -31.973     1.759     2.428     0.055    -0.044     0.261     0.171
 148.4270833   -54.406    -8.080   -15.162     5.009     0.000     0.129     0.000   366.901   283.420   -35.984   -31.698     1.943     2.343     0.053    -0.044     0.261    -0.189
 148.4479167   -55.647    -9.388   -14.645     5.676    -0.000     0.119     0.000   364.943   282.926   -36.785   -32.481     2.016     2.288     0.022    -0.133     0.261    -0.506
 148.4687500   -56.518    -6.151   -13.710     1.691    -0.000     0.090     0.000   361.899   282.378   -37.780   -33.747     1.913     2.120    -0.039    -0.460     0.261    -0.568
 148.4895833   -59.254    -0.995   -19.851    -0.099    -0.000     0.115     0.000   360.881   282.381   -38.166   -34.218     1.957     1.991    -0.073    -0.967     0.261    -0.143
 148.5104167   -61.222    -3.142   -21.723     1.949     0.060     0.130     0.102   360.424   282.337   -38.196   -34.071     2.139     1.985    -0.089    -1.293     0.261    -0.110
 148.5312500   -54.834    -2.437   -19.199     2.908     0.968     0.125     1.795   360.781   282.455   -36.362   -32.185     2.195     1.981    -0.500    -1.143     0.261     0.256
 148.5520833   -28.461     8.753   -10.445     1.457     4.901     0.086    10.539   364.273   283.207   -29.354   -25.378     2.018     1.959     1.017    -0.094     0.261     1.127
 148.5729167    20.764    15.514    -0.791    22.607    11.137     0.111    23.857   372.874   284.880   -18.223   -11.019     4.244     2.960    17.428     1.776     0.315     1.657
 148.5937500    76.846    34.158    13.361    35.693    15.351     0.108    37.446   380.709   286.147    -8.251     3.860     7.355     4.755    42.253     2.793     0.364     1.886
 148.6145833   156.049    35.440    37.662    66.750    18.944     0.097    55.976   389.467   287.571    14.170    24.503     5.469     4.864    74.163     1.180     0.364     2.026
 148.6354167   232.304    35.468    59.554   101.299    21.631     0.097    73.189   398.748   289.006    34.042    44.036     4.512     5.482   108.988     0.008     0.364     1.940
 148.6562500   310.708    38.739    79.198   139.020    23.817     0.117    89.997   407.668   290.511    51.870    62.669     4.251     6.548   147.820     0.000     0.364     1.882
 148.6770833   384.409    49.784    84.794   176.006    25.829     0.097   106.479   419.073   292.417    71.494    82.344     3.380     7.469   188.820     0.000     0.364     2.330
 148.6979167   455.801    19.219    85.945   263.454    27.219     0.143   121.482   428.257   294.203    85.768    98.413     3.110     9.536   244.924     0.000     0.364     1.414
 148.7187500   519.652     3.105    57.900   361.501    28.128     0.347   134.630   436.699   296.341    95.429   112.183     3.367    13.387   318.536     0.000     0.386     1.718
 148.7395833   579.132    -1.337    45.147   425.035    27.899     0.608   147.543   447.366   298.264   108.207   127.186     1.751    17.227   377.184     0.000     0.364     2.079
 148.7604167   624.318    -0.689    50.120   461.169    27.778     0.725   157.687   457.477   299.219   112.696   137.402     3.037    21.669   424.105     0.000     0.362     1.023
 148.7812500   658.751     7.550    61.039   473.106    26.699     0.713   165.324   465.683   300.221   115.843   145.258     4.207    25.208   440.390     0.000     0.366     1.213
 148.8020833   690.642    18.872    83.272   468.637    25.394     0.714   172.014   472.770   301.027   118.809   152.293     5.224    28.260   447.203     0.000     0.369     1.053
 148.8229167   699.341     8.660    98.431   476.585    24.545     0.658   173.795   477.394   301.496   115.101   152.248     6.715    30.431   447.752     0.000     0.376     0.564
 148.8437500   696.676    -8.123    96.492   498.929    23.861     0.654   173.546   480.247   301.974   108.870   149.620     7.750    33.000   450.613     0.000     0.376     0.507
 148.8645833   682.219     0.804    85.612   492.847    22.998     0.574   171.348   483.967   302.446   102.529   145.990     8.393    35.068   451.534     0.000     0.391     0.425
 148.8854167   664.497     7.410    78.280   480.927    21.924     0.480   168.543   487.834   302.955    97.407   142.495     8.568    36.520   444.159     0.000     0.413     0.473
 148.9062500   626.016     6.718    50.975   478.347    21.547     0.432   161.112   489.698   303.385    89.712   133.607     7.381    36.514   442.036     0.000     0.414     0.265
 148.9270833   583.966     9.347    29.457   464.069    21.496     0.340   152.364   489.568   303.447    81.208   122.844     6.115    35.521   436.773     0.000     0.397    -0.114
 148.9479167   539.129    36.321     9.906   424.698    22.506     0.398   142.130   486.499   303.110    68.751   109.635     6.521    34.363   431.334     0.000     0.406    -0.546
 148.9687500   484.999    25.904   -16.295   420.537    24.185     0.562   129.606   480.430   302.585    55.639    93.658     6.701    31.318   422.397     0.000     0.363    -0.787
 148.9895833   417.670     8.486   -49.958   417.182    24.618     0.511   115.099   476.409   302.293    42.567    78.052     6.433    29.052   400.350     0.000     0.358    -0.607
 149.0104167   346.336     7.262   -76.278   386.593    24.676     0.454    99.337   471.134   301.922    29.480    61.873     5.692    26.700   370.916     0.000     0.343    -0.721
 149.0312500   270.513    50.408   -62.375   264.307    24.407     0.272    81.877   463.105   301.006    19.154    43.928     3.807    20.967   301.871     0.000     0.305    -0.982
 149.0520833   192.967   -21.192   -79.607   289.228    22.805     0.306    64.214   456.748   300.498     5.452    26.576     3.504    17.621   259.188     0.000     0.302    -0.914
 149.0729167   112.061    -9.956   -77.093   208.997    18.939     0.295    45.923   451.477   299.581    -8.869    10.260     3.143    15.986   195.346     0.000     0.296    -1.019
 149.0937500    38.435    -8.173   -54.728   120.743    13.032     0.233    28.727   445.707   298.142   -18.016    -3.568     1.912    12.536   116.601     0.000     0.278    -1.392
 149.1145833   -30.455   -22.988   -28.698    48.920     5.877     0.161    12.021   437.132   296.697   -26.232   -17.658     0.617     7.957    39.050     0.000     0.261    -1.456
 149.1354167   -71.036   -57.407   -21.500    42.930     1.305     0.171     2.426   429.428   295.519   -33.827   -26.182     1.049     6.596     4.354     0.000     0.268    -1.231
 149.1562500   -85.444  -105.136   -20.850    89.689     0.103     0.519     0.177   425.919   293.852   -47.579   -26.508     6.573    14.498     1.984     0.000     0.343    -1.567
 149.1770833   -80.740   -43.476   -11.383    29.673     0.000     0.602     0.000   414.747   291.931   -53.488   -30.358     8.957    14.173     1.670     0.000     0.347    -2.066
 149.1979167   -76.822   -25.803   -15.185    20.293    -0.000     0.567     0.000   406.719   290.646   -54.711   -31.841     9.985    12.885     1.385     0.000     0.346    -1.416
 149.2187500   -75.975   -18.730   -18.418    16.839    -0.000     0.513     0.000   400.745   289.684   -54.581   -32.486    10.377    11.718     1.174     0.000     0.345    -1.086
 149.2395833   -76.858   -16.945   -22.403    17.345    -0.000     0.505     0.000   396.224   288.954   -54.035   -32.682    10.519    10.834     1.038     0.000     0.344    -0.820
 149.2604167   -75.775   -14.992   -23.477    16.577    -0.000     0.566     0.000   392.805   288.353   -53.224   -32.361    10.676    10.187     0.952     0.000     0.345    -0.660
 149.2812500   -74.134   -12.716   -23.296    14.612    -0.000     0.565     0.000   389.876   287.805   -52.131   -31.877    10.636     9.618     0.883     0.000     0.345    -0.602
 149.3020833   -72.881   -11.595   -22.076    13.045    -0.000     0.581     0.000   386.939   287.272   -51.668   -31.790    10.787     9.091     0.803     0.000     0.346    -0.587
 149.3229167   -71.702   -11.034   -22.980    13.649     0.000     0.609     0.000   384.567   286.845   -50.868   -31.421    10.796     8.651     0.749     0.000     0.346    -0.469
 149.3437500   -70.136    -9.692   -24.055    13.880     0.000     0.602     0.000   382.506   286.536   -49.918   -30.919    10.705     8.293     0.713     0.000     0.346    -0.352
 149.3645833   -68.792    -8.993   -27.468    15.796     0.000     0.576     0.000   381.463   286.410   -47.972   -29.713    10.214     8.045     0.724     0.000     0.345    -0.155
 149.3854167   -68.038   -12.182   -26.614    17.525     0.000     0.559     0.000   380.523   286.195   -46.526   -28.762     9.800     7.964     0.758     0.000     0.345    -0.240
 149.4062500   -66.585   -12.338   -22.532    14.947    -0.000     0.536     0.000   378.855   285.811   -46.253   -28.568     9.786     7.900     0.761     0.000     0.345    -0.409
 149.4270833   -64.761    -9.002   -19.338    10.542    -0.000     0.536     0.000   376.776   285.374   -46.490   -28.756    10.037     7.697     0.720     0.000     0.345    -0.472
 149.4479167   -64.373    -5.396   -19.256     7.337     0.000     0.484     0.000   374.562   284.976   -46.610   -29.081    10.162     7.367     0.655     0.000     0.344    -0.448
 149.4687500   -64.380    -2.123   -21.057     5.347    -0.000     0.446     0.000   372.727   284.694   -46.220   -29.141    10.129     6.950     0.583     0.000     0.342    -0.327
 149.4895833   -64.484    -2.373   -22.318     5.820    -0.000     0.433     0.000   371.507   284.462   -45.355   -28.801     9.949     6.604     0.537     0.005     0.341    -0.259
 149.5104167   -63.442    -3.681   -18.919     4.693     0.064     0.419     0.108   369.909   284.090   -45.144   -28.835    10.041     6.268     0.473     0.018     0.341    -0.392
 149.5312500   -56.377    -2.722   -15.455     5.976     0.960     0.335     1.787   368.163   283.786   -43.920   -28.132     9.868     5.920     1.632     0.015     0.336    -0.255
 149.5520833   -29.425     7.234   -10.634    12.259     4.706     0.278     9.800   368.308   283.911   -38.572   -23.546     9.405     5.621    11.810     0.006     0.336     0.288
 149.5729167    18.780    21.750    -4.966    27.454    10.417     0.216    21.764   372.025   284.828   -26.626   -12.742     8.514     5.369    30.821     0.002     0.350     1.168
 149.5937500    83.573    28.988     3.009    59.258    15.217     0.265    37.729   379.747   286.255    -9.374     3.930     7.668     5.636    60.838     0.000     0.390     1.693
 149.6145833   161.206    42.543    21.226    81.666    18.963     0.143    56.229   390.295   287.864    13.358    25.033     5.715     5.960    93.045     0.000     0.365     2.414
 149.6354167   237.249    37.145    51.021   114.159    21.546     0.097    73.271   399.356   289.206    33.005    43.956     4.549     6.401   124.063     0.000     0.364     1.918
 149.6562500   312.826    27.985    76.461   157.952    23.641     0.117    89.735   407.570   290.345    49.062    61.208     4.672     7.474   160.503     0.000     0.364     1.366
 149.6770833   388.394    32.283    99.112   194.104    25.277     0.184   105.734   413.914   291.538    61.342    76.135     5.743     9.049   198.871     0.000     0.364     1.552
 149.6979167   451.034    45.024   105.658   219.625    26.836     0.105   119.978   425.135   293.052    78.495    93.541     5.079     9.967   231.503     0.000     0.364     2.232
 149.7187500   508.960    28.882   114.606   273.710    27.752     0.100   132.529   434.233   294.438    90.242   106.936     5.115    11.579   269.302     0.000     0.364     1.520
 149.7395833   570.840     2.580   128.972   342.459    28.310     0.167   145.133   439.516   295.445    96.014   117.137     6.519    14.604   314.732     0.000     0.364     0.815
 149.7604167   618.602    11.076   145.617   360.326    28.212     0.194   155.264   445.163   296.366   100.322   125.606     7.810    17.475   339.940     0.000     0.364     1.262
 149.7812500   655.221    12.804   160.320   373.476    27.376     0.160   163.409   453.342   297.287   107.467   135.015     7.926    19.622   352.483     0.000     0.364     1.153
 149.8020833   691.253     2.325   186.292   398.578    27.321     0.301   170.095   455.635   297.785   104.010   137.328    10.330    22.988   370.613     0.000     0.388     0.047
 149.8229167   700.940    18.347   180.614   402.067    27.443     0.418   172.435   461.065   298.274    99.654   138.642    13.481    25.507   387.444     0.000     0.407     0.259
 149.8437500   703.231     6.869   169.456   433.159    27.524     0.566   173.102   463.724   298.802    93.305   137.351    16.183    27.863   403.947     0.000     0.397     0.442
 149.8645833   693.896     9.916   156.033   437.363    27.005     0.589   171.593   467.556   299.344    90.065   135.697    16.371    29.260   409.699     0.000     0.395     0.519
 149.8854167   675.095     1.409   139.816   449.295    27.073     0.664   167.887   468.218   299.656    84.392   129.646    15.449    29.805   415.971     0.000     0.376     0.184
 149.9062500   641.187     3.250   111.530   450.624    26.960     0.703   161.328   468.836   299.911    75.721   121.217    14.906    30.591   419.216     0.000     0.369     0.062
 149.9270833   596.676    19.309    86.679   424.188    27.061     0.695   152.536   468.300   300.073    66.489   110.475    14.132    29.854   411.018     0.000     0.367     0.012
 149.9479167   548.603     9.181    53.423   427.224    27.000     0.692   142.832   468.282   300.235    58.822   100.354    12.750    28.782   404.951     0.000     0.364    -0.047
 149.9687500   489.299    -2.495    23.640   421.390    26.879     0.699   130.531   466.129   300.095    47.136    86.820    11.809    27.874   392.859     0.000     0.359    -0.374
 149.9895833   421.880     3.285   -11.977   395.756    26.689     0.673   116.079   463.033   299.919    35.290    71.916    10.486    26.139   375.172     0.000     0.356    -0.475
 150.0104167   347.579    -2.087   -39.089   365.891    26.062     0.594    99.861   459.102   299.508    23.530    56.130     8.723    23.878   345.665     0.000     0.352    -0.665
 150.0312500   270.645   -10.989   -45.345   321.097    25.016     0.509    82.365   451.320   298.601     7.037    37.510     8.565    21.908   301.061     0.000     0.345    -1.155
 150.0520833   190.423    -3.929   -55.785   257.888    22.996     0.408    64.167   444.295   297.810    -6.751    20.256     7.739    19.267   244.912     0.000     0.332    -1.000
 150.0729167   109.190   -13.834   -50.085   191.375    19.287     0.305    46.076   438.918   296.888   -17.231     4.992     6.137    16.087   174.210     0.000     0.315    -1.034
 150.0937500    30.998   -70.796   -37.999   173.024    13.447     0.327    28.813   432.117   295.436   -31.697    -9.959     6.528    15.209   111.819     0.000     0.323    -1.534
 150.1145833   -34.615   -80.909   -13.590   111.408     6.844     0.467    13.731   422.328   293.089   -49.162   -23.982     9.025    16.155    51.822     0.000     0.344    -2.362
 150.1354167   -73.754   -48.971     1.229    37.423     1.835     0.595     3.441   410.171   290.903   -61.049   -34.568    11.514    14.968     7.684     0.000     0.349    -2.387
 150.1562500   -82.376   -30.912   -16.012    28.287     0.174     0.619     0.307   401.609   289.772   -62.422   -36.805    12.186    13.431     1.470     0.000     0.347    -1.318
 150.1770833   -81.873   -23.111   -25.850    26.670    -0.000     0.600     0.000   397.416   289.122   -58.837   -34.943    11.475    12.419     1.343     0.000     0.346    -0.745
 150.1979167   -81.838   -20.937   -22.745    20.580     0.000     0.594     0.000   392.986   288.272   -57.787   -34.651    11.450    11.686     1.254     0.000     0.346    -0.949
 150.2187500   -80.794   -13.854   -22.930    14.117     0.000     0.589     0.000   388.713   287.526   -57.306   -34.720    11.664    10.922     1.132     0.000     0.346    -0.822
 150.2395833   -79.165    -6.493   -25.545     9.596    -0.000     0.639     0.000   385.472   287.020   -56.156   -34.269    11.747    10.140     1.018     0.000     0.346    -0.567
 150.2604167   -77.472    -1.536   -28.452     6.618     0.000     0.608     0.000   383.432   286.684   -53.720   -33.048    11.299     9.372     0.930     0.000     0.345    -0.383
 150.2812500   -76.043    -3.166   -26.603     6.292     0.000     0.565     0.000   381.311   286.278   -52.114   -32.383    11.049     8.681     0.831     0.000     0.345    -0.453
 150.3020833   -75.500    -5.783   -26.038     8.105     0.000     0.592     0.000   379.202   285.870   -51.339   -32.113    11.067     8.160     0.753     0.000     0.345    -0.444
 150.3229167   -74.318    -4.630   -24.849     6.337     0.000     0.645     0.000   377.170   285.458   -50.734   -31.878    11.173     7.683     0.677     0.000     0.347    -0.443
 150.3437500   -72.619    -3.402   -24.289     5.539    -0.000     0.675     0.000   375.202   285.107   -50.086   -31.630    11.265     7.191     0.595     0.000     0.347    -0.381
 150.3645833   -70.743    -2.564   -25.297     6.349     0.000     0.693     0.000   373.850   284.881   -48.978   -30.911    11.267     6.801     0.544     0.000     0.347    -0.254
 150.3854167   -69.326    -1.721   -25.645     5.619    -0.000     0.585     0.000   372.617   284.678   -47.337   -30.214    10.725     6.398     0.499     0.000     0.345    -0.241
 150.4062500   -68.198    -2.545   -25.317     6.095    -0.000     0.509     0.000   371.430   284.478   -46.200   -29.704    10.425     6.072     0.458     0.000     0.343    -0.231
 150.4270833   -67.261    -3.166   -25.160     6.483     0.000     0.449     0.000   370.321   284.267   -45.170   -29.250    10.111     5.809     0.428     0.000     0.341    -0.248
 150.4479167   -66.320    -1.234   -25.099     4.208    -0.000     0.311     0.000   368.527   283.938   -43.816   -29.257     9.130     5.429     0.373     0.000     0.325    -0.379
 150.4687500   -64.824    -0.766   -24.928     2.440     0.000     0.212     0.000   366.266   283.167   -40.775   -29.657     6.426     4.692     0.298     0.007     0.292    -0.796
 150.4895833   -60.816    -0.387   -23.632     1.347    -0.000     0.119     0.000   361.706   282.693   -37.593   -31.928     2.421     3.243     0.171     0.001     0.261    -0.552
 150.5104167   -60.152    -1.105   -22.873     1.284     0.054     0.109     0.091   360.376   282.506   -37.269   -32.502     2.076     2.691     0.123     0.000     0.261    -0.190
 150.5312500   -56.850     2.099   -23.903     0.702     0.907     0.123     1.676   360.586   282.654   -35.989   -31.464     2.086     2.438     0.427     0.000     0.261     0.241
 150.5520833   -32.277    13.637   -17.764     0.496     4.788     0.114     9.951   364.055   283.374   -29.683   -25.257     2.072     2.355     5.379     0.000     0.261     1.037
 150.5729167    16.987    26.622    -8.744    14.253    10.890     0.112    23.142   371.676   284.989   -17.131   -11.655     2.793     2.683    21.271     0.000     0.283     1.988
 150.5937500    78.878    20.029     0.580    63.790    15.405     0.284    38.185   380.327   286.450    -7.119     4.553     6.868     4.804    58.125     0.000     0.375     1.599
 150.6145833   152.965    17.198    24.097    98.806    18.591     0.332    55.090   387.948   287.518    11.431    22.662     5.695     5.536    93.919     0.000     0.391     1.433
 150.6354167   233.418    12.301    70.614   123.872    20.836     0.303    72.485   393.391   288.042    25.634    38.818     6.646     6.538   121.410     0.000     0.413     0.997
 150.6562500   315.200    19.631   104.290   149.538    22.748     0.244    89.955   399.129   288.836    40.341    55.375     7.512     7.522   149.137     0.000     0.383     1.400
 150.6770833   389.235    26.246   127.150   179.065    24.545     0.209   106.072   406.326   289.825    55.257    71.878     7.942     8.680   181.112     0.000     0.364     1.517
 150.6979167   454.715    29.911   145.460   208.649    26.202     0.163   120.499   414.830   290.881    69.168    87.218     8.246     9.804   212.228     0.000     0.364     1.527
 150.7187500   515.061    21.007   163.153   252.323    27.292     0.188   133.175   420.823   291.911    77.403    98.430     9.437    11.590   245.599     0.000     0.364     1.176
 150.7395833   571.334    29.171   168.095   284.898    28.205     0.184   145.130   428.492   293.150    87.595   110.723     9.801    13.327   281.478     0.000     0.364     1.575
 150.7604167   614.783    31.536   176.181   309.447    28.562     0.151   154.412   436.838   294.285    95.982   120.962     9.917    15.062   308.476     0.000     0.364     1.637
 150.7812500   652.676    17.979   197.779   334.733    28.452     0.147   162.309   444.022   294.959   101.524   128.823    10.466    16.834   325.193     0.000     0.364     0.661
 150.8020833   692.508    -0.577   233.566   365.251    28.686     0.331   169.214   443.807   295.370    94.583   129.317    14.775    19.959   338.982     0.000     0.391    -0.315
 150.8229167   705.819     9.471   235.413   372.146    28.623     0.525   171.738   446.107   296.007    88.185   129.916    19.087    22.645   349.157     0.000     0.403     0.605
 150.8437500   707.677    -0.087   234.934   387.663    28.665     0.650   172.353   447.751   296.224    85.033   128.795    19.746    24.016   360.008     0.000     0.379     0.133
 150.8645833   699.971     5.944   223.020   390.919    28.692     0.677   171.151   449.596   296.586    79.765   125.640    20.711    25.164   366.085     0.000     0.376     0.323
 150.8854167   679.606    10.063   201.556   391.951    28.527     0.648   167.392   452.039   297.036    75.687   121.115    19.725    25.703   369.284     0.000     0.378     0.350
 150.9062500   645.565     5.973   174.956   398.351    28.703     0.740   160.703   452.531   297.223    66.337   112.502    20.011    26.154   374.988     0.000     0.368    -0.052
 150.9270833   601.859     2.763   143.476   397.950    28.659     0.755   151.947   452.852   297.313    57.759   102.843    19.184    25.900   373.285     0.000     0.365    -0.089
 150.9479167   556.788    -5.622   118.698   396.975    28.493     0.803   142.652   450.881   297.236    47.049    91.959    19.266    25.643   366.649     0.000     0.360    -0.312
 150.9687500   494.389    -2.843    71.717   388.205    27.992     0.787   129.303   449.809   297.424    37.408    79.312    17.196    24.708   357.508     0.000     0.358    -0.097
 150.9895833   424.828    -7.731    25.392   379.967    27.230     0.785   114.460   448.651   297.469    27.452    66.066    14.865    23.749   347.487     0.000     0.355    -0.252
 151.0104167   351.736   -14.252    -3.439   354.462    26.271     0.749    98.898   445.001   297.002    15.712    50.901    12.904    22.284   324.771     0.000     0.353    -0.748
 151.0312500   274.638   -22.145   -21.974   320.167    24.811     0.774    82.262   438.411   296.137    -0.282    33.514    12.762    21.034   290.022     0.000     0.350    -1.128
 151.0520833   193.233   -19.891   -35.505   264.516    22.681     0.736    64.403   431.284   295.081   -14.606    15.993    11.686    18.913   241.730     0.000     0.348    -1.280
 151.0729167   112.843   -26.390   -34.978   204.168    19.349     0.714    46.679   424.258   293.762   -28.504    -0.331    11.265    16.907   181.238     0.000     0.348    -1.454
 151.0937500    39.391   -25.969   -24.244   132.049    14.073     0.674    29.728   416.522   292.426   -41.011   -14.824    11.214    14.973   111.816     0.000     0.348    -1.434
 151.1145833   -21.688   -20.674   -20.749    68.883     7.566     0.622    14.835   410.772   291.423   -48.082   -24.210    10.650    13.222    50.685     0.000     0.347    -1.066
 151.1354167   -60.561   -23.718   -11.003    27.608     2.312     0.609     4.352   405.082   290.299   -52.212   -29.920    10.466    11.826     9.756     0.000     0.348    -1.235
 151.1562500   -70.767   -20.113   -12.215    16.028     0.259     0.635     0.465   399.062   289.269   -53.298   -31.892    10.753    10.654     1.394     0.000     0.348    -1.170
 151.1770833   -70.221    -9.836   -18.706    10.866     0.002     0.642     0.004   394.642   288.644   -51.819   -31.456    10.712     9.651     1.029     0.000     0.347    -0.726
 151.1979167   -69.521    -4.377   -23.819     7.906    -0.000     0.469     0.000   391.798   288.230   -48.737   -30.145     9.884     8.707     0.917     0.000     0.342    -0.493
 151.2187500   -68.752   -12.093   -19.478    11.049     0.000     0.501     0.000   389.184   287.624   -47.591   -29.648     9.846     8.097     0.828     0.000     0.344    -0.638
 151.2395833   -67.379   -15.336   -14.244    11.690     0.000     0.632     0.000   385.530   286.874   -48.680   -30.409    10.616     7.656     0.720     0.000     0.348    -0.809
 151.2604167   -66.244   -11.592   -15.528    10.193    -0.000     0.644     0.000   382.335   286.290   -48.677   -30.599    10.892     7.186     0.632     0.000     0.348    -0.641
 151.2812500   -65.042   -11.117   -14.018     9.354     0.000     0.610     0.000   379.276   285.715   -48.627   -30.797    11.099     6.731     0.545     0.000     0.348    -0.635
 151.3020833   -64.184    -9.968   -14.546     9.282     0.000     0.568     0.000   376.538   285.240   -48.425   -30.877    11.208     6.340     0.477     0.000     0.347    -0.527
 151.3229167   -63.152    -5.735   -16.736     7.345    -0.000     0.580     0.000   374.531   284.937   -47.681   -30.517    11.185     5.979     0.426     0.000     0.347    -0.346
 151.3437500   -62.369    -2.568   -19.399     5.758    -0.000     0.525     0.000   373.324   284.753   -45.941   -29.598    10.731     5.612     0.392     0.000     0.345    -0.220
 151.3645833   -62.983    -4.468   -19.064     5.881     0.000     0.501     0.000   371.989   284.483   -45.021   -29.225    10.494     5.302     0.353     0.000     0.345    -0.311
 151.3854167   -63.816    -4.760   -19.925     5.908     0.000     0.490     0.000   370.385   284.216   -44.727   -29.230    10.462     5.035     0.310     0.000     0.344    -0.312
 151.4062500   -64.126    -1.461   -24.317     5.444     0.000     0.489     0.000   369.406   284.148   -43.691   -28.697    10.212     4.782     0.285     0.000     0.343    -0.100
 151.4270833   -64.595     6.134   -34.435     4.615     0.000     0.487     0.000   369.733   284.493   -41.201   -27.190     9.437     4.574     0.301     0.000     0.340     0.292
 151.4479167   -66.064     8.870   -40.675     2.065     0.000     0.335     0.000   371.135   284.748   -36.498   -24.930     7.290     4.278     0.341     0.000     0.320     0.174
 151.4687500   -63.072    -8.028   -18.691    -0.824    -0.000     0.162     0.000   367.046   283.302   -34.095   -27.089     3.621     3.385     0.201     0.000     0.274    -1.433
 151.4895833   -59.058    -7.300   -14.359    -1.583     0.000     0.113     0.000   361.488   282.378   -34.985   -30.567     1.937     2.481     0.031    -0.037     0.261    -0.830
 151.5104167   -56.199    -7.843   -13.056     1.534     0.057     0.077     0.096   357.681   281.601   -36.155   -32.291     1.810     2.054    -0.080    -0.361     0.261    -0.679
 151.5312500   -49.552    -1.392   -14.241     1.049     0.937     0.061     1.731   356.524   281.568   -35.095   -31.582     1.758     1.754    -0.794    -0.857     0.261     0.126
 151.5520833   -25.387     8.609    -8.062     0.871     4.824     0.033     9.946   360.597   282.495   -28.134   -24.802     1.715     1.617    -0.267    -0.242     0.261     1.328
 151.5729167    18.145    28.399    -7.551     9.671    10.652     0.052    22.455   370.644   284.690   -14.677   -10.542     2.258     1.878    13.572     1.120     0.278     2.303
 151.5937500    79.091     8.731    27.656    51.262    15.058     0.203    37.149   377.239   285.398    -9.316     2.796     7.972     4.139    44.812     2.523     0.392     0.758
 151.6145833   140.319    23.480    46.664    63.452    17.747     0.349    50.685   382.884   286.330     5.444    17.179     7.363     4.371    67.751     0.235     0.401     1.279
 151.6354167   219.896    17.412    84.954    95.068    20.076     0.419    68.143   388.483   287.133    21.273    33.900     7.574     5.052    94.902     0.000     0.395     1.189
 151.6562500   306.347    27.907   114.516   123.097    22.393     0.318    87.070   396.195   288.321    38.936    53.085     8.165     5.984   126.113     0.000     0.395     1.891
 151.6770833   383.713    34.190   123.929   165.106    24.592     0.182   104.224   406.355   289.868    58.262    72.380     7.104     7.014   168.124     0.000     0.364     2.227
 151.6979167   450.856    27.853   141.418   207.048    26.333     0.139   119.106   416.249   291.044    72.878    88.305     7.037     8.390   208.131     0.000     0.364     1.658
 151.7187500   512.048    22.542   165.772   241.930    27.436     0.145   132.164   422.659   291.968    80.555    99.210     8.504    10.151   239.898     0.000     0.364     1.250
 151.7395833   570.256    27.103   173.391   277.398    28.314     0.133   144.787   430.801   293.093    90.880   111.720     9.015    11.825   275.131     0.000     0.364     1.484
 151.7604167   616.739    21.247   189.012   309.877    28.707     0.139   154.463   436.710   293.984    95.507   119.628    10.263    13.858   303.381     0.000     0.364     1.096
 151.7812500   657.997     0.435   212.474   347.459    28.870     0.190   162.621   441.343   294.328    97.917   125.575    11.731    15.927   326.557     0.000     0.367    -0.287
 151.8020833   695.605     1.732   245.937   363.013    29.143     0.515   169.169   438.642   294.708    84.848   124.216    19.858    19.510   339.849     0.000     0.403     0.075
 151.8229167   712.983     9.595   248.465   368.603    29.060     0.569   172.769   441.480   295.221    85.751   127.475    20.857    20.866   349.405     0.000     0.394     0.569
 151.8437500   715.707     9.088   243.750   378.269    28.942     0.579   173.456   444.545   295.755    84.062   127.277    21.115    22.101   356.998     0.000     0.392     0.539
 151.8645833   706.904     9.819   229.803   386.519    28.823     0.613   171.858   446.984   296.348    80.238   124.348    20.911    23.198   363.962     0.000     0.384     0.525
 151.8854167   685.673    12.513   204.679   391.473    28.679     0.637   167.973   450.039   296.979    76.502   119.985    19.653    23.830   370.342     0.000     0.378     0.506
 151.9062500   649.496     5.309   177.471   398.075    28.563     0.677   160.869   451.245   297.352    68.459   111.456    18.682    24.315   373.150     0.000     0.370     0.181
 151.9270833   604.068     8.790   138.475   398.356    28.588     0.773   151.752   451.847   297.676    58.389   101.511    18.638    24.483   377.370     0.000     0.362     0.058
 151.9479167   554.610    14.598    98.644   388.924    28.344     0.752   141.758   453.183   298.018    52.291    92.439    16.460    23.687   374.446     0.000     0.360     0.153
 151.9687500   492.820     5.131    65.187   380.077    27.953     0.718   128.765   452.416   298.041    42.649    79.732    14.512    22.571   362.005     0.000     0.359    -0.225
 151.9895833   432.525    -3.175    31.822   371.183    27.407     0.685   115.916   450.450   297.973    32.936    67.147    12.777    21.434   347.417     0.000     0.356    -0.241
