# PROBE mlrungekuttamod.rungekuttaupdate_flat: call=12
# irk = 4
# num_filter = 1
# np_ = 1
# INPUT: a(4,4)
 1.00000000000000004E+036
 5.00000000000000000E-001
 0.00000000000000000E+000
 0.00000000000000000E+000
 1.00000000000000004E+036
 1.00000000000000004E+036
 5.00000000000000000E-001
 0.00000000000000000E+000
 1.00000000000000004E+036
 1.00000000000000004E+036
 1.00000000000000004E+036
 1.00000000000000000E+000
 1.00000000000000004E+036
 1.00000000000000004E+036
 1.00000000000000004E+036
 1.00000000000000004E+036
# INPUT: b(4)
 1.66666666666666657E-001
 3.33333333333333315E-001
 3.33333333333333315E-001
 1.66666666666666657E-001
# INPUT: c(4)
 0.00000000000000000E+000
 5.00000000000000000E-001
 5.00000000000000000E-001
 1.00000000000000000E+000
# INPUT: filter(1)
1
# INPUT: mlcanopy_inst__deair_profile(1,100,4)
 1.09819209637425047E+002
 1.07081582881694430E+002
 1.03300770823952689E+002
 9.89155086328391917E+001
 9.41962994183381852E+001
 8.93245989954959896E+001
 8.43894414461917677E+001
 7.95200321637373690E+001
 7.47850409006928203E+001
 7.02359494806512430E+001
 6.59088165411724276E+001
 6.18320199699828663E+001
 5.80215435823461121E+001
 5.44617452781308202E+001
 5.11798452733862632E+001
 4.81667487581469231E+001
 4.54026140413286612E+001
 4.28813275813110977E+001
 4.05950406341962662E+001
 3.85355276837221936E+001
 3.66993019929750517E+001
 3.50461619198867993E+001
 3.34978275913977086E+001
 3.19871613150410212E+001
 3.05150864755139537E+001
 2.90657855369199751E+001
 2.76051222623741523E+001
 2.61690881782448059E+001
 2.47197828721734822E+001
 2.32870830899312296E+001
 2.18445030007277410E+001
 2.04108761688573850E+001
 1.89747915641539748E+001
 1.75395486764869020E+001
 1.61094155071407386E+001
 1.46766250072424782E+001
 1.32534737055005962E+001
 1.18281549273361861E+001
 1.04122307373262402E+001
 8.99862713161007832E+000
 7.59300127228607380E+000
 6.19342802731750908E+000
 4.80072698819355992E+000
 3.41831426129351712E+000
 2.04323717888473766E+000
 6.79158583473963517E-001
 1.00000000000000004E+036
 1.00000000000000004E+036
 1.00000000000000004E+036
 1.00000000000000004E+036
 1.00000000000000004E+036
 1.00000000000000004E+036
 1.00000000000000004E+036
 1.00000000000000004E+036
 1.00000000000000004E+036
 1.00000000000000004E+036
 1.00000000000000004E+036
 1.00000000000000004E+036
 1.00000000000000004E+036
 1.00000000000000004E+036
 1.00000000000000004E+036
 1.00000000000000004E+036
 1.00000000000000004E+036
 1.00000000000000004E+036
 1.00000000000000004E+036
 1.00000000000000004E+036
 1.00000000000000004E+036
 1.00000000000000004E+036
 1.00000000000000004E+036
 1.00000000000000004E+036
 1.00000000000000004E+036
 1.00000000000000004E+036
 1.00000000000000004E+036
 1.00000000000000004E+036
 1.00000000000000004E+036
 1.00000000000000004E+036
 1.00000000000000004E+036
 1.00000000000000004E+036
 1.00000000000000004E+036
 1.00000000000000004E+036
 1.00000000000000004E+036
 1.00000000000000004E+036
 1.00000000000000004E+036
 1.00000000000000004E+036
 1.00000000000000004E+036
 1.00000000000000004E+036
 1.00000000000000004E+036
 1.00000000000000004E+036
 1.00000000000000004E+036
 1.00000000000000004E+036
 1.00000000000000004E+036
 1.00000000000000004E+036
 1.00000000000000004E+036
 1.00000000000000004E+036
 1.00000000000000004E+036
 1.00000000000000004E+036
 1.00000000000000004E+036
 1.00000000000000004E+036
 1.00000000000000004E+036
 1.00000000000000004E+036
 1.16376929820363102E+002
 1.12653122356951144E+002
 1.08439881239073884E+002
 1.03979316987028142E+002
 9.93765897538039553E+001
 9.47184417132868930E+001
 9.00633859879378633E+001
 8.54954084959122156E+001
 8.10477681350705552E+001
 7.67140370895838259E+001
 7.25229045890278030E+001
 6.84970720026974504E+001
 6.46618577356866808E+001
 6.10279130547251043E+001
 5.76002267466885769E+001
 5.43762445578927327E+001
 5.13437100241910684E+001
 4.85063114691508872E+001
 4.58687779206134110E+001
 4.34422570600700055E+001
 4.12712946485482917E+001
 3.93394217393483814E+001
 3.75603004324070753E+001
 3.58224776662473232E+001
 3.41534189569158571E+001
 3.25005137238540556E+001
 3.08577998623148915E+001
 2.92377370319036345E+001
 2.76083225003861799E+001
 2.60022438048010827E+001
 2.43823321308173036E+001
 2.27819928684450588E+001
 2.11713953863431925E+001
 1.95728228034658969E+001
 1.79718109467477234E+001
 1.63778644031079921E+001
 1.47872471348043746E+001
 1.32015231880892543E+001
 1.16211345753175692E+001
 1.00472811850971766E+001
 8.47932551783003419E+000
 6.91900993263652708E+000
 5.36533342668008117E+000
 3.82173187911382684E+000
 2.28588088886397145E+000
 7.59848750753462809E-001
 1.00000000000000004E+036
 1.00000000000000004E+036
 1.00000000000000004E+036
 1.00000000000000004E+036
 1.00000000000000004E+036
 1.00000000000000004E+036
 1.00000000000000004E+036
 1.00000000000000004E+036
 1.00000000000000004E+036
 1.00000000000000004E+036
 1.00000000000000004E+036
 1.00000000000000004E+036
 1.00000000000000004E+036
 1.00000000000000004E+036
 1.00000000000000004E+036
 1.00000000000000004E+036
 1.00000000000000004E+036
 1.00000000000000004E+036
 1.00000000000000004E+036
 1.00000000000000004E+036
 1.00000000000000004E+036
 1.00000000000000004E+036
 1.00000000000000004E+036
 1.00000000000000004E+036
 1.00000000000000004E+036
 1.00000000000000004E+036
 1.00000000000000004E+036
 1.00000000000000004E+036
 1.00000000000000004E+036
 1.00000000000000004E+036
 1.00000000000000004E+036
 1.00000000000000004E+036
 1.00000000000000004E+036
 1.00000000000000004E+036
 1.00000000000000004E+036
 1.00000000000000004E+036
 1.00000000000000004E+036
 1.00000000000000004E+036
 1.00000000000000004E+036
 1.00000000000000004E+036
 1.00000000000000004E+036
 1.00000000000000004E+036
 1.00000000000000004E+036
 1.00000000000000004E+036
 1.00000000000000004E+036
 1.00000000000000004E+036
 1.00000000000000004E+036
 1.00000000000000004E+036
 1.00000000000000004E+036
 1.00000000000000004E+036
 1.00000000000000004E+036
 1.00000000000000004E+036
 1.00000000000000004E+036
 1.00000000000000004E+036
 1.17685875965264131E+002
 1.13727728049595044E+002
 1.09404628952878056E+002
 1.04914332855509201E+002
 1.00331437023023000E+002
 9.57214840446195012E+001
 9.11295264024593052E+001
 8.66270607867056697E+001
 8.22425022225738758E+001
 7.79609298729330931E+001
 7.38107206782603953E+001
 6.98130906303881602E+001
 6.59923940454302738E+001
 6.23569532844819605E+001
 5.89110719469663309E+001
 5.56528762166478828E+001
 5.25746466176940430E+001
 4.96779391202771876E+001
 4.69701432107267465E+001
 4.44700286304228030E+001
 4.22287676284743156E+001
 4.02386053870548039E+001
 3.84115549635148454E+001
 3.66263517213344585E+001
 3.49164472438460507E+001
 3.32210520308028663E+001
 3.15405370173131132E+001
 2.98806589474381781E+001
 2.82151245180560863E+001
 2.65709588871166034E+001
 2.49158645448366087E+001
 2.32786248985757993E+001
 2.16335261050064673E+001
 1.99999426234579687E+001
 1.83639137329722644E+001
 1.67361837163209657E+001
 1.51104072670314054E+001
 1.34910372137431978E+001
 1.18757783897839317E+001
 1.02685296177908185E+001
 8.66593287794250955E+000
 7.07225376073290590E+000
 5.48420088325872257E+000
 3.90708492202486468E+000
 2.33682309069763505E+000
 7.77102974990839357E-001
 1.00000000000000004E+036
 1.00000000000000004E+036
 1.00000000000000004E+036
 1.00000000000000004E+036
 1.00000000000000004E+036
 1.00000000000000004E+036
 1.00000000000000004E+036
 1.00000000000000004E+036
 1.00000000000000004E+036
 1.00000000000000004E+036
 1.00000000000000004E+036
 1.00000000000000004E+036
 1.00000000000000004E+036
 1.00000000000000004E+036
 1.00000000000000004E+036
 1.00000000000000004E+036
 1.00000000000000004E+036
 1.00000000000000004E+036
 1.00000000000000004E+036
 1.00000000000000004E+036
 1.00000000000000004E+036
 1.00000000000000004E+036
 1.00000000000000004E+036
 1.00000000000000004E+036
 1.00000000000000004E+036
 1.00000000000000004E+036
 1.00000000000000004E+036
 1.00000000000000004E+036
 1.00000000000000004E+036
 1.00000000000000004E+036
 1.00000000000000004E+036
 1.00000000000000004E+036
 1.00000000000000004E+036
 1.00000000000000004E+036
 1.00000000000000004E+036
 1.00000000000000004E+036
 1.00000000000000004E+036
 1.00000000000000004E+036
 1.00000000000000004E+036
 1.00000000000000004E+036
 1.00000000000000004E+036
 1.00000000000000004E+036
 1.00000000000000004E+036
 1.00000000000000004E+036
 1.00000000000000004E+036
 1.00000000000000004E+036
 1.00000000000000004E+036
 1.00000000000000004E+036
 1.00000000000000004E+036
 1.00000000000000004E+036
 1.00000000000000004E+036
 1.00000000000000004E+036
 1.00000000000000004E+036
 1.00000000000000004E+036
 1.70811347176756044E+002
 1.62345709861680916E+002
 1.56085379418240564E+002
 1.51314719388122057E+002
 1.47485338185677165E+002
 1.44179807167033459E+002
 1.41099534578537941E+002
 1.38037013679656638E+002
 1.34826219670299224E+002
 1.31424937731166210E+002
 1.27762281841376307E+002
 1.23818517781639230E+002
 1.19635165993024430E+002
 1.15228348081888043E+002
 1.10599002362541341E+002
 1.05770025852039225E+002
 1.00785505400768898E+002
 9.56940341884291001E+001
 9.05648367021376544E+001
 8.55156257322513511E+001
 8.07739107062122912E+001
 7.66541058558489112E+001
 7.28211201483837840E+001
 6.92612924981383458E+001
 6.57731447397748070E+001
 6.23941384378472321E+001
 5.90695464318520180E+001
 5.58034247046526843E+001
 5.25851979143545805E+001
 4.93901813625259365E+001
 4.62318392086019685E+001
 4.30924419569051906E+001
 3.99856931137969696E+001
 3.68993831250370476E+001
 3.38349498485194999E+001
 3.07916989381229769E+001
 2.77672136579770950E+001
 2.47669208754894044E+001
 2.17825293922908259E+001
 1.88187643722110352E+001
 1.58733918685604749E+001
 1.29467413894146830E+001
 1.00399246675407312E+001
 7.14885668560430076E+000
 4.27645531597522677E+000
 1.42045632055283022E+000
 1.00000000000000004E+036
 1.00000000000000004E+036
 1.00000000000000004E+036
 1.00000000000000004E+036
 1.00000000000000004E+036
 1.00000000000000004E+036
 1.00000000000000004E+036
 1.00000000000000004E+036
 1.00000000000000004E+036
 1.00000000000000004E+036
 1.00000000000000004E+036
 1.00000000000000004E+036
 1.00000000000000004E+036
 1.00000000000000004E+036
 1.00000000000000004E+036
 1.00000000000000004E+036
 1.00000000000000004E+036
 1.00000000000000004E+036
 1.00000000000000004E+036
 1.00000000000000004E+036
 1.00000000000000004E+036
 1.00000000000000004E+036
 1.00000000000000004E+036
 1.00000000000000004E+036
 1.00000000000000004E+036
 1.00000000000000004E+036
 1.00000000000000004E+036
 1.00000000000000004E+036
 1.00000000000000004E+036
 1.00000000000000004E+036
 1.00000000000000004E+036
 1.00000000000000004E+036
 1.00000000000000004E+036
 1.00000000000000004E+036
 1.00000000000000004E+036
 1.00000000000000004E+036
 1.00000000000000004E+036
 1.00000000000000004E+036
 1.00000000000000004E+036
 1.00000000000000004E+036
 1.00000000000000004E+036
 1.00000000000000004E+036
 1.00000000000000004E+036
 1.00000000000000004E+036
 1.00000000000000004E+036
 1.00000000000000004E+036
 1.00000000000000004E+036
 1.00000000000000004E+036
 1.00000000000000004E+036
 1.00000000000000004E+036
 1.00000000000000004E+036
 1.00000000000000004E+036
 1.00000000000000004E+036
 1.00000000000000004E+036
# INPUT: mlcanopy_inst__dh2ocan_profile(1,100,4)
 0.00000000000000000E+000
 0.00000000000000000E+000
 0.00000000000000000E+000
 0.00000000000000000E+000
 0.00000000000000000E+000
 0.00000000000000000E+000
 0.00000000000000000E+000
 0.00000000000000000E+000
 0.00000000000000000E+000
 0.00000000000000000E+000
 0.00000000000000000E+000
 0.00000000000000000E+000
 0.00000000000000000E+000
 0.00000000000000000E+000
 0.00000000000000000E+000
 0.00000000000000000E+000
 0.00000000000000000E+000
 0.00000000000000000E+000
 0.00000000000000000E+000
 0.00000000000000000E+000
 0.00000000000000000E+000
 0.00000000000000000E+000
 0.00000000000000000E+000
 0.00000000000000000E+000
 0.00000000000000000E+000
 0.00000000000000000E+000
 0.00000000000000000E+000
 0.00000000000000000E+000
 0.00000000000000000E+000
 0.00000000000000000E+000
 0.00000000000000000E+000
 0.00000000000000000E+000
 0.00000000000000000E+000
 0.00000000000000000E+000
 0.00000000000000000E+000
 0.00000000000000000E+000
 0.00000000000000000E+000
 0.00000000000000000E+000
 0.00000000000000000E+000
 0.00000000000000000E+000
 0.00000000000000000E+000
 0.00000000000000000E+000
 0.00000000000000000E+000
 0.00000000000000000E+000
 0.00000000000000000E+000
 0.00000000000000000E+000
 1.00000000000000004E+036
 1.00000000000000004E+036
 1.00000000000000004E+036
 1.00000000000000004E+036
 1.00000000000000004E+036
 1.00000000000000004E+036
 1.00000000000000004E+036
 1.00000000000000004E+036
 1.00000000000000004E+036
 1.00000000000000004E+036
 1.00000000000000004E+036
 1.00000000000000004E+036
 1.00000000000000004E+036
 1.00000000000000004E+036
 1.00000000000000004E+036
 1.00000000000000004E+036
 1.00000000000000004E+036
 1.00000000000000004E+036
 1.00000000000000004E+036
 1.00000000000000004E+036
 1.00000000000000004E+036
 1.00000000000000004E+036
 1.00000000000000004E+036
 1.00000000000000004E+036
 1.00000000000000004E+036
 1.00000000000000004E+036
 1.00000000000000004E+036
 1.00000000000000004E+036
 1.00000000000000004E+036
 1.00000000000000004E+036
 1.00000000000000004E+036
 1.00000000000000004E+036
 1.00000000000000004E+036
 1.00000000000000004E+036
 1.00000000000000004E+036
 1.00000000000000004E+036
 1.00000000000000004E+036
 1.00000000000000004E+036
 1.00000000000000004E+036
 1.00000000000000004E+036
 1.00000000000000004E+036
 1.00000000000000004E+036
 1.00000000000000004E+036
 1.00000000000000004E+036
 1.00000000000000004E+036
 1.00000000000000004E+036
 1.00000000000000004E+036
 1.00000000000000004E+036
 1.00000000000000004E+036
 1.00000000000000004E+036
 1.00000000000000004E+036
 1.00000000000000004E+036
 1.00000000000000004E+036
 1.00000000000000004E+036
 0.00000000000000000E+000
 0.00000000000000000E+000
 0.00000000000000000E+000
 0.00000000000000000E+000
 0.00000000000000000E+000
 0.00000000000000000E+000
 0.00000000000000000E+000
 0.00000000000000000E+000
 0.00000000000000000E+000
 0.00000000000000000E+000
 0.00000000000000000E+000
 0.00000000000000000E+000
 0.00000000000000000E+000
 0.00000000000000000E+000
 0.00000000000000000E+000
 0.00000000000000000E+000
 0.00000000000000000E+000
 0.00000000000000000E+000
 0.00000000000000000E+000
 0.00000000000000000E+000
 0.00000000000000000E+000
 0.00000000000000000E+000
 0.00000000000000000E+000
 0.00000000000000000E+000
 0.00000000000000000E+000
 0.00000000000000000E+000
 0.00000000000000000E+000
 0.00000000000000000E+000
 0.00000000000000000E+000
 0.00000000000000000E+000
 0.00000000000000000E+000
 0.00000000000000000E+000
 0.00000000000000000E+000
 0.00000000000000000E+000
 0.00000000000000000E+000
 0.00000000000000000E+000
 0.00000000000000000E+000
 0.00000000000000000E+000
 0.00000000000000000E+000
 0.00000000000000000E+000
 0.00000000000000000E+000
 0.00000000000000000E+000
 0.00000000000000000E+000
 0.00000000000000000E+000
 0.00000000000000000E+000
 0.00000000000000000E+000
 1.00000000000000004E+036
 1.00000000000000004E+036
 1.00000000000000004E+036
 1.00000000000000004E+036
 1.00000000000000004E+036
 1.00000000000000004E+036
 1.00000000000000004E+036
 1.00000000000000004E+036
 1.00000000000000004E+036
 1.00000000000000004E+036
 1.00000000000000004E+036
 1.00000000000000004E+036
 1.00000000000000004E+036
 1.00000000000000004E+036
 1.00000000000000004E+036
 1.00000000000000004E+036
 1.00000000000000004E+036
 1.00000000000000004E+036
 1.00000000000000004E+036
 1.00000000000000004E+036
 1.00000000000000004E+036
 1.00000000000000004E+036
 1.00000000000000004E+036
 1.00000000000000004E+036
 1.00000000000000004E+036
 1.00000000000000004E+036
 1.00000000000000004E+036
 1.00000000000000004E+036
 1.00000000000000004E+036
 1.00000000000000004E+036
 1.00000000000000004E+036
 1.00000000000000004E+036
 1.00000000000000004E+036
 1.00000000000000004E+036
 1.00000000000000004E+036
 1.00000000000000004E+036
 1.00000000000000004E+036
 1.00000000000000004E+036
 1.00000000000000004E+036
 1.00000000000000004E+036
 1.00000000000000004E+036
 1.00000000000000004E+036
 1.00000000000000004E+036
 1.00000000000000004E+036
 1.00000000000000004E+036
 1.00000000000000004E+036
 1.00000000000000004E+036
 1.00000000000000004E+036
 1.00000000000000004E+036
 1.00000000000000004E+036
 1.00000000000000004E+036
 1.00000000000000004E+036
 1.00000000000000004E+036
 1.00000000000000004E+036
 0.00000000000000000E+000
 0.00000000000000000E+000
 0.00000000000000000E+000
 0.00000000000000000E+000
 0.00000000000000000E+000
 0.00000000000000000E+000
 0.00000000000000000E+000
 0.00000000000000000E+000
 0.00000000000000000E+000
 0.00000000000000000E+000
 0.00000000000000000E+000
 0.00000000000000000E+000
 0.00000000000000000E+000
 0.00000000000000000E+000
 0.00000000000000000E+000
 0.00000000000000000E+000
 0.00000000000000000E+000
 0.00000000000000000E+000
 0.00000000000000000E+000
 0.00000000000000000E+000
 0.00000000000000000E+000
 0.00000000000000000E+000
 0.00000000000000000E+000
 0.00000000000000000E+000
 0.00000000000000000E+000
 0.00000000000000000E+000
 0.00000000000000000E+000
 0.00000000000000000E+000
 0.00000000000000000E+000
 0.00000000000000000E+000
 0.00000000000000000E+000
 0.00000000000000000E+000
 0.00000000000000000E+000
 0.00000000000000000E+000
 0.00000000000000000E+000
 0.00000000000000000E+000
 0.00000000000000000E+000
 0.00000000000000000E+000
 0.00000000000000000E+000
 0.00000000000000000E+000
 0.00000000000000000E+000
 0.00000000000000000E+000
 0.00000000000000000E+000
 0.00000000000000000E+000
 0.00000000000000000E+000
 0.00000000000000000E+000
 1.00000000000000004E+036
 1.00000000000000004E+036
 1.00000000000000004E+036
 1.00000000000000004E+036
 1.00000000000000004E+036
 1.00000000000000004E+036
 1.00000000000000004E+036
 1.00000000000000004E+036
 1.00000000000000004E+036
 1.00000000000000004E+036
 1.00000000000000004E+036
 1.00000000000000004E+036
 1.00000000000000004E+036
 1.00000000000000004E+036
 1.00000000000000004E+036
 1.00000000000000004E+036
 1.00000000000000004E+036
 1.00000000000000004E+036
 1.00000000000000004E+036
 1.00000000000000004E+036
 1.00000000000000004E+036
 1.00000000000000004E+036
 1.00000000000000004E+036
 1.00000000000000004E+036
 1.00000000000000004E+036
 1.00000000000000004E+036
 1.00000000000000004E+036
 1.00000000000000004E+036
 1.00000000000000004E+036
 1.00000000000000004E+036
 1.00000000000000004E+036
 1.00000000000000004E+036
 1.00000000000000004E+036
 1.00000000000000004E+036
 1.00000000000000004E+036
 1.00000000000000004E+036
 1.00000000000000004E+036
 1.00000000000000004E+036
 1.00000000000000004E+036
 1.00000000000000004E+036
 1.00000000000000004E+036
 1.00000000000000004E+036
 1.00000000000000004E+036
 1.00000000000000004E+036
 1.00000000000000004E+036
 1.00000000000000004E+036
 1.00000000000000004E+036
 1.00000000000000004E+036
 1.00000000000000004E+036
 1.00000000000000004E+036
 1.00000000000000004E+036
 1.00000000000000004E+036
 1.00000000000000004E+036
 1.00000000000000004E+036
 0.00000000000000000E+000
 0.00000000000000000E+000
 0.00000000000000000E+000
 0.00000000000000000E+000
 0.00000000000000000E+000
 0.00000000000000000E+000
 0.00000000000000000E+000
 0.00000000000000000E+000
 0.00000000000000000E+000
 0.00000000000000000E+000
 0.00000000000000000E+000
 0.00000000000000000E+000
 0.00000000000000000E+000
 0.00000000000000000E+000
 0.00000000000000000E+000
 0.00000000000000000E+000
 0.00000000000000000E+000
 0.00000000000000000E+000
 0.00000000000000000E+000
 0.00000000000000000E+000
 0.00000000000000000E+000
 0.00000000000000000E+000
 0.00000000000000000E+000
 0.00000000000000000E+000
 0.00000000000000000E+000
 0.00000000000000000E+000
 0.00000000000000000E+000
 0.00000000000000000E+000
 0.00000000000000000E+000
 0.00000000000000000E+000
 0.00000000000000000E+000
 0.00000000000000000E+000
 0.00000000000000000E+000
 0.00000000000000000E+000
 0.00000000000000000E+000
 0.00000000000000000E+000
 0.00000000000000000E+000
 0.00000000000000000E+000
 0.00000000000000000E+000
 0.00000000000000000E+000
 0.00000000000000000E+000
 0.00000000000000000E+000
 0.00000000000000000E+000
 0.00000000000000000E+000
 0.00000000000000000E+000
 0.00000000000000000E+000
 1.00000000000000004E+036
 1.00000000000000004E+036
 1.00000000000000004E+036
 1.00000000000000004E+036
 1.00000000000000004E+036
 1.00000000000000004E+036
 1.00000000000000004E+036
 1.00000000000000004E+036
 1.00000000000000004E+036
 1.00000000000000004E+036
 1.00000000000000004E+036
 1.00000000000000004E+036
 1.00000000000000004E+036
 1.00000000000000004E+036
 1.00000000000000004E+036
 1.00000000000000004E+036
 1.00000000000000004E+036
 1.00000000000000004E+036
 1.00000000000000004E+036
 1.00000000000000004E+036
 1.00000000000000004E+036
 1.00000000000000004E+036
 1.00000000000000004E+036
 1.00000000000000004E+036
 1.00000000000000004E+036
 1.00000000000000004E+036
 1.00000000000000004E+036
 1.00000000000000004E+036
 1.00000000000000004E+036
 1.00000000000000004E+036
 1.00000000000000004E+036
 1.00000000000000004E+036
 1.00000000000000004E+036
 1.00000000000000004E+036
 1.00000000000000004E+036
 1.00000000000000004E+036
 1.00000000000000004E+036
 1.00000000000000004E+036
 1.00000000000000004E+036
 1.00000000000000004E+036
 1.00000000000000004E+036
 1.00000000000000004E+036
 1.00000000000000004E+036
 1.00000000000000004E+036
 1.00000000000000004E+036
 1.00000000000000004E+036
 1.00000000000000004E+036
 1.00000000000000004E+036
 1.00000000000000004E+036
 1.00000000000000004E+036
 1.00000000000000004E+036
 1.00000000000000004E+036
 1.00000000000000004E+036
 1.00000000000000004E+036
# INPUT: mlcanopy_inst__dlwp_leaf(1,100,2,4)
 0.00000000000000000E+000
-6.41958529513874665E-002
-7.88764715098115854E-002
-8.83500148149275466E-002
-9.53068315806847588E-002
-1.01396971495207544E-001
-1.07440207511786734E-001
-1.13048541695410010E-001
-1.18605743979525835E-001
-1.25081848410829477E-001
-1.31461838755116189E-001
-1.33712676145375298E-001
-1.41187902624351436E-001
-1.49571977166075953E-001
-1.59230930434475670E-001
-1.69494027262957259E-001
-1.80628008870699963E-001
-1.92882547773782553E-001
-2.06103017557259571E-001
-2.19295926624015314E-001
 0.00000000000000000E+000
 0.00000000000000000E+000
 0.00000000000000000E+000
 0.00000000000000000E+000
 0.00000000000000000E+000
 0.00000000000000000E+000
 0.00000000000000000E+000
 0.00000000000000000E+000
 0.00000000000000000E+000
 0.00000000000000000E+000
 0.00000000000000000E+000
 0.00000000000000000E+000
 0.00000000000000000E+000
 0.00000000000000000E+000
 0.00000000000000000E+000
 0.00000000000000000E+000
 0.00000000000000000E+000
 0.00000000000000000E+000
 0.00000000000000000E+000
 0.00000000000000000E+000
 0.00000000000000000E+000
 0.00000000000000000E+000
 0.00000000000000000E+000
 0.00000000000000000E+000
 0.00000000000000000E+000
 0.00000000000000000E+000
 1.00000000000000004E+036
 1.00000000000000004E+036
 1.00000000000000004E+036
 1.00000000000000004E+036
 1.00000000000000004E+036
 1.00000000000000004E+036
 1.00000000000000004E+036
 1.00000000000000004E+036
 1.00000000000000004E+036
 1.00000000000000004E+036
 1.00000000000000004E+036
 1.00000000000000004E+036
 1.00000000000000004E+036
 1.00000000000000004E+036
 1.00000000000000004E+036
 1.00000000000000004E+036
 1.00000000000000004E+036
 1.00000000000000004E+036
 1.00000000000000004E+036
 1.00000000000000004E+036
 1.00000000000000004E+036
 1.00000000000000004E+036
 1.00000000000000004E+036
 1.00000000000000004E+036
 1.00000000000000004E+036
 1.00000000000000004E+036
 1.00000000000000004E+036
 1.00000000000000004E+036
 1.00000000000000004E+036
 1.00000000000000004E+036
 1.00000000000000004E+036
 1.00000000000000004E+036
 1.00000000000000004E+036
 1.00000000000000004E+036
 1.00000000000000004E+036
 1.00000000000000004E+036
 1.00000000000000004E+036
 1.00000000000000004E+036
 1.00000000000000004E+036
 1.00000000000000004E+036
 1.00000000000000004E+036
 1.00000000000000004E+036
 1.00000000000000004E+036
 1.00000000000000004E+036
 1.00000000000000004E+036
 1.00000000000000004E+036
 1.00000000000000004E+036
 1.00000000000000004E+036
 1.00000000000000004E+036
 1.00000000000000004E+036
 1.00000000000000004E+036
 1.00000000000000004E+036
 1.00000000000000004E+036
 1.00000000000000004E+036
 0.00000000000000000E+000
-2.44546616192377331E-002
-2.67026881576446773E-002
-2.83386271223515784E-002
-3.00144404992117586E-002
-3.36505602946837179E-002
-3.40304002201309297E-002
-3.68432627564300175E-002
-3.85288742172497645E-002
-4.19211521922071562E-002
-4.53186186235316479E-002
-4.92523296201748395E-002
-5.58232831764657322E-002
-6.06508617541510198E-002
-6.85073717491719858E-002
-7.86890300990390479E-002
-8.95291888196574348E-002
-1.02717739158928900E-001
-1.17643368965013373E-001
-1.30728588475127805E-001
 0.00000000000000000E+000
 0.00000000000000000E+000
 0.00000000000000000E+000
 0.00000000000000000E+000
 0.00000000000000000E+000
 0.00000000000000000E+000
 0.00000000000000000E+000
 0.00000000000000000E+000
 0.00000000000000000E+000
 0.00000000000000000E+000
 0.00000000000000000E+000
 0.00000000000000000E+000
 0.00000000000000000E+000
 0.00000000000000000E+000
 0.00000000000000000E+000
 0.00000000000000000E+000
 0.00000000000000000E+000
 0.00000000000000000E+000
 0.00000000000000000E+000
 0.00000000000000000E+000
 0.00000000000000000E+000
 0.00000000000000000E+000
 0.00000000000000000E+000
 0.00000000000000000E+000
 0.00000000000000000E+000
 0.00000000000000000E+000
 1.00000000000000004E+036
 1.00000000000000004E+036
 1.00000000000000004E+036
 1.00000000000000004E+036
 1.00000000000000004E+036
 1.00000000000000004E+036
 1.00000000000000004E+036
 1.00000000000000004E+036
 1.00000000000000004E+036
 1.00000000000000004E+036
 1.00000000000000004E+036
 1.00000000000000004E+036
 1.00000000000000004E+036
 1.00000000000000004E+036
 1.00000000000000004E+036
 1.00000000000000004E+036
 1.00000000000000004E+036
 1.00000000000000004E+036
 1.00000000000000004E+036
 1.00000000000000004E+036
 1.00000000000000004E+036
 1.00000000000000004E+036
 1.00000000000000004E+036
 1.00000000000000004E+036
 1.00000000000000004E+036
 1.00000000000000004E+036
 1.00000000000000004E+036
 1.00000000000000004E+036
 1.00000000000000004E+036
 1.00000000000000004E+036
 1.00000000000000004E+036
 1.00000000000000004E+036
 1.00000000000000004E+036
 1.00000000000000004E+036
 1.00000000000000004E+036
 1.00000000000000004E+036
 1.00000000000000004E+036
 1.00000000000000004E+036
 1.00000000000000004E+036
 1.00000000000000004E+036
 1.00000000000000004E+036
 1.00000000000000004E+036
 1.00000000000000004E+036
 1.00000000000000004E+036
 1.00000000000000004E+036
 1.00000000000000004E+036
 1.00000000000000004E+036
 1.00000000000000004E+036
 1.00000000000000004E+036
 1.00000000000000004E+036
 1.00000000000000004E+036
 1.00000000000000004E+036
 1.00000000000000004E+036
 1.00000000000000004E+036
 0.00000000000000000E+000
-6.51670692027531140E-002
-7.96656841244034464E-002
-8.97919788273943142E-002
-9.65496601073249083E-002
-1.02577393961091001E-001
-1.08263439954525809E-001
-1.14420203404870580E-001
-1.19095741298760105E-001
-1.25526266283651378E-001
-1.32810875967743103E-001
-1.33285296941054510E-001
-1.40646340845822504E-001
-1.48779284424271907E-001
-1.58284521389476351E-001
-1.68459807315193277E-001
-1.79497208136770947E-001
-1.91664440745650921E-001
-2.04487467303456683E-001
-2.14180788697126978E-001
 0.00000000000000000E+000
 0.00000000000000000E+000
 0.00000000000000000E+000
 0.00000000000000000E+000
 0.00000000000000000E+000
 0.00000000000000000E+000
 0.00000000000000000E+000
 0.00000000000000000E+000
 0.00000000000000000E+000
 0.00000000000000000E+000
 0.00000000000000000E+000
 0.00000000000000000E+000
 0.00000000000000000E+000
 0.00000000000000000E+000
 0.00000000000000000E+000
 0.00000000000000000E+000
 0.00000000000000000E+000
 0.00000000000000000E+000
 0.00000000000000000E+000
 0.00000000000000000E+000
 0.00000000000000000E+000
 0.00000000000000000E+000
 0.00000000000000000E+000
 0.00000000000000000E+000
 0.00000000000000000E+000
 0.00000000000000000E+000
 1.00000000000000004E+036
 1.00000000000000004E+036
 1.00000000000000004E+036
 1.00000000000000004E+036
 1.00000000000000004E+036
 1.00000000000000004E+036
 1.00000000000000004E+036
 1.00000000000000004E+036
 1.00000000000000004E+036
 1.00000000000000004E+036
 1.00000000000000004E+036
 1.00000000000000004E+036
 1.00000000000000004E+036
 1.00000000000000004E+036
 1.00000000000000004E+036
 1.00000000000000004E+036
 1.00000000000000004E+036
 1.00000000000000004E+036
 1.00000000000000004E+036
 1.00000000000000004E+036
 1.00000000000000004E+036
 1.00000000000000004E+036
 1.00000000000000004E+036
 1.00000000000000004E+036
 1.00000000000000004E+036
 1.00000000000000004E+036
 1.00000000000000004E+036
 1.00000000000000004E+036
 1.00000000000000004E+036
 1.00000000000000004E+036
 1.00000000000000004E+036
 1.00000000000000004E+036
 1.00000000000000004E+036
 1.00000000000000004E+036
 1.00000000000000004E+036
 1.00000000000000004E+036
 1.00000000000000004E+036
 1.00000000000000004E+036
 1.00000000000000004E+036
 1.00000000000000004E+036
 1.00000000000000004E+036
 1.00000000000000004E+036
 1.00000000000000004E+036
 1.00000000000000004E+036
 1.00000000000000004E+036
 1.00000000000000004E+036
 1.00000000000000004E+036
 1.00000000000000004E+036
 1.00000000000000004E+036
 1.00000000000000004E+036
 1.00000000000000004E+036
 1.00000000000000004E+036
 1.00000000000000004E+036
 1.00000000000000004E+036
 0.00000000000000000E+000
-2.44463516405776515E-002
-2.66969692269254100E-002
-3.00160856705560253E-002
-3.17322979582356224E-002
-3.36138103222628493E-002
-3.39107807500736436E-002
-3.66734592177618834E-002
-4.02926178899101206E-002
-4.36275139064427608E-002
-4.69199106403008770E-002
-5.07303583670314362E-002
-5.52225372431073835E-002
-6.17619793758635849E-002
-6.93749418076516911E-002
-7.92920903624352302E-002
-8.98353079636383667E-002
-1.02712991453433822E-001
-1.17362245795882059E-001
-1.30298705364606526E-001
 0.00000000000000000E+000
 0.00000000000000000E+000
 0.00000000000000000E+000
 0.00000000000000000E+000
 0.00000000000000000E+000
 0.00000000000000000E+000
 0.00000000000000000E+000
 0.00000000000000000E+000
 0.00000000000000000E+000
 0.00000000000000000E+000
 0.00000000000000000E+000
 0.00000000000000000E+000
 0.00000000000000000E+000
 0.00000000000000000E+000
 0.00000000000000000E+000
 0.00000000000000000E+000
 0.00000000000000000E+000
 0.00000000000000000E+000
 0.00000000000000000E+000
 0.00000000000000000E+000
 0.00000000000000000E+000
 0.00000000000000000E+000
 0.00000000000000000E+000
 0.00000000000000000E+000
 0.00000000000000000E+000
 0.00000000000000000E+000
 1.00000000000000004E+036
 1.00000000000000004E+036
 1.00000000000000004E+036
 1.00000000000000004E+036
 1.00000000000000004E+036
 1.00000000000000004E+036
 1.00000000000000004E+036
 1.00000000000000004E+036
 1.00000000000000004E+036
 1.00000000000000004E+036
 1.00000000000000004E+036
 1.00000000000000004E+036
 1.00000000000000004E+036
 1.00000000000000004E+036
 1.00000000000000004E+036
 1.00000000000000004E+036
 1.00000000000000004E+036
 1.00000000000000004E+036
 1.00000000000000004E+036
 1.00000000000000004E+036
 1.00000000000000004E+036
 1.00000000000000004E+036
 1.00000000000000004E+036
 1.00000000000000004E+036
 1.00000000000000004E+036
 1.00000000000000004E+036
 1.00000000000000004E+036
 1.00000000000000004E+036
 1.00000000000000004E+036
 1.00000000000000004E+036
 1.00000000000000004E+036
 1.00000000000000004E+036
 1.00000000000000004E+036
 1.00000000000000004E+036
 1.00000000000000004E+036
 1.00000000000000004E+036
 1.00000000000000004E+036
 1.00000000000000004E+036
 1.00000000000000004E+036
 1.00000000000000004E+036
 1.00000000000000004E+036
 1.00000000000000004E+036
 1.00000000000000004E+036
 1.00000000000000004E+036
 1.00000000000000004E+036
 1.00000000000000004E+036
 1.00000000000000004E+036
 1.00000000000000004E+036
 1.00000000000000004E+036
 1.00000000000000004E+036
 1.00000000000000004E+036
 1.00000000000000004E+036
 1.00000000000000004E+036
 1.00000000000000004E+036
 0.00000000000000000E+000
-6.50897469025217279E-002
-7.95197143510175675E-002
-8.96808759315758097E-002
-9.64153242450989101E-002
-1.02276787819386206E-001
-1.08694123064728698E-001
-1.14083853211875863E-001
-1.19570468351320791E-001
-1.25256456423334384E-001
-1.32370536082631718E-001
-1.32890834020382265E-001
-1.40732691061252746E-001
-1.48913322175215468E-001
-1.58385263532866860E-001
-1.67889012048771047E-001
-1.79552686382061788E-001
-1.91715195595995036E-001
-2.03858616728609610E-001
-2.13762063519177703E-001
 0.00000000000000000E+000
 0.00000000000000000E+000
 0.00000000000000000E+000
 0.00000000000000000E+000
 0.00000000000000000E+000
 0.00000000000000000E+000
 0.00000000000000000E+000
 0.00000000000000000E+000
 0.00000000000000000E+000
 0.00000000000000000E+000
 0.00000000000000000E+000
 0.00000000000000000E+000
 0.00000000000000000E+000
 0.00000000000000000E+000
 0.00000000000000000E+000
 0.00000000000000000E+000
 0.00000000000000000E+000
 0.00000000000000000E+000
 0.00000000000000000E+000
 0.00000000000000000E+000
 0.00000000000000000E+000
 0.00000000000000000E+000
 0.00000000000000000E+000
 0.00000000000000000E+000
 0.00000000000000000E+000
 0.00000000000000000E+000
 1.00000000000000004E+036
 1.00000000000000004E+036
 1.00000000000000004E+036
 1.00000000000000004E+036
 1.00000000000000004E+036
 1.00000000000000004E+036
 1.00000000000000004E+036
 1.00000000000000004E+036
 1.00000000000000004E+036
 1.00000000000000004E+036
 1.00000000000000004E+036
 1.00000000000000004E+036
 1.00000000000000004E+036
 1.00000000000000004E+036
 1.00000000000000004E+036
 1.00000000000000004E+036
 1.00000000000000004E+036
 1.00000000000000004E+036
 1.00000000000000004E+036
 1.00000000000000004E+036
 1.00000000000000004E+036
 1.00000000000000004E+036
 1.00000000000000004E+036
 1.00000000000000004E+036
 1.00000000000000004E+036
 1.00000000000000004E+036
 1.00000000000000004E+036
 1.00000000000000004E+036
 1.00000000000000004E+036
 1.00000000000000004E+036
 1.00000000000000004E+036
 1.00000000000000004E+036
 1.00000000000000004E+036
 1.00000000000000004E+036
 1.00000000000000004E+036
 1.00000000000000004E+036
 1.00000000000000004E+036
 1.00000000000000004E+036
 1.00000000000000004E+036
 1.00000000000000004E+036
 1.00000000000000004E+036
 1.00000000000000004E+036
 1.00000000000000004E+036
 1.00000000000000004E+036
 1.00000000000000004E+036
 1.00000000000000004E+036
 1.00000000000000004E+036
 1.00000000000000004E+036
 1.00000000000000004E+036
 1.00000000000000004E+036
 1.00000000000000004E+036
 1.00000000000000004E+036
 1.00000000000000004E+036
 1.00000000000000004E+036
 0.00000000000000000E+000
-2.44251778096842009E-002
-2.66722058086285851E-002
-2.99850754583866896E-002
-3.17086265592326777E-002
-3.35493670936319321E-002
-3.38540971502398480E-002
-3.66132082206695464E-002
-4.02557069327424966E-002
-4.35806127626568451E-002
-4.68641746979917007E-002
-5.06503536385722319E-002
-5.50936328494245342E-002
-6.16313596325820390E-002
-6.92101785208979470E-002
-7.90869735863454215E-002
-8.95884867239594707E-002
-1.02422709794634303E-001
-1.17027652722175302E-001
-1.29888258299456161E-001
 0.00000000000000000E+000
 0.00000000000000000E+000
 0.00000000000000000E+000
 0.00000000000000000E+000
 0.00000000000000000E+000
 0.00000000000000000E+000
 0.00000000000000000E+000
 0.00000000000000000E+000
 0.00000000000000000E+000
 0.00000000000000000E+000
 0.00000000000000000E+000
 0.00000000000000000E+000
 0.00000000000000000E+000
 0.00000000000000000E+000
 0.00000000000000000E+000
 0.00000000000000000E+000
 0.00000000000000000E+000
 0.00000000000000000E+000
 0.00000000000000000E+000
 0.00000000000000000E+000
 0.00000000000000000E+000
 0.00000000000000000E+000
 0.00000000000000000E+000
 0.00000000000000000E+000
 0.00000000000000000E+000
 0.00000000000000000E+000
 1.00000000000000004E+036
 1.00000000000000004E+036
 1.00000000000000004E+036
 1.00000000000000004E+036
 1.00000000000000004E+036
 1.00000000000000004E+036
 1.00000000000000004E+036
 1.00000000000000004E+036
 1.00000000000000004E+036
 1.00000000000000004E+036
 1.00000000000000004E+036
 1.00000000000000004E+036
 1.00000000000000004E+036
 1.00000000000000004E+036
 1.00000000000000004E+036
 1.00000000000000004E+036
 1.00000000000000004E+036
 1.00000000000000004E+036
 1.00000000000000004E+036
 1.00000000000000004E+036
 1.00000000000000004E+036
 1.00000000000000004E+036
 1.00000000000000004E+036
 1.00000000000000004E+036
 1.00000000000000004E+036
 1.00000000000000004E+036
 1.00000000000000004E+036
 1.00000000000000004E+036
 1.00000000000000004E+036
 1.00000000000000004E+036
 1.00000000000000004E+036
 1.00000000000000004E+036
 1.00000000000000004E+036
 1.00000000000000004E+036
 1.00000000000000004E+036
 1.00000000000000004E+036
 1.00000000000000004E+036
 1.00000000000000004E+036
 1.00000000000000004E+036
 1.00000000000000004E+036
 1.00000000000000004E+036
 1.00000000000000004E+036
 1.00000000000000004E+036
 1.00000000000000004E+036
 1.00000000000000004E+036
 1.00000000000000004E+036
 1.00000000000000004E+036
 1.00000000000000004E+036
 1.00000000000000004E+036
 1.00000000000000004E+036
 1.00000000000000004E+036
 1.00000000000000004E+036
 1.00000000000000004E+036
 1.00000000000000004E+036
 0.00000000000000000E+000
-1.30181235401613027E-001
-1.58918223211167553E-001
-1.77525835816473965E-001
-1.92052350214158118E-001
-2.04552848803225440E-001
-2.14516983548577067E-001
-2.25514036708347354E-001
-2.36212190538506062E-001
-2.47088557441736190E-001
-2.59840372884461268E-001
-2.63441049614449807E-001
-2.77761360090440945E-001
-2.93642750540003772E-001
-3.10528879325201124E-001
-3.29890097949253835E-001
-3.50781293520667115E-001
-3.73641144715164852E-001
-3.98257388217026276E-001
-4.22458855358868623E-001
 0.00000000000000000E+000
 0.00000000000000000E+000
 0.00000000000000000E+000
 0.00000000000000000E+000
 0.00000000000000000E+000
 0.00000000000000000E+000
 0.00000000000000000E+000
 0.00000000000000000E+000
 0.00000000000000000E+000
 0.00000000000000000E+000
 0.00000000000000000E+000
 0.00000000000000000E+000
 0.00000000000000000E+000
 0.00000000000000000E+000
 0.00000000000000000E+000
 0.00000000000000000E+000
 0.00000000000000000E+000
 0.00000000000000000E+000
 0.00000000000000000E+000
 0.00000000000000000E+000
 0.00000000000000000E+000
 0.00000000000000000E+000
 0.00000000000000000E+000
 0.00000000000000000E+000
 0.00000000000000000E+000
 0.00000000000000000E+000
 1.00000000000000004E+036
 1.00000000000000004E+036
 1.00000000000000004E+036
 1.00000000000000004E+036
 1.00000000000000004E+036
 1.00000000000000004E+036
 1.00000000000000004E+036
 1.00000000000000004E+036
 1.00000000000000004E+036
 1.00000000000000004E+036
 1.00000000000000004E+036
 1.00000000000000004E+036
 1.00000000000000004E+036
 1.00000000000000004E+036
 1.00000000000000004E+036
 1.00000000000000004E+036
 1.00000000000000004E+036
 1.00000000000000004E+036
 1.00000000000000004E+036
 1.00000000000000004E+036
 1.00000000000000004E+036
 1.00000000000000004E+036
 1.00000000000000004E+036
 1.00000000000000004E+036
 1.00000000000000004E+036
 1.00000000000000004E+036
 1.00000000000000004E+036
 1.00000000000000004E+036
 1.00000000000000004E+036
 1.00000000000000004E+036
 1.00000000000000004E+036
 1.00000000000000004E+036
 1.00000000000000004E+036
 1.00000000000000004E+036
 1.00000000000000004E+036
 1.00000000000000004E+036
 1.00000000000000004E+036
 1.00000000000000004E+036
 1.00000000000000004E+036
 1.00000000000000004E+036
 1.00000000000000004E+036
 1.00000000000000004E+036
 1.00000000000000004E+036
 1.00000000000000004E+036
 1.00000000000000004E+036
 1.00000000000000004E+036
 1.00000000000000004E+036
 1.00000000000000004E+036
 1.00000000000000004E+036
 1.00000000000000004E+036
 1.00000000000000004E+036
 1.00000000000000004E+036
 1.00000000000000004E+036
 1.00000000000000004E+036
 0.00000000000000000E+000
-4.69163230652885621E-002
-5.17325997635930401E-002
-5.48498739942682167E-002
-5.85368343990801121E-002
-6.20846395943844276E-002
-6.64844162915121106E-002
-7.20047690333928958E-002
-7.53330810505130899E-002
-8.19778301887240102E-002
-8.86221257703292409E-002
-9.65167305172531798E-002
-1.05613128596693862E-001
-1.18998326685761713E-001
-1.34401086087197363E-001
-1.51004658507461476E-001
-1.72397571789732806E-001
-1.98220020142881648E-001
-2.24493673319430154E-001
-2.52369498354683031E-001
 0.00000000000000000E+000
 0.00000000000000000E+000
 0.00000000000000000E+000
 0.00000000000000000E+000
 0.00000000000000000E+000
 0.00000000000000000E+000
 0.00000000000000000E+000
 0.00000000000000000E+000
 0.00000000000000000E+000
 0.00000000000000000E+000
 0.00000000000000000E+000
 0.00000000000000000E+000
 0.00000000000000000E+000
 0.00000000000000000E+000
 0.00000000000000000E+000
 0.00000000000000000E+000
 0.00000000000000000E+000
 0.00000000000000000E+000
 0.00000000000000000E+000
 0.00000000000000000E+000
 0.00000000000000000E+000
 0.00000000000000000E+000
 0.00000000000000000E+000
 0.00000000000000000E+000
 0.00000000000000000E+000
 0.00000000000000000E+000
 1.00000000000000004E+036
 1.00000000000000004E+036
 1.00000000000000004E+036
 1.00000000000000004E+036
 1.00000000000000004E+036
 1.00000000000000004E+036
 1.00000000000000004E+036
 1.00000000000000004E+036
 1.00000000000000004E+036
 1.00000000000000004E+036
 1.00000000000000004E+036
 1.00000000000000004E+036
 1.00000000000000004E+036
 1.00000000000000004E+036
 1.00000000000000004E+036
 1.00000000000000004E+036
 1.00000000000000004E+036
 1.00000000000000004E+036
 1.00000000000000004E+036
 1.00000000000000004E+036
 1.00000000000000004E+036
 1.00000000000000004E+036
 1.00000000000000004E+036
 1.00000000000000004E+036
 1.00000000000000004E+036
 1.00000000000000004E+036
 1.00000000000000004E+036
 1.00000000000000004E+036
 1.00000000000000004E+036
 1.00000000000000004E+036
 1.00000000000000004E+036
 1.00000000000000004E+036
 1.00000000000000004E+036
 1.00000000000000004E+036
 1.00000000000000004E+036
 1.00000000000000004E+036
 1.00000000000000004E+036
 1.00000000000000004E+036
 1.00000000000000004E+036
 1.00000000000000004E+036
 1.00000000000000004E+036
 1.00000000000000004E+036
 1.00000000000000004E+036
 1.00000000000000004E+036
 1.00000000000000004E+036
 1.00000000000000004E+036
 1.00000000000000004E+036
 1.00000000000000004E+036
 1.00000000000000004E+036
 1.00000000000000004E+036
 1.00000000000000004E+036
 1.00000000000000004E+036
 1.00000000000000004E+036
 1.00000000000000004E+036
# INPUT: mlcanopy_inst__dtair_profile(1,100,4)
-2.21562287108440614E-001
-2.29847652915395884E-001
-2.33529814665814683E-001
-2.33704138478685763E-001
-2.31002084729823309E-001
-2.26095915712903661E-001
-2.19014915569800905E-001
-2.10966948700843204E-001
-2.02253700912137901E-001
-1.93278989257805733E-001
-1.84211435386316680E-001
-1.75379997473896765E-001
-1.66873376824412389E-001
-1.58480984146422088E-001
-1.50693889343926912E-001
-1.43513941817275281E-001
-1.36795219869554785E-001
-1.30603746385816066E-001
-1.24974076217142738E-001
-1.19883326879460128E-001
-1.15339701589675769E-001
-1.11098735817961369E-001
-1.07052115973544915E-001
-1.02935763868686081E-001
-9.88472227745091914E-002
-9.47244177393713471E-002
-9.04282337567678951E-002
-8.61606968269370554E-002
-8.17386019809873687E-002
-7.73313483759352494E-002
-7.28049556196879166E-002
-6.82685076241682509E-002
-6.36648219203266308E-002
-5.90173519652239520E-002
-5.43514697047271511E-002
-4.96297974171397982E-002
-4.49204803351790360E-002
-4.01626462888202695E-002
-3.54203919783913079E-002
-3.06576256953121629E-002
-2.59058016874860186E-002
-2.11565710179684174E-002
-1.64148715527403510E-002
-1.17006504968912850E-002
-6.99852209532991765E-003
-2.32902174849414223E-003
 1.00000000000000004E+036
 1.00000000000000004E+036
 1.00000000000000004E+036
 1.00000000000000004E+036
 1.00000000000000004E+036
 1.00000000000000004E+036
 1.00000000000000004E+036
 1.00000000000000004E+036
 1.00000000000000004E+036
 1.00000000000000004E+036
 1.00000000000000004E+036
 1.00000000000000004E+036
 1.00000000000000004E+036
 1.00000000000000004E+036
 1.00000000000000004E+036
 1.00000000000000004E+036
 1.00000000000000004E+036
 1.00000000000000004E+036
 1.00000000000000004E+036
 1.00000000000000004E+036
 1.00000000000000004E+036
 1.00000000000000004E+036
 1.00000000000000004E+036
 1.00000000000000004E+036
 1.00000000000000004E+036
 1.00000000000000004E+036
 1.00000000000000004E+036
 1.00000000000000004E+036
 1.00000000000000004E+036
 1.00000000000000004E+036
 1.00000000000000004E+036
 1.00000000000000004E+036
 1.00000000000000004E+036
 1.00000000000000004E+036
 1.00000000000000004E+036
 1.00000000000000004E+036
 1.00000000000000004E+036
 1.00000000000000004E+036
 1.00000000000000004E+036
 1.00000000000000004E+036
 1.00000000000000004E+036
 1.00000000000000004E+036
 1.00000000000000004E+036
 1.00000000000000004E+036
 1.00000000000000004E+036
 1.00000000000000004E+036
 1.00000000000000004E+036
 1.00000000000000004E+036
 1.00000000000000004E+036
 1.00000000000000004E+036
 1.00000000000000004E+036
 1.00000000000000004E+036
 1.00000000000000004E+036
 1.00000000000000004E+036
-2.18659211864860481E-001
-2.28754944742206590E-001
-2.34721053690691406E-001
-2.37643551360349647E-001
-2.37742316150274746E-001
-2.35587561792954148E-001
-2.31706585127653852E-001
-2.27021995418510869E-001
-2.21690681176824000E-001
-2.15486543698375499E-001
-2.08586446320566665E-001
-2.01250207669090742E-001
-1.93696982775918514E-001
-1.86114439107427643E-001
-1.78572743198230910E-001
-1.71116478375893166E-001
-1.63658265182732521E-001
-1.56313452328731728E-001
-1.49188063912902180E-001
-1.42395682802657575E-001
-1.36348603243163780E-001
-1.30858238008329408E-001
-1.25788692227445154E-001
-1.20653436417853754E-001
-1.15690291604323647E-001
-1.10649523711174425E-001
-1.05539001927752452E-001
-1.00440164593635473E-001
-9.52012899314809147E-002
-9.00067520223615247E-002
-8.46680286506398261E-002
-7.93699036996713403E-002
-7.39603539911399821E-002
-6.85614117113573229E-002
-6.31017357150085445E-002
-5.76337559671173949E-002
-5.21427266493788011E-002
-4.66373955242147531E-002
-4.11243592957930559E-002
-3.56107055078496160E-002
-3.00953820595282195E-002
-2.45892990439529058E-002
-1.90881040913950528E-002
-1.36120230415031074E-002
-8.14910640912103190E-003
-2.71175432760628610E-003
 1.00000000000000004E+036
 1.00000000000000004E+036
 1.00000000000000004E+036
 1.00000000000000004E+036
 1.00000000000000004E+036
 1.00000000000000004E+036
 1.00000000000000004E+036
 1.00000000000000004E+036
 1.00000000000000004E+036
 1.00000000000000004E+036
 1.00000000000000004E+036
 1.00000000000000004E+036
 1.00000000000000004E+036
 1.00000000000000004E+036
 1.00000000000000004E+036
 1.00000000000000004E+036
 1.00000000000000004E+036
 1.00000000000000004E+036
 1.00000000000000004E+036
 1.00000000000000004E+036
 1.00000000000000004E+036
 1.00000000000000004E+036
 1.00000000000000004E+036
 1.00000000000000004E+036
 1.00000000000000004E+036
 1.00000000000000004E+036
 1.00000000000000004E+036
 1.00000000000000004E+036
 1.00000000000000004E+036
 1.00000000000000004E+036
 1.00000000000000004E+036
 1.00000000000000004E+036
 1.00000000000000004E+036
 1.00000000000000004E+036
 1.00000000000000004E+036
 1.00000000000000004E+036
 1.00000000000000004E+036
 1.00000000000000004E+036
 1.00000000000000004E+036
 1.00000000000000004E+036
 1.00000000000000004E+036
 1.00000000000000004E+036
 1.00000000000000004E+036
 1.00000000000000004E+036
 1.00000000000000004E+036
 1.00000000000000004E+036
 1.00000000000000004E+036
 1.00000000000000004E+036
 1.00000000000000004E+036
 1.00000000000000004E+036
 1.00000000000000004E+036
 1.00000000000000004E+036
 1.00000000000000004E+036
 1.00000000000000004E+036
-2.17687769833389666E-001
-2.28196951567269934E-001
-2.34604846262584488E-001
-2.37964140044539363E-001
-2.38549442697092218E-001
-2.36925629669201498E-001
-2.33483545412468629E-001
-2.29162536288583851E-001
-2.24161103540666318E-001
-2.18308632349419440E-001
-2.11792911361385450E-001
-2.04866334058692701E-001
-1.97704615259567618E-001
-1.90392486162465957E-001
-1.83035306006445353E-001
-1.75663368953451027E-001
-1.68228613061501164E-001
-1.60789755670577961E-001
-1.53461787078924772E-001
-1.46429348014862626E-001
-1.40115323404927494E-001
-1.34405506188272739E-001
-1.29161383121243034E-001
-1.23848366149331923E-001
-1.18736543363752389E-001
-1.13534932812854095E-001
-1.08284685672913383E-001
-1.03033074582299378E-001
-9.76582150988747344E-002
-9.23154684228393307E-002
-8.68417356515465144E-002
-8.13980413739727737E-002
-7.58538614882127149E-002
-7.03162610503795804E-002
-6.47166729905279681E-002
-5.91140112776997739E-002
-5.34801510996771867E-002
-4.78388676115741873E-002
-4.21826780208789387E-002
-3.65327256352543372E-002
-3.08739309812153806E-002
-2.52303630701362636E-002
-1.95858489222473509E-002
-1.39704097675803496E-002
-8.36302746455430679E-003
-2.78456868073817532E-003
 1.00000000000000004E+036
 1.00000000000000004E+036
 1.00000000000000004E+036
 1.00000000000000004E+036
 1.00000000000000004E+036
 1.00000000000000004E+036
 1.00000000000000004E+036
 1.00000000000000004E+036
 1.00000000000000004E+036
 1.00000000000000004E+036
 1.00000000000000004E+036
 1.00000000000000004E+036
 1.00000000000000004E+036
 1.00000000000000004E+036
 1.00000000000000004E+036
 1.00000000000000004E+036
 1.00000000000000004E+036
 1.00000000000000004E+036
 1.00000000000000004E+036
 1.00000000000000004E+036
 1.00000000000000004E+036
 1.00000000000000004E+036
 1.00000000000000004E+036
 1.00000000000000004E+036
 1.00000000000000004E+036
 1.00000000000000004E+036
 1.00000000000000004E+036
 1.00000000000000004E+036
 1.00000000000000004E+036
 1.00000000000000004E+036
 1.00000000000000004E+036
 1.00000000000000004E+036
 1.00000000000000004E+036
 1.00000000000000004E+036
 1.00000000000000004E+036
 1.00000000000000004E+036
 1.00000000000000004E+036
 1.00000000000000004E+036
 1.00000000000000004E+036
 1.00000000000000004E+036
 1.00000000000000004E+036
 1.00000000000000004E+036
 1.00000000000000004E+036
 1.00000000000000004E+036
 1.00000000000000004E+036
 1.00000000000000004E+036
 1.00000000000000004E+036
 1.00000000000000004E+036
 1.00000000000000004E+036
 1.00000000000000004E+036
 1.00000000000000004E+036
 1.00000000000000004E+036
 1.00000000000000004E+036
 1.00000000000000004E+036
-3.47475244946224393E-001
-3.65226083673178437E-001
-3.83098836749752536E-001
-4.00715035375867501E-001
-4.17718057494141704E-001
-4.33604109840302954E-001
-4.47923987997455697E-001
-4.60162410942075439E-001
-4.69721645545519095E-001
-4.76751871262081295E-001
-4.80724074104614374E-001
-4.81315835886618970E-001
-4.78999693300636409E-001
-4.73725617154741485E-001
-4.65240982110231016E-001
-4.53437370039239340E-001
-4.38536058491422409E-001
-4.20781794196216197E-001
-4.00602292002645299E-001
-3.78885104510231940E-001
-3.57378671906531054E-001
-3.38766949315072452E-001
-3.21459219692940223E-001
-3.05476137126959202E-001
-2.89755439971827400E-001
-2.74539722188478663E-001
-2.59555336248297408E-001
-2.44847352821750519E-001
-2.30370293073235644E-001
-2.15997695088049113E-001
-2.01813951532471947E-001
-1.87730426213704504E-001
-1.73832130359926396E-001
-1.60055897290533267E-001
-1.46415582927090782E-001
-1.32912519337082813E-001
-1.19539840957543220E-001
-1.06332422198477161E-001
-9.32476649381897005E-002
-8.03167691278758866E-002
-6.75313289886503298E-002
-5.48979859751170807E-002
-4.24268972591335114E-002
-3.00986134097342983E-002
-1.79335477346285188E-002
-5.92304020176470658E-003
 1.00000000000000004E+036
 1.00000000000000004E+036
 1.00000000000000004E+036
 1.00000000000000004E+036
 1.00000000000000004E+036
 1.00000000000000004E+036
 1.00000000000000004E+036
 1.00000000000000004E+036
 1.00000000000000004E+036
 1.00000000000000004E+036
 1.00000000000000004E+036
 1.00000000000000004E+036
 1.00000000000000004E+036
 1.00000000000000004E+036
 1.00000000000000004E+036
 1.00000000000000004E+036
 1.00000000000000004E+036
 1.00000000000000004E+036
 1.00000000000000004E+036
 1.00000000000000004E+036
 1.00000000000000004E+036
 1.00000000000000004E+036
 1.00000000000000004E+036
 1.00000000000000004E+036
 1.00000000000000004E+036
 1.00000000000000004E+036
 1.00000000000000004E+036
 1.00000000000000004E+036
 1.00000000000000004E+036
 1.00000000000000004E+036
 1.00000000000000004E+036
 1.00000000000000004E+036
 1.00000000000000004E+036
 1.00000000000000004E+036
 1.00000000000000004E+036
 1.00000000000000004E+036
 1.00000000000000004E+036
 1.00000000000000004E+036
 1.00000000000000004E+036
 1.00000000000000004E+036
 1.00000000000000004E+036
 1.00000000000000004E+036
 1.00000000000000004E+036
 1.00000000000000004E+036
 1.00000000000000004E+036
 1.00000000000000004E+036
 1.00000000000000004E+036
 1.00000000000000004E+036
 1.00000000000000004E+036
 1.00000000000000004E+036
 1.00000000000000004E+036
 1.00000000000000004E+036
 1.00000000000000004E+036
 1.00000000000000004E+036
# INPUT: mlcanopy_inst__dtg_soil(1,4)
 4.42457295656595306E-003
 1.93767278744871874E-004
-1.42746055303177855E-004
-2.27399099997001031E-002
# INPUT: mlcanopy_inst__dtleaf_leaf(1,100,2,4)
-2.21562287108440614E-001
 1.07194149999259025E-002
 7.86055786051065297E-003
-1.09364424506566138E-002
-8.55038237313010541E-003
-8.55052910151243850E-003
-1.25364356151749234E-002
-1.50229654442455285E-002
-1.32702107143813919E-002
-2.58117545872096343E-002
-1.17403933048763065E-002
-6.20370942715453566E-003
-1.27037745396592072E-002
-1.64357163301360742E-002
-2.73097523117371566E-002
-3.08449052317314454E-002
-3.31820216577511928E-002
-3.46928741787451145E-002
-3.65207578433341951E-002
-3.86109192662615897E-002
-1.15339701589675769E-001
-1.11098735817961369E-001
-1.07052115973544915E-001
-1.02935763868686081E-001
-9.88472227745091914E-002
-9.47244177393713471E-002
-9.04282337567678951E-002
-8.61606968269370554E-002
-8.17386019809873687E-002
-7.73313483759352494E-002
-7.28049556196879166E-002
-6.82685076241682509E-002
-6.36648219203266308E-002
-5.90173519652239520E-002
-5.43514697047271511E-002
-4.96297974171397982E-002
-4.49204803351790360E-002
-4.01626462888202695E-002
-3.54203919783913079E-002
-3.06576256953121629E-002
-2.59058016874860186E-002
-2.11565710179684174E-002
-1.64148715527403510E-002
-1.17006504968912850E-002
-6.99852209532991765E-003
-2.32902174849414223E-003
 1.00000000000000004E+036
 1.00000000000000004E+036
 1.00000000000000004E+036
 1.00000000000000004E+036
 1.00000000000000004E+036
 1.00000000000000004E+036
 1.00000000000000004E+036
 1.00000000000000004E+036
 1.00000000000000004E+036
 1.00000000000000004E+036
 1.00000000000000004E+036
 1.00000000000000004E+036
 1.00000000000000004E+036
 1.00000000000000004E+036
 1.00000000000000004E+036
 1.00000000000000004E+036
 1.00000000000000004E+036
 1.00000000000000004E+036
 1.00000000000000004E+036
 1.00000000000000004E+036
 1.00000000000000004E+036
 1.00000000000000004E+036
 1.00000000000000004E+036
 1.00000000000000004E+036
 1.00000000000000004E+036
 1.00000000000000004E+036
 1.00000000000000004E+036
 1.00000000000000004E+036
 1.00000000000000004E+036
 1.00000000000000004E+036
 1.00000000000000004E+036
 1.00000000000000004E+036
 1.00000000000000004E+036
 1.00000000000000004E+036
 1.00000000000000004E+036
 1.00000000000000004E+036
 1.00000000000000004E+036
 1.00000000000000004E+036
 1.00000000000000004E+036
 1.00000000000000004E+036
 1.00000000000000004E+036
 1.00000000000000004E+036
 1.00000000000000004E+036
 1.00000000000000004E+036
 1.00000000000000004E+036
 1.00000000000000004E+036
 1.00000000000000004E+036
 1.00000000000000004E+036
 1.00000000000000004E+036
 1.00000000000000004E+036
 1.00000000000000004E+036
 1.00000000000000004E+036
 1.00000000000000004E+036
 1.00000000000000004E+036
-2.21562287108440614E-001
-2.18584291127456254E-001
-2.08675020976500036E-001
-2.25628851974420286E-001
-2.15612433110948132E-001
-2.55758353823694051E-001
-1.87677767476259305E-001
-1.84240806901698306E-001
-1.70218414380030936E-001
-1.64789175113128294E-001
-1.49735242487565756E-001
-1.45094603550319334E-001
-1.62332886475269333E-001
-1.24217910746494908E-001
-1.13878745837553197E-001
-1.23018190734740074E-001
-1.11519694818241533E-001
-1.00524124485559696E-001
-1.02539193182906274E-001
-8.31754318325010900E-002
-1.15339701589675769E-001
-1.11098735817961369E-001
-1.07052115973544915E-001
-1.02935763868686081E-001
-9.88472227745091914E-002
-9.47244177393713471E-002
-9.04282337567678951E-002
-8.61606968269370554E-002
-8.17386019809873687E-002
-7.73313483759352494E-002
-7.28049556196879166E-002
-6.82685076241682509E-002
-6.36648219203266308E-002
-5.90173519652239520E-002
-5.43514697047271511E-002
-4.96297974171397982E-002
-4.49204803351790360E-002
-4.01626462888202695E-002
-3.54203919783913079E-002
-3.06576256953121629E-002
-2.59058016874860186E-002
-2.11565710179684174E-002
-1.64148715527403510E-002
-1.17006504968912850E-002
-6.99852209532991765E-003
-2.32902174849414223E-003
 1.00000000000000004E+036
 1.00000000000000004E+036
 1.00000000000000004E+036
 1.00000000000000004E+036
 1.00000000000000004E+036
 1.00000000000000004E+036
 1.00000000000000004E+036
 1.00000000000000004E+036
 1.00000000000000004E+036
 1.00000000000000004E+036
 1.00000000000000004E+036
 1.00000000000000004E+036
 1.00000000000000004E+036
 1.00000000000000004E+036
 1.00000000000000004E+036
 1.00000000000000004E+036
 1.00000000000000004E+036
 1.00000000000000004E+036
 1.00000000000000004E+036
 1.00000000000000004E+036
 1.00000000000000004E+036
 1.00000000000000004E+036
 1.00000000000000004E+036
 1.00000000000000004E+036
 1.00000000000000004E+036
 1.00000000000000004E+036
 1.00000000000000004E+036
 1.00000000000000004E+036
 1.00000000000000004E+036
 1.00000000000000004E+036
 1.00000000000000004E+036
 1.00000000000000004E+036
 1.00000000000000004E+036
 1.00000000000000004E+036
 1.00000000000000004E+036
 1.00000000000000004E+036
 1.00000000000000004E+036
 1.00000000000000004E+036
 1.00000000000000004E+036
 1.00000000000000004E+036
 1.00000000000000004E+036
 1.00000000000000004E+036
 1.00000000000000004E+036
 1.00000000000000004E+036
 1.00000000000000004E+036
 1.00000000000000004E+036
 1.00000000000000004E+036
 1.00000000000000004E+036
 1.00000000000000004E+036
 1.00000000000000004E+036
 1.00000000000000004E+036
 1.00000000000000004E+036
 1.00000000000000004E+036
 1.00000000000000004E+036
-2.18659211864860481E-001
 4.70390180951767434E-002
 3.78707384555809767E-002
 2.32085792009684155E-003
-4.39977730081864138E-004
 3.29447934404925036E-004
-1.43938094796567384E-002
-3.25645811537924601E-002
-2.50077716905821035E-002
-4.24466438238368937E-002
-4.90848534775523149E-002
-1.71521325880803488E-002
-2.54387185886457701E-002
-3.42174051305619287E-002
-4.71968114156879892E-002
-5.16285180745512662E-002
-5.53009774661177289E-002
-5.72673546615192208E-002
-5.57643524821287428E-002
-3.04328317203612642E-002
-1.36348603243163780E-001
-1.30858238008329408E-001
-1.25788692227445154E-001
-1.20653436417853754E-001
-1.15690291604323647E-001
-1.10649523711174425E-001
-1.05539001927752452E-001
-1.00440164593635473E-001
-9.52012899314809147E-002
-9.00067520223615247E-002
-8.46680286506398261E-002
-7.93699036996713403E-002
-7.39603539911399821E-002
-6.85614117113573229E-002
-6.31017357150085445E-002
-5.76337559671173949E-002
-5.21427266493788011E-002
-4.66373955242147531E-002
-4.11243592957930559E-002
-3.56107055078496160E-002
-3.00953820595282195E-002
-2.45892990439529058E-002
-1.90881040913950528E-002
-1.36120230415031074E-002
-8.14910640912103190E-003
-2.71175432760628610E-003
 1.00000000000000004E+036
 1.00000000000000004E+036
 1.00000000000000004E+036
 1.00000000000000004E+036
 1.00000000000000004E+036
 1.00000000000000004E+036
 1.00000000000000004E+036
 1.00000000000000004E+036
 1.00000000000000004E+036
 1.00000000000000004E+036
 1.00000000000000004E+036
 1.00000000000000004E+036
 1.00000000000000004E+036
 1.00000000000000004E+036
 1.00000000000000004E+036
 1.00000000000000004E+036
 1.00000000000000004E+036
 1.00000000000000004E+036
 1.00000000000000004E+036
 1.00000000000000004E+036
 1.00000000000000004E+036
 1.00000000000000004E+036
 1.00000000000000004E+036
 1.00000000000000004E+036
 1.00000000000000004E+036
 1.00000000000000004E+036
 1.00000000000000004E+036
 1.00000000000000004E+036
 1.00000000000000004E+036
 1.00000000000000004E+036
 1.00000000000000004E+036
 1.00000000000000004E+036
 1.00000000000000004E+036
 1.00000000000000004E+036
 1.00000000000000004E+036
 1.00000000000000004E+036
 1.00000000000000004E+036
 1.00000000000000004E+036
 1.00000000000000004E+036
 1.00000000000000004E+036
 1.00000000000000004E+036
 1.00000000000000004E+036
 1.00000000000000004E+036
 1.00000000000000004E+036
 1.00000000000000004E+036
 1.00000000000000004E+036
 1.00000000000000004E+036
 1.00000000000000004E+036
 1.00000000000000004E+036
 1.00000000000000004E+036
 1.00000000000000004E+036
 1.00000000000000004E+036
 1.00000000000000004E+036
 1.00000000000000004E+036
-2.18659211864860481E-001
-1.89100656535458711E-001
-1.81314503160876939E-001
-2.36888571632960065E-001
-2.33661522836371205E-001
-2.26736235868315816E-001
-1.76936376167930121E-001
-1.79443990467177628E-001
-2.10483927366055923E-001
-2.07139715385778800E-001
-1.95031169491358014E-001
-1.90878792142314069E-001
-1.78841619101206106E-001
-1.69191064846302197E-001
-1.57101773286854041E-001
-1.63063492885498817E-001
-1.49270712809993711E-001
-1.35527069800389199E-001
-1.34369071882815661E-001
-1.12416134892612263E-001
-1.36348603243163780E-001
-1.30858238008329408E-001
-1.25788692227445154E-001
-1.20653436417853754E-001
-1.15690291604323647E-001
-1.10649523711174425E-001
-1.05539001927752452E-001
-1.00440164593635473E-001
-9.52012899314809147E-002
-9.00067520223615247E-002
-8.46680286506398261E-002
-7.93699036996713403E-002
-7.39603539911399821E-002
-6.85614117113573229E-002
-6.31017357150085445E-002
-5.76337559671173949E-002
-5.21427266493788011E-002
-4.66373955242147531E-002
-4.11243592957930559E-002
-3.56107055078496160E-002
-3.00953820595282195E-002
-2.45892990439529058E-002
-1.90881040913950528E-002
-1.36120230415031074E-002
-8.14910640912103190E-003
-2.71175432760628610E-003
 1.00000000000000004E+036
 1.00000000000000004E+036
 1.00000000000000004E+036
 1.00000000000000004E+036
 1.00000000000000004E+036
 1.00000000000000004E+036
 1.00000000000000004E+036
 1.00000000000000004E+036
 1.00000000000000004E+036
 1.00000000000000004E+036
 1.00000000000000004E+036
 1.00000000000000004E+036
 1.00000000000000004E+036
 1.00000000000000004E+036
 1.00000000000000004E+036
 1.00000000000000004E+036
 1.00000000000000004E+036
 1.00000000000000004E+036
 1.00000000000000004E+036
 1.00000000000000004E+036
 1.00000000000000004E+036
 1.00000000000000004E+036
 1.00000000000000004E+036
 1.00000000000000004E+036
 1.00000000000000004E+036
 1.00000000000000004E+036
 1.00000000000000004E+036
 1.00000000000000004E+036
 1.00000000000000004E+036
 1.00000000000000004E+036
 1.00000000000000004E+036
 1.00000000000000004E+036
 1.00000000000000004E+036
 1.00000000000000004E+036
 1.00000000000000004E+036
 1.00000000000000004E+036
 1.00000000000000004E+036
 1.00000000000000004E+036
 1.00000000000000004E+036
 1.00000000000000004E+036
 1.00000000000000004E+036
 1.00000000000000004E+036
 1.00000000000000004E+036
 1.00000000000000004E+036
 1.00000000000000004E+036
 1.00000000000000004E+036
 1.00000000000000004E+036
 1.00000000000000004E+036
 1.00000000000000004E+036
 1.00000000000000004E+036
 1.00000000000000004E+036
 1.00000000000000004E+036
 1.00000000000000004E+036
 1.00000000000000004E+036
-2.17687769833389666E-001
 5.16533200919297997E-002
 4.06825433915969370E-002
 9.23708926404742670E-003
 6.38343860731538371E-003
 8.92939496623057494E-004
-2.43323214043016378E-002
-2.93388332424342479E-002
-2.98923207957386694E-002
-3.68897816700268777E-002
-4.11779208192228907E-002
-1.14032255941651783E-002
-3.12966333342501457E-002
-3.86253061408297071E-002
-5.21154990899503900E-002
-5.00874386150940154E-002
-6.09540400194532594E-002
-6.30965374527931999E-002
-5.60894681588592903E-002
-3.45819486331038206E-002
-1.40115323404927494E-001
-1.34405506188272739E-001
-1.29161383121243034E-001
-1.23848366149331923E-001
-1.18736543363752389E-001
-1.13534932812854095E-001
-1.08284685672913383E-001
-1.03033074582299378E-001
-9.76582150988747344E-002
-9.23154684228393307E-002
-8.68417356515465144E-002
-8.13980413739727737E-002
-7.58538614882127149E-002
-7.03162610503795804E-002
-6.47166729905279681E-002
-5.91140112776997739E-002
-5.34801510996771867E-002
-4.78388676115741873E-002
-4.21826780208789387E-002
-3.65327256352543372E-002
-3.08739309812153806E-002
-2.52303630701362636E-002
-1.95858489222473509E-002
-1.39704097675803496E-002
-8.36302746455430679E-003
-2.78456868073817532E-003
 1.00000000000000004E+036
 1.00000000000000004E+036
 1.00000000000000004E+036
 1.00000000000000004E+036
 1.00000000000000004E+036
 1.00000000000000004E+036
 1.00000000000000004E+036
 1.00000000000000004E+036
 1.00000000000000004E+036
 1.00000000000000004E+036
 1.00000000000000004E+036
 1.00000000000000004E+036
 1.00000000000000004E+036
 1.00000000000000004E+036
 1.00000000000000004E+036
 1.00000000000000004E+036
 1.00000000000000004E+036
 1.00000000000000004E+036
 1.00000000000000004E+036
 1.00000000000000004E+036
 1.00000000000000004E+036
 1.00000000000000004E+036
 1.00000000000000004E+036
 1.00000000000000004E+036
 1.00000000000000004E+036
 1.00000000000000004E+036
 1.00000000000000004E+036
 1.00000000000000004E+036
 1.00000000000000004E+036
 1.00000000000000004E+036
 1.00000000000000004E+036
 1.00000000000000004E+036
 1.00000000000000004E+036
 1.00000000000000004E+036
 1.00000000000000004E+036
 1.00000000000000004E+036
 1.00000000000000004E+036
 1.00000000000000004E+036
 1.00000000000000004E+036
 1.00000000000000004E+036
 1.00000000000000004E+036
 1.00000000000000004E+036
 1.00000000000000004E+036
 1.00000000000000004E+036
 1.00000000000000004E+036
 1.00000000000000004E+036
 1.00000000000000004E+036
 1.00000000000000004E+036
 1.00000000000000004E+036
 1.00000000000000004E+036
 1.00000000000000004E+036
 1.00000000000000004E+036
 1.00000000000000004E+036
 1.00000000000000004E+036
-2.17687769833389666E-001
-1.95547039989946825E-001
-1.89377132663253178E-001
-2.36795828195795366E-001
-2.32973170064553869E-001
-2.35963766681720699E-001
-1.82632896289135260E-001
-1.84020470233349442E-001
-2.08787422208672524E-001
-2.05983851403175322E-001
-1.93872862337343577E-001
-1.91326855747604441E-001
-1.82765952916270180E-001
-1.70978780851271495E-001
-1.59440112622860397E-001
-1.65856995065439605E-001
-1.52263977918664750E-001
-1.38567266944335188E-001
-1.37488900589914920E-001
-1.16951898660431652E-001
-1.40115323404927494E-001
-1.34405506188272739E-001
-1.29161383121243034E-001
-1.23848366149331923E-001
-1.18736543363752389E-001
-1.13534932812854095E-001
-1.08284685672913383E-001
-1.03033074582299378E-001
-9.76582150988747344E-002
-9.23154684228393307E-002
-8.68417356515465144E-002
-8.13980413739727737E-002
-7.58538614882127149E-002
-7.03162610503795804E-002
-6.47166729905279681E-002
-5.91140112776997739E-002
-5.34801510996771867E-002
-4.78388676115741873E-002
-4.21826780208789387E-002
-3.65327256352543372E-002
-3.08739309812153806E-002
-2.52303630701362636E-002
-1.95858489222473509E-002
-1.39704097675803496E-002
-8.36302746455430679E-003
-2.78456868073817532E-003
 1.00000000000000004E+036
 1.00000000000000004E+036
 1.00000000000000004E+036
 1.00000000000000004E+036
 1.00000000000000004E+036
 1.00000000000000004E+036
 1.00000000000000004E+036
 1.00000000000000004E+036
 1.00000000000000004E+036
 1.00000000000000004E+036
 1.00000000000000004E+036
 1.00000000000000004E+036
 1.00000000000000004E+036
 1.00000000000000004E+036
 1.00000000000000004E+036
 1.00000000000000004E+036
 1.00000000000000004E+036
 1.00000000000000004E+036
 1.00000000000000004E+036
 1.00000000000000004E+036
 1.00000000000000004E+036
 1.00000000000000004E+036
 1.00000000000000004E+036
 1.00000000000000004E+036
 1.00000000000000004E+036
 1.00000000000000004E+036
 1.00000000000000004E+036
 1.00000000000000004E+036
 1.00000000000000004E+036
 1.00000000000000004E+036
 1.00000000000000004E+036
 1.00000000000000004E+036
 1.00000000000000004E+036
 1.00000000000000004E+036
 1.00000000000000004E+036
 1.00000000000000004E+036
 1.00000000000000004E+036
 1.00000000000000004E+036
 1.00000000000000004E+036
 1.00000000000000004E+036
 1.00000000000000004E+036
 1.00000000000000004E+036
 1.00000000000000004E+036
 1.00000000000000004E+036
 1.00000000000000004E+036
 1.00000000000000004E+036
 1.00000000000000004E+036
 1.00000000000000004E+036
 1.00000000000000004E+036
 1.00000000000000004E+036
 1.00000000000000004E+036
 1.00000000000000004E+036
 1.00000000000000004E+036
 1.00000000000000004E+036
-3.47475244946224393E-001
 4.37205582882825183E-001
 2.70449079843274376E-001
 1.74191312466632553E-001
 9.21192088154612065E-002
 1.72000637379596810E-002
-2.71456553401776546E-002
-8.88389661674295894E-002
-1.44721211268233674E-001
-1.95504676553014178E-001
-2.86032518394620183E-001
-1.80802579840587896E-001
-2.31898693342657225E-001
-2.71986696179055798E-001
-3.02013742498672855E-001
-3.31797456519495881E-001
-3.48490970409102374E-001
-3.61276537717174051E-001
-3.70132994693449291E-001
-3.67895023330447657E-001
-3.57378671906531054E-001
-3.38766949315072452E-001
-3.21459219692940223E-001
-3.05476137126959202E-001
-2.89755439971827400E-001
-2.74539722188478663E-001
-2.59555336248297408E-001
-2.44847352821750519E-001
-2.30370293073235644E-001
-2.15997695088049113E-001
-2.01813951532471947E-001
-1.87730426213704504E-001
-1.73832130359926396E-001
-1.60055897290533267E-001
-1.46415582927090782E-001
-1.32912519337082813E-001
-1.19539840957543220E-001
-1.06332422198477161E-001
-9.32476649381897005E-002
-8.03167691278758866E-002
-6.75313289886503298E-002
-5.48979859751170807E-002
-4.24268972591335114E-002
-3.00986134097342983E-002
-1.79335477346285188E-002
-5.92304020176470658E-003
 1.00000000000000004E+036
 1.00000000000000004E+036
 1.00000000000000004E+036
 1.00000000000000004E+036
 1.00000000000000004E+036
 1.00000000000000004E+036
 1.00000000000000004E+036
 1.00000000000000004E+036
 1.00000000000000004E+036
 1.00000000000000004E+036
 1.00000000000000004E+036
 1.00000000000000004E+036
 1.00000000000000004E+036
 1.00000000000000004E+036
 1.00000000000000004E+036
 1.00000000000000004E+036
 1.00000000000000004E+036
 1.00000000000000004E+036
 1.00000000000000004E+036
 1.00000000000000004E+036
 1.00000000000000004E+036
 1.00000000000000004E+036
 1.00000000000000004E+036
 1.00000000000000004E+036
 1.00000000000000004E+036
 1.00000000000000004E+036
 1.00000000000000004E+036
 1.00000000000000004E+036
 1.00000000000000004E+036
 1.00000000000000004E+036
 1.00000000000000004E+036
 1.00000000000000004E+036
 1.00000000000000004E+036
 1.00000000000000004E+036
 1.00000000000000004E+036
 1.00000000000000004E+036
 1.00000000000000004E+036
 1.00000000000000004E+036
 1.00000000000000004E+036
 1.00000000000000004E+036
 1.00000000000000004E+036
 1.00000000000000004E+036
 1.00000000000000004E+036
 1.00000000000000004E+036
 1.00000000000000004E+036
 1.00000000000000004E+036
 1.00000000000000004E+036
 1.00000000000000004E+036
 1.00000000000000004E+036
 1.00000000000000004E+036
 1.00000000000000004E+036
 1.00000000000000004E+036
 1.00000000000000004E+036
 1.00000000000000004E+036
-3.47475244946224393E-001
-2.64852290377348254E-001
-3.09383031142942855E-001
-3.29560172995286393E-001
-3.52617420609590226E-001
-3.79085552899312006E-001
-4.08784475127220048E-001
-4.59785150907862317E-001
-4.41344094729629433E-001
-4.87818145701965022E-001
-5.00235661369174522E-001
-5.01569681493776898E-001
-5.01350283675208175E-001
-5.17773740078837363E-001
-5.31883906788436889E-001
-5.16004155874838943E-001
-5.14527033187448524E-001
-5.22485684987259447E-001
-4.98086662713035366E-001
-4.96309433023100155E-001
-3.57378671906531054E-001
-3.38766949315072452E-001
-3.21459219692940223E-001
-3.05476137126959202E-001
-2.89755439971827400E-001
-2.74539722188478663E-001
-2.59555336248297408E-001
-2.44847352821750519E-001
-2.30370293073235644E-001
-2.15997695088049113E-001
-2.01813951532471947E-001
-1.87730426213704504E-001
-1.73832130359926396E-001
-1.60055897290533267E-001
-1.46415582927090782E-001
-1.32912519337082813E-001
-1.19539840957543220E-001
-1.06332422198477161E-001
-9.32476649381897005E-002
-8.03167691278758866E-002
-6.75313289886503298E-002
-5.48979859751170807E-002
-4.24268972591335114E-002
-3.00986134097342983E-002
-1.79335477346285188E-002
-5.92304020176470658E-003
 1.00000000000000004E+036
 1.00000000000000004E+036
 1.00000000000000004E+036
 1.00000000000000004E+036
 1.00000000000000004E+036
 1.00000000000000004E+036
 1.00000000000000004E+036
 1.00000000000000004E+036
 1.00000000000000004E+036
 1.00000000000000004E+036
 1.00000000000000004E+036
 1.00000000000000004E+036
 1.00000000000000004E+036
 1.00000000000000004E+036
 1.00000000000000004E+036
 1.00000000000000004E+036
 1.00000000000000004E+036
 1.00000000000000004E+036
 1.00000000000000004E+036
 1.00000000000000004E+036
 1.00000000000000004E+036
 1.00000000000000004E+036
 1.00000000000000004E+036
 1.00000000000000004E+036
 1.00000000000000004E+036
 1.00000000000000004E+036
 1.00000000000000004E+036
 1.00000000000000004E+036
 1.00000000000000004E+036
 1.00000000000000004E+036
 1.00000000000000004E+036
 1.00000000000000004E+036
 1.00000000000000004E+036
 1.00000000000000004E+036
 1.00000000000000004E+036
 1.00000000000000004E+036
 1.00000000000000004E+036
 1.00000000000000004E+036
 1.00000000000000004E+036
 1.00000000000000004E+036
 1.00000000000000004E+036
 1.00000000000000004E+036
 1.00000000000000004E+036
 1.00000000000000004E+036
 1.00000000000000004E+036
 1.00000000000000004E+036
 1.00000000000000004E+036
 1.00000000000000004E+036
 1.00000000000000004E+036
 1.00000000000000004E+036
 1.00000000000000004E+036
 1.00000000000000004E+036
 1.00000000000000004E+036
 1.00000000000000004E+036
# INPUT: mlcanopy_inst__eair_bef_profile(1,100)
 1.23279853229210721E+003
 1.21044778596277411E+003
 1.19639311218416333E+003
 1.18804064106130841E+003
 1.18345269433473277E+003
 1.18115723618945026E+003
 1.18005530770404562E+003
 1.17930663394019712E+003
 1.17829850219789910E+003
 1.17659773611762921E+003
 1.17387526039724207E+003
 1.16988623900768721E+003
 1.16447883675550634E+003
 1.15752150424656043E+003
 1.14889897004948898E+003
 1.13855775823370323E+003
 1.12651538780664441E+003
 1.11286780475462047E+003
 1.09784500991196705E+003
 1.08191010511718355E+003
 1.06602817104361748E+003
 1.05224352981314837E+003
 1.03960062216871779E+003
 1.02783588936244792E+003
 1.01664871232578730E+003
 1.00597575917043105E+003
 9.95697726666244193E+002
 9.85761337615278876E+002
 9.76125650866616638E+002
 9.66742102634166827E+002
 9.57599824718630430E+002
 9.48661156583517027E+002
 9.39918605879062511E+002
 9.31350883314057910E+002
 9.22946350185462620E+002
 9.14694240312943180E+002
 9.06579589840220706E+002
 8.98599063149708172E+002
 8.90738473607905462E+002
 8.82993653928249273E+002
 8.75356258923642145E+002
 8.67819007226895678E+002
 8.60377471615524769E+002
 8.53022692541469610E+002
 8.45752124795683130E+002
 8.38558699663851144E+002
 1.00000000000000004E+036
 1.00000000000000004E+036
 1.00000000000000004E+036
 1.00000000000000004E+036
 1.00000000000000004E+036
 1.00000000000000004E+036
 1.00000000000000004E+036
 1.00000000000000004E+036
 1.00000000000000004E+036
 1.00000000000000004E+036
 1.00000000000000004E+036
 1.00000000000000004E+036
 1.00000000000000004E+036
 1.00000000000000004E+036
 1.00000000000000004E+036
 1.00000000000000004E+036
 1.00000000000000004E+036
 1.00000000000000004E+036
 1.00000000000000004E+036
 1.00000000000000004E+036
 1.00000000000000004E+036
 1.00000000000000004E+036
 1.00000000000000004E+036
 1.00000000000000004E+036
 1.00000000000000004E+036
 1.00000000000000004E+036
 1.00000000000000004E+036
 1.00000000000000004E+036
 1.00000000000000004E+036
 1.00000000000000004E+036
 1.00000000000000004E+036
 1.00000000000000004E+036
 1.00000000000000004E+036
 1.00000000000000004E+036
 1.00000000000000004E+036
 1.00000000000000004E+036
 1.00000000000000004E+036
 1.00000000000000004E+036
 1.00000000000000004E+036
 1.00000000000000004E+036
 1.00000000000000004E+036
 1.00000000000000004E+036
 1.00000000000000004E+036
 1.00000000000000004E+036
 1.00000000000000004E+036
 1.00000000000000004E+036
 1.00000000000000004E+036
 1.00000000000000004E+036
 1.00000000000000004E+036
 1.00000000000000004E+036
 1.00000000000000004E+036
 1.00000000000000004E+036
 1.00000000000000004E+036
 1.00000000000000004E+036
# INPUT: mlcanopy_inst__eair_profile(1,100)
 1.35784591301255614E+003
 1.33012959332502123E+003
 1.31109155353252686E+003
 1.29806263490356605E+003
 1.28899428731938951E+003
 1.28235211390025643E+003
 1.27699494139431863E+003
 1.27205633144587887E+003
 1.26691385037391115E+003
 1.26113657095787039E+003
 1.25440327039124168E+003
 1.24647562584288767E+003
 1.23718970178181394E+003
 1.22643801176998090E+003
 1.21411258228079100E+003
 1.20016930783104203E+003
 1.18462432754874203E+003
 1.16759186368574501E+003
 1.14932979995789333E+003
 1.13037736718564975E+003
 1.11198383696181395E+003
 1.09598868767839326E+003
 1.08134795575714497E+003
 1.06762222683655705E+003
 1.05458064915294540E+003
 1.04205344422290887E+003
 1.02995911812937948E+003
 1.01821190056845478E+003
 1.00677817641840545E+003
 9.95603937385425525E+002
 9.84674560048717808E+002
 9.73954559080662420E+002
 9.63434957397279504E+002
 9.53091199138826369E+002
 9.42918120831179522E+002
 9.32896435759683527E+002
 9.23023352172418186E+002
 9.13281746442581152E+002
 9.03670662485792946E+002
 8.94178277043117646E+002
 8.84800557081316242E+002
 8.75529134945686792E+002
 8.66360372055257358E+002
 8.57286391313881268E+002
 8.48304278169914141E+002
 8.39407501484407021E+002
 1.00000000000000004E+036
 1.00000000000000004E+036
 1.00000000000000004E+036
 1.00000000000000004E+036
 1.00000000000000004E+036
 1.00000000000000004E+036
 1.00000000000000004E+036
 1.00000000000000004E+036
 1.00000000000000004E+036
 1.00000000000000004E+036
 1.00000000000000004E+036
 1.00000000000000004E+036
 1.00000000000000004E+036
 1.00000000000000004E+036
 1.00000000000000004E+036
 1.00000000000000004E+036
 1.00000000000000004E+036
 1.00000000000000004E+036
 1.00000000000000004E+036
 1.00000000000000004E+036
 1.00000000000000004E+036
 1.00000000000000004E+036
 1.00000000000000004E+036
 1.00000000000000004E+036
 1.00000000000000004E+036
 1.00000000000000004E+036
 1.00000000000000004E+036
 1.00000000000000004E+036
 1.00000000000000004E+036
 1.00000000000000004E+036
 1.00000000000000004E+036
 1.00000000000000004E+036
 1.00000000000000004E+036
 1.00000000000000004E+036
 1.00000000000000004E+036
 1.00000000000000004E+036
 1.00000000000000004E+036
 1.00000000000000004E+036
 1.00000000000000004E+036
 1.00000000000000004E+036
 1.00000000000000004E+036
 1.00000000000000004E+036
 1.00000000000000004E+036
 1.00000000000000004E+036
 1.00000000000000004E+036
 1.00000000000000004E+036
 1.00000000000000004E+036
 1.00000000000000004E+036
 1.00000000000000004E+036
 1.00000000000000004E+036
 1.00000000000000004E+036
 1.00000000000000004E+036
 1.00000000000000004E+036
 1.00000000000000004E+036
# INPUT: mlcanopy_inst__h2ocan_bef_profile(1,100)
 0.00000000000000000E+000
 0.00000000000000000E+000
 0.00000000000000000E+000
 0.00000000000000000E+000
 0.00000000000000000E+000
 0.00000000000000000E+000
 0.00000000000000000E+000
 0.00000000000000000E+000
 0.00000000000000000E+000
 0.00000000000000000E+000
 0.00000000000000000E+000
 0.00000000000000000E+000
 0.00000000000000000E+000
 0.00000000000000000E+000
 0.00000000000000000E+000
 0.00000000000000000E+000
 0.00000000000000000E+000
 0.00000000000000000E+000
 0.00000000000000000E+000
 0.00000000000000000E+000
 0.00000000000000000E+000
 0.00000000000000000E+000
 0.00000000000000000E+000
 0.00000000000000000E+000
 0.00000000000000000E+000
 0.00000000000000000E+000
 0.00000000000000000E+000
 0.00000000000000000E+000
 0.00000000000000000E+000
 0.00000000000000000E+000
 0.00000000000000000E+000
 0.00000000000000000E+000
 0.00000000000000000E+000
 0.00000000000000000E+000
 0.00000000000000000E+000
 0.00000000000000000E+000
 0.00000000000000000E+000
 0.00000000000000000E+000
 0.00000000000000000E+000
 0.00000000000000000E+000
 0.00000000000000000E+000
 0.00000000000000000E+000
 0.00000000000000000E+000
 0.00000000000000000E+000
 0.00000000000000000E+000
 0.00000000000000000E+000
 1.00000000000000004E+036
 1.00000000000000004E+036
 1.00000000000000004E+036
 1.00000000000000004E+036
 1.00000000000000004E+036
 1.00000000000000004E+036
 1.00000000000000004E+036
 1.00000000000000004E+036
 1.00000000000000004E+036
 1.00000000000000004E+036
 1.00000000000000004E+036
 1.00000000000000004E+036
 1.00000000000000004E+036
 1.00000000000000004E+036
 1.00000000000000004E+036
 1.00000000000000004E+036
 1.00000000000000004E+036
 1.00000000000000004E+036
 1.00000000000000004E+036
 1.00000000000000004E+036
 1.00000000000000004E+036
 1.00000000000000004E+036
 1.00000000000000004E+036
 1.00000000000000004E+036
 1.00000000000000004E+036
 1.00000000000000004E+036
 1.00000000000000004E+036
 1.00000000000000004E+036
 1.00000000000000004E+036
 1.00000000000000004E+036
 1.00000000000000004E+036
 1.00000000000000004E+036
 1.00000000000000004E+036
 1.00000000000000004E+036
 1.00000000000000004E+036
 1.00000000000000004E+036
 1.00000000000000004E+036
 1.00000000000000004E+036
 1.00000000000000004E+036
 1.00000000000000004E+036
 1.00000000000000004E+036
 1.00000000000000004E+036
 1.00000000000000004E+036
 1.00000000000000004E+036
 1.00000000000000004E+036
 1.00000000000000004E+036
 1.00000000000000004E+036
 1.00000000000000004E+036
 1.00000000000000004E+036
 1.00000000000000004E+036
 1.00000000000000004E+036
 1.00000000000000004E+036
 1.00000000000000004E+036
 1.00000000000000004E+036
# INPUT: mlcanopy_inst__h2ocan_profile(1,100)
 0.00000000000000000E+000
 0.00000000000000000E+000
 0.00000000000000000E+000
 0.00000000000000000E+000
 0.00000000000000000E+000
 0.00000000000000000E+000
 0.00000000000000000E+000
 0.00000000000000000E+000
 0.00000000000000000E+000
 0.00000000000000000E+000
 0.00000000000000000E+000
 0.00000000000000000E+000
 0.00000000000000000E+000
 0.00000000000000000E+000
 0.00000000000000000E+000
 0.00000000000000000E+000
 0.00000000000000000E+000
 0.00000000000000000E+000
 0.00000000000000000E+000
 0.00000000000000000E+000
 0.00000000000000000E+000
 0.00000000000000000E+000
 0.00000000000000000E+000
 0.00000000000000000E+000
 0.00000000000000000E+000
 0.00000000000000000E+000
 0.00000000000000000E+000
 0.00000000000000000E+000
 0.00000000000000000E+000
 0.00000000000000000E+000
 0.00000000000000000E+000
 0.00000000000000000E+000
 0.00000000000000000E+000
 0.00000000000000000E+000
 0.00000000000000000E+000
 0.00000000000000000E+000
 0.00000000000000000E+000
 0.00000000000000000E+000
 0.00000000000000000E+000
 0.00000000000000000E+000
 0.00000000000000000E+000
 0.00000000000000000E+000
 0.00000000000000000E+000
 0.00000000000000000E+000
 0.00000000000000000E+000
 0.00000000000000000E+000
 0.00000000000000000E+000
 0.00000000000000000E+000
 0.00000000000000000E+000
 0.00000000000000000E+000
 0.00000000000000000E+000
 0.00000000000000000E+000
 0.00000000000000000E+000
 0.00000000000000000E+000
 0.00000000000000000E+000
 0.00000000000000000E+000
 0.00000000000000000E+000
 0.00000000000000000E+000
 0.00000000000000000E+000
 0.00000000000000000E+000
 0.00000000000000000E+000
 0.00000000000000000E+000
 0.00000000000000000E+000
 0.00000000000000000E+000
 0.00000000000000000E+000
 0.00000000000000000E+000
 0.00000000000000000E+000
 0.00000000000000000E+000
 0.00000000000000000E+000
 0.00000000000000000E+000
 0.00000000000000000E+000
 0.00000000000000000E+000
 0.00000000000000000E+000
 0.00000000000000000E+000
 0.00000000000000000E+000
 0.00000000000000000E+000
 0.00000000000000000E+000
 0.00000000000000000E+000
 0.00000000000000000E+000
 0.00000000000000000E+000
 0.00000000000000000E+000
 0.00000000000000000E+000
 0.00000000000000000E+000
 0.00000000000000000E+000
 0.00000000000000000E+000
 0.00000000000000000E+000
 0.00000000000000000E+000
 0.00000000000000000E+000
 0.00000000000000000E+000
 0.00000000000000000E+000
 0.00000000000000000E+000
 0.00000000000000000E+000
 0.00000000000000000E+000
 0.00000000000000000E+000
 0.00000000000000000E+000
 0.00000000000000000E+000
 0.00000000000000000E+000
 0.00000000000000000E+000
 0.00000000000000000E+000
 0.00000000000000000E+000
# INPUT: mlcanopy_inst__lwp_bef_leaf(1,100,2)
 0.00000000000000000E+000
-4.70031765130195900E-001
-5.55697479381724202E-001
-6.14081100239053823E-001
-6.59201986105931836E-001
-6.97673847294464577E-001
-7.31310280940770330E-001
-7.63335496769912414E-001
-7.95655748367998239E-001
-8.26737259662503998E-001
-8.55974293517638651E-001
-8.85246450787171790E-001
-9.27263822570878915E-001
-9.72680175006587211E-001
-1.02217684014591770E+000
-1.07633932954919231E+000
-1.13529944055277099E+000
-1.19882980451920229E+000
-1.26611877755947444E+000
-1.33235702298470926E+000
 0.00000000000000000E+000
 0.00000000000000000E+000
 0.00000000000000000E+000
 0.00000000000000000E+000
 0.00000000000000000E+000
 0.00000000000000000E+000
 0.00000000000000000E+000
 0.00000000000000000E+000
 0.00000000000000000E+000
 0.00000000000000000E+000
 0.00000000000000000E+000
 0.00000000000000000E+000
 0.00000000000000000E+000
 0.00000000000000000E+000
 0.00000000000000000E+000
 0.00000000000000000E+000
 0.00000000000000000E+000
 0.00000000000000000E+000
 0.00000000000000000E+000
 0.00000000000000000E+000
 0.00000000000000000E+000
 0.00000000000000000E+000
 0.00000000000000000E+000
 0.00000000000000000E+000
 0.00000000000000000E+000
 0.00000000000000000E+000
 1.00000000000000004E+036
 1.00000000000000004E+036
 1.00000000000000004E+036
 1.00000000000000004E+036
 1.00000000000000004E+036
 1.00000000000000004E+036
 1.00000000000000004E+036
 1.00000000000000004E+036
 1.00000000000000004E+036
 1.00000000000000004E+036
 1.00000000000000004E+036
 1.00000000000000004E+036
 1.00000000000000004E+036
 1.00000000000000004E+036
 1.00000000000000004E+036
 1.00000000000000004E+036
 1.00000000000000004E+036
 1.00000000000000004E+036
 1.00000000000000004E+036
 1.00000000000000004E+036
 1.00000000000000004E+036
 1.00000000000000004E+036
 1.00000000000000004E+036
 1.00000000000000004E+036
 1.00000000000000004E+036
 1.00000000000000004E+036
 1.00000000000000004E+036
 1.00000000000000004E+036
 1.00000000000000004E+036
 1.00000000000000004E+036
 1.00000000000000004E+036
 1.00000000000000004E+036
 1.00000000000000004E+036
 1.00000000000000004E+036
 1.00000000000000004E+036
 1.00000000000000004E+036
 1.00000000000000004E+036
 1.00000000000000004E+036
 1.00000000000000004E+036
 1.00000000000000004E+036
 1.00000000000000004E+036
 1.00000000000000004E+036
 1.00000000000000004E+036
 1.00000000000000004E+036
 1.00000000000000004E+036
 1.00000000000000004E+036
 1.00000000000000004E+036
 1.00000000000000004E+036
 1.00000000000000004E+036
 1.00000000000000004E+036
 1.00000000000000004E+036
 1.00000000000000004E+036
 1.00000000000000004E+036
 1.00000000000000004E+036
 0.00000000000000000E+000
-2.33222066363590580E-001
-2.47534866554501881E-001
-2.56899709881421134E-001
-2.67652624456382493E-001
-2.78292214755848089E-001
-2.91871578287512146E-001
-3.04128479728039802E-001
-3.18978658363445633E-001
-3.34790422765334050E-001
-3.55559834561839483E-001
-3.80063015724070419E-001
-4.08261616348459200E-001
-4.45390116856616558E-001
-4.89008891696418257E-001
-5.39949240457327950E-001
-6.01289106621202940E-001
-6.72170924827731664E-001
-7.49898221557005362E-001
-8.24539178720988475E-001
 0.00000000000000000E+000
 0.00000000000000000E+000
 0.00000000000000000E+000
 0.00000000000000000E+000
 0.00000000000000000E+000
 0.00000000000000000E+000
 0.00000000000000000E+000
 0.00000000000000000E+000
 0.00000000000000000E+000
 0.00000000000000000E+000
 0.00000000000000000E+000
 0.00000000000000000E+000
 0.00000000000000000E+000
 0.00000000000000000E+000
 0.00000000000000000E+000
 0.00000000000000000E+000
 0.00000000000000000E+000
 0.00000000000000000E+000
 0.00000000000000000E+000
 0.00000000000000000E+000
 0.00000000000000000E+000
 0.00000000000000000E+000
 0.00000000000000000E+000
 0.00000000000000000E+000
 0.00000000000000000E+000
 0.00000000000000000E+000
 1.00000000000000004E+036
 1.00000000000000004E+036
 1.00000000000000004E+036
 1.00000000000000004E+036
 1.00000000000000004E+036
 1.00000000000000004E+036
 1.00000000000000004E+036
 1.00000000000000004E+036
 1.00000000000000004E+036
 1.00000000000000004E+036
 1.00000000000000004E+036
 1.00000000000000004E+036
 1.00000000000000004E+036
 1.00000000000000004E+036
 1.00000000000000004E+036
 1.00000000000000004E+036
 1.00000000000000004E+036
 1.00000000000000004E+036
 1.00000000000000004E+036
 1.00000000000000004E+036
 1.00000000000000004E+036
 1.00000000000000004E+036
 1.00000000000000004E+036
 1.00000000000000004E+036
 1.00000000000000004E+036
 1.00000000000000004E+036
 1.00000000000000004E+036
 1.00000000000000004E+036
 1.00000000000000004E+036
 1.00000000000000004E+036
 1.00000000000000004E+036
 1.00000000000000004E+036
 1.00000000000000004E+036
 1.00000000000000004E+036
 1.00000000000000004E+036
 1.00000000000000004E+036
 1.00000000000000004E+036
 1.00000000000000004E+036
 1.00000000000000004E+036
 1.00000000000000004E+036
 1.00000000000000004E+036
 1.00000000000000004E+036
 1.00000000000000004E+036
 1.00000000000000004E+036
 1.00000000000000004E+036
 1.00000000000000004E+036
 1.00000000000000004E+036
 1.00000000000000004E+036
 1.00000000000000004E+036
 1.00000000000000004E+036
 1.00000000000000004E+036
 1.00000000000000004E+036
 1.00000000000000004E+036
 1.00000000000000004E+036
# INPUT: mlcanopy_inst__lwp_leaf(1,100,2)
 0.00000000000000000E+000
-5.36148205344933237E-001
-6.36855337201138294E-001
-7.05264547182548607E-001
-7.57665885379100179E-001
-8.01829856835281518E-001
-8.40783404019519010E-001
-8.78752277429434958E-001
-9.16478488949272529E-001
-9.53240508968279499E-001
-9.89980955967027842E-001
-1.02694691270726879E+000
-1.06747776191752797E+000
-1.12154549776759982E+000
-1.17983601123923787E+000
-1.24412480929576730E+000
-1.31409132638433657E+000
-1.38918107950515735E+000
-1.46242275211504769E+000
-1.48757771981709430E+000
 0.00000000000000000E+000
 0.00000000000000000E+000
 0.00000000000000000E+000
 0.00000000000000000E+000
 0.00000000000000000E+000
 0.00000000000000000E+000
 0.00000000000000000E+000
 0.00000000000000000E+000
 0.00000000000000000E+000
 0.00000000000000000E+000
 0.00000000000000000E+000
 0.00000000000000000E+000
 0.00000000000000000E+000
 0.00000000000000000E+000
 0.00000000000000000E+000
 0.00000000000000000E+000
 0.00000000000000000E+000
 0.00000000000000000E+000
 0.00000000000000000E+000
 0.00000000000000000E+000
 0.00000000000000000E+000
 0.00000000000000000E+000
 0.00000000000000000E+000
 0.00000000000000000E+000
 0.00000000000000000E+000
 0.00000000000000000E+000
-1.00000000000000006E-001
-1.00000000000000006E-001
-1.00000000000000006E-001
-1.00000000000000006E-001
-1.00000000000000006E-001
-1.00000000000000006E-001
-1.00000000000000006E-001
-1.00000000000000006E-001
-1.00000000000000006E-001
-1.00000000000000006E-001
-1.00000000000000006E-001
-1.00000000000000006E-001
-1.00000000000000006E-001
-1.00000000000000006E-001
-1.00000000000000006E-001
-1.00000000000000006E-001
-1.00000000000000006E-001
-1.00000000000000006E-001
-1.00000000000000006E-001
-1.00000000000000006E-001
-1.00000000000000006E-001
-1.00000000000000006E-001
-1.00000000000000006E-001
-1.00000000000000006E-001
-1.00000000000000006E-001
-1.00000000000000006E-001
-1.00000000000000006E-001
-1.00000000000000006E-001
-1.00000000000000006E-001
-1.00000000000000006E-001
-1.00000000000000006E-001
-1.00000000000000006E-001
-1.00000000000000006E-001
-1.00000000000000006E-001
-1.00000000000000006E-001
-1.00000000000000006E-001
-1.00000000000000006E-001
-1.00000000000000006E-001
-1.00000000000000006E-001
-1.00000000000000006E-001
-1.00000000000000006E-001
-1.00000000000000006E-001
-1.00000000000000006E-001
-1.00000000000000006E-001
-1.00000000000000006E-001
-1.00000000000000006E-001
-1.00000000000000006E-001
-1.00000000000000006E-001
-1.00000000000000006E-001
-1.00000000000000006E-001
-1.00000000000000006E-001
-1.00000000000000006E-001
-1.00000000000000006E-001
-1.00000000000000006E-001
 0.00000000000000000E+000
-2.57642406826528225E-001
-2.74208317970554394E-001
-2.86890213801243910E-001
-2.99343595916675975E-001
-3.11810279939185198E-001
-3.27524000467376564E-001
-3.42541802567191855E-001
-3.59053442264555933E-001
-3.78130709519732378E-001
-4.02102479912827104E-001
-4.30300298015213689E-001
-4.64767536609504539E-001
-5.08240730254677087E-001
-5.59241027598231688E-001
-6.19844737994243333E-001
-6.91481720441620040E-001
-7.74994612063372501E-001
-8.67162281677892888E-001
-9.55980194816404838E-001
 0.00000000000000000E+000
 0.00000000000000000E+000
 0.00000000000000000E+000
 0.00000000000000000E+000
 0.00000000000000000E+000
 0.00000000000000000E+000
 0.00000000000000000E+000
 0.00000000000000000E+000
 0.00000000000000000E+000
 0.00000000000000000E+000
 0.00000000000000000E+000
 0.00000000000000000E+000
 0.00000000000000000E+000
 0.00000000000000000E+000
 0.00000000000000000E+000
 0.00000000000000000E+000
 0.00000000000000000E+000
 0.00000000000000000E+000
 0.00000000000000000E+000
 0.00000000000000000E+000
 0.00000000000000000E+000
 0.00000000000000000E+000
 0.00000000000000000E+000
 0.00000000000000000E+000
 0.00000000000000000E+000
 0.00000000000000000E+000
-1.00000000000000006E-001
-1.00000000000000006E-001
-1.00000000000000006E-001
-1.00000000000000006E-001
-1.00000000000000006E-001
-1.00000000000000006E-001
-1.00000000000000006E-001
-1.00000000000000006E-001
-1.00000000000000006E-001
-1.00000000000000006E-001
-1.00000000000000006E-001
-1.00000000000000006E-001
-1.00000000000000006E-001
-1.00000000000000006E-001
-1.00000000000000006E-001
-1.00000000000000006E-001
-1.00000000000000006E-001
-1.00000000000000006E-001
-1.00000000000000006E-001
-1.00000000000000006E-001
-1.00000000000000006E-001
-1.00000000000000006E-001
-1.00000000000000006E-001
-1.00000000000000006E-001
-1.00000000000000006E-001
-1.00000000000000006E-001
-1.00000000000000006E-001
-1.00000000000000006E-001
-1.00000000000000006E-001
-1.00000000000000006E-001
-1.00000000000000006E-001
-1.00000000000000006E-001
-1.00000000000000006E-001
-1.00000000000000006E-001
-1.00000000000000006E-001
-1.00000000000000006E-001
-1.00000000000000006E-001
-1.00000000000000006E-001
-1.00000000000000006E-001
-1.00000000000000006E-001
-1.00000000000000006E-001
-1.00000000000000006E-001
-1.00000000000000006E-001
-1.00000000000000006E-001
-1.00000000000000006E-001
-1.00000000000000006E-001
-1.00000000000000006E-001
-1.00000000000000006E-001
-1.00000000000000006E-001
-1.00000000000000006E-001
-1.00000000000000006E-001
-1.00000000000000006E-001
-1.00000000000000006E-001
-1.00000000000000006E-001
# INPUT: mlcanopy_inst__ncan_canopy(1)
46
# INPUT: mlcanopy_inst__tair_bef_profile(1,100)
 3.00702255418363336E+002
 3.00668182244159027E+002
 3.00622668372965506E+002
 3.00569351290808470E+002
 3.00511208513705355E+002
 3.00451104809235630E+002
 3.00391501993535826E+002
 3.00334977396501472E+002
 3.00283480631925954E+002
 3.00238691954678643E+002
 3.00202181174316877E+002
 3.00175570029355640E+002
 3.00159927656834725E+002
 3.00156616127676386E+002
 3.00167207529752318E+002
 3.00192834698083857E+002
 3.00234039348594706E+002
 3.00290747784608811E+002
 3.00361758438336437E+002
 3.00443956584382931E+002
 3.00530239801597418E+002
 3.00605233106826176E+002
 3.00674107506372479E+002
 3.00738281258902020E+002
 3.00799381284087758E+002
 3.00857743547853033E+002
 3.00914012028876357E+002
 3.00968471353282439E+002
 3.01021339633038167E+002
 3.01072877730010134E+002
 3.01123140212603630E+002
 3.01172329379591872E+002
 3.01220482039806825E+002
 3.01267711252295783E+002
 3.01314077204211628E+002
 3.01359635485093861E+002
 3.01404465068675847E+002
 3.01448580869624095E+002
 3.01492057909728203E+002
 3.01534915945422426E+002
 3.01577197945575278E+002
 3.01618941092739817E+002
 3.01660166844357207E+002
 3.01700921837159569E+002
 3.01741217230998643E+002
 3.01781089304656064E+002
 1.00000000000000004E+036
 1.00000000000000004E+036
 1.00000000000000004E+036
 1.00000000000000004E+036
 1.00000000000000004E+036
 1.00000000000000004E+036
 1.00000000000000004E+036
 1.00000000000000004E+036
 1.00000000000000004E+036
 1.00000000000000004E+036
 1.00000000000000004E+036
 1.00000000000000004E+036
 1.00000000000000004E+036
 1.00000000000000004E+036
 1.00000000000000004E+036
 1.00000000000000004E+036
 1.00000000000000004E+036
 1.00000000000000004E+036
 1.00000000000000004E+036
 1.00000000000000004E+036
 1.00000000000000004E+036
 1.00000000000000004E+036
 1.00000000000000004E+036
 1.00000000000000004E+036
 1.00000000000000004E+036
 1.00000000000000004E+036
 1.00000000000000004E+036
 1.00000000000000004E+036
 1.00000000000000004E+036
 1.00000000000000004E+036
 1.00000000000000004E+036
 1.00000000000000004E+036
 1.00000000000000004E+036
 1.00000000000000004E+036
 1.00000000000000004E+036
 1.00000000000000004E+036
 1.00000000000000004E+036
 1.00000000000000004E+036
 1.00000000000000004E+036
 1.00000000000000004E+036
 1.00000000000000004E+036
 1.00000000000000004E+036
 1.00000000000000004E+036
 1.00000000000000004E+036
 1.00000000000000004E+036
 1.00000000000000004E+036
 1.00000000000000004E+036
 1.00000000000000004E+036
 1.00000000000000004E+036
 1.00000000000000004E+036
 1.00000000000000004E+036
 1.00000000000000004E+036
 1.00000000000000004E+036
 1.00000000000000004E+036
# INPUT: mlcanopy_inst__tair_profile(1,100)
 3.00498810336821180E+002
 3.00452754873383071E+002
 3.00399061548657926E+002
 3.00340298285100062E+002
 3.00279110810417933E+002
 3.00217894909917732E+002
 3.00158765295474211E+002
 3.00104133819279411E+002
 3.00055807777304835E+002
 3.00015052767595989E+002
 2.99983398668395637E+002
 2.99962390520883275E+002
 2.99953458419472440E+002
 2.99957678603420902E+002
 2.99976554652310710E+002
 3.00011110943723224E+002
 3.00061943868110689E+002
 3.00128797686958819E+002
 3.00210214678691216E+002
 3.00302270313290762E+002
 3.00394421814356178E+002
 3.00474692943938521E+002
 3.00548284338981375E+002
 3.00617380758046238E+002
 3.00683127054974477E+002
 3.00746365772072181E+002
 3.00807497436896426E+002
 3.00866946382033291E+002
 3.00924874728406735E+002
 3.00981549007525700E+002
 3.01037036992395770E+002
 3.01091512990315493E+002
 3.01145017235192995E+002
 3.01197669613184189E+002
 3.01249491728316968E+002
 3.01300577428784266E+002
 3.01350936798749160E+002
 3.01400653255077998E+002
 3.01449727955934065E+002
 3.01498217721993171E+002
 3.01546139775205688E+002
 3.01593533645352977E+002
 3.01640414840664675E+002
 3.01686820675309150E+002
 3.01732763211277017E+002
 3.01778273121773111E+002
 1.00000000000000004E+036
 1.00000000000000004E+036
 1.00000000000000004E+036
 1.00000000000000004E+036
 1.00000000000000004E+036
 1.00000000000000004E+036
 1.00000000000000004E+036
 1.00000000000000004E+036
 1.00000000000000004E+036
 1.00000000000000004E+036
 1.00000000000000004E+036
 1.00000000000000004E+036
 1.00000000000000004E+036
 1.00000000000000004E+036
 1.00000000000000004E+036
 1.00000000000000004E+036
 1.00000000000000004E+036
 1.00000000000000004E+036
 1.00000000000000004E+036
 1.00000000000000004E+036
 1.00000000000000004E+036
 1.00000000000000004E+036
 1.00000000000000004E+036
 1.00000000000000004E+036
 1.00000000000000004E+036
 1.00000000000000004E+036
 1.00000000000000004E+036
 1.00000000000000004E+036
 1.00000000000000004E+036
 1.00000000000000004E+036
 1.00000000000000004E+036
 1.00000000000000004E+036
 1.00000000000000004E+036
 1.00000000000000004E+036
 1.00000000000000004E+036
 1.00000000000000004E+036
 1.00000000000000004E+036
 1.00000000000000004E+036
 1.00000000000000004E+036
 1.00000000000000004E+036
 1.00000000000000004E+036
 1.00000000000000004E+036
 1.00000000000000004E+036
 1.00000000000000004E+036
 1.00000000000000004E+036
 1.00000000000000004E+036
 1.00000000000000004E+036
 1.00000000000000004E+036
 1.00000000000000004E+036
 1.00000000000000004E+036
 1.00000000000000004E+036
 1.00000000000000004E+036
 1.00000000000000004E+036
 1.00000000000000004E+036
# INPUT: mlcanopy_inst__tg_bef_soil(1)
 3.01170216529750519E+002
# INPUT: mlcanopy_inst__tg_soil(1)
 3.01165672702354811E+002
# INPUT: mlcanopy_inst__tleaf_bef_leaf(1,100,2)
 3.00702255418363336E+002
 3.06198522489107063E+002
 3.04685461287833675E+002
 3.03681270418893632E+002
 3.02926749001145993E+002
 3.02313038631885377E+002
 3.01810887011256000E+002
 3.01367206761215414E+002
 3.00962459066872782E+002
 3.00611965278892797E+002
 3.00293859264696778E+002
 3.00070585612091804E+002
 2.99721880793861942E+002
 2.99410119939234676E+002
 2.99127981389142064E+002
 2.98865661344749583E+002
 2.98628187662551852E+002
 2.98411796374851917E+002
 2.98221931125167941E+002
 2.98097761618014431E+002
 3.00530239801597418E+002
 3.00605233106826176E+002
 3.00674107506372479E+002
 3.00738281258902020E+002
 3.00799381284087758E+002
 3.00857743547853033E+002
 3.00914012028876357E+002
 3.00968471353282439E+002
 3.01021339633038167E+002
 3.01072877730010134E+002
 3.01123140212603630E+002
 3.01172329379591872E+002
 3.01220482039806825E+002
 3.01267711252295783E+002
 3.01314077204211628E+002
 3.01359635485093861E+002
 3.01404465068675847E+002
 3.01448580869624095E+002
 3.01492057909728203E+002
 3.01534915945422426E+002
 3.01577197945575278E+002
 3.01618941092739817E+002
 3.01660166844357207E+002
 3.01700921837159569E+002
 3.01741217230998643E+002
 3.01781089304656064E+002
 1.00000000000000004E+036
 1.00000000000000004E+036
 1.00000000000000004E+036
 1.00000000000000004E+036
 1.00000000000000004E+036
 1.00000000000000004E+036
 1.00000000000000004E+036
 1.00000000000000004E+036
 1.00000000000000004E+036
 1.00000000000000004E+036
 1.00000000000000004E+036
 1.00000000000000004E+036
 1.00000000000000004E+036
 1.00000000000000004E+036
 1.00000000000000004E+036
 1.00000000000000004E+036
 1.00000000000000004E+036
 1.00000000000000004E+036
 1.00000000000000004E+036
 1.00000000000000004E+036
 1.00000000000000004E+036
 1.00000000000000004E+036
 1.00000000000000004E+036
 1.00000000000000004E+036
 1.00000000000000004E+036
 1.00000000000000004E+036
 1.00000000000000004E+036
 1.00000000000000004E+036
 1.00000000000000004E+036
 1.00000000000000004E+036
 1.00000000000000004E+036
 1.00000000000000004E+036
 1.00000000000000004E+036
 1.00000000000000004E+036
 1.00000000000000004E+036
 1.00000000000000004E+036
 1.00000000000000004E+036
 1.00000000000000004E+036
 1.00000000000000004E+036
 1.00000000000000004E+036
 1.00000000000000004E+036
 1.00000000000000004E+036
 1.00000000000000004E+036
 1.00000000000000004E+036
 1.00000000000000004E+036
 1.00000000000000004E+036
 1.00000000000000004E+036
 1.00000000000000004E+036
 1.00000000000000004E+036
 1.00000000000000004E+036
 1.00000000000000004E+036
 1.00000000000000004E+036
 1.00000000000000004E+036
 1.00000000000000004E+036
 3.00702255418363336E+002
 3.01043397365700969E+002
 3.00743785154319767E+002
 3.00602362965960026E+002
 3.00451702377774325E+002
 3.00321895790106737E+002
 3.00160034402229314E+002
 3.00030779519004398E+002
 2.99907733079886214E+002
 2.99774833320369225E+002
 2.99621931879940121E+002
 2.99467352989473397E+002
 2.99313580354170085E+002
 2.99115440830222212E+002
 2.98910379766907226E+002
 2.98705628460996763E+002
 2.98473482926480983E+002
 2.98227840135365511E+002
 2.98004798581418470E+002
 2.97848273883115837E+002
 3.00530239801597418E+002
 3.00605233106826176E+002
 3.00674107506372479E+002
 3.00738281258902020E+002
 3.00799381284087758E+002
 3.00857743547853033E+002
 3.00914012028876357E+002
 3.00968471353282439E+002
 3.01021339633038167E+002
 3.01072877730010134E+002
 3.01123140212603630E+002
 3.01172329379591872E+002
 3.01220482039806825E+002
 3.01267711252295783E+002
 3.01314077204211628E+002
 3.01359635485093861E+002
 3.01404465068675847E+002
 3.01448580869624095E+002
 3.01492057909728203E+002
 3.01534915945422426E+002
 3.01577197945575278E+002
 3.01618941092739817E+002
 3.01660166844357207E+002
 3.01700921837159569E+002
 3.01741217230998643E+002
 3.01781089304656064E+002
 1.00000000000000004E+036
 1.00000000000000004E+036
 1.00000000000000004E+036
 1.00000000000000004E+036
 1.00000000000000004E+036
 1.00000000000000004E+036
 1.00000000000000004E+036
 1.00000000000000004E+036
 1.00000000000000004E+036
 1.00000000000000004E+036
 1.00000000000000004E+036
 1.00000000000000004E+036
 1.00000000000000004E+036
 1.00000000000000004E+036
 1.00000000000000004E+036
 1.00000000000000004E+036
 1.00000000000000004E+036
 1.00000000000000004E+036
 1.00000000000000004E+036
 1.00000000000000004E+036
 1.00000000000000004E+036
 1.00000000000000004E+036
 1.00000000000000004E+036
 1.00000000000000004E+036
 1.00000000000000004E+036
 1.00000000000000004E+036
 1.00000000000000004E+036
 1.00000000000000004E+036
 1.00000000000000004E+036
 1.00000000000000004E+036
 1.00000000000000004E+036
 1.00000000000000004E+036
 1.00000000000000004E+036
 1.00000000000000004E+036
 1.00000000000000004E+036
 1.00000000000000004E+036
 1.00000000000000004E+036
 1.00000000000000004E+036
 1.00000000000000004E+036
 1.00000000000000004E+036
 1.00000000000000004E+036
 1.00000000000000004E+036
 1.00000000000000004E+036
 1.00000000000000004E+036
 1.00000000000000004E+036
 1.00000000000000004E+036
 1.00000000000000004E+036
 1.00000000000000004E+036
 1.00000000000000004E+036
 1.00000000000000004E+036
 1.00000000000000004E+036
 1.00000000000000004E+036
 1.00000000000000004E+036
 1.00000000000000004E+036
# INPUT: mlcanopy_inst__tleaf_leaf(1,100,2)
 3.00498810336821180E+002
 3.06302682331114227E+002
 3.04754878886403958E+002
 3.03720220921026680E+002
 3.02943845156636314E+002
 3.02322857687597320E+002
 3.01800188859168827E+002
 3.01335381509497381E+002
 3.00928902147235590E+002
 3.00565949504218167E+002
 3.00232067834888767E+002
 2.99931432245131020E+002
 2.99694382832111728E+002
 2.99363536511810082E+002
 2.99073049316396464E+002
 2.98804239248949898E+002
 2.98562548781207340E+002
 2.98349799580938907E+002
 2.98219595996884323E+002
 2.98508935040428298E+002
 3.00394421814356178E+002
 3.00474692943938521E+002
 3.00548284338981375E+002
 3.00617380758046238E+002
 3.00683127054974477E+002
 3.00746365772072181E+002
 3.00807497436896426E+002
 3.00866946382033291E+002
 3.00924874728406735E+002
 3.00981549007525700E+002
 3.01037036992395770E+002
 3.01091512990315493E+002
 3.01145017235192995E+002
 3.01197669613184189E+002
 3.01249491728316968E+002
 3.01300577428784266E+002
 3.01350936798749160E+002
 3.01400653255077998E+002
 3.01449727955934065E+002
 3.01498217721993171E+002
 3.01546139775205688E+002
 3.01593533645352977E+002
 3.01640414840664675E+002
 3.01686820675309150E+002
 3.01732763211277017E+002
 3.01778273121773111E+002
 1.00000000000000004E+036
 1.00000000000000004E+036
 1.00000000000000004E+036
 1.00000000000000004E+036
 1.00000000000000004E+036
 1.00000000000000004E+036
 1.00000000000000004E+036
 1.00000000000000004E+036
 1.00000000000000004E+036
 1.00000000000000004E+036
 1.00000000000000004E+036
 1.00000000000000004E+036
 1.00000000000000004E+036
 1.00000000000000004E+036
 1.00000000000000004E+036
 1.00000000000000004E+036
 1.00000000000000004E+036
 1.00000000000000004E+036
 1.00000000000000004E+036
 1.00000000000000004E+036
 1.00000000000000004E+036
 1.00000000000000004E+036
 1.00000000000000004E+036
 1.00000000000000004E+036
 1.00000000000000004E+036
 1.00000000000000004E+036
 1.00000000000000004E+036
 1.00000000000000004E+036
 1.00000000000000004E+036
 1.00000000000000004E+036
 1.00000000000000004E+036
 1.00000000000000004E+036
 1.00000000000000004E+036
 1.00000000000000004E+036
 1.00000000000000004E+036
 1.00000000000000004E+036
 1.00000000000000004E+036
 1.00000000000000004E+036
 1.00000000000000004E+036
 1.00000000000000004E+036
 1.00000000000000004E+036
 1.00000000000000004E+036
 1.00000000000000004E+036
 1.00000000000000004E+036
 1.00000000000000004E+036
 1.00000000000000004E+036
 1.00000000000000004E+036
 1.00000000000000004E+036
 1.00000000000000004E+036
 1.00000000000000004E+036
 1.00000000000000004E+036
 1.00000000000000004E+036
 1.00000000000000004E+036
 1.00000000000000004E+036
 3.00498810336821180E+002
 3.00882706940832463E+002
 3.00586984034456350E+002
 3.00405131458882579E+002
 3.00256763062575828E+002
 3.00120968801231072E+002
 2.99954309847374475E+002
 2.99820949569870265E+002
 2.99712209518786381E+002
 2.99577493768220222E+002
 2.99431430275756099E+002
 2.99275248188303010E+002
 2.99101791519324479E+002
 2.98916005707362672E+002
 2.98724487662792455E+002
 2.98516166550604453E+002
 2.98300964780727668E+002
 2.98072305759592211E+002
 2.97853347366067624E+002
 2.97708675859266464E+002
 3.00394421814356178E+002
 3.00474692943938521E+002
 3.00548284338981375E+002
 3.00617380758046238E+002
 3.00683127054974477E+002
 3.00746365772072181E+002
 3.00807497436896426E+002
 3.00866946382033291E+002
 3.00924874728406735E+002
 3.00981549007525700E+002
 3.01037036992395770E+002
 3.01091512990315493E+002
 3.01145017235192995E+002
 3.01197669613184189E+002
 3.01249491728316968E+002
 3.01300577428784266E+002
 3.01350936798749160E+002
 3.01400653255077998E+002
 3.01449727955934065E+002
 3.01498217721993171E+002
 3.01546139775205688E+002
 3.01593533645352977E+002
 3.01640414840664675E+002
 3.01686820675309150E+002
 3.01732763211277017E+002
 3.01778273121773111E+002
 1.00000000000000004E+036
 1.00000000000000004E+036
 1.00000000000000004E+036
 1.00000000000000004E+036
 1.00000000000000004E+036
 1.00000000000000004E+036
 1.00000000000000004E+036
 1.00000000000000004E+036
 1.00000000000000004E+036
 1.00000000000000004E+036
 1.00000000000000004E+036
 1.00000000000000004E+036
 1.00000000000000004E+036
 1.00000000000000004E+036
 1.00000000000000004E+036
 1.00000000000000004E+036
 1.00000000000000004E+036
 1.00000000000000004E+036
 1.00000000000000004E+036
 1.00000000000000004E+036
 1.00000000000000004E+036
 1.00000000000000004E+036
 1.00000000000000004E+036
 1.00000000000000004E+036
 1.00000000000000004E+036
 1.00000000000000004E+036
 1.00000000000000004E+036
 1.00000000000000004E+036
 1.00000000000000004E+036
 1.00000000000000004E+036
 1.00000000000000004E+036
 1.00000000000000004E+036
 1.00000000000000004E+036
 1.00000000000000004E+036
 1.00000000000000004E+036
 1.00000000000000004E+036
 1.00000000000000004E+036
 1.00000000000000004E+036
 1.00000000000000004E+036
 1.00000000000000004E+036
 1.00000000000000004E+036
 1.00000000000000004E+036
 1.00000000000000004E+036
 1.00000000000000004E+036
 1.00000000000000004E+036
 1.00000000000000004E+036
 1.00000000000000004E+036
 1.00000000000000004E+036
 1.00000000000000004E+036
 1.00000000000000004E+036
 1.00000000000000004E+036
 1.00000000000000004E+036
 1.00000000000000004E+036
 1.00000000000000004E+036
# OUTPUT: mlcanopy_inst__deair_profile(1,100,4)
 1.09819209637425047E+002
 1.07081582881694430E+002
 1.03300770823952689E+002
 9.89155086328391917E+001
 9.41962994183381852E+001
 8.93245989954959896E+001
 8.43894414461917677E+001
 7.95200321637373690E+001
 7.47850409006928203E+001
 7.02359494806512430E+001
 6.59088165411724276E+001
 6.18320199699828663E+001
 5.80215435823461121E+001
 5.44617452781308202E+001
 5.11798452733862632E+001
 4.81667487581469231E+001
 4.54026140413286612E+001
 4.28813275813110977E+001
 4.05950406341962662E+001
 3.85355276837221936E+001
 3.66993019929750517E+001
 3.50461619198867993E+001
 3.34978275913977086E+001
 3.19871613150410212E+001
 3.05150864755139537E+001
 2.90657855369199751E+001
 2.76051222623741523E+001
 2.61690881782448059E+001
 2.47197828721734822E+001
 2.32870830899312296E+001
 2.18445030007277410E+001
 2.04108761688573850E+001
 1.89747915641539748E+001
 1.75395486764869020E+001
 1.61094155071407386E+001
 1.46766250072424782E+001
 1.32534737055005962E+001
 1.18281549273361861E+001
 1.04122307373262402E+001
 8.99862713161007832E+000
 7.59300127228607380E+000
 6.19342802731750908E+000
 4.80072698819355992E+000
 3.41831426129351712E+000
 2.04323717888473766E+000
 6.79158583473963517E-001
 1.00000000000000004E+036
 1.00000000000000004E+036
 1.00000000000000004E+036
 1.00000000000000004E+036
 1.00000000000000004E+036
 1.00000000000000004E+036
 1.00000000000000004E+036
 1.00000000000000004E+036
 1.00000000000000004E+036
 1.00000000000000004E+036
 1.00000000000000004E+036
 1.00000000000000004E+036
 1.00000000000000004E+036
 1.00000000000000004E+036
 1.00000000000000004E+036
 1.00000000000000004E+036
 1.00000000000000004E+036
 1.00000000000000004E+036
 1.00000000000000004E+036
 1.00000000000000004E+036
 1.00000000000000004E+036
 1.00000000000000004E+036
 1.00000000000000004E+036
 1.00000000000000004E+036
 1.00000000000000004E+036
 1.00000000000000004E+036
 1.00000000000000004E+036
 1.00000000000000004E+036
 1.00000000000000004E+036
 1.00000000000000004E+036
 1.00000000000000004E+036
 1.00000000000000004E+036
 1.00000000000000004E+036
 1.00000000000000004E+036
 1.00000000000000004E+036
 1.00000000000000004E+036
 1.00000000000000004E+036
 1.00000000000000004E+036
 1.00000000000000004E+036
 1.00000000000000004E+036
 1.00000000000000004E+036
 1.00000000000000004E+036
 1.00000000000000004E+036
 1.00000000000000004E+036
 1.00000000000000004E+036
 1.00000000000000004E+036
 1.00000000000000004E+036
 1.00000000000000004E+036
 1.00000000000000004E+036
 1.00000000000000004E+036
 1.00000000000000004E+036
 1.00000000000000004E+036
 1.00000000000000004E+036
 1.00000000000000004E+036
 1.16376929820363102E+002
 1.12653122356951144E+002
 1.08439881239073884E+002
 1.03979316987028142E+002
 9.93765897538039553E+001
 9.47184417132868930E+001
 9.00633859879378633E+001
 8.54954084959122156E+001
 8.10477681350705552E+001
 7.67140370895838259E+001
 7.25229045890278030E+001
 6.84970720026974504E+001
 6.46618577356866808E+001
 6.10279130547251043E+001
 5.76002267466885769E+001
 5.43762445578927327E+001
 5.13437100241910684E+001
 4.85063114691508872E+001
 4.58687779206134110E+001
 4.34422570600700055E+001
 4.12712946485482917E+001
 3.93394217393483814E+001
 3.75603004324070753E+001
 3.58224776662473232E+001
 3.41534189569158571E+001
 3.25005137238540556E+001
 3.08577998623148915E+001
 2.92377370319036345E+001
 2.76083225003861799E+001
 2.60022438048010827E+001
 2.43823321308173036E+001
 2.27819928684450588E+001
 2.11713953863431925E+001
 1.95728228034658969E+001
 1.79718109467477234E+001
 1.63778644031079921E+001
 1.47872471348043746E+001
 1.32015231880892543E+001
 1.16211345753175692E+001
 1.00472811850971766E+001
 8.47932551783003419E+000
 6.91900993263652708E+000
 5.36533342668008117E+000
 3.82173187911382684E+000
 2.28588088886397145E+000
 7.59848750753462809E-001
 1.00000000000000004E+036
 1.00000000000000004E+036
 1.00000000000000004E+036
 1.00000000000000004E+036
 1.00000000000000004E+036
 1.00000000000000004E+036
 1.00000000000000004E+036
 1.00000000000000004E+036
 1.00000000000000004E+036
 1.00000000000000004E+036
 1.00000000000000004E+036
 1.00000000000000004E+036
 1.00000000000000004E+036
 1.00000000000000004E+036
 1.00000000000000004E+036
 1.00000000000000004E+036
 1.00000000000000004E+036
 1.00000000000000004E+036
 1.00000000000000004E+036
 1.00000000000000004E+036
 1.00000000000000004E+036
 1.00000000000000004E+036
 1.00000000000000004E+036
 1.00000000000000004E+036
 1.00000000000000004E+036
 1.00000000000000004E+036
 1.00000000000000004E+036
 1.00000000000000004E+036
 1.00000000000000004E+036
 1.00000000000000004E+036
 1.00000000000000004E+036
 1.00000000000000004E+036
 1.00000000000000004E+036
 1.00000000000000004E+036
 1.00000000000000004E+036
 1.00000000000000004E+036
 1.00000000000000004E+036
 1.00000000000000004E+036
 1.00000000000000004E+036
 1.00000000000000004E+036
 1.00000000000000004E+036
 1.00000000000000004E+036
 1.00000000000000004E+036
 1.00000000000000004E+036
 1.00000000000000004E+036
 1.00000000000000004E+036
 1.00000000000000004E+036
 1.00000000000000004E+036
 1.00000000000000004E+036
 1.00000000000000004E+036
 1.00000000000000004E+036
 1.00000000000000004E+036
 1.00000000000000004E+036
 1.00000000000000004E+036
 1.17685875965264131E+002
 1.13727728049595044E+002
 1.09404628952878056E+002
 1.04914332855509201E+002
 1.00331437023023000E+002
 9.57214840446195012E+001
 9.11295264024593052E+001
 8.66270607867056697E+001
 8.22425022225738758E+001
 7.79609298729330931E+001
 7.38107206782603953E+001
 6.98130906303881602E+001
 6.59923940454302738E+001
 6.23569532844819605E+001
 5.89110719469663309E+001
 5.56528762166478828E+001
 5.25746466176940430E+001
 4.96779391202771876E+001
 4.69701432107267465E+001
 4.44700286304228030E+001
 4.22287676284743156E+001
 4.02386053870548039E+001
 3.84115549635148454E+001
 3.66263517213344585E+001
 3.49164472438460507E+001
 3.32210520308028663E+001
 3.15405370173131132E+001
 2.98806589474381781E+001
 2.82151245180560863E+001
 2.65709588871166034E+001
 2.49158645448366087E+001
 2.32786248985757993E+001
 2.16335261050064673E+001
 1.99999426234579687E+001
 1.83639137329722644E+001
 1.67361837163209657E+001
 1.51104072670314054E+001
 1.34910372137431978E+001
 1.18757783897839317E+001
 1.02685296177908185E+001
 8.66593287794250955E+000
 7.07225376073290590E+000
 5.48420088325872257E+000
 3.90708492202486468E+000
 2.33682309069763505E+000
 7.77102974990839357E-001
 1.00000000000000004E+036
 1.00000000000000004E+036
 1.00000000000000004E+036
 1.00000000000000004E+036
 1.00000000000000004E+036
 1.00000000000000004E+036
 1.00000000000000004E+036
 1.00000000000000004E+036
 1.00000000000000004E+036
 1.00000000000000004E+036
 1.00000000000000004E+036
 1.00000000000000004E+036
 1.00000000000000004E+036
 1.00000000000000004E+036
 1.00000000000000004E+036
 1.00000000000000004E+036
 1.00000000000000004E+036
 1.00000000000000004E+036
 1.00000000000000004E+036
 1.00000000000000004E+036
 1.00000000000000004E+036
 1.00000000000000004E+036
 1.00000000000000004E+036
 1.00000000000000004E+036
 1.00000000000000004E+036
 1.00000000000000004E+036
 1.00000000000000004E+036
 1.00000000000000004E+036
 1.00000000000000004E+036
 1.00000000000000004E+036
 1.00000000000000004E+036
 1.00000000000000004E+036
 1.00000000000000004E+036
 1.00000000000000004E+036
 1.00000000000000004E+036
 1.00000000000000004E+036
 1.00000000000000004E+036
 1.00000000000000004E+036
 1.00000000000000004E+036
 1.00000000000000004E+036
 1.00000000000000004E+036
 1.00000000000000004E+036
 1.00000000000000004E+036
 1.00000000000000004E+036
 1.00000000000000004E+036
 1.00000000000000004E+036
 1.00000000000000004E+036
 1.00000000000000004E+036
 1.00000000000000004E+036
 1.00000000000000004E+036
 1.00000000000000004E+036
 1.00000000000000004E+036
 1.00000000000000004E+036
 1.00000000000000004E+036
 1.25047380720448928E+002
 1.19681807362247127E+002
 1.14698441348363531E+002
 1.10021993842257643E+002
 1.05541592984656745E+002
 1.01194877710806168E+002
 9.69396336902730127E+001
 9.27496975056817519E+001
 8.86153481760120485E+001
 8.45388348402411793E+001
 8.05280099939996035E+001
 7.65893868352004574E+001
 7.27108650263076015E+001
 6.89165075234204778E+001
 6.52136122313020223E+001
 6.16115495973388079E+001
 5.81089397420976184E+001
 5.47240589311245458E+001
 5.14847900459262746E+001
 4.84672620684661979E+001
 4.59556659181964733E+001
 4.37451578652448916E+001
 4.17473335884271819E+001
 3.97863374741091320E+001
 3.79319368271580970E+001
 3.60776850524778183E+001
 3.42613914631352827E+001
 3.24505629531759041E+001
 3.06525255517888127E+001
 2.88618347512586979E+001
 2.70747353300873783E+001
 2.52934024971453937E+001
 2.35163515182169931E+001
 2.17403158247684587E+001
 1.99717706457169015E+001
 1.82021954467403475E+001
 1.64437623321974797E+001
 1.46826832928729800E+001
 1.29321888778874836E+001
 1.11846231148683728E+001
 9.44429815767409764E+000
 7.71012771879111369E+000
 5.98290043973258889E+000
 4.26369877241165796E+000
 2.55215337423101118E+000
 8.48801820555877384E-001
 1.00000000000000004E+036
 1.00000000000000004E+036
 1.00000000000000004E+036
 1.00000000000000004E+036
 1.00000000000000004E+036
 1.00000000000000004E+036
 1.00000000000000004E+036
 1.00000000000000004E+036
 1.00000000000000004E+036
 1.00000000000000004E+036
 1.00000000000000004E+036
 1.00000000000000004E+036
 1.00000000000000004E+036
 1.00000000000000004E+036
 1.00000000000000004E+036
 1.00000000000000004E+036
 1.00000000000000004E+036
 1.00000000000000004E+036
 1.00000000000000004E+036
 1.00000000000000004E+036
 1.00000000000000004E+036
 1.00000000000000004E+036
 1.00000000000000004E+036
 1.00000000000000004E+036
 1.00000000000000004E+036
 1.00000000000000004E+036
 1.00000000000000004E+036
 1.00000000000000004E+036
 1.00000000000000004E+036
 1.00000000000000004E+036
 1.00000000000000004E+036
 1.00000000000000004E+036
 1.00000000000000004E+036
 1.00000000000000004E+036
 1.00000000000000004E+036
 1.00000000000000004E+036
 1.00000000000000004E+036
 1.00000000000000004E+036
 1.00000000000000004E+036
 1.00000000000000004E+036
 1.00000000000000004E+036
 1.00000000000000004E+036
 1.00000000000000004E+036
 1.00000000000000004E+036
 1.00000000000000004E+036
 1.00000000000000004E+036
 1.00000000000000004E+036
 1.00000000000000004E+036
 1.00000000000000004E+036
 1.00000000000000004E+036
 1.00000000000000004E+036
 1.00000000000000004E+036
 1.00000000000000004E+036
 1.00000000000000004E+036
# OUTPUT: mlcanopy_inst__dh2ocan_profile(1,100,4)
 0.00000000000000000E+000
 0.00000000000000000E+000
 0.00000000000000000E+000
 0.00000000000000000E+000
 0.00000000000000000E+000
 0.00000000000000000E+000
 0.00000000000000000E+000
 0.00000000000000000E+000
 0.00000000000000000E+000
 0.00000000000000000E+000
 0.00000000000000000E+000
 0.00000000000000000E+000
 0.00000000000000000E+000
 0.00000000000000000E+000
 0.00000000000000000E+000
 0.00000000000000000E+000
 0.00000000000000000E+000
 0.00000000000000000E+000
 0.00000000000000000E+000
 0.00000000000000000E+000
 0.00000000000000000E+000
 0.00000000000000000E+000
 0.00000000000000000E+000
 0.00000000000000000E+000
 0.00000000000000000E+000
 0.00000000000000000E+000
 0.00000000000000000E+000
 0.00000000000000000E+000
 0.00000000000000000E+000
 0.00000000000000000E+000
 0.00000000000000000E+000
 0.00000000000000000E+000
 0.00000000000000000E+000
 0.00000000000000000E+000
 0.00000000000000000E+000
 0.00000000000000000E+000
 0.00000000000000000E+000
 0.00000000000000000E+000
 0.00000000000000000E+000
 0.00000000000000000E+000
 0.00000000000000000E+000
 0.00000000000000000E+000
 0.00000000000000000E+000
 0.00000000000000000E+000
 0.00000000000000000E+000
 0.00000000000000000E+000
 1.00000000000000004E+036
 1.00000000000000004E+036
 1.00000000000000004E+036
 1.00000000000000004E+036
 1.00000000000000004E+036
 1.00000000000000004E+036
 1.00000000000000004E+036
 1.00000000000000004E+036
 1.00000000000000004E+036
 1.00000000000000004E+036
 1.00000000000000004E+036
 1.00000000000000004E+036
 1.00000000000000004E+036
 1.00000000000000004E+036
 1.00000000000000004E+036
 1.00000000000000004E+036
 1.00000000000000004E+036
 1.00000000000000004E+036
 1.00000000000000004E+036
 1.00000000000000004E+036
 1.00000000000000004E+036
 1.00000000000000004E+036
 1.00000000000000004E+036
 1.00000000000000004E+036
 1.00000000000000004E+036
 1.00000000000000004E+036
 1.00000000000000004E+036
 1.00000000000000004E+036
 1.00000000000000004E+036
 1.00000000000000004E+036
 1.00000000000000004E+036
 1.00000000000000004E+036
 1.00000000000000004E+036
 1.00000000000000004E+036
 1.00000000000000004E+036
 1.00000000000000004E+036
 1.00000000000000004E+036
 1.00000000000000004E+036
 1.00000000000000004E+036
 1.00000000000000004E+036
 1.00000000000000004E+036
 1.00000000000000004E+036
 1.00000000000000004E+036
 1.00000000000000004E+036
 1.00000000000000004E+036
 1.00000000000000004E+036
 1.00000000000000004E+036
 1.00000000000000004E+036
 1.00000000000000004E+036
 1.00000000000000004E+036
 1.00000000000000004E+036
 1.00000000000000004E+036
 1.00000000000000004E+036
 1.00000000000000004E+036
 0.00000000000000000E+000
 0.00000000000000000E+000
 0.00000000000000000E+000
 0.00000000000000000E+000
 0.00000000000000000E+000
 0.00000000000000000E+000
 0.00000000000000000E+000
 0.00000000000000000E+000
 0.00000000000000000E+000
 0.00000000000000000E+000
 0.00000000000000000E+000
 0.00000000000000000E+000
 0.00000000000000000E+000
 0.00000000000000000E+000
 0.00000000000000000E+000
 0.00000000000000000E+000
 0.00000000000000000E+000
 0.00000000000000000E+000
 0.00000000000000000E+000
 0.00000000000000000E+000
 0.00000000000000000E+000
 0.00000000000000000E+000
 0.00000000000000000E+000
 0.00000000000000000E+000
 0.00000000000000000E+000
 0.00000000000000000E+000
 0.00000000000000000E+000
 0.00000000000000000E+000
 0.00000000000000000E+000
 0.00000000000000000E+000
 0.00000000000000000E+000
 0.00000000000000000E+000
 0.00000000000000000E+000
 0.00000000000000000E+000
 0.00000000000000000E+000
 0.00000000000000000E+000
 0.00000000000000000E+000
 0.00000000000000000E+000
 0.00000000000000000E+000
 0.00000000000000000E+000
 0.00000000000000000E+000
 0.00000000000000000E+000
 0.00000000000000000E+000
 0.00000000000000000E+000
 0.00000000000000000E+000
 0.00000000000000000E+000
 1.00000000000000004E+036
 1.00000000000000004E+036
 1.00000000000000004E+036
 1.00000000000000004E+036
 1.00000000000000004E+036
 1.00000000000000004E+036
 1.00000000000000004E+036
 1.00000000000000004E+036
 1.00000000000000004E+036
 1.00000000000000004E+036
 1.00000000000000004E+036
 1.00000000000000004E+036
 1.00000000000000004E+036
 1.00000000000000004E+036
 1.00000000000000004E+036
 1.00000000000000004E+036
 1.00000000000000004E+036
 1.00000000000000004E+036
 1.00000000000000004E+036
 1.00000000000000004E+036
 1.00000000000000004E+036
 1.00000000000000004E+036
 1.00000000000000004E+036
 1.00000000000000004E+036
 1.00000000000000004E+036
 1.00000000000000004E+036
 1.00000000000000004E+036
 1.00000000000000004E+036
 1.00000000000000004E+036
 1.00000000000000004E+036
 1.00000000000000004E+036
 1.00000000000000004E+036
 1.00000000000000004E+036
 1.00000000000000004E+036
 1.00000000000000004E+036
 1.00000000000000004E+036
 1.00000000000000004E+036
 1.00000000000000004E+036
 1.00000000000000004E+036
 1.00000000000000004E+036
 1.00000000000000004E+036
 1.00000000000000004E+036
 1.00000000000000004E+036
 1.00000000000000004E+036
 1.00000000000000004E+036
 1.00000000000000004E+036
 1.00000000000000004E+036
 1.00000000000000004E+036
 1.00000000000000004E+036
 1.00000000000000004E+036
 1.00000000000000004E+036
 1.00000000000000004E+036
 1.00000000000000004E+036
 1.00000000000000004E+036
 0.00000000000000000E+000
 0.00000000000000000E+000
 0.00000000000000000E+000
 0.00000000000000000E+000
 0.00000000000000000E+000
 0.00000000000000000E+000
 0.00000000000000000E+000
 0.00000000000000000E+000
 0.00000000000000000E+000
 0.00000000000000000E+000
 0.00000000000000000E+000
 0.00000000000000000E+000
 0.00000000000000000E+000
 0.00000000000000000E+000
 0.00000000000000000E+000
 0.00000000000000000E+000
 0.00000000000000000E+000
 0.00000000000000000E+000
 0.00000000000000000E+000
 0.00000000000000000E+000
 0.00000000000000000E+000
 0.00000000000000000E+000
 0.00000000000000000E+000
 0.00000000000000000E+000
 0.00000000000000000E+000
 0.00000000000000000E+000
 0.00000000000000000E+000
 0.00000000000000000E+000
 0.00000000000000000E+000
 0.00000000000000000E+000
 0.00000000000000000E+000
 0.00000000000000000E+000
 0.00000000000000000E+000
 0.00000000000000000E+000
 0.00000000000000000E+000
 0.00000000000000000E+000
 0.00000000000000000E+000
 0.00000000000000000E+000
 0.00000000000000000E+000
 0.00000000000000000E+000
 0.00000000000000000E+000
 0.00000000000000000E+000
 0.00000000000000000E+000
 0.00000000000000000E+000
 0.00000000000000000E+000
 0.00000000000000000E+000
 1.00000000000000004E+036
 1.00000000000000004E+036
 1.00000000000000004E+036
 1.00000000000000004E+036
 1.00000000000000004E+036
 1.00000000000000004E+036
 1.00000000000000004E+036
 1.00000000000000004E+036
 1.00000000000000004E+036
 1.00000000000000004E+036
 1.00000000000000004E+036
 1.00000000000000004E+036
 1.00000000000000004E+036
 1.00000000000000004E+036
 1.00000000000000004E+036
 1.00000000000000004E+036
 1.00000000000000004E+036
 1.00000000000000004E+036
 1.00000000000000004E+036
 1.00000000000000004E+036
 1.00000000000000004E+036
 1.00000000000000004E+036
 1.00000000000000004E+036
 1.00000000000000004E+036
 1.00000000000000004E+036
 1.00000000000000004E+036
 1.00000000000000004E+036
 1.00000000000000004E+036
 1.00000000000000004E+036
 1.00000000000000004E+036
 1.00000000000000004E+036
 1.00000000000000004E+036
 1.00000000000000004E+036
 1.00000000000000004E+036
 1.00000000000000004E+036
 1.00000000000000004E+036
 1.00000000000000004E+036
 1.00000000000000004E+036
 1.00000000000000004E+036
 1.00000000000000004E+036
 1.00000000000000004E+036
 1.00000000000000004E+036
 1.00000000000000004E+036
 1.00000000000000004E+036
 1.00000000000000004E+036
 1.00000000000000004E+036
 1.00000000000000004E+036
 1.00000000000000004E+036
 1.00000000000000004E+036
 1.00000000000000004E+036
 1.00000000000000004E+036
 1.00000000000000004E+036
 1.00000000000000004E+036
 1.00000000000000004E+036
 0.00000000000000000E+000
 0.00000000000000000E+000
 0.00000000000000000E+000
 0.00000000000000000E+000
 0.00000000000000000E+000
 0.00000000000000000E+000
 0.00000000000000000E+000
 0.00000000000000000E+000
 0.00000000000000000E+000
 0.00000000000000000E+000
 0.00000000000000000E+000
 0.00000000000000000E+000
 0.00000000000000000E+000
 0.00000000000000000E+000
 0.00000000000000000E+000
 0.00000000000000000E+000
 0.00000000000000000E+000
 0.00000000000000000E+000
 0.00000000000000000E+000
 0.00000000000000000E+000
 0.00000000000000000E+000
 0.00000000000000000E+000
 0.00000000000000000E+000
 0.00000000000000000E+000
 0.00000000000000000E+000
 0.00000000000000000E+000
 0.00000000000000000E+000
 0.00000000000000000E+000
 0.00000000000000000E+000
 0.00000000000000000E+000
 0.00000000000000000E+000
 0.00000000000000000E+000
 0.00000000000000000E+000
 0.00000000000000000E+000
 0.00000000000000000E+000
 0.00000000000000000E+000
 0.00000000000000000E+000
 0.00000000000000000E+000
 0.00000000000000000E+000
 0.00000000000000000E+000
 0.00000000000000000E+000
 0.00000000000000000E+000
 0.00000000000000000E+000
 0.00000000000000000E+000
 0.00000000000000000E+000
 0.00000000000000000E+000
 1.00000000000000004E+036
 1.00000000000000004E+036
 1.00000000000000004E+036
 1.00000000000000004E+036
 1.00000000000000004E+036
 1.00000000000000004E+036
 1.00000000000000004E+036
 1.00000000000000004E+036
 1.00000000000000004E+036
 1.00000000000000004E+036
 1.00000000000000004E+036
 1.00000000000000004E+036
 1.00000000000000004E+036
 1.00000000000000004E+036
 1.00000000000000004E+036
 1.00000000000000004E+036
 1.00000000000000004E+036
 1.00000000000000004E+036
 1.00000000000000004E+036
 1.00000000000000004E+036
 1.00000000000000004E+036
 1.00000000000000004E+036
 1.00000000000000004E+036
 1.00000000000000004E+036
 1.00000000000000004E+036
 1.00000000000000004E+036
 1.00000000000000004E+036
 1.00000000000000004E+036
 1.00000000000000004E+036
 1.00000000000000004E+036
 1.00000000000000004E+036
 1.00000000000000004E+036
 1.00000000000000004E+036
 1.00000000000000004E+036
 1.00000000000000004E+036
 1.00000000000000004E+036
 1.00000000000000004E+036
 1.00000000000000004E+036
 1.00000000000000004E+036
 1.00000000000000004E+036
 1.00000000000000004E+036
 1.00000000000000004E+036
 1.00000000000000004E+036
 1.00000000000000004E+036
 1.00000000000000004E+036
 1.00000000000000004E+036
 1.00000000000000004E+036
 1.00000000000000004E+036
 1.00000000000000004E+036
 1.00000000000000004E+036
 1.00000000000000004E+036
 1.00000000000000004E+036
 1.00000000000000004E+036
 1.00000000000000004E+036
# OUTPUT: mlcanopy_inst__dlwp_leaf(1,100,2,4)
 0.00000000000000000E+000
-6.41958529513874665E-002
-7.88764715098115854E-002
-8.83500148149275466E-002
-9.53068315806847588E-002
-1.01396971495207544E-001
-1.07440207511786734E-001
-1.13048541695410010E-001
-1.18605743979525835E-001
-1.25081848410829477E-001
-1.31461838755116189E-001
-1.33712676145375298E-001
-1.41187902624351436E-001
-1.49571977166075953E-001
-1.59230930434475670E-001
-1.69494027262957259E-001
-1.80628008870699963E-001
-1.92882547773782553E-001
-2.06103017557259571E-001
-2.19295926624015314E-001
 0.00000000000000000E+000
 0.00000000000000000E+000
 0.00000000000000000E+000
 0.00000000000000000E+000
 0.00000000000000000E+000
 0.00000000000000000E+000
 0.00000000000000000E+000
 0.00000000000000000E+000
 0.00000000000000000E+000
 0.00000000000000000E+000
 0.00000000000000000E+000
 0.00000000000000000E+000
 0.00000000000000000E+000
 0.00000000000000000E+000
 0.00000000000000000E+000
 0.00000000000000000E+000
 0.00000000000000000E+000
 0.00000000000000000E+000
 0.00000000000000000E+000
 0.00000000000000000E+000
 0.00000000000000000E+000
 0.00000000000000000E+000
 0.00000000000000000E+000
 0.00000000000000000E+000
 0.00000000000000000E+000
 0.00000000000000000E+000
 1.00000000000000004E+036
 1.00000000000000004E+036
 1.00000000000000004E+036
 1.00000000000000004E+036
 1.00000000000000004E+036
 1.00000000000000004E+036
 1.00000000000000004E+036
 1.00000000000000004E+036
 1.00000000000000004E+036
 1.00000000000000004E+036
 1.00000000000000004E+036
 1.00000000000000004E+036
 1.00000000000000004E+036
 1.00000000000000004E+036
 1.00000000000000004E+036
 1.00000000000000004E+036
 1.00000000000000004E+036
 1.00000000000000004E+036
 1.00000000000000004E+036
 1.00000000000000004E+036
 1.00000000000000004E+036
 1.00000000000000004E+036
 1.00000000000000004E+036
 1.00000000000000004E+036
 1.00000000000000004E+036
 1.00000000000000004E+036
 1.00000000000000004E+036
 1.00000000000000004E+036
 1.00000000000000004E+036
 1.00000000000000004E+036
 1.00000000000000004E+036
 1.00000000000000004E+036
 1.00000000000000004E+036
 1.00000000000000004E+036
 1.00000000000000004E+036
 1.00000000000000004E+036
 1.00000000000000004E+036
 1.00000000000000004E+036
 1.00000000000000004E+036
 1.00000000000000004E+036
 1.00000000000000004E+036
 1.00000000000000004E+036
 1.00000000000000004E+036
 1.00000000000000004E+036
 1.00000000000000004E+036
 1.00000000000000004E+036
 1.00000000000000004E+036
 1.00000000000000004E+036
 1.00000000000000004E+036
 1.00000000000000004E+036
 1.00000000000000004E+036
 1.00000000000000004E+036
 1.00000000000000004E+036
 1.00000000000000004E+036
 0.00000000000000000E+000
-2.44546616192377331E-002
-2.67026881576446773E-002
-2.83386271223515784E-002
-3.00144404992117586E-002
-3.36505602946837179E-002
-3.40304002201309297E-002
-3.68432627564300175E-002
-3.85288742172497645E-002
-4.19211521922071562E-002
-4.53186186235316479E-002
-4.92523296201748395E-002
-5.58232831764657322E-002
-6.06508617541510198E-002
-6.85073717491719858E-002
-7.86890300990390479E-002
-8.95291888196574348E-002
-1.02717739158928900E-001
-1.17643368965013373E-001
-1.30728588475127805E-001
 0.00000000000000000E+000
 0.00000000000000000E+000
 0.00000000000000000E+000
 0.00000000000000000E+000
 0.00000000000000000E+000
 0.00000000000000000E+000
 0.00000000000000000E+000
 0.00000000000000000E+000
 0.00000000000000000E+000
 0.00000000000000000E+000
 0.00000000000000000E+000
 0.00000000000000000E+000
 0.00000000000000000E+000
 0.00000000000000000E+000
 0.00000000000000000E+000
 0.00000000000000000E+000
 0.00000000000000000E+000
 0.00000000000000000E+000
 0.00000000000000000E+000
 0.00000000000000000E+000
 0.00000000000000000E+000
 0.00000000000000000E+000
 0.00000000000000000E+000
 0.00000000000000000E+000
 0.00000000000000000E+000
 0.00000000000000000E+000
 1.00000000000000004E+036
 1.00000000000000004E+036
 1.00000000000000004E+036
 1.00000000000000004E+036
 1.00000000000000004E+036
 1.00000000000000004E+036
 1.00000000000000004E+036
 1.00000000000000004E+036
 1.00000000000000004E+036
 1.00000000000000004E+036
 1.00000000000000004E+036
 1.00000000000000004E+036
 1.00000000000000004E+036
 1.00000000000000004E+036
 1.00000000000000004E+036
 1.00000000000000004E+036
 1.00000000000000004E+036
 1.00000000000000004E+036
 1.00000000000000004E+036
 1.00000000000000004E+036
 1.00000000000000004E+036
 1.00000000000000004E+036
 1.00000000000000004E+036
 1.00000000000000004E+036
 1.00000000000000004E+036
 1.00000000000000004E+036
 1.00000000000000004E+036
 1.00000000000000004E+036
 1.00000000000000004E+036
 1.00000000000000004E+036
 1.00000000000000004E+036
 1.00000000000000004E+036
 1.00000000000000004E+036
 1.00000000000000004E+036
 1.00000000000000004E+036
 1.00000000000000004E+036
 1.00000000000000004E+036
 1.00000000000000004E+036
 1.00000000000000004E+036
 1.00000000000000004E+036
 1.00000000000000004E+036
 1.00000000000000004E+036
 1.00000000000000004E+036
 1.00000000000000004E+036
 1.00000000000000004E+036
 1.00000000000000004E+036
 1.00000000000000004E+036
 1.00000000000000004E+036
 1.00000000000000004E+036
 1.00000000000000004E+036
 1.00000000000000004E+036
 1.00000000000000004E+036
 1.00000000000000004E+036
 1.00000000000000004E+036
 0.00000000000000000E+000
-6.51670692027531140E-002
-7.96656841244034464E-002
-8.97919788273943142E-002
-9.65496601073249083E-002
-1.02577393961091001E-001
-1.08263439954525809E-001
-1.14420203404870580E-001
-1.19095741298760105E-001
-1.25526266283651378E-001
-1.32810875967743103E-001
-1.33285296941054510E-001
-1.40646340845822504E-001
-1.48779284424271907E-001
-1.58284521389476351E-001
-1.68459807315193277E-001
-1.79497208136770947E-001
-1.91664440745650921E-001
-2.04487467303456683E-001
-2.14180788697126978E-001
 0.00000000000000000E+000
 0.00000000000000000E+000
 0.00000000000000000E+000
 0.00000000000000000E+000
 0.00000000000000000E+000
 0.00000000000000000E+000
 0.00000000000000000E+000
 0.00000000000000000E+000
 0.00000000000000000E+000
 0.00000000000000000E+000
 0.00000000000000000E+000
 0.00000000000000000E+000
 0.00000000000000000E+000
 0.00000000000000000E+000
 0.00000000000000000E+000
 0.00000000000000000E+000
 0.00000000000000000E+000
 0.00000000000000000E+000
 0.00000000000000000E+000
 0.00000000000000000E+000
 0.00000000000000000E+000
 0.00000000000000000E+000
 0.00000000000000000E+000
 0.00000000000000000E+000
 0.00000000000000000E+000
 0.00000000000000000E+000
 1.00000000000000004E+036
 1.00000000000000004E+036
 1.00000000000000004E+036
 1.00000000000000004E+036
 1.00000000000000004E+036
 1.00000000000000004E+036
 1.00000000000000004E+036
 1.00000000000000004E+036
 1.00000000000000004E+036
 1.00000000000000004E+036
 1.00000000000000004E+036
 1.00000000000000004E+036
 1.00000000000000004E+036
 1.00000000000000004E+036
 1.00000000000000004E+036
 1.00000000000000004E+036
 1.00000000000000004E+036
 1.00000000000000004E+036
 1.00000000000000004E+036
 1.00000000000000004E+036
 1.00000000000000004E+036
 1.00000000000000004E+036
 1.00000000000000004E+036
 1.00000000000000004E+036
 1.00000000000000004E+036
 1.00000000000000004E+036
 1.00000000000000004E+036
 1.00000000000000004E+036
 1.00000000000000004E+036
 1.00000000000000004E+036
 1.00000000000000004E+036
 1.00000000000000004E+036
 1.00000000000000004E+036
 1.00000000000000004E+036
 1.00000000000000004E+036
 1.00000000000000004E+036
 1.00000000000000004E+036
 1.00000000000000004E+036
 1.00000000000000004E+036
 1.00000000000000004E+036
 1.00000000000000004E+036
 1.00000000000000004E+036
 1.00000000000000004E+036
 1.00000000000000004E+036
 1.00000000000000004E+036
 1.00000000000000004E+036
 1.00000000000000004E+036
 1.00000000000000004E+036
 1.00000000000000004E+036
 1.00000000000000004E+036
 1.00000000000000004E+036
 1.00000000000000004E+036
 1.00000000000000004E+036
 1.00000000000000004E+036
 0.00000000000000000E+000
-2.44463516405776515E-002
-2.66969692269254100E-002
-3.00160856705560253E-002
-3.17322979582356224E-002
-3.36138103222628493E-002
-3.39107807500736436E-002
-3.66734592177618834E-002
-4.02926178899101206E-002
-4.36275139064427608E-002
-4.69199106403008770E-002
-5.07303583670314362E-002
-5.52225372431073835E-002
-6.17619793758635849E-002
-6.93749418076516911E-002
-7.92920903624352302E-002
-8.98353079636383667E-002
-1.02712991453433822E-001
-1.17362245795882059E-001
-1.30298705364606526E-001
 0.00000000000000000E+000
 0.00000000000000000E+000
 0.00000000000000000E+000
 0.00000000000000000E+000
 0.00000000000000000E+000
 0.00000000000000000E+000
 0.00000000000000000E+000
 0.00000000000000000E+000
 0.00000000000000000E+000
 0.00000000000000000E+000
 0.00000000000000000E+000
 0.00000000000000000E+000
 0.00000000000000000E+000
 0.00000000000000000E+000
 0.00000000000000000E+000
 0.00000000000000000E+000
 0.00000000000000000E+000
 0.00000000000000000E+000
 0.00000000000000000E+000
 0.00000000000000000E+000
 0.00000000000000000E+000
 0.00000000000000000E+000
 0.00000000000000000E+000
 0.00000000000000000E+000
 0.00000000000000000E+000
 0.00000000000000000E+000
 1.00000000000000004E+036
 1.00000000000000004E+036
 1.00000000000000004E+036
 1.00000000000000004E+036
 1.00000000000000004E+036
 1.00000000000000004E+036
 1.00000000000000004E+036
 1.00000000000000004E+036
 1.00000000000000004E+036
 1.00000000000000004E+036
 1.00000000000000004E+036
 1.00000000000000004E+036
 1.00000000000000004E+036
 1.00000000000000004E+036
 1.00000000000000004E+036
 1.00000000000000004E+036
 1.00000000000000004E+036
 1.00000000000000004E+036
 1.00000000000000004E+036
 1.00000000000000004E+036
 1.00000000000000004E+036
 1.00000000000000004E+036
 1.00000000000000004E+036
 1.00000000000000004E+036
 1.00000000000000004E+036
 1.00000000000000004E+036
 1.00000000000000004E+036
 1.00000000000000004E+036
 1.00000000000000004E+036
 1.00000000000000004E+036
 1.00000000000000004E+036
 1.00000000000000004E+036
 1.00000000000000004E+036
 1.00000000000000004E+036
 1.00000000000000004E+036
 1.00000000000000004E+036
 1.00000000000000004E+036
 1.00000000000000004E+036
 1.00000000000000004E+036
 1.00000000000000004E+036
 1.00000000000000004E+036
 1.00000000000000004E+036
 1.00000000000000004E+036
 1.00000000000000004E+036
 1.00000000000000004E+036
 1.00000000000000004E+036
 1.00000000000000004E+036
 1.00000000000000004E+036
 1.00000000000000004E+036
 1.00000000000000004E+036
 1.00000000000000004E+036
 1.00000000000000004E+036
 1.00000000000000004E+036
 1.00000000000000004E+036
 0.00000000000000000E+000
-6.50897469025217279E-002
-7.95197143510175675E-002
-8.96808759315758097E-002
-9.64153242450989101E-002
-1.02276787819386206E-001
-1.08694123064728698E-001
-1.14083853211875863E-001
-1.19570468351320791E-001
-1.25256456423334384E-001
-1.32370536082631718E-001
-1.32890834020382265E-001
-1.40732691061252746E-001
-1.48913322175215468E-001
-1.58385263532866860E-001
-1.67889012048771047E-001
-1.79552686382061788E-001
-1.91715195595995036E-001
-2.03858616728609610E-001
-2.13762063519177703E-001
 0.00000000000000000E+000
 0.00000000000000000E+000
 0.00000000000000000E+000
 0.00000000000000000E+000
 0.00000000000000000E+000
 0.00000000000000000E+000
 0.00000000000000000E+000
 0.00000000000000000E+000
 0.00000000000000000E+000
 0.00000000000000000E+000
 0.00000000000000000E+000
 0.00000000000000000E+000
 0.00000000000000000E+000
 0.00000000000000000E+000
 0.00000000000000000E+000
 0.00000000000000000E+000
 0.00000000000000000E+000
 0.00000000000000000E+000
 0.00000000000000000E+000
 0.00000000000000000E+000
 0.00000000000000000E+000
 0.00000000000000000E+000
 0.00000000000000000E+000
 0.00000000000000000E+000
 0.00000000000000000E+000
 0.00000000000000000E+000
 1.00000000000000004E+036
 1.00000000000000004E+036
 1.00000000000000004E+036
 1.00000000000000004E+036
 1.00000000000000004E+036
 1.00000000000000004E+036
 1.00000000000000004E+036
 1.00000000000000004E+036
 1.00000000000000004E+036
 1.00000000000000004E+036
 1.00000000000000004E+036
 1.00000000000000004E+036
 1.00000000000000004E+036
 1.00000000000000004E+036
 1.00000000000000004E+036
 1.00000000000000004E+036
 1.00000000000000004E+036
 1.00000000000000004E+036
 1.00000000000000004E+036
 1.00000000000000004E+036
 1.00000000000000004E+036
 1.00000000000000004E+036
 1.00000000000000004E+036
 1.00000000000000004E+036
 1.00000000000000004E+036
 1.00000000000000004E+036
 1.00000000000000004E+036
 1.00000000000000004E+036
 1.00000000000000004E+036
 1.00000000000000004E+036
 1.00000000000000004E+036
 1.00000000000000004E+036
 1.00000000000000004E+036
 1.00000000000000004E+036
 1.00000000000000004E+036
 1.00000000000000004E+036
 1.00000000000000004E+036
 1.00000000000000004E+036
 1.00000000000000004E+036
 1.00000000000000004E+036
 1.00000000000000004E+036
 1.00000000000000004E+036
 1.00000000000000004E+036
 1.00000000000000004E+036
 1.00000000000000004E+036
 1.00000000000000004E+036
 1.00000000000000004E+036
 1.00000000000000004E+036
 1.00000000000000004E+036
 1.00000000000000004E+036
 1.00000000000000004E+036
 1.00000000000000004E+036
 1.00000000000000004E+036
 1.00000000000000004E+036
 0.00000000000000000E+000
-2.44251778096842009E-002
-2.66722058086285851E-002
-2.99850754583866896E-002
-3.17086265592326777E-002
-3.35493670936319321E-002
-3.38540971502398480E-002
-3.66132082206695464E-002
-4.02557069327424966E-002
-4.35806127626568451E-002
-4.68641746979917007E-002
-5.06503536385722319E-002
-5.50936328494245342E-002
-6.16313596325820390E-002
-6.92101785208979470E-002
-7.90869735863454215E-002
-8.95884867239594707E-002
-1.02422709794634303E-001
-1.17027652722175302E-001
-1.29888258299456161E-001
 0.00000000000000000E+000
 0.00000000000000000E+000
 0.00000000000000000E+000
 0.00000000000000000E+000
 0.00000000000000000E+000
 0.00000000000000000E+000
 0.00000000000000000E+000
 0.00000000000000000E+000
 0.00000000000000000E+000
 0.00000000000000000E+000
 0.00000000000000000E+000
 0.00000000000000000E+000
 0.00000000000000000E+000
 0.00000000000000000E+000
 0.00000000000000000E+000
 0.00000000000000000E+000
 0.00000000000000000E+000
 0.00000000000000000E+000
 0.00000000000000000E+000
 0.00000000000000000E+000
 0.00000000000000000E+000
 0.00000000000000000E+000
 0.00000000000000000E+000
 0.00000000000000000E+000
 0.00000000000000000E+000
 0.00000000000000000E+000
 1.00000000000000004E+036
 1.00000000000000004E+036
 1.00000000000000004E+036
 1.00000000000000004E+036
 1.00000000000000004E+036
 1.00000000000000004E+036
 1.00000000000000004E+036
 1.00000000000000004E+036
 1.00000000000000004E+036
 1.00000000000000004E+036
 1.00000000000000004E+036
 1.00000000000000004E+036
 1.00000000000000004E+036
 1.00000000000000004E+036
 1.00000000000000004E+036
 1.00000000000000004E+036
 1.00000000000000004E+036
 1.00000000000000004E+036
 1.00000000000000004E+036
 1.00000000000000004E+036
 1.00000000000000004E+036
 1.00000000000000004E+036
 1.00000000000000004E+036
 1.00000000000000004E+036
 1.00000000000000004E+036
 1.00000000000000004E+036
 1.00000000000000004E+036
 1.00000000000000004E+036
 1.00000000000000004E+036
 1.00000000000000004E+036
 1.00000000000000004E+036
 1.00000000000000004E+036
 1.00000000000000004E+036
 1.00000000000000004E+036
 1.00000000000000004E+036
 1.00000000000000004E+036
 1.00000000000000004E+036
 1.00000000000000004E+036
 1.00000000000000004E+036
 1.00000000000000004E+036
 1.00000000000000004E+036
 1.00000000000000004E+036
 1.00000000000000004E+036
 1.00000000000000004E+036
 1.00000000000000004E+036
 1.00000000000000004E+036
 1.00000000000000004E+036
 1.00000000000000004E+036
 1.00000000000000004E+036
 1.00000000000000004E+036
 1.00000000000000004E+036
 1.00000000000000004E+036
 1.00000000000000004E+036
 1.00000000000000004E+036
 0.00000000000000000E+000
-6.61164402147373376E-002
-8.11578578194140920E-002
-9.11834469434947836E-002
-9.84638992731683427E-002
-1.04156009540816941E-001
-1.09473123078748680E-001
-1.15416780659522544E-001
-1.20822740581274291E-001
-1.26503249305775500E-001
-1.34006662449389191E-001
-1.41700461920096998E-001
-1.40213939346649052E-001
-1.48865322761012608E-001
-1.57659171093320172E-001
-1.67785479746574984E-001
-1.78791885831565578E-001
-1.90351274985955055E-001
-1.96303974555573246E-001
-1.55220696832385041E-001
 0.00000000000000000E+000
 0.00000000000000000E+000
 0.00000000000000000E+000
 0.00000000000000000E+000
 0.00000000000000000E+000
 0.00000000000000000E+000
 0.00000000000000000E+000
 0.00000000000000000E+000
 0.00000000000000000E+000
 0.00000000000000000E+000
 0.00000000000000000E+000
 0.00000000000000000E+000
 0.00000000000000000E+000
 0.00000000000000000E+000
 0.00000000000000000E+000
 0.00000000000000000E+000
 0.00000000000000000E+000
 0.00000000000000000E+000
 0.00000000000000000E+000
 0.00000000000000000E+000
 0.00000000000000000E+000
 0.00000000000000000E+000
 0.00000000000000000E+000
 0.00000000000000000E+000
 0.00000000000000000E+000
 0.00000000000000000E+000
 1.00000000000000004E+036
 1.00000000000000004E+036
 1.00000000000000004E+036
 1.00000000000000004E+036
 1.00000000000000004E+036
 1.00000000000000004E+036
 1.00000000000000004E+036
 1.00000000000000004E+036
 1.00000000000000004E+036
 1.00000000000000004E+036
 1.00000000000000004E+036
 1.00000000000000004E+036
 1.00000000000000004E+036
 1.00000000000000004E+036
 1.00000000000000004E+036
 1.00000000000000004E+036
 1.00000000000000004E+036
 1.00000000000000004E+036
 1.00000000000000004E+036
 1.00000000000000004E+036
 1.00000000000000004E+036
 1.00000000000000004E+036
 1.00000000000000004E+036
 1.00000000000000004E+036
 1.00000000000000004E+036
 1.00000000000000004E+036
 1.00000000000000004E+036
 1.00000000000000004E+036
 1.00000000000000004E+036
 1.00000000000000004E+036
 1.00000000000000004E+036
 1.00000000000000004E+036
 1.00000000000000004E+036
 1.00000000000000004E+036
 1.00000000000000004E+036
 1.00000000000000004E+036
 1.00000000000000004E+036
 1.00000000000000004E+036
 1.00000000000000004E+036
 1.00000000000000004E+036
 1.00000000000000004E+036
 1.00000000000000004E+036
 1.00000000000000004E+036
 1.00000000000000004E+036
 1.00000000000000004E+036
 1.00000000000000004E+036
 1.00000000000000004E+036
 1.00000000000000004E+036
 1.00000000000000004E+036
 1.00000000000000004E+036
 1.00000000000000004E+036
 1.00000000000000004E+036
 1.00000000000000004E+036
 1.00000000000000004E+036
 0.00000000000000000E+000
-2.44203404629376453E-002
-2.66734514160525127E-002
-2.99905039198227752E-002
-3.16909714602934822E-002
-3.35180651833371090E-002
-3.56524221798644181E-002
-3.84133228391520531E-002
-4.00747839011103002E-002
-4.33402867543983272E-002
-4.65426453509876215E-002
-5.02372822911432704E-002
-5.65059202610453393E-002
-6.28506133980605286E-002
-7.02321359018134306E-002
-7.98954975369153830E-002
-9.01926138204171002E-002
-1.02823687235640837E-001
-1.17264060120887526E-001
-1.31441016095416363E-001
 0.00000000000000000E+000
 0.00000000000000000E+000
 0.00000000000000000E+000
 0.00000000000000000E+000
 0.00000000000000000E+000
 0.00000000000000000E+000
 0.00000000000000000E+000
 0.00000000000000000E+000
 0.00000000000000000E+000
 0.00000000000000000E+000
 0.00000000000000000E+000
 0.00000000000000000E+000
 0.00000000000000000E+000
 0.00000000000000000E+000
 0.00000000000000000E+000
 0.00000000000000000E+000
 0.00000000000000000E+000
 0.00000000000000000E+000
 0.00000000000000000E+000
 0.00000000000000000E+000
 0.00000000000000000E+000
 0.00000000000000000E+000
 0.00000000000000000E+000
 0.00000000000000000E+000
 0.00000000000000000E+000
 0.00000000000000000E+000
 1.00000000000000004E+036
 1.00000000000000004E+036
 1.00000000000000004E+036
 1.00000000000000004E+036
 1.00000000000000004E+036
 1.00000000000000004E+036
 1.00000000000000004E+036
 1.00000000000000004E+036
 1.00000000000000004E+036
 1.00000000000000004E+036
 1.00000000000000004E+036
 1.00000000000000004E+036
 1.00000000000000004E+036
 1.00000000000000004E+036
 1.00000000000000004E+036
 1.00000000000000004E+036
 1.00000000000000004E+036
 1.00000000000000004E+036
 1.00000000000000004E+036
 1.00000000000000004E+036
 1.00000000000000004E+036
 1.00000000000000004E+036
 1.00000000000000004E+036
 1.00000000000000004E+036
 1.00000000000000004E+036
 1.00000000000000004E+036
 1.00000000000000004E+036
 1.00000000000000004E+036
 1.00000000000000004E+036
 1.00000000000000004E+036
 1.00000000000000004E+036
 1.00000000000000004E+036
 1.00000000000000004E+036
 1.00000000000000004E+036
 1.00000000000000004E+036
 1.00000000000000004E+036
 1.00000000000000004E+036
 1.00000000000000004E+036
 1.00000000000000004E+036
 1.00000000000000004E+036
 1.00000000000000004E+036
 1.00000000000000004E+036
 1.00000000000000004E+036
 1.00000000000000004E+036
 1.00000000000000004E+036
 1.00000000000000004E+036
 1.00000000000000004E+036
 1.00000000000000004E+036
 1.00000000000000004E+036
 1.00000000000000004E+036
 1.00000000000000004E+036
 1.00000000000000004E+036
 1.00000000000000004E+036
 1.00000000000000004E+036
# OUTPUT: mlcanopy_inst__dtair_profile(1,100,4)
-2.21562287108440614E-001
-2.29847652915395884E-001
-2.33529814665814683E-001
-2.33704138478685763E-001
-2.31002084729823309E-001
-2.26095915712903661E-001
-2.19014915569800905E-001
-2.10966948700843204E-001
-2.02253700912137901E-001
-1.93278989257805733E-001
-1.84211435386316680E-001
-1.75379997473896765E-001
-1.66873376824412389E-001
-1.58480984146422088E-001
-1.50693889343926912E-001
-1.43513941817275281E-001
-1.36795219869554785E-001
-1.30603746385816066E-001
-1.24974076217142738E-001
-1.19883326879460128E-001
-1.15339701589675769E-001
-1.11098735817961369E-001
-1.07052115973544915E-001
-1.02935763868686081E-001
-9.88472227745091914E-002
-9.47244177393713471E-002
-9.04282337567678951E-002
-8.61606968269370554E-002
-8.17386019809873687E-002
-7.73313483759352494E-002
-7.28049556196879166E-002
-6.82685076241682509E-002
-6.36648219203266308E-002
-5.90173519652239520E-002
-5.43514697047271511E-002
-4.96297974171397982E-002
-4.49204803351790360E-002
-4.01626462888202695E-002
-3.54203919783913079E-002
-3.06576256953121629E-002
-2.59058016874860186E-002
-2.11565710179684174E-002
-1.64148715527403510E-002
-1.17006504968912850E-002
-6.99852209532991765E-003
-2.32902174849414223E-003
 1.00000000000000004E+036
 1.00000000000000004E+036
 1.00000000000000004E+036
 1.00000000000000004E+036
 1.00000000000000004E+036
 1.00000000000000004E+036
 1.00000000000000004E+036
 1.00000000000000004E+036
 1.00000000000000004E+036
 1.00000000000000004E+036
 1.00000000000000004E+036
 1.00000000000000004E+036
 1.00000000000000004E+036
 1.00000000000000004E+036
 1.00000000000000004E+036
 1.00000000000000004E+036
 1.00000000000000004E+036
 1.00000000000000004E+036
 1.00000000000000004E+036
 1.00000000000000004E+036
 1.00000000000000004E+036
 1.00000000000000004E+036
 1.00000000000000004E+036
 1.00000000000000004E+036
 1.00000000000000004E+036
 1.00000000000000004E+036
 1.00000000000000004E+036
 1.00000000000000004E+036
 1.00000000000000004E+036
 1.00000000000000004E+036
 1.00000000000000004E+036
 1.00000000000000004E+036
 1.00000000000000004E+036
 1.00000000000000004E+036
 1.00000000000000004E+036
 1.00000000000000004E+036
 1.00000000000000004E+036
 1.00000000000000004E+036
 1.00000000000000004E+036
 1.00000000000000004E+036
 1.00000000000000004E+036
 1.00000000000000004E+036
 1.00000000000000004E+036
 1.00000000000000004E+036
 1.00000000000000004E+036
 1.00000000000000004E+036
 1.00000000000000004E+036
 1.00000000000000004E+036
 1.00000000000000004E+036
 1.00000000000000004E+036
 1.00000000000000004E+036
 1.00000000000000004E+036
 1.00000000000000004E+036
 1.00000000000000004E+036
-2.18659211864860481E-001
-2.28754944742206590E-001
-2.34721053690691406E-001
-2.37643551360349647E-001
-2.37742316150274746E-001
-2.35587561792954148E-001
-2.31706585127653852E-001
-2.27021995418510869E-001
-2.21690681176824000E-001
-2.15486543698375499E-001
-2.08586446320566665E-001
-2.01250207669090742E-001
-1.93696982775918514E-001
-1.86114439107427643E-001
-1.78572743198230910E-001
-1.71116478375893166E-001
-1.63658265182732521E-001
-1.56313452328731728E-001
-1.49188063912902180E-001
-1.42395682802657575E-001
-1.36348603243163780E-001
-1.30858238008329408E-001
-1.25788692227445154E-001
-1.20653436417853754E-001
-1.15690291604323647E-001
-1.10649523711174425E-001
-1.05539001927752452E-001
-1.00440164593635473E-001
-9.52012899314809147E-002
-9.00067520223615247E-002
-8.46680286506398261E-002
-7.93699036996713403E-002
-7.39603539911399821E-002
-6.85614117113573229E-002
-6.31017357150085445E-002
-5.76337559671173949E-002
-5.21427266493788011E-002
-4.66373955242147531E-002
-4.11243592957930559E-002
-3.56107055078496160E-002
-3.00953820595282195E-002
-2.45892990439529058E-002
-1.90881040913950528E-002
-1.36120230415031074E-002
-8.14910640912103190E-003
-2.71175432760628610E-003
 1.00000000000000004E+036
 1.00000000000000004E+036
 1.00000000000000004E+036
 1.00000000000000004E+036
 1.00000000000000004E+036
 1.00000000000000004E+036
 1.00000000000000004E+036
 1.00000000000000004E+036
 1.00000000000000004E+036
 1.00000000000000004E+036
 1.00000000000000004E+036
 1.00000000000000004E+036
 1.00000000000000004E+036
 1.00000000000000004E+036
 1.00000000000000004E+036
 1.00000000000000004E+036
 1.00000000000000004E+036
 1.00000000000000004E+036
 1.00000000000000004E+036
 1.00000000000000004E+036
 1.00000000000000004E+036
 1.00000000000000004E+036
 1.00000000000000004E+036
 1.00000000000000004E+036
 1.00000000000000004E+036
 1.00000000000000004E+036
 1.00000000000000004E+036
 1.00000000000000004E+036
 1.00000000000000004E+036
 1.00000000000000004E+036
 1.00000000000000004E+036
 1.00000000000000004E+036
 1.00000000000000004E+036
 1.00000000000000004E+036
 1.00000000000000004E+036
 1.00000000000000004E+036
 1.00000000000000004E+036
 1.00000000000000004E+036
 1.00000000000000004E+036
 1.00000000000000004E+036
 1.00000000000000004E+036
 1.00000000000000004E+036
 1.00000000000000004E+036
 1.00000000000000004E+036
 1.00000000000000004E+036
 1.00000000000000004E+036
 1.00000000000000004E+036
 1.00000000000000004E+036
 1.00000000000000004E+036
 1.00000000000000004E+036
 1.00000000000000004E+036
 1.00000000000000004E+036
 1.00000000000000004E+036
 1.00000000000000004E+036
-2.17687769833389666E-001
-2.28196951567269934E-001
-2.34604846262584488E-001
-2.37964140044539363E-001
-2.38549442697092218E-001
-2.36925629669201498E-001
-2.33483545412468629E-001
-2.29162536288583851E-001
-2.24161103540666318E-001
-2.18308632349419440E-001
-2.11792911361385450E-001
-2.04866334058692701E-001
-1.97704615259567618E-001
-1.90392486162465957E-001
-1.83035306006445353E-001
-1.75663368953451027E-001
-1.68228613061501164E-001
-1.60789755670577961E-001
-1.53461787078924772E-001
-1.46429348014862626E-001
-1.40115323404927494E-001
-1.34405506188272739E-001
-1.29161383121243034E-001
-1.23848366149331923E-001
-1.18736543363752389E-001
-1.13534932812854095E-001
-1.08284685672913383E-001
-1.03033074582299378E-001
-9.76582150988747344E-002
-9.23154684228393307E-002
-8.68417356515465144E-002
-8.13980413739727737E-002
-7.58538614882127149E-002
-7.03162610503795804E-002
-6.47166729905279681E-002
-5.91140112776997739E-002
-5.34801510996771867E-002
-4.78388676115741873E-002
-4.21826780208789387E-002
-3.65327256352543372E-002
-3.08739309812153806E-002
-2.52303630701362636E-002
-1.95858489222473509E-002
-1.39704097675803496E-002
-8.36302746455430679E-003
-2.78456868073817532E-003
 1.00000000000000004E+036
 1.00000000000000004E+036
 1.00000000000000004E+036
 1.00000000000000004E+036
 1.00000000000000004E+036
 1.00000000000000004E+036
 1.00000000000000004E+036
 1.00000000000000004E+036
 1.00000000000000004E+036
 1.00000000000000004E+036
 1.00000000000000004E+036
 1.00000000000000004E+036
 1.00000000000000004E+036
 1.00000000000000004E+036
 1.00000000000000004E+036
 1.00000000000000004E+036
 1.00000000000000004E+036
 1.00000000000000004E+036
 1.00000000000000004E+036
 1.00000000000000004E+036
 1.00000000000000004E+036
 1.00000000000000004E+036
 1.00000000000000004E+036
 1.00000000000000004E+036
 1.00000000000000004E+036
 1.00000000000000004E+036
 1.00000000000000004E+036
 1.00000000000000004E+036
 1.00000000000000004E+036
 1.00000000000000004E+036
 1.00000000000000004E+036
 1.00000000000000004E+036
 1.00000000000000004E+036
 1.00000000000000004E+036
 1.00000000000000004E+036
 1.00000000000000004E+036
 1.00000000000000004E+036
 1.00000000000000004E+036
 1.00000000000000004E+036
 1.00000000000000004E+036
 1.00000000000000004E+036
 1.00000000000000004E+036
 1.00000000000000004E+036
 1.00000000000000004E+036
 1.00000000000000004E+036
 1.00000000000000004E+036
 1.00000000000000004E+036
 1.00000000000000004E+036
 1.00000000000000004E+036
 1.00000000000000004E+036
 1.00000000000000004E+036
 1.00000000000000004E+036
 1.00000000000000004E+036
 1.00000000000000004E+036
-2.03445081542156458E-001
-2.15427370775955751E-001
-2.23606824307580609E-001
-2.29053005708408364E-001
-2.32097703287422519E-001
-2.33209899317898817E-001
-2.32736698061614788E-001
-2.30843577222060503E-001
-2.27672854621118859E-001
-2.23639187082653734E-001
-2.18782505921240045E-001
-2.13179508472364887E-001
-2.06469237362284730E-001
-1.98937524255484277E-001
-1.90652877441607416E-001
-1.81723754360632483E-001
-1.72095480484017571E-001
-1.61950097649992131E-001
-1.51543759645221598E-001
-1.41686271092169136E-001
-1.35817987241239280E-001
-1.30540162887655242E-001
-1.25823167391104107E-001
-1.20900500855782411E-001
-1.16254229113280871E-001
-1.11377775780852062E-001
-1.06514591979930628E-001
-1.01524971249148166E-001
-9.64649046314320913E-002
-9.13287224844339107E-002
-8.61032202078604314E-002
-8.08163892763786862E-002
-7.54648046138299833E-002
-7.00416391115936676E-002
-6.45854758946597940E-002
-5.90580563095954858E-002
-5.35282699266872442E-002
-4.79276145460971748E-002
-4.23299537941375092E-002
-3.66982234292549947E-002
-3.10581703695902434E-002
-2.54074473868399764E-002
-1.97520036925311615E-002
-1.41011618504194303E-002
-8.45401972162562743E-003
-2.81618288295248931E-003
 1.00000000000000004E+036
 1.00000000000000004E+036
 1.00000000000000004E+036
 1.00000000000000004E+036
 1.00000000000000004E+036
 1.00000000000000004E+036
 1.00000000000000004E+036
 1.00000000000000004E+036
 1.00000000000000004E+036
 1.00000000000000004E+036
 1.00000000000000004E+036
 1.00000000000000004E+036
 1.00000000000000004E+036
 1.00000000000000004E+036
 1.00000000000000004E+036
 1.00000000000000004E+036
 1.00000000000000004E+036
 1.00000000000000004E+036
 1.00000000000000004E+036
 1.00000000000000004E+036
 1.00000000000000004E+036
 1.00000000000000004E+036
 1.00000000000000004E+036
 1.00000000000000004E+036
 1.00000000000000004E+036
 1.00000000000000004E+036
 1.00000000000000004E+036
 1.00000000000000004E+036
 1.00000000000000004E+036
 1.00000000000000004E+036
 1.00000000000000004E+036
 1.00000000000000004E+036
 1.00000000000000004E+036
 1.00000000000000004E+036
 1.00000000000000004E+036
 1.00000000000000004E+036
 1.00000000000000004E+036
 1.00000000000000004E+036
 1.00000000000000004E+036
 1.00000000000000004E+036
 1.00000000000000004E+036
 1.00000000000000004E+036
 1.00000000000000004E+036
 1.00000000000000004E+036
 1.00000000000000004E+036
 1.00000000000000004E+036
 1.00000000000000004E+036
 1.00000000000000004E+036
 1.00000000000000004E+036
 1.00000000000000004E+036
 1.00000000000000004E+036
 1.00000000000000004E+036
 1.00000000000000004E+036
 1.00000000000000004E+036
# OUTPUT: mlcanopy_inst__dtg_soil(1,4)
 4.42457295656595306E-003
 1.93767278744871874E-004
-1.42746055303177855E-004
-4.54382739570746708E-003
# OUTPUT: mlcanopy_inst__dtleaf_leaf(1,100,2,4)
-2.21562287108440614E-001
 1.07194149999259025E-002
 7.86055786051065297E-003
-1.09364424506566138E-002
-8.55038237313010541E-003
-8.55052910151243850E-003
-1.25364356151749234E-002
-1.50229654442455285E-002
-1.32702107143813919E-002
-2.58117545872096343E-002
-1.17403933048763065E-002
-6.20370942715453566E-003
-1.27037745396592072E-002
-1.64357163301360742E-002
-2.73097523117371566E-002
-3.08449052317314454E-002
-3.31820216577511928E-002
-3.46928741787451145E-002
-3.65207578433341951E-002
-3.86109192662615897E-002
-1.15339701589675769E-001
-1.11098735817961369E-001
-1.07052115973544915E-001
-1.02935763868686081E-001
-9.88472227745091914E-002
-9.47244177393713471E-002
-9.04282337567678951E-002
-8.61606968269370554E-002
-8.17386019809873687E-002
-7.73313483759352494E-002
-7.28049556196879166E-002
-6.82685076241682509E-002
-6.36648219203266308E-002
-5.90173519652239520E-002
-5.43514697047271511E-002
-4.96297974171397982E-002
-4.49204803351790360E-002
-4.01626462888202695E-002
-3.54203919783913079E-002
-3.06576256953121629E-002
-2.59058016874860186E-002
-2.11565710179684174E-002
-1.64148715527403510E-002
-1.17006504968912850E-002
-6.99852209532991765E-003
-2.32902174849414223E-003
 1.00000000000000004E+036
 1.00000000000000004E+036
 1.00000000000000004E+036
 1.00000000000000004E+036
 1.00000000000000004E+036
 1.00000000000000004E+036
 1.00000000000000004E+036
 1.00000000000000004E+036
 1.00000000000000004E+036
 1.00000000000000004E+036
 1.00000000000000004E+036
 1.00000000000000004E+036
 1.00000000000000004E+036
 1.00000000000000004E+036
 1.00000000000000004E+036
 1.00000000000000004E+036
 1.00000000000000004E+036
 1.00000000000000004E+036
 1.00000000000000004E+036
 1.00000000000000004E+036
 1.00000000000000004E+036
 1.00000000000000004E+036
 1.00000000000000004E+036
 1.00000000000000004E+036
 1.00000000000000004E+036
 1.00000000000000004E+036
 1.00000000000000004E+036
 1.00000000000000004E+036
 1.00000000000000004E+036
 1.00000000000000004E+036
 1.00000000000000004E+036
 1.00000000000000004E+036
 1.00000000000000004E+036
 1.00000000000000004E+036
 1.00000000000000004E+036
 1.00000000000000004E+036
 1.00000000000000004E+036
 1.00000000000000004E+036
 1.00000000000000004E+036
 1.00000000000000004E+036
 1.00000000000000004E+036
 1.00000000000000004E+036
 1.00000000000000004E+036
 1.00000000000000004E+036
 1.00000000000000004E+036
 1.00000000000000004E+036
 1.00000000000000004E+036
 1.00000000000000004E+036
 1.00000000000000004E+036
 1.00000000000000004E+036
 1.00000000000000004E+036
 1.00000000000000004E+036
 1.00000000000000004E+036
 1.00000000000000004E+036
-2.21562287108440614E-001
-2.18584291127456254E-001
-2.08675020976500036E-001
-2.25628851974420286E-001
-2.15612433110948132E-001
-2.55758353823694051E-001
-1.87677767476259305E-001
-1.84240806901698306E-001
-1.70218414380030936E-001
-1.64789175113128294E-001
-1.49735242487565756E-001
-1.45094603550319334E-001
-1.62332886475269333E-001
-1.24217910746494908E-001
-1.13878745837553197E-001
-1.23018190734740074E-001
-1.11519694818241533E-001
-1.00524124485559696E-001
-1.02539193182906274E-001
-8.31754318325010900E-002
-1.15339701589675769E-001
-1.11098735817961369E-001
-1.07052115973544915E-001
-1.02935763868686081E-001
-9.88472227745091914E-002
-9.47244177393713471E-002
-9.04282337567678951E-002
-8.61606968269370554E-002
-8.17386019809873687E-002
-7.73313483759352494E-002
-7.28049556196879166E-002
-6.82685076241682509E-002
-6.36648219203266308E-002
-5.90173519652239520E-002
-5.43514697047271511E-002
-4.96297974171397982E-002
-4.49204803351790360E-002
-4.01626462888202695E-002
-3.54203919783913079E-002
-3.06576256953121629E-002
-2.59058016874860186E-002
-2.11565710179684174E-002
-1.64148715527403510E-002
-1.17006504968912850E-002
-6.99852209532991765E-003
-2.32902174849414223E-003
 1.00000000000000004E+036
 1.00000000000000004E+036
 1.00000000000000004E+036
 1.00000000000000004E+036
 1.00000000000000004E+036
 1.00000000000000004E+036
 1.00000000000000004E+036
 1.00000000000000004E+036
 1.00000000000000004E+036
 1.00000000000000004E+036
 1.00000000000000004E+036
 1.00000000000000004E+036
 1.00000000000000004E+036
 1.00000000000000004E+036
 1.00000000000000004E+036
 1.00000000000000004E+036
 1.00000000000000004E+036
 1.00000000000000004E+036
 1.00000000000000004E+036
 1.00000000000000004E+036
 1.00000000000000004E+036
 1.00000000000000004E+036
 1.00000000000000004E+036
 1.00000000000000004E+036
 1.00000000000000004E+036
 1.00000000000000004E+036
 1.00000000000000004E+036
 1.00000000000000004E+036
 1.00000000000000004E+036
 1.00000000000000004E+036
 1.00000000000000004E+036
 1.00000000000000004E+036
 1.00000000000000004E+036
 1.00000000000000004E+036
 1.00000000000000004E+036
 1.00000000000000004E+036
 1.00000000000000004E+036
 1.00000000000000004E+036
 1.00000000000000004E+036
 1.00000000000000004E+036
 1.00000000000000004E+036
 1.00000000000000004E+036
 1.00000000000000004E+036
 1.00000000000000004E+036
 1.00000000000000004E+036
 1.00000000000000004E+036
 1.00000000000000004E+036
 1.00000000000000004E+036
 1.00000000000000004E+036
 1.00000000000000004E+036
 1.00000000000000004E+036
 1.00000000000000004E+036
 1.00000000000000004E+036
 1.00000000000000004E+036
-2.18659211864860481E-001
 4.70390180951767434E-002
 3.78707384555809767E-002
 2.32085792009684155E-003
-4.39977730081864138E-004
 3.29447934404925036E-004
-1.43938094796567384E-002
-3.25645811537924601E-002
-2.50077716905821035E-002
-4.24466438238368937E-002
-4.90848534775523149E-002
-1.71521325880803488E-002
-2.54387185886457701E-002
-3.42174051305619287E-002
-4.71968114156879892E-002
-5.16285180745512662E-002
-5.53009774661177289E-002
-5.72673546615192208E-002
-5.57643524821287428E-002
-3.04328317203612642E-002
-1.36348603243163780E-001
-1.30858238008329408E-001
-1.25788692227445154E-001
-1.20653436417853754E-001
-1.15690291604323647E-001
-1.10649523711174425E-001
-1.05539001927752452E-001
-1.00440164593635473E-001
-9.52012899314809147E-002
-9.00067520223615247E-002
-8.46680286506398261E-002
-7.93699036996713403E-002
-7.39603539911399821E-002
-6.85614117113573229E-002
-6.31017357150085445E-002
-5.76337559671173949E-002
-5.21427266493788011E-002
-4.66373955242147531E-002
-4.11243592957930559E-002
-3.56107055078496160E-002
-3.00953820595282195E-002
-2.45892990439529058E-002
-1.90881040913950528E-002
-1.36120230415031074E-002
-8.14910640912103190E-003
-2.71175432760628610E-003
 1.00000000000000004E+036
 1.00000000000000004E+036
 1.00000000000000004E+036
 1.00000000000000004E+036
 1.00000000000000004E+036
 1.00000000000000004E+036
 1.00000000000000004E+036
 1.00000000000000004E+036
 1.00000000000000004E+036
 1.00000000000000004E+036
 1.00000000000000004E+036
 1.00000000000000004E+036
 1.00000000000000004E+036
 1.00000000000000004E+036
 1.00000000000000004E+036
 1.00000000000000004E+036
 1.00000000000000004E+036
 1.00000000000000004E+036
 1.00000000000000004E+036
 1.00000000000000004E+036
 1.00000000000000004E+036
 1.00000000000000004E+036
 1.00000000000000004E+036
 1.00000000000000004E+036
 1.00000000000000004E+036
 1.00000000000000004E+036
 1.00000000000000004E+036
 1.00000000000000004E+036
 1.00000000000000004E+036
 1.00000000000000004E+036
 1.00000000000000004E+036
 1.00000000000000004E+036
 1.00000000000000004E+036
 1.00000000000000004E+036
 1.00000000000000004E+036
 1.00000000000000004E+036
 1.00000000000000004E+036
 1.00000000000000004E+036
 1.00000000000000004E+036
 1.00000000000000004E+036
 1.00000000000000004E+036
 1.00000000000000004E+036
 1.00000000000000004E+036
 1.00000000000000004E+036
 1.00000000000000004E+036
 1.00000000000000004E+036
 1.00000000000000004E+036
 1.00000000000000004E+036
 1.00000000000000004E+036
 1.00000000000000004E+036
 1.00000000000000004E+036
 1.00000000000000004E+036
 1.00000000000000004E+036
 1.00000000000000004E+036
-2.18659211864860481E-001
-1.89100656535458711E-001
-1.81314503160876939E-001
-2.36888571632960065E-001
-2.33661522836371205E-001
-2.26736235868315816E-001
-1.76936376167930121E-001
-1.79443990467177628E-001
-2.10483927366055923E-001
-2.07139715385778800E-001
-1.95031169491358014E-001
-1.90878792142314069E-001
-1.78841619101206106E-001
-1.69191064846302197E-001
-1.57101773286854041E-001
-1.63063492885498817E-001
-1.49270712809993711E-001
-1.35527069800389199E-001
-1.34369071882815661E-001
-1.12416134892612263E-001
-1.36348603243163780E-001
-1.30858238008329408E-001
-1.25788692227445154E-001
-1.20653436417853754E-001
-1.15690291604323647E-001
-1.10649523711174425E-001
-1.05539001927752452E-001
-1.00440164593635473E-001
-9.52012899314809147E-002
-9.00067520223615247E-002
-8.46680286506398261E-002
-7.93699036996713403E-002
-7.39603539911399821E-002
-6.85614117113573229E-002
-6.31017357150085445E-002
-5.76337559671173949E-002
-5.21427266493788011E-002
-4.66373955242147531E-002
-4.11243592957930559E-002
-3.56107055078496160E-002
-3.00953820595282195E-002
-2.45892990439529058E-002
-1.90881040913950528E-002
-1.36120230415031074E-002
-8.14910640912103190E-003
-2.71175432760628610E-003
 1.00000000000000004E+036
 1.00000000000000004E+036
 1.00000000000000004E+036
 1.00000000000000004E+036
 1.00000000000000004E+036
 1.00000000000000004E+036
 1.00000000000000004E+036
 1.00000000000000004E+036
 1.00000000000000004E+036
 1.00000000000000004E+036
 1.00000000000000004E+036
 1.00000000000000004E+036
 1.00000000000000004E+036
 1.00000000000000004E+036
 1.00000000000000004E+036
 1.00000000000000004E+036
 1.00000000000000004E+036
 1.00000000000000004E+036
 1.00000000000000004E+036
 1.00000000000000004E+036
 1.00000000000000004E+036
 1.00000000000000004E+036
 1.00000000000000004E+036
 1.00000000000000004E+036
 1.00000000000000004E+036
 1.00000000000000004E+036
 1.00000000000000004E+036
 1.00000000000000004E+036
 1.00000000000000004E+036
 1.00000000000000004E+036
 1.00000000000000004E+036
 1.00000000000000004E+036
 1.00000000000000004E+036
 1.00000000000000004E+036
 1.00000000000000004E+036
 1.00000000000000004E+036
 1.00000000000000004E+036
 1.00000000000000004E+036
 1.00000000000000004E+036
 1.00000000000000004E+036
 1.00000000000000004E+036
 1.00000000000000004E+036
 1.00000000000000004E+036
 1.00000000000000004E+036
 1.00000000000000004E+036
 1.00000000000000004E+036
 1.00000000000000004E+036
 1.00000000000000004E+036
 1.00000000000000004E+036
 1.00000000000000004E+036
 1.00000000000000004E+036
 1.00000000000000004E+036
 1.00000000000000004E+036
 1.00000000000000004E+036
-2.17687769833389666E-001
 5.16533200919297997E-002
 4.06825433915969370E-002
 9.23708926404742670E-003
 6.38343860731538371E-003
 8.92939496623057494E-004
-2.43323214043016378E-002
-2.93388332424342479E-002
-2.98923207957386694E-002
-3.68897816700268777E-002
-4.11779208192228907E-002
-1.14032255941651783E-002
-3.12966333342501457E-002
-3.86253061408297071E-002
-5.21154990899503900E-002
-5.00874386150940154E-002
-6.09540400194532594E-002
-6.30965374527931999E-002
-5.60894681588592903E-002
-3.45819486331038206E-002
-1.40115323404927494E-001
-1.34405506188272739E-001
-1.29161383121243034E-001
-1.23848366149331923E-001
-1.18736543363752389E-001
-1.13534932812854095E-001
-1.08284685672913383E-001
-1.03033074582299378E-001
-9.76582150988747344E-002
-9.23154684228393307E-002
-8.68417356515465144E-002
-8.13980413739727737E-002
-7.58538614882127149E-002
-7.03162610503795804E-002
-6.47166729905279681E-002
-5.91140112776997739E-002
-5.34801510996771867E-002
-4.78388676115741873E-002
-4.21826780208789387E-002
-3.65327256352543372E-002
-3.08739309812153806E-002
-2.52303630701362636E-002
-1.95858489222473509E-002
-1.39704097675803496E-002
-8.36302746455430679E-003
-2.78456868073817532E-003
 1.00000000000000004E+036
 1.00000000000000004E+036
 1.00000000000000004E+036
 1.00000000000000004E+036
 1.00000000000000004E+036
 1.00000000000000004E+036
 1.00000000000000004E+036
 1.00000000000000004E+036
 1.00000000000000004E+036
 1.00000000000000004E+036
 1.00000000000000004E+036
 1.00000000000000004E+036
 1.00000000000000004E+036
 1.00000000000000004E+036
 1.00000000000000004E+036
 1.00000000000000004E+036
 1.00000000000000004E+036
 1.00000000000000004E+036
 1.00000000000000004E+036
 1.00000000000000004E+036
 1.00000000000000004E+036
 1.00000000000000004E+036
 1.00000000000000004E+036
 1.00000000000000004E+036
 1.00000000000000004E+036
 1.00000000000000004E+036
 1.00000000000000004E+036
 1.00000000000000004E+036
 1.00000000000000004E+036
 1.00000000000000004E+036
 1.00000000000000004E+036
 1.00000000000000004E+036
 1.00000000000000004E+036
 1.00000000000000004E+036
 1.00000000000000004E+036
 1.00000000000000004E+036
 1.00000000000000004E+036
 1.00000000000000004E+036
 1.00000000000000004E+036
 1.00000000000000004E+036
 1.00000000000000004E+036
 1.00000000000000004E+036
 1.00000000000000004E+036
 1.00000000000000004E+036
 1.00000000000000004E+036
 1.00000000000000004E+036
 1.00000000000000004E+036
 1.00000000000000004E+036
 1.00000000000000004E+036
 1.00000000000000004E+036
 1.00000000000000004E+036
 1.00000000000000004E+036
 1.00000000000000004E+036
 1.00000000000000004E+036
-2.17687769833389666E-001
-1.95547039989946825E-001
-1.89377132663253178E-001
-2.36795828195795366E-001
-2.32973170064553869E-001
-2.35963766681720699E-001
-1.82632896289135260E-001
-1.84020470233349442E-001
-2.08787422208672524E-001
-2.05983851403175322E-001
-1.93872862337343577E-001
-1.91326855747604441E-001
-1.82765952916270180E-001
-1.70978780851271495E-001
-1.59440112622860397E-001
-1.65856995065439605E-001
-1.52263977918664750E-001
-1.38567266944335188E-001
-1.37488900589914920E-001
-1.16951898660431652E-001
-1.40115323404927494E-001
-1.34405506188272739E-001
-1.29161383121243034E-001
-1.23848366149331923E-001
-1.18736543363752389E-001
-1.13534932812854095E-001
-1.08284685672913383E-001
-1.03033074582299378E-001
-9.76582150988747344E-002
-9.23154684228393307E-002
-8.68417356515465144E-002
-8.13980413739727737E-002
-7.58538614882127149E-002
-7.03162610503795804E-002
-6.47166729905279681E-002
-5.91140112776997739E-002
-5.34801510996771867E-002
-4.78388676115741873E-002
-4.21826780208789387E-002
-3.65327256352543372E-002
-3.08739309812153806E-002
-2.52303630701362636E-002
-1.95858489222473509E-002
-1.39704097675803496E-002
-8.36302746455430679E-003
-2.78456868073817532E-003
 1.00000000000000004E+036
 1.00000000000000004E+036
 1.00000000000000004E+036
 1.00000000000000004E+036
 1.00000000000000004E+036
 1.00000000000000004E+036
 1.00000000000000004E+036
 1.00000000000000004E+036
 1.00000000000000004E+036
 1.00000000000000004E+036
 1.00000000000000004E+036
 1.00000000000000004E+036
 1.00000000000000004E+036
 1.00000000000000004E+036
 1.00000000000000004E+036
 1.00000000000000004E+036
 1.00000000000000004E+036
 1.00000000000000004E+036
 1.00000000000000004E+036
 1.00000000000000004E+036
 1.00000000000000004E+036
 1.00000000000000004E+036
 1.00000000000000004E+036
 1.00000000000000004E+036
 1.00000000000000004E+036
 1.00000000000000004E+036
 1.00000000000000004E+036
 1.00000000000000004E+036
 1.00000000000000004E+036
 1.00000000000000004E+036
 1.00000000000000004E+036
 1.00000000000000004E+036
 1.00000000000000004E+036
 1.00000000000000004E+036
 1.00000000000000004E+036
 1.00000000000000004E+036
 1.00000000000000004E+036
 1.00000000000000004E+036
 1.00000000000000004E+036
 1.00000000000000004E+036
 1.00000000000000004E+036
 1.00000000000000004E+036
 1.00000000000000004E+036
 1.00000000000000004E+036
 1.00000000000000004E+036
 1.00000000000000004E+036
 1.00000000000000004E+036
 1.00000000000000004E+036
 1.00000000000000004E+036
 1.00000000000000004E+036
 1.00000000000000004E+036
 1.00000000000000004E+036
 1.00000000000000004E+036
 1.00000000000000004E+036
-2.03445081542156458E-001
 1.04159842007163661E-001
 6.94175985702827347E-002
 3.89505021330478485E-002
 1.70961554903215074E-002
 9.81905571194374716E-003
-1.06981520871727298E-002
-3.18252517180326322E-002
-3.35569196371920953E-002
-4.60157746746290286E-002
-6.17914298080108892E-002
-1.39153366960783842E-001
-2.74979617502140172E-002
-4.65834274245935376E-002
-5.49320727456006352E-002
-6.14220957996849393E-002
-6.56388813445119013E-002
-6.19967939130106060E-002
-2.33512828361881475E-003
 4.11173422413867229E-001
-1.35817987241239280E-001
-1.30540162887655242E-001
-1.25823167391104107E-001
-1.20900500855782411E-001
-1.16254229113280871E-001
-1.11377775780852062E-001
-1.06514591979930628E-001
-1.01524971249148166E-001
-9.64649046314320913E-002
-9.13287224844339107E-002
-8.61032202078604314E-002
-8.08163892763786862E-002
-7.54648046138299833E-002
-7.00416391115936676E-002
-6.45854758946597940E-002
-5.90580563095954858E-002
-5.35282699266872442E-002
-4.79276145460971748E-002
-4.23299537941375092E-002
-3.66982234292549947E-002
-3.10581703695902434E-002
-2.54074473868399764E-002
-1.97520036925311615E-002
-1.41011618504194303E-002
-8.45401972162562743E-003
-2.81618288295248931E-003
 1.00000000000000004E+036
 1.00000000000000004E+036
 1.00000000000000004E+036
 1.00000000000000004E+036
 1.00000000000000004E+036
 1.00000000000000004E+036
 1.00000000000000004E+036
 1.00000000000000004E+036
 1.00000000000000004E+036
 1.00000000000000004E+036
 1.00000000000000004E+036
 1.00000000000000004E+036
 1.00000000000000004E+036
 1.00000000000000004E+036
 1.00000000000000004E+036
 1.00000000000000004E+036
 1.00000000000000004E+036
 1.00000000000000004E+036
 1.00000000000000004E+036
 1.00000000000000004E+036
 1.00000000000000004E+036
 1.00000000000000004E+036
 1.00000000000000004E+036
 1.00000000000000004E+036
 1.00000000000000004E+036
 1.00000000000000004E+036
 1.00000000000000004E+036
 1.00000000000000004E+036
 1.00000000000000004E+036
 1.00000000000000004E+036
 1.00000000000000004E+036
 1.00000000000000004E+036
 1.00000000000000004E+036
 1.00000000000000004E+036
 1.00000000000000004E+036
 1.00000000000000004E+036
 1.00000000000000004E+036
 1.00000000000000004E+036
 1.00000000000000004E+036
 1.00000000000000004E+036
 1.00000000000000004E+036
 1.00000000000000004E+036
 1.00000000000000004E+036
 1.00000000000000004E+036
 1.00000000000000004E+036
 1.00000000000000004E+036
 1.00000000000000004E+036
 1.00000000000000004E+036
 1.00000000000000004E+036
 1.00000000000000004E+036
 1.00000000000000004E+036
 1.00000000000000004E+036
 1.00000000000000004E+036
 1.00000000000000004E+036
-2.03445081542156458E-001
-1.60690424868505488E-001
-1.56801119863416716E-001
-1.97231507077447077E-001
-1.94939315198496388E-001
-2.00926988875664847E-001
-2.05724554854839425E-001
-2.09829949134132221E-001
-1.95523561099832932E-001
-1.97339552149003339E-001
-1.90501604184021289E-001
-1.92104801170387418E-001
-2.11788834845606289E-001
-1.99435122859540570E-001
-1.85892104114770973E-001
-1.89461910392310529E-001
-1.72518145753315366E-001
-1.55534375773299871E-001
-1.51451215350846269E-001
-1.39598023849373476E-001
-1.35817987241239280E-001
-1.30540162887655242E-001
-1.25823167391104107E-001
-1.20900500855782411E-001
-1.16254229113280871E-001
-1.11377775780852062E-001
-1.06514591979930628E-001
-1.01524971249148166E-001
-9.64649046314320913E-002
-9.13287224844339107E-002
-8.61032202078604314E-002
-8.08163892763786862E-002
-7.54648046138299833E-002
-7.00416391115936676E-002
-6.45854758946597940E-002
-5.90580563095954858E-002
-5.35282699266872442E-002
-4.79276145460971748E-002
-4.23299537941375092E-002
-3.66982234292549947E-002
-3.10581703695902434E-002
-2.54074473868399764E-002
-1.97520036925311615E-002
-1.41011618504194303E-002
-8.45401972162562743E-003
-2.81618288295248931E-003
 1.00000000000000004E+036
 1.00000000000000004E+036
 1.00000000000000004E+036
 1.00000000000000004E+036
 1.00000000000000004E+036
 1.00000000000000004E+036
 1.00000000000000004E+036
 1.00000000000000004E+036
 1.00000000000000004E+036
 1.00000000000000004E+036
 1.00000000000000004E+036
 1.00000000000000004E+036
 1.00000000000000004E+036
 1.00000000000000004E+036
 1.00000000000000004E+036
 1.00000000000000004E+036
 1.00000000000000004E+036
 1.00000000000000004E+036
 1.00000000000000004E+036
 1.00000000000000004E+036
 1.00000000000000004E+036
 1.00000000000000004E+036
 1.00000000000000004E+036
 1.00000000000000004E+036
 1.00000000000000004E+036
 1.00000000000000004E+036
 1.00000000000000004E+036
 1.00000000000000004E+036
 1.00000000000000004E+036
 1.00000000000000004E+036
 1.00000000000000004E+036
 1.00000000000000004E+036
 1.00000000000000004E+036
 1.00000000000000004E+036
 1.00000000000000004E+036
 1.00000000000000004E+036
 1.00000000000000004E+036
 1.00000000000000004E+036
 1.00000000000000004E+036
 1.00000000000000004E+036
 1.00000000000000004E+036
 1.00000000000000004E+036
 1.00000000000000004E+036
 1.00000000000000004E+036
 1.00000000000000004E+036
 1.00000000000000004E+036
 1.00000000000000004E+036
 1.00000000000000004E+036
 1.00000000000000004E+036
 1.00000000000000004E+036
 1.00000000000000004E+036
 1.00000000000000004E+036
 1.00000000000000004E+036
 1.00000000000000004E+036
# OUTPUT: mlcanopy_inst__eair_profile(1,100)
 1.34996389928029521E+003
 1.32370196780561309E+003
 1.30534115094353319E+003
 1.29249477475467052E+003
 1.28331168532750758E+003
 1.27639045755980283E+003
 1.27067445769025539E+003
 1.26539241197930619E+003
 1.25996199049656479E+003
 1.25395185582528347E+003
 1.24705927324220011E+003
 1.23905986101957956E+003
 1.22981898878398761E+003
 1.21921283515988785E+003
 1.20713497919815541E+003
 1.19353051488446431E+003
 1.17840676565117724E+003
 1.16186345270316906E+003
 1.14413795540243427E+003
 1.12571466530604584E+003
 1.10763735312115341E+003
 1.09190142548613812E+003
 1.07746543416399618E+003
 1.06394774895650016E+003
 1.05107983827648673E+003
 1.03874019285354962E+003
 1.02680825791370512E+003
 1.01523741146362966E+003
 1.00396218461009119E+003
 9.92957989838337653E+002
 9.82185763332317606E+002
 9.71632075616857719E+002
 9.61268770223240836E+002
 9.51088449206575092E+002
 9.41071789437512166E+002
 9.31212059761749970E+002
 9.21495013980449130E+002
 9.11915056320353756E+002
 9.02461514532141564E+002
 8.93129465903624919E+002
 8.83910894960559631E+002
 8.74800021082370222E+002
 8.65791254290158804E+002
 8.56879300314133388E+002
 8.48058924547722881E+002
 8.39325676973104237E+002
 1.00000000000000004E+036
 1.00000000000000004E+036
 1.00000000000000004E+036
 1.00000000000000004E+036
 1.00000000000000004E+036
 1.00000000000000004E+036
 1.00000000000000004E+036
 1.00000000000000004E+036
 1.00000000000000004E+036
 1.00000000000000004E+036
 1.00000000000000004E+036
 1.00000000000000004E+036
 1.00000000000000004E+036
 1.00000000000000004E+036
 1.00000000000000004E+036
 1.00000000000000004E+036
 1.00000000000000004E+036
 1.00000000000000004E+036
 1.00000000000000004E+036
 1.00000000000000004E+036
 1.00000000000000004E+036
 1.00000000000000004E+036
 1.00000000000000004E+036
 1.00000000000000004E+036
 1.00000000000000004E+036
 1.00000000000000004E+036
 1.00000000000000004E+036
 1.00000000000000004E+036
 1.00000000000000004E+036
 1.00000000000000004E+036
 1.00000000000000004E+036
 1.00000000000000004E+036
 1.00000000000000004E+036
 1.00000000000000004E+036
 1.00000000000000004E+036
 1.00000000000000004E+036
 1.00000000000000004E+036
 1.00000000000000004E+036
 1.00000000000000004E+036
 1.00000000000000004E+036
 1.00000000000000004E+036
 1.00000000000000004E+036
 1.00000000000000004E+036
 1.00000000000000004E+036
 1.00000000000000004E+036
 1.00000000000000004E+036
 1.00000000000000004E+036
 1.00000000000000004E+036
 1.00000000000000004E+036
 1.00000000000000004E+036
 1.00000000000000004E+036
 1.00000000000000004E+036
 1.00000000000000004E+036
 1.00000000000000004E+036
# OUTPUT: mlcanopy_inst__h2ocan_profile(1,100)
 0.00000000000000000E+000
 0.00000000000000000E+000
 0.00000000000000000E+000
 0.00000000000000000E+000
 0.00000000000000000E+000
 0.00000000000000000E+000
 0.00000000000000000E+000
 0.00000000000000000E+000
 0.00000000000000000E+000
 0.00000000000000000E+000
 0.00000000000000000E+000
 0.00000000000000000E+000
 0.00000000000000000E+000
 0.00000000000000000E+000
 0.00000000000000000E+000
 0.00000000000000000E+000
 0.00000000000000000E+000
 0.00000000000000000E+000
 0.00000000000000000E+000
 0.00000000000000000E+000
 0.00000000000000000E+000
 0.00000000000000000E+000
 0.00000000000000000E+000
 0.00000000000000000E+000
 0.00000000000000000E+000
 0.00000000000000000E+000
 0.00000000000000000E+000
 0.00000000000000000E+000
 0.00000000000000000E+000
 0.00000000000000000E+000
 0.00000000000000000E+000
 0.00000000000000000E+000
 0.00000000000000000E+000
 0.00000000000000000E+000
 0.00000000000000000E+000
 0.00000000000000000E+000
 0.00000000000000000E+000
 0.00000000000000000E+000
 0.00000000000000000E+000
 0.00000000000000000E+000
 0.00000000000000000E+000
 0.00000000000000000E+000
 0.00000000000000000E+000
 0.00000000000000000E+000
 0.00000000000000000E+000
 0.00000000000000000E+000
 0.00000000000000000E+000
 0.00000000000000000E+000
 0.00000000000000000E+000
 0.00000000000000000E+000
 0.00000000000000000E+000
 0.00000000000000000E+000
 0.00000000000000000E+000
 0.00000000000000000E+000
 0.00000000000000000E+000
 0.00000000000000000E+000
 0.00000000000000000E+000
 0.00000000000000000E+000
 0.00000000000000000E+000
 0.00000000000000000E+000
 0.00000000000000000E+000
 0.00000000000000000E+000
 0.00000000000000000E+000
 0.00000000000000000E+000
 0.00000000000000000E+000
 0.00000000000000000E+000
 0.00000000000000000E+000
 0.00000000000000000E+000
 0.00000000000000000E+000
 0.00000000000000000E+000
 0.00000000000000000E+000
 0.00000000000000000E+000
 0.00000000000000000E+000
 0.00000000000000000E+000
 0.00000000000000000E+000
 0.00000000000000000E+000
 0.00000000000000000E+000
 0.00000000000000000E+000
 0.00000000000000000E+000
 0.00000000000000000E+000
 0.00000000000000000E+000
 0.00000000000000000E+000
 0.00000000000000000E+000
 0.00000000000000000E+000
 0.00000000000000000E+000
 0.00000000000000000E+000
 0.00000000000000000E+000
 0.00000000000000000E+000
 0.00000000000000000E+000
 0.00000000000000000E+000
 0.00000000000000000E+000
 0.00000000000000000E+000
 0.00000000000000000E+000
 0.00000000000000000E+000
 0.00000000000000000E+000
 0.00000000000000000E+000
 0.00000000000000000E+000
 0.00000000000000000E+000
 0.00000000000000000E+000
 0.00000000000000000E+000
# OUTPUT: mlcanopy_inst__lwp_leaf(1,100,2)
 0.00000000000000000E+000
-5.35169419359641685E-001
-6.35431667095068820E-001
-7.03827628785114179E-001
-7.55818769365715348E-001
-8.00217404727294301E-001
-8.39781690378944345E-001
-8.77581069367983302E-001
-9.15115899011491818E-001
-9.52262350184266859E-001
-9.88612847735181210E-001
-1.01987401745189610E+000
-1.06795714020173738E+000
-1.12165059386093091E+000
-1.18054845204133141E+000
-1.24466885383876913E+000
-1.31488605450942631E+000
-1.39049532042637392E+000
-1.46930197092230208E+000
-1.53742407763287758E+000
 0.00000000000000000E+000
 0.00000000000000000E+000
 0.00000000000000000E+000
 0.00000000000000000E+000
 0.00000000000000000E+000
 0.00000000000000000E+000
 0.00000000000000000E+000
 0.00000000000000000E+000
 0.00000000000000000E+000
 0.00000000000000000E+000
 0.00000000000000000E+000
 0.00000000000000000E+000
 0.00000000000000000E+000
 0.00000000000000000E+000
 0.00000000000000000E+000
 0.00000000000000000E+000
 0.00000000000000000E+000
 0.00000000000000000E+000
 0.00000000000000000E+000
 0.00000000000000000E+000
 0.00000000000000000E+000
 0.00000000000000000E+000
 0.00000000000000000E+000
 0.00000000000000000E+000
 0.00000000000000000E+000
 0.00000000000000000E+000
-1.00000000000000006E-001
-1.00000000000000006E-001
-1.00000000000000006E-001
-1.00000000000000006E-001
-1.00000000000000006E-001
-1.00000000000000006E-001
-1.00000000000000006E-001
-1.00000000000000006E-001
-1.00000000000000006E-001
-1.00000000000000006E-001
-1.00000000000000006E-001
-1.00000000000000006E-001
-1.00000000000000006E-001
-1.00000000000000006E-001
-1.00000000000000006E-001
-1.00000000000000006E-001
-1.00000000000000006E-001
-1.00000000000000006E-001
-1.00000000000000006E-001
-1.00000000000000006E-001
-1.00000000000000006E-001
-1.00000000000000006E-001
-1.00000000000000006E-001
-1.00000000000000006E-001
-1.00000000000000006E-001
-1.00000000000000006E-001
-1.00000000000000006E-001
-1.00000000000000006E-001
-1.00000000000000006E-001
-1.00000000000000006E-001
-1.00000000000000006E-001
-1.00000000000000006E-001
-1.00000000000000006E-001
-1.00000000000000006E-001
-1.00000000000000006E-001
-1.00000000000000006E-001
-1.00000000000000006E-001
-1.00000000000000006E-001
-1.00000000000000006E-001
-1.00000000000000006E-001
-1.00000000000000006E-001
-1.00000000000000006E-001
-1.00000000000000006E-001
-1.00000000000000006E-001
-1.00000000000000006E-001
-1.00000000000000006E-001
-1.00000000000000006E-001
-1.00000000000000006E-001
-1.00000000000000006E-001
-1.00000000000000006E-001
-1.00000000000000006E-001
-1.00000000000000006E-001
-1.00000000000000006E-001
-1.00000000000000006E-001
 0.00000000000000000E+000
-2.57658409860707094E-001
-2.74220614828636078E-001
-2.86621618764764441E-001
-2.99083834622122735E-001
-3.11874711474149857E-001
-3.26073674654282497E-001
-3.41100133140113893E-001
-3.58928709657389822E-001
-3.78070038146134824E-001
-4.02131407003690211E-001
-4.30438188377824660E-001
-4.63755206952221610E-001
-5.07104809051467043E-001
-5.58327183081098966E-001
-6.19173016379580665E-001
-6.91050671957081253E-001
-7.74806396309515977E-001
-8.67179425910674651E-001
-9.54963100704099954E-001
 0.00000000000000000E+000
 0.00000000000000000E+000
 0.00000000000000000E+000
 0.00000000000000000E+000
 0.00000000000000000E+000
 0.00000000000000000E+000
 0.00000000000000000E+000
 0.00000000000000000E+000
 0.00000000000000000E+000
 0.00000000000000000E+000
 0.00000000000000000E+000
 0.00000000000000000E+000
 0.00000000000000000E+000
 0.00000000000000000E+000
 0.00000000000000000E+000
 0.00000000000000000E+000
 0.00000000000000000E+000
 0.00000000000000000E+000
 0.00000000000000000E+000
 0.00000000000000000E+000
 0.00000000000000000E+000
 0.00000000000000000E+000
 0.00000000000000000E+000
 0.00000000000000000E+000
 0.00000000000000000E+000
 0.00000000000000000E+000
-1.00000000000000006E-001
-1.00000000000000006E-001
-1.00000000000000006E-001
-1.00000000000000006E-001
-1.00000000000000006E-001
-1.00000000000000006E-001
-1.00000000000000006E-001
-1.00000000000000006E-001
-1.00000000000000006E-001
-1.00000000000000006E-001
-1.00000000000000006E-001
-1.00000000000000006E-001
-1.00000000000000006E-001
-1.00000000000000006E-001
-1.00000000000000006E-001
-1.00000000000000006E-001
-1.00000000000000006E-001
-1.00000000000000006E-001
-1.00000000000000006E-001
-1.00000000000000006E-001
-1.00000000000000006E-001
-1.00000000000000006E-001
-1.00000000000000006E-001
-1.00000000000000006E-001
-1.00000000000000006E-001
-1.00000000000000006E-001
-1.00000000000000006E-001
-1.00000000000000006E-001
-1.00000000000000006E-001
-1.00000000000000006E-001
-1.00000000000000006E-001
-1.00000000000000006E-001
-1.00000000000000006E-001
-1.00000000000000006E-001
-1.00000000000000006E-001
-1.00000000000000006E-001
-1.00000000000000006E-001
-1.00000000000000006E-001
-1.00000000000000006E-001
-1.00000000000000006E-001
-1.00000000000000006E-001
-1.00000000000000006E-001
-1.00000000000000006E-001
-1.00000000000000006E-001
-1.00000000000000006E-001
-1.00000000000000006E-001
-1.00000000000000006E-001
-1.00000000000000006E-001
-1.00000000000000006E-001
-1.00000000000000006E-001
-1.00000000000000006E-001
-1.00000000000000006E-001
-1.00000000000000006E-001
-1.00000000000000006E-001
# OUTPUT: mlcanopy_inst__tair_profile(1,100)
 3.00485971863022144E+002
 3.00441652441440624E+002
 3.00390036966485468E+002
 3.00333689202975620E+002
 3.00275261296086683E+002
 3.00217049442909797E+002
 3.00161146681083949E+002
 3.00109280798278633E+002
 3.00063208944431267E+002
 3.00024607199939339E+002
 2.99994889064871643E+002
 2.99975437931121974E+002
 2.99967236688458456E+002
 2.99971544067852733E+002
 2.99989780385553217E+002
 3.00023035132944415E+002
 3.00071928605787718E+002
 3.00136287741269712E+002
 3.00214788848695434E+002
 3.00304086641115191E+002
 3.00396225544576225E+002
 3.00476538708976364E+002
 3.00550311600695522E+002
 3.00619474613925490E+002
 3.00685388763783749E+002
 3.00748665030091672E+002
 3.00809913662053361E+002
 3.00869365995544456E+002
 3.00927352546925931E+002
 3.00983993644718339E+002
 3.01039485595198244E+002
 3.01093892581750538E+002
 3.01147355696891395E+002
 3.01199908862862344E+002
 3.01251648243709894E+002
 3.01302604920391161E+002
 3.01352849317715823E+002
 3.01402407071773041E+002
 3.01451330506327224E+002
 3.01499642160187307E+002
 3.01547380845885527E+002
 3.01594573868967700E+002
 3.01641247714145095E+002
 3.01687427390831999E+002
 3.01733137762737954E+002
 3.01778399662881441E+002
 1.00000000000000004E+036
 1.00000000000000004E+036
 1.00000000000000004E+036
 1.00000000000000004E+036
 1.00000000000000004E+036
 1.00000000000000004E+036
 1.00000000000000004E+036
 1.00000000000000004E+036
 1.00000000000000004E+036
 1.00000000000000004E+036
 1.00000000000000004E+036
 1.00000000000000004E+036
 1.00000000000000004E+036
 1.00000000000000004E+036
 1.00000000000000004E+036
 1.00000000000000004E+036
 1.00000000000000004E+036
 1.00000000000000004E+036
 1.00000000000000004E+036
 1.00000000000000004E+036
 1.00000000000000004E+036
 1.00000000000000004E+036
 1.00000000000000004E+036
 1.00000000000000004E+036
 1.00000000000000004E+036
 1.00000000000000004E+036
 1.00000000000000004E+036
 1.00000000000000004E+036
 1.00000000000000004E+036
 1.00000000000000004E+036
 1.00000000000000004E+036
 1.00000000000000004E+036
 1.00000000000000004E+036
 1.00000000000000004E+036
 1.00000000000000004E+036
 1.00000000000000004E+036
 1.00000000000000004E+036
 1.00000000000000004E+036
 1.00000000000000004E+036
 1.00000000000000004E+036
 1.00000000000000004E+036
 1.00000000000000004E+036
 1.00000000000000004E+036
 1.00000000000000004E+036
 1.00000000000000004E+036
 1.00000000000000004E+036
 1.00000000000000004E+036
 1.00000000000000004E+036
 1.00000000000000004E+036
 1.00000000000000004E+036
 1.00000000000000004E+036
 1.00000000000000004E+036
 1.00000000000000004E+036
 1.00000000000000004E+036
# OUTPUT: mlcanopy_inst__tg_soil(1)
 3.01170213661085086E+002
# OUTPUT: mlcanopy_inst__tleaf_leaf(1,100,2)
 3.00485971863022144E+002
 3.06250566478003975E+002
 3.04724525407854571E+002
 3.03689792077902098E+002
 3.02930154450291298E+002
 3.02313657515464172E+002
 3.01794105869677651E+002
 3.01338764253556235E+002
 3.00936354514318737E+002
 3.00573548548851193E+002
 3.00251516369412343E+002
 3.00036840979966428E+002
 2.99696268720505998E+002
 2.99375335844851747E+002
 2.99081170314797305E+002
 2.98816378192347770E+002
 2.98572965839556275E+002
 2.98355560132798473E+002
 2.98178170537266396E+002
 2.98138183775087896E+002
 3.00396225544576225E+002
 3.00476538708976364E+002
 3.00550311600695522E+002
 3.00619474613925490E+002
 3.00685388763783749E+002
 3.00748665030091672E+002
 3.00809913662053361E+002
 3.00869365995544456E+002
 3.00927352546925931E+002
 3.00983993644718339E+002
 3.01039485595198244E+002
 3.01093892581750538E+002
 3.01147355696891395E+002
 3.01199908862862344E+002
 3.01251648243709894E+002
 3.01302604920391161E+002
 3.01352849317715823E+002
 3.01402407071773041E+002
 3.01451330506327224E+002
 3.01499642160187307E+002
 3.01547380845885527E+002
 3.01594573868967700E+002
 3.01641247714145095E+002
 3.01687427390831999E+002
 3.01733137762737954E+002
 3.01778399662881441E+002
 1.00000000000000004E+036
 1.00000000000000004E+036
 1.00000000000000004E+036
 1.00000000000000004E+036
 1.00000000000000004E+036
 1.00000000000000004E+036
 1.00000000000000004E+036
 1.00000000000000004E+036
 1.00000000000000004E+036
 1.00000000000000004E+036
 1.00000000000000004E+036
 1.00000000000000004E+036
 1.00000000000000004E+036
 1.00000000000000004E+036
 1.00000000000000004E+036
 1.00000000000000004E+036
 1.00000000000000004E+036
 1.00000000000000004E+036
 1.00000000000000004E+036
 1.00000000000000004E+036
 1.00000000000000004E+036
 1.00000000000000004E+036
 1.00000000000000004E+036
 1.00000000000000004E+036
 1.00000000000000004E+036
 1.00000000000000004E+036
 1.00000000000000004E+036
 1.00000000000000004E+036
 1.00000000000000004E+036
 1.00000000000000004E+036
 1.00000000000000004E+036
 1.00000000000000004E+036
 1.00000000000000004E+036
 1.00000000000000004E+036
 1.00000000000000004E+036
 1.00000000000000004E+036
 1.00000000000000004E+036
 1.00000000000000004E+036
 1.00000000000000004E+036
 1.00000000000000004E+036
 1.00000000000000004E+036
 1.00000000000000004E+036
 1.00000000000000004E+036
 1.00000000000000004E+036
 1.00000000000000004E+036
 1.00000000000000004E+036
 1.00000000000000004E+036
 1.00000000000000004E+036
 1.00000000000000004E+036
 1.00000000000000004E+036
 1.00000000000000004E+036
 1.00000000000000004E+036
 1.00000000000000004E+036
 1.00000000000000004E+036
 3.00485971863022144E+002
 3.00851969014193173E+002
 3.00559308585571728E+002
 3.00373991439508472E+002
 3.00227732188755795E+002
 3.00091548232140212E+002
 2.99974610924355034E+002
 2.99843946239431546E+002
 2.99707018967447993E+002
 2.99576770676895876E+002
 2.99435591061552032E+002
 2.99283751206056650E+002
 2.99130690876610743E+002
 2.98948108709388691E+002
 2.98754903996611915E+002
 2.98543908281491952E+002
 2.98325631722809533E+002
 2.98093798939740793E+002
 2.97871847522505277E+002
 2.97734688962651148E+002
 3.00396225544576225E+002
 3.00476538708976364E+002
 3.00550311600695522E+002
 3.00619474613925490E+002
 3.00685388763783749E+002
 3.00748665030091672E+002
 3.00809913662053361E+002
 3.00869365995544456E+002
 3.00927352546925931E+002
 3.00983993644718339E+002
 3.01039485595198244E+002
 3.01093892581750538E+002
 3.01147355696891395E+002
 3.01199908862862344E+002
 3.01251648243709894E+002
 3.01302604920391161E+002
 3.01352849317715823E+002
 3.01402407071773041E+002
 3.01451330506327224E+002
 3.01499642160187307E+002
 3.01547380845885527E+002
 3.01594573868967700E+002
 3.01641247714145095E+002
 3.01687427390831999E+002
 3.01733137762737954E+002
 3.01778399662881441E+002
 1.00000000000000004E+036
 1.00000000000000004E+036
 1.00000000000000004E+036
 1.00000000000000004E+036
 1.00000000000000004E+036
 1.00000000000000004E+036
 1.00000000000000004E+036
 1.00000000000000004E+036
 1.00000000000000004E+036
 1.00000000000000004E+036
 1.00000000000000004E+036
 1.00000000000000004E+036
 1.00000000000000004E+036
 1.00000000000000004E+036
 1.00000000000000004E+036
 1.00000000000000004E+036
 1.00000000000000004E+036
 1.00000000000000004E+036
 1.00000000000000004E+036
 1.00000000000000004E+036
 1.00000000000000004E+036
 1.00000000000000004E+036
 1.00000000000000004E+036
 1.00000000000000004E+036
 1.00000000000000004E+036
 1.00000000000000004E+036
 1.00000000000000004E+036
 1.00000000000000004E+036
 1.00000000000000004E+036
 1.00000000000000004E+036
 1.00000000000000004E+036
 1.00000000000000004E+036
 1.00000000000000004E+036
 1.00000000000000004E+036
 1.00000000000000004E+036
 1.00000000000000004E+036
 1.00000000000000004E+036
 1.00000000000000004E+036
 1.00000000000000004E+036
 1.00000000000000004E+036
 1.00000000000000004E+036
 1.00000000000000004E+036
 1.00000000000000004E+036
 1.00000000000000004E+036
 1.00000000000000004E+036
 1.00000000000000004E+036
 1.00000000000000004E+036
 1.00000000000000004E+036
 1.00000000000000004E+036
 1.00000000000000004E+036
 1.00000000000000004E+036
 1.00000000000000004E+036
 1.00000000000000004E+036
 1.00000000000000004E+036
