# PROBE mlrungekuttamod.rungekuttaupdate_flat: call=32
# irk = 4
# num_filter = 1
# np_ = 1
# INPUT: a(4,4)
 1.00000000000000004E+036
 5.00000000000000000E-001
 0.00000000000000000E+000
 0.00000000000000000E+000
 1.00000000000000004E+036
 1.00000000000000004E+036
 5.00000000000000000E-001
 0.00000000000000000E+000
 1.00000000000000004E+036
 1.00000000000000004E+036
 1.00000000000000004E+036
 1.00000000000000000E+000
 1.00000000000000004E+036
 1.00000000000000004E+036
 1.00000000000000004E+036
 1.00000000000000004E+036
# INPUT: b(4)
 1.66666666666666657E-001
 3.33333333333333315E-001
 3.33333333333333315E-001
 1.66666666666666657E-001
# INPUT: c(4)
 0.00000000000000000E+000
 5.00000000000000000E-001
 5.00000000000000000E-001
 1.00000000000000000E+000
# INPUT: filter(1)
1
# INPUT: mlcanopy_inst__deair_profile(1,100,4)
 1.16615246584735814E+002
 1.01912965059596218E+002
 9.29393643436794719E+001
 8.78837853017421367E+001
 8.52572298793415939E+001
 8.39925542353992114E+001
 8.33614779670899679E+001
 8.28619694553840418E+001
 8.22016782057635282E+001
 8.11356954297846187E+001
 7.96993011918207230E+001
 7.78894435122761024E+001
 7.57334223262109845E+001
 7.32842628091059396E+001
 7.05993689690108113E+001
 6.77766201414926854E+001
 6.48779049061727164E+001
 6.19501582817836152E+001
 5.90657775352240151E+001
 5.63143786329483191E+001
 5.37974440241803222E+001
 5.16640754371128423E+001
 4.96897404726839795E+001
 4.77813927626641544E+001
 4.59002626320016134E+001
 4.40292559489387259E+001
 4.21500681140389588E+001
 4.02672147375496934E+001
 3.83833270267091393E+001
 3.64965591037910144E+001
 3.46058802162076518E+001
 3.27125432811385508E+001
 3.08125209042673305E+001
 2.89117346484572408E+001
 2.70113019000777967E+001
 2.51122988049306741E+001
 2.32145336147789294E+001
 2.13179578681319981E+001
 1.94222304784109383E+001
 1.75307814056022835E+001
 1.56424389751559829E+001
 1.37585674858974016E+001
 1.18793937274823520E+001
 1.00051509760170347E+001
 8.13550266864820060E+000
 6.27160880311816982E+000
 1.00000000000000004E+036
 1.00000000000000004E+036
 1.00000000000000004E+036
 1.00000000000000004E+036
 1.00000000000000004E+036
 1.00000000000000004E+036
 1.00000000000000004E+036
 1.00000000000000004E+036
 1.00000000000000004E+036
 1.00000000000000004E+036
 1.00000000000000004E+036
 1.00000000000000004E+036
 1.00000000000000004E+036
 1.00000000000000004E+036
 1.00000000000000004E+036
 1.00000000000000004E+036
 1.00000000000000004E+036
 1.00000000000000004E+036
 1.00000000000000004E+036
 1.00000000000000004E+036
 1.00000000000000004E+036
 1.00000000000000004E+036
 1.00000000000000004E+036
 1.00000000000000004E+036
 1.00000000000000004E+036
 1.00000000000000004E+036
 1.00000000000000004E+036
 1.00000000000000004E+036
 1.00000000000000004E+036
 1.00000000000000004E+036
 1.00000000000000004E+036
 1.00000000000000004E+036
 1.00000000000000004E+036
 1.00000000000000004E+036
 1.00000000000000004E+036
 1.00000000000000004E+036
 1.00000000000000004E+036
 1.00000000000000004E+036
 1.00000000000000004E+036
 1.00000000000000004E+036
 1.00000000000000004E+036
 1.00000000000000004E+036
 1.00000000000000004E+036
 1.00000000000000004E+036
 1.00000000000000004E+036
 1.00000000000000004E+036
 1.00000000000000004E+036
 1.00000000000000004E+036
 1.00000000000000004E+036
 1.00000000000000004E+036
 1.00000000000000004E+036
 1.00000000000000004E+036
 1.00000000000000004E+036
 1.00000000000000004E+036
 1.36399500113875774E+002
 1.10313079326145271E+002
 9.71140360092686024E+001
 9.14180657808087744E+001
 8.99886773463999816E+001
 9.08685880981131504E+001
 9.27127621935078423E+001
 9.48554174115827209E+001
 9.66693971725226220E+001
 9.78768035650173260E+001
 9.83133174659760698E+001
 9.79332070577147533E+001
 9.67375152736372002E+001
 9.47676205688981099E+001
 9.21414890426999591E+001
 8.89583290458299416E+001
 8.53298990522764598E+001
 8.13686932675193475E+001
 7.72341064922284204E+001
 7.31151868869683312E+001
 6.92456915803818447E+001
 6.60836723210989021E+001
 6.32243173333947652E+001
 6.05056986503484495E+001
 5.78335393227391705E+001
 5.52132372732999102E+001
 5.26312952276443866E+001
 5.00756629012444137E+001
 4.75284133758066218E+001
 4.50036755566479769E+001
 4.24976669560039682E+001
 4.00057307649224185E+001
 3.75266302424506648E+001
 3.50643952936445658E+001
 3.26183925847897171E+001
 3.01859654373778312E+001
 2.77670346607919782E+001
 2.53617580549267814E+001
 2.29699249672771657E+001
 2.05889795336033785E+001
 1.82182259017557726E+001
 1.58598141443874283E+001
 1.35098858628726930E+001
 1.11673535385086780E+001
 8.83247889743722681E+000
 6.50396803157286740E+000
 1.00000000000000004E+036
 1.00000000000000004E+036
 1.00000000000000004E+036
 1.00000000000000004E+036
 1.00000000000000004E+036
 1.00000000000000004E+036
 1.00000000000000004E+036
 1.00000000000000004E+036
 1.00000000000000004E+036
 1.00000000000000004E+036
 1.00000000000000004E+036
 1.00000000000000004E+036
 1.00000000000000004E+036
 1.00000000000000004E+036
 1.00000000000000004E+036
 1.00000000000000004E+036
 1.00000000000000004E+036
 1.00000000000000004E+036
 1.00000000000000004E+036
 1.00000000000000004E+036
 1.00000000000000004E+036
 1.00000000000000004E+036
 1.00000000000000004E+036
 1.00000000000000004E+036
 1.00000000000000004E+036
 1.00000000000000004E+036
 1.00000000000000004E+036
 1.00000000000000004E+036
 1.00000000000000004E+036
 1.00000000000000004E+036
 1.00000000000000004E+036
 1.00000000000000004E+036
 1.00000000000000004E+036
 1.00000000000000004E+036
 1.00000000000000004E+036
 1.00000000000000004E+036
 1.00000000000000004E+036
 1.00000000000000004E+036
 1.00000000000000004E+036
 1.00000000000000004E+036
 1.00000000000000004E+036
 1.00000000000000004E+036
 1.00000000000000004E+036
 1.00000000000000004E+036
 1.00000000000000004E+036
 1.00000000000000004E+036
 1.00000000000000004E+036
 1.00000000000000004E+036
 1.00000000000000004E+036
 1.00000000000000004E+036
 1.00000000000000004E+036
 1.00000000000000004E+036
 1.00000000000000004E+036
 1.00000000000000004E+036
 1.40521699700462705E+002
 1.11845728359041686E+002
 9.77322373092158614E+001
 9.19253256478482399E+001
 9.07852936914675865E+001
 9.21502060056384380E+001
 9.45777311160475165E+001
 9.72298160857296807E+001
 9.95625761589212743E+001
 1.01261802092555854E+002
 1.02131538426921679E+002
 1.02103544868365589E+002
 1.01166397211765570E+002
 9.92952238843481609E+001
 9.66904925588205515E+001
 9.34496438087689967E+001
 8.96680608357464735E+001
 8.54804012624831557E+001
 8.10690750751787164E+001
 7.66482407851653988E+001
 7.24875696997264640E+001
 6.91052279242990153E+001
 6.60562823118962115E+001
 6.31612363943181663E+001
 6.03162292951483323E+001
 5.75408089964439569E+001
 5.48101383877619810E+001
 5.21019547478417735E+001
 4.94172115435196702E+001
 4.67598260875265623E+001
 4.41242276124610271E+001
 4.15028680951877504E+001
 3.89044391189561338E+001
 3.63265691607953158E+001
 3.37641762066741649E+001
 3.12211885627906440E+001
 2.86963001406465992E+001
 2.61868155835693415E+001
 2.36907410254524393E+001
 2.12107789545872265E+001
 1.87425500199102544E+001
 1.62864561398922660E+001
 1.38403464131245073E+001
 1.14037696084274103E+001
 8.97464522321899949E+000
 6.55135586535743641E+000
 1.00000000000000004E+036
 1.00000000000000004E+036
 1.00000000000000004E+036
 1.00000000000000004E+036
 1.00000000000000004E+036
 1.00000000000000004E+036
 1.00000000000000004E+036
 1.00000000000000004E+036
 1.00000000000000004E+036
 1.00000000000000004E+036
 1.00000000000000004E+036
 1.00000000000000004E+036
 1.00000000000000004E+036
 1.00000000000000004E+036
 1.00000000000000004E+036
 1.00000000000000004E+036
 1.00000000000000004E+036
 1.00000000000000004E+036
 1.00000000000000004E+036
 1.00000000000000004E+036
 1.00000000000000004E+036
 1.00000000000000004E+036
 1.00000000000000004E+036
 1.00000000000000004E+036
 1.00000000000000004E+036
 1.00000000000000004E+036
 1.00000000000000004E+036
 1.00000000000000004E+036
 1.00000000000000004E+036
 1.00000000000000004E+036
 1.00000000000000004E+036
 1.00000000000000004E+036
 1.00000000000000004E+036
 1.00000000000000004E+036
 1.00000000000000004E+036
 1.00000000000000004E+036
 1.00000000000000004E+036
 1.00000000000000004E+036
 1.00000000000000004E+036
 1.00000000000000004E+036
 1.00000000000000004E+036
 1.00000000000000004E+036
 1.00000000000000004E+036
 1.00000000000000004E+036
 1.00000000000000004E+036
 1.00000000000000004E+036
 1.00000000000000004E+036
 1.00000000000000004E+036
 1.00000000000000004E+036
 1.00000000000000004E+036
 1.00000000000000004E+036
 1.00000000000000004E+036
 1.00000000000000004E+036
 1.00000000000000004E+036
 1.31127866401923939E+002
 1.06806996836132157E+002
 9.44274085909889891E+001
 8.89973046964917103E+001
 8.76129745058576646E+001
 8.85127680335938294E+001
 9.06065874593573426E+001
 9.31344631655185822E+001
 9.55321784276241033E+001
 9.75541599015982683E+001
 9.89132073292284986E+001
 9.94919129631227861E+001
 9.92141195181709463E+001
 9.80447134681035095E+001
 9.60839036765642049E+001
 9.33755792436984393E+001
 8.99834053068896083E+001
 8.60008932473890582E+001
 8.15422259997335459E+001
 7.67356326597951011E+001
 7.21355534116105446E+001
 6.84102861568346725E+001
 6.50897912544965038E+001
 6.19915877479550090E+001
 5.90388953407705230E+001
 5.61915371817017331E+001
 5.34233915502204582E+001
 5.07063337741653868E+001
 4.80332457940185122E+001
 4.53985002579577213E+001
 4.28006619544073601E+001
 4.02391870733374617E+001
 3.77045519006510403E+001
 3.51965993799748276E+001
 3.27112624515916650E+001
 3.02496957335471279E+001
 2.78116705274793503E+001
 2.53926362971866411E+001
 2.29902049271422584E+001
 2.06032262420619645E+001
 1.82304028017978226E+001
 1.58701869979048524E+001
 1.35199385377635508E+001
 1.11776200399896197E+001
 8.84066987383562264E+000
 6.50755165028010651E+000
 1.00000000000000004E+036
 1.00000000000000004E+036
 1.00000000000000004E+036
 1.00000000000000004E+036
 1.00000000000000004E+036
 1.00000000000000004E+036
 1.00000000000000004E+036
 1.00000000000000004E+036
 1.00000000000000004E+036
 1.00000000000000004E+036
 1.00000000000000004E+036
 1.00000000000000004E+036
 1.00000000000000004E+036
 1.00000000000000004E+036
 1.00000000000000004E+036
 1.00000000000000004E+036
 1.00000000000000004E+036
 1.00000000000000004E+036
 1.00000000000000004E+036
 1.00000000000000004E+036
 1.00000000000000004E+036
 1.00000000000000004E+036
 1.00000000000000004E+036
 1.00000000000000004E+036
 1.00000000000000004E+036
 1.00000000000000004E+036
 1.00000000000000004E+036
 1.00000000000000004E+036
 1.00000000000000004E+036
 1.00000000000000004E+036
 1.00000000000000004E+036
 1.00000000000000004E+036
 1.00000000000000004E+036
 1.00000000000000004E+036
 1.00000000000000004E+036
 1.00000000000000004E+036
 1.00000000000000004E+036
 1.00000000000000004E+036
 1.00000000000000004E+036
 1.00000000000000004E+036
 1.00000000000000004E+036
 1.00000000000000004E+036
 1.00000000000000004E+036
 1.00000000000000004E+036
 1.00000000000000004E+036
 1.00000000000000004E+036
 1.00000000000000004E+036
 1.00000000000000004E+036
 1.00000000000000004E+036
 1.00000000000000004E+036
 1.00000000000000004E+036
 1.00000000000000004E+036
 1.00000000000000004E+036
 1.00000000000000004E+036
# INPUT: mlcanopy_inst__dh2ocan_profile(1,100,4)
 0.00000000000000000E+000
 0.00000000000000000E+000
 0.00000000000000000E+000
 0.00000000000000000E+000
 0.00000000000000000E+000
 0.00000000000000000E+000
 0.00000000000000000E+000
 0.00000000000000000E+000
 0.00000000000000000E+000
 0.00000000000000000E+000
 0.00000000000000000E+000
 0.00000000000000000E+000
 0.00000000000000000E+000
 0.00000000000000000E+000
 0.00000000000000000E+000
 0.00000000000000000E+000
 0.00000000000000000E+000
 0.00000000000000000E+000
 0.00000000000000000E+000
 0.00000000000000000E+000
 0.00000000000000000E+000
 0.00000000000000000E+000
 0.00000000000000000E+000
 0.00000000000000000E+000
 0.00000000000000000E+000
 0.00000000000000000E+000
 0.00000000000000000E+000
 0.00000000000000000E+000
 0.00000000000000000E+000
 0.00000000000000000E+000
 0.00000000000000000E+000
 0.00000000000000000E+000
 0.00000000000000000E+000
 0.00000000000000000E+000
 0.00000000000000000E+000
 0.00000000000000000E+000
 0.00000000000000000E+000
 0.00000000000000000E+000
 0.00000000000000000E+000
 0.00000000000000000E+000
 0.00000000000000000E+000
 0.00000000000000000E+000
 0.00000000000000000E+000
 0.00000000000000000E+000
 0.00000000000000000E+000
 0.00000000000000000E+000
 1.00000000000000004E+036
 1.00000000000000004E+036
 1.00000000000000004E+036
 1.00000000000000004E+036
 1.00000000000000004E+036
 1.00000000000000004E+036
 1.00000000000000004E+036
 1.00000000000000004E+036
 1.00000000000000004E+036
 1.00000000000000004E+036
 1.00000000000000004E+036
 1.00000000000000004E+036
 1.00000000000000004E+036
 1.00000000000000004E+036
 1.00000000000000004E+036
 1.00000000000000004E+036
 1.00000000000000004E+036
 1.00000000000000004E+036
 1.00000000000000004E+036
 1.00000000000000004E+036
 1.00000000000000004E+036
 1.00000000000000004E+036
 1.00000000000000004E+036
 1.00000000000000004E+036
 1.00000000000000004E+036
 1.00000000000000004E+036
 1.00000000000000004E+036
 1.00000000000000004E+036
 1.00000000000000004E+036
 1.00000000000000004E+036
 1.00000000000000004E+036
 1.00000000000000004E+036
 1.00000000000000004E+036
 1.00000000000000004E+036
 1.00000000000000004E+036
 1.00000000000000004E+036
 1.00000000000000004E+036
 1.00000000000000004E+036
 1.00000000000000004E+036
 1.00000000000000004E+036
 1.00000000000000004E+036
 1.00000000000000004E+036
 1.00000000000000004E+036
 1.00000000000000004E+036
 1.00000000000000004E+036
 1.00000000000000004E+036
 1.00000000000000004E+036
 1.00000000000000004E+036
 1.00000000000000004E+036
 1.00000000000000004E+036
 1.00000000000000004E+036
 1.00000000000000004E+036
 1.00000000000000004E+036
 1.00000000000000004E+036
 0.00000000000000000E+000
 0.00000000000000000E+000
 0.00000000000000000E+000
 0.00000000000000000E+000
 0.00000000000000000E+000
 0.00000000000000000E+000
 0.00000000000000000E+000
 0.00000000000000000E+000
 0.00000000000000000E+000
 0.00000000000000000E+000
 0.00000000000000000E+000
 0.00000000000000000E+000
 0.00000000000000000E+000
 0.00000000000000000E+000
 0.00000000000000000E+000
 0.00000000000000000E+000
 0.00000000000000000E+000
 0.00000000000000000E+000
 0.00000000000000000E+000
 0.00000000000000000E+000
 0.00000000000000000E+000
 0.00000000000000000E+000
 0.00000000000000000E+000
 0.00000000000000000E+000
 0.00000000000000000E+000
 0.00000000000000000E+000
 0.00000000000000000E+000
 0.00000000000000000E+000
 0.00000000000000000E+000
 0.00000000000000000E+000
 0.00000000000000000E+000
 0.00000000000000000E+000
 0.00000000000000000E+000
 0.00000000000000000E+000
 0.00000000000000000E+000
 0.00000000000000000E+000
 0.00000000000000000E+000
 0.00000000000000000E+000
 0.00000000000000000E+000
 0.00000000000000000E+000
 0.00000000000000000E+000
 0.00000000000000000E+000
 0.00000000000000000E+000
 0.00000000000000000E+000
 0.00000000000000000E+000
 0.00000000000000000E+000
 1.00000000000000004E+036
 1.00000000000000004E+036
 1.00000000000000004E+036
 1.00000000000000004E+036
 1.00000000000000004E+036
 1.00000000000000004E+036
 1.00000000000000004E+036
 1.00000000000000004E+036
 1.00000000000000004E+036
 1.00000000000000004E+036
 1.00000000000000004E+036
 1.00000000000000004E+036
 1.00000000000000004E+036
 1.00000000000000004E+036
 1.00000000000000004E+036
 1.00000000000000004E+036
 1.00000000000000004E+036
 1.00000000000000004E+036
 1.00000000000000004E+036
 1.00000000000000004E+036
 1.00000000000000004E+036
 1.00000000000000004E+036
 1.00000000000000004E+036
 1.00000000000000004E+036
 1.00000000000000004E+036
 1.00000000000000004E+036
 1.00000000000000004E+036
 1.00000000000000004E+036
 1.00000000000000004E+036
 1.00000000000000004E+036
 1.00000000000000004E+036
 1.00000000000000004E+036
 1.00000000000000004E+036
 1.00000000000000004E+036
 1.00000000000000004E+036
 1.00000000000000004E+036
 1.00000000000000004E+036
 1.00000000000000004E+036
 1.00000000000000004E+036
 1.00000000000000004E+036
 1.00000000000000004E+036
 1.00000000000000004E+036
 1.00000000000000004E+036
 1.00000000000000004E+036
 1.00000000000000004E+036
 1.00000000000000004E+036
 1.00000000000000004E+036
 1.00000000000000004E+036
 1.00000000000000004E+036
 1.00000000000000004E+036
 1.00000000000000004E+036
 1.00000000000000004E+036
 1.00000000000000004E+036
 1.00000000000000004E+036
 0.00000000000000000E+000
 0.00000000000000000E+000
 0.00000000000000000E+000
 0.00000000000000000E+000
 0.00000000000000000E+000
 0.00000000000000000E+000
 0.00000000000000000E+000
 0.00000000000000000E+000
 0.00000000000000000E+000
 0.00000000000000000E+000
 0.00000000000000000E+000
 0.00000000000000000E+000
 0.00000000000000000E+000
 0.00000000000000000E+000
 0.00000000000000000E+000
 0.00000000000000000E+000
 0.00000000000000000E+000
 0.00000000000000000E+000
 0.00000000000000000E+000
 0.00000000000000000E+000
 0.00000000000000000E+000
 0.00000000000000000E+000
 0.00000000000000000E+000
 0.00000000000000000E+000
 0.00000000000000000E+000
 0.00000000000000000E+000
 0.00000000000000000E+000
 0.00000000000000000E+000
 0.00000000000000000E+000
 0.00000000000000000E+000
 0.00000000000000000E+000
 0.00000000000000000E+000
 0.00000000000000000E+000
 0.00000000000000000E+000
 0.00000000000000000E+000
 0.00000000000000000E+000
 0.00000000000000000E+000
 0.00000000000000000E+000
 0.00000000000000000E+000
 0.00000000000000000E+000
 0.00000000000000000E+000
 0.00000000000000000E+000
 0.00000000000000000E+000
 0.00000000000000000E+000
 0.00000000000000000E+000
 0.00000000000000000E+000
 1.00000000000000004E+036
 1.00000000000000004E+036
 1.00000000000000004E+036
 1.00000000000000004E+036
 1.00000000000000004E+036
 1.00000000000000004E+036
 1.00000000000000004E+036
 1.00000000000000004E+036
 1.00000000000000004E+036
 1.00000000000000004E+036
 1.00000000000000004E+036
 1.00000000000000004E+036
 1.00000000000000004E+036
 1.00000000000000004E+036
 1.00000000000000004E+036
 1.00000000000000004E+036
 1.00000000000000004E+036
 1.00000000000000004E+036
 1.00000000000000004E+036
 1.00000000000000004E+036
 1.00000000000000004E+036
 1.00000000000000004E+036
 1.00000000000000004E+036
 1.00000000000000004E+036
 1.00000000000000004E+036
 1.00000000000000004E+036
 1.00000000000000004E+036
 1.00000000000000004E+036
 1.00000000000000004E+036
 1.00000000000000004E+036
 1.00000000000000004E+036
 1.00000000000000004E+036
 1.00000000000000004E+036
 1.00000000000000004E+036
 1.00000000000000004E+036
 1.00000000000000004E+036
 1.00000000000000004E+036
 1.00000000000000004E+036
 1.00000000000000004E+036
 1.00000000000000004E+036
 1.00000000000000004E+036
 1.00000000000000004E+036
 1.00000000000000004E+036
 1.00000000000000004E+036
 1.00000000000000004E+036
 1.00000000000000004E+036
 1.00000000000000004E+036
 1.00000000000000004E+036
 1.00000000000000004E+036
 1.00000000000000004E+036
 1.00000000000000004E+036
 1.00000000000000004E+036
 1.00000000000000004E+036
 1.00000000000000004E+036
 0.00000000000000000E+000
 0.00000000000000000E+000
 0.00000000000000000E+000
 0.00000000000000000E+000
 0.00000000000000000E+000
 0.00000000000000000E+000
 0.00000000000000000E+000
 0.00000000000000000E+000
 0.00000000000000000E+000
 0.00000000000000000E+000
 0.00000000000000000E+000
 0.00000000000000000E+000
 0.00000000000000000E+000
 0.00000000000000000E+000
 0.00000000000000000E+000
 0.00000000000000000E+000
 0.00000000000000000E+000
 0.00000000000000000E+000
 0.00000000000000000E+000
 0.00000000000000000E+000
 0.00000000000000000E+000
 0.00000000000000000E+000
 0.00000000000000000E+000
 0.00000000000000000E+000
 0.00000000000000000E+000
 0.00000000000000000E+000
 0.00000000000000000E+000
 0.00000000000000000E+000
 0.00000000000000000E+000
 0.00000000000000000E+000
 0.00000000000000000E+000
 0.00000000000000000E+000
 0.00000000000000000E+000
 0.00000000000000000E+000
 0.00000000000000000E+000
 0.00000000000000000E+000
 0.00000000000000000E+000
 0.00000000000000000E+000
 0.00000000000000000E+000
 0.00000000000000000E+000
 0.00000000000000000E+000
 0.00000000000000000E+000
 0.00000000000000000E+000
 0.00000000000000000E+000
 0.00000000000000000E+000
 0.00000000000000000E+000
 1.00000000000000004E+036
 1.00000000000000004E+036
 1.00000000000000004E+036
 1.00000000000000004E+036
 1.00000000000000004E+036
 1.00000000000000004E+036
 1.00000000000000004E+036
 1.00000000000000004E+036
 1.00000000000000004E+036
 1.00000000000000004E+036
 1.00000000000000004E+036
 1.00000000000000004E+036
 1.00000000000000004E+036
 1.00000000000000004E+036
 1.00000000000000004E+036
 1.00000000000000004E+036
 1.00000000000000004E+036
 1.00000000000000004E+036
 1.00000000000000004E+036
 1.00000000000000004E+036
 1.00000000000000004E+036
 1.00000000000000004E+036
 1.00000000000000004E+036
 1.00000000000000004E+036
 1.00000000000000004E+036
 1.00000000000000004E+036
 1.00000000000000004E+036
 1.00000000000000004E+036
 1.00000000000000004E+036
 1.00000000000000004E+036
 1.00000000000000004E+036
 1.00000000000000004E+036
 1.00000000000000004E+036
 1.00000000000000004E+036
 1.00000000000000004E+036
 1.00000000000000004E+036
 1.00000000000000004E+036
 1.00000000000000004E+036
 1.00000000000000004E+036
 1.00000000000000004E+036
 1.00000000000000004E+036
 1.00000000000000004E+036
 1.00000000000000004E+036
 1.00000000000000004E+036
 1.00000000000000004E+036
 1.00000000000000004E+036
 1.00000000000000004E+036
 1.00000000000000004E+036
 1.00000000000000004E+036
 1.00000000000000004E+036
 1.00000000000000004E+036
 1.00000000000000004E+036
 1.00000000000000004E+036
 1.00000000000000004E+036
# INPUT: mlcanopy_inst__dlwp_leaf(1,100,2,4)
 0.00000000000000000E+000
-6.64829257036480548E-002
-7.98801608406518593E-002
-8.76276541299676470E-002
-9.17895349836863605E-002
-9.35036573754142175E-002
-9.47397522102556566E-002
-9.56449166045021393E-002
-9.45088425953176658E-002
-9.27835374145042913E-002
-8.94004412855797792E-002
-8.40523261207553052E-002
-7.67170534452505937E-002
-6.25865059818568881E-002
-5.09803318119754767E-002
-3.55789242699187103E-002
-1.68451027280149823E-002
 2.79332802234044664E-003
 1.87726377073038631E-002
 3.13440458147871137E-002
 0.00000000000000000E+000
 0.00000000000000000E+000
 0.00000000000000000E+000
 0.00000000000000000E+000
 0.00000000000000000E+000
 0.00000000000000000E+000
 0.00000000000000000E+000
 0.00000000000000000E+000
 0.00000000000000000E+000
 0.00000000000000000E+000
 0.00000000000000000E+000
 0.00000000000000000E+000
 0.00000000000000000E+000
 0.00000000000000000E+000
 0.00000000000000000E+000
 0.00000000000000000E+000
 0.00000000000000000E+000
 0.00000000000000000E+000
 0.00000000000000000E+000
 0.00000000000000000E+000
 0.00000000000000000E+000
 0.00000000000000000E+000
 0.00000000000000000E+000
 0.00000000000000000E+000
 0.00000000000000000E+000
 0.00000000000000000E+000
 1.00000000000000004E+036
 1.00000000000000004E+036
 1.00000000000000004E+036
 1.00000000000000004E+036
 1.00000000000000004E+036
 1.00000000000000004E+036
 1.00000000000000004E+036
 1.00000000000000004E+036
 1.00000000000000004E+036
 1.00000000000000004E+036
 1.00000000000000004E+036
 1.00000000000000004E+036
 1.00000000000000004E+036
 1.00000000000000004E+036
 1.00000000000000004E+036
 1.00000000000000004E+036
 1.00000000000000004E+036
 1.00000000000000004E+036
 1.00000000000000004E+036
 1.00000000000000004E+036
 1.00000000000000004E+036
 1.00000000000000004E+036
 1.00000000000000004E+036
 1.00000000000000004E+036
 1.00000000000000004E+036
 1.00000000000000004E+036
 1.00000000000000004E+036
 1.00000000000000004E+036
 1.00000000000000004E+036
 1.00000000000000004E+036
 1.00000000000000004E+036
 1.00000000000000004E+036
 1.00000000000000004E+036
 1.00000000000000004E+036
 1.00000000000000004E+036
 1.00000000000000004E+036
 1.00000000000000004E+036
 1.00000000000000004E+036
 1.00000000000000004E+036
 1.00000000000000004E+036
 1.00000000000000004E+036
 1.00000000000000004E+036
 1.00000000000000004E+036
 1.00000000000000004E+036
 1.00000000000000004E+036
 1.00000000000000004E+036
 1.00000000000000004E+036
 1.00000000000000004E+036
 1.00000000000000004E+036
 1.00000000000000004E+036
 1.00000000000000004E+036
 1.00000000000000004E+036
 1.00000000000000004E+036
 1.00000000000000004E+036
 0.00000000000000000E+000
 9.01913397452708265E-003
 1.18310896562948686E-002
 1.40685606946900910E-002
 1.63235625034267584E-002
 1.87540162928899190E-002
 2.13003464721415736E-002
 2.37956963687426248E-002
 2.67217161289138305E-002
 3.18661890579367557E-002
 3.74984836315092052E-002
 4.39964502715742278E-002
 5.19095532569361362E-002
 6.16638994839235899E-002
 7.62754720955096666E-002
 9.24061734409149516E-002
 1.10790344311035849E-001
 1.29927207903754005E-001
 1.44269588346690014E-001
 1.50432513409140212E-001
 0.00000000000000000E+000
 0.00000000000000000E+000
 0.00000000000000000E+000
 0.00000000000000000E+000
 0.00000000000000000E+000
 0.00000000000000000E+000
 0.00000000000000000E+000
 0.00000000000000000E+000
 0.00000000000000000E+000
 0.00000000000000000E+000
 0.00000000000000000E+000
 0.00000000000000000E+000
 0.00000000000000000E+000
 0.00000000000000000E+000
 0.00000000000000000E+000
 0.00000000000000000E+000
 0.00000000000000000E+000
 0.00000000000000000E+000
 0.00000000000000000E+000
 0.00000000000000000E+000
 0.00000000000000000E+000
 0.00000000000000000E+000
 0.00000000000000000E+000
 0.00000000000000000E+000
 0.00000000000000000E+000
 0.00000000000000000E+000
 1.00000000000000004E+036
 1.00000000000000004E+036
 1.00000000000000004E+036
 1.00000000000000004E+036
 1.00000000000000004E+036
 1.00000000000000004E+036
 1.00000000000000004E+036
 1.00000000000000004E+036
 1.00000000000000004E+036
 1.00000000000000004E+036
 1.00000000000000004E+036
 1.00000000000000004E+036
 1.00000000000000004E+036
 1.00000000000000004E+036
 1.00000000000000004E+036
 1.00000000000000004E+036
 1.00000000000000004E+036
 1.00000000000000004E+036
 1.00000000000000004E+036
 1.00000000000000004E+036
 1.00000000000000004E+036
 1.00000000000000004E+036
 1.00000000000000004E+036
 1.00000000000000004E+036
 1.00000000000000004E+036
 1.00000000000000004E+036
 1.00000000000000004E+036
 1.00000000000000004E+036
 1.00000000000000004E+036
 1.00000000000000004E+036
 1.00000000000000004E+036
 1.00000000000000004E+036
 1.00000000000000004E+036
 1.00000000000000004E+036
 1.00000000000000004E+036
 1.00000000000000004E+036
 1.00000000000000004E+036
 1.00000000000000004E+036
 1.00000000000000004E+036
 1.00000000000000004E+036
 1.00000000000000004E+036
 1.00000000000000004E+036
 1.00000000000000004E+036
 1.00000000000000004E+036
 1.00000000000000004E+036
 1.00000000000000004E+036
 1.00000000000000004E+036
 1.00000000000000004E+036
 1.00000000000000004E+036
 1.00000000000000004E+036
 1.00000000000000004E+036
 1.00000000000000004E+036
 1.00000000000000004E+036
 1.00000000000000004E+036
 0.00000000000000000E+000
-6.74701062725667211E-002
-8.14196037407411977E-002
-8.90658230965628572E-002
-9.34156199363869177E-002
-9.42432923188627480E-002
-9.44563656409026509E-002
-9.47929462117166333E-002
-9.35346888661412468E-002
-9.13964574268782970E-002
-8.74461001730073573E-002
-8.18041142510850250E-002
-7.51105131334993681E-002
-5.84322254083246007E-002
-4.60137748614746211E-002
-3.05247129618362312E-002
-1.15536110294920391E-002
 8.53208147791839622E-003
 2.39408936831027042E-002
 3.07486838437971421E-002
 0.00000000000000000E+000
 0.00000000000000000E+000
 0.00000000000000000E+000
 0.00000000000000000E+000
 0.00000000000000000E+000
 0.00000000000000000E+000
 0.00000000000000000E+000
 0.00000000000000000E+000
 0.00000000000000000E+000
 0.00000000000000000E+000
 0.00000000000000000E+000
 0.00000000000000000E+000
 0.00000000000000000E+000
 0.00000000000000000E+000
 0.00000000000000000E+000
 0.00000000000000000E+000
 0.00000000000000000E+000
 0.00000000000000000E+000
 0.00000000000000000E+000
 0.00000000000000000E+000
 0.00000000000000000E+000
 0.00000000000000000E+000
 0.00000000000000000E+000
 0.00000000000000000E+000
 0.00000000000000000E+000
 0.00000000000000000E+000
 1.00000000000000004E+036
 1.00000000000000004E+036
 1.00000000000000004E+036
 1.00000000000000004E+036
 1.00000000000000004E+036
 1.00000000000000004E+036
 1.00000000000000004E+036
 1.00000000000000004E+036
 1.00000000000000004E+036
 1.00000000000000004E+036
 1.00000000000000004E+036
 1.00000000000000004E+036
 1.00000000000000004E+036
 1.00000000000000004E+036
 1.00000000000000004E+036
 1.00000000000000004E+036
 1.00000000000000004E+036
 1.00000000000000004E+036
 1.00000000000000004E+036
 1.00000000000000004E+036
 1.00000000000000004E+036
 1.00000000000000004E+036
 1.00000000000000004E+036
 1.00000000000000004E+036
 1.00000000000000004E+036
 1.00000000000000004E+036
 1.00000000000000004E+036
 1.00000000000000004E+036
 1.00000000000000004E+036
 1.00000000000000004E+036
 1.00000000000000004E+036
 1.00000000000000004E+036
 1.00000000000000004E+036
 1.00000000000000004E+036
 1.00000000000000004E+036
 1.00000000000000004E+036
 1.00000000000000004E+036
 1.00000000000000004E+036
 1.00000000000000004E+036
 1.00000000000000004E+036
 1.00000000000000004E+036
 1.00000000000000004E+036
 1.00000000000000004E+036
 1.00000000000000004E+036
 1.00000000000000004E+036
 1.00000000000000004E+036
 1.00000000000000004E+036
 1.00000000000000004E+036
 1.00000000000000004E+036
 1.00000000000000004E+036
 1.00000000000000004E+036
 1.00000000000000004E+036
 1.00000000000000004E+036
 1.00000000000000004E+036
 0.00000000000000000E+000
 8.09484864300075158E-003
 1.18279819913683637E-002
 1.40703929397004712E-002
 1.64364476731614917E-002
 1.75824572013014713E-002
 2.16319441151952008E-002
 2.29359903899609141E-002
 2.72684539247997626E-002
 3.13412138398800333E-002
 3.72136201715220771E-002
 4.40792088293662232E-002
 5.23674605027139028E-002
 6.26182549798400823E-002
 7.66707667316234298E-002
 9.34880091754650699E-002
 1.12602609479200755E-001
 1.32479745440220897E-001
 1.46527700806485583E-001
 1.52901726706414998E-001
 0.00000000000000000E+000
 0.00000000000000000E+000
 0.00000000000000000E+000
 0.00000000000000000E+000
 0.00000000000000000E+000
 0.00000000000000000E+000
 0.00000000000000000E+000
 0.00000000000000000E+000
 0.00000000000000000E+000
 0.00000000000000000E+000
 0.00000000000000000E+000
 0.00000000000000000E+000
 0.00000000000000000E+000
 0.00000000000000000E+000
 0.00000000000000000E+000
 0.00000000000000000E+000
 0.00000000000000000E+000
 0.00000000000000000E+000
 0.00000000000000000E+000
 0.00000000000000000E+000
 0.00000000000000000E+000
 0.00000000000000000E+000
 0.00000000000000000E+000
 0.00000000000000000E+000
 0.00000000000000000E+000
 0.00000000000000000E+000
 1.00000000000000004E+036
 1.00000000000000004E+036
 1.00000000000000004E+036
 1.00000000000000004E+036
 1.00000000000000004E+036
 1.00000000000000004E+036
 1.00000000000000004E+036
 1.00000000000000004E+036
 1.00000000000000004E+036
 1.00000000000000004E+036
 1.00000000000000004E+036
 1.00000000000000004E+036
 1.00000000000000004E+036
 1.00000000000000004E+036
 1.00000000000000004E+036
 1.00000000000000004E+036
 1.00000000000000004E+036
 1.00000000000000004E+036
 1.00000000000000004E+036
 1.00000000000000004E+036
 1.00000000000000004E+036
 1.00000000000000004E+036
 1.00000000000000004E+036
 1.00000000000000004E+036
 1.00000000000000004E+036
 1.00000000000000004E+036
 1.00000000000000004E+036
 1.00000000000000004E+036
 1.00000000000000004E+036
 1.00000000000000004E+036
 1.00000000000000004E+036
 1.00000000000000004E+036
 1.00000000000000004E+036
 1.00000000000000004E+036
 1.00000000000000004E+036
 1.00000000000000004E+036
 1.00000000000000004E+036
 1.00000000000000004E+036
 1.00000000000000004E+036
 1.00000000000000004E+036
 1.00000000000000004E+036
 1.00000000000000004E+036
 1.00000000000000004E+036
 1.00000000000000004E+036
 1.00000000000000004E+036
 1.00000000000000004E+036
 1.00000000000000004E+036
 1.00000000000000004E+036
 1.00000000000000004E+036
 1.00000000000000004E+036
 1.00000000000000004E+036
 1.00000000000000004E+036
 1.00000000000000004E+036
 1.00000000000000004E+036
 0.00000000000000000E+000
-6.74302273319514756E-002
-8.13412097961309088E-002
-8.93961147846207282E-002
-9.32599174601962400E-002
-9.41974169819747020E-002
-9.39050214761755209E-002
-9.42973049541711017E-002
-9.31274536832817912E-002
-9.07111835950719092E-002
-8.70059871634267790E-002
-8.13269336761648365E-002
-7.50106772020771029E-002
-5.74601497731256350E-002
-4.49910788813074891E-002
-2.94088452437863968E-002
-1.03651784954130743E-002
 9.75346039763391737E-003
 2.50224176252034081E-002
 3.12663149751537528E-002
 0.00000000000000000E+000
 0.00000000000000000E+000
 0.00000000000000000E+000
 0.00000000000000000E+000
 0.00000000000000000E+000
 0.00000000000000000E+000
 0.00000000000000000E+000
 0.00000000000000000E+000
 0.00000000000000000E+000
 0.00000000000000000E+000
 0.00000000000000000E+000
 0.00000000000000000E+000
 0.00000000000000000E+000
 0.00000000000000000E+000
 0.00000000000000000E+000
 0.00000000000000000E+000
 0.00000000000000000E+000
 0.00000000000000000E+000
 0.00000000000000000E+000
 0.00000000000000000E+000
 0.00000000000000000E+000
 0.00000000000000000E+000
 0.00000000000000000E+000
 0.00000000000000000E+000
 0.00000000000000000E+000
 0.00000000000000000E+000
 1.00000000000000004E+036
 1.00000000000000004E+036
 1.00000000000000004E+036
 1.00000000000000004E+036
 1.00000000000000004E+036
 1.00000000000000004E+036
 1.00000000000000004E+036
 1.00000000000000004E+036
 1.00000000000000004E+036
 1.00000000000000004E+036
 1.00000000000000004E+036
 1.00000000000000004E+036
 1.00000000000000004E+036
 1.00000000000000004E+036
 1.00000000000000004E+036
 1.00000000000000004E+036
 1.00000000000000004E+036
 1.00000000000000004E+036
 1.00000000000000004E+036
 1.00000000000000004E+036
 1.00000000000000004E+036
 1.00000000000000004E+036
 1.00000000000000004E+036
 1.00000000000000004E+036
 1.00000000000000004E+036
 1.00000000000000004E+036
 1.00000000000000004E+036
 1.00000000000000004E+036
 1.00000000000000004E+036
 1.00000000000000004E+036
 1.00000000000000004E+036
 1.00000000000000004E+036
 1.00000000000000004E+036
 1.00000000000000004E+036
 1.00000000000000004E+036
 1.00000000000000004E+036
 1.00000000000000004E+036
 1.00000000000000004E+036
 1.00000000000000004E+036
 1.00000000000000004E+036
 1.00000000000000004E+036
 1.00000000000000004E+036
 1.00000000000000004E+036
 1.00000000000000004E+036
 1.00000000000000004E+036
 1.00000000000000004E+036
 1.00000000000000004E+036
 1.00000000000000004E+036
 1.00000000000000004E+036
 1.00000000000000004E+036
 1.00000000000000004E+036
 1.00000000000000004E+036
 1.00000000000000004E+036
 1.00000000000000004E+036
 0.00000000000000000E+000
 8.10658908936512379E-003
 1.18433729988295378E-002
 1.40879588007585266E-002
 1.63133436355742401E-002
 1.75870701072372015E-002
 2.04870698157213482E-002
 2.30374280599745518E-002
 2.74429802633711639E-002
 3.15071016666526038E-002
 3.74261082119305977E-002
 4.43531172826787112E-002
 5.15309047323612157E-002
 6.30855885765737590E-002
 7.72249053516103068E-002
 9.31376250633044744E-002
 1.12445825148691170E-001
 1.32515203817751726E-001
 1.46708416799508745E-001
 1.53039364538709588E-001
 0.00000000000000000E+000
 0.00000000000000000E+000
 0.00000000000000000E+000
 0.00000000000000000E+000
 0.00000000000000000E+000
 0.00000000000000000E+000
 0.00000000000000000E+000
 0.00000000000000000E+000
 0.00000000000000000E+000
 0.00000000000000000E+000
 0.00000000000000000E+000
 0.00000000000000000E+000
 0.00000000000000000E+000
 0.00000000000000000E+000
 0.00000000000000000E+000
 0.00000000000000000E+000
 0.00000000000000000E+000
 0.00000000000000000E+000
 0.00000000000000000E+000
 0.00000000000000000E+000
 0.00000000000000000E+000
 0.00000000000000000E+000
 0.00000000000000000E+000
 0.00000000000000000E+000
 0.00000000000000000E+000
 0.00000000000000000E+000
 1.00000000000000004E+036
 1.00000000000000004E+036
 1.00000000000000004E+036
 1.00000000000000004E+036
 1.00000000000000004E+036
 1.00000000000000004E+036
 1.00000000000000004E+036
 1.00000000000000004E+036
 1.00000000000000004E+036
 1.00000000000000004E+036
 1.00000000000000004E+036
 1.00000000000000004E+036
 1.00000000000000004E+036
 1.00000000000000004E+036
 1.00000000000000004E+036
 1.00000000000000004E+036
 1.00000000000000004E+036
 1.00000000000000004E+036
 1.00000000000000004E+036
 1.00000000000000004E+036
 1.00000000000000004E+036
 1.00000000000000004E+036
 1.00000000000000004E+036
 1.00000000000000004E+036
 1.00000000000000004E+036
 1.00000000000000004E+036
 1.00000000000000004E+036
 1.00000000000000004E+036
 1.00000000000000004E+036
 1.00000000000000004E+036
 1.00000000000000004E+036
 1.00000000000000004E+036
 1.00000000000000004E+036
 1.00000000000000004E+036
 1.00000000000000004E+036
 1.00000000000000004E+036
 1.00000000000000004E+036
 1.00000000000000004E+036
 1.00000000000000004E+036
 1.00000000000000004E+036
 1.00000000000000004E+036
 1.00000000000000004E+036
 1.00000000000000004E+036
 1.00000000000000004E+036
 1.00000000000000004E+036
 1.00000000000000004E+036
 1.00000000000000004E+036
 1.00000000000000004E+036
 1.00000000000000004E+036
 1.00000000000000004E+036
 1.00000000000000004E+036
 1.00000000000000004E+036
 1.00000000000000004E+036
 1.00000000000000004E+036
 0.00000000000000000E+000
-1.24819062847252471E-001
-1.53819274849988974E-001
-1.70704204807923365E-001
-1.82043173340000530E-001
-1.91334883435760772E-001
-1.96694905592269320E-001
-2.02064670679097835E-001
-2.03761281795229898E-001
-2.03474865952983697E-001
-2.00916875085622282E-001
-1.94572545025836541E-001
-1.83532844229604031E-001
-1.61840980820308178E-001
-1.43468391319775623E-001
-1.19170615087077270E-001
-8.85416690247202709E-002
-5.53418845758868461E-002
-2.89471006467669767E-002
-1.21888782301571297E-004
 0.00000000000000000E+000
 0.00000000000000000E+000
 0.00000000000000000E+000
 0.00000000000000000E+000
 0.00000000000000000E+000
 0.00000000000000000E+000
 0.00000000000000000E+000
 0.00000000000000000E+000
 0.00000000000000000E+000
 0.00000000000000000E+000
 0.00000000000000000E+000
 0.00000000000000000E+000
 0.00000000000000000E+000
 0.00000000000000000E+000
 0.00000000000000000E+000
 0.00000000000000000E+000
 0.00000000000000000E+000
 0.00000000000000000E+000
 0.00000000000000000E+000
 0.00000000000000000E+000
 0.00000000000000000E+000
 0.00000000000000000E+000
 0.00000000000000000E+000
 0.00000000000000000E+000
 0.00000000000000000E+000
 0.00000000000000000E+000
 1.00000000000000004E+036
 1.00000000000000004E+036
 1.00000000000000004E+036
 1.00000000000000004E+036
 1.00000000000000004E+036
 1.00000000000000004E+036
 1.00000000000000004E+036
 1.00000000000000004E+036
 1.00000000000000004E+036
 1.00000000000000004E+036
 1.00000000000000004E+036
 1.00000000000000004E+036
 1.00000000000000004E+036
 1.00000000000000004E+036
 1.00000000000000004E+036
 1.00000000000000004E+036
 1.00000000000000004E+036
 1.00000000000000004E+036
 1.00000000000000004E+036
 1.00000000000000004E+036
 1.00000000000000004E+036
 1.00000000000000004E+036
 1.00000000000000004E+036
 1.00000000000000004E+036
 1.00000000000000004E+036
 1.00000000000000004E+036
 1.00000000000000004E+036
 1.00000000000000004E+036
 1.00000000000000004E+036
 1.00000000000000004E+036
 1.00000000000000004E+036
 1.00000000000000004E+036
 1.00000000000000004E+036
 1.00000000000000004E+036
 1.00000000000000004E+036
 1.00000000000000004E+036
 1.00000000000000004E+036
 1.00000000000000004E+036
 1.00000000000000004E+036
 1.00000000000000004E+036
 1.00000000000000004E+036
 1.00000000000000004E+036
 1.00000000000000004E+036
 1.00000000000000004E+036
 1.00000000000000004E+036
 1.00000000000000004E+036
 1.00000000000000004E+036
 1.00000000000000004E+036
 1.00000000000000004E+036
 1.00000000000000004E+036
 1.00000000000000004E+036
 1.00000000000000004E+036
 1.00000000000000004E+036
 1.00000000000000004E+036
 0.00000000000000000E+000
 1.26604337631446850E-002
 1.68890727380784922E-002
 2.02776234326375038E-002
 2.34736289262245656E-002
 2.75251972057233285E-002
 3.15174725943186962E-002
 3.52463156011731393E-002
 4.21928161173193983E-002
 4.80438071929704669E-002
 5.71527615151805057E-002
 6.75987228749529434E-002
 8.01554215727308117E-002
 9.77723924164328739E-002
 1.19569263769939815E-001
 1.45870895209097018E-001
 1.76674295194485853E-001
 2.08545540817141939E-001
 2.30459943219544883E-001
 2.38477605269031834E-001
 0.00000000000000000E+000
 0.00000000000000000E+000
 0.00000000000000000E+000
 0.00000000000000000E+000
 0.00000000000000000E+000
 0.00000000000000000E+000
 0.00000000000000000E+000
 0.00000000000000000E+000
 0.00000000000000000E+000
 0.00000000000000000E+000
 0.00000000000000000E+000
 0.00000000000000000E+000
 0.00000000000000000E+000
 0.00000000000000000E+000
 0.00000000000000000E+000
 0.00000000000000000E+000
 0.00000000000000000E+000
 0.00000000000000000E+000
 0.00000000000000000E+000
 0.00000000000000000E+000
 0.00000000000000000E+000
 0.00000000000000000E+000
 0.00000000000000000E+000
 0.00000000000000000E+000
 0.00000000000000000E+000
 0.00000000000000000E+000
 1.00000000000000004E+036
 1.00000000000000004E+036
 1.00000000000000004E+036
 1.00000000000000004E+036
 1.00000000000000004E+036
 1.00000000000000004E+036
 1.00000000000000004E+036
 1.00000000000000004E+036
 1.00000000000000004E+036
 1.00000000000000004E+036
 1.00000000000000004E+036
 1.00000000000000004E+036
 1.00000000000000004E+036
 1.00000000000000004E+036
 1.00000000000000004E+036
 1.00000000000000004E+036
 1.00000000000000004E+036
 1.00000000000000004E+036
 1.00000000000000004E+036
 1.00000000000000004E+036
 1.00000000000000004E+036
 1.00000000000000004E+036
 1.00000000000000004E+036
 1.00000000000000004E+036
 1.00000000000000004E+036
 1.00000000000000004E+036
 1.00000000000000004E+036
 1.00000000000000004E+036
 1.00000000000000004E+036
 1.00000000000000004E+036
 1.00000000000000004E+036
 1.00000000000000004E+036
 1.00000000000000004E+036
 1.00000000000000004E+036
 1.00000000000000004E+036
 1.00000000000000004E+036
 1.00000000000000004E+036
 1.00000000000000004E+036
 1.00000000000000004E+036
 1.00000000000000004E+036
 1.00000000000000004E+036
 1.00000000000000004E+036
 1.00000000000000004E+036
 1.00000000000000004E+036
 1.00000000000000004E+036
 1.00000000000000004E+036
 1.00000000000000004E+036
 1.00000000000000004E+036
 1.00000000000000004E+036
 1.00000000000000004E+036
 1.00000000000000004E+036
 1.00000000000000004E+036
 1.00000000000000004E+036
 1.00000000000000004E+036
# INPUT: mlcanopy_inst__dtair_profile(1,100,4)
-1.04435370253668225E-002
-3.89198173767795197E-002
-6.59095355016461326E-002
-9.14938261794304708E-002
-1.15692741319321613E-001
-1.38546252806179382E-001
-1.59932234855432398E-001
-1.80077645320068314E-001
-1.98498219542443621E-001
-2.13771452913931626E-001
-2.27167352297840353E-001
-2.38483887693575980E-001
-2.47978843198666254E-001
-2.55052874135003549E-001
-2.59169806864633756E-001
-2.60888878138757718E-001
-2.60273583877733472E-001
-2.57214367599658544E-001
-2.52011545079255939E-001
-2.45092552445441925E-001
-2.37190509398487848E-001
-2.30497390842458572E-001
-2.24236796511604553E-001
-2.18094875629105900E-001
-2.11951483948439545E-001
-2.05761560780047148E-001
-1.99463476906373671E-001
-1.93090683420734877E-001
-1.86664563634792557E-001
-1.80184367048070726E-001
-1.73651310696811834E-001
-1.67075803849797921E-001
-1.60444066218531134E-001
-1.53785805096219974E-001
-1.47109204282742212E-001
-1.40421878021015800E-001
-1.33725457147306770E-001
-1.27022177557023497E-001
-1.20312910291943354E-001
-1.13614925900947128E-001
-1.06925051140535743E-001
-1.00251407220753208E-001
-9.35967306853626724E-002
-8.69639788116955970E-002
-8.03534359340574156E-002
-7.37718812709999838E-002
 1.00000000000000004E+036
 1.00000000000000004E+036
 1.00000000000000004E+036
 1.00000000000000004E+036
 1.00000000000000004E+036
 1.00000000000000004E+036
 1.00000000000000004E+036
 1.00000000000000004E+036
 1.00000000000000004E+036
 1.00000000000000004E+036
 1.00000000000000004E+036
 1.00000000000000004E+036
 1.00000000000000004E+036
 1.00000000000000004E+036
 1.00000000000000004E+036
 1.00000000000000004E+036
 1.00000000000000004E+036
 1.00000000000000004E+036
 1.00000000000000004E+036
 1.00000000000000004E+036
 1.00000000000000004E+036
 1.00000000000000004E+036
 1.00000000000000004E+036
 1.00000000000000004E+036
 1.00000000000000004E+036
 1.00000000000000004E+036
 1.00000000000000004E+036
 1.00000000000000004E+036
 1.00000000000000004E+036
 1.00000000000000004E+036
 1.00000000000000004E+036
 1.00000000000000004E+036
 1.00000000000000004E+036
 1.00000000000000004E+036
 1.00000000000000004E+036
 1.00000000000000004E+036
 1.00000000000000004E+036
 1.00000000000000004E+036
 1.00000000000000004E+036
 1.00000000000000004E+036
 1.00000000000000004E+036
 1.00000000000000004E+036
 1.00000000000000004E+036
 1.00000000000000004E+036
 1.00000000000000004E+036
 1.00000000000000004E+036
 1.00000000000000004E+036
 1.00000000000000004E+036
 1.00000000000000004E+036
 1.00000000000000004E+036
 1.00000000000000004E+036
 1.00000000000000004E+036
 1.00000000000000004E+036
 1.00000000000000004E+036
 2.92298567729289971E-002
-8.13115274877418415E-003
-4.01280322146817525E-002
-7.01583965888517014E-002
-9.93876702604552520E-002
-1.28523492252611504E-001
-1.56154736243081516E-001
-1.84326437008678568E-001
-2.10902291135710129E-001
-2.36009989854267133E-001
-2.58750859441931880E-001
-2.78752492028331744E-001
-2.95829577009271816E-001
-3.09015494138122904E-001
-3.18155770127646065E-001
-3.23069442279916075E-001
-3.23739904368608222E-001
-3.20135424187583340E-001
-3.12790301764778178E-001
-3.02366778803502712E-001
-2.89859368816735241E-001
-2.79742094423454546E-001
-2.70548791986470860E-001
-2.61709112559287860E-001
-2.52883117338740249E-001
-2.44139666005082745E-001
-2.35448498299547282E-001
-2.26776879568149070E-001
-2.18060959038325564E-001
-2.09374765013194519E-001
-2.00711090424647409E-001
-1.92057524203562480E-001
-1.83415521532936054E-001
-1.74808876954500647E-001
-1.66240465288922223E-001
-1.57703723104589244E-001
-1.49202853737335772E-001
-1.40742993616470358E-001
-1.32327504053364464E-001
-1.23949210304715507E-001
-1.15608811285653701E-001
-1.07319572142330344E-001
-9.90680453580807807E-002
-9.08531096030174012E-002
-8.26792682072436946E-002
-7.45441970817637412E-002
 1.00000000000000004E+036
 1.00000000000000004E+036
 1.00000000000000004E+036
 1.00000000000000004E+036
 1.00000000000000004E+036
 1.00000000000000004E+036
 1.00000000000000004E+036
 1.00000000000000004E+036
 1.00000000000000004E+036
 1.00000000000000004E+036
 1.00000000000000004E+036
 1.00000000000000004E+036
 1.00000000000000004E+036
 1.00000000000000004E+036
 1.00000000000000004E+036
 1.00000000000000004E+036
 1.00000000000000004E+036
 1.00000000000000004E+036
 1.00000000000000004E+036
 1.00000000000000004E+036
 1.00000000000000004E+036
 1.00000000000000004E+036
 1.00000000000000004E+036
 1.00000000000000004E+036
 1.00000000000000004E+036
 1.00000000000000004E+036
 1.00000000000000004E+036
 1.00000000000000004E+036
 1.00000000000000004E+036
 1.00000000000000004E+036
 1.00000000000000004E+036
 1.00000000000000004E+036
 1.00000000000000004E+036
 1.00000000000000004E+036
 1.00000000000000004E+036
 1.00000000000000004E+036
 1.00000000000000004E+036
 1.00000000000000004E+036
 1.00000000000000004E+036
 1.00000000000000004E+036
 1.00000000000000004E+036
 1.00000000000000004E+036
 1.00000000000000004E+036
 1.00000000000000004E+036
 1.00000000000000004E+036
 1.00000000000000004E+036
 1.00000000000000004E+036
 1.00000000000000004E+036
 1.00000000000000004E+036
 1.00000000000000004E+036
 1.00000000000000004E+036
 1.00000000000000004E+036
 1.00000000000000004E+036
 1.00000000000000004E+036
 3.66741859768353606E-002
-2.97502098112545355E-003
-3.64974847954613324E-002
-6.77794872951267280E-002
-9.82043592358650130E-002
-1.28468420714227705E-001
-1.57914370719254293E-001
-1.86530152490490764E-001
-2.14306679693436308E-001
-2.40694149432442828E-001
-2.65157806853778766E-001
-2.87078477536226728E-001
-3.06124386796739145E-001
-3.20341019761144707E-001
-3.30452907265680551E-001
-3.36201583607135035E-001
-3.37141707912792299E-001
-3.33330336261610682E-001
-3.25385399436640910E-001
-3.14075521211577779E-001
-3.00605683777860122E-001
-2.89778341399767214E-001
-2.79976380826667537E-001
-2.70563512261048800E-001
-2.61163744467637571E-001
-2.51911343784684050E-001
-2.42728504767796949E-001
-2.33539288828012559E-001
-2.24364213409501190E-001
-2.15233329147736185E-001
-2.06132452733925220E-001
-1.97037264588914240E-001
-1.87993488625124883E-001
-1.78997390575148074E-001
-1.70032915591150413E-001
-1.61122915829253088E-001
-1.52266694712125172E-001
-1.43457368812278219E-001
-1.34690971460884157E-001
-1.25983746394751961E-001
-1.17320721945247897E-001
-1.08707955665693135E-001
-1.00139853119287636E-001
-9.16184520390288526E-002
-8.31384622698578823E-002
-7.46965522853315633E-002
 1.00000000000000004E+036
 1.00000000000000004E+036
 1.00000000000000004E+036
 1.00000000000000004E+036
 1.00000000000000004E+036
 1.00000000000000004E+036
 1.00000000000000004E+036
 1.00000000000000004E+036
 1.00000000000000004E+036
 1.00000000000000004E+036
 1.00000000000000004E+036
 1.00000000000000004E+036
 1.00000000000000004E+036
 1.00000000000000004E+036
 1.00000000000000004E+036
 1.00000000000000004E+036
 1.00000000000000004E+036
 1.00000000000000004E+036
 1.00000000000000004E+036
 1.00000000000000004E+036
 1.00000000000000004E+036
 1.00000000000000004E+036
 1.00000000000000004E+036
 1.00000000000000004E+036
 1.00000000000000004E+036
 1.00000000000000004E+036
 1.00000000000000004E+036
 1.00000000000000004E+036
 1.00000000000000004E+036
 1.00000000000000004E+036
 1.00000000000000004E+036
 1.00000000000000004E+036
 1.00000000000000004E+036
 1.00000000000000004E+036
 1.00000000000000004E+036
 1.00000000000000004E+036
 1.00000000000000004E+036
 1.00000000000000004E+036
 1.00000000000000004E+036
 1.00000000000000004E+036
 1.00000000000000004E+036
 1.00000000000000004E+036
 1.00000000000000004E+036
 1.00000000000000004E+036
 1.00000000000000004E+036
 1.00000000000000004E+036
 1.00000000000000004E+036
 1.00000000000000004E+036
 1.00000000000000004E+036
 1.00000000000000004E+036
 1.00000000000000004E+036
 1.00000000000000004E+036
 1.00000000000000004E+036
 1.00000000000000004E+036
-5.03261134269905597E-003
-3.63432231755496105E-002
-6.70436513133267908E-002
-9.79908528090049913E-002
-1.29234998526385425E-001
-1.60698697076668395E-001
-1.92646192448194142E-001
-2.24520629862468013E-001
-2.55099940195748331E-001
-2.84976279734792115E-001
-3.12181399292455808E-001
-3.35996122478377401E-001
-3.55339054181968095E-001
-3.69434715007173509E-001
-3.79077366704677843E-001
-3.83889154651171793E-001
-3.83562581729279373E-001
-3.77980239714986510E-001
-3.67145936471672485E-001
-3.50907327853519746E-001
-3.32890556344011657E-001
-3.18408738035088845E-001
-3.05508362625175778E-001
-2.93447122866609789E-001
-2.81924717525896540E-001
-2.70788581203532885E-001
-2.59939508706111155E-001
-2.49262288173554225E-001
-2.38735455795563212E-001
-2.28341945631541421E-001
-2.18082297110868240E-001
-2.07960079314773338E-001
-1.97936289958249745E-001
-1.88014723897879321E-001
-1.78180790417741264E-001
-1.68443423872133735E-001
-1.58804867191520316E-001
-1.49247291478673105E-001
-1.39762719458133233E-001
-1.30348681766918162E-001
-1.21001801408510801E-001
-1.11717686662359483E-001
-1.02486537624884022E-001
-9.33015158803982558E-002
-8.41532243406959424E-002
-7.50369242707051853E-002
 1.00000000000000004E+036
 1.00000000000000004E+036
 1.00000000000000004E+036
 1.00000000000000004E+036
 1.00000000000000004E+036
 1.00000000000000004E+036
 1.00000000000000004E+036
 1.00000000000000004E+036
 1.00000000000000004E+036
 1.00000000000000004E+036
 1.00000000000000004E+036
 1.00000000000000004E+036
 1.00000000000000004E+036
 1.00000000000000004E+036
 1.00000000000000004E+036
 1.00000000000000004E+036
 1.00000000000000004E+036
 1.00000000000000004E+036
 1.00000000000000004E+036
 1.00000000000000004E+036
 1.00000000000000004E+036
 1.00000000000000004E+036
 1.00000000000000004E+036
 1.00000000000000004E+036
 1.00000000000000004E+036
 1.00000000000000004E+036
 1.00000000000000004E+036
 1.00000000000000004E+036
 1.00000000000000004E+036
 1.00000000000000004E+036
 1.00000000000000004E+036
 1.00000000000000004E+036
 1.00000000000000004E+036
 1.00000000000000004E+036
 1.00000000000000004E+036
 1.00000000000000004E+036
 1.00000000000000004E+036
 1.00000000000000004E+036
 1.00000000000000004E+036
 1.00000000000000004E+036
 1.00000000000000004E+036
 1.00000000000000004E+036
 1.00000000000000004E+036
 1.00000000000000004E+036
 1.00000000000000004E+036
 1.00000000000000004E+036
 1.00000000000000004E+036
 1.00000000000000004E+036
 1.00000000000000004E+036
 1.00000000000000004E+036
 1.00000000000000004E+036
 1.00000000000000004E+036
 1.00000000000000004E+036
 1.00000000000000004E+036
# INPUT: mlcanopy_inst__dtg_soil(1,4)
-3.09683822975443945E-002
-3.16622627229889986E-002
-3.13911313357380095E-002
-1.78305505847731638E-001
# INPUT: mlcanopy_inst__dtleaf_leaf(1,100,2,4)
-1.04435370253668225E-002
-3.51546176705710423E-002
-6.34219470057928447E-002
-8.79539530101851597E-002
-1.02720972702400104E-001
 3.83403320483921561E-004
-1.70333355408160969E-002
-4.28343622344300456E-002
-6.30351239458946111E-002
-7.68081771549873338E-002
-8.96546159899003214E-002
-8.24370019408320331E-002
-1.13853161687700322E-001
-9.89780820939927253E-002
-1.24139393180257684E-001
-1.36979045418968326E-001
-1.51740806526106553E-001
-1.63985193816529318E-001
-1.78894883844179731E-001
-2.20822300483462186E-001
-2.37190509398487848E-001
-2.30497390842458572E-001
-2.24236796511604553E-001
-2.18094875629105900E-001
-2.11951483948439545E-001
-2.05761560780047148E-001
-1.99463476906373671E-001
-1.93090683420734877E-001
-1.86664563634792557E-001
-1.80184367048070726E-001
-1.73651310696811834E-001
-1.67075803849797921E-001
-1.60444066218531134E-001
-1.53785805096219974E-001
-1.47109204282742212E-001
-1.40421878021015800E-001
-1.33725457147306770E-001
-1.27022177557023497E-001
-1.20312910291943354E-001
-1.13614925900947128E-001
-1.06925051140535743E-001
-1.00251407220753208E-001
-9.35967306853626724E-002
-8.69639788116955970E-002
-8.03534359340574156E-002
-7.37718812709999838E-002
 1.00000000000000004E+036
 1.00000000000000004E+036
 1.00000000000000004E+036
 1.00000000000000004E+036
 1.00000000000000004E+036
 1.00000000000000004E+036
 1.00000000000000004E+036
 1.00000000000000004E+036
 1.00000000000000004E+036
 1.00000000000000004E+036
 1.00000000000000004E+036
 1.00000000000000004E+036
 1.00000000000000004E+036
 1.00000000000000004E+036
 1.00000000000000004E+036
 1.00000000000000004E+036
 1.00000000000000004E+036
 1.00000000000000004E+036
 1.00000000000000004E+036
 1.00000000000000004E+036
 1.00000000000000004E+036
 1.00000000000000004E+036
 1.00000000000000004E+036
 1.00000000000000004E+036
 1.00000000000000004E+036
 1.00000000000000004E+036
 1.00000000000000004E+036
 1.00000000000000004E+036
 1.00000000000000004E+036
 1.00000000000000004E+036
 1.00000000000000004E+036
 1.00000000000000004E+036
 1.00000000000000004E+036
 1.00000000000000004E+036
 1.00000000000000004E+036
 1.00000000000000004E+036
 1.00000000000000004E+036
 1.00000000000000004E+036
 1.00000000000000004E+036
 1.00000000000000004E+036
 1.00000000000000004E+036
 1.00000000000000004E+036
 1.00000000000000004E+036
 1.00000000000000004E+036
 1.00000000000000004E+036
 1.00000000000000004E+036
 1.00000000000000004E+036
 1.00000000000000004E+036
 1.00000000000000004E+036
 1.00000000000000004E+036
 1.00000000000000004E+036
 1.00000000000000004E+036
 1.00000000000000004E+036
 1.00000000000000004E+036
-1.04435370253668225E-002
-1.15390915016746476E-001
-1.13805638085921146E-001
-1.14604710798801079E-001
-1.20476909927617726E-001
-1.34765298987304050E-001
-1.31002091087054851E-001
-1.50313490875589650E-001
-2.00155021785064946E-001
-1.73816861090699604E-001
-1.85104534431275169E-001
-1.83623731559180214E-001
-2.01478726847369671E-001
-2.37791050655800973E-001
-2.19160660765680859E-001
-2.19437122808813001E-001
-2.31570790724731523E-001
-2.27680230153794128E-001
-2.29005360499797916E-001
-2.32974323309633746E-001
-2.37190509398487848E-001
-2.30497390842458572E-001
-2.24236796511604553E-001
-2.18094875629105900E-001
-2.11951483948439545E-001
-2.05761560780047148E-001
-1.99463476906373671E-001
-1.93090683420734877E-001
-1.86664563634792557E-001
-1.80184367048070726E-001
-1.73651310696811834E-001
-1.67075803849797921E-001
-1.60444066218531134E-001
-1.53785805096219974E-001
-1.47109204282742212E-001
-1.40421878021015800E-001
-1.33725457147306770E-001
-1.27022177557023497E-001
-1.20312910291943354E-001
-1.13614925900947128E-001
-1.06925051140535743E-001
-1.00251407220753208E-001
-9.35967306853626724E-002
-8.69639788116955970E-002
-8.03534359340574156E-002
-7.37718812709999838E-002
 1.00000000000000004E+036
 1.00000000000000004E+036
 1.00000000000000004E+036
 1.00000000000000004E+036
 1.00000000000000004E+036
 1.00000000000000004E+036
 1.00000000000000004E+036
 1.00000000000000004E+036
 1.00000000000000004E+036
 1.00000000000000004E+036
 1.00000000000000004E+036
 1.00000000000000004E+036
 1.00000000000000004E+036
 1.00000000000000004E+036
 1.00000000000000004E+036
 1.00000000000000004E+036
 1.00000000000000004E+036
 1.00000000000000004E+036
 1.00000000000000004E+036
 1.00000000000000004E+036
 1.00000000000000004E+036
 1.00000000000000004E+036
 1.00000000000000004E+036
 1.00000000000000004E+036
 1.00000000000000004E+036
 1.00000000000000004E+036
 1.00000000000000004E+036
 1.00000000000000004E+036
 1.00000000000000004E+036
 1.00000000000000004E+036
 1.00000000000000004E+036
 1.00000000000000004E+036
 1.00000000000000004E+036
 1.00000000000000004E+036
 1.00000000000000004E+036
 1.00000000000000004E+036
 1.00000000000000004E+036
 1.00000000000000004E+036
 1.00000000000000004E+036
 1.00000000000000004E+036
 1.00000000000000004E+036
 1.00000000000000004E+036
 1.00000000000000004E+036
 1.00000000000000004E+036
 1.00000000000000004E+036
 1.00000000000000004E+036
 1.00000000000000004E+036
 1.00000000000000004E+036
 1.00000000000000004E+036
 1.00000000000000004E+036
 1.00000000000000004E+036
 1.00000000000000004E+036
 1.00000000000000004E+036
 1.00000000000000004E+036
 2.92298567729289971E-002
-2.56724685473272984E-002
-7.02727545699417533E-002
-9.66031928793427141E-002
-1.19813624785990669E-001
 3.42988926655607429E-003
 4.48872019541681766E-002
 1.77892081975414840E-002
-8.70169521806474222E-003
-3.85044621882002502E-002
-5.81096260759750294E-002
-6.55057927015150199E-002
-1.20845553554488561E-001
-6.43359308913318273E-002
-1.01437561489149175E-001
-1.32423806973577030E-001
-1.58289143044271441E-001
-1.76540112368400059E-001
-2.03957737051212007E-001
-2.98060071403028815E-001
-2.89859368816735241E-001
-2.79742094423454546E-001
-2.70548791986470860E-001
-2.61709112559287860E-001
-2.52883117338740249E-001
-2.44139666005082745E-001
-2.35448498299547282E-001
-2.26776879568149070E-001
-2.18060959038325564E-001
-2.09374765013194519E-001
-2.00711090424647409E-001
-1.92057524203562480E-001
-1.83415521532936054E-001
-1.74808876954500647E-001
-1.66240465288922223E-001
-1.57703723104589244E-001
-1.49202853737335772E-001
-1.40742993616470358E-001
-1.32327504053364464E-001
-1.23949210304715507E-001
-1.15608811285653701E-001
-1.07319572142330344E-001
-9.90680453580807807E-002
-9.08531096030174012E-002
-8.26792682072436946E-002
-7.45441970817637412E-002
 1.00000000000000004E+036
 1.00000000000000004E+036
 1.00000000000000004E+036
 1.00000000000000004E+036
 1.00000000000000004E+036
 1.00000000000000004E+036
 1.00000000000000004E+036
 1.00000000000000004E+036
 1.00000000000000004E+036
 1.00000000000000004E+036
 1.00000000000000004E+036
 1.00000000000000004E+036
 1.00000000000000004E+036
 1.00000000000000004E+036
 1.00000000000000004E+036
 1.00000000000000004E+036
 1.00000000000000004E+036
 1.00000000000000004E+036
 1.00000000000000004E+036
 1.00000000000000004E+036
 1.00000000000000004E+036
 1.00000000000000004E+036
 1.00000000000000004E+036
 1.00000000000000004E+036
 1.00000000000000004E+036
 1.00000000000000004E+036
 1.00000000000000004E+036
 1.00000000000000004E+036
 1.00000000000000004E+036
 1.00000000000000004E+036
 1.00000000000000004E+036
 1.00000000000000004E+036
 1.00000000000000004E+036
 1.00000000000000004E+036
 1.00000000000000004E+036
 1.00000000000000004E+036
 1.00000000000000004E+036
 1.00000000000000004E+036
 1.00000000000000004E+036
 1.00000000000000004E+036
 1.00000000000000004E+036
 1.00000000000000004E+036
 1.00000000000000004E+036
 1.00000000000000004E+036
 1.00000000000000004E+036
 1.00000000000000004E+036
 1.00000000000000004E+036
 1.00000000000000004E+036
 1.00000000000000004E+036
 1.00000000000000004E+036
 1.00000000000000004E+036
 1.00000000000000004E+036
 1.00000000000000004E+036
 1.00000000000000004E+036
 2.92298567729289971E-002
-1.06820847077244707E-001
-8.56398952292920512E-002
-9.00322654824776691E-002
-9.48987345689147332E-002
-1.59540310340105407E-001
-1.14459118798606596E-001
-1.76114296472860588E-001
-1.84448314988912898E-001
-2.06477103728332168E-001
-2.22431842683818104E-001
-2.27717082963181383E-001
-2.47743819789604913E-001
-2.85202795117015739E-001
-2.88289389468104673E-001
-2.87184692112759876E-001
-2.95704947106628424E-001
-2.88001175797774067E-001
-2.93950428092784932E-001
-2.90722795238195886E-001
-2.89859368816735241E-001
-2.79742094423454546E-001
-2.70548791986470860E-001
-2.61709112559287860E-001
-2.52883117338740249E-001
-2.44139666005082745E-001
-2.35448498299547282E-001
-2.26776879568149070E-001
-2.18060959038325564E-001
-2.09374765013194519E-001
-2.00711090424647409E-001
-1.92057524203562480E-001
-1.83415521532936054E-001
-1.74808876954500647E-001
-1.66240465288922223E-001
-1.57703723104589244E-001
-1.49202853737335772E-001
-1.40742993616470358E-001
-1.32327504053364464E-001
-1.23949210304715507E-001
-1.15608811285653701E-001
-1.07319572142330344E-001
-9.90680453580807807E-002
-9.08531096030174012E-002
-8.26792682072436946E-002
-7.45441970817637412E-002
 1.00000000000000004E+036
 1.00000000000000004E+036
 1.00000000000000004E+036
 1.00000000000000004E+036
 1.00000000000000004E+036
 1.00000000000000004E+036
 1.00000000000000004E+036
 1.00000000000000004E+036
 1.00000000000000004E+036
 1.00000000000000004E+036
 1.00000000000000004E+036
 1.00000000000000004E+036
 1.00000000000000004E+036
 1.00000000000000004E+036
 1.00000000000000004E+036
 1.00000000000000004E+036
 1.00000000000000004E+036
 1.00000000000000004E+036
 1.00000000000000004E+036
 1.00000000000000004E+036
 1.00000000000000004E+036
 1.00000000000000004E+036
 1.00000000000000004E+036
 1.00000000000000004E+036
 1.00000000000000004E+036
 1.00000000000000004E+036
 1.00000000000000004E+036
 1.00000000000000004E+036
 1.00000000000000004E+036
 1.00000000000000004E+036
 1.00000000000000004E+036
 1.00000000000000004E+036
 1.00000000000000004E+036
 1.00000000000000004E+036
 1.00000000000000004E+036
 1.00000000000000004E+036
 1.00000000000000004E+036
 1.00000000000000004E+036
 1.00000000000000004E+036
 1.00000000000000004E+036
 1.00000000000000004E+036
 1.00000000000000004E+036
 1.00000000000000004E+036
 1.00000000000000004E+036
 1.00000000000000004E+036
 1.00000000000000004E+036
 1.00000000000000004E+036
 1.00000000000000004E+036
 1.00000000000000004E+036
 1.00000000000000004E+036
 1.00000000000000004E+036
 1.00000000000000004E+036
 1.00000000000000004E+036
 1.00000000000000004E+036
 3.66741859768353606E-002
-2.16057672663509948E-002
-6.99384177702881971E-002
-1.06444501537566794E-001
-1.20110149094330154E-001
 7.92481334462991072E-003
 5.79590203248017133E-002
 3.46829825871850517E-002
-4.72932126569958200E-003
-2.36265713062948635E-002
-5.13918827306838466E-002
-6.08833009777072220E-002
-1.25218225975913811E-001
-5.64973592567525884E-002
-9.56589247882106974E-002
-1.29811618605572221E-001
-1.58581687825403606E-001
-1.79424735784721179E-001
-2.09322360348323855E-001
-3.04882693972842844E-001
-3.00605683777860122E-001
-2.89778341399767214E-001
-2.79976380826667537E-001
-2.70563512261048800E-001
-2.61163744467637571E-001
-2.51911343784684050E-001
-2.42728504767796949E-001
-2.33539288828012559E-001
-2.24364213409501190E-001
-2.15233329147736185E-001
-2.06132452733925220E-001
-1.97037264588914240E-001
-1.87993488625124883E-001
-1.78997390575148074E-001
-1.70032915591150413E-001
-1.61122915829253088E-001
-1.52266694712125172E-001
-1.43457368812278219E-001
-1.34690971460884157E-001
-1.25983746394751961E-001
-1.17320721945247897E-001
-1.08707955665693135E-001
-1.00139853119287636E-001
-9.16184520390288526E-002
-8.31384622698578823E-002
-7.46965522853315633E-002
 1.00000000000000004E+036
 1.00000000000000004E+036
 1.00000000000000004E+036
 1.00000000000000004E+036
 1.00000000000000004E+036
 1.00000000000000004E+036
 1.00000000000000004E+036
 1.00000000000000004E+036
 1.00000000000000004E+036
 1.00000000000000004E+036
 1.00000000000000004E+036
 1.00000000000000004E+036
 1.00000000000000004E+036
 1.00000000000000004E+036
 1.00000000000000004E+036
 1.00000000000000004E+036
 1.00000000000000004E+036
 1.00000000000000004E+036
 1.00000000000000004E+036
 1.00000000000000004E+036
 1.00000000000000004E+036
 1.00000000000000004E+036
 1.00000000000000004E+036
 1.00000000000000004E+036
 1.00000000000000004E+036
 1.00000000000000004E+036
 1.00000000000000004E+036
 1.00000000000000004E+036
 1.00000000000000004E+036
 1.00000000000000004E+036
 1.00000000000000004E+036
 1.00000000000000004E+036
 1.00000000000000004E+036
 1.00000000000000004E+036
 1.00000000000000004E+036
 1.00000000000000004E+036
 1.00000000000000004E+036
 1.00000000000000004E+036
 1.00000000000000004E+036
 1.00000000000000004E+036
 1.00000000000000004E+036
 1.00000000000000004E+036
 1.00000000000000004E+036
 1.00000000000000004E+036
 1.00000000000000004E+036
 1.00000000000000004E+036
 1.00000000000000004E+036
 1.00000000000000004E+036
 1.00000000000000004E+036
 1.00000000000000004E+036
 1.00000000000000004E+036
 1.00000000000000004E+036
 1.00000000000000004E+036
 1.00000000000000004E+036
 3.66741859768353606E-002
-1.04474449045824258E-001
-8.99359723870247763E-002
-9.53880870752072951E-002
-1.07035173628901248E-001
-1.54571859318195948E-001
-1.65573334529426575E-001
-1.74703114805538462E-001
-1.93380961251023109E-001
-2.06504544027609427E-001
-2.23744291892614910E-001
-2.29988165129270783E-001
-2.74136140263294692E-001
-2.92281395615418660E-001
-2.94652778273871263E-001
-3.09273817916164262E-001
-3.16396531196005526E-001
-3.07230377011990186E-001
-3.10950230050082155E-001
-3.03177573649406895E-001
-3.00605683777860122E-001
-2.89778341399767214E-001
-2.79976380826667537E-001
-2.70563512261048800E-001
-2.61163744467637571E-001
-2.51911343784684050E-001
-2.42728504767796949E-001
-2.33539288828012559E-001
-2.24364213409501190E-001
-2.15233329147736185E-001
-2.06132452733925220E-001
-1.97037264588914240E-001
-1.87993488625124883E-001
-1.78997390575148074E-001
-1.70032915591150413E-001
-1.61122915829253088E-001
-1.52266694712125172E-001
-1.43457368812278219E-001
-1.34690971460884157E-001
-1.25983746394751961E-001
-1.17320721945247897E-001
-1.08707955665693135E-001
-1.00139853119287636E-001
-9.16184520390288526E-002
-8.31384622698578823E-002
-7.46965522853315633E-002
 1.00000000000000004E+036
 1.00000000000000004E+036
 1.00000000000000004E+036
 1.00000000000000004E+036
 1.00000000000000004E+036
 1.00000000000000004E+036
 1.00000000000000004E+036
 1.00000000000000004E+036
 1.00000000000000004E+036
 1.00000000000000004E+036
 1.00000000000000004E+036
 1.00000000000000004E+036
 1.00000000000000004E+036
 1.00000000000000004E+036
 1.00000000000000004E+036
 1.00000000000000004E+036
 1.00000000000000004E+036
 1.00000000000000004E+036
 1.00000000000000004E+036
 1.00000000000000004E+036
 1.00000000000000004E+036
 1.00000000000000004E+036
 1.00000000000000004E+036
 1.00000000000000004E+036
 1.00000000000000004E+036
 1.00000000000000004E+036
 1.00000000000000004E+036
 1.00000000000000004E+036
 1.00000000000000004E+036
 1.00000000000000004E+036
 1.00000000000000004E+036
 1.00000000000000004E+036
 1.00000000000000004E+036
 1.00000000000000004E+036
 1.00000000000000004E+036
 1.00000000000000004E+036
 1.00000000000000004E+036
 1.00000000000000004E+036
 1.00000000000000004E+036
 1.00000000000000004E+036
 1.00000000000000004E+036
 1.00000000000000004E+036
 1.00000000000000004E+036
 1.00000000000000004E+036
 1.00000000000000004E+036
 1.00000000000000004E+036
 1.00000000000000004E+036
 1.00000000000000004E+036
 1.00000000000000004E+036
 1.00000000000000004E+036
 1.00000000000000004E+036
 1.00000000000000004E+036
 1.00000000000000004E+036
 1.00000000000000004E+036
-5.03261134269905597E-003
 3.84540604212855897E+000
 3.10929356971945481E+000
 2.63300903472298842E+000
 2.28749921893682995E+000
 1.88352207607624678E+000
 1.56300468273002480E+000
 1.22880057456592340E+000
 9.91140475969075396E-001
 7.66844497787474211E-001
 5.68698387333256505E-001
 4.15520950350469320E-001
 3.05944909392849240E-001
 2.79528684297360996E-001
 1.49577536031927139E-001
 4.47281118428008995E-002
-4.02015319422162065E-002
-1.34631644339151535E-001
-2.87068931258318116E-001
-3.71146383345887898E-001
-3.32890556344011657E-001
-3.18408738035088845E-001
-3.05508362625175778E-001
-2.93447122866609789E-001
-2.81924717525896540E-001
-2.70788581203532885E-001
-2.59939508706111155E-001
-2.49262288173554225E-001
-2.38735455795563212E-001
-2.28341945631541421E-001
-2.18082297110868240E-001
-2.07960079314773338E-001
-1.97936289958249745E-001
-1.88014723897879321E-001
-1.78180790417741264E-001
-1.68443423872133735E-001
-1.58804867191520316E-001
-1.49247291478673105E-001
-1.39762719458133233E-001
-1.30348681766918162E-001
-1.21001801408510801E-001
-1.11717686662359483E-001
-1.02486537624884022E-001
-9.33015158803982558E-002
-8.41532243406959424E-002
-7.50369242707051853E-002
 1.00000000000000004E+036
 1.00000000000000004E+036
 1.00000000000000004E+036
 1.00000000000000004E+036
 1.00000000000000004E+036
 1.00000000000000004E+036
 1.00000000000000004E+036
 1.00000000000000004E+036
 1.00000000000000004E+036
 1.00000000000000004E+036
 1.00000000000000004E+036
 1.00000000000000004E+036
 1.00000000000000004E+036
 1.00000000000000004E+036
 1.00000000000000004E+036
 1.00000000000000004E+036
 1.00000000000000004E+036
 1.00000000000000004E+036
 1.00000000000000004E+036
 1.00000000000000004E+036
 1.00000000000000004E+036
 1.00000000000000004E+036
 1.00000000000000004E+036
 1.00000000000000004E+036
 1.00000000000000004E+036
 1.00000000000000004E+036
 1.00000000000000004E+036
 1.00000000000000004E+036
 1.00000000000000004E+036
 1.00000000000000004E+036
 1.00000000000000004E+036
 1.00000000000000004E+036
 1.00000000000000004E+036
 1.00000000000000004E+036
 1.00000000000000004E+036
 1.00000000000000004E+036
 1.00000000000000004E+036
 1.00000000000000004E+036
 1.00000000000000004E+036
 1.00000000000000004E+036
 1.00000000000000004E+036
 1.00000000000000004E+036
 1.00000000000000004E+036
 1.00000000000000004E+036
 1.00000000000000004E+036
 1.00000000000000004E+036
 1.00000000000000004E+036
 1.00000000000000004E+036
 1.00000000000000004E+036
 1.00000000000000004E+036
 1.00000000000000004E+036
 1.00000000000000004E+036
 1.00000000000000004E+036
 1.00000000000000004E+036
-5.03261134269905597E-003
-5.07872409191406859E-001
-4.64470656236755985E-001
-4.37192906894949829E-001
-4.16819546929048101E-001
-3.92947176629263595E-001
-3.90315622801438167E-001
-4.22212026139959562E-001
-3.88272649020279914E-001
-4.35327379502723488E-001
-4.47096304524905008E-001
-4.70881110319851359E-001
-5.00884719638634124E-001
-5.08451224837699556E-001
-5.05380463734866225E-001
-5.14846210251505454E-001
-5.39665581000122074E-001
-5.98390541194703474E-001
-7.51796223190297042E-001
-9.86972184891158122E-001
-3.32890556344011657E-001
-3.18408738035088845E-001
-3.05508362625175778E-001
-2.93447122866609789E-001
-2.81924717525896540E-001
-2.70788581203532885E-001
-2.59939508706111155E-001
-2.49262288173554225E-001
-2.38735455795563212E-001
-2.28341945631541421E-001
-2.18082297110868240E-001
-2.07960079314773338E-001
-1.97936289958249745E-001
-1.88014723897879321E-001
-1.78180790417741264E-001
-1.68443423872133735E-001
-1.58804867191520316E-001
-1.49247291478673105E-001
-1.39762719458133233E-001
-1.30348681766918162E-001
-1.21001801408510801E-001
-1.11717686662359483E-001
-1.02486537624884022E-001
-9.33015158803982558E-002
-8.41532243406959424E-002
-7.50369242707051853E-002
 1.00000000000000004E+036
 1.00000000000000004E+036
 1.00000000000000004E+036
 1.00000000000000004E+036
 1.00000000000000004E+036
 1.00000000000000004E+036
 1.00000000000000004E+036
 1.00000000000000004E+036
 1.00000000000000004E+036
 1.00000000000000004E+036
 1.00000000000000004E+036
 1.00000000000000004E+036
 1.00000000000000004E+036
 1.00000000000000004E+036
 1.00000000000000004E+036
 1.00000000000000004E+036
 1.00000000000000004E+036
 1.00000000000000004E+036
 1.00000000000000004E+036
 1.00000000000000004E+036
 1.00000000000000004E+036
 1.00000000000000004E+036
 1.00000000000000004E+036
 1.00000000000000004E+036
 1.00000000000000004E+036
 1.00000000000000004E+036
 1.00000000000000004E+036
 1.00000000000000004E+036
 1.00000000000000004E+036
 1.00000000000000004E+036
 1.00000000000000004E+036
 1.00000000000000004E+036
 1.00000000000000004E+036
 1.00000000000000004E+036
 1.00000000000000004E+036
 1.00000000000000004E+036
 1.00000000000000004E+036
 1.00000000000000004E+036
 1.00000000000000004E+036
 1.00000000000000004E+036
 1.00000000000000004E+036
 1.00000000000000004E+036
 1.00000000000000004E+036
 1.00000000000000004E+036
 1.00000000000000004E+036
 1.00000000000000004E+036
 1.00000000000000004E+036
 1.00000000000000004E+036
 1.00000000000000004E+036
 1.00000000000000004E+036
 1.00000000000000004E+036
 1.00000000000000004E+036
 1.00000000000000004E+036
 1.00000000000000004E+036
# INPUT: mlcanopy_inst__eair_bef_profile(1,100)
 1.75917184110990570E+003
 1.68549392960693763E+003
 1.63825053658572597E+003
 1.60773215728647733E+003
 1.58767446245246379E+003
 1.57392522262915963E+003
 1.56369849717859120E+003
 1.55496000950270650E+003
 1.54631270591947259E+003
 1.53682946813520357E+003
 1.52575622219237971E+003
 1.51264161915572004E+003
 1.49714161099501803E+003
 1.47911141752990625E+003
 1.45852814452108350E+003
 1.43535388934642242E+003
 1.40968874549439624E+003
 1.38181160537034452E+003
 1.35222784928773535E+003
 1.32187992850867522E+003
 1.29286136838510242E+003
 1.26804819023397113E+003
 1.24553173129045717E+003
 1.22445716335609131E+003
 1.20438173086346842E+003
 1.18504716577590125E+003
 1.16629318682713688E+003
 1.14801386819129016E+003
 1.13013546042331996E+003
 1.11260397862995092E+003
 1.09537988716365021E+003
 1.07843157135123283E+003
 1.06173448760437896E+003
 1.04526865650823902E+003
 1.02901596269367474E+003
 1.01296145106270126E+003
 9.97093402387909691E+002
 9.81400027763449657E+002
 9.65869955286034269E+002
 9.50493271752735950E+002
 9.35261527607196513E+002
 9.20164530171395086E+002
 9.05195407973529996E+002
 8.90345152009466346E+002
 8.75606185980051009E+002
 8.60971071716576603E+002
 1.00000000000000004E+036
 1.00000000000000004E+036
 1.00000000000000004E+036
 1.00000000000000004E+036
 1.00000000000000004E+036
 1.00000000000000004E+036
 1.00000000000000004E+036
 1.00000000000000004E+036
 1.00000000000000004E+036
 1.00000000000000004E+036
 1.00000000000000004E+036
 1.00000000000000004E+036
 1.00000000000000004E+036
 1.00000000000000004E+036
 1.00000000000000004E+036
 1.00000000000000004E+036
 1.00000000000000004E+036
 1.00000000000000004E+036
 1.00000000000000004E+036
 1.00000000000000004E+036
 1.00000000000000004E+036
 1.00000000000000004E+036
 1.00000000000000004E+036
 1.00000000000000004E+036
 1.00000000000000004E+036
 1.00000000000000004E+036
 1.00000000000000004E+036
 1.00000000000000004E+036
 1.00000000000000004E+036
 1.00000000000000004E+036
 1.00000000000000004E+036
 1.00000000000000004E+036
 1.00000000000000004E+036
 1.00000000000000004E+036
 1.00000000000000004E+036
 1.00000000000000004E+036
 1.00000000000000004E+036
 1.00000000000000004E+036
 1.00000000000000004E+036
 1.00000000000000004E+036
 1.00000000000000004E+036
 1.00000000000000004E+036
 1.00000000000000004E+036
 1.00000000000000004E+036
 1.00000000000000004E+036
 1.00000000000000004E+036
 1.00000000000000004E+036
 1.00000000000000004E+036
 1.00000000000000004E+036
 1.00000000000000004E+036
 1.00000000000000004E+036
 1.00000000000000004E+036
 1.00000000000000004E+036
 1.00000000000000004E+036
# INPUT: mlcanopy_inst__eair_profile(1,100)
 1.92483950485685159E+003
 1.80503376601446416E+003
 1.73787142994503006E+003
 1.70088008345453090E+003
 1.68140710473132708E+003
 1.67192068189215001E+003
 1.66763191999500623E+003
 1.66528989385106547E+003
 1.66268654250344434E+003
 1.65824955297665383E+003
 1.65089086750517845E+003
 1.64000537301706481E+003
 1.62518222997637531E+003
 1.60621854320807802E+003
 1.58313843658828841E+003
 1.55626948931647621E+003
 1.52586180478657548E+003
 1.49239812236863008E+003
 1.45667917603381306E+003
 1.42002524613999708E+003
 1.38501676313059238E+003
 1.35544707542211790E+003
 1.32868437120434010E+003
 1.30356582056867228E+003
 1.27962985701284333E+003
 1.25652341056845330E+003
 1.23409098953966532E+003
 1.21220304773177418E+003
 1.19077449993914911E+003
 1.16975816342345911E+003
 1.14909520188465399E+003
 1.12876574228030859E+003
 1.10873324938875453E+003
 1.08897932099030913E+003
 1.06948385339142351E+003
 1.05022762885060433E+003
 1.03119772917269052E+003
 1.01237434149934825E+003
 9.93748931742258947E+002
 9.75305450337346429E+002
 9.57031716399222205E+002
 9.38916147321614858E+002
 9.20945547413553186E+002
 9.03109820974419222E+002
 8.85395926544175836E+002
 8.67794091244805145E+002
 1.00000000000000004E+036
 1.00000000000000004E+036
 1.00000000000000004E+036
 1.00000000000000004E+036
 1.00000000000000004E+036
 1.00000000000000004E+036
 1.00000000000000004E+036
 1.00000000000000004E+036
 1.00000000000000004E+036
 1.00000000000000004E+036
 1.00000000000000004E+036
 1.00000000000000004E+036
 1.00000000000000004E+036
 1.00000000000000004E+036
 1.00000000000000004E+036
 1.00000000000000004E+036
 1.00000000000000004E+036
 1.00000000000000004E+036
 1.00000000000000004E+036
 1.00000000000000004E+036
 1.00000000000000004E+036
 1.00000000000000004E+036
 1.00000000000000004E+036
 1.00000000000000004E+036
 1.00000000000000004E+036
 1.00000000000000004E+036
 1.00000000000000004E+036
 1.00000000000000004E+036
 1.00000000000000004E+036
 1.00000000000000004E+036
 1.00000000000000004E+036
 1.00000000000000004E+036
 1.00000000000000004E+036
 1.00000000000000004E+036
 1.00000000000000004E+036
 1.00000000000000004E+036
 1.00000000000000004E+036
 1.00000000000000004E+036
 1.00000000000000004E+036
 1.00000000000000004E+036
 1.00000000000000004E+036
 1.00000000000000004E+036
 1.00000000000000004E+036
 1.00000000000000004E+036
 1.00000000000000004E+036
 1.00000000000000004E+036
 1.00000000000000004E+036
 1.00000000000000004E+036
 1.00000000000000004E+036
 1.00000000000000004E+036
 1.00000000000000004E+036
 1.00000000000000004E+036
 1.00000000000000004E+036
 1.00000000000000004E+036
# INPUT: mlcanopy_inst__h2ocan_bef_profile(1,100)
 0.00000000000000000E+000
 0.00000000000000000E+000
 0.00000000000000000E+000
 0.00000000000000000E+000
 0.00000000000000000E+000
 0.00000000000000000E+000
 0.00000000000000000E+000
 0.00000000000000000E+000
 0.00000000000000000E+000
 0.00000000000000000E+000
 0.00000000000000000E+000
 0.00000000000000000E+000
 0.00000000000000000E+000
 0.00000000000000000E+000
 0.00000000000000000E+000
 0.00000000000000000E+000
 0.00000000000000000E+000
 0.00000000000000000E+000
 0.00000000000000000E+000
 0.00000000000000000E+000
 0.00000000000000000E+000
 0.00000000000000000E+000
 0.00000000000000000E+000
 0.00000000000000000E+000
 0.00000000000000000E+000
 0.00000000000000000E+000
 0.00000000000000000E+000
 0.00000000000000000E+000
 0.00000000000000000E+000
 0.00000000000000000E+000
 0.00000000000000000E+000
 0.00000000000000000E+000
 0.00000000000000000E+000
 0.00000000000000000E+000
 0.00000000000000000E+000
 0.00000000000000000E+000
 0.00000000000000000E+000
 0.00000000000000000E+000
 0.00000000000000000E+000
 0.00000000000000000E+000
 0.00000000000000000E+000
 0.00000000000000000E+000
 0.00000000000000000E+000
 0.00000000000000000E+000
 0.00000000000000000E+000
 0.00000000000000000E+000
 1.00000000000000004E+036
 1.00000000000000004E+036
 1.00000000000000004E+036
 1.00000000000000004E+036
 1.00000000000000004E+036
 1.00000000000000004E+036
 1.00000000000000004E+036
 1.00000000000000004E+036
 1.00000000000000004E+036
 1.00000000000000004E+036
 1.00000000000000004E+036
 1.00000000000000004E+036
 1.00000000000000004E+036
 1.00000000000000004E+036
 1.00000000000000004E+036
 1.00000000000000004E+036
 1.00000000000000004E+036
 1.00000000000000004E+036
 1.00000000000000004E+036
 1.00000000000000004E+036
 1.00000000000000004E+036
 1.00000000000000004E+036
 1.00000000000000004E+036
 1.00000000000000004E+036
 1.00000000000000004E+036
 1.00000000000000004E+036
 1.00000000000000004E+036
 1.00000000000000004E+036
 1.00000000000000004E+036
 1.00000000000000004E+036
 1.00000000000000004E+036
 1.00000000000000004E+036
 1.00000000000000004E+036
 1.00000000000000004E+036
 1.00000000000000004E+036
 1.00000000000000004E+036
 1.00000000000000004E+036
 1.00000000000000004E+036
 1.00000000000000004E+036
 1.00000000000000004E+036
 1.00000000000000004E+036
 1.00000000000000004E+036
 1.00000000000000004E+036
 1.00000000000000004E+036
 1.00000000000000004E+036
 1.00000000000000004E+036
 1.00000000000000004E+036
 1.00000000000000004E+036
 1.00000000000000004E+036
 1.00000000000000004E+036
 1.00000000000000004E+036
 1.00000000000000004E+036
 1.00000000000000004E+036
 1.00000000000000004E+036
# INPUT: mlcanopy_inst__h2ocan_profile(1,100)
 0.00000000000000000E+000
 0.00000000000000000E+000
 0.00000000000000000E+000
 0.00000000000000000E+000
 0.00000000000000000E+000
 0.00000000000000000E+000
 0.00000000000000000E+000
 0.00000000000000000E+000
 0.00000000000000000E+000
 0.00000000000000000E+000
 0.00000000000000000E+000
 0.00000000000000000E+000
 0.00000000000000000E+000
 0.00000000000000000E+000
 0.00000000000000000E+000
 0.00000000000000000E+000
 0.00000000000000000E+000
 0.00000000000000000E+000
 0.00000000000000000E+000
 0.00000000000000000E+000
 0.00000000000000000E+000
 0.00000000000000000E+000
 0.00000000000000000E+000
 0.00000000000000000E+000
 0.00000000000000000E+000
 0.00000000000000000E+000
 0.00000000000000000E+000
 0.00000000000000000E+000
 0.00000000000000000E+000
 0.00000000000000000E+000
 0.00000000000000000E+000
 0.00000000000000000E+000
 0.00000000000000000E+000
 0.00000000000000000E+000
 0.00000000000000000E+000
 0.00000000000000000E+000
 0.00000000000000000E+000
 0.00000000000000000E+000
 0.00000000000000000E+000
 0.00000000000000000E+000
 0.00000000000000000E+000
 0.00000000000000000E+000
 0.00000000000000000E+000
 0.00000000000000000E+000
 0.00000000000000000E+000
 0.00000000000000000E+000
 0.00000000000000000E+000
 0.00000000000000000E+000
 0.00000000000000000E+000
 0.00000000000000000E+000
 0.00000000000000000E+000
 0.00000000000000000E+000
 0.00000000000000000E+000
 0.00000000000000000E+000
 0.00000000000000000E+000
 0.00000000000000000E+000
 0.00000000000000000E+000
 0.00000000000000000E+000
 0.00000000000000000E+000
 0.00000000000000000E+000
 0.00000000000000000E+000
 0.00000000000000000E+000
 0.00000000000000000E+000
 0.00000000000000000E+000
 0.00000000000000000E+000
 0.00000000000000000E+000
 0.00000000000000000E+000
 0.00000000000000000E+000
 0.00000000000000000E+000
 0.00000000000000000E+000
 0.00000000000000000E+000
 0.00000000000000000E+000
 0.00000000000000000E+000
 0.00000000000000000E+000
 0.00000000000000000E+000
 0.00000000000000000E+000
 0.00000000000000000E+000
 0.00000000000000000E+000
 0.00000000000000000E+000
 0.00000000000000000E+000
 0.00000000000000000E+000
 0.00000000000000000E+000
 0.00000000000000000E+000
 0.00000000000000000E+000
 0.00000000000000000E+000
 0.00000000000000000E+000
 0.00000000000000000E+000
 0.00000000000000000E+000
 0.00000000000000000E+000
 0.00000000000000000E+000
 0.00000000000000000E+000
 0.00000000000000000E+000
 0.00000000000000000E+000
 0.00000000000000000E+000
 0.00000000000000000E+000
 0.00000000000000000E+000
 0.00000000000000000E+000
 0.00000000000000000E+000
 0.00000000000000000E+000
 0.00000000000000000E+000
# INPUT: mlcanopy_inst__lwp_bef_leaf(1,100,2)
 0.00000000000000000E+000
-4.32396839767907271E-001
-4.87544976189668855E-001
-5.26389238763897316E-001
-5.57625123483036056E-001
-5.86889535974520093E-001
-6.16513461549196728E-001
-6.45536023681867466E-001
-6.77653299162149558E-001
-7.12754700180904588E-001
-7.52621950895597358E-001
-7.98784327812348982E-001
-8.47808800881347580E-001
-9.06939959227530235E-001
-9.87419239156081208E-001
-1.08191800701773233E+000
-1.19225436386724515E+000
-1.31333772191832576E+000
-1.42948306798795177E+000
-1.50979841971738793E+000
 0.00000000000000000E+000
 0.00000000000000000E+000
 0.00000000000000000E+000
 0.00000000000000000E+000
 0.00000000000000000E+000
 0.00000000000000000E+000
 0.00000000000000000E+000
 0.00000000000000000E+000
 0.00000000000000000E+000
 0.00000000000000000E+000
 0.00000000000000000E+000
 0.00000000000000000E+000
 0.00000000000000000E+000
 0.00000000000000000E+000
 0.00000000000000000E+000
 0.00000000000000000E+000
 0.00000000000000000E+000
 0.00000000000000000E+000
 0.00000000000000000E+000
 0.00000000000000000E+000
 0.00000000000000000E+000
 0.00000000000000000E+000
 0.00000000000000000E+000
 0.00000000000000000E+000
 0.00000000000000000E+000
 0.00000000000000000E+000
 1.00000000000000004E+036
 1.00000000000000004E+036
 1.00000000000000004E+036
 1.00000000000000004E+036
 1.00000000000000004E+036
 1.00000000000000004E+036
 1.00000000000000004E+036
 1.00000000000000004E+036
 1.00000000000000004E+036
 1.00000000000000004E+036
 1.00000000000000004E+036
 1.00000000000000004E+036
 1.00000000000000004E+036
 1.00000000000000004E+036
 1.00000000000000004E+036
 1.00000000000000004E+036
 1.00000000000000004E+036
 1.00000000000000004E+036
 1.00000000000000004E+036
 1.00000000000000004E+036
 1.00000000000000004E+036
 1.00000000000000004E+036
 1.00000000000000004E+036
 1.00000000000000004E+036
 1.00000000000000004E+036
 1.00000000000000004E+036
 1.00000000000000004E+036
 1.00000000000000004E+036
 1.00000000000000004E+036
 1.00000000000000004E+036
 1.00000000000000004E+036
 1.00000000000000004E+036
 1.00000000000000004E+036
 1.00000000000000004E+036
 1.00000000000000004E+036
 1.00000000000000004E+036
 1.00000000000000004E+036
 1.00000000000000004E+036
 1.00000000000000004E+036
 1.00000000000000004E+036
 1.00000000000000004E+036
 1.00000000000000004E+036
 1.00000000000000004E+036
 1.00000000000000004E+036
 1.00000000000000004E+036
 1.00000000000000004E+036
 1.00000000000000004E+036
 1.00000000000000004E+036
 1.00000000000000004E+036
 1.00000000000000004E+036
 1.00000000000000004E+036
 1.00000000000000004E+036
 1.00000000000000004E+036
 1.00000000000000004E+036
 0.00000000000000000E+000
-2.95418950366350352E-001
-3.17285049486048298E-001
-3.35789668427132926E-001
-3.52426492785263001E-001
-3.68305301141621910E-001
-3.88497496309148260E-001
-4.08380630045026782E-001
-4.32192700921468942E-001
-4.61296009308887534E-001
-4.94765651189368050E-001
-5.36706351806745641E-001
-5.85249016688184520E-001
-6.47166110691053675E-001
-7.24229285547623669E-001
-8.16736833087457037E-001
-9.26157221623891136E-001
-1.04931294120476992E+000
-1.16996509556322348E+000
-1.27092691795698043E+000
 0.00000000000000000E+000
 0.00000000000000000E+000
 0.00000000000000000E+000
 0.00000000000000000E+000
 0.00000000000000000E+000
 0.00000000000000000E+000
 0.00000000000000000E+000
 0.00000000000000000E+000
 0.00000000000000000E+000
 0.00000000000000000E+000
 0.00000000000000000E+000
 0.00000000000000000E+000
 0.00000000000000000E+000
 0.00000000000000000E+000
 0.00000000000000000E+000
 0.00000000000000000E+000
 0.00000000000000000E+000
 0.00000000000000000E+000
 0.00000000000000000E+000
 0.00000000000000000E+000
 0.00000000000000000E+000
 0.00000000000000000E+000
 0.00000000000000000E+000
 0.00000000000000000E+000
 0.00000000000000000E+000
 0.00000000000000000E+000
 1.00000000000000004E+036
 1.00000000000000004E+036
 1.00000000000000004E+036
 1.00000000000000004E+036
 1.00000000000000004E+036
 1.00000000000000004E+036
 1.00000000000000004E+036
 1.00000000000000004E+036
 1.00000000000000004E+036
 1.00000000000000004E+036
 1.00000000000000004E+036
 1.00000000000000004E+036
 1.00000000000000004E+036
 1.00000000000000004E+036
 1.00000000000000004E+036
 1.00000000000000004E+036
 1.00000000000000004E+036
 1.00000000000000004E+036
 1.00000000000000004E+036
 1.00000000000000004E+036
 1.00000000000000004E+036
 1.00000000000000004E+036
 1.00000000000000004E+036
 1.00000000000000004E+036
 1.00000000000000004E+036
 1.00000000000000004E+036
 1.00000000000000004E+036
 1.00000000000000004E+036
 1.00000000000000004E+036
 1.00000000000000004E+036
 1.00000000000000004E+036
 1.00000000000000004E+036
 1.00000000000000004E+036
 1.00000000000000004E+036
 1.00000000000000004E+036
 1.00000000000000004E+036
 1.00000000000000004E+036
 1.00000000000000004E+036
 1.00000000000000004E+036
 1.00000000000000004E+036
 1.00000000000000004E+036
 1.00000000000000004E+036
 1.00000000000000004E+036
 1.00000000000000004E+036
 1.00000000000000004E+036
 1.00000000000000004E+036
 1.00000000000000004E+036
 1.00000000000000004E+036
 1.00000000000000004E+036
 1.00000000000000004E+036
 1.00000000000000004E+036
 1.00000000000000004E+036
 1.00000000000000004E+036
 1.00000000000000004E+036
# INPUT: mlcanopy_inst__lwp_leaf(1,100,2)
 0.00000000000000000E+000
-5.00814589729829951E-001
-5.70455182309711484E-001
-6.17267656471989890E-001
-6.52584399115685221E-001
-6.82250941211408612E-001
-7.10260203683280689E-001
-7.38770674819290263E-001
-7.69246869599987559E-001
-8.01464196520569883E-001
-8.37151523847735723E-001
-8.77087661281566233E-001
-9.19742429988895993E-001
-9.69169509179354849E-001
-1.02632829334771869E+000
-1.10484113151341834E+000
-1.19580877504590388E+000
-1.29665838333686501E+000
-1.39785097273533943E+000
-1.47616895083336908E+000
 0.00000000000000000E+000
 0.00000000000000000E+000
 0.00000000000000000E+000
 0.00000000000000000E+000
 0.00000000000000000E+000
 0.00000000000000000E+000
 0.00000000000000000E+000
 0.00000000000000000E+000
 0.00000000000000000E+000
 0.00000000000000000E+000
 0.00000000000000000E+000
 0.00000000000000000E+000
 0.00000000000000000E+000
 0.00000000000000000E+000
 0.00000000000000000E+000
 0.00000000000000000E+000
 0.00000000000000000E+000
 0.00000000000000000E+000
 0.00000000000000000E+000
 0.00000000000000000E+000
 0.00000000000000000E+000
 0.00000000000000000E+000
 0.00000000000000000E+000
 0.00000000000000000E+000
 0.00000000000000000E+000
 0.00000000000000000E+000
-1.00000000000000006E-001
-1.00000000000000006E-001
-1.00000000000000006E-001
-1.00000000000000006E-001
-1.00000000000000006E-001
-1.00000000000000006E-001
-1.00000000000000006E-001
-1.00000000000000006E-001
-1.00000000000000006E-001
-1.00000000000000006E-001
-1.00000000000000006E-001
-1.00000000000000006E-001
-1.00000000000000006E-001
-1.00000000000000006E-001
-1.00000000000000006E-001
-1.00000000000000006E-001
-1.00000000000000006E-001
-1.00000000000000006E-001
-1.00000000000000006E-001
-1.00000000000000006E-001
-1.00000000000000006E-001
-1.00000000000000006E-001
-1.00000000000000006E-001
-1.00000000000000006E-001
-1.00000000000000006E-001
-1.00000000000000006E-001
-1.00000000000000006E-001
-1.00000000000000006E-001
-1.00000000000000006E-001
-1.00000000000000006E-001
-1.00000000000000006E-001
-1.00000000000000006E-001
-1.00000000000000006E-001
-1.00000000000000006E-001
-1.00000000000000006E-001
-1.00000000000000006E-001
-1.00000000000000006E-001
-1.00000000000000006E-001
-1.00000000000000006E-001
-1.00000000000000006E-001
-1.00000000000000006E-001
-1.00000000000000006E-001
-1.00000000000000006E-001
-1.00000000000000006E-001
-1.00000000000000006E-001
-1.00000000000000006E-001
-1.00000000000000006E-001
-1.00000000000000006E-001
-1.00000000000000006E-001
-1.00000000000000006E-001
-1.00000000000000006E-001
-1.00000000000000006E-001
-1.00000000000000006E-001
-1.00000000000000006E-001
 0.00000000000000000E+000
-2.87290085460641720E-001
-3.06585760277155894E-001
-3.22940885379468690E-001
-3.36969918004387636E-001
-3.50700208811438374E-001
-3.67702495262110574E-001
-3.84789044329766572E-001
-4.05292647585606736E-001
-4.30024766470038899E-001
-4.57273902797229292E-001
-4.91831415509650816E-001
-5.32718103860158498E-001
-5.83477997577178220E-001
-6.45657641762772627E-001
-7.21403782041509456E-001
-8.11541947376301254E-001
-9.14550799153881266E-001
-1.02021189961360914E+000
-1.11553634886979025E+000
 0.00000000000000000E+000
 0.00000000000000000E+000
 0.00000000000000000E+000
 0.00000000000000000E+000
 0.00000000000000000E+000
 0.00000000000000000E+000
 0.00000000000000000E+000
 0.00000000000000000E+000
 0.00000000000000000E+000
 0.00000000000000000E+000
 0.00000000000000000E+000
 0.00000000000000000E+000
 0.00000000000000000E+000
 0.00000000000000000E+000
 0.00000000000000000E+000
 0.00000000000000000E+000
 0.00000000000000000E+000
 0.00000000000000000E+000
 0.00000000000000000E+000
 0.00000000000000000E+000
 0.00000000000000000E+000
 0.00000000000000000E+000
 0.00000000000000000E+000
 0.00000000000000000E+000
 0.00000000000000000E+000
 0.00000000000000000E+000
-1.00000000000000006E-001
-1.00000000000000006E-001
-1.00000000000000006E-001
-1.00000000000000006E-001
-1.00000000000000006E-001
-1.00000000000000006E-001
-1.00000000000000006E-001
-1.00000000000000006E-001
-1.00000000000000006E-001
-1.00000000000000006E-001
-1.00000000000000006E-001
-1.00000000000000006E-001
-1.00000000000000006E-001
-1.00000000000000006E-001
-1.00000000000000006E-001
-1.00000000000000006E-001
-1.00000000000000006E-001
-1.00000000000000006E-001
-1.00000000000000006E-001
-1.00000000000000006E-001
-1.00000000000000006E-001
-1.00000000000000006E-001
-1.00000000000000006E-001
-1.00000000000000006E-001
-1.00000000000000006E-001
-1.00000000000000006E-001
-1.00000000000000006E-001
-1.00000000000000006E-001
-1.00000000000000006E-001
-1.00000000000000006E-001
-1.00000000000000006E-001
-1.00000000000000006E-001
-1.00000000000000006E-001
-1.00000000000000006E-001
-1.00000000000000006E-001
-1.00000000000000006E-001
-1.00000000000000006E-001
-1.00000000000000006E-001
-1.00000000000000006E-001
-1.00000000000000006E-001
-1.00000000000000006E-001
-1.00000000000000006E-001
-1.00000000000000006E-001
-1.00000000000000006E-001
-1.00000000000000006E-001
-1.00000000000000006E-001
-1.00000000000000006E-001
-1.00000000000000006E-001
-1.00000000000000006E-001
-1.00000000000000006E-001
-1.00000000000000006E-001
-1.00000000000000006E-001
-1.00000000000000006E-001
-1.00000000000000006E-001
# INPUT: mlcanopy_inst__ncan_canopy(1)
46
# INPUT: mlcanopy_inst__tair_bef_profile(1,100)
 3.00250394963792132E+002
 3.00126930396673345E+002
 3.00003558274484874E+002
 2.99879383449223269E+002
 2.99755518042588733E+002
 2.99633498818491944E+002
 2.99514594182373344E+002
 2.99401852336548188E+002
 2.99297700241176813E+002
 2.99204452394589396E+002
 2.99125812646315467E+002
 2.99064591882235391E+002
 2.99024392893416291E+002
 2.99007068915884588E+002
 2.99013806435925289E+002
 2.99046817924653851E+002
 2.99107169898168081E+002
 2.99194317701413297E+002
 2.99305792141150960E+002
 2.99435329179912685E+002
 2.99567487622545116E+002
 2.99680479653562600E+002
 2.99782993649442517E+002
 2.99878918915764359E+002
 2.99970268289662044E+002
 3.00058214563925276E+002
 3.00143484428823456E+002
 3.00226557168272791E+002
 3.00307765659725646E+002
 3.00387352883511255E+002
 3.00465496143952407E+002
 3.00542336758858085E+002
 3.00617983951947963E+002
 3.00692526254218592E+002
 3.00766043748277127E+002
 3.00838602210099396E+002
 3.00910252793481675E+002
 3.00981046976429070E+002
 3.01051034350904729E+002
 3.01120257925342571E+002
 3.01188754116119355E+002
 3.01256567169100322E+002
 3.01323726390427339E+002
 3.01390270668358085E+002
 3.01456232438189659E+002
 3.01521643491650991E+002
 1.00000000000000004E+036
 1.00000000000000004E+036
 1.00000000000000004E+036
 1.00000000000000004E+036
 1.00000000000000004E+036
 1.00000000000000004E+036
 1.00000000000000004E+036
 1.00000000000000004E+036
 1.00000000000000004E+036
 1.00000000000000004E+036
 1.00000000000000004E+036
 1.00000000000000004E+036
 1.00000000000000004E+036
 1.00000000000000004E+036
 1.00000000000000004E+036
 1.00000000000000004E+036
 1.00000000000000004E+036
 1.00000000000000004E+036
 1.00000000000000004E+036
 1.00000000000000004E+036
 1.00000000000000004E+036
 1.00000000000000004E+036
 1.00000000000000004E+036
 1.00000000000000004E+036
 1.00000000000000004E+036
 1.00000000000000004E+036
 1.00000000000000004E+036
 1.00000000000000004E+036
 1.00000000000000004E+036
 1.00000000000000004E+036
 1.00000000000000004E+036
 1.00000000000000004E+036
 1.00000000000000004E+036
 1.00000000000000004E+036
 1.00000000000000004E+036
 1.00000000000000004E+036
 1.00000000000000004E+036
 1.00000000000000004E+036
 1.00000000000000004E+036
 1.00000000000000004E+036
 1.00000000000000004E+036
 1.00000000000000004E+036
 1.00000000000000004E+036
 1.00000000000000004E+036
 1.00000000000000004E+036
 1.00000000000000004E+036
 1.00000000000000004E+036
 1.00000000000000004E+036
 1.00000000000000004E+036
 1.00000000000000004E+036
 1.00000000000000004E+036
 1.00000000000000004E+036
 1.00000000000000004E+036
 1.00000000000000004E+036
# INPUT: mlcanopy_inst__tair_profile(1,100)
 3.00333034113654605E+002
 3.00158240952111385E+002
 2.99995351965713553E+002
 2.99836429295869607E+002
 2.99679510082982006E+002
 2.99523859474157689E+002
 2.99369722564828976E+002
 2.99219249810371934E+002
 2.99075789643201972E+002
 2.98944013920971429E+002
 2.98828647131396053E+002
 2.98733464111056946E+002
 2.98663051775586325E+002
 2.98621443903267902E+002
 2.98612514993970194E+002
 2.98635943602862028E+002
 2.98693526977801298E+002
 2.98785057112044001E+002
 2.98907414641904040E+002
 2.99053003609384177E+002
 2.99204414516653287E+002
 2.99332450619254189E+002
 2.99448448608334218E+002
 2.99557414093008788E+002
 2.99661325198670681E+002
 2.99761695657376436E+002
 2.99859184994367638E+002
 2.99954342198066627E+002
 3.00047524526027303E+002
 3.00138925481306160E+002
 3.00228790037440604E+002
 3.00317194339876778E+002
 3.00404287504463866E+002
 3.00490140226244193E+002
 3.00574830972194320E+002
 3.00658434672181954E+002
 3.00740999180533606E+002
 3.00822602506711860E+002
 3.00903273955143391E+002
 3.00983075587770259E+002
 3.01062052851868941E+002
 3.01140248736506408E+002
 3.01217713285669674E+002
 3.01294483241355124E+002
 3.01370608074532527E+002
 3.01446123213502915E+002
 1.00000000000000004E+036
 1.00000000000000004E+036
 1.00000000000000004E+036
 1.00000000000000004E+036
 1.00000000000000004E+036
 1.00000000000000004E+036
 1.00000000000000004E+036
 1.00000000000000004E+036
 1.00000000000000004E+036
 1.00000000000000004E+036
 1.00000000000000004E+036
 1.00000000000000004E+036
 1.00000000000000004E+036
 1.00000000000000004E+036
 1.00000000000000004E+036
 1.00000000000000004E+036
 1.00000000000000004E+036
 1.00000000000000004E+036
 1.00000000000000004E+036
 1.00000000000000004E+036
 1.00000000000000004E+036
 1.00000000000000004E+036
 1.00000000000000004E+036
 1.00000000000000004E+036
 1.00000000000000004E+036
 1.00000000000000004E+036
 1.00000000000000004E+036
 1.00000000000000004E+036
 1.00000000000000004E+036
 1.00000000000000004E+036
 1.00000000000000004E+036
 1.00000000000000004E+036
 1.00000000000000004E+036
 1.00000000000000004E+036
 1.00000000000000004E+036
 1.00000000000000004E+036
 1.00000000000000004E+036
 1.00000000000000004E+036
 1.00000000000000004E+036
 1.00000000000000004E+036
 1.00000000000000004E+036
 1.00000000000000004E+036
 1.00000000000000004E+036
 1.00000000000000004E+036
 1.00000000000000004E+036
 1.00000000000000004E+036
 1.00000000000000004E+036
 1.00000000000000004E+036
 1.00000000000000004E+036
 1.00000000000000004E+036
 1.00000000000000004E+036
 1.00000000000000004E+036
 1.00000000000000004E+036
 1.00000000000000004E+036
# INPUT: mlcanopy_inst__tg_bef_soil(1)
 3.00884369548608106E+002
# INPUT: mlcanopy_inst__tg_soil(1)
 3.00852143122216319E+002
# INPUT: mlcanopy_inst__tleaf_bef_leaf(1,100,2)
 3.00250394963792132E+002
 3.04883812510209566E+002
 3.03764297788063516E+002
 3.03023214147764634E+002
 3.02466218837202973E+002
 3.01875975922113867E+002
 3.01345635898021669E+002
 3.00869259909302343E+002
 3.00439872928595435E+002
 3.00046201206711544E+002
 2.99678796790067167E+002
 2.99331293934419705E+002
 2.99071350603463372E+002
 2.98830754184691898E+002
 2.98483385925672508E+002
 2.98172483169449379E+002
 2.97895381510106631E+002
 2.97652293831075212E+002
 2.97473102180264675E+002
 2.97511433022815822E+002
 2.99567487622545116E+002
 2.99680479653562600E+002
 2.99782993649442517E+002
 2.99878918915764359E+002
 2.99970268289662044E+002
 3.00058214563925276E+002
 3.00143484428823456E+002
 3.00226557168272791E+002
 3.00307765659725646E+002
 3.00387352883511255E+002
 3.00465496143952407E+002
 3.00542336758858085E+002
 3.00617983951947963E+002
 3.00692526254218592E+002
 3.00766043748277127E+002
 3.00838602210099396E+002
 3.00910252793481675E+002
 3.00981046976429070E+002
 3.01051034350904729E+002
 3.01120257925342571E+002
 3.01188754116119355E+002
 3.01256567169100322E+002
 3.01323726390427339E+002
 3.01390270668358085E+002
 3.01456232438189659E+002
 3.01521643491650991E+002
 1.00000000000000004E+036
 1.00000000000000004E+036
 1.00000000000000004E+036
 1.00000000000000004E+036
 1.00000000000000004E+036
 1.00000000000000004E+036
 1.00000000000000004E+036
 1.00000000000000004E+036
 1.00000000000000004E+036
 1.00000000000000004E+036
 1.00000000000000004E+036
 1.00000000000000004E+036
 1.00000000000000004E+036
 1.00000000000000004E+036
 1.00000000000000004E+036
 1.00000000000000004E+036
 1.00000000000000004E+036
 1.00000000000000004E+036
 1.00000000000000004E+036
 1.00000000000000004E+036
 1.00000000000000004E+036
 1.00000000000000004E+036
 1.00000000000000004E+036
 1.00000000000000004E+036
 1.00000000000000004E+036
 1.00000000000000004E+036
 1.00000000000000004E+036
 1.00000000000000004E+036
 1.00000000000000004E+036
 1.00000000000000004E+036
 1.00000000000000004E+036
 1.00000000000000004E+036
 1.00000000000000004E+036
 1.00000000000000004E+036
 1.00000000000000004E+036
 1.00000000000000004E+036
 1.00000000000000004E+036
 1.00000000000000004E+036
 1.00000000000000004E+036
 1.00000000000000004E+036
 1.00000000000000004E+036
 1.00000000000000004E+036
 1.00000000000000004E+036
 1.00000000000000004E+036
 1.00000000000000004E+036
 1.00000000000000004E+036
 1.00000000000000004E+036
 1.00000000000000004E+036
 1.00000000000000004E+036
 1.00000000000000004E+036
 1.00000000000000004E+036
 1.00000000000000004E+036
 1.00000000000000004E+036
 1.00000000000000004E+036
 3.00250394963792132E+002
 3.00525809862626318E+002
 3.00185757684656778E+002
 2.99949500474313822E+002
 2.99758461857668124E+002
 2.99597943010548647E+002
 2.99393431133034312E+002
 2.99219326424986093E+002
 2.99053605790429970E+002
 2.98845697918582232E+002
 2.98660333342731292E+002
 2.98442529872572777E+002
 2.98246777304868488E+002
 2.98045947969304564E+002
 2.97831115330261696E+002
 2.97615129297592034E+002
 2.97406877421493618E+002
 2.97190292181236941E+002
 2.97009702912226203E+002
 2.96898328429039964E+002
 2.99567487622545116E+002
 2.99680479653562600E+002
 2.99782993649442517E+002
 2.99878918915764359E+002
 2.99970268289662044E+002
 3.00058214563925276E+002
 3.00143484428823456E+002
 3.00226557168272791E+002
 3.00307765659725646E+002
 3.00387352883511255E+002
 3.00465496143952407E+002
 3.00542336758858085E+002
 3.00617983951947963E+002
 3.00692526254218592E+002
 3.00766043748277127E+002
 3.00838602210099396E+002
 3.00910252793481675E+002
 3.00981046976429070E+002
 3.01051034350904729E+002
 3.01120257925342571E+002
 3.01188754116119355E+002
 3.01256567169100322E+002
 3.01323726390427339E+002
 3.01390270668358085E+002
 3.01456232438189659E+002
 3.01521643491650991E+002
 1.00000000000000004E+036
 1.00000000000000004E+036
 1.00000000000000004E+036
 1.00000000000000004E+036
 1.00000000000000004E+036
 1.00000000000000004E+036
 1.00000000000000004E+036
 1.00000000000000004E+036
 1.00000000000000004E+036
 1.00000000000000004E+036
 1.00000000000000004E+036
 1.00000000000000004E+036
 1.00000000000000004E+036
 1.00000000000000004E+036
 1.00000000000000004E+036
 1.00000000000000004E+036
 1.00000000000000004E+036
 1.00000000000000004E+036
 1.00000000000000004E+036
 1.00000000000000004E+036
 1.00000000000000004E+036
 1.00000000000000004E+036
 1.00000000000000004E+036
 1.00000000000000004E+036
 1.00000000000000004E+036
 1.00000000000000004E+036
 1.00000000000000004E+036
 1.00000000000000004E+036
 1.00000000000000004E+036
 1.00000000000000004E+036
 1.00000000000000004E+036
 1.00000000000000004E+036
 1.00000000000000004E+036
 1.00000000000000004E+036
 1.00000000000000004E+036
 1.00000000000000004E+036
 1.00000000000000004E+036
 1.00000000000000004E+036
 1.00000000000000004E+036
 1.00000000000000004E+036
 1.00000000000000004E+036
 1.00000000000000004E+036
 1.00000000000000004E+036
 1.00000000000000004E+036
 1.00000000000000004E+036
 1.00000000000000004E+036
 1.00000000000000004E+036
 1.00000000000000004E+036
 1.00000000000000004E+036
 1.00000000000000004E+036
 1.00000000000000004E+036
 1.00000000000000004E+036
 1.00000000000000004E+036
 1.00000000000000004E+036
# INPUT: mlcanopy_inst__tleaf_leaf(1,100,2)
 3.00333034113654605E+002
 3.04871767295374070E+002
 3.03685066278085799E+002
 3.02907786799687244E+002
 3.02331185746552933E+002
 3.01872492834923889E+002
 3.01486730571453336E+002
 3.00988034872932701E+002
 3.00512235202229988E+002
 3.00084103464161160E+002
 2.99676530595054373E+002
 2.99304873960660245E+002
 2.98970567917280277E+002
 2.98642203235631996E+002
 2.98423423009995133E+002
 2.98060818035080501E+002
 2.97738014490527860E+002
 2.97458734968657438E+002
 2.97237522368326097E+002
 2.97144299413694739E+002
 2.99204414516653287E+002
 2.99332450619254189E+002
 2.99448448608334218E+002
 2.99557414093008788E+002
 2.99661325198670681E+002
 2.99761695657376436E+002
 2.99859184994367638E+002
 2.99954342198066627E+002
 3.00047524526027303E+002
 3.00138925481306160E+002
 3.00228790037440604E+002
 3.00317194339876778E+002
 3.00404287504463866E+002
 3.00490140226244193E+002
 3.00574830972194320E+002
 3.00658434672181954E+002
 3.00740999180533606E+002
 3.00822602506711860E+002
 3.00903273955143391E+002
 3.00983075587770259E+002
 3.01062052851868941E+002
 3.01140248736506408E+002
 3.01217713285669674E+002
 3.01294483241355124E+002
 3.01370608074532527E+002
 3.01446123213502915E+002
 1.00000000000000004E+036
 1.00000000000000004E+036
 1.00000000000000004E+036
 1.00000000000000004E+036
 1.00000000000000004E+036
 1.00000000000000004E+036
 1.00000000000000004E+036
 1.00000000000000004E+036
 1.00000000000000004E+036
 1.00000000000000004E+036
 1.00000000000000004E+036
 1.00000000000000004E+036
 1.00000000000000004E+036
 1.00000000000000004E+036
 1.00000000000000004E+036
 1.00000000000000004E+036
 1.00000000000000004E+036
 1.00000000000000004E+036
 1.00000000000000004E+036
 1.00000000000000004E+036
 1.00000000000000004E+036
 1.00000000000000004E+036
 1.00000000000000004E+036
 1.00000000000000004E+036
 1.00000000000000004E+036
 1.00000000000000004E+036
 1.00000000000000004E+036
 1.00000000000000004E+036
 1.00000000000000004E+036
 1.00000000000000004E+036
 1.00000000000000004E+036
 1.00000000000000004E+036
 1.00000000000000004E+036
 1.00000000000000004E+036
 1.00000000000000004E+036
 1.00000000000000004E+036
 1.00000000000000004E+036
 1.00000000000000004E+036
 1.00000000000000004E+036
 1.00000000000000004E+036
 1.00000000000000004E+036
 1.00000000000000004E+036
 1.00000000000000004E+036
 1.00000000000000004E+036
 1.00000000000000004E+036
 1.00000000000000004E+036
 1.00000000000000004E+036
 1.00000000000000004E+036
 1.00000000000000004E+036
 1.00000000000000004E+036
 1.00000000000000004E+036
 1.00000000000000004E+036
 1.00000000000000004E+036
 1.00000000000000004E+036
 3.00333034113654605E+002
 3.00453472903522766E+002
 3.00087257162273772E+002
 2.99838966944372658E+002
 2.99642885394849827E+002
 2.99466898471008847E+002
 2.99267397979547866E+002
 2.99064506012372760E+002
 2.98840254849927703E+002
 2.98611179728876436E+002
 2.98403267519641531E+002
 2.98170984421627566E+002
 2.97933838171045579E+002
 2.97682073495418877E+002
 2.97463993704838288E+002
 2.97236201380382624E+002
 2.97010322060897465E+002
 2.96796686459076454E+002
 2.96620327575028284E+002
 2.96520086103570691E+002
 2.99204414516653287E+002
 2.99332450619254189E+002
 2.99448448608334218E+002
 2.99557414093008788E+002
 2.99661325198670681E+002
 2.99761695657376436E+002
 2.99859184994367638E+002
 2.99954342198066627E+002
 3.00047524526027303E+002
 3.00138925481306160E+002
 3.00228790037440604E+002
 3.00317194339876778E+002
 3.00404287504463866E+002
 3.00490140226244193E+002
 3.00574830972194320E+002
 3.00658434672181954E+002
 3.00740999180533606E+002
 3.00822602506711860E+002
 3.00903273955143391E+002
 3.00983075587770259E+002
 3.01062052851868941E+002
 3.01140248736506408E+002
 3.01217713285669674E+002
 3.01294483241355124E+002
 3.01370608074532527E+002
 3.01446123213502915E+002
 1.00000000000000004E+036
 1.00000000000000004E+036
 1.00000000000000004E+036
 1.00000000000000004E+036
 1.00000000000000004E+036
 1.00000000000000004E+036
 1.00000000000000004E+036
 1.00000000000000004E+036
 1.00000000000000004E+036
 1.00000000000000004E+036
 1.00000000000000004E+036
 1.00000000000000004E+036
 1.00000000000000004E+036
 1.00000000000000004E+036
 1.00000000000000004E+036
 1.00000000000000004E+036
 1.00000000000000004E+036
 1.00000000000000004E+036
 1.00000000000000004E+036
 1.00000000000000004E+036
 1.00000000000000004E+036
 1.00000000000000004E+036
 1.00000000000000004E+036
 1.00000000000000004E+036
 1.00000000000000004E+036
 1.00000000000000004E+036
 1.00000000000000004E+036
 1.00000000000000004E+036
 1.00000000000000004E+036
 1.00000000000000004E+036
 1.00000000000000004E+036
 1.00000000000000004E+036
 1.00000000000000004E+036
 1.00000000000000004E+036
 1.00000000000000004E+036
 1.00000000000000004E+036
 1.00000000000000004E+036
 1.00000000000000004E+036
 1.00000000000000004E+036
 1.00000000000000004E+036
 1.00000000000000004E+036
 1.00000000000000004E+036
 1.00000000000000004E+036
 1.00000000000000004E+036
 1.00000000000000004E+036
 1.00000000000000004E+036
 1.00000000000000004E+036
 1.00000000000000004E+036
 1.00000000000000004E+036
 1.00000000000000004E+036
 1.00000000000000004E+036
 1.00000000000000004E+036
 1.00000000000000004E+036
 1.00000000000000004E+036
# OUTPUT: mlcanopy_inst__deair_profile(1,100,4)
 1.16615246584735814E+002
 1.01912965059596218E+002
 9.29393643436794719E+001
 8.78837853017421367E+001
 8.52572298793415939E+001
 8.39925542353992114E+001
 8.33614779670899679E+001
 8.28619694553840418E+001
 8.22016782057635282E+001
 8.11356954297846187E+001
 7.96993011918207230E+001
 7.78894435122761024E+001
 7.57334223262109845E+001
 7.32842628091059396E+001
 7.05993689690108113E+001
 6.77766201414926854E+001
 6.48779049061727164E+001
 6.19501582817836152E+001
 5.90657775352240151E+001
 5.63143786329483191E+001
 5.37974440241803222E+001
 5.16640754371128423E+001
 4.96897404726839795E+001
 4.77813927626641544E+001
 4.59002626320016134E+001
 4.40292559489387259E+001
 4.21500681140389588E+001
 4.02672147375496934E+001
 3.83833270267091393E+001
 3.64965591037910144E+001
 3.46058802162076518E+001
 3.27125432811385508E+001
 3.08125209042673305E+001
 2.89117346484572408E+001
 2.70113019000777967E+001
 2.51122988049306741E+001
 2.32145336147789294E+001
 2.13179578681319981E+001
 1.94222304784109383E+001
 1.75307814056022835E+001
 1.56424389751559829E+001
 1.37585674858974016E+001
 1.18793937274823520E+001
 1.00051509760170347E+001
 8.13550266864820060E+000
 6.27160880311816982E+000
 1.00000000000000004E+036
 1.00000000000000004E+036
 1.00000000000000004E+036
 1.00000000000000004E+036
 1.00000000000000004E+036
 1.00000000000000004E+036
 1.00000000000000004E+036
 1.00000000000000004E+036
 1.00000000000000004E+036
 1.00000000000000004E+036
 1.00000000000000004E+036
 1.00000000000000004E+036
 1.00000000000000004E+036
 1.00000000000000004E+036
 1.00000000000000004E+036
 1.00000000000000004E+036
 1.00000000000000004E+036
 1.00000000000000004E+036
 1.00000000000000004E+036
 1.00000000000000004E+036
 1.00000000000000004E+036
 1.00000000000000004E+036
 1.00000000000000004E+036
 1.00000000000000004E+036
 1.00000000000000004E+036
 1.00000000000000004E+036
 1.00000000000000004E+036
 1.00000000000000004E+036
 1.00000000000000004E+036
 1.00000000000000004E+036
 1.00000000000000004E+036
 1.00000000000000004E+036
 1.00000000000000004E+036
 1.00000000000000004E+036
 1.00000000000000004E+036
 1.00000000000000004E+036
 1.00000000000000004E+036
 1.00000000000000004E+036
 1.00000000000000004E+036
 1.00000000000000004E+036
 1.00000000000000004E+036
 1.00000000000000004E+036
 1.00000000000000004E+036
 1.00000000000000004E+036
 1.00000000000000004E+036
 1.00000000000000004E+036
 1.00000000000000004E+036
 1.00000000000000004E+036
 1.00000000000000004E+036
 1.00000000000000004E+036
 1.00000000000000004E+036
 1.00000000000000004E+036
 1.00000000000000004E+036
 1.00000000000000004E+036
 1.36399500113875774E+002
 1.10313079326145271E+002
 9.71140360092686024E+001
 9.14180657808087744E+001
 8.99886773463999816E+001
 9.08685880981131504E+001
 9.27127621935078423E+001
 9.48554174115827209E+001
 9.66693971725226220E+001
 9.78768035650173260E+001
 9.83133174659760698E+001
 9.79332070577147533E+001
 9.67375152736372002E+001
 9.47676205688981099E+001
 9.21414890426999591E+001
 8.89583290458299416E+001
 8.53298990522764598E+001
 8.13686932675193475E+001
 7.72341064922284204E+001
 7.31151868869683312E+001
 6.92456915803818447E+001
 6.60836723210989021E+001
 6.32243173333947652E+001
 6.05056986503484495E+001
 5.78335393227391705E+001
 5.52132372732999102E+001
 5.26312952276443866E+001
 5.00756629012444137E+001
 4.75284133758066218E+001
 4.50036755566479769E+001
 4.24976669560039682E+001
 4.00057307649224185E+001
 3.75266302424506648E+001
 3.50643952936445658E+001
 3.26183925847897171E+001
 3.01859654373778312E+001
 2.77670346607919782E+001
 2.53617580549267814E+001
 2.29699249672771657E+001
 2.05889795336033785E+001
 1.82182259017557726E+001
 1.58598141443874283E+001
 1.35098858628726930E+001
 1.11673535385086780E+001
 8.83247889743722681E+000
 6.50396803157286740E+000
 1.00000000000000004E+036
 1.00000000000000004E+036
 1.00000000000000004E+036
 1.00000000000000004E+036
 1.00000000000000004E+036
 1.00000000000000004E+036
 1.00000000000000004E+036
 1.00000000000000004E+036
 1.00000000000000004E+036
 1.00000000000000004E+036
 1.00000000000000004E+036
 1.00000000000000004E+036
 1.00000000000000004E+036
 1.00000000000000004E+036
 1.00000000000000004E+036
 1.00000000000000004E+036
 1.00000000000000004E+036
 1.00000000000000004E+036
 1.00000000000000004E+036
 1.00000000000000004E+036
 1.00000000000000004E+036
 1.00000000000000004E+036
 1.00000000000000004E+036
 1.00000000000000004E+036
 1.00000000000000004E+036
 1.00000000000000004E+036
 1.00000000000000004E+036
 1.00000000000000004E+036
 1.00000000000000004E+036
 1.00000000000000004E+036
 1.00000000000000004E+036
 1.00000000000000004E+036
 1.00000000000000004E+036
 1.00000000000000004E+036
 1.00000000000000004E+036
 1.00000000000000004E+036
 1.00000000000000004E+036
 1.00000000000000004E+036
 1.00000000000000004E+036
 1.00000000000000004E+036
 1.00000000000000004E+036
 1.00000000000000004E+036
 1.00000000000000004E+036
 1.00000000000000004E+036
 1.00000000000000004E+036
 1.00000000000000004E+036
 1.00000000000000004E+036
 1.00000000000000004E+036
 1.00000000000000004E+036
 1.00000000000000004E+036
 1.00000000000000004E+036
 1.00000000000000004E+036
 1.00000000000000004E+036
 1.00000000000000004E+036
 1.40521699700462705E+002
 1.11845728359041686E+002
 9.77322373092158614E+001
 9.19253256478482399E+001
 9.07852936914675865E+001
 9.21502060056384380E+001
 9.45777311160475165E+001
 9.72298160857296807E+001
 9.95625761589212743E+001
 1.01261802092555854E+002
 1.02131538426921679E+002
 1.02103544868365589E+002
 1.01166397211765570E+002
 9.92952238843481609E+001
 9.66904925588205515E+001
 9.34496438087689967E+001
 8.96680608357464735E+001
 8.54804012624831557E+001
 8.10690750751787164E+001
 7.66482407851653988E+001
 7.24875696997264640E+001
 6.91052279242990153E+001
 6.60562823118962115E+001
 6.31612363943181663E+001
 6.03162292951483323E+001
 5.75408089964439569E+001
 5.48101383877619810E+001
 5.21019547478417735E+001
 4.94172115435196702E+001
 4.67598260875265623E+001
 4.41242276124610271E+001
 4.15028680951877504E+001
 3.89044391189561338E+001
 3.63265691607953158E+001
 3.37641762066741649E+001
 3.12211885627906440E+001
 2.86963001406465992E+001
 2.61868155835693415E+001
 2.36907410254524393E+001
 2.12107789545872265E+001
 1.87425500199102544E+001
 1.62864561398922660E+001
 1.38403464131245073E+001
 1.14037696084274103E+001
 8.97464522321899949E+000
 6.55135586535743641E+000
 1.00000000000000004E+036
 1.00000000000000004E+036
 1.00000000000000004E+036
 1.00000000000000004E+036
 1.00000000000000004E+036
 1.00000000000000004E+036
 1.00000000000000004E+036
 1.00000000000000004E+036
 1.00000000000000004E+036
 1.00000000000000004E+036
 1.00000000000000004E+036
 1.00000000000000004E+036
 1.00000000000000004E+036
 1.00000000000000004E+036
 1.00000000000000004E+036
 1.00000000000000004E+036
 1.00000000000000004E+036
 1.00000000000000004E+036
 1.00000000000000004E+036
 1.00000000000000004E+036
 1.00000000000000004E+036
 1.00000000000000004E+036
 1.00000000000000004E+036
 1.00000000000000004E+036
 1.00000000000000004E+036
 1.00000000000000004E+036
 1.00000000000000004E+036
 1.00000000000000004E+036
 1.00000000000000004E+036
 1.00000000000000004E+036
 1.00000000000000004E+036
 1.00000000000000004E+036
 1.00000000000000004E+036
 1.00000000000000004E+036
 1.00000000000000004E+036
 1.00000000000000004E+036
 1.00000000000000004E+036
 1.00000000000000004E+036
 1.00000000000000004E+036
 1.00000000000000004E+036
 1.00000000000000004E+036
 1.00000000000000004E+036
 1.00000000000000004E+036
 1.00000000000000004E+036
 1.00000000000000004E+036
 1.00000000000000004E+036
 1.00000000000000004E+036
 1.00000000000000004E+036
 1.00000000000000004E+036
 1.00000000000000004E+036
 1.00000000000000004E+036
 1.00000000000000004E+036
 1.00000000000000004E+036
 1.00000000000000004E+036
 1.65667663746945891E+002
 1.19539836407526536E+002
 9.96208933593040911E+001
 9.31479261680535728E+001
 9.37326422788632954E+001
 9.79954592629903800E+001
 1.03933422816415032E+002
 1.10329884348358974E+002
 1.16373836583971752E+002
 1.21420084841450262E+002
 1.25134645312798739E+002
 1.27363753861344776E+002
 1.28040618981357284E+002
 1.27107125678171769E+002
 1.24610292067204909E+002
 1.20915599970053790E+002
 1.16173059292179232E+002
 1.10586516998285560E+002
 1.04451326746077712E+002
 9.81453176313218592E+001
 9.21553947454899571E+001
 8.73988851881467781E+001
 8.31526399138829220E+001
 7.91086572125809653E+001
 7.52481261493749116E+001
 7.14762447925520519E+001
 6.77978027125284370E+001
 6.41891795404840195E+001
 6.06390395158291540E+001
 5.71541847935081933E+001
 5.37153147210037787E+001
 5.03341709290757535E+001
 4.69987617843755743E+001
 4.37106644820701149E+001
 4.04678906977487713E+001
 3.72661777879030751E+001
 3.41043267847808238E+001
 3.09743137358985905E+001
 2.78789764562246773E+001
 2.48121785846104785E+001
 2.17701887920256922E+001
 1.87516171502197722E+001
 1.57501394400231902E+001
 1.27646689649528753E+001
 9.78974056412482696E+000
 6.82301952822854219E+000
 1.00000000000000004E+036
 1.00000000000000004E+036
 1.00000000000000004E+036
 1.00000000000000004E+036
 1.00000000000000004E+036
 1.00000000000000004E+036
 1.00000000000000004E+036
 1.00000000000000004E+036
 1.00000000000000004E+036
 1.00000000000000004E+036
 1.00000000000000004E+036
 1.00000000000000004E+036
 1.00000000000000004E+036
 1.00000000000000004E+036
 1.00000000000000004E+036
 1.00000000000000004E+036
 1.00000000000000004E+036
 1.00000000000000004E+036
 1.00000000000000004E+036
 1.00000000000000004E+036
 1.00000000000000004E+036
 1.00000000000000004E+036
 1.00000000000000004E+036
 1.00000000000000004E+036
 1.00000000000000004E+036
 1.00000000000000004E+036
 1.00000000000000004E+036
 1.00000000000000004E+036
 1.00000000000000004E+036
 1.00000000000000004E+036
 1.00000000000000004E+036
 1.00000000000000004E+036
 1.00000000000000004E+036
 1.00000000000000004E+036
 1.00000000000000004E+036
 1.00000000000000004E+036
 1.00000000000000004E+036
 1.00000000000000004E+036
 1.00000000000000004E+036
 1.00000000000000004E+036
 1.00000000000000004E+036
 1.00000000000000004E+036
 1.00000000000000004E+036
 1.00000000000000004E+036
 1.00000000000000004E+036
 1.00000000000000004E+036
 1.00000000000000004E+036
 1.00000000000000004E+036
 1.00000000000000004E+036
 1.00000000000000004E+036
 1.00000000000000004E+036
 1.00000000000000004E+036
 1.00000000000000004E+036
 1.00000000000000004E+036
# OUTPUT: mlcanopy_inst__dh2ocan_profile(1,100,4)
 0.00000000000000000E+000
 0.00000000000000000E+000
 0.00000000000000000E+000
 0.00000000000000000E+000
 0.00000000000000000E+000
 0.00000000000000000E+000
 0.00000000000000000E+000
 0.00000000000000000E+000
 0.00000000000000000E+000
 0.00000000000000000E+000
 0.00000000000000000E+000
 0.00000000000000000E+000
 0.00000000000000000E+000
 0.00000000000000000E+000
 0.00000000000000000E+000
 0.00000000000000000E+000
 0.00000000000000000E+000
 0.00000000000000000E+000
 0.00000000000000000E+000
 0.00000000000000000E+000
 0.00000000000000000E+000
 0.00000000000000000E+000
 0.00000000000000000E+000
 0.00000000000000000E+000
 0.00000000000000000E+000
 0.00000000000000000E+000
 0.00000000000000000E+000
 0.00000000000000000E+000
 0.00000000000000000E+000
 0.00000000000000000E+000
 0.00000000000000000E+000
 0.00000000000000000E+000
 0.00000000000000000E+000
 0.00000000000000000E+000
 0.00000000000000000E+000
 0.00000000000000000E+000
 0.00000000000000000E+000
 0.00000000000000000E+000
 0.00000000000000000E+000
 0.00000000000000000E+000
 0.00000000000000000E+000
 0.00000000000000000E+000
 0.00000000000000000E+000
 0.00000000000000000E+000
 0.00000000000000000E+000
 0.00000000000000000E+000
 1.00000000000000004E+036
 1.00000000000000004E+036
 1.00000000000000004E+036
 1.00000000000000004E+036
 1.00000000000000004E+036
 1.00000000000000004E+036
 1.00000000000000004E+036
 1.00000000000000004E+036
 1.00000000000000004E+036
 1.00000000000000004E+036
 1.00000000000000004E+036
 1.00000000000000004E+036
 1.00000000000000004E+036
 1.00000000000000004E+036
 1.00000000000000004E+036
 1.00000000000000004E+036
 1.00000000000000004E+036
 1.00000000000000004E+036
 1.00000000000000004E+036
 1.00000000000000004E+036
 1.00000000000000004E+036
 1.00000000000000004E+036
 1.00000000000000004E+036
 1.00000000000000004E+036
 1.00000000000000004E+036
 1.00000000000000004E+036
 1.00000000000000004E+036
 1.00000000000000004E+036
 1.00000000000000004E+036
 1.00000000000000004E+036
 1.00000000000000004E+036
 1.00000000000000004E+036
 1.00000000000000004E+036
 1.00000000000000004E+036
 1.00000000000000004E+036
 1.00000000000000004E+036
 1.00000000000000004E+036
 1.00000000000000004E+036
 1.00000000000000004E+036
 1.00000000000000004E+036
 1.00000000000000004E+036
 1.00000000000000004E+036
 1.00000000000000004E+036
 1.00000000000000004E+036
 1.00000000000000004E+036
 1.00000000000000004E+036
 1.00000000000000004E+036
 1.00000000000000004E+036
 1.00000000000000004E+036
 1.00000000000000004E+036
 1.00000000000000004E+036
 1.00000000000000004E+036
 1.00000000000000004E+036
 1.00000000000000004E+036
 0.00000000000000000E+000
 0.00000000000000000E+000
 0.00000000000000000E+000
 0.00000000000000000E+000
 0.00000000000000000E+000
 0.00000000000000000E+000
 0.00000000000000000E+000
 0.00000000000000000E+000
 0.00000000000000000E+000
 0.00000000000000000E+000
 0.00000000000000000E+000
 0.00000000000000000E+000
 0.00000000000000000E+000
 0.00000000000000000E+000
 0.00000000000000000E+000
 0.00000000000000000E+000
 0.00000000000000000E+000
 0.00000000000000000E+000
 0.00000000000000000E+000
 0.00000000000000000E+000
 0.00000000000000000E+000
 0.00000000000000000E+000
 0.00000000000000000E+000
 0.00000000000000000E+000
 0.00000000000000000E+000
 0.00000000000000000E+000
 0.00000000000000000E+000
 0.00000000000000000E+000
 0.00000000000000000E+000
 0.00000000000000000E+000
 0.00000000000000000E+000
 0.00000000000000000E+000
 0.00000000000000000E+000
 0.00000000000000000E+000
 0.00000000000000000E+000
 0.00000000000000000E+000
 0.00000000000000000E+000
 0.00000000000000000E+000
 0.00000000000000000E+000
 0.00000000000000000E+000
 0.00000000000000000E+000
 0.00000000000000000E+000
 0.00000000000000000E+000
 0.00000000000000000E+000
 0.00000000000000000E+000
 0.00000000000000000E+000
 1.00000000000000004E+036
 1.00000000000000004E+036
 1.00000000000000004E+036
 1.00000000000000004E+036
 1.00000000000000004E+036
 1.00000000000000004E+036
 1.00000000000000004E+036
 1.00000000000000004E+036
 1.00000000000000004E+036
 1.00000000000000004E+036
 1.00000000000000004E+036
 1.00000000000000004E+036
 1.00000000000000004E+036
 1.00000000000000004E+036
 1.00000000000000004E+036
 1.00000000000000004E+036
 1.00000000000000004E+036
 1.00000000000000004E+036
 1.00000000000000004E+036
 1.00000000000000004E+036
 1.00000000000000004E+036
 1.00000000000000004E+036
 1.00000000000000004E+036
 1.00000000000000004E+036
 1.00000000000000004E+036
 1.00000000000000004E+036
 1.00000000000000004E+036
 1.00000000000000004E+036
 1.00000000000000004E+036
 1.00000000000000004E+036
 1.00000000000000004E+036
 1.00000000000000004E+036
 1.00000000000000004E+036
 1.00000000000000004E+036
 1.00000000000000004E+036
 1.00000000000000004E+036
 1.00000000000000004E+036
 1.00000000000000004E+036
 1.00000000000000004E+036
 1.00000000000000004E+036
 1.00000000000000004E+036
 1.00000000000000004E+036
 1.00000000000000004E+036
 1.00000000000000004E+036
 1.00000000000000004E+036
 1.00000000000000004E+036
 1.00000000000000004E+036
 1.00000000000000004E+036
 1.00000000000000004E+036
 1.00000000000000004E+036
 1.00000000000000004E+036
 1.00000000000000004E+036
 1.00000000000000004E+036
 1.00000000000000004E+036
 0.00000000000000000E+000
 0.00000000000000000E+000
 0.00000000000000000E+000
 0.00000000000000000E+000
 0.00000000000000000E+000
 0.00000000000000000E+000
 0.00000000000000000E+000
 0.00000000000000000E+000
 0.00000000000000000E+000
 0.00000000000000000E+000
 0.00000000000000000E+000
 0.00000000000000000E+000
 0.00000000000000000E+000
 0.00000000000000000E+000
 0.00000000000000000E+000
 0.00000000000000000E+000
 0.00000000000000000E+000
 0.00000000000000000E+000
 0.00000000000000000E+000
 0.00000000000000000E+000
 0.00000000000000000E+000
 0.00000000000000000E+000
 0.00000000000000000E+000
 0.00000000000000000E+000
 0.00000000000000000E+000
 0.00000000000000000E+000
 0.00000000000000000E+000
 0.00000000000000000E+000
 0.00000000000000000E+000
 0.00000000000000000E+000
 0.00000000000000000E+000
 0.00000000000000000E+000
 0.00000000000000000E+000
 0.00000000000000000E+000
 0.00000000000000000E+000
 0.00000000000000000E+000
 0.00000000000000000E+000
 0.00000000000000000E+000
 0.00000000000000000E+000
 0.00000000000000000E+000
 0.00000000000000000E+000
 0.00000000000000000E+000
 0.00000000000000000E+000
 0.00000000000000000E+000
 0.00000000000000000E+000
 0.00000000000000000E+000
 1.00000000000000004E+036
 1.00000000000000004E+036
 1.00000000000000004E+036
 1.00000000000000004E+036
 1.00000000000000004E+036
 1.00000000000000004E+036
 1.00000000000000004E+036
 1.00000000000000004E+036
 1.00000000000000004E+036
 1.00000000000000004E+036
 1.00000000000000004E+036
 1.00000000000000004E+036
 1.00000000000000004E+036
 1.00000000000000004E+036
 1.00000000000000004E+036
 1.00000000000000004E+036
 1.00000000000000004E+036
 1.00000000000000004E+036
 1.00000000000000004E+036
 1.00000000000000004E+036
 1.00000000000000004E+036
 1.00000000000000004E+036
 1.00000000000000004E+036
 1.00000000000000004E+036
 1.00000000000000004E+036
 1.00000000000000004E+036
 1.00000000000000004E+036
 1.00000000000000004E+036
 1.00000000000000004E+036
 1.00000000000000004E+036
 1.00000000000000004E+036
 1.00000000000000004E+036
 1.00000000000000004E+036
 1.00000000000000004E+036
 1.00000000000000004E+036
 1.00000000000000004E+036
 1.00000000000000004E+036
 1.00000000000000004E+036
 1.00000000000000004E+036
 1.00000000000000004E+036
 1.00000000000000004E+036
 1.00000000000000004E+036
 1.00000000000000004E+036
 1.00000000000000004E+036
 1.00000000000000004E+036
 1.00000000000000004E+036
 1.00000000000000004E+036
 1.00000000000000004E+036
 1.00000000000000004E+036
 1.00000000000000004E+036
 1.00000000000000004E+036
 1.00000000000000004E+036
 1.00000000000000004E+036
 1.00000000000000004E+036
 0.00000000000000000E+000
 0.00000000000000000E+000
 0.00000000000000000E+000
 0.00000000000000000E+000
 0.00000000000000000E+000
 0.00000000000000000E+000
 0.00000000000000000E+000
 0.00000000000000000E+000
 0.00000000000000000E+000
 0.00000000000000000E+000
 0.00000000000000000E+000
 0.00000000000000000E+000
 0.00000000000000000E+000
 0.00000000000000000E+000
 0.00000000000000000E+000
 0.00000000000000000E+000
 0.00000000000000000E+000
 0.00000000000000000E+000
 0.00000000000000000E+000
 0.00000000000000000E+000
 0.00000000000000000E+000
 0.00000000000000000E+000
 0.00000000000000000E+000
 0.00000000000000000E+000
 0.00000000000000000E+000
 0.00000000000000000E+000
 0.00000000000000000E+000
 0.00000000000000000E+000
 0.00000000000000000E+000
 0.00000000000000000E+000
 0.00000000000000000E+000
 0.00000000000000000E+000
 0.00000000000000000E+000
 0.00000000000000000E+000
 0.00000000000000000E+000
 0.00000000000000000E+000
 0.00000000000000000E+000
 0.00000000000000000E+000
 0.00000000000000000E+000
 0.00000000000000000E+000
 0.00000000000000000E+000
 0.00000000000000000E+000
 0.00000000000000000E+000
 0.00000000000000000E+000
 0.00000000000000000E+000
 0.00000000000000000E+000
 1.00000000000000004E+036
 1.00000000000000004E+036
 1.00000000000000004E+036
 1.00000000000000004E+036
 1.00000000000000004E+036
 1.00000000000000004E+036
 1.00000000000000004E+036
 1.00000000000000004E+036
 1.00000000000000004E+036
 1.00000000000000004E+036
 1.00000000000000004E+036
 1.00000000000000004E+036
 1.00000000000000004E+036
 1.00000000000000004E+036
 1.00000000000000004E+036
 1.00000000000000004E+036
 1.00000000000000004E+036
 1.00000000000000004E+036
 1.00000000000000004E+036
 1.00000000000000004E+036
 1.00000000000000004E+036
 1.00000000000000004E+036
 1.00000000000000004E+036
 1.00000000000000004E+036
 1.00000000000000004E+036
 1.00000000000000004E+036
 1.00000000000000004E+036
 1.00000000000000004E+036
 1.00000000000000004E+036
 1.00000000000000004E+036
 1.00000000000000004E+036
 1.00000000000000004E+036
 1.00000000000000004E+036
 1.00000000000000004E+036
 1.00000000000000004E+036
 1.00000000000000004E+036
 1.00000000000000004E+036
 1.00000000000000004E+036
 1.00000000000000004E+036
 1.00000000000000004E+036
 1.00000000000000004E+036
 1.00000000000000004E+036
 1.00000000000000004E+036
 1.00000000000000004E+036
 1.00000000000000004E+036
 1.00000000000000004E+036
 1.00000000000000004E+036
 1.00000000000000004E+036
 1.00000000000000004E+036
 1.00000000000000004E+036
 1.00000000000000004E+036
 1.00000000000000004E+036
 1.00000000000000004E+036
 1.00000000000000004E+036
# OUTPUT: mlcanopy_inst__dlwp_leaf(1,100,2,4)
 0.00000000000000000E+000
-6.64829257036480548E-002
-7.98801608406518593E-002
-8.76276541299676470E-002
-9.17895349836863605E-002
-9.35036573754142175E-002
-9.47397522102556566E-002
-9.56449166045021393E-002
-9.45088425953176658E-002
-9.27835374145042913E-002
-8.94004412855797792E-002
-8.40523261207553052E-002
-7.67170534452505937E-002
-6.25865059818568881E-002
-5.09803318119754767E-002
-3.55789242699187103E-002
-1.68451027280149823E-002
 2.79332802234044664E-003
 1.87726377073038631E-002
 3.13440458147871137E-002
 0.00000000000000000E+000
 0.00000000000000000E+000
 0.00000000000000000E+000
 0.00000000000000000E+000
 0.00000000000000000E+000
 0.00000000000000000E+000
 0.00000000000000000E+000
 0.00000000000000000E+000
 0.00000000000000000E+000
 0.00000000000000000E+000
 0.00000000000000000E+000
 0.00000000000000000E+000
 0.00000000000000000E+000
 0.00000000000000000E+000
 0.00000000000000000E+000
 0.00000000000000000E+000
 0.00000000000000000E+000
 0.00000000000000000E+000
 0.00000000000000000E+000
 0.00000000000000000E+000
 0.00000000000000000E+000
 0.00000000000000000E+000
 0.00000000000000000E+000
 0.00000000000000000E+000
 0.00000000000000000E+000
 0.00000000000000000E+000
 1.00000000000000004E+036
 1.00000000000000004E+036
 1.00000000000000004E+036
 1.00000000000000004E+036
 1.00000000000000004E+036
 1.00000000000000004E+036
 1.00000000000000004E+036
 1.00000000000000004E+036
 1.00000000000000004E+036
 1.00000000000000004E+036
 1.00000000000000004E+036
 1.00000000000000004E+036
 1.00000000000000004E+036
 1.00000000000000004E+036
 1.00000000000000004E+036
 1.00000000000000004E+036
 1.00000000000000004E+036
 1.00000000000000004E+036
 1.00000000000000004E+036
 1.00000000000000004E+036
 1.00000000000000004E+036
 1.00000000000000004E+036
 1.00000000000000004E+036
 1.00000000000000004E+036
 1.00000000000000004E+036
 1.00000000000000004E+036
 1.00000000000000004E+036
 1.00000000000000004E+036
 1.00000000000000004E+036
 1.00000000000000004E+036
 1.00000000000000004E+036
 1.00000000000000004E+036
 1.00000000000000004E+036
 1.00000000000000004E+036
 1.00000000000000004E+036
 1.00000000000000004E+036
 1.00000000000000004E+036
 1.00000000000000004E+036
 1.00000000000000004E+036
 1.00000000000000004E+036
 1.00000000000000004E+036
 1.00000000000000004E+036
 1.00000000000000004E+036
 1.00000000000000004E+036
 1.00000000000000004E+036
 1.00000000000000004E+036
 1.00000000000000004E+036
 1.00000000000000004E+036
 1.00000000000000004E+036
 1.00000000000000004E+036
 1.00000000000000004E+036
 1.00000000000000004E+036
 1.00000000000000004E+036
 1.00000000000000004E+036
 0.00000000000000000E+000
 9.01913397452708265E-003
 1.18310896562948686E-002
 1.40685606946900910E-002
 1.63235625034267584E-002
 1.87540162928899190E-002
 2.13003464721415736E-002
 2.37956963687426248E-002
 2.67217161289138305E-002
 3.18661890579367557E-002
 3.74984836315092052E-002
 4.39964502715742278E-002
 5.19095532569361362E-002
 6.16638994839235899E-002
 7.62754720955096666E-002
 9.24061734409149516E-002
 1.10790344311035849E-001
 1.29927207903754005E-001
 1.44269588346690014E-001
 1.50432513409140212E-001
 0.00000000000000000E+000
 0.00000000000000000E+000
 0.00000000000000000E+000
 0.00000000000000000E+000
 0.00000000000000000E+000
 0.00000000000000000E+000
 0.00000000000000000E+000
 0.00000000000000000E+000
 0.00000000000000000E+000
 0.00000000000000000E+000
 0.00000000000000000E+000
 0.00000000000000000E+000
 0.00000000000000000E+000
 0.00000000000000000E+000
 0.00000000000000000E+000
 0.00000000000000000E+000
 0.00000000000000000E+000
 0.00000000000000000E+000
 0.00000000000000000E+000
 0.00000000000000000E+000
 0.00000000000000000E+000
 0.00000000000000000E+000
 0.00000000000000000E+000
 0.00000000000000000E+000
 0.00000000000000000E+000
 0.00000000000000000E+000
 1.00000000000000004E+036
 1.00000000000000004E+036
 1.00000000000000004E+036
 1.00000000000000004E+036
 1.00000000000000004E+036
 1.00000000000000004E+036
 1.00000000000000004E+036
 1.00000000000000004E+036
 1.00000000000000004E+036
 1.00000000000000004E+036
 1.00000000000000004E+036
 1.00000000000000004E+036
 1.00000000000000004E+036
 1.00000000000000004E+036
 1.00000000000000004E+036
 1.00000000000000004E+036
 1.00000000000000004E+036
 1.00000000000000004E+036
 1.00000000000000004E+036
 1.00000000000000004E+036
 1.00000000000000004E+036
 1.00000000000000004E+036
 1.00000000000000004E+036
 1.00000000000000004E+036
 1.00000000000000004E+036
 1.00000000000000004E+036
 1.00000000000000004E+036
 1.00000000000000004E+036
 1.00000000000000004E+036
 1.00000000000000004E+036
 1.00000000000000004E+036
 1.00000000000000004E+036
 1.00000000000000004E+036
 1.00000000000000004E+036
 1.00000000000000004E+036
 1.00000000000000004E+036
 1.00000000000000004E+036
 1.00000000000000004E+036
 1.00000000000000004E+036
 1.00000000000000004E+036
 1.00000000000000004E+036
 1.00000000000000004E+036
 1.00000000000000004E+036
 1.00000000000000004E+036
 1.00000000000000004E+036
 1.00000000000000004E+036
 1.00000000000000004E+036
 1.00000000000000004E+036
 1.00000000000000004E+036
 1.00000000000000004E+036
 1.00000000000000004E+036
 1.00000000000000004E+036
 1.00000000000000004E+036
 1.00000000000000004E+036
 0.00000000000000000E+000
-6.74701062725667211E-002
-8.14196037407411977E-002
-8.90658230965628572E-002
-9.34156199363869177E-002
-9.42432923188627480E-002
-9.44563656409026509E-002
-9.47929462117166333E-002
-9.35346888661412468E-002
-9.13964574268782970E-002
-8.74461001730073573E-002
-8.18041142510850250E-002
-7.51105131334993681E-002
-5.84322254083246007E-002
-4.60137748614746211E-002
-3.05247129618362312E-002
-1.15536110294920391E-002
 8.53208147791839622E-003
 2.39408936831027042E-002
 3.07486838437971421E-002
 0.00000000000000000E+000
 0.00000000000000000E+000
 0.00000000000000000E+000
 0.00000000000000000E+000
 0.00000000000000000E+000
 0.00000000000000000E+000
 0.00000000000000000E+000
 0.00000000000000000E+000
 0.00000000000000000E+000
 0.00000000000000000E+000
 0.00000000000000000E+000
 0.00000000000000000E+000
 0.00000000000000000E+000
 0.00000000000000000E+000
 0.00000000000000000E+000
 0.00000000000000000E+000
 0.00000000000000000E+000
 0.00000000000000000E+000
 0.00000000000000000E+000
 0.00000000000000000E+000
 0.00000000000000000E+000
 0.00000000000000000E+000
 0.00000000000000000E+000
 0.00000000000000000E+000
 0.00000000000000000E+000
 0.00000000000000000E+000
 1.00000000000000004E+036
 1.00000000000000004E+036
 1.00000000000000004E+036
 1.00000000000000004E+036
 1.00000000000000004E+036
 1.00000000000000004E+036
 1.00000000000000004E+036
 1.00000000000000004E+036
 1.00000000000000004E+036
 1.00000000000000004E+036
 1.00000000000000004E+036
 1.00000000000000004E+036
 1.00000000000000004E+036
 1.00000000000000004E+036
 1.00000000000000004E+036
 1.00000000000000004E+036
 1.00000000000000004E+036
 1.00000000000000004E+036
 1.00000000000000004E+036
 1.00000000000000004E+036
 1.00000000000000004E+036
 1.00000000000000004E+036
 1.00000000000000004E+036
 1.00000000000000004E+036
 1.00000000000000004E+036
 1.00000000000000004E+036
 1.00000000000000004E+036
 1.00000000000000004E+036
 1.00000000000000004E+036
 1.00000000000000004E+036
 1.00000000000000004E+036
 1.00000000000000004E+036
 1.00000000000000004E+036
 1.00000000000000004E+036
 1.00000000000000004E+036
 1.00000000000000004E+036
 1.00000000000000004E+036
 1.00000000000000004E+036
 1.00000000000000004E+036
 1.00000000000000004E+036
 1.00000000000000004E+036
 1.00000000000000004E+036
 1.00000000000000004E+036
 1.00000000000000004E+036
 1.00000000000000004E+036
 1.00000000000000004E+036
 1.00000000000000004E+036
 1.00000000000000004E+036
 1.00000000000000004E+036
 1.00000000000000004E+036
 1.00000000000000004E+036
 1.00000000000000004E+036
 1.00000000000000004E+036
 1.00000000000000004E+036
 0.00000000000000000E+000
 8.09484864300075158E-003
 1.18279819913683637E-002
 1.40703929397004712E-002
 1.64364476731614917E-002
 1.75824572013014713E-002
 2.16319441151952008E-002
 2.29359903899609141E-002
 2.72684539247997626E-002
 3.13412138398800333E-002
 3.72136201715220771E-002
 4.40792088293662232E-002
 5.23674605027139028E-002
 6.26182549798400823E-002
 7.66707667316234298E-002
 9.34880091754650699E-002
 1.12602609479200755E-001
 1.32479745440220897E-001
 1.46527700806485583E-001
 1.52901726706414998E-001
 0.00000000000000000E+000
 0.00000000000000000E+000
 0.00000000000000000E+000
 0.00000000000000000E+000
 0.00000000000000000E+000
 0.00000000000000000E+000
 0.00000000000000000E+000
 0.00000000000000000E+000
 0.00000000000000000E+000
 0.00000000000000000E+000
 0.00000000000000000E+000
 0.00000000000000000E+000
 0.00000000000000000E+000
 0.00000000000000000E+000
 0.00000000000000000E+000
 0.00000000000000000E+000
 0.00000000000000000E+000
 0.00000000000000000E+000
 0.00000000000000000E+000
 0.00000000000000000E+000
 0.00000000000000000E+000
 0.00000000000000000E+000
 0.00000000000000000E+000
 0.00000000000000000E+000
 0.00000000000000000E+000
 0.00000000000000000E+000
 1.00000000000000004E+036
 1.00000000000000004E+036
 1.00000000000000004E+036
 1.00000000000000004E+036
 1.00000000000000004E+036
 1.00000000000000004E+036
 1.00000000000000004E+036
 1.00000000000000004E+036
 1.00000000000000004E+036
 1.00000000000000004E+036
 1.00000000000000004E+036
 1.00000000000000004E+036
 1.00000000000000004E+036
 1.00000000000000004E+036
 1.00000000000000004E+036
 1.00000000000000004E+036
 1.00000000000000004E+036
 1.00000000000000004E+036
 1.00000000000000004E+036
 1.00000000000000004E+036
 1.00000000000000004E+036
 1.00000000000000004E+036
 1.00000000000000004E+036
 1.00000000000000004E+036
 1.00000000000000004E+036
 1.00000000000000004E+036
 1.00000000000000004E+036
 1.00000000000000004E+036
 1.00000000000000004E+036
 1.00000000000000004E+036
 1.00000000000000004E+036
 1.00000000000000004E+036
 1.00000000000000004E+036
 1.00000000000000004E+036
 1.00000000000000004E+036
 1.00000000000000004E+036
 1.00000000000000004E+036
 1.00000000000000004E+036
 1.00000000000000004E+036
 1.00000000000000004E+036
 1.00000000000000004E+036
 1.00000000000000004E+036
 1.00000000000000004E+036
 1.00000000000000004E+036
 1.00000000000000004E+036
 1.00000000000000004E+036
 1.00000000000000004E+036
 1.00000000000000004E+036
 1.00000000000000004E+036
 1.00000000000000004E+036
 1.00000000000000004E+036
 1.00000000000000004E+036
 1.00000000000000004E+036
 1.00000000000000004E+036
 0.00000000000000000E+000
-6.74302273319514756E-002
-8.13412097961309088E-002
-8.93961147846207282E-002
-9.32599174601962400E-002
-9.41974169819747020E-002
-9.39050214761755209E-002
-9.42973049541711017E-002
-9.31274536832817912E-002
-9.07111835950719092E-002
-8.70059871634267790E-002
-8.13269336761648365E-002
-7.50106772020771029E-002
-5.74601497731256350E-002
-4.49910788813074891E-002
-2.94088452437863968E-002
-1.03651784954130743E-002
 9.75346039763391737E-003
 2.50224176252034081E-002
 3.12663149751537528E-002
 0.00000000000000000E+000
 0.00000000000000000E+000
 0.00000000000000000E+000
 0.00000000000000000E+000
 0.00000000000000000E+000
 0.00000000000000000E+000
 0.00000000000000000E+000
 0.00000000000000000E+000
 0.00000000000000000E+000
 0.00000000000000000E+000
 0.00000000000000000E+000
 0.00000000000000000E+000
 0.00000000000000000E+000
 0.00000000000000000E+000
 0.00000000000000000E+000
 0.00000000000000000E+000
 0.00000000000000000E+000
 0.00000000000000000E+000
 0.00000000000000000E+000
 0.00000000000000000E+000
 0.00000000000000000E+000
 0.00000000000000000E+000
 0.00000000000000000E+000
 0.00000000000000000E+000
 0.00000000000000000E+000
 0.00000000000000000E+000
 1.00000000000000004E+036
 1.00000000000000004E+036
 1.00000000000000004E+036
 1.00000000000000004E+036
 1.00000000000000004E+036
 1.00000000000000004E+036
 1.00000000000000004E+036
 1.00000000000000004E+036
 1.00000000000000004E+036
 1.00000000000000004E+036
 1.00000000000000004E+036
 1.00000000000000004E+036
 1.00000000000000004E+036
 1.00000000000000004E+036
 1.00000000000000004E+036
 1.00000000000000004E+036
 1.00000000000000004E+036
 1.00000000000000004E+036
 1.00000000000000004E+036
 1.00000000000000004E+036
 1.00000000000000004E+036
 1.00000000000000004E+036
 1.00000000000000004E+036
 1.00000000000000004E+036
 1.00000000000000004E+036
 1.00000000000000004E+036
 1.00000000000000004E+036
 1.00000000000000004E+036
 1.00000000000000004E+036
 1.00000000000000004E+036
 1.00000000000000004E+036
 1.00000000000000004E+036
 1.00000000000000004E+036
 1.00000000000000004E+036
 1.00000000000000004E+036
 1.00000000000000004E+036
 1.00000000000000004E+036
 1.00000000000000004E+036
 1.00000000000000004E+036
 1.00000000000000004E+036
 1.00000000000000004E+036
 1.00000000000000004E+036
 1.00000000000000004E+036
 1.00000000000000004E+036
 1.00000000000000004E+036
 1.00000000000000004E+036
 1.00000000000000004E+036
 1.00000000000000004E+036
 1.00000000000000004E+036
 1.00000000000000004E+036
 1.00000000000000004E+036
 1.00000000000000004E+036
 1.00000000000000004E+036
 1.00000000000000004E+036
 0.00000000000000000E+000
 8.10658908936512379E-003
 1.18433729988295378E-002
 1.40879588007585266E-002
 1.63133436355742401E-002
 1.75870701072372015E-002
 2.04870698157213482E-002
 2.30374280599745518E-002
 2.74429802633711639E-002
 3.15071016666526038E-002
 3.74261082119305977E-002
 4.43531172826787112E-002
 5.15309047323612157E-002
 6.30855885765737590E-002
 7.72249053516103068E-002
 9.31376250633044744E-002
 1.12445825148691170E-001
 1.32515203817751726E-001
 1.46708416799508745E-001
 1.53039364538709588E-001
 0.00000000000000000E+000
 0.00000000000000000E+000
 0.00000000000000000E+000
 0.00000000000000000E+000
 0.00000000000000000E+000
 0.00000000000000000E+000
 0.00000000000000000E+000
 0.00000000000000000E+000
 0.00000000000000000E+000
 0.00000000000000000E+000
 0.00000000000000000E+000
 0.00000000000000000E+000
 0.00000000000000000E+000
 0.00000000000000000E+000
 0.00000000000000000E+000
 0.00000000000000000E+000
 0.00000000000000000E+000
 0.00000000000000000E+000
 0.00000000000000000E+000
 0.00000000000000000E+000
 0.00000000000000000E+000
 0.00000000000000000E+000
 0.00000000000000000E+000
 0.00000000000000000E+000
 0.00000000000000000E+000
 0.00000000000000000E+000
 1.00000000000000004E+036
 1.00000000000000004E+036
 1.00000000000000004E+036
 1.00000000000000004E+036
 1.00000000000000004E+036
 1.00000000000000004E+036
 1.00000000000000004E+036
 1.00000000000000004E+036
 1.00000000000000004E+036
 1.00000000000000004E+036
 1.00000000000000004E+036
 1.00000000000000004E+036
 1.00000000000000004E+036
 1.00000000000000004E+036
 1.00000000000000004E+036
 1.00000000000000004E+036
 1.00000000000000004E+036
 1.00000000000000004E+036
 1.00000000000000004E+036
 1.00000000000000004E+036
 1.00000000000000004E+036
 1.00000000000000004E+036
 1.00000000000000004E+036
 1.00000000000000004E+036
 1.00000000000000004E+036
 1.00000000000000004E+036
 1.00000000000000004E+036
 1.00000000000000004E+036
 1.00000000000000004E+036
 1.00000000000000004E+036
 1.00000000000000004E+036
 1.00000000000000004E+036
 1.00000000000000004E+036
 1.00000000000000004E+036
 1.00000000000000004E+036
 1.00000000000000004E+036
 1.00000000000000004E+036
 1.00000000000000004E+036
 1.00000000000000004E+036
 1.00000000000000004E+036
 1.00000000000000004E+036
 1.00000000000000004E+036
 1.00000000000000004E+036
 1.00000000000000004E+036
 1.00000000000000004E+036
 1.00000000000000004E+036
 1.00000000000000004E+036
 1.00000000000000004E+036
 1.00000000000000004E+036
 1.00000000000000004E+036
 1.00000000000000004E+036
 1.00000000000000004E+036
 1.00000000000000004E+036
 1.00000000000000004E+036
 0.00000000000000000E+000
-6.84177499619226803E-002
-8.29102061200426288E-002
-9.08784177080925737E-002
-9.49592756326491649E-002
-9.53614052368885190E-002
-9.37467421340839602E-002
-9.32346511374227971E-002
-9.15935704378380011E-002
-8.87094963396652947E-002
-8.45295729521383654E-002
-7.83033334692172511E-002
-7.19336291075484136E-002
-6.22295499518246142E-002
-3.89090541916374821E-002
-2.29231244956860092E-002
-3.55441117865873402E-003
 1.66793385814607564E-002
 3.16320952526123467E-002
 3.36294688840188538E-002
 0.00000000000000000E+000
 0.00000000000000000E+000
 0.00000000000000000E+000
 0.00000000000000000E+000
 0.00000000000000000E+000
 0.00000000000000000E+000
 0.00000000000000000E+000
 0.00000000000000000E+000
 0.00000000000000000E+000
 0.00000000000000000E+000
 0.00000000000000000E+000
 0.00000000000000000E+000
 0.00000000000000000E+000
 0.00000000000000000E+000
 0.00000000000000000E+000
 0.00000000000000000E+000
 0.00000000000000000E+000
 0.00000000000000000E+000
 0.00000000000000000E+000
 0.00000000000000000E+000
 0.00000000000000000E+000
 0.00000000000000000E+000
 0.00000000000000000E+000
 0.00000000000000000E+000
 0.00000000000000000E+000
 0.00000000000000000E+000
 1.00000000000000004E+036
 1.00000000000000004E+036
 1.00000000000000004E+036
 1.00000000000000004E+036
 1.00000000000000004E+036
 1.00000000000000004E+036
 1.00000000000000004E+036
 1.00000000000000004E+036
 1.00000000000000004E+036
 1.00000000000000004E+036
 1.00000000000000004E+036
 1.00000000000000004E+036
 1.00000000000000004E+036
 1.00000000000000004E+036
 1.00000000000000004E+036
 1.00000000000000004E+036
 1.00000000000000004E+036
 1.00000000000000004E+036
 1.00000000000000004E+036
 1.00000000000000004E+036
 1.00000000000000004E+036
 1.00000000000000004E+036
 1.00000000000000004E+036
 1.00000000000000004E+036
 1.00000000000000004E+036
 1.00000000000000004E+036
 1.00000000000000004E+036
 1.00000000000000004E+036
 1.00000000000000004E+036
 1.00000000000000004E+036
 1.00000000000000004E+036
 1.00000000000000004E+036
 1.00000000000000004E+036
 1.00000000000000004E+036
 1.00000000000000004E+036
 1.00000000000000004E+036
 1.00000000000000004E+036
 1.00000000000000004E+036
 1.00000000000000004E+036
 1.00000000000000004E+036
 1.00000000000000004E+036
 1.00000000000000004E+036
 1.00000000000000004E+036
 1.00000000000000004E+036
 1.00000000000000004E+036
 1.00000000000000004E+036
 1.00000000000000004E+036
 1.00000000000000004E+036
 1.00000000000000004E+036
 1.00000000000000004E+036
 1.00000000000000004E+036
 1.00000000000000004E+036
 1.00000000000000004E+036
 1.00000000000000004E+036
 0.00000000000000000E+000
 8.12886490570863263E-003
 1.06992892088924041E-002
 1.28487830476642362E-002
 1.54565747808753651E-002
 1.76050923301835360E-002
 2.07950010470376867E-002
 2.35915857152602104E-002
 2.69000533358622063E-002
 3.12712428388486341E-002
 3.74917483921387573E-002
 4.48749362970948251E-002
 5.25309128280260218E-002
 6.36881131138754553E-002
 7.85716437848510418E-002
 9.53330510459475811E-002
 1.14615274247589882E-001
 1.34762142050888656E-001
 1.49753195949614337E-001
 1.55390569087190178E-001
 0.00000000000000000E+000
 0.00000000000000000E+000
 0.00000000000000000E+000
 0.00000000000000000E+000
 0.00000000000000000E+000
 0.00000000000000000E+000
 0.00000000000000000E+000
 0.00000000000000000E+000
 0.00000000000000000E+000
 0.00000000000000000E+000
 0.00000000000000000E+000
 0.00000000000000000E+000
 0.00000000000000000E+000
 0.00000000000000000E+000
 0.00000000000000000E+000
 0.00000000000000000E+000
 0.00000000000000000E+000
 0.00000000000000000E+000
 0.00000000000000000E+000
 0.00000000000000000E+000
 0.00000000000000000E+000
 0.00000000000000000E+000
 0.00000000000000000E+000
 0.00000000000000000E+000
 0.00000000000000000E+000
 0.00000000000000000E+000
 1.00000000000000004E+036
 1.00000000000000004E+036
 1.00000000000000004E+036
 1.00000000000000004E+036
 1.00000000000000004E+036
 1.00000000000000004E+036
 1.00000000000000004E+036
 1.00000000000000004E+036
 1.00000000000000004E+036
 1.00000000000000004E+036
 1.00000000000000004E+036
 1.00000000000000004E+036
 1.00000000000000004E+036
 1.00000000000000004E+036
 1.00000000000000004E+036
 1.00000000000000004E+036
 1.00000000000000004E+036
 1.00000000000000004E+036
 1.00000000000000004E+036
 1.00000000000000004E+036
 1.00000000000000004E+036
 1.00000000000000004E+036
 1.00000000000000004E+036
 1.00000000000000004E+036
 1.00000000000000004E+036
 1.00000000000000004E+036
 1.00000000000000004E+036
 1.00000000000000004E+036
 1.00000000000000004E+036
 1.00000000000000004E+036
 1.00000000000000004E+036
 1.00000000000000004E+036
 1.00000000000000004E+036
 1.00000000000000004E+036
 1.00000000000000004E+036
 1.00000000000000004E+036
 1.00000000000000004E+036
 1.00000000000000004E+036
 1.00000000000000004E+036
 1.00000000000000004E+036
 1.00000000000000004E+036
 1.00000000000000004E+036
 1.00000000000000004E+036
 1.00000000000000004E+036
 1.00000000000000004E+036
 1.00000000000000004E+036
 1.00000000000000004E+036
 1.00000000000000004E+036
 1.00000000000000004E+036
 1.00000000000000004E+036
 1.00000000000000004E+036
 1.00000000000000004E+036
 1.00000000000000004E+036
 1.00000000000000004E+036
# OUTPUT: mlcanopy_inst__dtair_profile(1,100,4)
-1.04435370253668225E-002
-3.89198173767795197E-002
-6.59095355016461326E-002
-9.14938261794304708E-002
-1.15692741319321613E-001
-1.38546252806179382E-001
-1.59932234855432398E-001
-1.80077645320068314E-001
-1.98498219542443621E-001
-2.13771452913931626E-001
-2.27167352297840353E-001
-2.38483887693575980E-001
-2.47978843198666254E-001
-2.55052874135003549E-001
-2.59169806864633756E-001
-2.60888878138757718E-001
-2.60273583877733472E-001
-2.57214367599658544E-001
-2.52011545079255939E-001
-2.45092552445441925E-001
-2.37190509398487848E-001
-2.30497390842458572E-001
-2.24236796511604553E-001
-2.18094875629105900E-001
-2.11951483948439545E-001
-2.05761560780047148E-001
-1.99463476906373671E-001
-1.93090683420734877E-001
-1.86664563634792557E-001
-1.80184367048070726E-001
-1.73651310696811834E-001
-1.67075803849797921E-001
-1.60444066218531134E-001
-1.53785805096219974E-001
-1.47109204282742212E-001
-1.40421878021015800E-001
-1.33725457147306770E-001
-1.27022177557023497E-001
-1.20312910291943354E-001
-1.13614925900947128E-001
-1.06925051140535743E-001
-1.00251407220753208E-001
-9.35967306853626724E-002
-8.69639788116955970E-002
-8.03534359340574156E-002
-7.37718812709999838E-002
 1.00000000000000004E+036
 1.00000000000000004E+036
 1.00000000000000004E+036
 1.00000000000000004E+036
 1.00000000000000004E+036
 1.00000000000000004E+036
 1.00000000000000004E+036
 1.00000000000000004E+036
 1.00000000000000004E+036
 1.00000000000000004E+036
 1.00000000000000004E+036
 1.00000000000000004E+036
 1.00000000000000004E+036
 1.00000000000000004E+036
 1.00000000000000004E+036
 1.00000000000000004E+036
 1.00000000000000004E+036
 1.00000000000000004E+036
 1.00000000000000004E+036
 1.00000000000000004E+036
 1.00000000000000004E+036
 1.00000000000000004E+036
 1.00000000000000004E+036
 1.00000000000000004E+036
 1.00000000000000004E+036
 1.00000000000000004E+036
 1.00000000000000004E+036
 1.00000000000000004E+036
 1.00000000000000004E+036
 1.00000000000000004E+036
 1.00000000000000004E+036
 1.00000000000000004E+036
 1.00000000000000004E+036
 1.00000000000000004E+036
 1.00000000000000004E+036
 1.00000000000000004E+036
 1.00000000000000004E+036
 1.00000000000000004E+036
 1.00000000000000004E+036
 1.00000000000000004E+036
 1.00000000000000004E+036
 1.00000000000000004E+036
 1.00000000000000004E+036
 1.00000000000000004E+036
 1.00000000000000004E+036
 1.00000000000000004E+036
 1.00000000000000004E+036
 1.00000000000000004E+036
 1.00000000000000004E+036
 1.00000000000000004E+036
 1.00000000000000004E+036
 1.00000000000000004E+036
 1.00000000000000004E+036
 1.00000000000000004E+036
 2.92298567729289971E-002
-8.13115274877418415E-003
-4.01280322146817525E-002
-7.01583965888517014E-002
-9.93876702604552520E-002
-1.28523492252611504E-001
-1.56154736243081516E-001
-1.84326437008678568E-001
-2.10902291135710129E-001
-2.36009989854267133E-001
-2.58750859441931880E-001
-2.78752492028331744E-001
-2.95829577009271816E-001
-3.09015494138122904E-001
-3.18155770127646065E-001
-3.23069442279916075E-001
-3.23739904368608222E-001
-3.20135424187583340E-001
-3.12790301764778178E-001
-3.02366778803502712E-001
-2.89859368816735241E-001
-2.79742094423454546E-001
-2.70548791986470860E-001
-2.61709112559287860E-001
-2.52883117338740249E-001
-2.44139666005082745E-001
-2.35448498299547282E-001
-2.26776879568149070E-001
-2.18060959038325564E-001
-2.09374765013194519E-001
-2.00711090424647409E-001
-1.92057524203562480E-001
-1.83415521532936054E-001
-1.74808876954500647E-001
-1.66240465288922223E-001
-1.57703723104589244E-001
-1.49202853737335772E-001
-1.40742993616470358E-001
-1.32327504053364464E-001
-1.23949210304715507E-001
-1.15608811285653701E-001
-1.07319572142330344E-001
-9.90680453580807807E-002
-9.08531096030174012E-002
-8.26792682072436946E-002
-7.45441970817637412E-002
 1.00000000000000004E+036
 1.00000000000000004E+036
 1.00000000000000004E+036
 1.00000000000000004E+036
 1.00000000000000004E+036
 1.00000000000000004E+036
 1.00000000000000004E+036
 1.00000000000000004E+036
 1.00000000000000004E+036
 1.00000000000000004E+036
 1.00000000000000004E+036
 1.00000000000000004E+036
 1.00000000000000004E+036
 1.00000000000000004E+036
 1.00000000000000004E+036
 1.00000000000000004E+036
 1.00000000000000004E+036
 1.00000000000000004E+036
 1.00000000000000004E+036
 1.00000000000000004E+036
 1.00000000000000004E+036
 1.00000000000000004E+036
 1.00000000000000004E+036
 1.00000000000000004E+036
 1.00000000000000004E+036
 1.00000000000000004E+036
 1.00000000000000004E+036
 1.00000000000000004E+036
 1.00000000000000004E+036
 1.00000000000000004E+036
 1.00000000000000004E+036
 1.00000000000000004E+036
 1.00000000000000004E+036
 1.00000000000000004E+036
 1.00000000000000004E+036
 1.00000000000000004E+036
 1.00000000000000004E+036
 1.00000000000000004E+036
 1.00000000000000004E+036
 1.00000000000000004E+036
 1.00000000000000004E+036
 1.00000000000000004E+036
 1.00000000000000004E+036
 1.00000000000000004E+036
 1.00000000000000004E+036
 1.00000000000000004E+036
 1.00000000000000004E+036
 1.00000000000000004E+036
 1.00000000000000004E+036
 1.00000000000000004E+036
 1.00000000000000004E+036
 1.00000000000000004E+036
 1.00000000000000004E+036
 1.00000000000000004E+036
 3.66741859768353606E-002
-2.97502098112545355E-003
-3.64974847954613324E-002
-6.77794872951267280E-002
-9.82043592358650130E-002
-1.28468420714227705E-001
-1.57914370719254293E-001
-1.86530152490490764E-001
-2.14306679693436308E-001
-2.40694149432442828E-001
-2.65157806853778766E-001
-2.87078477536226728E-001
-3.06124386796739145E-001
-3.20341019761144707E-001
-3.30452907265680551E-001
-3.36201583607135035E-001
-3.37141707912792299E-001
-3.33330336261610682E-001
-3.25385399436640910E-001
-3.14075521211577779E-001
-3.00605683777860122E-001
-2.89778341399767214E-001
-2.79976380826667537E-001
-2.70563512261048800E-001
-2.61163744467637571E-001
-2.51911343784684050E-001
-2.42728504767796949E-001
-2.33539288828012559E-001
-2.24364213409501190E-001
-2.15233329147736185E-001
-2.06132452733925220E-001
-1.97037264588914240E-001
-1.87993488625124883E-001
-1.78997390575148074E-001
-1.70032915591150413E-001
-1.61122915829253088E-001
-1.52266694712125172E-001
-1.43457368812278219E-001
-1.34690971460884157E-001
-1.25983746394751961E-001
-1.17320721945247897E-001
-1.08707955665693135E-001
-1.00139853119287636E-001
-9.16184520390288526E-002
-8.31384622698578823E-002
-7.46965522853315633E-002
 1.00000000000000004E+036
 1.00000000000000004E+036
 1.00000000000000004E+036
 1.00000000000000004E+036
 1.00000000000000004E+036
 1.00000000000000004E+036
 1.00000000000000004E+036
 1.00000000000000004E+036
 1.00000000000000004E+036
 1.00000000000000004E+036
 1.00000000000000004E+036
 1.00000000000000004E+036
 1.00000000000000004E+036
 1.00000000000000004E+036
 1.00000000000000004E+036
 1.00000000000000004E+036
 1.00000000000000004E+036
 1.00000000000000004E+036
 1.00000000000000004E+036
 1.00000000000000004E+036
 1.00000000000000004E+036
 1.00000000000000004E+036
 1.00000000000000004E+036
 1.00000000000000004E+036
 1.00000000000000004E+036
 1.00000000000000004E+036
 1.00000000000000004E+036
 1.00000000000000004E+036
 1.00000000000000004E+036
 1.00000000000000004E+036
 1.00000000000000004E+036
 1.00000000000000004E+036
 1.00000000000000004E+036
 1.00000000000000004E+036
 1.00000000000000004E+036
 1.00000000000000004E+036
 1.00000000000000004E+036
 1.00000000000000004E+036
 1.00000000000000004E+036
 1.00000000000000004E+036
 1.00000000000000004E+036
 1.00000000000000004E+036
 1.00000000000000004E+036
 1.00000000000000004E+036
 1.00000000000000004E+036
 1.00000000000000004E+036
 1.00000000000000004E+036
 1.00000000000000004E+036
 1.00000000000000004E+036
 1.00000000000000004E+036
 1.00000000000000004E+036
 1.00000000000000004E+036
 1.00000000000000004E+036
 1.00000000000000004E+036
 8.26391498624730048E-002
 3.13105554380399553E-002
-8.20630877132089154E-003
-4.29541533536621500E-002
-7.60079596067271268E-002
-1.09639344334254929E-001
-1.44871617544367837E-001
-1.82602526176253832E-001
-2.21910597974840584E-001
-2.60438473617966793E-001
-2.97165514919413454E-001
-3.31127771178444164E-001
-3.61341117829965697E-001
-3.85625012616685581E-001
-4.01291441955095252E-001
-4.10874321791823149E-001
-4.13642920366783073E-001
-4.09260589369296213E-001
-3.98377499246919342E-001
-3.82325570528507797E-001
-3.63073105891828618E-001
-3.48029034308410701E-001
-3.34545041108299301E-001
-3.21504822755571240E-001
-3.08943090991363079E-001
-2.96518906548840278E-001
-2.84299434455817845E-001
-2.72214970206164253E-001
-2.60241133698343674E-001
-2.48427402205095404E-001
-2.36706106511803682E-001
-2.25142418981306491E-001
-2.13696447484096552E-001
-2.02386027974398530E-001
-1.91212776082807068E-001
-1.80167537917441223E-001
-1.69253612948068621E-001
-1.58444469717210268E-001
-1.47760395761338259E-001
-1.37182337572312463E-001
-1.26701264250414170E-001
-1.16318432593914167E-001
-1.06013104757664678E-001
-9.57874270029606123E-002
-8.56243636571321076E-002
-7.55202781480761587E-002
 1.00000000000000004E+036
 1.00000000000000004E+036
 1.00000000000000004E+036
 1.00000000000000004E+036
 1.00000000000000004E+036
 1.00000000000000004E+036
 1.00000000000000004E+036
 1.00000000000000004E+036
 1.00000000000000004E+036
 1.00000000000000004E+036
 1.00000000000000004E+036
 1.00000000000000004E+036
 1.00000000000000004E+036
 1.00000000000000004E+036
 1.00000000000000004E+036
 1.00000000000000004E+036
 1.00000000000000004E+036
 1.00000000000000004E+036
 1.00000000000000004E+036
 1.00000000000000004E+036
 1.00000000000000004E+036
 1.00000000000000004E+036
 1.00000000000000004E+036
 1.00000000000000004E+036
 1.00000000000000004E+036
 1.00000000000000004E+036
 1.00000000000000004E+036
 1.00000000000000004E+036
 1.00000000000000004E+036
 1.00000000000000004E+036
 1.00000000000000004E+036
 1.00000000000000004E+036
 1.00000000000000004E+036
 1.00000000000000004E+036
 1.00000000000000004E+036
 1.00000000000000004E+036
 1.00000000000000004E+036
 1.00000000000000004E+036
 1.00000000000000004E+036
 1.00000000000000004E+036
 1.00000000000000004E+036
 1.00000000000000004E+036
 1.00000000000000004E+036
 1.00000000000000004E+036
 1.00000000000000004E+036
 1.00000000000000004E+036
 1.00000000000000004E+036
 1.00000000000000004E+036
 1.00000000000000004E+036
 1.00000000000000004E+036
 1.00000000000000004E+036
 1.00000000000000004E+036
 1.00000000000000004E+036
 1.00000000000000004E+036
# OUTPUT: mlcanopy_inst__dtg_soil(1,4)
-3.09683822975443945E-002
-3.16622627229889986E-002
-3.13911313357380095E-002
-3.22264263917872995E-002
# OUTPUT: mlcanopy_inst__dtleaf_leaf(1,100,2,4)
-1.04435370253668225E-002
-3.51546176705710423E-002
-6.34219470057928447E-002
-8.79539530101851597E-002
-1.02720972702400104E-001
 3.83403320483921561E-004
-1.70333355408160969E-002
-4.28343622344300456E-002
-6.30351239458946111E-002
-7.68081771549873338E-002
-8.96546159899003214E-002
-8.24370019408320331E-002
-1.13853161687700322E-001
-9.89780820939927253E-002
-1.24139393180257684E-001
-1.36979045418968326E-001
-1.51740806526106553E-001
-1.63985193816529318E-001
-1.78894883844179731E-001
-2.20822300483462186E-001
-2.37190509398487848E-001
-2.30497390842458572E-001
-2.24236796511604553E-001
-2.18094875629105900E-001
-2.11951483948439545E-001
-2.05761560780047148E-001
-1.99463476906373671E-001
-1.93090683420734877E-001
-1.86664563634792557E-001
-1.80184367048070726E-001
-1.73651310696811834E-001
-1.67075803849797921E-001
-1.60444066218531134E-001
-1.53785805096219974E-001
-1.47109204282742212E-001
-1.40421878021015800E-001
-1.33725457147306770E-001
-1.27022177557023497E-001
-1.20312910291943354E-001
-1.13614925900947128E-001
-1.06925051140535743E-001
-1.00251407220753208E-001
-9.35967306853626724E-002
-8.69639788116955970E-002
-8.03534359340574156E-002
-7.37718812709999838E-002
 1.00000000000000004E+036
 1.00000000000000004E+036
 1.00000000000000004E+036
 1.00000000000000004E+036
 1.00000000000000004E+036
 1.00000000000000004E+036
 1.00000000000000004E+036
 1.00000000000000004E+036
 1.00000000000000004E+036
 1.00000000000000004E+036
 1.00000000000000004E+036
 1.00000000000000004E+036
 1.00000000000000004E+036
 1.00000000000000004E+036
 1.00000000000000004E+036
 1.00000000000000004E+036
 1.00000000000000004E+036
 1.00000000000000004E+036
 1.00000000000000004E+036
 1.00000000000000004E+036
 1.00000000000000004E+036
 1.00000000000000004E+036
 1.00000000000000004E+036
 1.00000000000000004E+036
 1.00000000000000004E+036
 1.00000000000000004E+036
 1.00000000000000004E+036
 1.00000000000000004E+036
 1.00000000000000004E+036
 1.00000000000000004E+036
 1.00000000000000004E+036
 1.00000000000000004E+036
 1.00000000000000004E+036
 1.00000000000000004E+036
 1.00000000000000004E+036
 1.00000000000000004E+036
 1.00000000000000004E+036
 1.00000000000000004E+036
 1.00000000000000004E+036
 1.00000000000000004E+036
 1.00000000000000004E+036
 1.00000000000000004E+036
 1.00000000000000004E+036
 1.00000000000000004E+036
 1.00000000000000004E+036
 1.00000000000000004E+036
 1.00000000000000004E+036
 1.00000000000000004E+036
 1.00000000000000004E+036
 1.00000000000000004E+036
 1.00000000000000004E+036
 1.00000000000000004E+036
 1.00000000000000004E+036
 1.00000000000000004E+036
-1.04435370253668225E-002
-1.15390915016746476E-001
-1.13805638085921146E-001
-1.14604710798801079E-001
-1.20476909927617726E-001
-1.34765298987304050E-001
-1.31002091087054851E-001
-1.50313490875589650E-001
-2.00155021785064946E-001
-1.73816861090699604E-001
-1.85104534431275169E-001
-1.83623731559180214E-001
-2.01478726847369671E-001
-2.37791050655800973E-001
-2.19160660765680859E-001
-2.19437122808813001E-001
-2.31570790724731523E-001
-2.27680230153794128E-001
-2.29005360499797916E-001
-2.32974323309633746E-001
-2.37190509398487848E-001
-2.30497390842458572E-001
-2.24236796511604553E-001
-2.18094875629105900E-001
-2.11951483948439545E-001
-2.05761560780047148E-001
-1.99463476906373671E-001
-1.93090683420734877E-001
-1.86664563634792557E-001
-1.80184367048070726E-001
-1.73651310696811834E-001
-1.67075803849797921E-001
-1.60444066218531134E-001
-1.53785805096219974E-001
-1.47109204282742212E-001
-1.40421878021015800E-001
-1.33725457147306770E-001
-1.27022177557023497E-001
-1.20312910291943354E-001
-1.13614925900947128E-001
-1.06925051140535743E-001
-1.00251407220753208E-001
-9.35967306853626724E-002
-8.69639788116955970E-002
-8.03534359340574156E-002
-7.37718812709999838E-002
 1.00000000000000004E+036
 1.00000000000000004E+036
 1.00000000000000004E+036
 1.00000000000000004E+036
 1.00000000000000004E+036
 1.00000000000000004E+036
 1.00000000000000004E+036
 1.00000000000000004E+036
 1.00000000000000004E+036
 1.00000000000000004E+036
 1.00000000000000004E+036
 1.00000000000000004E+036
 1.00000000000000004E+036
 1.00000000000000004E+036
 1.00000000000000004E+036
 1.00000000000000004E+036
 1.00000000000000004E+036
 1.00000000000000004E+036
 1.00000000000000004E+036
 1.00000000000000004E+036
 1.00000000000000004E+036
 1.00000000000000004E+036
 1.00000000000000004E+036
 1.00000000000000004E+036
 1.00000000000000004E+036
 1.00000000000000004E+036
 1.00000000000000004E+036
 1.00000000000000004E+036
 1.00000000000000004E+036
 1.00000000000000004E+036
 1.00000000000000004E+036
 1.00000000000000004E+036
 1.00000000000000004E+036
 1.00000000000000004E+036
 1.00000000000000004E+036
 1.00000000000000004E+036
 1.00000000000000004E+036
 1.00000000000000004E+036
 1.00000000000000004E+036
 1.00000000000000004E+036
 1.00000000000000004E+036
 1.00000000000000004E+036
 1.00000000000000004E+036
 1.00000000000000004E+036
 1.00000000000000004E+036
 1.00000000000000004E+036
 1.00000000000000004E+036
 1.00000000000000004E+036
 1.00000000000000004E+036
 1.00000000000000004E+036
 1.00000000000000004E+036
 1.00000000000000004E+036
 1.00000000000000004E+036
 1.00000000000000004E+036
 2.92298567729289971E-002
-2.56724685473272984E-002
-7.02727545699417533E-002
-9.66031928793427141E-002
-1.19813624785990669E-001
 3.42988926655607429E-003
 4.48872019541681766E-002
 1.77892081975414840E-002
-8.70169521806474222E-003
-3.85044621882002502E-002
-5.81096260759750294E-002
-6.55057927015150199E-002
-1.20845553554488561E-001
-6.43359308913318273E-002
-1.01437561489149175E-001
-1.32423806973577030E-001
-1.58289143044271441E-001
-1.76540112368400059E-001
-2.03957737051212007E-001
-2.98060071403028815E-001
-2.89859368816735241E-001
-2.79742094423454546E-001
-2.70548791986470860E-001
-2.61709112559287860E-001
-2.52883117338740249E-001
-2.44139666005082745E-001
-2.35448498299547282E-001
-2.26776879568149070E-001
-2.18060959038325564E-001
-2.09374765013194519E-001
-2.00711090424647409E-001
-1.92057524203562480E-001
-1.83415521532936054E-001
-1.74808876954500647E-001
-1.66240465288922223E-001
-1.57703723104589244E-001
-1.49202853737335772E-001
-1.40742993616470358E-001
-1.32327504053364464E-001
-1.23949210304715507E-001
-1.15608811285653701E-001
-1.07319572142330344E-001
-9.90680453580807807E-002
-9.08531096030174012E-002
-8.26792682072436946E-002
-7.45441970817637412E-002
 1.00000000000000004E+036
 1.00000000000000004E+036
 1.00000000000000004E+036
 1.00000000000000004E+036
 1.00000000000000004E+036
 1.00000000000000004E+036
 1.00000000000000004E+036
 1.00000000000000004E+036
 1.00000000000000004E+036
 1.00000000000000004E+036
 1.00000000000000004E+036
 1.00000000000000004E+036
 1.00000000000000004E+036
 1.00000000000000004E+036
 1.00000000000000004E+036
 1.00000000000000004E+036
 1.00000000000000004E+036
 1.00000000000000004E+036
 1.00000000000000004E+036
 1.00000000000000004E+036
 1.00000000000000004E+036
 1.00000000000000004E+036
 1.00000000000000004E+036
 1.00000000000000004E+036
 1.00000000000000004E+036
 1.00000000000000004E+036
 1.00000000000000004E+036
 1.00000000000000004E+036
 1.00000000000000004E+036
 1.00000000000000004E+036
 1.00000000000000004E+036
 1.00000000000000004E+036
 1.00000000000000004E+036
 1.00000000000000004E+036
 1.00000000000000004E+036
 1.00000000000000004E+036
 1.00000000000000004E+036
 1.00000000000000004E+036
 1.00000000000000004E+036
 1.00000000000000004E+036
 1.00000000000000004E+036
 1.00000000000000004E+036
 1.00000000000000004E+036
 1.00000000000000004E+036
 1.00000000000000004E+036
 1.00000000000000004E+036
 1.00000000000000004E+036
 1.00000000000000004E+036
 1.00000000000000004E+036
 1.00000000000000004E+036
 1.00000000000000004E+036
 1.00000000000000004E+036
 1.00000000000000004E+036
 1.00000000000000004E+036
 2.92298567729289971E-002
-1.06820847077244707E-001
-8.56398952292920512E-002
-9.00322654824776691E-002
-9.48987345689147332E-002
-1.59540310340105407E-001
-1.14459118798606596E-001
-1.76114296472860588E-001
-1.84448314988912898E-001
-2.06477103728332168E-001
-2.22431842683818104E-001
-2.27717082963181383E-001
-2.47743819789604913E-001
-2.85202795117015739E-001
-2.88289389468104673E-001
-2.87184692112759876E-001
-2.95704947106628424E-001
-2.88001175797774067E-001
-2.93950428092784932E-001
-2.90722795238195886E-001
-2.89859368816735241E-001
-2.79742094423454546E-001
-2.70548791986470860E-001
-2.61709112559287860E-001
-2.52883117338740249E-001
-2.44139666005082745E-001
-2.35448498299547282E-001
-2.26776879568149070E-001
-2.18060959038325564E-001
-2.09374765013194519E-001
-2.00711090424647409E-001
-1.92057524203562480E-001
-1.83415521532936054E-001
-1.74808876954500647E-001
-1.66240465288922223E-001
-1.57703723104589244E-001
-1.49202853737335772E-001
-1.40742993616470358E-001
-1.32327504053364464E-001
-1.23949210304715507E-001
-1.15608811285653701E-001
-1.07319572142330344E-001
-9.90680453580807807E-002
-9.08531096030174012E-002
-8.26792682072436946E-002
-7.45441970817637412E-002
 1.00000000000000004E+036
 1.00000000000000004E+036
 1.00000000000000004E+036
 1.00000000000000004E+036
 1.00000000000000004E+036
 1.00000000000000004E+036
 1.00000000000000004E+036
 1.00000000000000004E+036
 1.00000000000000004E+036
 1.00000000000000004E+036
 1.00000000000000004E+036
 1.00000000000000004E+036
 1.00000000000000004E+036
 1.00000000000000004E+036
 1.00000000000000004E+036
 1.00000000000000004E+036
 1.00000000000000004E+036
 1.00000000000000004E+036
 1.00000000000000004E+036
 1.00000000000000004E+036
 1.00000000000000004E+036
 1.00000000000000004E+036
 1.00000000000000004E+036
 1.00000000000000004E+036
 1.00000000000000004E+036
 1.00000000000000004E+036
 1.00000000000000004E+036
 1.00000000000000004E+036
 1.00000000000000004E+036
 1.00000000000000004E+036
 1.00000000000000004E+036
 1.00000000000000004E+036
 1.00000000000000004E+036
 1.00000000000000004E+036
 1.00000000000000004E+036
 1.00000000000000004E+036
 1.00000000000000004E+036
 1.00000000000000004E+036
 1.00000000000000004E+036
 1.00000000000000004E+036
 1.00000000000000004E+036
 1.00000000000000004E+036
 1.00000000000000004E+036
 1.00000000000000004E+036
 1.00000000000000004E+036
 1.00000000000000004E+036
 1.00000000000000004E+036
 1.00000000000000004E+036
 1.00000000000000004E+036
 1.00000000000000004E+036
 1.00000000000000004E+036
 1.00000000000000004E+036
 1.00000000000000004E+036
 1.00000000000000004E+036
 3.66741859768353606E-002
-2.16057672663509948E-002
-6.99384177702881971E-002
-1.06444501537566794E-001
-1.20110149094330154E-001
 7.92481334462991072E-003
 5.79590203248017133E-002
 3.46829825871850517E-002
-4.72932126569958200E-003
-2.36265713062948635E-002
-5.13918827306838466E-002
-6.08833009777072220E-002
-1.25218225975913811E-001
-5.64973592567525884E-002
-9.56589247882106974E-002
-1.29811618605572221E-001
-1.58581687825403606E-001
-1.79424735784721179E-001
-2.09322360348323855E-001
-3.04882693972842844E-001
-3.00605683777860122E-001
-2.89778341399767214E-001
-2.79976380826667537E-001
-2.70563512261048800E-001
-2.61163744467637571E-001
-2.51911343784684050E-001
-2.42728504767796949E-001
-2.33539288828012559E-001
-2.24364213409501190E-001
-2.15233329147736185E-001
-2.06132452733925220E-001
-1.97037264588914240E-001
-1.87993488625124883E-001
-1.78997390575148074E-001
-1.70032915591150413E-001
-1.61122915829253088E-001
-1.52266694712125172E-001
-1.43457368812278219E-001
-1.34690971460884157E-001
-1.25983746394751961E-001
-1.17320721945247897E-001
-1.08707955665693135E-001
-1.00139853119287636E-001
-9.16184520390288526E-002
-8.31384622698578823E-002
-7.46965522853315633E-002
 1.00000000000000004E+036
 1.00000000000000004E+036
 1.00000000000000004E+036
 1.00000000000000004E+036
 1.00000000000000004E+036
 1.00000000000000004E+036
 1.00000000000000004E+036
 1.00000000000000004E+036
 1.00000000000000004E+036
 1.00000000000000004E+036
 1.00000000000000004E+036
 1.00000000000000004E+036
 1.00000000000000004E+036
 1.00000000000000004E+036
 1.00000000000000004E+036
 1.00000000000000004E+036
 1.00000000000000004E+036
 1.00000000000000004E+036
 1.00000000000000004E+036
 1.00000000000000004E+036
 1.00000000000000004E+036
 1.00000000000000004E+036
 1.00000000000000004E+036
 1.00000000000000004E+036
 1.00000000000000004E+036
 1.00000000000000004E+036
 1.00000000000000004E+036
 1.00000000000000004E+036
 1.00000000000000004E+036
 1.00000000000000004E+036
 1.00000000000000004E+036
 1.00000000000000004E+036
 1.00000000000000004E+036
 1.00000000000000004E+036
 1.00000000000000004E+036
 1.00000000000000004E+036
 1.00000000000000004E+036
 1.00000000000000004E+036
 1.00000000000000004E+036
 1.00000000000000004E+036
 1.00000000000000004E+036
 1.00000000000000004E+036
 1.00000000000000004E+036
 1.00000000000000004E+036
 1.00000000000000004E+036
 1.00000000000000004E+036
 1.00000000000000004E+036
 1.00000000000000004E+036
 1.00000000000000004E+036
 1.00000000000000004E+036
 1.00000000000000004E+036
 1.00000000000000004E+036
 1.00000000000000004E+036
 1.00000000000000004E+036
 3.66741859768353606E-002
-1.04474449045824258E-001
-8.99359723870247763E-002
-9.53880870752072951E-002
-1.07035173628901248E-001
-1.54571859318195948E-001
-1.65573334529426575E-001
-1.74703114805538462E-001
-1.93380961251023109E-001
-2.06504544027609427E-001
-2.23744291892614910E-001
-2.29988165129270783E-001
-2.74136140263294692E-001
-2.92281395615418660E-001
-2.94652778273871263E-001
-3.09273817916164262E-001
-3.16396531196005526E-001
-3.07230377011990186E-001
-3.10950230050082155E-001
-3.03177573649406895E-001
-3.00605683777860122E-001
-2.89778341399767214E-001
-2.79976380826667537E-001
-2.70563512261048800E-001
-2.61163744467637571E-001
-2.51911343784684050E-001
-2.42728504767796949E-001
-2.33539288828012559E-001
-2.24364213409501190E-001
-2.15233329147736185E-001
-2.06132452733925220E-001
-1.97037264588914240E-001
-1.87993488625124883E-001
-1.78997390575148074E-001
-1.70032915591150413E-001
-1.61122915829253088E-001
-1.52266694712125172E-001
-1.43457368812278219E-001
-1.34690971460884157E-001
-1.25983746394751961E-001
-1.17320721945247897E-001
-1.08707955665693135E-001
-1.00139853119287636E-001
-9.16184520390288526E-002
-8.31384622698578823E-002
-7.46965522853315633E-002
 1.00000000000000004E+036
 1.00000000000000004E+036
 1.00000000000000004E+036
 1.00000000000000004E+036
 1.00000000000000004E+036
 1.00000000000000004E+036
 1.00000000000000004E+036
 1.00000000000000004E+036
 1.00000000000000004E+036
 1.00000000000000004E+036
 1.00000000000000004E+036
 1.00000000000000004E+036
 1.00000000000000004E+036
 1.00000000000000004E+036
 1.00000000000000004E+036
 1.00000000000000004E+036
 1.00000000000000004E+036
 1.00000000000000004E+036
 1.00000000000000004E+036
 1.00000000000000004E+036
 1.00000000000000004E+036
 1.00000000000000004E+036
 1.00000000000000004E+036
 1.00000000000000004E+036
 1.00000000000000004E+036
 1.00000000000000004E+036
 1.00000000000000004E+036
 1.00000000000000004E+036
 1.00000000000000004E+036
 1.00000000000000004E+036
 1.00000000000000004E+036
 1.00000000000000004E+036
 1.00000000000000004E+036
 1.00000000000000004E+036
 1.00000000000000004E+036
 1.00000000000000004E+036
 1.00000000000000004E+036
 1.00000000000000004E+036
 1.00000000000000004E+036
 1.00000000000000004E+036
 1.00000000000000004E+036
 1.00000000000000004E+036
 1.00000000000000004E+036
 1.00000000000000004E+036
 1.00000000000000004E+036
 1.00000000000000004E+036
 1.00000000000000004E+036
 1.00000000000000004E+036
 1.00000000000000004E+036
 1.00000000000000004E+036
 1.00000000000000004E+036
 1.00000000000000004E+036
 1.00000000000000004E+036
 1.00000000000000004E+036
 8.26391498624730048E-002
-1.20452148354956989E-002
-7.92315099777169962E-002
-1.15427348077389524E-001
-1.35033090650040322E-001
-3.48308718997714095E-003
 1.41094673431666706E-001
 1.18774963630357888E-001
 7.23622736345532758E-002
 3.79022574496161724E-002
-2.26619501279401447E-003
-2.64199737594594808E-002
-1.00782686183094938E-001
-1.88550949059901995E-001
-5.99629156773744398E-002
-1.11665134368877261E-001
-1.57367019578771306E-001
-1.93558862417773980E-001
-2.35579811938578132E-001
-3.67133609121083282E-001
-3.63073105891828618E-001
-3.48029034308410701E-001
-3.34545041108299301E-001
-3.21504822755571240E-001
-3.08943090991363079E-001
-2.96518906548840278E-001
-2.84299434455817845E-001
-2.72214970206164253E-001
-2.60241133698343674E-001
-2.48427402205095404E-001
-2.36706106511803682E-001
-2.25142418981306491E-001
-2.13696447484096552E-001
-2.02386027974398530E-001
-1.91212776082807068E-001
-1.80167537917441223E-001
-1.69253612948068621E-001
-1.58444469717210268E-001
-1.47760395761338259E-001
-1.37182337572312463E-001
-1.26701264250414170E-001
-1.16318432593914167E-001
-1.06013104757664678E-001
-9.57874270029606123E-002
-8.56243636571321076E-002
-7.55202781480761587E-002
 1.00000000000000004E+036
 1.00000000000000004E+036
 1.00000000000000004E+036
 1.00000000000000004E+036
 1.00000000000000004E+036
 1.00000000000000004E+036
 1.00000000000000004E+036
 1.00000000000000004E+036
 1.00000000000000004E+036
 1.00000000000000004E+036
 1.00000000000000004E+036
 1.00000000000000004E+036
 1.00000000000000004E+036
 1.00000000000000004E+036
 1.00000000000000004E+036
 1.00000000000000004E+036
 1.00000000000000004E+036
 1.00000000000000004E+036
 1.00000000000000004E+036
 1.00000000000000004E+036
 1.00000000000000004E+036
 1.00000000000000004E+036
 1.00000000000000004E+036
 1.00000000000000004E+036
 1.00000000000000004E+036
 1.00000000000000004E+036
 1.00000000000000004E+036
 1.00000000000000004E+036
 1.00000000000000004E+036
 1.00000000000000004E+036
 1.00000000000000004E+036
 1.00000000000000004E+036
 1.00000000000000004E+036
 1.00000000000000004E+036
 1.00000000000000004E+036
 1.00000000000000004E+036
 1.00000000000000004E+036
 1.00000000000000004E+036
 1.00000000000000004E+036
 1.00000000000000004E+036
 1.00000000000000004E+036
 1.00000000000000004E+036
 1.00000000000000004E+036
 1.00000000000000004E+036
 1.00000000000000004E+036
 1.00000000000000004E+036
 1.00000000000000004E+036
 1.00000000000000004E+036
 1.00000000000000004E+036
 1.00000000000000004E+036
 1.00000000000000004E+036
 1.00000000000000004E+036
 1.00000000000000004E+036
 1.00000000000000004E+036
 8.26391498624730048E-002
-7.23369591035520898E-002
-9.85005223830057730E-002
-1.10533529941164943E-001
-1.15576462818296477E-001
-1.31044539539800553E-001
-1.26033153486446281E-001
-1.54820412613332792E-001
-2.13350940502266440E-001
-2.34518189705795521E-001
-2.57065823089760670E-001
-2.71545450945211542E-001
-3.12939133822908389E-001
-3.63874473885687166E-001
-3.67121625423408204E-001
-3.78927917209409770E-001
-3.96555360596153150E-001
-3.93605722160486948E-001
-3.89375337197918725E-001
-3.78242325469273055E-001
-3.63073105891828618E-001
-3.48029034308410701E-001
-3.34545041108299301E-001
-3.21504822755571240E-001
-3.08943090991363079E-001
-2.96518906548840278E-001
-2.84299434455817845E-001
-2.72214970206164253E-001
-2.60241133698343674E-001
-2.48427402205095404E-001
-2.36706106511803682E-001
-2.25142418981306491E-001
-2.13696447484096552E-001
-2.02386027974398530E-001
-1.91212776082807068E-001
-1.80167537917441223E-001
-1.69253612948068621E-001
-1.58444469717210268E-001
-1.47760395761338259E-001
-1.37182337572312463E-001
-1.26701264250414170E-001
-1.16318432593914167E-001
-1.06013104757664678E-001
-9.57874270029606123E-002
-8.56243636571321076E-002
-7.55202781480761587E-002
 1.00000000000000004E+036
 1.00000000000000004E+036
 1.00000000000000004E+036
 1.00000000000000004E+036
 1.00000000000000004E+036
 1.00000000000000004E+036
 1.00000000000000004E+036
 1.00000000000000004E+036
 1.00000000000000004E+036
 1.00000000000000004E+036
 1.00000000000000004E+036
 1.00000000000000004E+036
 1.00000000000000004E+036
 1.00000000000000004E+036
 1.00000000000000004E+036
 1.00000000000000004E+036
 1.00000000000000004E+036
 1.00000000000000004E+036
 1.00000000000000004E+036
 1.00000000000000004E+036
 1.00000000000000004E+036
 1.00000000000000004E+036
 1.00000000000000004E+036
 1.00000000000000004E+036
 1.00000000000000004E+036
 1.00000000000000004E+036
 1.00000000000000004E+036
 1.00000000000000004E+036
 1.00000000000000004E+036
 1.00000000000000004E+036
 1.00000000000000004E+036
 1.00000000000000004E+036
 1.00000000000000004E+036
 1.00000000000000004E+036
 1.00000000000000004E+036
 1.00000000000000004E+036
 1.00000000000000004E+036
 1.00000000000000004E+036
 1.00000000000000004E+036
 1.00000000000000004E+036
 1.00000000000000004E+036
 1.00000000000000004E+036
 1.00000000000000004E+036
 1.00000000000000004E+036
 1.00000000000000004E+036
 1.00000000000000004E+036
 1.00000000000000004E+036
 1.00000000000000004E+036
 1.00000000000000004E+036
 1.00000000000000004E+036
 1.00000000000000004E+036
 1.00000000000000004E+036
 1.00000000000000004E+036
 1.00000000000000004E+036
# OUTPUT: mlcanopy_inst__eair_profile(1,100)
 1.89852605943663207E+003
 1.79645566574652048E+003
 1.73529267064238456E+003
 1.69901857300766233E+003
 1.67776409815812031E+003
 1.66526282291347502E+003
 1.65734447841236033E+003
 1.65118706296910136E+003
 1.64481928282824310E+003
 1.63696830006626715E+003
 1.62671016524078232E+003
 1.61352940269335045E+003
 1.59707192204141393E+003
 1.57719759709553455E+003
 1.55400708189429292E+003
 1.52760525031654652E+003
 1.49819655949012940E+003
 1.46618408276035689E+003
 1.43224842719042135E+003
 1.39754435377676486E+003
 1.36443126194008369E+003
 1.33628831708664711E+003
 1.31076566123664861E+003
 1.28682781670018767E+003
 1.26395638519966042E+003
 1.24188276465606441E+003
 1.22043164317003357E+003
 1.19948247312065769E+003
 1.17895439648685169E+003
 1.15880026982755908E+003
 1.13897405117600715E+003
 1.11944222333963876E+003
 1.10018005783962167E+003
 1.08116937784814036E+003
 1.06239001772380038E+003
 1.04382691516156319E+003
 1.02546765738831596E+003
 1.00729826424362022E+003
 9.89307045106050055E+002
 9.71483684580501631E+002
 9.53817224208948801E+002
 9.36298317705507884E+002
 9.18917074260113282E+002
 9.01663829715273323E+002
 8.84529434559065294E+002
 8.67505284404111080E+002
 1.00000000000000004E+036
 1.00000000000000004E+036
 1.00000000000000004E+036
 1.00000000000000004E+036
 1.00000000000000004E+036
 1.00000000000000004E+036
 1.00000000000000004E+036
 1.00000000000000004E+036
 1.00000000000000004E+036
 1.00000000000000004E+036
 1.00000000000000004E+036
 1.00000000000000004E+036
 1.00000000000000004E+036
 1.00000000000000004E+036
 1.00000000000000004E+036
 1.00000000000000004E+036
 1.00000000000000004E+036
 1.00000000000000004E+036
 1.00000000000000004E+036
 1.00000000000000004E+036
 1.00000000000000004E+036
 1.00000000000000004E+036
 1.00000000000000004E+036
 1.00000000000000004E+036
 1.00000000000000004E+036
 1.00000000000000004E+036
 1.00000000000000004E+036
 1.00000000000000004E+036
 1.00000000000000004E+036
 1.00000000000000004E+036
 1.00000000000000004E+036
 1.00000000000000004E+036
 1.00000000000000004E+036
 1.00000000000000004E+036
 1.00000000000000004E+036
 1.00000000000000004E+036
 1.00000000000000004E+036
 1.00000000000000004E+036
 1.00000000000000004E+036
 1.00000000000000004E+036
 1.00000000000000004E+036
 1.00000000000000004E+036
 1.00000000000000004E+036
 1.00000000000000004E+036
 1.00000000000000004E+036
 1.00000000000000004E+036
 1.00000000000000004E+036
 1.00000000000000004E+036
 1.00000000000000004E+036
 1.00000000000000004E+036
 1.00000000000000004E+036
 1.00000000000000004E+036
 1.00000000000000004E+036
 1.00000000000000004E+036
# OUTPUT: mlcanopy_inst__h2ocan_profile(1,100)
 0.00000000000000000E+000
 0.00000000000000000E+000
 0.00000000000000000E+000
 0.00000000000000000E+000
 0.00000000000000000E+000
 0.00000000000000000E+000
 0.00000000000000000E+000
 0.00000000000000000E+000
 0.00000000000000000E+000
 0.00000000000000000E+000
 0.00000000000000000E+000
 0.00000000000000000E+000
 0.00000000000000000E+000
 0.00000000000000000E+000
 0.00000000000000000E+000
 0.00000000000000000E+000
 0.00000000000000000E+000
 0.00000000000000000E+000
 0.00000000000000000E+000
 0.00000000000000000E+000
 0.00000000000000000E+000
 0.00000000000000000E+000
 0.00000000000000000E+000
 0.00000000000000000E+000
 0.00000000000000000E+000
 0.00000000000000000E+000
 0.00000000000000000E+000
 0.00000000000000000E+000
 0.00000000000000000E+000
 0.00000000000000000E+000
 0.00000000000000000E+000
 0.00000000000000000E+000
 0.00000000000000000E+000
 0.00000000000000000E+000
 0.00000000000000000E+000
 0.00000000000000000E+000
 0.00000000000000000E+000
 0.00000000000000000E+000
 0.00000000000000000E+000
 0.00000000000000000E+000
 0.00000000000000000E+000
 0.00000000000000000E+000
 0.00000000000000000E+000
 0.00000000000000000E+000
 0.00000000000000000E+000
 0.00000000000000000E+000
 0.00000000000000000E+000
 0.00000000000000000E+000
 0.00000000000000000E+000
 0.00000000000000000E+000
 0.00000000000000000E+000
 0.00000000000000000E+000
 0.00000000000000000E+000
 0.00000000000000000E+000
 0.00000000000000000E+000
 0.00000000000000000E+000
 0.00000000000000000E+000
 0.00000000000000000E+000
 0.00000000000000000E+000
 0.00000000000000000E+000
 0.00000000000000000E+000
 0.00000000000000000E+000
 0.00000000000000000E+000
 0.00000000000000000E+000
 0.00000000000000000E+000
 0.00000000000000000E+000
 0.00000000000000000E+000
 0.00000000000000000E+000
 0.00000000000000000E+000
 0.00000000000000000E+000
 0.00000000000000000E+000
 0.00000000000000000E+000
 0.00000000000000000E+000
 0.00000000000000000E+000
 0.00000000000000000E+000
 0.00000000000000000E+000
 0.00000000000000000E+000
 0.00000000000000000E+000
 0.00000000000000000E+000
 0.00000000000000000E+000
 0.00000000000000000E+000
 0.00000000000000000E+000
 0.00000000000000000E+000
 0.00000000000000000E+000
 0.00000000000000000E+000
 0.00000000000000000E+000
 0.00000000000000000E+000
 0.00000000000000000E+000
 0.00000000000000000E+000
 0.00000000000000000E+000
 0.00000000000000000E+000
 0.00000000000000000E+000
 0.00000000000000000E+000
 0.00000000000000000E+000
 0.00000000000000000E+000
 0.00000000000000000E+000
 0.00000000000000000E+000
 0.00000000000000000E+000
 0.00000000000000000E+000
 0.00000000000000000E+000
# OUTPUT: mlcanopy_inst__lwp_leaf(1,100,2)
 0.00000000000000000E+000
-4.99847063580341866E-001
-5.68930308528741935E-001
-6.15627563363968511E-001
-6.50975104384619696E-001
-6.81180616176849774E-001
-7.10715006312279352E-001
-7.40046035360817589E-001
-7.70891082184149812E-001
-8.03706086147249699E-001
-8.39760982380695076E-001
-8.80220620386427677E-001
-9.22624311418672960E-001
-9.66373426943627267E-001
-1.03273575473761081E+000
-1.11164620121387392E+000
-1.20296054602665903E+000
-1.30399709685917475E+000
-1.40476117539186385E+000
-1.47829783432793671E+000
 0.00000000000000000E+000
 0.00000000000000000E+000
 0.00000000000000000E+000
 0.00000000000000000E+000
 0.00000000000000000E+000
 0.00000000000000000E+000
 0.00000000000000000E+000
 0.00000000000000000E+000
 0.00000000000000000E+000
 0.00000000000000000E+000
 0.00000000000000000E+000
 0.00000000000000000E+000
 0.00000000000000000E+000
 0.00000000000000000E+000
 0.00000000000000000E+000
 0.00000000000000000E+000
 0.00000000000000000E+000
 0.00000000000000000E+000
 0.00000000000000000E+000
 0.00000000000000000E+000
 0.00000000000000000E+000
 0.00000000000000000E+000
 0.00000000000000000E+000
 0.00000000000000000E+000
 0.00000000000000000E+000
 0.00000000000000000E+000
-1.00000000000000006E-001
-1.00000000000000006E-001
-1.00000000000000006E-001
-1.00000000000000006E-001
-1.00000000000000006E-001
-1.00000000000000006E-001
-1.00000000000000006E-001
-1.00000000000000006E-001
-1.00000000000000006E-001
-1.00000000000000006E-001
-1.00000000000000006E-001
-1.00000000000000006E-001
-1.00000000000000006E-001
-1.00000000000000006E-001
-1.00000000000000006E-001
-1.00000000000000006E-001
-1.00000000000000006E-001
-1.00000000000000006E-001
-1.00000000000000006E-001
-1.00000000000000006E-001
-1.00000000000000006E-001
-1.00000000000000006E-001
-1.00000000000000006E-001
-1.00000000000000006E-001
-1.00000000000000006E-001
-1.00000000000000006E-001
-1.00000000000000006E-001
-1.00000000000000006E-001
-1.00000000000000006E-001
-1.00000000000000006E-001
-1.00000000000000006E-001
-1.00000000000000006E-001
-1.00000000000000006E-001
-1.00000000000000006E-001
-1.00000000000000006E-001
-1.00000000000000006E-001
-1.00000000000000006E-001
-1.00000000000000006E-001
-1.00000000000000006E-001
-1.00000000000000006E-001
-1.00000000000000006E-001
-1.00000000000000006E-001
-1.00000000000000006E-001
-1.00000000000000006E-001
-1.00000000000000006E-001
-1.00000000000000006E-001
-1.00000000000000006E-001
-1.00000000000000006E-001
-1.00000000000000006E-001
-1.00000000000000006E-001
-1.00000000000000006E-001
-1.00000000000000006E-001
-1.00000000000000006E-001
-1.00000000000000006E-001
 0.00000000000000000E+000
-2.87160471308855747E-001
-3.05639534678451119E-001
-3.21917327223254168E-001
-3.36213206134967413E-001
-3.50522273934930073E-001
-3.67441933745646210E-001
-3.85158276881047812E-001
-4.05018594614615979E-001
-4.29823665490579099E-001
-4.57387369724275850E-001
-4.92417012007952459E-001
-5.33209483928999028E-001
-5.84372827405949202E-001
-6.47122875539819065E-001
-7.23238417593390137E-001
-8.13573473654822799E-001
-9.16866399793005216E-001
-1.02321592564517450E+000
-1.11797604045921695E+000
 0.00000000000000000E+000
 0.00000000000000000E+000
 0.00000000000000000E+000
 0.00000000000000000E+000
 0.00000000000000000E+000
 0.00000000000000000E+000
 0.00000000000000000E+000
 0.00000000000000000E+000
 0.00000000000000000E+000
 0.00000000000000000E+000
 0.00000000000000000E+000
 0.00000000000000000E+000
 0.00000000000000000E+000
 0.00000000000000000E+000
 0.00000000000000000E+000
 0.00000000000000000E+000
 0.00000000000000000E+000
 0.00000000000000000E+000
 0.00000000000000000E+000
 0.00000000000000000E+000
 0.00000000000000000E+000
 0.00000000000000000E+000
 0.00000000000000000E+000
 0.00000000000000000E+000
 0.00000000000000000E+000
 0.00000000000000000E+000
-1.00000000000000006E-001
-1.00000000000000006E-001
-1.00000000000000006E-001
-1.00000000000000006E-001
-1.00000000000000006E-001
-1.00000000000000006E-001
-1.00000000000000006E-001
-1.00000000000000006E-001
-1.00000000000000006E-001
-1.00000000000000006E-001
-1.00000000000000006E-001
-1.00000000000000006E-001
-1.00000000000000006E-001
-1.00000000000000006E-001
-1.00000000000000006E-001
-1.00000000000000006E-001
-1.00000000000000006E-001
-1.00000000000000006E-001
-1.00000000000000006E-001
-1.00000000000000006E-001
-1.00000000000000006E-001
-1.00000000000000006E-001
-1.00000000000000006E-001
-1.00000000000000006E-001
-1.00000000000000006E-001
-1.00000000000000006E-001
-1.00000000000000006E-001
-1.00000000000000006E-001
-1.00000000000000006E-001
-1.00000000000000006E-001
-1.00000000000000006E-001
-1.00000000000000006E-001
-1.00000000000000006E-001
-1.00000000000000006E-001
-1.00000000000000006E-001
-1.00000000000000006E-001
-1.00000000000000006E-001
-1.00000000000000006E-001
-1.00000000000000006E-001
-1.00000000000000006E-001
-1.00000000000000006E-001
-1.00000000000000006E-001
-1.00000000000000006E-001
-1.00000000000000006E-001
-1.00000000000000006E-001
-1.00000000000000006E-001
-1.00000000000000006E-001
-1.00000000000000006E-001
-1.00000000000000006E-001
-1.00000000000000006E-001
-1.00000000000000006E-001
-1.00000000000000006E-001
-1.00000000000000006E-001
-1.00000000000000006E-001
# OUTPUT: mlcanopy_inst__tair_profile(1,100)
 3.00284395580181581E+002
 3.00121960128440207E+002
 2.99965663794769341E+002
 2.99810996158006446E+002
 2.99657703915935656E+002
 2.99506470581312954E+002
 2.99359103837985913E+002
 2.99217786778132393E+002
 2.99085895781314207E+002
 2.98966516027071862E+002
 2.98863787613013983E+002
 2.98781046282568525E+002
 2.98722188245309553E+002
 2.98690503763459560E+002
 2.98687526668657483E+002
 2.98715100382703099E+002
 2.98774556610033528E+002
 2.98865416621768702E+002
 2.98984668733362810E+002
 2.99125278726078704E+002
 2.99270622002465188E+002
 2.99394218437429686E+002
 2.99506354952234858E+002
 2.99611561424426839E+002
 2.99712103573236618E+002
 2.99809150816107206E+002
 2.99903464942574033E+002
 2.99995567503202892E+002
 3.00085806319354219E+002
 3.00174381557248751E+002
 3.00261488726698133E+002
 3.00347268792122065E+002
 3.00431824196278228E+002
 3.00515228859530282E+002
 3.00597565624589549E+002
 3.00678895094465076E+002
 3.00759266432315940E+002
 3.00838735747740486E+002
 3.00917349308057794E+002
 3.00995147395863910E+002
 3.01072173219143906E+002
 3.01148463019861879E+002
 3.01224055451694426E+002
 3.01298988246841645E+002
 3.01373296894765417E+002
 3.01447014548625475E+002
 1.00000000000000004E+036
 1.00000000000000004E+036
 1.00000000000000004E+036
 1.00000000000000004E+036
 1.00000000000000004E+036
 1.00000000000000004E+036
 1.00000000000000004E+036
 1.00000000000000004E+036
 1.00000000000000004E+036
 1.00000000000000004E+036
 1.00000000000000004E+036
 1.00000000000000004E+036
 1.00000000000000004E+036
 1.00000000000000004E+036
 1.00000000000000004E+036
 1.00000000000000004E+036
 1.00000000000000004E+036
 1.00000000000000004E+036
 1.00000000000000004E+036
 1.00000000000000004E+036
 1.00000000000000004E+036
 1.00000000000000004E+036
 1.00000000000000004E+036
 1.00000000000000004E+036
 1.00000000000000004E+036
 1.00000000000000004E+036
 1.00000000000000004E+036
 1.00000000000000004E+036
 1.00000000000000004E+036
 1.00000000000000004E+036
 1.00000000000000004E+036
 1.00000000000000004E+036
 1.00000000000000004E+036
 1.00000000000000004E+036
 1.00000000000000004E+036
 1.00000000000000004E+036
 1.00000000000000004E+036
 1.00000000000000004E+036
 1.00000000000000004E+036
 1.00000000000000004E+036
 1.00000000000000004E+036
 1.00000000000000004E+036
 1.00000000000000004E+036
 1.00000000000000004E+036
 1.00000000000000004E+036
 1.00000000000000004E+036
 1.00000000000000004E+036
 1.00000000000000004E+036
 1.00000000000000004E+036
 1.00000000000000004E+036
 1.00000000000000004E+036
 1.00000000000000004E+036
 1.00000000000000004E+036
 1.00000000000000004E+036
# OUTPUT: mlcanopy_inst__tg_soil(1)
 3.00852819282473547E+002
# OUTPUT: mlcanopy_inst__tleaf_leaf(1,100,2)
 3.00284395580181581E+002
 3.04860186459520719E+002
 3.03693785154452883E+002
 3.02921634699444382E+002
 3.02346618568684107E+002
 3.01879244209006060E+002
 3.01400594861763125E+002
 3.00899407406463240E+002
 3.00436950448048947E+002
 3.00019006542262559E+002
 2.99626976151964527E+002
 2.99271021407243211E+002
 2.98953556702308106E+002
 2.98742554916116887E+002
 2.98387003378770430E+002
 2.98043630664291697E+002
 2.97738239928799203E+002
 2.97474048205651798E+002
 2.97266263031834342E+002
 2.97212459449423022E+002
 2.99270622002465188E+002
 2.99394218437429686E+002
 2.99506354952234858E+002
 2.99611561424426839E+002
 2.99712103573236618E+002
 2.99809150816107206E+002
 2.99903464942574033E+002
 2.99995567503202892E+002
 3.00085806319354219E+002
 3.00174381557248751E+002
 3.00261488726698133E+002
 3.00347268792122065E+002
 3.00431824196278228E+002
 3.00515228859530282E+002
 3.00597565624589549E+002
 3.00678895094465076E+002
 3.00759266432315940E+002
 3.00838735747740486E+002
 3.00917349308057794E+002
 3.00995147395863910E+002
 3.01072173219143906E+002
 3.01148463019861879E+002
 3.01224055451694426E+002
 3.01298988246841645E+002
 3.01373296894765417E+002
 3.01447014548625475E+002
 1.00000000000000004E+036
 1.00000000000000004E+036
 1.00000000000000004E+036
 1.00000000000000004E+036
 1.00000000000000004E+036
 1.00000000000000004E+036
 1.00000000000000004E+036
 1.00000000000000004E+036
 1.00000000000000004E+036
 1.00000000000000004E+036
 1.00000000000000004E+036
 1.00000000000000004E+036
 1.00000000000000004E+036
 1.00000000000000004E+036
 1.00000000000000004E+036
 1.00000000000000004E+036
 1.00000000000000004E+036
 1.00000000000000004E+036
 1.00000000000000004E+036
 1.00000000000000004E+036
 1.00000000000000004E+036
 1.00000000000000004E+036
 1.00000000000000004E+036
 1.00000000000000004E+036
 1.00000000000000004E+036
 1.00000000000000004E+036
 1.00000000000000004E+036
 1.00000000000000004E+036
 1.00000000000000004E+036
 1.00000000000000004E+036
 1.00000000000000004E+036
 1.00000000000000004E+036
 1.00000000000000004E+036
 1.00000000000000004E+036
 1.00000000000000004E+036
 1.00000000000000004E+036
 1.00000000000000004E+036
 1.00000000000000004E+036
 1.00000000000000004E+036
 1.00000000000000004E+036
 1.00000000000000004E+036
 1.00000000000000004E+036
 1.00000000000000004E+036
 1.00000000000000004E+036
 1.00000000000000004E+036
 1.00000000000000004E+036
 1.00000000000000004E+036
 1.00000000000000004E+036
 1.00000000000000004E+036
 1.00000000000000004E+036
 1.00000000000000004E+036
 1.00000000000000004E+036
 1.00000000000000004E+036
 1.00000000000000004E+036
 3.00284395580181581E+002
 3.00424090118231902E+002
 3.00091848035373232E+002
 2.99850170650004600E+002
 2.99651808326144533E+002
 2.99448937314241334E+002
 2.99257247774496022E+002
 2.99051531637311825E+002
 2.98858745037968788E+002
 2.98639981527530892E+002
 2.98437912904952327E+002
 2.98214099926124618E+002
 2.97987081008072551E+002
 2.97753175651636809E+002
 2.97539087559982818E+002
 2.97316582287579308E+002
 2.97098155903505869E+002
 2.96888334004914611E+002
 2.96705005909895590E+002
 2.96598492197947621E+002
 2.99270622002465188E+002
 2.99394218437429686E+002
 2.99506354952234858E+002
 2.99611561424426839E+002
 2.99712103573236618E+002
 2.99809150816107206E+002
 2.99903464942574033E+002
 2.99995567503202892E+002
 3.00085806319354219E+002
 3.00174381557248751E+002
 3.00261488726698133E+002
 3.00347268792122065E+002
 3.00431824196278228E+002
 3.00515228859530282E+002
 3.00597565624589549E+002
 3.00678895094465076E+002
 3.00759266432315940E+002
 3.00838735747740486E+002
 3.00917349308057794E+002
 3.00995147395863910E+002
 3.01072173219143906E+002
 3.01148463019861879E+002
 3.01224055451694426E+002
 3.01298988246841645E+002
 3.01373296894765417E+002
 3.01447014548625475E+002
 1.00000000000000004E+036
 1.00000000000000004E+036
 1.00000000000000004E+036
 1.00000000000000004E+036
 1.00000000000000004E+036
 1.00000000000000004E+036
 1.00000000000000004E+036
 1.00000000000000004E+036
 1.00000000000000004E+036
 1.00000000000000004E+036
 1.00000000000000004E+036
 1.00000000000000004E+036
 1.00000000000000004E+036
 1.00000000000000004E+036
 1.00000000000000004E+036
 1.00000000000000004E+036
 1.00000000000000004E+036
 1.00000000000000004E+036
 1.00000000000000004E+036
 1.00000000000000004E+036
 1.00000000000000004E+036
 1.00000000000000004E+036
 1.00000000000000004E+036
 1.00000000000000004E+036
 1.00000000000000004E+036
 1.00000000000000004E+036
 1.00000000000000004E+036
 1.00000000000000004E+036
 1.00000000000000004E+036
 1.00000000000000004E+036
 1.00000000000000004E+036
 1.00000000000000004E+036
 1.00000000000000004E+036
 1.00000000000000004E+036
 1.00000000000000004E+036
 1.00000000000000004E+036
 1.00000000000000004E+036
 1.00000000000000004E+036
 1.00000000000000004E+036
 1.00000000000000004E+036
 1.00000000000000004E+036
 1.00000000000000004E+036
 1.00000000000000004E+036
 1.00000000000000004E+036
 1.00000000000000004E+036
 1.00000000000000004E+036
 1.00000000000000004E+036
 1.00000000000000004E+036
 1.00000000000000004E+036
 1.00000000000000004E+036
 1.00000000000000004E+036
 1.00000000000000004E+036
 1.00000000000000004E+036
 1.00000000000000004E+036
